#Frame                                                     D36
       1  -2.8277   4.1027  12.8977   0.0000   0.0000   0.0000
       2  -2.3034   2.7711  12.7256   0.0000   0.0000   0.0000
       3  -2.0436   3.5310  12.6858   0.0000   0.0000   0.0000
       4  -2.5878   3.6621  13.2280   0.0000   0.0000   0.0000
       5  -2.4341   4.9946  13.0346   0.0000   0.0000   0.0000
       6  -2.0843   5.1016  14.0298   0.0000   0.0000   0.0000
       7  -2.7897   4.9434  14.0124   0.0000   0.0000   0.0000
       8  -1.9146   5.1434  13.9230   0.0000   0.0000   0.0000
       9  -2.2399   6.0590  13.8964   0.0000   0.0000   0.0000
      10  -2.5006   5.2179  13.6716   0.0000   0.0000   0.0000
      11  -3.0843   5.1846  13.3174   0.0000   0.0000   0.0000
      12  -3.5193   4.0707  13.2272   0.0000   0.0000   0.0000
      13  -2.9397   4.8195  13.9024   0.0000   0.0000   0.0000
      14  -4.0952   4.5262  13.3525   0.0000   0.0000   0.0000
      15  -3.9493   4.0735  13.6049   0.0000   0.0000   0.0000
      16  -3.7537   4.2002  13.8871   0.0000   0.0000   0.0000
      17  -4.2290   4.5036  13.9978   0.0000   0.0000   0.0000
      18  -3.2277   4.3756  14.4199   0.0000   0.0000   0.0000
      19  -3.7568   4.2991  14.1770   0.0000   0.0000   0.0000
      20  -3.3932   4.1864  14.6297   0.0000   0.0000   0.0000
      21  -3.9357   4.2366  14.5146   0.0000   0.0000   0.0000
      22  -3.3454   4.5155  14.8970   0.0000   0.0000   0.0000
      23  -3.4589   4.7832  14.3397   0.0000   0.0000   0.0000
      24  -2.7565   5.0236  14.0376   0.0000   0.0000   0.0000
      25  -3.1303   4.5658  14.2126   0.0000   0.0000   0.0000
      26  -2.5756   3.9204  14.5696   0.0000   0.0000   0.0000
      27  -3.1169   3.5711  14.1665   0.0000   0.0000   0.0000
      28  -1.7455   5.0588  14.2103   0.0000   0.0000   0.0000
      29  -1.8278   4.1638  14.0188   0.0000   0.0000   0.0000
      30  -1.6038   4.6937  14.2238   0.0000   0.0000   0.0000
      31  -1.7327   4.3845  14.1793   0.0000   0.0000   0.0000
      32  -2.3189   4.1576  14.8082   0.0000   0.0000   0.0000
      33  -3.0006   4.7272  14.3080   0.0000   0.0000   0.0000
      34  -2.7758   4.0808  14.6975   0.0000   0.0000   0.0000
      35  -2.3528   3.7913  15.3979   0.0000   0.0000   0.0000
      36  -1.9518   3.8030  15.2674   0.0000   0.0000   0.0000
      37  -2.7028   3.9113  15.6700   0.0000   0.0000   0.0000
      38  -2.6479   4.0562  16.2563   0.0000   0.0000   0.0000
      39  -2.3278   3.8193  16.8740   0.0000   0.0000   0.0000
      40  -3.3588   3.8416  16.0987   0.0000   0.0000   0.0000
      41  -2.7010   3.9299  16.1290   0.0000   0.0000   0.0000
      42  -2.0367   4.0134  16.1104   0.0000   0.0000   0.0000
      43  -2.5382   5.3116  15.2646   0.0000   0.0000   0.0000
      44  -1.1974   4.1707  15.4822   0.0000   0.0000   0.0000
      45  -2.2930   4.4363  16.2068   0.0000   0.0000   0.0000
      46  -1.9380   5.0146  16.0968   0.0000   0.0000   0.0000
      47  -3.2535   4.1930  16.0093   0.0000   0.0000   0.0000
      48  -4.0241   4.4239  16.5274   0.0000   0.0000   0.0000
      49  -2.8833   4.2254  15.6740   0.0000   0.0000   0.0000
      50  -2.3578   4.5414  15.7502   0.0000   0.0000   0.0000
      51  -2.1244   4.6439  16.2621   0.0000   0.0000   0.0000
      52  -3.1795   4.2650  15.1322   0.0000   0.0000   0.0000
      53  -2.0244   4.4598  14.8633   0.0000   0.0000   0.0000
      54  -3.1128   4.4161  14.6518   0.0000   0.0000   0.0000
      55  -2.8292   4.9220  14.9247   0.0000   0.0000   0.0000
      56  -2.6398   4.6058  14.7663   0.0000   0.0000   0.0000
      57  -2.8687   4.5784  14.6176   0.0000   0.0000   0.0000
      58  -2.7305   4.0389  14.7944   0.0000   0.0000   0.0000
      59  -2.6637   4.3233  15.3672   0.0000   0.0000   0.0000
      60  -2.7637   3.7227  15.1909   0.0000   0.0000   0.0000
      61  -3.4261   4.1586  15.2129   0.0000   0.0000   0.0000
      62  -2.9245   4.7339  14.5073   0.0000   0.0000   0.0000
      63  -2.9009   5.0521  14.7762   0.0000   0.0000   0.0000
      64  -2.8559   4.6429  14.8008   0.0000   0.0000   0.0000
      65  -2.9115   4.9756  14.5175   0.0000   0.0000   0.0000
      66  -3.7427   5.5704  14.2190   0.0000   0.0000   0.0000
      67  -4.1984   4.7700  14.6662   0.0000   0.0000   0.0000
      68  -3.4204   4.2737  15.1365   0.0000   0.0000   0.0000
      69  -2.9613   5.4964  15.1205   0.0000   0.0000   0.0000
      70  -3.4923   3.9858  14.7964   0.0000   0.0000   0.0000
      71  -2.8303   4.2485  14.7928   0.0000   0.0000   0.0000
      72  -2.8497   5.0247  14.3381   0.0000   0.0000   0.0000
      73  -3.2174   4.3890  14.9787   0.0000   0.0000   0.0000
      74  -3.4588   5.5343  14.8717   0.0000   0.0000   0.0000
      75  -2.4930   4.7309  14.8224   0.0000   0.0000   0.0000
      76  -2.6992   4.9530  14.8336   0.0000   0.0000   0.0000
      77  -2.5180   5.0384  14.7105   0.0000   0.0000   0.0000
      78  -2.9224   4.3566  14.2509   0.0000   0.0000   0.0000
      79  -3.3752   4.6137  14.8488   0.0000   0.0000   0.0000
      80  -3.6036   3.8158  15.1225   0.0000   0.0000   0.0000
      81  -3.0190   4.6686  16.3357   0.0000   0.0000   0.0000
      82  -2.5007   5.2229  16.1631   0.0000   0.0000   0.0000
      83  -2.8338   5.0326  15.7646   0.0000   0.0000   0.0000
      84  -3.3180   4.1429  15.7486   0.0000   0.0000   0.0000
      85  -3.1486   3.8128  16.2210   0.0000   0.0000   0.0000
      86  -1.4413   3.7924  16.3573   0.0000   0.0000   0.0000
      87  -1.7375   4.6463  15.9061   0.0000   0.0000   0.0000
      88  -2.3765   4.2331  16.1913   0.0000   0.0000   0.0000
      89  -2.1521   4.4680  16.2267   0.0000   0.0000   0.0000
      90  -3.2796   4.3558  15.6912   0.0000   0.0000   0.0000
      91  -2.4419   4.0272  16.2310   0.0000   0.0000   0.0000
      92  -2.9788   4.0595  16.2992   0.0000   0.0000   0.0000
      93  -2.1352   3.9517  16.6423   0.0000   0.0000   0.0000
      94  -2.5118   3.2333  16.3313   0.0000   0.0000   0.0000
      95  -1.9759   4.1034  16.4010   0.0000   0.0000   0.0000
      96  -2.9512   4.4251  15.9592   0.0000   0.0000   0.0000
      97  -2.2432   4.7558  16.0449   0.0000   0.0000   0.0000
      98  -2.2374   4.0973  15.2858   0.0000   0.0000   0.0000
      99  -2.1555   5.2141  16.3812   0.0000   0.0000   0.0000
     100  -1.9947   5.3811  15.9626   0.0000   0.0000   0.0000
     101  -2.4931   5.0949  14.9881   0.0000   0.0000   0.0000
     102  -2.0336   4.5505  15.3282   0.0000   0.0000   0.0000
     103  -1.9037   4.8108  15.9863   0.0000   0.0000   0.0000
     104  -1.0180   5.6349  15.2618   0.0000   0.0000   0.0000
     105  -1.5825   4.7772  15.7794   0.0000   0.0000   0.0000
     106  -1.0794   4.9301  15.7712   0.0000   0.0000   0.0000
     107  -2.0379   4.7577  15.1957   0.0000   0.0000   0.0000
     108  -1.3337   4.6874  14.9012   0.0000   0.0000   0.0000
     109  -1.6317   4.3327  15.3868   0.0000   0.0000   0.0000
     110  -2.4919   4.2263  15.3875   0.0000   0.0000   0.0000
     111  -1.3525   3.7990  15.3545   0.0000   0.0000   0.0000
     112  -2.2396   4.0645  16.1117   0.0000   0.0000   0.0000
     113  -1.8561   3.7953  16.2163   0.0000   0.0000   0.0000
     114  -3.5349   3.9592  16.5738   0.0000   0.0000   0.0000
     115  -3.4091   4.1635  16.7032   0.0000   0.0000   0.0000
     116  -3.0269   4.2620  15.9520   0.0000   0.0000   0.0000
     117  -3.2083   4.4936  15.7691   0.0000   0.0000   0.0000
     118  -3.2655   4.5003  15.6819   0.0000   0.0000   0.0000
     119  -2.8397   4.4888  15.7019   0.0000   0.0000   0.0000
     120  -3.0321   4.8429  15.4826   0.0000   0.0000   0.0000
     121  -3.4762   4.6386  15.0381   0.0000   0.0000   0.0000
     122  -2.1025   4.5541  14.9921   0.0000   0.0000   0.0000
     123  -2.6524   4.4977  15.5639   0.0000   0.0000   0.0000
     124  -1.8364   4.4767  15.2793   0.0000   0.0000   0.0000
     125  -1.7637   4.5123  15.8440   0.0000   0.0000   0.0000
     126  -3.1448   4.6849  15.5578   0.0000   0.0000   0.0000
     127  -3.0164   4.8601  15.5857   0.0000   0.0000   0.0000
     128  -1.9399   4.9099  14.8742   0.0000   0.0000   0.0000
     129  -2.3712   4.3414  15.6119   0.0000   0.0000   0.0000
     130  -1.4074   4.2718  15.4415   0.0000   0.0000   0.0000
     131  -1.6527   4.4769  15.8682   0.0000   0.0000   0.0000
     132  -0.8113   5.1113  15.8897   0.0000   0.0000   0.0000
     133  -1.4889   4.0615  15.8534   0.0000   0.0000   0.0000
     134  -1.3484   4.4679  16.0443   0.0000   0.0000   0.0000
     135  -1.3894   4.4124  15.8666   0.0000   0.0000   0.0000
     136  -0.4974   3.4835  15.5463   0.0000   0.0000   0.0000
     137  -1.1327   4.5234  16.0146   0.0000   0.0000   0.0000
     138  -0.4777   4.1904  15.9275   0.0000   0.0000   0.0000
     139  -1.2840   5.0004  15.8740   0.0000   0.0000   0.0000
     140  -1.1299   4.7503  16.3382   0.0000   0.0000   0.0000
     141  -0.1482   4.1111  16.2343   0.0000   0.0000   0.0000
     142  -0.4357   4.6931  14.8946   0.0000   0.0000   0.0000
     143  -0.7261   3.9861  15.3362   0.0000   0.0000   0.0000
     144  -0.9420   4.9881  15.9882   0.0000   0.0000   0.0000
     145  -0.4819   5.8107  16.0072   0.0000   0.0000   0.0000
     146  -1.0704   5.7252  15.7455   0.0000   0.0000   0.0000
     147  -0.6135   6.2449  14.9833   0.0000   0.0000   0.0000
     148  -1.8752   5.8690  14.7249   0.0000   0.0000   0.0000
     149  -1.2239   5.8641  14.3911   0.0000   0.0000   0.0000
     150  -0.6488   5.6116  14.4660   0.0000   0.0000   0.0000
     151  -1.1102   6.6942  13.8094   0.0000   0.0000   0.0000
     152  -0.6708   5.9516  14.8722   0.0000   0.0000   0.0000
     153  -1.3517   5.9627  14.6081   0.0000   0.0000   0.0000
     154  -0.6087   5.6130  14.0171   0.0000   0.0000   0.0000
     155  -0.5824   5.7110  13.4943   0.0000   0.0000   0.0000
     156  -0.0639   6.2525  15.0930   0.0000   0.0000   0.0000
     157  -0.9615   6.1390  14.8477   0.0000   0.0000   0.0000
     158  -0.1702   5.5301  14.5175   0.0000   0.0000   0.0000
     159  -0.5396   5.1722  14.4887   0.0000   0.0000   0.0000
     160  -1.2030   6.0612  14.6834   0.0000   0.0000   0.0000
     161  -1.1025   6.2788  14.9715   0.0000   0.0000   0.0000
     162  -1.5898   5.8156  14.8976   0.0000   0.0000   0.0000
     163  -0.9090   5.4040  14.4231   0.0000   0.0000   0.0000
     164  -0.2911   5.7714  14.8311   0.0000   0.0000   0.0000
     165  -0.9812   5.6055  15.3701   0.0000   0.0000   0.0000
     166  -1.5044   5.4965  14.9433   0.0000   0.0000   0.0000
     167  -1.4172   5.6255  15.1444   0.0000   0.0000   0.0000
     168  -1.4360   5.4710  15.1855   0.0000   0.0000   0.0000
     169  -1.3904   5.6655  14.9542   0.0000   0.0000   0.0000
     170  -1.5938   5.5466  14.6928   0.0000   0.0000   0.0000
     171  -1.9663   5.8231  15.1515   0.0000   0.0000   0.0000
     172  -1.1576   5.2528  15.3109   0.0000   0.0000   0.0000
     173  -0.4071   5.6517  16.2246   0.0000   0.0000   0.0000
     174  -0.4939   6.3782  15.0213   0.0000   0.0000   0.0000
     175  -0.2109   5.6910  15.3950   0.0000   0.0000   0.0000
     176  -0.5020   5.6539  15.2723   0.0000   0.0000   0.0000
     177  -0.1326   6.1975  14.2580   0.0000   0.0000   0.0000
     178  -0.1858   5.0886  15.2441   0.0000   0.0000   0.0000
     179  -0.5580   5.6910  14.9854   0.0000   0.0000   0.0000
     180   0.3476   6.0670  15.0378   0.0000   0.0000   0.0000
     181  -0.0924   5.8677  15.0837   0.0000   0.0000   0.0000
     182   0.2765   6.3415  15.0510   0.0000   0.0000   0.0000
     183   0.1478   5.9236  15.1872   0.0000   0.0000   0.0000
     184  -0.0441   5.1992  15.0972   0.0000   0.0000   0.0000
     185  -0.0566   5.5898  15.7715   0.0000   0.0000   0.0000
     186  -0.2914   5.2145  15.8640   0.0000   0.0000   0.0000
     187  -1.2767   5.3632  15.0864   0.0000   0.0000   0.0000
     188  -0.5753   6.0606  15.5750   0.0000   0.0000   0.0000
     189  -0.7426   4.9466  15.8178   0.0000   0.0000   0.0000
     190  -0.8174   5.1185  15.5852   0.0000   0.0000   0.0000
     191  -1.7347   5.4981  15.1421   0.0000   0.0000   0.0000
     192  -1.3203   5.2532  14.7445   0.0000   0.0000   0.0000
     193  -1.5307   6.4346  15.9931   0.0000   0.0000   0.0000
     194  -0.1334   5.9633  15.6277   0.0000   0.0000   0.0000
     195  -0.1441   5.3358  15.4169   0.0000   0.0000   0.0000
     196  -0.0792   5.8202  15.4099   0.0000   0.0000   0.0000
     197  -0.3033   6.4482  16.1922   0.0000   0.0000   0.0000
     198  -0.3499   6.2706  15.3602   0.0000   0.0000   0.0000
     199  -0.0941   6.1626  16.4632   0.0000   0.0000   0.0000
     200  -0.4550   7.1419  16.3438   0.0000   0.0000   0.0000
     201   0.0925   6.6563  16.2243   0.0000   0.0000   0.0000
     202  -0.1133   6.5167  15.4704   0.0000   0.0000   0.0000
     203  -0.4879   6.1067  16.0269   0.0000   0.0000   0.0000
     204  -0.6956   6.7737  15.4557   0.0000   0.0000   0.0000
     205  -1.2701   5.4362  15.1764   0.0000   0.0000   0.0000
     206  -0.2621   6.7316  16.3159   0.0000   0.0000   0.0000
     207  -0.2933   6.3372  15.7346   0.0000   0.0000   0.0000
     208  -0.1877   6.1121  16.2481   0.0000   0.0000   0.0000
     209  -0.5053   5.7509  16.0314   0.0000   0.0000   0.0000
     210  -0.8034   6.2349  15.5406   0.0000   0.0000   0.0000
     211  -1.8243   5.3218  17.1701   0.0000   0.0000   0.0000
     212  -0.8886   6.3516  16.4267   0.0000   0.0000   0.0000
     213  -1.2673   5.4382  15.9183   0.0000   0.0000   0.0000
     214  -1.2442   5.5409  15.9614   0.0000   0.0000   0.0000
     215  -1.2015   5.5802  15.6092   0.0000   0.0000   0.0000
     216  -1.4196   5.5260  15.2366   0.0000   0.0000   0.0000
     217  -1.2125   5.3859  15.1753   0.0000   0.0000   0.0000
     218  -0.9364   5.3029  15.6674   0.0000   0.0000   0.0000
     219  -1.2750   5.3656  15.6369   0.0000   0.0000   0.0000
     220  -1.3754   4.8938  15.7964   0.0000   0.0000   0.0000
     221  -1.6055   4.3312  15.5456   0.0000   0.0000   0.0000
     222  -1.1949   5.5045  16.0673   0.0000   0.0000   0.0000
     223  -1.4118   5.0566  14.5758   0.0000   0.0000   0.0000
     224  -1.0992   5.3550  14.3371   0.0000   0.0000   0.0000
     225  -1.7502   5.4869  15.0117   0.0000   0.0000   0.0000
     226  -1.6484   5.5038  14.5457   0.0000   0.0000   0.0000
     227  -0.8359   4.9537  15.3754   0.0000   0.0000   0.0000
     228  -2.2378   5.9432  16.2620   0.0000   0.0000   0.0000
     229  -2.3927   5.5437  16.7431   0.0000   0.0000   0.0000
     230  -1.7061   5.5343  15.7955   0.0000   0.0000   0.0000
     231  -1.8345   4.5255  15.7932   0.0000   0.0000   0.0000
     232  -2.0852   5.3235  16.2381   0.0000   0.0000   0.0000
     233  -1.9216   4.8874  16.1911   0.0000   0.0000   0.0000
     234  -2.2828   5.4587  16.3406   0.0000   0.0000   0.0000
     235  -2.7231   5.1691  16.9323   0.0000   0.0000   0.0000
     236  -1.8970   6.0144  16.2446   0.0000   0.0000   0.0000
     237  -2.8331   5.1442  15.7769   0.0000   0.0000   0.0000
     238  -2.5472   5.1467  16.1839   0.0000   0.0000   0.0000
     239  -2.6228   4.7652  16.6495   0.0000   0.0000   0.0000
     240  -2.1090   5.6110  16.3875   0.0000   0.0000   0.0000
     241  -2.5314   5.4785  16.1924   0.0000   0.0000   0.0000
     242  -2.0567   5.0919  16.2231   0.0000   0.0000   0.0000
     243  -2.4905   5.5067  16.4636   0.0000   0.0000   0.0000
     244  -3.3173   4.5825  16.7776   0.0000   0.0000   0.0000
     245  -2.3869   5.3577  16.3463   0.0000   0.0000   0.0000
     246  -3.0966   5.5758  15.5071   0.0000   0.0000   0.0000
     247  -2.0195   5.5629  15.2163   0.0000   0.0000   0.0000
     248  -2.2392   5.6655  15.3548   0.0000   0.0000   0.0000
     249  -1.5375   5.9355  15.5328   0.0000   0.0000   0.0000
     250  -1.1793   6.4564  15.1560   0.0000   0.0000   0.0000
     251  -1.2703   3.3950  14.3554   0.0000   0.0000   0.0000
     252  -0.7710   4.2426  14.3701   0.0000   0.0000   0.0000
     253  -0.9306   3.8475  14.6372   0.0000   0.0000   0.0000
     254   0.1645   4.4380  14.2705   0.0000   0.0000   0.0000
     255  -0.2909   4.1866  14.7969   0.0000   0.0000   0.0000
     256  -1.3981   4.2805  14.4875   0.0000   0.0000   0.0000
     257  -1.1036   4.4894  14.7821   0.0000   0.0000   0.0000
     258  -1.9689   3.9728  14.3383   0.0000   0.0000   0.0000
     259  -0.8254   4.0816  15.2705   0.0000   0.0000   0.0000
     260  -1.4423   3.6495  15.2365   0.0000   0.0000   0.0000
     261  -0.7834   3.7460  14.9003   0.0000   0.0000   0.0000
     262  -0.9503   3.3675  14.4746   0.0000   0.0000   0.0000
     263  -0.9614   3.9550  14.3649   0.0000   0.0000   0.0000
     264  -0.7529   3.1538  14.6037   0.0000   0.0000   0.0000
     265  -2.2162   3.4267  15.4958   0.0000   0.0000   0.0000
     266  -1.4172   3.8497  15.2956   0.0000   0.0000   0.0000
     267  -1.6559   3.6655  14.2948   0.0000   0.0000   0.0000
     268  -0.5461   4.1154  14.5518   0.0000   0.0000   0.0000
     269  -1.0515   3.9670  14.8443   0.0000   0.0000   0.0000
     270  -1.9065   3.8713  13.9673   0.0000   0.0000   0.0000
     271  -1.7628   3.0780  14.9630   0.0000   0.0000   0.0000
     272  -1.4495   3.5857  15.2709   0.0000   0.0000   0.0000
     273  -1.4895   4.6512  15.4207   0.0000   0.0000   0.0000
     274  -2.0407   4.1738  15.5000   0.0000   0.0000   0.0000
     275  -1.4138   4.5839  14.9692   0.0000   0.0000   0.0000
     276  -0.9026   4.6992  14.6419   0.0000   0.0000   0.0000
     277  -0.8497   4.1786  14.9278   0.0000   0.0000   0.0000
     278  -0.4779   4.9271  14.9386   0.0000   0.0000   0.0000
     279  -0.7862   4.7667  14.8402   0.0000   0.0000   0.0000
     280  -0.8140   5.5027  15.0603   0.0000   0.0000   0.0000
     281  -0.9978   4.8118  15.3444   0.0000   0.0000   0.0000
     282  -1.2780   3.9011  15.6155   0.0000   0.0000   0.0000
     283  -0.7462   4.3049  15.3843   0.0000   0.0000   0.0000
     284  -1.4092   3.7262  15.9131   0.0000   0.0000   0.0000
     285  -0.9469   4.5789  15.9834   0.0000   0.0000   0.0000
     286  -1.6459   4.7086  15.9672   0.0000   0.0000   0.0000
     287  -0.2250   4.1729  15.5272   0.0000   0.0000   0.0000
     288  -0.3148   5.3073  14.8599   0.0000   0.0000   0.0000
     289  -0.6104   5.7033  14.4752   0.0000   0.0000   0.0000
     290  -0.6263   5.4435  14.5999   0.0000   0.0000   0.0000
     291  -1.0019   5.0063  14.4048   0.0000   0.0000   0.0000
     292  -0.2341   5.2246  14.9425   0.0000   0.0000   0.0000
     293  -0.1784   4.7557  14.7997   0.0000   0.0000   0.0000
     294   0.6744   5.6675  14.6408   0.0000   0.0000   0.0000
     295   0.0456   5.7795  14.3034   0.0000   0.0000   0.0000
     296  -0.4456   6.5128  14.2584   0.0000   0.0000   0.0000
     297   0.3778   5.7500  14.7681   0.0000   0.0000   0.0000
     298  -0.1324   5.7683  14.3974   0.0000   0.0000   0.0000
     299  -0.7486   5.2092  14.0206   0.0000   0.0000   0.0000
     300  -0.8744   5.6694  14.3241   0.0000   0.0000   0.0000
     301  -1.3863   5.4372  14.1332   0.0000   0.0000   0.0000
     302   0.1051   5.2764  14.1217   0.0000   0.0000   0.0000
     303   0.8914   5.2203  13.6773   0.0000   0.0000   0.0000
     304   0.8631   5.2633  13.4226   0.0000   0.0000   0.0000
     305  -0.1286   5.0013  13.5610   0.0000   0.0000   0.0000
     306   0.0753   4.3867  13.9848   0.0000   0.0000   0.0000
     307  -0.6584   4.0794  13.6907   0.0000   0.0000   0.0000
     308   0.6441   4.9783  13.1447   0.0000   0.0000   0.0000
     309  -0.1315   5.1305  13.9670   0.0000   0.0000   0.0000
     310   0.9418   4.7546  12.9160   0.0000   0.0000   0.0000
     311   0.1789   5.2958  13.8952   0.0000   0.0000   0.0000
     312  -0.4091   5.1813  13.4332   0.0000   0.0000   0.0000
     313   0.2893   3.9170  13.4465   0.0000   0.0000   0.0000
     314  -0.1330   4.5171  13.5377   0.0000   0.0000   0.0000
     315  -0.0783   4.9894  13.0485   0.0000   0.0000   0.0000
     316   0.1125   4.8035  13.5137   0.0000   0.0000   0.0000
     317   0.0442   4.9334  13.5790   0.0000   0.0000   0.0000
     318  -0.1365   5.1188  13.9614   0.0000   0.0000   0.0000
     319   0.4211   5.3145  13.8741   0.0000   0.0000   0.0000
     320   0.5379   5.2986  13.6481   0.0000   0.0000   0.0000
     321   0.5450   4.1049  12.7378   0.0000   0.0000   0.0000
     322   0.4345   4.6725  13.7056   0.0000   0.0000   0.0000
     323   0.5315   4.6858  13.2806   0.0000   0.0000   0.0000
     324  -0.1298   4.3099  12.7226   0.0000   0.0000   0.0000
     325  -0.3695   6.1176  13.1144   0.0000   0.0000   0.0000
     326   0.2310   5.1146  12.3188   0.0000   0.0000   0.0000
     327  -0.9051   5.7137  12.1121   0.0000   0.0000   0.0000
     328  -1.1265   5.7386  13.0744   0.0000   0.0000   0.0000
     329  -0.0076   5.4456  13.4033   0.0000   0.0000   0.0000
     330  -0.8805   4.5770  13.4328   0.0000   0.0000   0.0000
     331  -0.5079   4.7587  13.5184   0.0000   0.0000   0.0000
     332  -0.3633   5.2382  12.9827   0.0000   0.0000   0.0000
     333  -0.3391   4.6625  13.3369   0.0000   0.0000   0.0000
     334   0.6411   4.1922  13.8899   0.0000   0.0000   0.0000
     335  -0.4239   4.3713  13.9497   0.0000   0.0000   0.0000
     336   0.1310   4.4504  13.8958   0.0000   0.0000   0.0000
     337   0.1935   5.1871  13.8091   0.0000   0.0000   0.0000
     338   1.4799   5.1984  13.8271   0.0000   0.0000   0.0000
     339   1.1626   4.2394  14.3594   0.0000   0.0000   0.0000
     340   1.4246   4.1112  14.9953   0.0000   0.0000   0.0000
     341   0.9165   4.7165  14.9293   0.0000   0.0000   0.0000
     342   1.0194   4.8563  14.4109   0.0000   0.0000   0.0000
     343   1.2097   5.0583  14.2423   0.0000   0.0000   0.0000
     344   1.1074   4.3894  14.7862   0.0000   0.0000   0.0000
     345   0.4719   4.5141  13.9163   0.0000   0.0000   0.0000
     346  -0.0373   4.6426  14.8577   0.0000   0.0000   0.0000
     347   0.1366   5.2493  14.6056   0.0000   0.0000   0.0000
     348   0.0233   4.4824  14.3637   0.0000   0.0000   0.0000
     349  -0.7647   4.6469  14.8099   0.0000   0.0000   0.0000
     350   0.4559   4.3427  14.9360   0.0000   0.0000   0.0000
     351  -0.1867   4.2419  14.9035   0.0000   0.0000   0.0000
     352  -0.7219   4.5561  14.6031   0.0000   0.0000   0.0000
     353  -0.7136   5.4002  14.5915   0.0000   0.0000   0.0000
     354  -0.0689   4.5339  14.5772   0.0000   0.0000   0.0000
     355  -0.0198   5.1613  14.7675   0.0000   0.0000   0.0000
     356   0.3332   5.7253  14.2160   0.0000   0.0000   0.0000
     357  -0.5152   4.8966  14.4395   0.0000   0.0000   0.0000
     358   0.2659   4.4072  14.2493   0.0000   0.0000   0.0000
     359   0.6877   4.4669  14.1677   0.0000   0.0000   0.0000
     360  -0.0093   4.6825  14.4358   0.0000   0.0000   0.0000
     361   0.1375   4.3978  13.5646   0.0000   0.0000   0.0000
     362   1.0416   4.7202  14.0443   0.0000   0.0000   0.0000
     363   0.3372   4.5573  14.2738   0.0000   0.0000   0.0000
     364  -0.1316   3.8083  14.0251   0.0000   0.0000   0.0000
     365  -0.7627   3.8012  13.8976   0.0000   0.0000   0.0000
     366   0.2597   4.3775  13.5591   0.0000   0.0000   0.0000
     367  -0.4748   4.2155  13.8775   0.0000   0.0000   0.0000
     368  -0.3055   4.2987  13.7396   0.0000   0.0000   0.0000
     369  -0.4880   4.2350  14.7166   0.0000   0.0000   0.0000
     370  -0.7277   4.4290  14.3283   0.0000   0.0000   0.0000
     371  -0.0565   3.9359  14.2783   0.0000   0.0000   0.0000
     372   0.0634   3.3005  14.7835   0.0000   0.0000   0.0000
     373  -0.1296   3.8864  15.0043   0.0000   0.0000   0.0000
     374  -0.1746   3.1384  14.8568   0.0000   0.0000   0.0000
     375  -0.2396   3.7880  14.2636   0.0000   0.0000   0.0000
     376   0.6416   4.2477  14.4492   0.0000   0.0000   0.0000
     377   0.9075   4.6267  14.2548   0.0000   0.0000   0.0000
     378  -0.4166   4.5387  14.1195   0.0000   0.0000   0.0000
     379   0.4143   4.1577  13.8774   0.0000   0.0000   0.0000
     380  -0.0865   4.5666  14.2033   0.0000   0.0000   0.0000
     381   0.1495   4.7806  13.9138   0.0000   0.0000   0.0000
     382   1.1801   3.8494  12.8995   0.0000   0.0000   0.0000
     383   1.0554   5.3856  12.7727   0.0000   0.0000   0.0000
     384   0.9635   3.9052  14.1206   0.0000   0.0000   0.0000
     385   0.9119   5.0257  13.5094   0.0000   0.0000   0.0000
     386   2.0589   4.8186  13.1556   0.0000   0.0000   0.0000
     387   2.4599   4.4271  13.3620   0.0000   0.0000   0.0000
     388   0.6415   4.4572  13.0181   0.0000   0.0000   0.0000
     389   1.1231   4.9821  11.9689   0.0000   0.0000   0.0000
     390   1.1580   4.6216  12.8520   0.0000   0.0000   0.0000
     391   1.6685   4.7460  12.7987   0.0000   0.0000   0.0000
     392   1.1768   4.2269  12.9477   0.0000   0.0000   0.0000
     393   0.9801   3.5913  13.1585   0.0000   0.0000   0.0000
     394   0.5947   4.0105  13.6820   0.0000   0.0000   0.0000
     395   1.3534   5.0779  13.7547   0.0000   0.0000   0.0000
     396   0.6676   4.6559  13.5894   0.0000   0.0000   0.0000
     397   0.2059   4.2503  13.6459   0.0000   0.0000   0.0000
     398   0.7313   3.3374  13.5978   0.0000   0.0000   0.0000
     399   0.9393   3.5060  13.8215   0.0000   0.0000   0.0000
     400   1.1212   2.9317  14.4160   0.0000   0.0000   0.0000
     401   0.8878   3.8007  13.6606   0.0000   0.0000   0.0000
     402   2.0240   3.3978  13.7344   0.0000   0.0000   0.0000
     403   1.3047   4.0828  13.2885   0.0000   0.0000   0.0000
     404   1.8253   4.7176  12.8547   0.0000   0.0000   0.0000
     405   1.2052   4.5085  12.9121   0.0000   0.0000   0.0000
     406   1.8608   4.8974  12.8915   0.0000   0.0000   0.0000
     407   1.3755   5.9139  13.8853   0.0000   0.0000   0.0000
     408   2.1690   4.7261  13.9512   0.0000   0.0000   0.0000
     409   2.5683   4.6885  14.0125   0.0000   0.0000   0.0000
     410   2.1224   4.9738  14.5657   0.0000   0.0000   0.0000
     411   1.8694   4.7311  14.1054   0.0000   0.0000   0.0000
     412   1.7023   4.4044  13.9174   0.0000   0.0000   0.0000
     413   1.5415   4.7730  13.7408   0.0000   0.0000   0.0000
     414   1.3096   5.2198  13.6463   0.0000   0.0000   0.0000
     415   1.1713   5.8376  13.7846   0.0000   0.0000   0.0000
     416   1.4797   5.5890  13.8354   0.0000   0.0000   0.0000
     417   1.6862   6.2453  13.3192   0.0000   0.0000   0.0000
     418   1.5740   5.9870  13.0681   0.0000   0.0000   0.0000
     419   2.2638   5.8632  13.3289   0.0000   0.0000   0.0000
     420   0.5396   5.4288  13.6483   0.0000   0.0000   0.0000
     421   1.5478   6.1712  13.5745   0.0000   0.0000   0.0000
     422   0.8418   5.8295  14.1298   0.0000   0.0000   0.0000
     423   0.3188   5.1651  13.0992   0.0000   0.0000   0.0000
     424   1.4153   4.6835  13.4731   0.0000   0.0000   0.0000
     425   1.1130   5.5444  13.0150   0.0000   0.0000   0.0000
     426   0.4863   5.1875  13.4286   0.0000   0.0000   0.0000
     427   1.5213   5.3011  12.7981   0.0000   0.0000   0.0000
     428   1.1840   5.5092  13.0577   0.0000   0.0000   0.0000
     429   1.0104   6.3392  14.0447   0.0000   0.0000   0.0000
     430   0.8800   5.9469  13.7239   0.0000   0.0000   0.0000
     431   0.7302   6.2103  13.7687   0.0000   0.0000   0.0000
     432   1.2988   5.5711  14.2257   0.0000   0.0000   0.0000
     433   0.7770   5.2114  14.4455   0.0000   0.0000   0.0000
     434   0.6999   5.0730  14.8682   0.0000   0.0000   0.0000
     435   0.2051   5.0820  14.5555   0.0000   0.0000   0.0000
     436   0.0777   5.7641  15.2160   0.0000   0.0000   0.0000
     437   0.8496   5.3254  13.9181   0.0000   0.0000   0.0000
     438   1.2712   4.9085  14.2775   0.0000   0.0000   0.0000
     439   0.3101   4.9121  14.3215   0.0000   0.0000   0.0000
     440   0.0763   6.6810  14.8364   0.0000   0.0000   0.0000
     441  -0.0488   6.6818  14.7407   0.0000   0.0000   0.0000
     442   0.6680   5.6072  14.8091   0.0000   0.0000   0.0000
     443   0.7448   5.1221  14.7910   0.0000   0.0000   0.0000
     444   0.8957   5.5125  14.7051   0.0000   0.0000   0.0000
     445   1.0892   5.3631  14.3413   0.0000   0.0000   0.0000
     446   1.2952   5.2105  13.7115   0.0000   0.0000   0.0000
     447   0.9442   5.3396  14.2038   0.0000   0.0000   0.0000
     448   0.6678   5.9331  14.3035   0.0000   0.0000   0.0000
     449   0.6644   5.9670  14.3078   0.0000   0.0000   0.0000
     450   0.2937   5.4671  13.1400   0.0000   0.0000   0.0000
     451   0.2895   5.1994  14.4309   0.0000   0.0000   0.0000
     452   0.6535   5.4327  13.6397   0.0000   0.0000   0.0000
     453   0.7994   5.7843  13.7062   0.0000   0.0000   0.0000
     454   0.6756   5.8260  13.8150   0.0000   0.0000   0.0000
     455   1.2540   5.2855  13.5381   0.0000   0.0000   0.0000
     456   0.9763   5.6975  14.3987   0.0000   0.0000   0.0000
     457   1.1352   4.9551  14.3068   0.0000   0.0000   0.0000
     458   2.0021   5.1589  14.2728   0.0000   0.0000   0.0000
     459   1.1654   5.3488  14.2457   0.0000   0.0000   0.0000
     460   2.0231   4.9403  14.4808   0.0000   0.0000   0.0000
     461   1.4204   4.3828  14.4240   0.0000   0.0000   0.0000
     462   1.4801   4.3843  14.4689   0.0000   0.0000   0.0000
     463   1.3730   4.6516  13.9773   0.0000   0.0000   0.0000
     464   1.5360   5.4688  13.5761   0.0000   0.0000   0.0000
     465   1.3097   4.9828  14.5552   0.0000   0.0000   0.0000
     466   1.2495   4.5525  14.2338   0.0000   0.0000   0.0000
     467   1.5021   5.0273  14.5405   0.0000   0.0000   0.0000
     468   1.6002   4.9838  14.0090   0.0000   0.0000   0.0000
     469   1.4259   4.6829  14.0509   0.0000   0.0000   0.0000
     470   1.0251   4.3163  14.3544   0.0000   0.0000   0.0000
     471   1.1750   4.2987  15.5453   0.0000   0.0000   0.0000
     472   1.3607   5.1822  14.8428   0.0000   0.0000   0.0000
     473   1.4162   4.9350  14.5420   0.0000   0.0000   0.0000
     474   0.6399   4.8394  14.5614   0.0000   0.0000   0.0000
     475   1.7439   4.8374  14.8464   0.0000   0.0000   0.0000
     476   1.3310   4.7604  14.8145   0.0000   0.0000   0.0000
     477   1.0307   4.5956  15.3144   0.0000   0.0000   0.0000
     478   1.3577   4.1807  15.2942   0.0000   0.0000   0.0000
     479   1.8406   3.9874  15.8523   0.0000   0.0000   0.0000
     480   1.4939   4.5215  16.5319   0.0000   0.0000   0.0000
     481   1.2611   4.9854  16.3206   0.0000   0.0000   0.0000
     482   1.3694   4.4039  15.9128   0.0000   0.0000   0.0000
     483   1.5969   4.4696  15.9603   0.0000   0.0000   0.0000
     484   0.6563   4.6603  15.6539   0.0000   0.0000   0.0000
     485   1.8131   5.7420  15.3963   0.0000   0.0000   0.0000
     486   2.1778   5.2052  15.2509   0.0000   0.0000   0.0000
     487   1.6243   5.9681  14.8010   0.0000   0.0000   0.0000
     488   1.8752   5.4794  14.3453   0.0000   0.0000   0.0000
     489   2.1526   4.9925  14.1245   0.0000   0.0000   0.0000
     490   2.1843   4.2453  14.1491   0.0000   0.0000   0.0000
     491   2.1688   5.1361  13.9192   0.0000   0.0000   0.0000
     492   1.8221   4.6532  14.1588   0.0000   0.0000   0.0000
     493   1.4679   4.7412  14.1526   0.0000   0.0000   0.0000
     494   1.6301   5.2924  14.9484   0.0000   0.0000   0.0000
     495   1.2584   4.5594  14.6046   0.0000   0.0000   0.0000
     496   1.1596   4.8415  13.8781   0.0000   0.0000   0.0000
     497   1.8572   5.4027  14.4803   0.0000   0.0000   0.0000
     498   1.4517   4.2537  13.9546   0.0000   0.0000   0.0000
     499   0.3592   4.0748  13.8925   0.0000   0.0000   0.0000
     500   0.8889   5.0453  13.8179   0.0000   0.0000   0.0000
     501   0.2652   4.2183  13.8600   0.0000   0.0000   0.0000
     502   1.2231   3.8747  13.8374   0.0000   0.0000   0.0000
     503   1.6096   4.4735  14.0256   0.0000   0.0000   0.0000
     504   1.5639   4.3756  14.3113   0.0000   0.0000   0.0000
     505   1.5460   4.6493  14.3749   0.0000   0.0000   0.0000
     506   1.6331   4.7106  13.7745   0.0000   0.0000   0.0000
     507   0.6304   4.4991  14.3486   0.0000   0.0000   0.0000
     508   1.4963   4.8135  14.2262   0.0000   0.0000   0.0000
     509   0.6490   4.7884  13.5055   0.0000   0.0000   0.0000
     510   1.1928   4.6959  13.8972   0.0000   0.0000   0.0000
     511   0.6842   4.4547  13.4875   0.0000   0.0000   0.0000
     512   1.2569   5.1806  13.8615   0.0000   0.0000   0.0000
     513   1.2379   4.7559  13.5780   0.0000   0.0000   0.0000
     514   0.9307   4.7298  13.5668   0.0000   0.0000   0.0000
     515   0.0152   5.1970  13.8845   0.0000   0.0000   0.0000
     516   0.6291   4.8460  14.6536   0.0000   0.0000   0.0000
     517   1.3565   5.7966  14.9517   0.0000   0.0000   0.0000
     518   0.5828   5.0917  15.6428   0.0000   0.0000   0.0000
     519   1.4357   5.4767  14.4212   0.0000   0.0000   0.0000
     520   1.6135   5.0415  15.0702   0.0000   0.0000   0.0000
     521   1.5506   5.7251  14.9421   0.0000   0.0000   0.0000
     522   0.5808   5.4839  15.3012   0.0000   0.0000   0.0000
     523   0.9316   4.6254  14.6034   0.0000   0.0000   0.0000
     524   0.9221   4.5609  14.9693   0.0000   0.0000   0.0000
     525   0.9201   5.2490  14.8709   0.0000   0.0000   0.0000
     526   1.6620   5.7446  14.0278   0.0000   0.0000   0.0000
     527   1.7419   5.1262  14.5679   0.0000   0.0000   0.0000
     528   1.2118   4.7738  13.8206   0.0000   0.0000   0.0000
     529   0.4668   4.7469  13.9817   0.0000   0.0000   0.0000
     530   0.9605   4.3410  14.6025   0.0000   0.0000   0.0000
     531   1.4382   4.7623  14.0743   0.0000   0.0000   0.0000
     532   0.9698   4.8398  14.2479   0.0000   0.0000   0.0000
     533   0.8414   4.5524  14.2289   0.0000   0.0000   0.0000
     534   1.0757   4.0831  14.0838   0.0000   0.0000   0.0000
     535   0.9134   4.4425  14.0273   0.0000   0.0000   0.0000
     536   0.7304   5.0390  14.0643   0.0000   0.0000   0.0000
     537   0.8200   4.7358  14.2068   0.0000   0.0000   0.0000
     538   0.9806   5.1237  13.7783   0.0000   0.0000   0.0000
     539   0.8261   5.4907  13.5125   0.0000   0.0000   0.0000
     540   0.4764   4.9203  13.6720   0.0000   0.0000   0.0000
     541   0.7032   5.4185  14.0251   0.0000   0.0000   0.0000
     542   0.7235   4.1934  14.5086   0.0000   0.0000   0.0000
     543   0.7539   2.6862  14.1868   0.0000   0.0000   0.0000
     544   0.4421   3.3569  13.9825   0.0000   0.0000   0.0000
     545   0.1371   3.2350  14.2364   0.0000   0.0000   0.0000
     546   0.0347   2.8517  14.1213   0.0000   0.0000   0.0000
     547   0.5985   3.6488  14.5724   0.0000   0.0000   0.0000
     548   0.0299   3.8109  14.4045   0.0000   0.0000   0.0000
     549   0.3739   2.8012  14.6985   0.0000   0.0000   0.0000
     550   0.2032   3.8503  14.6735   0.0000   0.0000   0.0000
     551   0.6518   3.9084  14.2150   0.0000   0.0000   0.0000
     552   0.8150   3.6424  13.8639   0.0000   0.0000   0.0000
     553   0.0455   3.2481  13.2651   0.0000   0.0000   0.0000
     554   0.5065   4.0011  13.1861   0.0000   0.0000   0.0000
     555   0.1532   2.8998  13.1951   0.0000   0.0000   0.0000
     556   0.1348   3.7414  12.8513   0.0000   0.0000   0.0000
     557   0.3314   3.7882  13.1271   0.0000   0.0000   0.0000
     558  -0.1985   3.4591  14.4411   0.0000   0.0000   0.0000
     559  -0.5083   2.7904  15.0880   0.0000   0.0000   0.0000
     560   0.0272   3.8513  13.8374   0.0000   0.0000   0.0000
     561  -0.0795   3.2960  13.4085   0.0000   0.0000   0.0000
     562  -0.5489   2.6770  13.9415   0.0000   0.0000   0.0000
     563  -0.4290   2.1529  13.6550   0.0000   0.0000   0.0000
     564  -0.1502   3.4657  13.6126   0.0000   0.0000   0.0000
     565  -0.4971   3.1153  14.0058   0.0000   0.0000   0.0000
     566  -0.2617   2.4206  13.7293   0.0000   0.0000   0.0000
     567  -0.1996   2.7975  14.3459   0.0000   0.0000   0.0000
     568  -0.1740   2.8603  14.3348   0.0000   0.0000   0.0000
     569  -0.1623   2.9918  14.3563   0.0000   0.0000   0.0000
     570  -0.0051   2.6918  14.7213   0.0000   0.0000   0.0000
     571  -0.1159   3.1827  14.1237   0.0000   0.0000   0.0000
     572   0.0752   3.3378  13.6477   0.0000   0.0000   0.0000
     573   0.2142   3.4406  14.1826   0.0000   0.0000   0.0000
     574  -0.0146   2.8547  15.1310   0.0000   0.0000   0.0000
     575  -0.1121   3.5245  14.8782   0.0000   0.0000   0.0000
     576  -0.2582   2.5196  14.5906   0.0000   0.0000   0.0000
     577   0.2832   1.9622  15.1012   0.0000   0.0000   0.0000
     578  -0.3894   1.9964  15.6072   0.0000   0.0000   0.0000
     579  -0.2320   3.2694  15.3465   0.0000   0.0000   0.0000
     580   1.0022   2.1902  15.9559   0.0000   0.0000   0.0000
     581   0.8983   2.5175  14.7297   0.0000   0.0000   0.0000
     582   0.1983   3.2024  15.4644   0.0000   0.0000   0.0000
     583   0.3654   3.5186  15.4811   0.0000   0.0000   0.0000
     584   0.2199   3.1401  15.7074   0.0000   0.0000   0.0000
     585   0.1692   3.6619  15.2198   0.0000   0.0000   0.0000
     586   0.0412   4.0094  14.8572   0.0000   0.0000   0.0000
     587  -0.2081   3.8053  14.3767   0.0000   0.0000   0.0000
     588   0.4199   3.3930  14.1083   0.0000   0.0000   0.0000
     589   1.0349   3.6501  14.6614   0.0000   0.0000   0.0000
     590   0.6832   3.4461  14.6653   0.0000   0.0000   0.0000
     591   0.6899   3.9210  15.2094   0.0000   0.0000   0.0000
     592   1.8132   3.5189  14.6508   0.0000   0.0000   0.0000
     593   0.6220   3.1008  14.6609   0.0000   0.0000   0.0000
     594   0.7847   3.5015  15.6805   0.0000   0.0000   0.0000
     595   0.5354   3.9451  15.3563   0.0000   0.0000   0.0000
     596  -0.4181   3.8794  14.6465   0.0000   0.0000   0.0000
     597   0.1801   3.2138  14.0195   0.0000   0.0000   0.0000
     598   0.2524   3.3926  14.3077   0.0000   0.0000   0.0000
     599  -0.1623   4.1172  14.0000   0.0000   0.0000   0.0000
     600  -0.3114   3.9232  14.8531   0.0000   0.0000   0.0000
     601  -0.0763   2.9394  14.6380   0.0000   0.0000   0.0000
     602   0.5979   3.3731  14.7163   0.0000   0.0000   0.0000
     603   0.4920   2.5773  14.8448   0.0000   0.0000   0.0000
     604   0.0772   2.8953  13.8114   0.0000   0.0000   0.0000
     605  -0.5258   2.5073  14.4475   0.0000   0.0000   0.0000
     606   0.0462   2.3195  14.9503   0.0000   0.0000   0.0000
     607  -0.7725   3.2540  15.1424   0.0000   0.0000   0.0000
     608  -0.7623   3.4902  14.8772   0.0000   0.0000   0.0000
     609  -0.7976   3.6836  14.3546   0.0000   0.0000   0.0000
     610  -1.7102   3.6417  13.7608   0.0000   0.0000   0.0000
     611  -1.2157   3.2269  14.0268   0.0000   0.0000   0.0000
     612  -2.1180   3.2414  14.3040   0.0000   0.0000   0.0000
     613  -1.5078   3.2778  13.7053   0.0000   0.0000   0.0000
     614  -0.8027   3.3862  13.4944   0.0000   0.0000   0.0000
     615  -0.6254   2.7460  13.5422   0.0000   0.0000   0.0000
     616  -1.1613   3.3764  13.9535   0.0000   0.0000   0.0000
     617  -1.0263   3.3482  13.7833   0.0000   0.0000   0.0000
     618  -1.2343   3.1677  13.4757   0.0000   0.0000   0.0000
     619  -1.2513   4.7451  14.3219   0.0000   0.0000   0.0000
     620  -0.7312   3.5951  14.3219   0.0000   0.0000   0.0000
     621  -0.7223   2.6749  14.3485   0.0000   0.0000   0.0000
     622  -0.2810   4.2573  13.8423   0.0000   0.0000   0.0000
     623  -0.3140   4.4718  13.7428   0.0000   0.0000   0.0000
     624  -1.2595   4.2332  13.9777   0.0000   0.0000   0.0000
     625  -1.4885   3.2725  13.4358   0.0000   0.0000   0.0000
     626  -1.8015   4.3658  13.3923   0.0000   0.0000   0.0000
     627  -1.5472   2.8529  13.4808   0.0000   0.0000   0.0000
     628  -0.4166   3.5600  13.1034   0.0000   0.0000   0.0000
     629  -1.5717   3.7133  14.2097   0.0000   0.0000   0.0000
     630  -1.8712   4.5635  13.5567   0.0000   0.0000   0.0000
     631  -1.1528   4.7307  14.3172   0.0000   0.0000   0.0000
     632  -2.0428   4.2977  13.7228   0.0000   0.0000   0.0000
     633  -1.0946   4.9102  13.4187   0.0000   0.0000   0.0000
     634  -0.9109   5.4774  13.5375   0.0000   0.0000   0.0000
     635  -1.4934   5.0463  13.2989   0.0000   0.0000   0.0000
     636  -0.9199   4.2189  13.0705   0.0000   0.0000   0.0000
     637  -0.7212   4.4384  12.9343   0.0000   0.0000   0.0000
     638  -1.1501   3.7796  13.4574   0.0000   0.0000   0.0000
     639  -1.4641   5.4682  12.8978   0.0000   0.0000   0.0000
     640  -1.2042   4.4432  13.2488   0.0000   0.0000   0.0000
     641  -1.4988   3.4917  13.6518   0.0000   0.0000   0.0000
     642  -1.9718   4.6036  12.7535   0.0000   0.0000   0.0000
     643  -2.4981   3.0489  13.1263   0.0000   0.0000   0.0000
     644  -1.4056   3.6104  12.8978   0.0000   0.0000   0.0000
     645  -1.4711   4.0721  13.4021   0.0000   0.0000   0.0000
     646  -2.1833   4.1323  13.6588   0.0000   0.0000   0.0000
     647  -2.2954   4.0382  13.3267   0.0000   0.0000   0.0000
     648  -2.0846   4.4643  12.1991   0.0000   0.0000   0.0000
     649  -2.1911   4.2538  12.9393   0.0000   0.0000   0.0000
     650  -2.2277   4.5551  13.6267   0.0000   0.0000   0.0000
     651  -1.4486   4.0623  13.5466   0.0000   0.0000   0.0000
     652  -1.5570   3.6070  13.6776   0.0000   0.0000   0.0000
     653  -0.8874   3.8619  14.0365   0.0000   0.0000   0.0000
     654  -2.3783   3.9820  14.4442   0.0000   0.0000   0.0000
     655  -1.1193   5.0949  14.9024   0.0000   0.0000   0.0000
     656  -1.8638   3.4088  14.9820   0.0000   0.0000   0.0000
     657  -1.6507   4.2226  14.1956   0.0000   0.0000   0.0000
     658  -1.3214   5.1566  14.3091   0.0000   0.0000   0.0000
     659  -1.3904   3.4199  14.6451   0.0000   0.0000   0.0000
     660  -1.9613   3.6924  14.8520   0.0000   0.0000   0.0000
     661  -1.3872   4.9247  14.2342   0.0000   0.0000   0.0000
     662  -0.6174   4.4908  14.4140   0.0000   0.0000   0.0000
     663  -0.8052   4.0786  14.7131   0.0000   0.0000   0.0000
     664  -1.1566   5.1380  14.3804   0.0000   0.0000   0.0000
     665  -1.5796   4.9069  14.2829   0.0000   0.0000   0.0000
     666  -1.1088   4.3013  14.2688   0.0000   0.0000   0.0000
     667  -0.8275   4.2822  14.0994   0.0000   0.0000   0.0000
     668  -0.7159   5.3794  14.1326   0.0000   0.0000   0.0000
     669  -0.1373   5.0751  13.6691   0.0000   0.0000   0.0000
     670  -0.2510   4.6081  13.0628   0.0000   0.0000   0.0000
     671   0.0163   5.2443  12.7165   0.0000   0.0000   0.0000
     672  -0.6126   5.0025  12.6345   0.0000   0.0000   0.0000
     673  -0.3868   4.0589  12.8224   0.0000   0.0000   0.0000
     674  -0.2192   5.6342  12.9283   0.0000   0.0000   0.0000
     675  -0.5351   5.2519  13.4838   0.0000   0.0000   0.0000
     676  -0.6554   5.0964  13.4627   0.0000   0.0000   0.0000
     677   0.2416   5.7046  13.2475   0.0000   0.0000   0.0000
     678  -0.1709   5.0860  13.1617   0.0000   0.0000   0.0000
     679  -0.4418   5.3504  12.5640   0.0000   0.0000   0.0000
     680  -0.4858   5.0584  13.0012   0.0000   0.0000   0.0000
     681  -1.6230   4.6926  13.8471   0.0000   0.0000   0.0000
     682  -0.8006   4.2409  13.5157   0.0000   0.0000   0.0000
     683  -1.1855   3.8542  13.3084   0.0000   0.0000   0.0000
     684  -1.6875   5.1295  13.2377   0.0000   0.0000   0.0000
     685  -1.2837   4.6153  14.0934   0.0000   0.0000   0.0000
     686  -2.0922   4.4047  13.3159   0.0000   0.0000   0.0000
     687  -2.2702   4.7910  13.5645   0.0000   0.0000   0.0000
     688  -2.0878   4.2041  13.3992   0.0000   0.0000   0.0000
     689  -1.3891   5.0582  14.0056   0.0000   0.0000   0.0000
     690  -2.2301   3.9325  13.2779   0.0000   0.0000   0.0000
     691  -2.0087   3.5089  12.9690   0.0000   0.0000   0.0000
     692  -2.3719   3.5179  13.4633   0.0000   0.0000   0.0000
     693  -2.3037   4.1592  12.9176   0.0000   0.0000   0.0000
     694  -2.5812   4.0231  13.1603   0.0000   0.0000   0.0000
     695  -1.8202   4.0303  13.0736   0.0000   0.0000   0.0000
     696  -1.8407   3.6821  13.1840   0.0000   0.0000   0.0000
     697  -1.8486   3.2502  13.1106   0.0000   0.0000   0.0000
     698  -1.3241   4.3903  12.7069   0.0000   0.0000   0.0000
     699  -2.0970   4.7172  12.8867   0.0000   0.0000   0.0000
     700  -2.1526   4.3617  12.5365   0.0000   0.0000   0.0000
     701  -2.5323   3.7229  13.5606   0.0000   0.0000   0.0000
     702  -2.4001   3.1239  13.5061   0.0000   0.0000   0.0000
     703  -3.1440   3.4093  13.4001   0.0000   0.0000   0.0000
     704  -2.3021   4.1026  12.5068   0.0000   0.0000   0.0000
     705  -2.7650   4.8790  12.0643   0.0000   0.0000   0.0000
     706  -1.9271   4.5706  13.0085   0.0000   0.0000   0.0000
     707  -2.4859   3.8249  13.2238   0.0000   0.0000   0.0000
     708  -2.6494   4.6172  13.9393   0.0000   0.0000   0.0000
     709  -1.4469   4.2846  13.5040   0.0000   0.0000   0.0000
     710  -1.8802   3.7391  13.6144   0.0000   0.0000   0.0000
     711  -2.4276   5.1334  13.8520   0.0000   0.0000   0.0000
     712  -2.7132   3.7801  13.4969   0.0000   0.0000   0.0000
     713  -1.9201   4.2668  13.0352   0.0000   0.0000   0.0000
     714  -1.8445   4.5799  12.6809   0.0000   0.0000   0.0000
     715  -2.0530   3.8675  12.4873   0.0000   0.0000   0.0000
     716  -3.3035   4.1669  11.9733   0.0000   0.0000   0.0000
     717  -2.2320   3.1735  12.5214   0.0000   0.0000   0.0000
     718  -1.9114   3.6794  12.4057   0.0000   0.0000   0.0000
     719  -3.6448   3.6957  13.0898   0.0000   0.0000   0.0000
     720  -3.3031   3.5131  13.4473   0.0000   0.0000   0.0000
     721  -2.7487   2.9178  13.6875   0.0000   0.0000   0.0000
     722  -2.6854   3.4706  13.2551   0.0000   0.0000   0.0000
     723  -2.3790   3.6333  12.6229   0.0000   0.0000   0.0000
     724  -2.6029   3.2815  12.7718   0.0000   0.0000   0.0000
     725  -2.6112   3.2544  12.8816   0.0000   0.0000   0.0000
     726  -3.0891   3.0767  13.6947   0.0000   0.0000   0.0000
     727  -3.2671   3.1678  13.7830   0.0000   0.0000   0.0000
     728  -3.1129   3.9452  13.0564   0.0000   0.0000   0.0000
     729  -2.9245   3.0793  13.5082   0.0000   0.0000   0.0000
     730  -2.3448   2.7453  13.5512   0.0000   0.0000   0.0000
     731  -2.6821   4.0774  12.6780   0.0000   0.0000   0.0000
     732  -2.5447   3.9196  12.9969   0.0000   0.0000   0.0000
     733  -2.0672   4.1174  13.5854   0.0000   0.0000   0.0000
     734  -2.0479   3.7616  13.4408   0.0000   0.0000   0.0000
     735  -1.6765   4.0264  13.4154   0.0000   0.0000   0.0000
     736  -1.8557   2.5141  13.9249   0.0000   0.0000   0.0000
     737  -2.1820   2.9420  13.6069   0.0000   0.0000   0.0000
     738  -1.7850   3.1164  13.0715   0.0000   0.0000   0.0000
     739  -1.9132   2.8219  12.9078   0.0000   0.0000   0.0000
     740  -1.9328   2.6873  13.0366   0.0000   0.0000   0.0000
     741  -2.2924   3.1077  12.9714   0.0000   0.0000   0.0000
     742  -1.6456   2.0274  13.6759   0.0000   0.0000   0.0000
     743  -1.3741   2.0549  13.6575   0.0000   0.0000   0.0000
     744  -1.9513   2.5484  13.4114   0.0000   0.0000   0.0000
     745  -2.2484   2.9638  12.8235   0.0000   0.0000   0.0000
     746  -2.5378   2.3117  13.0152   0.0000   0.0000   0.0000
     747  -2.6190   2.0874  13.4822   0.0000   0.0000   0.0000
     748  -3.3186   1.9209  13.6666   0.0000   0.0000   0.0000
     749  -3.7628   1.8042  14.1706   0.0000   0.0000   0.0000
     750  -3.8012   2.1320  13.4332   0.0000   0.0000   0.0000
     751  -2.9619   2.3725  13.9754   0.0000   0.0000   0.0000
     752  -2.6559   2.2700  13.7925   0.0000   0.0000   0.0000
     753  -3.2734   1.5199  14.7942   0.0000   0.0000   0.0000
     754  -2.6620   2.6438  15.3871   0.0000   0.0000   0.0000
     755  -2.5304   2.1421  15.5404   0.0000   0.0000   0.0000
     756  -2.9859   2.2598  14.9798   0.0000   0.0000   0.0000
     757  -3.0312   2.3047  14.3236   0.0000   0.0000   0.0000
     758  -3.1084   2.7952  13.9638   0.0000   0.0000   0.0000
     759  -3.0777   3.0504  14.9339   0.0000   0.0000   0.0000
     760  -2.8223   2.9304  14.0407   0.0000   0.0000   0.0000
     761  -3.0280   2.7064  14.5619   0.0000   0.0000   0.0000
     762  -2.9427   3.6616  14.5408   0.0000   0.0000   0.0000
     763  -3.1620   3.0847  14.9410   0.0000   0.0000   0.0000
     764  -1.9706   3.3027  14.1521   0.0000   0.0000   0.0000
     765  -2.5603   2.4172  14.0989   0.0000   0.0000   0.0000
     766  -2.7005   4.0138  13.7233   0.0000   0.0000   0.0000
     767  -2.8710   2.8689  13.9686   0.0000   0.0000   0.0000
     768  -3.0760   4.0574  12.9895   0.0000   0.0000   0.0000
     769  -2.3266   3.3096  13.3967   0.0000   0.0000   0.0000
     770  -2.6453   3.5051  13.2201   0.0000   0.0000   0.0000
     771  -2.6995   3.4511  13.5622   0.0000   0.0000   0.0000
     772  -3.0406   3.1630  14.3002   0.0000   0.0000   0.0000
     773  -2.1090   3.0107  13.6053   0.0000   0.0000   0.0000
     774  -2.1542   2.8761  13.2643   0.0000   0.0000   0.0000
     775  -2.7071   2.6121  13.8426   0.0000   0.0000   0.0000
     776  -2.3072   2.3127  13.3338   0.0000   0.0000   0.0000
     777  -2.7581   2.6265  13.2383   0.0000   0.0000   0.0000
     778  -2.6065   2.8528  13.7412   0.0000   0.0000   0.0000
     779  -3.1980   2.7730  13.2038   0.0000   0.0000   0.0000
     780  -2.2389   2.4632  13.5936   0.0000   0.0000   0.0000
     781  -2.6497   3.3688  13.9937   0.0000   0.0000   0.0000
     782  -2.1504   2.9584  13.7689   0.0000   0.0000   0.0000
     783  -1.9834   2.8994  13.4946   0.0000   0.0000   0.0000
     784  -1.7993   2.4919  13.1846   0.0000   0.0000   0.0000
     785  -1.8567   3.0298  13.1843   0.0000   0.0000   0.0000
     786  -1.2207   2.6527  13.2588   0.0000   0.0000   0.0000
     787  -2.0856   2.8091  13.0325   0.0000   0.0000   0.0000
     788  -1.6299   2.8512  13.0017   0.0000   0.0000   0.0000
     789  -1.9197   2.7950  13.2482   0.0000   0.0000   0.0000
     790  -1.5046   2.4634  13.1747   0.0000   0.0000   0.0000
     791  -1.1071   2.6350  12.6966   0.0000   0.0000   0.0000
     792  -1.6867   3.1286  12.8073   0.0000   0.0000   0.0000
     793  -2.0319   2.5500  13.4073   0.0000   0.0000   0.0000
     794  -0.9269   2.4952  12.7367   0.0000   0.0000   0.0000
     795  -1.3490   2.7382  13.5628   0.0000   0.0000   0.0000
     796  -0.9675   2.6666  13.4756   0.0000   0.0000   0.0000
     797  -1.3704   2.3166  13.8632   0.0000   0.0000   0.0000
     798  -1.3375   2.1789  13.8372   0.0000   0.0000   0.0000
     799  -0.6181   2.3353  14.7182   0.0000   0.0000   0.0000
     800  -0.2804   3.2195  14.1690   0.0000   0.0000   0.0000
     801  -0.9001   2.9478  14.7429   0.0000   0.0000   0.0000
     802  -1.1647   1.4740  14.2216   0.0000   0.0000   0.0000
     803  -1.3939   2.1376  13.2922   0.0000   0.0000   0.0000
     804  -1.6310   2.6112  12.8257   0.0000   0.0000   0.0000
     805  -1.5983   2.8785  13.1504   0.0000   0.0000   0.0000
     806  -1.7240   2.4478  12.9310   0.0000   0.0000   0.0000
     807  -1.3158   3.4013  12.9243   0.0000   0.0000   0.0000
     808  -0.7633   2.5282  13.1620   0.0000   0.0000   0.0000
     809  -0.4927   2.8146  13.1088   0.0000   0.0000   0.0000
     810  -0.6032   2.0253  12.7960   0.0000   0.0000   0.0000
     811  -0.5765   3.2380  13.2172   0.0000   0.0000   0.0000
     812  -1.1404   2.9362  13.4223   0.0000   0.0000   0.0000
     813  -0.3217   2.7814  13.3220   0.0000   0.0000   0.0000
     814  -0.6382   2.5223  14.2882   0.0000   0.0000   0.0000
     815  -0.2559   2.4139  13.2616   0.0000   0.0000   0.0000
     816  -1.1673   3.0088  13.9842   0.0000   0.0000   0.0000
     817  -0.5604   2.3572  14.2555   0.0000   0.0000   0.0000
     818  -0.7905   2.8090  14.5207   0.0000   0.0000   0.0000
     819  -1.8049   2.9895  14.8334   0.0000   0.0000   0.0000
     820  -1.1597   3.1502  14.6602   0.0000   0.0000   0.0000
     821  -1.3547   3.2518  15.1138   0.0000   0.0000   0.0000
     822  -0.8839   3.8888  14.8371   0.0000   0.0000   0.0000
     823  -1.8266   3.8564  14.5892   0.0000   0.0000   0.0000
     824  -0.7711   2.9540  14.7509   0.0000   0.0000   0.0000
     825  -0.7241   2.3622  14.5190   0.0000   0.0000   0.0000
     826  -0.6359   2.3854  14.5598   0.0000   0.0000   0.0000
     827  -0.3050   2.7431  13.9924   0.0000   0.0000   0.0000
     828  -0.3992   2.5461  14.0829   0.0000   0.0000   0.0000
     829  -0.0863   2.9758  14.2307   0.0000   0.0000   0.0000
     830   0.0381   2.3939  14.7479   0.0000   0.0000   0.0000
     831   0.1827   2.9443  15.2314   0.0000   0.0000   0.0000
     832  -0.2090   3.0045  16.0204   0.0000   0.0000   0.0000
     833  -0.7203   3.2278  15.7314   0.0000   0.0000   0.0000
     834  -0.5208   3.9518  15.4065   0.0000   0.0000   0.0000
     835  -0.7262   3.3416  15.5095   0.0000   0.0000   0.0000
     836  -0.6353   3.9637  15.2107   0.0000   0.0000   0.0000
     837  -0.5778   3.5705  15.3329   0.0000   0.0000   0.0000
     838  -0.1115   3.0733  14.7392   0.0000   0.0000   0.0000
     839   0.0610   2.6869  14.8163   0.0000   0.0000   0.0000
     840  -0.1985   3.7363  15.3160   0.0000   0.0000   0.0000
     841  -0.4357   3.0440  15.0399   0.0000   0.0000   0.0000
     842   0.0629   3.7240  14.6858   0.0000   0.0000   0.0000
     843   0.1944   3.7409  14.6798   0.0000   0.0000   0.0000
     844  -0.2510   3.9975  14.5366   0.0000   0.0000   0.0000
     845  -0.5533   4.5104  14.4875   0.0000   0.0000   0.0000
     846  -0.3409   4.7717  15.0153   0.0000   0.0000   0.0000
     847   0.2337   4.4439  14.9109   0.0000   0.0000   0.0000
     848   0.1809   4.8466  14.2495   0.0000   0.0000   0.0000
     849  -0.6308   5.0781  13.5425   0.0000   0.0000   0.0000
     850  -0.0840   4.2307  14.1779   0.0000   0.0000   0.0000
     851  -0.3691   4.0173  14.1343   0.0000   0.0000   0.0000
     852  -0.8575   3.8231  14.1694   0.0000   0.0000   0.0000
     853  -0.2205   3.5602  14.2375   0.0000   0.0000   0.0000
     854  -0.9141   3.7894  14.0862   0.0000   0.0000   0.0000
     855  -0.8347   3.0486  14.5555   0.0000   0.0000   0.0000
     856  -1.9171   1.8862  15.0771   0.0000   0.0000   0.0000
     857  -2.0228   2.3644  14.6453   0.0000   0.0000   0.0000
     858  -0.6985   2.3854  14.2168   0.0000   0.0000   0.0000
     859  -1.2201   2.6918  14.5452   0.0000   0.0000   0.0000
     860  -1.2608   3.1459  14.0938   0.0000   0.0000   0.0000
     861  -1.4023   2.4986  14.9870   0.0000   0.0000   0.0000
     862  -1.3320   2.7388  14.6727   0.0000   0.0000   0.0000
     863  -1.2680   2.4754  14.2510   0.0000   0.0000   0.0000
     864  -2.2502   3.1559  14.2534   0.0000   0.0000   0.0000
     865  -1.4820   3.0302  14.3152   0.0000   0.0000   0.0000
     866  -2.2285   3.6451  13.6280   0.0000   0.0000   0.0000
     867  -1.3333   3.2580  13.9567   0.0000   0.0000   0.0000
     868  -1.1364   3.2758  13.4987   0.0000   0.0000   0.0000
     869  -1.3887   2.3992  13.4272   0.0000   0.0000   0.0000
     870  -0.3571   2.0963  13.8420   0.0000   0.0000   0.0000
     871  -0.2927   2.7250  13.6115   0.0000   0.0000   0.0000
     872  -0.4412   2.2858  14.5120   0.0000   0.0000   0.0000
     873  -0.1496   2.3140  13.2129   0.0000   0.0000   0.0000
     874  -1.1060   2.3850  12.8292   0.0000   0.0000   0.0000
     875  -1.1190   2.4382  13.2069   0.0000   0.0000   0.0000
     876  -1.0218   2.4109  13.3074   0.0000   0.0000   0.0000
     877  -0.6465   2.3882  13.2195   0.0000   0.0000   0.0000
     878  -1.3295   2.6701  13.4006   0.0000   0.0000   0.0000
     879  -0.4274   1.8274  13.5357   0.0000   0.0000   0.0000
     880  -1.4192   2.4240  13.0321   0.0000   0.0000   0.0000
     881  -0.3841   2.3660  13.7460   0.0000   0.0000   0.0000
     882  -1.9126   2.0551  13.6989   0.0000   0.0000   0.0000
     883  -1.8412   2.6301  13.3703   0.0000   0.0000   0.0000
     884  -2.1272   2.2790  13.0496   0.0000   0.0000   0.0000
     885  -2.3497   3.0046  12.8282   0.0000   0.0000   0.0000
     886  -0.5961   2.4979  12.3631   0.0000   0.0000   0.0000
     887  -0.1369   2.2934  12.9048   0.0000   0.0000   0.0000
     888  -1.0957   2.5316  12.6908   0.0000   0.0000   0.0000
     889  -0.4564   2.0357  12.8264   0.0000   0.0000   0.0000
     890  -1.4073   2.6674  13.0155   0.0000   0.0000   0.0000
     891  -0.7266   2.4321  13.3309   0.0000   0.0000   0.0000
     892  -1.1832   1.8267  13.3002   0.0000   0.0000   0.0000
     893  -1.7339   1.4345  13.8293   0.0000   0.0000   0.0000
     894  -1.4187   1.6347  13.3413   0.0000   0.0000   0.0000
     895  -0.7923   2.6077  12.9246   0.0000   0.0000   0.0000
     896  -1.2702   1.8746  13.0104   0.0000   0.0000   0.0000
     897  -0.5719   2.9340  13.1323   0.0000   0.0000   0.0000
     898  -0.4306   3.2460  12.6912   0.0000   0.0000   0.0000
     899  -0.3746   2.5796  13.1902   0.0000   0.0000   0.0000
     900  -1.0408   2.2362  12.5336   0.0000   0.0000   0.0000
     901  -0.3741   2.9548  13.0001   0.0000   0.0000   0.0000
     902  -0.5283   2.1768  12.7255   0.0000   0.0000   0.0000
     903  -0.1283   1.4321  13.8621   0.0000   0.0000   0.0000
     904   0.2501   1.6262  13.5279   0.0000   0.0000   0.0000
     905   0.2725   1.1541  14.6024   0.0000   0.0000   0.0000
     906   0.1683   1.2837  14.1173   0.0000   0.0000   0.0000
     907   0.3159   1.0796  14.1363   0.0000   0.0000   0.0000
     908  -0.3820   1.5961  13.9916   0.0000   0.0000   0.0000
     909  -0.4009   1.7826  13.4935   0.0000   0.0000   0.0000
     910  -0.3261   1.5113  13.8190   0.0000   0.0000   0.0000
     911  -0.7877   1.4866  14.0180   0.0000   0.0000   0.0000
     912  -0.3992   1.1446  13.8314   0.0000   0.0000   0.0000
     913  -0.5249   1.0241  13.4707   0.0000   0.0000   0.0000
     914  -0.2698   1.3048  13.4818   0.0000   0.0000   0.0000
     915  -0.8606   0.7250  13.3762   0.0000   0.0000   0.0000
     916   0.7497   0.6435  12.9119   0.0000   0.0000   0.0000
     917   0.1095   1.3410  13.3378   0.0000   0.0000   0.0000
     918  -0.0538   1.1869  13.6227   0.0000   0.0000   0.0000
     919   0.7186   1.1559  13.4458   0.0000   0.0000   0.0000
     920  -0.7022  -0.0702  13.0984   0.0000   0.0000   0.0000
     921  -0.1835   0.9700  12.9094   0.0000   0.0000   0.0000
     922  -0.0221   1.2002  12.3649   0.0000   0.0000   0.0000
     923  -0.3096   1.2968  12.5091   0.0000   0.0000   0.0000
     924  -0.8203   0.2265  13.2315   0.0000   0.0000   0.0000
     925  -0.5138   0.4050  13.3966   0.0000   0.0000   0.0000
     926  -0.7484  -0.0364  13.5199   0.0000   0.0000   0.0000
     927  -0.7903   0.8996  12.7889   0.0000   0.0000   0.0000
     928  -0.9930   1.6504  12.3888   0.0000   0.0000   0.0000
     929  -1.4075   0.6159  12.7580   0.0000   0.0000   0.0000
     930  -1.3323   0.8344  12.7063   0.0000   0.0000   0.0000
     931  -1.1611   0.6369  13.1483   0.0000   0.0000   0.0000
     932  -0.9709   0.5937  12.9132   0.0000   0.0000   0.0000
     933  -1.2781   0.2006  11.8285   0.0000   0.0000   0.0000
     934  -1.2658   0.7620  12.9391   0.0000   0.0000   0.0000
     935  -0.6450   1.2617  12.8821   0.0000   0.0000   0.0000
     936  -1.0709   1.6728  12.5889   0.0000   0.0000   0.0000
     937  -1.6690   1.1695  13.1093   0.0000   0.0000   0.0000
     938  -2.0499   1.0034  13.4014   0.0000   0.0000   0.0000
     939  -0.7362   1.1786  12.7715   0.0000   0.0000   0.0000
     940  -0.7093   1.6700  13.1645   0.0000   0.0000   0.0000
     941  -0.9751   0.1711  13.3945   0.0000   0.0000   0.0000
     942  -1.9613   1.5617  13.4961   0.0000   0.0000   0.0000
     943  -0.8505   2.1577  13.0201   0.0000   0.0000   0.0000
     944  -1.2189   1.9296  13.0046   0.0000   0.0000   0.0000
     945  -0.8687   1.8775  13.0471   0.0000   0.0000   0.0000
     946  -0.7693   0.7455  13.7014   0.0000   0.0000   0.0000
     947  -0.6437   2.2080  13.2492   0.0000   0.0000   0.0000
     948  -1.5783   1.6590  13.0272   0.0000   0.0000   0.0000
     949  -0.4435   1.1552  13.0361   0.0000   0.0000   0.0000
     950  -0.4695   1.0836  13.0183   0.0000   0.0000   0.0000
     951  -1.2749   1.9351  12.9413   0.0000   0.0000   0.0000
     952  -0.5406   0.7545  12.9325   0.0000   0.0000   0.0000
     953  -1.4191   0.6075  12.6001   0.0000   0.0000   0.0000
     954  -2.0529   0.4903  12.7748   0.0000   0.0000   0.0000
     955  -0.8682   1.0372  12.7532   0.0000   0.0000   0.0000
     956  -0.9185   0.4511  12.5216   0.0000   0.0000   0.0000
     957  -0.8371   1.1149  12.4735   0.0000   0.0000   0.0000
     958  -1.2755   1.0816  12.3862   0.0000   0.0000   0.0000
     959  -1.7672   1.4084  11.9823   0.0000   0.0000   0.0000
     960  -1.8662   1.2425  12.3253   0.0000   0.0000   0.0000
     961  -1.0836   1.4830  12.3323   0.0000   0.0000   0.0000
     962  -2.3598   1.0648  13.1478   0.0000   0.0000   0.0000
     963  -1.9489   1.3414  13.3391   0.0000   0.0000   0.0000
     964  -1.4026   0.7527  13.5700   0.0000   0.0000   0.0000
     965  -1.4238   0.8829  13.6501   0.0000   0.0000   0.0000
     966  -2.3816   1.6907  13.5211   0.0000   0.0000   0.0000
     967  -2.1364  -0.1007  14.0065   0.0000   0.0000   0.0000
     968  -2.4609   0.3236  12.6033   0.0000   0.0000   0.0000
     969  -1.8361   1.0461  12.5264   0.0000   0.0000   0.0000
     970  -1.5075   0.7808  12.6955   0.0000   0.0000   0.0000
     971  -1.1302   0.2152  13.4019   0.0000   0.0000   0.0000
     972  -2.0279   0.1204  13.5812   0.0000   0.0000   0.0000
     973  -1.5862   1.0988  13.1025   0.0000   0.0000   0.0000
     974  -0.9973   1.0777  13.4868   0.0000   0.0000   0.0000
     975  -1.9842   1.7044  12.8326   0.0000   0.0000   0.0000
     976  -1.4425   1.0466  13.1785   0.0000   0.0000   0.0000
     977  -1.1354   1.3798  12.7103   0.0000   0.0000   0.0000
     978  -1.5849   1.0680  13.0391   0.0000   0.0000   0.0000
     979  -1.5155   1.0691  13.0655   0.0000   0.0000   0.0000
     980  -1.7244   1.4928  13.1567   0.0000   0.0000   0.0000
     981  -2.4821   1.8733  12.8545   0.0000   0.0000   0.0000
     982  -2.2240   0.9843  13.1291   0.0000   0.0000   0.0000
     983  -3.1795   0.9490  12.3341   0.0000   0.0000   0.0000
     984  -2.0372   2.1113  12.9934   0.0000   0.0000   0.0000
     985  -2.6795   1.5885  12.7394   0.0000   0.0000   0.0000
     986  -1.4360   1.3281  13.1781   0.0000   0.0000   0.0000
     987  -2.1596   1.3482  13.2818   0.0000   0.0000   0.0000
     988  -1.3600   0.4186  13.2736   0.0000   0.0000   0.0000
     989  -2.0173  -0.0981  12.8603   0.0000   0.0000   0.0000
     990  -2.0813   0.3423  13.1474   0.0000   0.0000   0.0000
     991  -1.6488   0.3805  12.0702   0.0000   0.0000   0.0000
     992  -1.2096   0.1085  12.9468   0.0000   0.0000   0.0000
     993  -1.4178   0.3982  12.4502   0.0000   0.0000   0.0000
     994  -1.6848   0.0957  12.6344   0.0000   0.0000   0.0000
     995  -2.0372  -0.0296  13.2407   0.0000   0.0000   0.0000
     996  -1.6245   1.1409  12.8898   0.0000   0.0000   0.0000
     997  -1.7053   0.8903  12.6329   0.0000   0.0000   0.0000
     998  -1.5173   0.6226  11.8283   0.0000   0.0000   0.0000
     999  -0.7475   1.0703  12.1389   0.0000   0.0000   0.0000
    1000  -1.2776   0.6165  11.7500   0.0000   0.0000   0.0000
    1001  -1.2334   0.0287  11.2355   0.0000   0.0000   0.0000
    1002  -1.1691   0.4119  11.3848   0.0000   0.0000   0.0000
    1003  -2.2339   0.4087  11.7824   0.0000   0.0000   0.0000
    1004  -1.4242   0.1508  11.2107   0.0000   0.0000   0.0000
    1005  -1.9925  -0.5408  11.3101   0.0000   0.0000   0.0000
    1006  -2.1371  -0.0287  11.7968   0.0000   0.0000   0.0000
    1007  -1.8412   0.0065  11.2036   0.0000   0.0000   0.0000
    1008  -2.0088   0.4837  11.2264   0.0000   0.0000   0.0000
    1009  -1.6525   0.1346  10.9591   0.0000   0.0000   0.0000
    1010  -1.8036   0.8947  11.1477   0.0000   0.0000   0.0000
    1011  -1.9938   0.5063  11.3273   0.0000   0.0000   0.0000
    1012  -1.8643   1.0117  11.1711   0.0000   0.0000   0.0000
    1013  -1.8257   1.2152  10.4583   0.0000   0.0000   0.0000
    1014  -2.0411   1.8260  10.7927   0.0000   0.0000   0.0000
    1015  -2.1398   1.4209  10.4115   0.0000   0.0000   0.0000
    1016  -2.7620   1.1954  10.6607   0.0000   0.0000   0.0000
    1017  -3.2687   1.2457  10.8668   0.0000   0.0000   0.0000
    1018  -3.1280   1.6144  10.9819   0.0000   0.0000   0.0000
    1019  -2.5089   1.2764  11.1404   0.0000   0.0000   0.0000
    1020  -2.1592   1.2310  10.6458   0.0000   0.0000   0.0000
    1021  -1.7792   1.7840  10.3352   0.0000   0.0000   0.0000
    1022  -1.7713   1.6135  10.7181   0.0000   0.0000   0.0000
    1023  -2.3331   1.5577  10.7149   0.0000   0.0000   0.0000
    1024  -1.3118   0.6816  11.1202   0.0000   0.0000   0.0000
    1025  -1.8185   0.7513  11.3559   0.0000   0.0000   0.0000
    1026  -1.4208   0.5423  11.2797   0.0000   0.0000   0.0000
    1027  -1.9363   1.2552  11.9384   0.0000   0.0000   0.0000
    1028  -2.2228   0.9292  11.2850   0.0000   0.0000   0.0000
    1029  -2.1414   1.5773  11.6154   0.0000   0.0000   0.0000
    1030  -2.3881   1.4039  11.9697   0.0000   0.0000   0.0000
    1031  -2.2826   1.3310  11.2851   0.0000   0.0000   0.0000
    1032  -2.8572   0.8392  11.5505   0.0000   0.0000   0.0000
    1033  -2.8551   0.7039  11.1682   0.0000   0.0000   0.0000
    1034  -3.0512   1.2493  10.5136   0.0000   0.0000   0.0000
    1035  -2.6418   0.5832  11.0108   0.0000   0.0000   0.0000
    1036  -2.2187   1.5418  10.2497   0.0000   0.0000   0.0000
    1037  -2.0843   0.6024  10.1881   0.0000   0.0000   0.0000
    1038  -1.5819   1.4043  10.2023   0.0000   0.0000   0.0000
    1039  -2.2641   1.0368  10.0265   0.0000   0.0000   0.0000
    1040  -1.7363   0.7618  11.2080   0.0000   0.0000   0.0000
    1041  -2.1610   1.5193  10.5452   0.0000   0.0000   0.0000
    1042  -1.8081   0.8848  11.1394   0.0000   0.0000   0.0000
    1043  -2.4015   0.6775  11.0914   0.0000   0.0000   0.0000
    1044  -1.2864  -0.0633  10.9099   0.0000   0.0000   0.0000
    1045  -1.1492  -0.0537  10.4146   0.0000   0.0000   0.0000
    1046  -0.8246   0.9402  10.1924   0.0000   0.0000   0.0000
    1047  -1.0149   1.1840  10.7577   0.0000   0.0000   0.0000
    1048  -1.6175   1.6524  10.5028   0.0000   0.0000   0.0000
    1049  -0.5801   2.1928  10.3603   0.0000   0.0000   0.0000
    1050  -0.7486   1.3602  10.3195   0.0000   0.0000   0.0000
    1051  -1.2587   0.5174  10.8879   0.0000   0.0000   0.0000
    1052  -2.0561   0.7298  11.0525   0.0000   0.0000   0.0000
    1053  -1.8286   1.0880  11.1525   0.0000   0.0000   0.0000
    1054  -1.4922   0.9371  10.7198   0.0000   0.0000   0.0000
    1055  -1.6006   0.5805  10.9757   0.0000   0.0000   0.0000
    1056  -1.8303   1.1215  11.5522   0.0000   0.0000   0.0000
    1057  -2.4063   0.8801  11.7886   0.0000   0.0000   0.0000
    1058  -2.4434   0.7606  12.1779   0.0000   0.0000   0.0000
    1059  -2.6089   0.5598  12.0620   0.0000   0.0000   0.0000
    1060  -1.8280   0.6977  10.8858   0.0000   0.0000   0.0000
    1061  -3.0989   0.3870  11.4150   0.0000   0.0000   0.0000
    1062  -2.9035   0.9775  11.5377   0.0000   0.0000   0.0000
    1063  -3.1614   0.6802  11.3517   0.0000   0.0000   0.0000
    1064  -2.3163   0.6283  11.0925   0.0000   0.0000   0.0000
    1065  -2.5506   0.3048  11.4554   0.0000   0.0000   0.0000
    1066  -1.9009   0.3899  10.9748   0.0000   0.0000   0.0000
    1067  -2.6139   0.7580  11.0588   0.0000   0.0000   0.0000
    1068  -2.6732   0.4424  10.8126   0.0000   0.0000   0.0000
    1069  -2.2963   1.5375  11.1208   0.0000   0.0000   0.0000
    1070  -2.5012   0.6223  10.9744   0.0000   0.0000   0.0000
    1071  -2.5843   1.4311  10.8902   0.0000   0.0000   0.0000
    1072  -2.1367   1.6089  10.5804   0.0000   0.0000   0.0000
    1073  -3.1824   0.9843  10.4511   0.0000   0.0000   0.0000
    1074  -1.9880   0.6979  10.8677   0.0000   0.0000   0.0000
    1075  -2.9600   0.6738  11.6255   0.0000   0.0000   0.0000
    1076  -2.6454   0.8264  11.6362   0.0000   0.0000   0.0000
    1077  -2.0566   1.4946  11.2015   0.0000   0.0000   0.0000
    1078  -2.4671   1.7540  10.9970   0.0000   0.0000   0.0000
    1079  -2.5310   2.4978  11.1305   0.0000   0.0000   0.0000
    1080  -2.0655   2.2213  11.4434   0.0000   0.0000   0.0000
    1081  -1.9006   1.7372  11.0817   0.0000   0.0000   0.0000
    1082  -1.9908   2.3632  11.6690   0.0000   0.0000   0.0000
    1083  -1.3623   2.5552  11.2140   0.0000   0.0000   0.0000
    1084  -1.3960   2.0729  10.2741   0.0000   0.0000   0.0000
    1085  -1.3481   2.6457  11.2711   0.0000   0.0000   0.0000
    1086  -2.1683   2.3746  11.4858   0.0000   0.0000   0.0000
    1087  -1.7751   2.0860  10.6680   0.0000   0.0000   0.0000
    1088  -1.5583   2.2068  11.3213   0.0000   0.0000   0.0000
    1089  -1.2495   2.4799  11.1105   0.0000   0.0000   0.0000
    1090  -1.8031   2.5772  10.9406   0.0000   0.0000   0.0000
    1091  -2.1793   2.4257  11.3688   0.0000   0.0000   0.0000
    1092  -1.2305   3.0747  10.9244   0.0000   0.0000   0.0000
    1093  -2.0830   2.0177  11.5224   0.0000   0.0000   0.0000
    1094  -1.9257   1.4806  10.8375   0.0000   0.0000   0.0000
    1095  -2.4305   2.0083  11.3058   0.0000   0.0000   0.0000
    1096  -1.9173   2.0409  11.3834   0.0000   0.0000   0.0000
    1097  -1.9890   2.1671  10.6945   0.0000   0.0000   0.0000
    1098  -1.8284   1.7860  11.1099   0.0000   0.0000   0.0000
    1099  -2.0022   1.5281  10.8065   0.0000   0.0000   0.0000
    1100  -2.5493   2.1729  10.6072   0.0000   0.0000   0.0000
    1101  -1.5530   2.2752  11.3892   0.0000   0.0000   0.0000
    1102  -2.0320   2.1205  10.6824   0.0000   0.0000   0.0000
    1103  -1.8954   2.2115  11.0751   0.0000   0.0000   0.0000
    1104  -1.7509   2.8521  10.9645   0.0000   0.0000   0.0000
    1105  -1.3130   2.3844  11.0004   0.0000   0.0000   0.0000
    1106  -1.8301   2.4758  11.6265   0.0000   0.0000   0.0000
    1107  -2.3765   1.6622  11.8974   0.0000   0.0000   0.0000
    1108  -2.8203   2.4061  12.3955   0.0000   0.0000   0.0000
    1109  -2.9734   2.5399  12.0845   0.0000   0.0000   0.0000
    1110  -2.8438   3.1899  12.2284   0.0000   0.0000   0.0000
    1111  -2.8152   2.9485  12.0227   0.0000   0.0000   0.0000
    1112  -2.3566   3.1408  11.6632   0.0000   0.0000   0.0000
    1113  -2.0621   3.2906  12.1220   0.0000   0.0000   0.0000
    1114  -2.1195   2.9557  12.1541   0.0000   0.0000   0.0000
    1115  -1.6263   3.5351  12.3540   0.0000   0.0000   0.0000
    1116  -1.3007   2.9946  11.7010   0.0000   0.0000   0.0000
    1117  -2.4883   2.9880  11.5983   0.0000   0.0000   0.0000
    1118  -2.4962   3.1051  11.6544   0.0000   0.0000   0.0000
    1119  -2.9081   3.4571  11.5611   0.0000   0.0000   0.0000
    1120  -2.4229   2.8646  11.5601   0.0000   0.0000   0.0000
    1121  -2.1049   2.3876  12.0175   0.0000   0.0000   0.0000
    1122  -1.3850   2.2960  11.4739   0.0000   0.0000   0.0000
    1123  -2.2280   2.4308  12.5319   0.0000   0.0000   0.0000
    1124  -1.7190   3.1490  12.1521   0.0000   0.0000   0.0000
    1125  -1.6872   2.1341  12.1459   0.0000   0.0000   0.0000
    1126  -2.6832   2.4574  11.9845   0.0000   0.0000   0.0000
    1127  -1.7957   2.5309  12.4121   0.0000   0.0000   0.0000
    1128  -1.6690   2.1814  12.5505   0.0000   0.0000   0.0000
    1129  -1.6979   3.2692  12.2618   0.0000   0.0000   0.0000
    1130  -1.9059   2.4434  12.2485   0.0000   0.0000   0.0000
    1131  -2.3644   2.0478  11.9177   0.0000   0.0000   0.0000
    1132  -2.8113   1.4174  12.5688   0.0000   0.0000   0.0000
    1133  -2.5938   2.1843  12.4715   0.0000   0.0000   0.0000
    1134  -2.9842   1.7854  12.8028   0.0000   0.0000   0.0000
    1135  -2.5328   2.3567  12.6705   0.0000   0.0000   0.0000
    1136  -2.4618   2.3597  12.9369   0.0000   0.0000   0.0000
    1137  -2.4100   2.2417  13.8420   0.0000   0.0000   0.0000
    1138  -2.7860   2.2356  13.2872   0.0000   0.0000   0.0000
    1139  -2.0722   2.1861  13.7526   0.0000   0.0000   0.0000
    1140  -2.7687   2.5828  14.5779   0.0000   0.0000   0.0000
    1141  -1.6655   0.7070  13.8669   0.0000   0.0000   0.0000
    1142  -2.0838   1.3237  13.1390   0.0000   0.0000   0.0000
    1143  -1.3337   1.7812  12.9233   0.0000   0.0000   0.0000
    1144  -1.5084   1.9931  13.3435   0.0000   0.0000   0.0000
    1145  -2.1358   1.7453  13.5025   0.0000   0.0000   0.0000
    1146  -2.1965   1.9238  13.4189   0.0000   0.0000   0.0000
    1147  -3.1135   2.1265  13.3115   0.0000   0.0000   0.0000
    1148  -1.7064   2.7421  13.2930   0.0000   0.0000   0.0000
    1149  -1.8553   2.3816  14.0484   0.0000   0.0000   0.0000
    1150  -2.8611   1.4021  14.1003   0.0000   0.0000   0.0000
    1151  -2.4755   1.1014  13.5779   0.0000   0.0000   0.0000
    1152  -1.1170   1.1006  14.2315   0.0000   0.0000   0.0000
    1153  -1.9450   1.4795  14.7349   0.0000   0.0000   0.0000
    1154  -1.7360   1.5371  15.1305   0.0000   0.0000   0.0000
    1155  -2.1147   1.6102  14.6210   0.0000   0.0000   0.0000
    1156  -1.7703   1.3712  13.7854   0.0000   0.0000   0.0000
    1157  -1.8120   2.3539  13.9292   0.0000   0.0000   0.0000
    1158  -1.4198   1.9192  13.8188   0.0000   0.0000   0.0000
    1159  -1.6603   2.3988  14.0263   0.0000   0.0000   0.0000
    1160  -2.3751   2.2919  13.6166   0.0000   0.0000   0.0000
    1161  -2.6969   2.4211  13.9327   0.0000   0.0000   0.0000
    1162  -3.0566   2.7507  13.6623   0.0000   0.0000   0.0000
    1163  -3.1628   2.3685  13.8919   0.0000   0.0000   0.0000
    1164  -2.5229   1.9293  13.8550   0.0000   0.0000   0.0000
    1165  -2.1272   1.5091  14.0268   0.0000   0.0000   0.0000
    1166  -2.6631   2.5973  14.1929   0.0000   0.0000   0.0000
    1167  -2.4976   2.5931  13.4955   0.0000   0.0000   0.0000
    1168  -1.8890   3.1040  14.0377   0.0000   0.0000   0.0000
    1169  -2.1732   2.8092  14.0865   0.0000   0.0000   0.0000
    1170  -2.5521   2.9312  14.3209   0.0000   0.0000   0.0000
    1171  -1.7794   2.4269  13.5147   0.0000   0.0000   0.0000
    1172  -1.5192   1.8504  12.9067   0.0000   0.0000   0.0000
    1173  -2.2553   2.1063  12.3032   0.0000   0.0000   0.0000
    1174  -2.0288   2.3821  12.9743   0.0000   0.0000   0.0000
    1175  -2.7336   2.2601  12.5924   0.0000   0.0000   0.0000
    1176  -2.4940   1.7961  13.1520   0.0000   0.0000   0.0000
    1177  -2.5689   2.7634  13.2547   0.0000   0.0000   0.0000
    1178  -2.7930   1.7639  13.8792   0.0000   0.0000   0.0000
    1179  -2.3026   2.8041  13.7497   0.0000   0.0000   0.0000
    1180  -2.1284   2.6525  13.5843   0.0000   0.0000   0.0000
    1181  -3.4057   2.7327  14.4434   0.0000   0.0000   0.0000
    1182  -1.5887   3.9685  14.1407   0.0000   0.0000   0.0000
    1183  -1.8386   3.4046  13.4284   0.0000   0.0000   0.0000
    1184  -2.1745   3.1087  13.7715   0.0000   0.0000   0.0000
    1185  -1.3246   3.7208  13.0460   0.0000   0.0000   0.0000
    1186  -1.3503   4.1799  13.3416   0.0000   0.0000   0.0000
    1187  -1.5946   2.8596  14.0525   0.0000   0.0000   0.0000
    1188  -2.1406   3.7963  13.6051   0.0000   0.0000   0.0000
    1189  -2.4401   3.8310  13.7722   0.0000   0.0000   0.0000
    1190  -2.7289   3.5558  13.7078   0.0000   0.0000   0.0000
    1191  -3.1742   3.1325  13.7460   0.0000   0.0000   0.0000
    1192  -2.7180   3.5511  13.6983   0.0000   0.0000   0.0000
    1193  -1.7383   3.3050  13.9478   0.0000   0.0000   0.0000
    1194  -1.9246   3.0989  13.3673   0.0000   0.0000   0.0000
    1195  -1.4310   3.0813  12.6954   0.0000   0.0000   0.0000
    1196  -2.3285   2.5034  13.9522   0.0000   0.0000   0.0000
    1197  -1.9447   2.4540  13.3568   0.0000   0.0000   0.0000
    1198  -2.0654   2.4937  12.5980   0.0000   0.0000   0.0000
    1199  -1.6849   2.5983  12.3023   0.0000   0.0000   0.0000
    1200  -1.4141   2.8957  13.3562   0.0000   0.0000   0.0000
    1201  -1.9677   2.1536  12.8488   0.0000   0.0000   0.0000
    1202  -2.2280   3.2915  12.6870   0.0000   0.0000   0.0000
    1203  -2.4628   2.3942  12.9219   0.0000   0.0000   0.0000
    1204  -3.1107   1.4863  13.4671   0.0000   0.0000   0.0000
    1205  -2.0004   1.7415  12.6584   0.0000   0.0000   0.0000
    1206  -2.2164   2.1257  12.4343   0.0000   0.0000   0.0000
    1207  -1.9331   1.3288  13.2262   0.0000   0.0000   0.0000
    1208  -2.2342   1.0962  12.7707   0.0000   0.0000   0.0000
    1209  -2.1014   1.4525  12.9865   0.0000   0.0000   0.0000
    1210  -2.4325   1.1282  13.1839   0.0000   0.0000   0.0000
    1211  -2.4727   1.1370  13.5082   0.0000   0.0000   0.0000
    1212  -1.8944   2.7218  12.6836   0.0000   0.0000   0.0000
    1213  -2.2006   1.8786  12.8145   0.0000   0.0000   0.0000
    1214  -2.4473   2.7767  12.5828   0.0000   0.0000   0.0000
    1215  -2.5726   2.5749  12.6387   0.0000   0.0000   0.0000
    1216  -2.9741   2.0755  12.5237   0.0000   0.0000   0.0000
    1217  -2.5899   2.3269  12.3990   0.0000   0.0000   0.0000
    1218  -3.0113   2.7507  12.3062   0.0000   0.0000   0.0000
    1219  -3.2510   2.1637  12.6871   0.0000   0.0000   0.0000
    1220  -2.6127   2.3448  12.6355   0.0000   0.0000   0.0000
    1221  -2.9165   2.6888  13.6423   0.0000   0.0000   0.0000
    1222  -2.4198   3.5480  13.1121   0.0000   0.0000   0.0000
    1223  -3.6803   3.2637  12.4096   0.0000   0.0000   0.0000
    1224  -2.6025   4.0621  11.8821   0.0000   0.0000   0.0000
    1225  -2.8423   3.4808  11.7432   0.0000   0.0000   0.0000
    1226  -4.0984   3.4973  11.6406   0.0000   0.0000   0.0000
    1227  -4.0226   3.2658  11.5779   0.0000   0.0000   0.0000
    1228  -3.4016   3.1377  11.7342   0.0000   0.0000   0.0000
    1229  -3.8893   3.9514  12.0203   0.0000   0.0000   0.0000
    1230  -2.9915   2.8821  10.7485   0.0000   0.0000   0.0000
    1231  -2.7404   2.8872  10.9876   0.0000   0.0000   0.0000
    1232  -3.4714   2.7488  10.6796   0.0000   0.0000   0.0000
    1233  -3.3118   3.4061  10.4815   0.0000   0.0000   0.0000
    1234  -2.6108   2.8883  10.8330   0.0000   0.0000   0.0000
    1235  -3.5859   3.4158  10.5765   0.0000   0.0000   0.0000
    1236  -3.8171   2.9574  10.8289   0.0000   0.0000   0.0000
    1237  -3.0051   2.9091  11.0221   0.0000   0.0000   0.0000
    1238  -3.1659   3.6447  10.7684   0.0000   0.0000   0.0000
    1239  -3.4000   2.2445  11.4922   0.0000   0.0000   0.0000
    1240  -3.0176   2.5985  11.8779   0.0000   0.0000   0.0000
    1241  -1.8055   2.7565  11.7437   0.0000   0.0000   0.0000
    1242  -2.6099   1.6305  11.6527   0.0000   0.0000   0.0000
    1243  -2.9182   1.6886  11.9457   0.0000   0.0000   0.0000
    1244  -2.3302   2.1636  11.4201   0.0000   0.0000   0.0000
    1245  -2.2879   1.2482  11.3530   0.0000   0.0000   0.0000
    1246  -2.1714   0.8443  10.7437   0.0000   0.0000   0.0000
    1247  -2.5933   1.5401  11.4233   0.0000   0.0000   0.0000
    1248  -2.5940   1.2214  11.0397   0.0000   0.0000   0.0000
    1249  -3.2589   2.2368  11.4210   0.0000   0.0000   0.0000
    1250  -2.3295   1.0832  11.0264   0.0000   0.0000   0.0000
    1251  -2.5921   2.2152  11.2638   0.0000   0.0000   0.0000
    1252  -2.7537   2.0011  11.8777   0.0000   0.0000   0.0000
    1253  -2.8073   0.9087  11.2622   0.0000   0.0000   0.0000
    1254  -2.3342   1.0131  11.8624   0.0000   0.0000   0.0000
    1255  -2.2062   1.7518  10.8150   0.0000   0.0000   0.0000
    1256  -2.2402   2.5735  11.2715   0.0000   0.0000   0.0000
    1257  -2.0591   1.4840  11.4020   0.0000   0.0000   0.0000
    1258  -1.7464   1.6839  11.0858   0.0000   0.0000   0.0000
    1259  -3.3145   2.5358  10.7535   0.0000   0.0000   0.0000
    1260  -3.0619   3.1488  11.2570   0.0000   0.0000   0.0000
    1261  -2.7574   2.1373  10.9902   0.0000   0.0000   0.0000
    1262  -2.1250   2.4884  10.5679   0.0000   0.0000   0.0000
    1263  -1.7323   1.7941  10.5513   0.0000   0.0000   0.0000
    1264  -2.8247   1.1760  11.4827   0.0000   0.0000   0.0000
    1265  -2.3809   1.3745  10.9960   0.0000   0.0000   0.0000
    1266  -1.6485   2.6044   9.6426   0.0000   0.0000   0.0000
    1267  -2.1288   1.6356  10.0219   0.0000   0.0000   0.0000
    1268  -3.1486   2.6895   9.9932   0.0000   0.0000   0.0000
    1269  -2.7889   2.9548   9.5862   0.0000   0.0000   0.0000
    1270  -1.9015   2.4395  10.0372   0.0000   0.0000   0.0000
    1271  -2.7606   2.8881  10.1528   0.0000   0.0000   0.0000
    1272  -2.4042   3.2242   9.9360   0.0000   0.0000   0.0000
    1273  -2.3075   2.0550  10.4246   0.0000   0.0000   0.0000
    1274  -2.5989   2.2793  11.3141   0.0000   0.0000   0.0000
    1275  -3.0276   2.9652  10.5729   0.0000   0.0000   0.0000
    1276  -2.9599   2.7631  10.9852   0.0000   0.0000   0.0000
    1277  -2.8972   2.6534  11.3333   0.0000   0.0000   0.0000
    1278  -3.0013   2.9949  11.2977   0.0000   0.0000   0.0000
    1279  -3.6428   3.5360  11.5135   0.0000   0.0000   0.0000
    1280  -2.4618   3.4191  10.9259   0.0000   0.0000   0.0000
    1281  -2.4681   2.3311  10.9635   0.0000   0.0000   0.0000
    1282  -2.5293   3.2789  11.0763   0.0000   0.0000   0.0000
    1283  -1.2626   3.4056  11.0988   0.0000   0.0000   0.0000
    1284  -1.9989   2.8043  10.6261   0.0000   0.0000   0.0000
    1285  -1.4634   3.2049  11.0152   0.0000   0.0000   0.0000
    1286  -1.5912   3.2893  11.5715   0.0000   0.0000   0.0000
    1287  -2.4485   3.0255  11.4192   0.0000   0.0000   0.0000
    1288  -2.1450   2.7003  11.2371   0.0000   0.0000   0.0000
    1289  -1.8910   1.7602  11.4722   0.0000   0.0000   0.0000
    1290  -2.1643   1.9284  11.2943   0.0000   0.0000   0.0000
    1291  -2.3678   2.5104  11.5585   0.0000   0.0000   0.0000
    1292  -2.4184   3.3770  11.6807   0.0000   0.0000   0.0000
    1293  -3.0145   2.7215  11.9298   0.0000   0.0000   0.0000
    1294  -3.0090   3.1571  12.0005   0.0000   0.0000   0.0000
    1295  -2.1554   3.3303  11.2050   0.0000   0.0000   0.0000
    1296  -2.5660   3.8192  10.7493   0.0000   0.0000   0.0000
    1297  -2.6054   3.4084  10.7969   0.0000   0.0000   0.0000
    1298  -2.3761   3.1363  10.9704   0.0000   0.0000   0.0000
    1299  -2.5903   3.5376  11.3146   0.0000   0.0000   0.0000
    1300  -2.6097   2.8486  11.8224   0.0000   0.0000   0.0000
    1301  -1.7577   2.7556  11.3449   0.0000   0.0000   0.0000
    1302  -1.8601   1.3795  11.2484   0.0000   0.0000   0.0000
    1303  -2.2784   2.7222  11.0400   0.0000   0.0000   0.0000
    1304  -2.3008   2.6811  10.6671   0.0000   0.0000   0.0000
    1305  -3.3054   1.4655  10.5144   0.0000   0.0000   0.0000
    1306  -2.4802   1.6650  10.8308   0.0000   0.0000   0.0000
    1307  -1.8210   2.1214  10.8930   0.0000   0.0000   0.0000
    1308  -2.3003   2.0715  11.6016   0.0000   0.0000   0.0000
    1309  -1.9034   1.9544  11.7340   0.0000   0.0000   0.0000
    1310  -2.4708   2.4819  12.0291   0.0000   0.0000   0.0000
    1311  -2.1600   1.1152  11.8790   0.0000   0.0000   0.0000
    1312  -2.2779   0.9440  11.4202   0.0000   0.0000   0.0000
    1313  -3.1717   2.2825  11.1510   0.0000   0.0000   0.0000
    1314  -3.6195   1.4949  11.5603   0.0000   0.0000   0.0000
    1315  -2.5803   1.9272  11.9069   0.0000   0.0000   0.0000
    1316  -2.9772   1.3685  11.8800   0.0000   0.0000   0.0000
    1317  -3.2515   1.4401  11.8733   0.0000   0.0000   0.0000
    1318  -3.2900   2.0736  11.8348   0.0000   0.0000   0.0000
    1319  -2.9768   2.4926  12.1217   0.0000   0.0000   0.0000
    1320  -2.4914   2.0270  11.9987   0.0000   0.0000   0.0000
    1321  -2.7955   2.0143  12.1235   0.0000   0.0000   0.0000
    1322  -2.7665   1.8955  11.9141   0.0000   0.0000   0.0000
    1323  -2.9956   1.4716  11.7392   0.0000   0.0000   0.0000
    1324  -2.9663   1.9624  12.8163   0.0000   0.0000   0.0000
    1325  -2.3476   2.0534  12.0524   0.0000   0.0000   0.0000
    1326  -2.5591   1.6203  11.6837   0.0000   0.0000   0.0000
    1327  -3.3340   1.7871  11.9082   0.0000   0.0000   0.0000
    1328  -3.7326   2.1741  11.9156   0.0000   0.0000   0.0000
    1329  -2.0001   2.8392  11.7825   0.0000   0.0000   0.0000
    1330  -2.4980   2.3719  12.2474   0.0000   0.0000   0.0000
    1331  -2.8219   2.3990  12.4552   0.0000   0.0000   0.0000
    1332  -3.1753   3.2506  11.8736   0.0000   0.0000   0.0000
    1333  -3.5377   3.6344  12.0128   0.0000   0.0000   0.0000
    1334  -3.1868   3.2543  12.4973   0.0000   0.0000   0.0000
    1335  -3.0169   3.6064  11.5513   0.0000   0.0000   0.0000
    1336  -2.4825   3.9579  12.0502   0.0000   0.0000   0.0000
    1337  -3.0404   3.6675  11.6289   0.0000   0.0000   0.0000
    1338  -2.9904   4.4830  11.4938   0.0000   0.0000   0.0000
    1339  -2.7096   4.3507  11.6188   0.0000   0.0000   0.0000
    1340  -3.3761   3.9582  12.0930   0.0000   0.0000   0.0000
    1341  -3.1581   3.8292  12.2876   0.0000   0.0000   0.0000
    1342  -3.3100   4.0238  12.4780   0.0000   0.0000   0.0000
    1343  -3.1698   3.1124  11.8190   0.0000   0.0000   0.0000
    1344  -3.4129   3.5450  11.8093   0.0000   0.0000   0.0000
    1345  -3.4730   3.7675  12.2248   0.0000   0.0000   0.0000
    1346  -3.1149   3.7140  12.4989   0.0000   0.0000   0.0000
    1347  -2.6425   3.4345  11.8815   0.0000   0.0000   0.0000
    1348  -3.7227   2.7093  11.6521   0.0000   0.0000   0.0000
    1349  -3.4985   2.9320  11.6042   0.0000   0.0000   0.0000
    1350  -2.8740   3.2699  11.1645   0.0000   0.0000   0.0000
    1351  -2.6493   2.7487  11.6372   0.0000   0.0000   0.0000
    1352  -2.8264   3.3216  11.7147   0.0000   0.0000   0.0000
    1353  -2.7694   4.1483  12.5045   0.0000   0.0000   0.0000
    1354  -2.6920   3.3527  12.1477   0.0000   0.0000   0.0000
    1355  -3.3240   3.2255  12.3347   0.0000   0.0000   0.0000
    1356  -3.4438   3.0504  11.7554   0.0000   0.0000   0.0000
    1357  -2.9688   2.2875  12.1572   0.0000   0.0000   0.0000
    1358  -2.9905   2.5654  12.3950   0.0000   0.0000   0.0000
    1359  -3.1912   2.4163  11.9966   0.0000   0.0000   0.0000
    1360  -3.1015   2.1596  12.7202   0.0000   0.0000   0.0000
    1361  -2.4957   2.5207  12.2161   0.0000   0.0000   0.0000
    1362  -2.5748   3.2517  11.3298   0.0000   0.0000   0.0000
    1363  -2.4860   3.8447  12.3910   0.0000   0.0000   0.0000
    1364  -2.7900   3.6295  11.4717   0.0000   0.0000   0.0000
    1365  -2.7395   3.4679  12.1336   0.0000   0.0000   0.0000
    1366  -3.7666   3.2524  11.5802   0.0000   0.0000   0.0000
    1367  -3.5024   3.8464  10.9362   0.0000   0.0000   0.0000
    1368  -3.6078   3.7662  11.6922   0.0000   0.0000   0.0000
    1369  -3.1725   3.9834  11.9006   0.0000   0.0000   0.0000
    1370  -3.5806   3.6477  11.2673   0.0000   0.0000   0.0000
    1371  -3.3755   3.0821  11.9348   0.0000   0.0000   0.0000
    1372  -4.1793   3.0569  11.7946   0.0000   0.0000   0.0000
    1373  -4.0799   3.9804  11.5547   0.0000   0.0000   0.0000
    1374  -3.8830   3.0303  11.1237   0.0000   0.0000   0.0000
    1375  -3.0739   2.5121  11.1039   0.0000   0.0000   0.0000
    1376  -3.5094   2.9618  11.2020   0.0000   0.0000   0.0000
    1377  -2.6967   3.2933  11.2796   0.0000   0.0000   0.0000
    1378  -2.7768   3.0730  11.0630   0.0000   0.0000   0.0000
    1379  -1.9404   2.9853  11.6744   0.0000   0.0000   0.0000
    1380  -3.6756   2.8932  11.9055   0.0000   0.0000   0.0000
    1381  -3.3665   2.3239  11.8470   0.0000   0.0000   0.0000
    1382  -3.3344   3.5361  11.9414   0.0000   0.0000   0.0000
    1383  -3.0174   1.8892  11.9670   0.0000   0.0000   0.0000
    1384  -3.1871   2.4639  13.2005   0.0000   0.0000   0.0000
    1385  -2.8162   2.3281  12.7311   0.0000   0.0000   0.0000
    1386  -1.6763   3.2847  12.1374   0.0000   0.0000   0.0000
    1387  -2.3229   3.3030  12.2807   0.0000   0.0000   0.0000
    1388  -1.5409   3.0617  12.0588   0.0000   0.0000   0.0000
    1389  -1.6382   3.1878  12.5517   0.0000   0.0000   0.0000
    1390  -0.6750   3.4988  11.4154   0.0000   0.0000   0.0000
    1391  -1.2390   3.4270  12.3874   0.0000   0.0000   0.0000
    1392  -1.7615   3.3385  12.5873   0.0000   0.0000   0.0000
    1393  -1.5448   2.4235  13.2576   0.0000   0.0000   0.0000
    1394  -1.9418   2.6979  12.5930   0.0000   0.0000   0.0000
    1395  -2.4854   2.9303  12.7471   0.0000   0.0000   0.0000
    1396  -2.2074   1.6975  12.0692   0.0000   0.0000   0.0000
    1397  -1.8787   2.5594  12.1979   0.0000   0.0000   0.0000
    1398  -1.8422   2.3091  12.2410   0.0000   0.0000   0.0000
    1399  -1.4818   2.2954  10.9565   0.0000   0.0000   0.0000
    1400  -1.9310   2.8267  11.3929   0.0000   0.0000   0.0000
    1401  -2.6141   3.0177  11.1730   0.0000   0.0000   0.0000
    1402  -2.4073   3.3288  10.8247   0.0000   0.0000   0.0000
    1403  -1.7399   1.9881  11.0207   0.0000   0.0000   0.0000
    1404  -1.7281   2.1137  10.3497   0.0000   0.0000   0.0000
    1405  -0.9363   2.9980  10.4773   0.0000   0.0000   0.0000
    1406  -2.1221   1.6987  10.4212   0.0000   0.0000   0.0000
    1407  -2.0239   2.2909  10.1761   0.0000   0.0000   0.0000
    1408  -2.0938   2.4480  10.7708   0.0000   0.0000   0.0000
    1409  -2.8448   2.2397  10.3325   0.0000   0.0000   0.0000
    1410  -2.3522   2.5237   9.8747   0.0000   0.0000   0.0000
    1411  -1.2130   2.0992   9.7980   0.0000   0.0000   0.0000
    1412  -1.4473   2.8089   9.5347   0.0000   0.0000   0.0000
    1413  -1.8677   2.6780  10.2260   0.0000   0.0000   0.0000
    1414  -2.9687   2.7864   9.8709   0.0000   0.0000   0.0000
    1415  -2.7071   2.5454  10.7251   0.0000   0.0000   0.0000
    1416  -2.6479   2.3956  10.4545   0.0000   0.0000   0.0000
    1417  -2.5153   1.3855  10.5618   0.0000   0.0000   0.0000
    1418  -2.7386   1.7631  11.1234   0.0000   0.0000   0.0000
    1419  -3.6441   1.6277  11.2473   0.0000   0.0000   0.0000
    1420  -2.3939   1.9388  10.6451   0.0000   0.0000   0.0000
    1421  -2.3691   2.8508  11.1385   0.0000   0.0000   0.0000
    1422  -2.8557   2.3651  11.0016   0.0000   0.0000   0.0000
    1423  -2.1070   2.0488  10.8155   0.0000   0.0000   0.0000
    1424  -0.9008   1.7935  10.8008   0.0000   0.0000   0.0000
    1425  -1.7500   2.1907  11.3369   0.0000   0.0000   0.0000
    1426  -2.0728   2.6040  11.0973   0.0000   0.0000   0.0000
    1427  -2.1650   1.8514  10.9219   0.0000   0.0000   0.0000
    1428  -2.4912   1.9736  12.2467   0.0000   0.0000   0.0000
    1429  -2.4960   1.4564  11.5962   0.0000   0.0000   0.0000
    1430  -2.8789   2.4859  11.7119   0.0000   0.0000   0.0000
    1431  -2.5718   1.1698  10.9601   0.0000   0.0000   0.0000
    1432  -1.8920   1.9306  10.9876   0.0000   0.0000   0.0000
    1433  -3.3368   1.5900  10.9367   0.0000   0.0000   0.0000
    1434  -2.0873   1.0959  10.6857   0.0000   0.0000   0.0000
    1435  -2.2528   1.9173  11.1428   0.0000   0.0000   0.0000
    1436  -2.4082   1.9314  10.5833   0.0000   0.0000   0.0000
    1437  -2.6099   2.3580  10.5502   0.0000   0.0000   0.0000
    1438  -2.5114   1.7994  11.3865   0.0000   0.0000   0.0000
    1439  -2.3981   1.7338  11.3252   0.0000   0.0000   0.0000
    1440  -2.6247   2.4172  10.9634   0.0000   0.0000   0.0000
    1441  -2.1631   2.4761  11.6860   0.0000   0.0000   0.0000
    1442  -2.6314   2.4283  10.4957   0.0000   0.0000   0.0000
    1443  -2.4272   2.2356  10.4115   0.0000   0.0000   0.0000
    1444  -2.6066   2.4728  11.1090   0.0000   0.0000   0.0000
    1445  -1.6571   2.0685  11.6327   0.0000   0.0000   0.0000
    1446  -2.0897   2.7389  11.8638   0.0000   0.0000   0.0000
    1447  -2.8649   3.1753  12.1083   0.0000   0.0000   0.0000
    1448  -2.7617   2.3997  11.7779   0.0000   0.0000   0.0000
    1449  -2.9479   2.9236  10.8645   0.0000   0.0000   0.0000
    1450  -2.3570   2.1478  11.8888   0.0000   0.0000   0.0000
    1451  -2.6786   2.6461  11.8502   0.0000   0.0000   0.0000
    1452  -1.8652   1.7675  12.2488   0.0000   0.0000   0.0000
    1453  -1.1498   2.4952  11.8001   0.0000   0.0000   0.0000
    1454  -1.8681   1.5892  12.0929   0.0000   0.0000   0.0000
    1455  -1.2151   1.7808  11.9378   0.0000   0.0000   0.0000
    1456  -1.5322   1.8489  11.8955   0.0000   0.0000   0.0000
    1457  -1.8520   1.2065  12.1577   0.0000   0.0000   0.0000
    1458  -1.6406   1.4712  12.0998   0.0000   0.0000   0.0000
    1459  -1.3450   2.5185  12.5695   0.0000   0.0000   0.0000
    1460  -1.6665   3.9689  12.6229   0.0000   0.0000   0.0000
    1461  -1.7240   2.5970  12.6582   0.0000   0.0000   0.0000
    1462  -1.0656   1.6062  12.8602   0.0000   0.0000   0.0000
    1463  -1.4695   2.2701  12.4034   0.0000   0.0000   0.0000
    1464  -1.2239   2.6306  12.1478   0.0000   0.0000   0.0000
    1465  -1.0590   3.0945  12.1744   0.0000   0.0000   0.0000
    1466  -1.1542   3.1536  11.7623   0.0000   0.0000   0.0000
    1467  -1.8230   2.2716  12.2923   0.0000   0.0000   0.0000
    1468  -0.4020   2.2784  12.7644   0.0000   0.0000   0.0000
    1469  -1.7240   2.5871  12.6601   0.0000   0.0000   0.0000
    1470  -1.6363   1.9864  12.0996   0.0000   0.0000   0.0000
    1471  -1.8654   2.1368  12.6138   0.0000   0.0000   0.0000
    1472  -1.3540   1.4091  13.0718   0.0000   0.0000   0.0000
    1473  -1.0350   2.0369  12.4917   0.0000   0.0000   0.0000
    1474  -0.8523   0.9272  12.6299   0.0000   0.0000   0.0000
    1475  -2.0939   1.7081  12.8398   0.0000   0.0000   0.0000
    1476  -1.7379   1.4193  12.9541   0.0000   0.0000   0.0000
    1477  -1.7155   1.8583  12.6455   0.0000   0.0000   0.0000
    1478  -1.9117   1.9519  12.3185   0.0000   0.0000   0.0000
    1479  -2.4679   1.6286  12.0328   0.0000   0.0000   0.0000
    1480  -2.1318   2.5092  11.7599   0.0000   0.0000   0.0000
    1481  -1.7913   2.3951  12.5566   0.0000   0.0000   0.0000
    1482  -1.3880   1.3344  12.2271   0.0000   0.0000   0.0000
    1483  -1.5843   1.1603  12.0769   0.0000   0.0000   0.0000
    1484  -1.8287   0.8554  12.6602   0.0000   0.0000   0.0000
    1485  -2.3541   1.8947  11.9927   0.0000   0.0000   0.0000
    1486  -2.1640   1.6900  12.0687   0.0000   0.0000   0.0000
    1487  -2.3104   1.5618  12.3188   0.0000   0.0000   0.0000
    1488  -1.9553   1.3145  12.4024   0.0000   0.0000   0.0000
    1489  -1.8493   1.6115  12.5306   0.0000   0.0000   0.0000
    1490  -1.3645   2.1679  12.5497   0.0000   0.0000   0.0000
    1491  -0.7885   1.8942  12.7981   0.0000   0.0000   0.0000
    1492  -1.0475   1.8233  12.7067   0.0000   0.0000   0.0000
    1493  -1.3098   1.7913  12.6685   0.0000   0.0000   0.0000
    1494  -1.3532   1.4883  12.1161   0.0000   0.0000   0.0000
    1495  -1.6522   1.8818  12.9331   0.0000   0.0000   0.0000
    1496  -1.2817   1.9326  12.2142   0.0000   0.0000   0.0000
    1497  -1.9816   2.0335  11.7236   0.0000   0.0000   0.0000
    1498  -1.3059   1.8858  12.2564   0.0000   0.0000   0.0000
    1499  -1.6435   1.9766  12.4072   0.0000   0.0000   0.0000
    1500  -1.5177   2.2055  13.1495   0.0000   0.0000   0.0000
    1501  -1.6159   1.5383  12.8111   0.0000   0.0000   0.0000
    1502  -1.3222   2.2258  13.2660   0.0000   0.0000   0.0000
    1503  -1.1608   2.6951  12.8608   0.0000   0.0000   0.0000
    1504  -1.2975   2.1881  13.2272   0.0000   0.0000   0.0000
    1505  -2.0198   1.8820  13.4630   0.0000   0.0000   0.0000
    1506  -1.7205   2.2108  13.5244   0.0000   0.0000   0.0000
    1507  -1.1310   1.3048  13.7432   0.0000   0.0000   0.0000
    1508  -1.7464   1.6805  13.9999   0.0000   0.0000   0.0000
    1509  -1.2864   1.4623  13.2462   0.0000   0.0000   0.0000
    1510  -1.8024   3.0715  13.0585   0.0000   0.0000   0.0000
    1511  -1.7494   2.0457  12.9741   0.0000   0.0000   0.0000
    1512  -1.3293   2.0950  13.2348   0.0000   0.0000   0.0000
    1513  -2.0359   2.5195  12.8568   0.0000   0.0000   0.0000
    1514  -1.6755   0.8592  12.7670   0.0000   0.0000   0.0000
    1515  -1.3670   1.7873  13.3591   0.0000   0.0000   0.0000
    1516  -1.3056   1.0524  12.4444   0.0000   0.0000   0.0000
    1517  -1.7477   1.0534  11.9660   0.0000   0.0000   0.0000
    1518  -1.3565   1.3348  11.9345   0.0000   0.0000   0.0000
    1519  -1.2813   0.7070  12.8113   0.0000   0.0000   0.0000
    1520  -1.7222   0.9707  12.9036   0.0000   0.0000   0.0000
    1521  -2.1660   0.9024  12.6965   0.0000   0.0000   0.0000
    1522  -1.8163   1.0693  13.2850   0.0000   0.0000   0.0000
    1523  -1.8095   2.1225  11.8174   0.0000   0.0000   0.0000
    1524  -2.6065   1.9712  12.4475   0.0000   0.0000   0.0000
    1525  -1.9847   1.6313  12.7134   0.0000   0.0000   0.0000
    1526  -1.4672   1.3429  12.3651   0.0000   0.0000   0.0000
    1527  -1.4353   1.6566  12.8528   0.0000   0.0000   0.0000
    1528  -1.3879   1.8365  11.9241   0.0000   0.0000   0.0000
    1529  -2.8101   1.5510  12.1692   0.0000   0.0000   0.0000
    1530  -2.1207   1.5076  12.3908   0.0000   0.0000   0.0000
    1531  -1.6894   1.9645  11.3339   0.0000   0.0000   0.0000
    1532  -1.8055   1.7014  11.8815   0.0000   0.0000   0.0000
    1533  -2.6153   1.8185  11.7304   0.0000   0.0000   0.0000
    1534  -2.6160   2.3563  11.3502   0.0000   0.0000   0.0000
    1535  -2.3301   2.0814  12.1045   0.0000   0.0000   0.0000
    1536  -2.8764   2.5210  12.4111   0.0000   0.0000   0.0000
    1537  -2.4452   1.4865  11.6765   0.0000   0.0000   0.0000
    1538  -3.7989   2.0714  12.1054   0.0000   0.0000   0.0000
    1539  -3.1315   1.9688  12.2933   0.0000   0.0000   0.0000
    1540  -2.6578   2.0577  11.9068   0.0000   0.0000   0.0000
    1541  -3.6395   2.3482  12.2738   0.0000   0.0000   0.0000
    1542  -2.9172   1.8157  12.1787   0.0000   0.0000   0.0000
    1543  -2.7996   1.6752  12.2866   0.0000   0.0000   0.0000
    1544  -3.0304   1.3728  11.9247   0.0000   0.0000   0.0000
    1545  -3.0972   1.9314  11.6506   0.0000   0.0000   0.0000
    1546  -3.8906   1.8618  10.9965   0.0000   0.0000   0.0000
    1547  -3.3732   1.9226  10.5776   0.0000   0.0000   0.0000
    1548  -3.1018   1.9026  10.6460   0.0000   0.0000   0.0000
    1549  -2.8062   2.2618  10.6653   0.0000   0.0000   0.0000
    1550  -1.9015   1.7335  10.7865   0.0000   0.0000   0.0000
    1551  -3.6928   1.7009  10.1580   0.0000   0.0000   0.0000
    1552  -3.7983   2.0218  10.1051   0.0000   0.0000   0.0000
    1553  -3.1898   2.2719  10.4794   0.0000   0.0000   0.0000
    1554  -3.6921   2.6452  11.2209   0.0000   0.0000   0.0000
    1555  -3.3792   2.7022  11.5842   0.0000   0.0000   0.0000
    1556  -3.3312   2.2076  11.9116   0.0000   0.0000   0.0000
    1557  -2.1922   2.5205  10.9238   0.0000   0.0000   0.0000
    1558  -2.9102   2.5326  10.8415   0.0000   0.0000   0.0000
    1559  -2.7980   2.1928  10.7901   0.0000   0.0000   0.0000
    1560  -2.5727   1.5516  10.2377   0.0000   0.0000   0.0000
    1561  -2.5513   1.1630  11.3165   0.0000   0.0000   0.0000
    1562  -3.6347   1.3176  11.8774   0.0000   0.0000   0.0000
    1563  -2.5063   1.8576  12.0574   0.0000   0.0000   0.0000
    1564  -3.2166   2.0929  11.5778   0.0000   0.0000   0.0000
    1565  -3.0523   1.7831  11.3787   0.0000   0.0000   0.0000
    1566  -2.9371   1.3986  11.1914   0.0000   0.0000   0.0000
    1567  -2.8243   1.8965  12.2770   0.0000   0.0000   0.0000
    1568  -2.9863   2.3069  11.5482   0.0000   0.0000   0.0000
    1569  -2.1748   1.6436  11.8116   0.0000   0.0000   0.0000
    1570  -2.4213   1.7877  11.4534   0.0000   0.0000   0.0000
    1571  -2.4743   2.1233  11.0045   0.0000   0.0000   0.0000
    1572  -1.8588   1.6231  10.4218   0.0000   0.0000   0.0000
    1573  -2.0082   1.6300  10.2760   0.0000   0.0000   0.0000
    1574  -1.6631   2.3295  10.2323   0.0000   0.0000   0.0000
    1575  -1.2617   1.9611  10.8455   0.0000   0.0000   0.0000
    1576  -1.3686   1.4376  11.1199   0.0000   0.0000   0.0000
    1577  -2.1101   1.8912  10.9570   0.0000   0.0000   0.0000
    1578  -1.2403   1.8973  10.9717   0.0000   0.0000   0.0000
    1579  -1.6625   1.7084  10.9737   0.0000   0.0000   0.0000
    1580  -0.8385   2.9199  10.9094   0.0000   0.0000   0.0000
    1581  -1.7361   2.6981  11.2765   0.0000   0.0000   0.0000
    1582  -1.8784   1.8153  11.0604   0.0000   0.0000   0.0000
    1583  -1.9587   2.2833  10.7150   0.0000   0.0000   0.0000
    1584  -2.0240   2.8530  11.1553   0.0000   0.0000   0.0000
    1585  -1.9468   2.2128  10.8401   0.0000   0.0000   0.0000
    1586  -1.6720   2.3066  10.9949   0.0000   0.0000   0.0000
    1587  -1.5931   3.1132  11.0389   0.0000   0.0000   0.0000
    1588  -1.7593   3.0415  11.0572   0.0000   0.0000   0.0000
    1589  -1.6580   2.6025  10.4153   0.0000   0.0000   0.0000
    1590   0.0822   2.3074  10.8054   0.0000   0.0000   0.0000
    1591  -1.1877   3.0529  10.9624   0.0000   0.0000   0.0000
    1592  -1.8370   2.0351  10.7113   0.0000   0.0000   0.0000
    1593  -1.6833   1.7086  10.7400   0.0000   0.0000   0.0000
    1594  -1.1748   1.5877  11.6819   0.0000   0.0000   0.0000
    1595  -2.2324   1.5200  11.9192   0.0000   0.0000   0.0000
    1596  -2.2819   1.8083  11.2667   0.0000   0.0000   0.0000
    1597  -2.2670   2.5220  11.5420   0.0000   0.0000   0.0000
    1598  -1.7271   1.8694  11.5058   0.0000   0.0000   0.0000
    1599  -2.0627   1.2340  12.4820   0.0000   0.0000   0.0000
    1600  -2.0156   1.2185  11.9253   0.0000   0.0000   0.0000
    1601  -2.5202   1.9772  11.3807   0.0000   0.0000   0.0000
    1602  -2.1970   1.4682  11.4242   0.0000   0.0000   0.0000
    1603  -2.1246   1.1339  12.1841   0.0000   0.0000   0.0000
    1604  -2.6538   0.8927  11.6757   0.0000   0.0000   0.0000
    1605  -2.9920   1.9630  12.2294   0.0000   0.0000   0.0000
    1606  -2.1932   1.7688  12.3100   0.0000   0.0000   0.0000
    1607  -2.1249   2.4600  11.8880   0.0000   0.0000   0.0000
    1608  -1.7667   2.2670  11.0236   0.0000   0.0000   0.0000
    1609  -1.8968   1.9956  12.1512   0.0000   0.0000   0.0000
    1610  -2.9065   2.1775  11.7219   0.0000   0.0000   0.0000
    1611  -2.3577   1.6835  11.4915   0.0000   0.0000   0.0000
    1612  -2.6250   1.8264  11.1566   0.0000   0.0000   0.0000
    1613  -2.5109   1.5403  12.1348   0.0000   0.0000   0.0000
    1614  -2.0953   1.9288  11.6421   0.0000   0.0000   0.0000
    1615  -1.6246   2.5456  11.7214   0.0000   0.0000   0.0000
    1616  -0.7941   2.3781  12.1042   0.0000   0.0000   0.0000
    1617  -0.9454   2.1069  12.4493   0.0000   0.0000   0.0000
    1618  -1.2948   1.8530  12.8982   0.0000   0.0000   0.0000
    1619  -1.2217   1.4854  12.4252   0.0000   0.0000   0.0000
    1620  -0.8989   1.3440  13.0342   0.0000   0.0000   0.0000
    1621  -0.3483   0.9015  13.4903   0.0000   0.0000   0.0000
    1622  -0.7169   1.5114  12.7421   0.0000   0.0000   0.0000
    1623  -0.3231   1.2823  12.7367   0.0000   0.0000   0.0000
    1624  -1.3117   1.7957  13.1952   0.0000   0.0000   0.0000
    1625  -1.2315   1.3642  13.0655   0.0000   0.0000   0.0000
    1626  -0.9346   1.2026  14.4713   0.0000   0.0000   0.0000
    1627  -0.8344   2.4463  13.6668   0.0000   0.0000   0.0000
    1628  -0.9793   2.4212  12.5748   0.0000   0.0000   0.0000
    1629  -1.2971   1.5130  13.2565   0.0000   0.0000   0.0000
    1630  -0.9799   1.8191  13.9404   0.0000   0.0000   0.0000
    1631  -1.4236   1.6249  14.0432   0.0000   0.0000   0.0000
    1632  -1.1062   1.7574  14.0860   0.0000   0.0000   0.0000
    1633  -1.1316   1.8227  14.0837   0.0000   0.0000   0.0000
    1634  -0.4898   1.4525  14.2106   0.0000   0.0000   0.0000
    1635  -1.2258   1.6189  13.6795   0.0000   0.0000   0.0000
    1636  -1.3324   2.0688  14.0868   0.0000   0.0000   0.0000
    1637  -1.2770   2.0819  13.7271   0.0000   0.0000   0.0000
    1638  -1.2973   1.5212  13.9715   0.0000   0.0000   0.0000
    1639  -1.6984   1.4164  13.6824   0.0000   0.0000   0.0000
    1640  -1.2157   1.4665  14.0131   0.0000   0.0000   0.0000
    1641  -2.0344   1.1751  14.3119   0.0000   0.0000   0.0000
    1642  -1.5664   1.5027  14.0300   0.0000   0.0000   0.0000
    1643  -1.5506   1.6418  12.5968   0.0000   0.0000   0.0000
    1644  -2.0847   1.6125  13.0577   0.0000   0.0000   0.0000
    1645  -2.0261   2.5407  13.5733   0.0000   0.0000   0.0000
    1646  -1.6770   2.2169  13.7087   0.0000   0.0000   0.0000
    1647  -1.7022   2.4984  13.4906   0.0000   0.0000   0.0000
    1648  -1.7821   2.8941  13.2816   0.0000   0.0000   0.0000
    1649  -2.2923   2.7177  13.4285   0.0000   0.0000   0.0000
    1650  -1.8963   2.1651  12.8878   0.0000   0.0000   0.0000
    1651  -2.0562   2.4468  12.8535   0.0000   0.0000   0.0000
    1652  -2.0429   2.1888  12.8983   0.0000   0.0000   0.0000
    1653  -1.7165   2.0642  13.2421   0.0000   0.0000   0.0000
    1654  -2.2199   2.5296  12.7741   0.0000   0.0000   0.0000
    1655  -2.2572   1.9371  13.4382   0.0000   0.0000   0.0000
    1656  -2.8127   1.2249  12.8402   0.0000   0.0000   0.0000
    1657  -2.2814   2.2930  13.0635   0.0000   0.0000   0.0000
    1658  -2.2415   2.4596  13.2843   0.0000   0.0000   0.0000
    1659  -1.7710   2.1113  13.4454   0.0000   0.0000   0.0000
    1660  -2.2028   2.7604  12.6942   0.0000   0.0000   0.0000
    1661  -2.8658   1.6112  13.0936   0.0000   0.0000   0.0000
    1662  -2.4073   1.2375  12.5404   0.0000   0.0000   0.0000
    1663  -2.6175   1.5525  12.9549   0.0000   0.0000   0.0000
    1664  -2.8355   1.1782  13.0292   0.0000   0.0000   0.0000
    1665  -1.9991   1.4672  12.8174   0.0000   0.0000   0.0000
    1666  -2.0073   2.1067  13.1910   0.0000   0.0000   0.0000
    1667  -2.8771   2.2207  12.5006   0.0000   0.0000   0.0000
    1668  -3.1252   1.1341  13.0770   0.0000   0.0000   0.0000
    1669  -3.1730   1.4494  12.9059   0.0000   0.0000   0.0000
    1670  -2.8543   0.7301  12.4117   0.0000   0.0000   0.0000
    1671  -1.6774   0.3597  12.6406   0.0000   0.0000   0.0000
    1672  -2.7561   1.0633  13.2071   0.0000   0.0000   0.0000
    1673  -3.3193   1.2777  12.6363   0.0000   0.0000   0.0000
    1674  -3.5828   1.4152  13.2352   0.0000   0.0000   0.0000
    1675  -3.1838   0.3232  13.3671   0.0000   0.0000   0.0000
    1676  -3.5007   0.8590  13.8572   0.0000   0.0000   0.0000
    1677  -3.3518   0.8186  12.8181   0.0000   0.0000   0.0000
    1678  -4.1324   0.8074  13.1606   0.0000   0.0000   0.0000
    1679  -3.3589   1.4988  13.3286   0.0000   0.0000   0.0000
    1680  -3.1620   0.8873  12.7081   0.0000   0.0000   0.0000
    1681  -3.9195   1.4966  12.8088   0.0000   0.0000   0.0000
    1682  -3.7359   1.2271  12.3323   0.0000   0.0000   0.0000
    1683  -3.7556   1.0896  12.7905   0.0000   0.0000   0.0000
    1684  -3.9974   1.4110  12.3024   0.0000   0.0000   0.0000
    1685  -4.2087   2.0841  12.9724   0.0000   0.0000   0.0000
    1686  -3.4967   1.9881  13.0189   0.0000   0.0000   0.0000
    1687  -3.6421   1.8613  13.0626   0.0000   0.0000   0.0000
    1688  -3.9382   2.8703  12.7175   0.0000   0.0000   0.0000
    1689  -4.5128   2.6538  11.9972   0.0000   0.0000   0.0000
    1690  -3.2310   2.1284  12.3116   0.0000   0.0000   0.0000
    1691  -3.7018   1.9894  11.8335   0.0000   0.0000   0.0000
    1692  -2.9538   2.4978  11.8157   0.0000   0.0000   0.0000
    1693  -3.2016   1.8845  11.4446   0.0000   0.0000   0.0000
    1694  -2.2067   0.7703  11.8075   0.0000   0.0000   0.0000
    1695  -2.5317   0.7344  11.3797   0.0000   0.0000   0.0000
    1696  -2.5182   1.3664  11.5096   0.0000   0.0000   0.0000
    1697  -2.3620   1.6729  11.9017   0.0000   0.0000   0.0000
    1698  -3.0424   1.3311  11.3766   0.0000   0.0000   0.0000
    1699  -2.6440   2.1267  11.3959   0.0000   0.0000   0.0000
    1700  -2.6404   1.7437  11.9702   0.0000   0.0000   0.0000
    1701  -3.2034   1.8681  11.0764   0.0000   0.0000   0.0000
    1702  -3.7204   2.6099  11.6938   0.0000   0.0000   0.0000
    1703  -2.8210   2.7905  11.7008   0.0000   0.0000   0.0000
    1704  -3.2104   2.7017  11.4327   0.0000   0.0000   0.0000
    1705  -3.0459   2.0260  11.6148   0.0000   0.0000   0.0000
    1706  -3.3985   1.0497  11.3536   0.0000   0.0000   0.0000
    1707  -2.7085   0.8049  11.6759   0.0000   0.0000   0.0000
    1708  -2.5336   1.2532  11.7099   0.0000   0.0000   0.0000
    1709  -2.0253   1.2916  11.8048   0.0000   0.0000   0.0000
    1710  -2.1172   1.4077  11.7787   0.0000   0.0000   0.0000
    1711  -2.0578   1.3446  11.5543   0.0000   0.0000   0.0000
    1712  -2.2298   0.9703  12.8598   0.0000   0.0000   0.0000
    1713  -2.3823   2.2228  11.4284   0.0000   0.0000   0.0000
    1714  -2.6459   1.3027  11.5009   0.0000   0.0000   0.0000
    1715  -2.8550   1.9914  12.6894   0.0000   0.0000   0.0000
    1716  -1.9078   1.7652  13.0146   0.0000   0.0000   0.0000
    1717  -2.2746   1.3295  12.6336   0.0000   0.0000   0.0000
    1718  -2.3108   1.7497  13.3840   0.0000   0.0000   0.0000
    1719  -2.6569   1.2779  12.4733   0.0000   0.0000   0.0000
    1720  -1.6052   0.7129  13.3929   0.0000   0.0000   0.0000
    1721  -1.5565   0.9941  14.0059   0.0000   0.0000   0.0000
    1722  -2.0840   1.4172  13.6354   0.0000   0.0000   0.0000
    1723  -1.5601   1.2545  13.7724   0.0000   0.0000   0.0000
    1724  -2.2774   1.6750  14.2363   0.0000   0.0000   0.0000
    1725  -2.5304   1.4915  14.0532   0.0000   0.0000   0.0000
    1726  -2.0145   0.6963  14.1391   0.0000   0.0000   0.0000
    1727  -2.3442   0.7751  13.9193   0.0000   0.0000   0.0000
    1728  -2.7217   1.3907  13.0684   0.0000   0.0000   0.0000
    1729  -2.9028   1.7847  13.5293   0.0000   0.0000   0.0000
    1730  -2.5554   1.5240  13.8746   0.0000   0.0000   0.0000
    1731  -2.2482   2.6343  13.7800   0.0000   0.0000   0.0000
    1732  -2.3522   1.5545  13.8882   0.0000   0.0000   0.0000
    1733  -1.9310   1.3928  14.0446   0.0000   0.0000   0.0000
    1734  -2.6483   2.1321  14.5537   0.0000   0.0000   0.0000
    1735  -2.2087   1.5323  13.9190   0.0000   0.0000   0.0000
    1736  -2.8353   1.9514  13.4509   0.0000   0.0000   0.0000
    1737  -2.2309   1.6560  13.3387   0.0000   0.0000   0.0000
    1738  -2.7433   2.2532  13.2813   0.0000   0.0000   0.0000
    1739  -3.0890   1.3822  13.0943   0.0000   0.0000   0.0000
    1740  -3.6278   2.3905  13.1230   0.0000   0.0000   0.0000
    1741  -2.7116   1.6548  13.8189   0.0000   0.0000   0.0000
    1742  -3.6372   2.3803  13.8620   0.0000   0.0000   0.0000
    1743  -3.4049   2.1368  13.5158   0.0000   0.0000   0.0000
    1744  -2.8750   2.5593  13.5758   0.0000   0.0000   0.0000
    1745  -3.3711   2.1331  13.6089   0.0000   0.0000   0.0000
    1746  -3.0926   0.9599  13.8381   0.0000   0.0000   0.0000
    1747  -3.8657   0.8507  13.3026   0.0000   0.0000   0.0000
    1748  -3.2056   1.8732  13.0527   0.0000   0.0000   0.0000
    1749  -1.7597   1.9100  12.2196   0.0000   0.0000   0.0000
    1750  -2.3171   1.7135  12.6844   0.0000   0.0000   0.0000
    1751  -2.5918   0.8603  12.9940   0.0000   0.0000   0.0000
    1752  -2.8102   1.2036  13.6171   0.0000   0.0000   0.0000
    1753  -3.4067   0.8345  14.1389   0.0000   0.0000   0.0000
    1754  -2.9918  -0.0454  12.9030   0.0000   0.0000   0.0000
    1755  -2.9427   0.1849  13.6338   0.0000   0.0000   0.0000
    1756  -2.0404   0.4598  13.4194   0.0000   0.0000   0.0000
    1757  -3.4146   1.6239  13.0020   0.0000   0.0000   0.0000
    1758  -3.3389   0.6837  12.7677   0.0000   0.0000   0.0000
    1759  -3.6304   1.1573  12.5658   0.0000   0.0000   0.0000
    1760  -3.2889   1.7924  12.2503   0.0000   0.0000   0.0000
    1761  -2.8530   1.9900  12.2336   0.0000   0.0000   0.0000
    1762  -2.8539   1.0384  12.6986   0.0000   0.0000   0.0000
    1763  -2.2534   1.2163  12.9667   0.0000   0.0000   0.0000
    1764  -2.1029   1.6763  12.7268   0.0000   0.0000   0.0000
    1765  -2.6224   1.2538  13.0918   0.0000   0.0000   0.0000
    1766  -3.1261  -0.0139  13.1069   0.0000   0.0000   0.0000
    1767  -3.1602  -0.2197  12.7249   0.0000   0.0000   0.0000
    1768  -3.8048   0.4150  13.6629   0.0000   0.0000   0.0000
    1769  -3.1203   1.0184  12.9502   0.0000   0.0000   0.0000
    1770  -3.5628   0.4279  12.8562   0.0000   0.0000   0.0000
    1771  -3.3322   1.6688  13.0251   0.0000   0.0000   0.0000
    1772  -3.2778   1.0596  12.2794   0.0000   0.0000   0.0000
    1773  -2.7583   1.6871  11.8513   0.0000   0.0000   0.0000
    1774  -3.3597   1.2925  11.6884   0.0000   0.0000   0.0000
    1775  -2.9065   0.2155  11.5310   0.0000   0.0000   0.0000
    1776  -3.8117   1.1710  11.2859   0.0000   0.0000   0.0000
    1777  -3.5727   0.3234  11.5546   0.0000   0.0000   0.0000
    1778  -3.6291   0.5528  12.3349   0.0000   0.0000   0.0000
    1779  -3.1476  -0.4627  11.4963   0.0000   0.0000   0.0000
    1780  -3.3099  -0.6809  12.1396   0.0000   0.0000   0.0000
    1781  -2.7782  -0.2082  12.3779   0.0000   0.0000   0.0000
    1782  -2.6369  -0.7825  13.0805   0.0000   0.0000   0.0000
    1783  -2.3799   0.1508  12.8459   0.0000   0.0000   0.0000
    1784  -1.8581  -0.9184  12.6631   0.0000   0.0000   0.0000
    1785  -2.4114  -0.4584  12.2340   0.0000   0.0000   0.0000
    1786  -2.6387   0.2249  12.5685   0.0000   0.0000   0.0000
    1787  -2.7795   0.1966  12.2230   0.0000   0.0000   0.0000
    1788  -3.2830   0.0626  12.2351   0.0000   0.0000   0.0000
    1789  -2.7698   0.6355  12.1236   0.0000   0.0000   0.0000
    1790  -2.2780   0.4219  12.0746   0.0000   0.0000   0.0000
    1791  -2.8027   0.8235  12.3393   0.0000   0.0000   0.0000
    1792  -3.1884   0.3644  11.7793   0.0000   0.0000   0.0000
    1793  -3.5223   0.3584  11.4146   0.0000   0.0000   0.0000
    1794  -3.0619   0.8938  11.3174   0.0000   0.0000   0.0000
    1795  -3.6387   0.9355  11.7272   0.0000   0.0000   0.0000
    1796  -3.7697   0.9255  11.6204   0.0000   0.0000   0.0000
    1797  -3.5509   1.5542  11.9303   0.0000   0.0000   0.0000
    1798  -3.5273   1.7132  11.3083   0.0000   0.0000   0.0000
    1799  -3.5820   2.2995  11.0686   0.0000   0.0000   0.0000
    1800  -3.4624   1.3961  11.0615   0.0000   0.0000   0.0000
    1801  -3.1887   1.6369  11.2345   0.0000   0.0000   0.0000
    1802  -3.5189   1.2745  11.1837   0.0000   0.0000   0.0000
    1803  -3.3085   0.6743  11.4530   0.0000   0.0000   0.0000
    1804  -2.6077   0.9092  11.0599   0.0000   0.0000   0.0000
    1805  -2.1813   0.8325  11.2137   0.0000   0.0000   0.0000
    1806  -2.5299   0.6296  11.1521   0.0000   0.0000   0.0000
    1807  -2.7738   0.4183  10.9891   0.0000   0.0000   0.0000
    1808  -2.2915   0.4620  11.4500   0.0000   0.0000   0.0000
    1809  -3.1387   0.1051  11.4208   0.0000   0.0000   0.0000
    1810  -2.7804   0.1116  11.4162   0.0000   0.0000   0.0000
    1811  -3.2771  -0.0835  11.1528   0.0000   0.0000   0.0000
    1812  -2.5545  -0.0576  10.9070   0.0000   0.0000   0.0000
    1813  -1.5738   0.3833  11.4830   0.0000   0.0000   0.0000
    1814  -1.7267   0.7537  10.6222   0.0000   0.0000   0.0000
    1815  -2.1454  -0.3589  10.8239   0.0000   0.0000   0.0000
    1816  -2.2029   0.7063  10.7908   0.0000   0.0000   0.0000
    1817  -1.9568   0.7422  11.5106   0.0000   0.0000   0.0000
    1818  -2.7178   0.8392  11.2000   0.0000   0.0000   0.0000
    1819  -2.6326   1.0830  10.6660   0.0000   0.0000   0.0000
    1820  -1.9523   1.1492  10.4517   0.0000   0.0000   0.0000
    1821  -1.6109   0.0920  10.3354   0.0000   0.0000   0.0000
    1822  -1.9993  -0.0193  10.8262   0.0000   0.0000   0.0000
    1823  -1.7097  -0.1793  10.6435   0.0000   0.0000   0.0000
    1824  -1.8508   0.7386  10.5771   0.0000   0.0000   0.0000
    1825  -2.4587   0.2978  11.5170   0.0000   0.0000   0.0000
    1826  -2.0313   0.1038  11.2713   0.0000   0.0000   0.0000
    1827  -1.8655   0.7384  11.3847   0.0000   0.0000   0.0000
    1828  -2.4643   0.6939  11.5193   0.0000   0.0000   0.0000
    1829  -1.8890   1.0312  11.5965   0.0000   0.0000   0.0000
    1830  -1.9301   0.9847  11.1369   0.0000   0.0000   0.0000
    1831  -1.6873   0.7659  11.6167   0.0000   0.0000   0.0000
    1832  -2.2401   1.2025  11.8315   0.0000   0.0000   0.0000
    1833  -1.5210   1.1091  11.8024   0.0000   0.0000   0.0000
    1834  -1.8890   0.9231  10.9769   0.0000   0.0000   0.0000
    1835  -1.2553  -0.0823  11.0728   0.0000   0.0000   0.0000
    1836  -2.6871  -0.1817  11.5431   0.0000   0.0000   0.0000
    1837  -2.6117   1.0245  11.4464   0.0000   0.0000   0.0000
    1838  -2.5636   1.1878  12.0387   0.0000   0.0000   0.0000
    1839  -2.2713   1.2555  11.5752   0.0000   0.0000   0.0000
    1840  -2.5617   1.3345  12.6204   0.0000   0.0000   0.0000
    1841  -2.0152   1.0246  12.6945   0.0000   0.0000   0.0000
    1842  -1.9712   1.4524  12.1837   0.0000   0.0000   0.0000
    1843  -1.9524   1.2731  11.9386   0.0000   0.0000   0.0000
    1844  -2.7573   1.8969  11.3638   0.0000   0.0000   0.0000
    1845  -3.0759   1.3756  11.6423   0.0000   0.0000   0.0000
    1846  -2.5323   2.2678  12.0183   0.0000   0.0000   0.0000
    1847  -3.3703   2.0552  12.6533   0.0000   0.0000   0.0000
    1848  -3.0496   1.4935  12.5754   0.0000   0.0000   0.0000
    1849  -3.0090   2.0725  12.2628   0.0000   0.0000   0.0000
    1850  -3.2042   1.2087  12.3343   0.0000   0.0000   0.0000
    1851  -3.3580   1.5672  12.8107   0.0000   0.0000   0.0000
    1852  -3.8625   1.2964  12.8640   0.0000   0.0000   0.0000
    1853  -3.1853   1.5985  12.8644   0.0000   0.0000   0.0000
    1854  -2.1056   2.0110  13.3137   0.0000   0.0000   0.0000
    1855  -1.8960   1.8339  13.0525   0.0000   0.0000   0.0000
    1856  -2.4010   2.3609  13.1388   0.0000   0.0000   0.0000
    1857  -2.2794   2.4961  13.0020   0.0000   0.0000   0.0000
    1858  -2.4896   2.9940  13.0209   0.0000   0.0000   0.0000
    1859  -2.8226   2.9250  12.9361   0.0000   0.0000   0.0000
    1860  -3.4180   3.1031  12.9285   0.0000   0.0000   0.0000
    1861  -3.4168   3.1712  13.3735   0.0000   0.0000   0.0000
    1862  -3.7412   2.6329  13.1587   0.0000   0.0000   0.0000
    1863  -2.7599   2.7012  12.3108   0.0000   0.0000   0.0000
    1864  -3.2405   2.6943  13.6301   0.0000   0.0000   0.0000
    1865  -2.9868   2.5968  13.5245   0.0000   0.0000   0.0000
    1866  -2.7976   2.6990  13.6468   0.0000   0.0000   0.0000
    1867  -3.1849   2.8490  13.9108   0.0000   0.0000   0.0000
    1868  -2.9027   3.3310  13.2915   0.0000   0.0000   0.0000
    1869  -2.2932   2.8623  13.5081   0.0000   0.0000   0.0000
    1870  -2.1827   3.1129  14.4154   0.0000   0.0000   0.0000
    1871  -2.3862   3.2735  13.5846   0.0000   0.0000   0.0000
    1872  -2.3637   3.2060  14.3679   0.0000   0.0000   0.0000
    1873  -2.5667   3.2038  14.9764   0.0000   0.0000   0.0000
    1874  -3.2850   3.5424  14.4823   0.0000   0.0000   0.0000
    1875  -3.5581   3.6328  14.2016   0.0000   0.0000   0.0000
    1876  -3.0964   3.7882  14.4158   0.0000   0.0000   0.0000
    1877  -3.2928   3.2879  13.5425   0.0000   0.0000   0.0000
    1878  -2.9666   3.2239  13.9469   0.0000   0.0000   0.0000
    1879  -3.6403   2.5773  14.4786   0.0000   0.0000   0.0000
    1880  -2.6665   3.0674  13.8918   0.0000   0.0000   0.0000
    1881  -2.7928   3.5194  14.1843   0.0000   0.0000   0.0000
    1882  -2.3045   3.4454  14.3586   0.0000   0.0000   0.0000
    1883  -2.1794   2.9725  13.7331   0.0000   0.0000   0.0000
    1884  -3.3364   3.4648  13.7167   0.0000   0.0000   0.0000
    1885  -3.0942   3.4850  13.9169   0.0000   0.0000   0.0000
    1886  -2.6868   2.5737  13.5070   0.0000   0.0000   0.0000
    1887  -2.4640   2.9302  12.4540   0.0000   0.0000   0.0000
    1888  -2.7899   3.5278  12.3511   0.0000   0.0000   0.0000
    1889  -3.2802   3.6016  12.5611   0.0000   0.0000   0.0000
    1890  -3.6332   3.3508  11.9562   0.0000   0.0000   0.0000
    1891  -3.5028   3.4556  12.6514   0.0000   0.0000   0.0000
    1892  -3.5657   3.0756  13.1028   0.0000   0.0000   0.0000
    1893  -3.5661   3.3818  12.7054   0.0000   0.0000   0.0000
    1894  -2.9101   3.8527  13.7924   0.0000   0.0000   0.0000
    1895  -3.2603   2.8694  13.3709   0.0000   0.0000   0.0000
    1896  -2.7760   2.5619  13.8065   0.0000   0.0000   0.0000
    1897  -3.0210   2.2943  13.7300   0.0000   0.0000   0.0000
    1898  -3.1200   2.5281  13.4465   0.0000   0.0000   0.0000
    1899  -3.1516   2.9475  13.9244   0.0000   0.0000   0.0000
    1900  -3.2513   2.0055  13.6701   0.0000   0.0000   0.0000
    1901  -3.3188   1.5273  13.9307   0.0000   0.0000   0.0000
    1902  -3.9943   1.7677  13.2377   0.0000   0.0000   0.0000
    1903  -3.0750   2.1352  13.3334   0.0000   0.0000   0.0000
    1904  -3.8683   1.7653  13.1245   0.0000   0.0000   0.0000
    1905  -4.6297   3.1573  12.6517   0.0000   0.0000   0.0000
    1906  -3.7559   1.7374  12.9154   0.0000   0.0000   0.0000
    1907  -3.9697   2.2597  12.8534   0.0000   0.0000   0.0000
    1908  -3.8375   2.3612  13.1374   0.0000   0.0000   0.0000
    1909  -4.4778   2.2100  13.3229   0.0000   0.0000   0.0000
    1910  -5.0942   2.5829  13.9885   0.0000   0.0000   0.0000
    1911  -4.3321   3.2299  14.2835   0.0000   0.0000   0.0000
    1912  -5.0012   2.6974  14.1280   0.0000   0.0000   0.0000
    1913  -4.7139   1.5480  14.4647   0.0000   0.0000   0.0000
    1914  -4.5635   2.0480  14.5833   0.0000   0.0000   0.0000
    1915  -4.4335   2.2413  13.8373   0.0000   0.0000   0.0000
    1916  -4.0254   3.1134  14.3981   0.0000   0.0000   0.0000
    1917  -3.5031   2.2588  14.0244   0.0000   0.0000   0.0000
    1918  -3.9736   1.4649  13.6244   0.0000   0.0000   0.0000
    1919  -3.8853   2.0250  13.5479   0.0000   0.0000   0.0000
    1920  -2.9857   2.0266  13.3802   0.0000   0.0000   0.0000
    1921  -3.7200   1.5020  13.2719   0.0000   0.0000   0.0000
    1922  -3.7731   2.3892  13.3036   0.0000   0.0000   0.0000
    1923  -3.6174   1.8881  13.1196   0.0000   0.0000   0.0000
    1924  -4.3016   2.3841  13.6263   0.0000   0.0000   0.0000
    1925  -3.8105   2.5779  13.5268   0.0000   0.0000   0.0000
    1926  -4.3704   2.8307  12.2393   0.0000   0.0000   0.0000
    1927  -4.1563   2.5248  12.8526   0.0000   0.0000   0.0000
    1928  -4.2395   1.6434  13.0702   0.0000   0.0000   0.0000
    1929  -3.9485   2.6456  12.8941   0.0000   0.0000   0.0000
    1930  -3.7348   1.8328  12.9521   0.0000   0.0000   0.0000
    1931  -3.2967   2.7093  13.3712   0.0000   0.0000   0.0000
    1932  -3.3134   1.9377  12.5761   0.0000   0.0000   0.0000
    1933  -4.2138   2.2143  13.6019   0.0000   0.0000   0.0000
    1934  -2.6032   2.0156  13.8787   0.0000   0.0000   0.0000
    1935  -4.0950   3.2351  13.7513   0.0000   0.0000   0.0000
    1936  -4.1790   2.8479  13.4050   0.0000   0.0000   0.0000
    1937  -4.4874   2.6816  13.1773   0.0000   0.0000   0.0000
    1938  -3.7385   2.4262  13.2713   0.0000   0.0000   0.0000
    1939  -4.7035   2.8023  13.3834   0.0000   0.0000   0.0000
    1940  -2.9038   2.6312  12.8782   0.0000   0.0000   0.0000
    1941  -3.1214   2.5781  13.1632   0.0000   0.0000   0.0000
    1942  -3.0142   1.9924  13.4089   0.0000   0.0000   0.0000
    1943  -2.7440   1.3589  13.7338   0.0000   0.0000   0.0000
    1944  -2.9940   1.1737  13.9418   0.0000   0.0000   0.0000
    1945  -3.3335   1.0142  13.8177   0.0000   0.0000   0.0000
    1946  -4.0441   1.7664  13.6609   0.0000   0.0000   0.0000
    1947  -3.3925   0.6799  14.7036   0.0000   0.0000   0.0000
    1948  -4.0131   1.1219  14.4287   0.0000   0.0000   0.0000
    1949  -4.1479   0.6945  15.0182   0.0000   0.0000   0.0000
    1950  -2.7562   0.7672  14.7726   0.0000   0.0000   0.0000
    1951  -3.3672   0.7763  14.7194   0.0000   0.0000   0.0000
    1952  -3.9385   0.8817  14.7239   0.0000   0.0000   0.0000
    1953  -3.9640   0.9762  15.2859   0.0000   0.0000   0.0000
    1954  -3.8748   0.9108  14.8075   0.0000   0.0000   0.0000
    1955  -4.1164   1.5412  14.9412   0.0000   0.0000   0.0000
    1956  -4.8127   1.4414  14.6757   0.0000   0.0000   0.0000
    1957  -3.9379   2.2718  14.8620   0.0000   0.0000   0.0000
    1958  -5.0896   1.5746  14.5461   0.0000   0.0000   0.0000
    1959  -3.8174   1.7860  14.6916   0.0000   0.0000   0.0000
    1960  -4.3399   1.4820  13.9344   0.0000   0.0000   0.0000
    1961  -3.5858   1.4308  14.2134   0.0000   0.0000   0.0000
    1962  -3.5918   1.6989  14.5963   0.0000   0.0000   0.0000
    1963  -3.9685   2.3381  14.2188   0.0000   0.0000   0.0000
    1964  -4.3645   1.2263  14.5281   0.0000   0.0000   0.0000
    1965  -5.6484   1.5541  14.7076   0.0000   0.0000   0.0000
    1966  -4.5005   1.2682  14.8456   0.0000   0.0000   0.0000
    1967  -4.7004   1.3227  15.7507   0.0000   0.0000   0.0000
    1968  -5.1170   1.3622  15.7914   0.0000   0.0000   0.0000
    1969  -5.0864   1.8072  15.2624   0.0000   0.0000   0.0000
    1970  -4.6691   1.8233  16.1455   0.0000   0.0000   0.0000
    1971  -4.6839   0.5497  15.4837   0.0000   0.0000   0.0000
    1972  -4.5758   0.7408  14.6349   0.0000   0.0000   0.0000
    1973  -4.7258   0.6485  14.6080   0.0000   0.0000   0.0000
    1974  -4.3896   0.6397  15.3108   0.0000   0.0000   0.0000
    1975  -5.1447   0.5514  14.7260   0.0000   0.0000   0.0000
    1976  -4.9457   0.8798  15.0297   0.0000   0.0000   0.0000
    1977  -4.3720   0.5981  15.3162   0.0000   0.0000   0.0000
    1978  -4.4442   0.2836  14.4011   0.0000   0.0000   0.0000
    1979  -5.1293   0.2529  15.3156   0.0000   0.0000   0.0000
    1980  -3.8156   1.1820  15.0360   0.0000   0.0000   0.0000
    1981  -4.2683   1.2453  15.9072   0.0000   0.0000   0.0000
    1982  -3.5312   0.8829  15.8754   0.0000   0.0000   0.0000
    1983  -4.3214   1.1330  16.4718   0.0000   0.0000   0.0000
    1984  -4.6800   1.1269  16.3375   0.0000   0.0000   0.0000
    1985  -4.6875   0.9020  16.1980   0.0000   0.0000   0.0000
    1986  -3.3776   0.6047  16.1341   0.0000   0.0000   0.0000
    1987  -4.6248   1.2005  15.6069   0.0000   0.0000   0.0000
    1988  -4.1484   0.9358  15.7424   0.0000   0.0000   0.0000
    1989  -4.3392   1.5875  15.4631   0.0000   0.0000   0.0000
    1990  -4.3332   1.7931  15.6553   0.0000   0.0000   0.0000
    1991  -3.0847   1.5533  15.6749   0.0000   0.0000   0.0000
    1992  -3.3936   2.6246  15.0524   0.0000   0.0000   0.0000
    1993  -3.0512   2.0248  14.8378   0.0000   0.0000   0.0000
    1994  -3.6905   2.6664  14.4835   0.0000   0.0000   0.0000
    1995  -3.4914   2.4802  14.3214   0.0000   0.0000   0.0000
    1996  -3.3371   3.1121  14.1910   0.0000   0.0000   0.0000
    1997  -3.7983   2.0487  14.7664   0.0000   0.0000   0.0000
    1998  -3.8728   2.8024  14.5656   0.0000   0.0000   0.0000
    1999  -3.8114   2.4775  14.3004   0.0000   0.0000   0.0000
    2000  -3.2761   2.7688  14.2009   0.0000   0.0000   0.0000
    2001  -4.1733   4.1384  14.3761   0.0000   0.0000   0.0000
    2002  -4.0026   3.8466  14.4751   0.0000   0.0000   0.0000
    2003  -3.8783   3.5648  15.0111   0.0000   0.0000   0.0000
    2004  -4.8954   3.5529  14.8834   0.0000   0.0000   0.0000
    2005  -4.6423   3.4894  14.3575   0.0000   0.0000   0.0000
    2006  -4.4124   3.0078  14.2931   0.0000   0.0000   0.0000
    2007  -4.7267   3.0484  14.3633   0.0000   0.0000   0.0000
    2008  -4.7881   3.6607  15.1812   0.0000   0.0000   0.0000
    2009  -4.9090   3.2770  15.4223   0.0000   0.0000   0.0000
    2010  -4.5852   3.2739  14.4925   0.0000   0.0000   0.0000
    2011  -5.1639   4.1419  14.9962   0.0000   0.0000   0.0000
    2012  -4.0076   3.3606  14.7182   0.0000   0.0000   0.0000
    2013  -3.7662   2.5325  14.4861   0.0000   0.0000   0.0000
    2014  -3.8620   2.8893  14.2928   0.0000   0.0000   0.0000
    2015  -5.0151   2.3909  15.1083   0.0000   0.0000   0.0000
    2016  -4.7167   1.9285  15.6416   0.0000   0.0000   0.0000
    2017  -4.2032   2.8376  15.0391   0.0000   0.0000   0.0000
    2018  -4.6883   2.7670  14.3014   0.0000   0.0000   0.0000
    2019  -4.6644   3.1714  15.6774   0.0000   0.0000   0.0000
    2020  -5.0134   2.4737  15.1295   0.0000   0.0000   0.0000
    2021  -5.2354   2.5193  14.9848   0.0000   0.0000   0.0000
    2022  -5.2208   2.6378  14.0645   0.0000   0.0000   0.0000
    2023  -3.4447   2.7912  15.0283   0.0000   0.0000   0.0000
    2024  -3.9407   2.9379  14.2313   0.0000   0.0000   0.0000
    2025  -4.2515   3.1933  14.3637   0.0000   0.0000   0.0000
    2026  -4.4419   2.4606  14.7077   0.0000   0.0000   0.0000
    2027  -4.9138   2.9394  14.5642   0.0000   0.0000   0.0000
    2028  -5.0687   2.8404  13.6402   0.0000   0.0000   0.0000
    2029  -4.9031   2.0389  14.0760   0.0000   0.0000   0.0000
    2030  -5.1135   2.5795  14.4727   0.0000   0.0000   0.0000
    2031  -4.8742   2.5983  14.4021   0.0000   0.0000   0.0000
    2032  -4.8255   1.8385  14.1749   0.0000   0.0000   0.0000
    2033  -4.7980   1.3917  14.1255   0.0000   0.0000   0.0000
    2034  -5.4839   1.4593  14.8763   0.0000   0.0000   0.0000
    2035  -4.8390   1.2466  14.8491   0.0000   0.0000   0.0000
    2036  -4.9959   1.6042  14.2220   0.0000   0.0000   0.0000
    2037  -3.4968   1.7301  15.1898   0.0000   0.0000   0.0000
    2038  -4.3134   1.3764  14.8570   0.0000   0.0000   0.0000
    2039  -5.2988   2.1042  14.5757   0.0000   0.0000   0.0000
    2040  -5.1091   1.6327  15.4781   0.0000   0.0000   0.0000
    2041  -3.7184   1.3766  15.0099   0.0000   0.0000   0.0000
    2042  -4.0849   1.5733  15.9754   0.0000   0.0000   0.0000
    2043  -4.4444   1.1472  15.6438   0.0000   0.0000   0.0000
    2044  -4.7701   1.9618  14.9557   0.0000   0.0000   0.0000
    2045  -4.6177   1.7788  15.3804   0.0000   0.0000   0.0000
    2046  -3.6879   1.7296  16.1627   0.0000   0.0000   0.0000
    2047  -4.0855   2.1611  15.7828   0.0000   0.0000   0.0000
    2048  -4.2392   1.8476  15.5046   0.0000   0.0000   0.0000
    2049  -4.5386   2.0895  15.9831   0.0000   0.0000   0.0000
    2050  -4.6240   2.3907  16.0237   0.0000   0.0000   0.0000
    2051  -4.2455   2.2610  15.3275   0.0000   0.0000   0.0000
    2052  -4.1998   1.8826  15.5357   0.0000   0.0000   0.0000
    2053  -4.8644   2.5220  15.3176   0.0000   0.0000   0.0000
    2054  -3.7313   2.7725  14.3597   0.0000   0.0000   0.0000
    2055  -4.7115   2.1757  14.7162   0.0000   0.0000   0.0000
    2056  -4.3188   2.4281  15.9343   0.0000   0.0000   0.0000
    2057  -4.6569   2.4555  15.4180   0.0000   0.0000   0.0000
    2058  -4.7730   2.4471  15.3643   0.0000   0.0000   0.0000
    2059  -3.8098   2.8003  14.9738   0.0000   0.0000   0.0000
    2060  -4.7558   2.2271  15.4720   0.0000   0.0000   0.0000
    2061  -4.4291   2.2018  15.3715   0.0000   0.0000   0.0000
    2062  -3.9682   2.2002  15.2549   0.0000   0.0000   0.0000
    2063  -3.9240   2.7021  15.4995   0.0000   0.0000   0.0000
    2064  -4.3059   2.3362  15.8776   0.0000   0.0000   0.0000
    2065  -3.9860   2.5300  15.2236   0.0000   0.0000   0.0000
    2066  -4.4022   3.2600  15.0726   0.0000   0.0000   0.0000
    2067  -3.9104   2.9647  14.7361   0.0000   0.0000   0.0000
    2068  -3.8722   2.9754  15.3108   0.0000   0.0000   0.0000
    2069  -4.0104   3.0094  14.6094   0.0000   0.0000   0.0000
    2070  -4.5195   3.0270  15.4843   0.0000   0.0000   0.0000
    2071  -3.6504   3.5298  15.3330   0.0000   0.0000   0.0000
    2072  -3.8524   2.5956  15.1141   0.0000   0.0000   0.0000
    2073  -3.5978   2.4329  15.3273   0.0000   0.0000   0.0000
    2074  -4.9108   2.6990  15.8478   0.0000   0.0000   0.0000
    2075  -4.2765   2.7271  16.0286   0.0000   0.0000   0.0000
    2076  -4.1255   3.2980  15.5397   0.0000   0.0000   0.0000
    2077  -4.6197   2.3145  16.2268   0.0000   0.0000   0.0000
    2078  -4.0932   3.3772  15.2883   0.0000   0.0000   0.0000
    2079  -4.7476   2.5779  15.9979   0.0000   0.0000   0.0000
    2080  -3.8667   3.1435  15.0552   0.0000   0.0000   0.0000
    2081  -4.1427   2.8150  15.8504   0.0000   0.0000   0.0000
    2082  -4.1775   2.8506  15.3095   0.0000   0.0000   0.0000
    2083  -4.2648   3.1802  15.2820   0.0000   0.0000   0.0000
    2084  -4.1424   3.1390  15.3608   0.0000   0.0000   0.0000
    2085  -4.4750   2.4475  15.4122   0.0000   0.0000   0.0000
    2086  -4.0433   3.5445  14.6914   0.0000   0.0000   0.0000
    2087  -5.1946   3.5303  15.1203   0.0000   0.0000   0.0000
    2088  -3.6839   3.0494  15.7119   0.0000   0.0000   0.0000
    2089  -3.6046   3.1420  15.5561   0.0000   0.0000   0.0000
    2090  -3.4802   3.1717  15.5259   0.0000   0.0000   0.0000
    2091  -3.0027   3.0676  15.3819   0.0000   0.0000   0.0000
    2092  -2.9879   3.4720  14.8536   0.0000   0.0000   0.0000
    2093  -3.5127   3.3617  15.6198   0.0000   0.0000   0.0000
    2094  -3.3336   3.2765  15.2014   0.0000   0.0000   0.0000
    2095  -3.8298   2.7113  15.2566   0.0000   0.0000   0.0000
    2096  -3.3530   3.1733  15.6850   0.0000   0.0000   0.0000
    2097  -3.2420   2.6453  14.8718   0.0000   0.0000   0.0000
    2098  -2.8950   2.8314  15.2534   0.0000   0.0000   0.0000
    2099  -3.4864   3.7782  14.7684   0.0000   0.0000   0.0000
    2100  -3.6439   2.7545  15.0510   0.0000   0.0000   0.0000
    2101  -3.4259   2.9443  14.8075   0.0000   0.0000   0.0000
    2102  -3.9036   3.8629  15.0871   0.0000   0.0000   0.0000
    2103  -4.6555   3.5188  15.2812   0.0000   0.0000   0.0000
    2104  -5.5220   4.1645  15.5145   0.0000   0.0000   0.0000
    2105  -5.0975   3.7440  15.4247   0.0000   0.0000   0.0000
    2106  -4.3508   3.3587  15.4271   0.0000   0.0000   0.0000
    2107  -3.8192   3.7554  14.8692   0.0000   0.0000   0.0000
    2108  -4.2466   3.6552  14.5200   0.0000   0.0000   0.0000
    2109  -4.0864   3.3979  14.5557   0.0000   0.0000   0.0000
    2110  -4.2322   3.1504  14.8789   0.0000   0.0000   0.0000
    2111  -3.5633   3.4970  14.1728   0.0000   0.0000   0.0000
    2112  -3.8542   3.0632  14.8493   0.0000   0.0000   0.0000
    2113  -4.6797   2.9286  14.1981   0.0000   0.0000   0.0000
    2114  -4.2701   3.4245  14.0356   0.0000   0.0000   0.0000
    2115  -3.1631   3.3801  14.2688   0.0000   0.0000   0.0000
    2116  -4.3548   3.6444  14.7464   0.0000   0.0000   0.0000
    2117  -4.3038   2.7888  14.1184   0.0000   0.0000   0.0000
    2118  -5.0597   3.7223  14.1081   0.0000   0.0000   0.0000
    2119  -4.8308   3.4491  15.1191   0.0000   0.0000   0.0000
    2120  -5.3188   3.1715  15.6753   0.0000   0.0000   0.0000
    2121  -5.8708   3.2130  15.0540   0.0000   0.0000   0.0000
    2122  -6.3154   4.0296  15.0118   0.0000   0.0000   0.0000
    2123  -6.0837   3.5748  15.9144   0.0000   0.0000   0.0000
    2124  -5.4042   3.4456  15.3165   0.0000   0.0000   0.0000
    2125  -6.1638   4.0624  15.3032   0.0000   0.0000   0.0000
    2126  -5.5636   3.4623  15.5098   0.0000   0.0000   0.0000
    2127  -5.3162   4.3902  14.6094   0.0000   0.0000   0.0000
    2128  -4.5663   3.6118  15.3694   0.0000   0.0000   0.0000
    2129  -4.2101   4.5421  15.9748   0.0000   0.0000   0.0000
    2130  -3.9301   4.1114  16.2020   0.0000   0.0000   0.0000
    2131  -4.7383   4.3112  16.0418   0.0000   0.0000   0.0000
    2132  -4.5837   3.7792  15.6248   0.0000   0.0000   0.0000
    2133  -4.5845   4.6054  15.7874   0.0000   0.0000   0.0000
    2134  -4.8068   4.4009  16.2729   0.0000   0.0000   0.0000
    2135  -4.8811   3.8672  15.7258   0.0000   0.0000   0.0000
    2136  -5.8042   3.9772  15.7209   0.0000   0.0000   0.0000
    2137  -5.0004   3.9785  15.3995   0.0000   0.0000   0.0000
    2138  -5.0295   4.4941  15.7562   0.0000   0.0000   0.0000
    2139  -5.0597   3.8250  16.7376   0.0000   0.0000   0.0000
    2140  -5.1217   3.6729  16.6116   0.0000   0.0000   0.0000
    2141  -4.9436   4.6109  16.6579   0.0000   0.0000   0.0000
    2142  -4.8257   3.8500  16.0049   0.0000   0.0000   0.0000
    2143  -4.6474   4.3426  15.2931   0.0000   0.0000   0.0000
    2144  -4.3095   3.6971  16.5603   0.0000   0.0000   0.0000
    2145  -4.4981   3.8401  16.0908   0.0000   0.0000   0.0000
    2146  -4.7856   3.9357  16.6976   0.0000   0.0000   0.0000
    2147  -5.2033   3.4836  16.4537   0.0000   0.0000   0.0000
    2148  -4.8288   3.0900  16.3266   0.0000   0.0000   0.0000
    2149  -4.2590   3.3406  15.8608   0.0000   0.0000   0.0000
    2150  -5.4284   3.8732  16.5874   0.0000   0.0000   0.0000
    2151  -4.0683   4.0797  16.5824   0.0000   0.0000   0.0000
    2152  -5.5788   4.1755  15.9694   0.0000   0.0000   0.0000
    2153  -5.5189   3.7374  15.9622   0.0000   0.0000   0.0000
    2154  -5.4174   3.9130  15.5658   0.0000   0.0000   0.0000
    2155  -5.4171   4.6165  16.2939   0.0000   0.0000   0.0000
    2156  -4.1645   4.4635  15.7746   0.0000   0.0000   0.0000
    2157  -5.3319   4.3157  16.0027   0.0000   0.0000   0.0000
    2158  -4.4612   3.3332  15.4089   0.0000   0.0000   0.0000
    2159  -4.7677   3.9412  15.3560   0.0000   0.0000   0.0000
    2160  -5.4485   2.6663  15.0857   0.0000   0.0000   0.0000
    2161  -5.0520   3.5247  15.2914   0.0000   0.0000   0.0000
    2162  -5.3775   3.6709  14.5996   0.0000   0.0000   0.0000
    2163  -5.3616   3.2051  14.3651   0.0000   0.0000   0.0000
    2164  -5.8593   3.2012  14.3175   0.0000   0.0000   0.0000
    2165  -5.5408   3.3712  13.7597   0.0000   0.0000   0.0000
    2166  -5.2512   3.9485  14.9447   0.0000   0.0000   0.0000
    2167  -5.3818   3.8046  14.8433   0.0000   0.0000   0.0000
    2168  -6.1029   4.2631  14.3804   0.0000   0.0000   0.0000
    2169  -6.1150   2.9829  15.4555   0.0000   0.0000   0.0000
    2170  -4.8430   2.9297  14.7624   0.0000   0.0000   0.0000
    2171  -5.2982   3.3810  14.9439   0.0000   0.0000   0.0000
    2172  -5.7043   3.1375  15.3061   0.0000   0.0000   0.0000
    2173  -5.2804   3.8292  15.5006   0.0000   0.0000   0.0000
    2174  -5.1731   3.8767  15.1096   0.0000   0.0000   0.0000
    2175  -5.8749   3.7110  13.9900   0.0000   0.0000   0.0000
    2176  -6.2071   3.3938  14.5858   0.0000   0.0000   0.0000
    2177  -6.5775   3.6095  15.1768   0.0000   0.0000   0.0000
    2178  -6.4236   3.8383  14.4870   0.0000   0.0000   0.0000
    2179  -7.2161   3.9406  15.0738   0.0000   0.0000   0.0000
    2180  -6.7557   3.6250  14.9351   0.0000   0.0000   0.0000
    2181  -7.8041   4.0100  14.1809   0.0000   0.0000   0.0000
    2182  -7.5904   4.0164  14.6016   0.0000   0.0000   0.0000
    2183  -7.3221   3.4521  13.7064   0.0000   0.0000   0.0000
    2184  -7.2295   3.2525  13.7861   0.0000   0.0000   0.0000
    2185  -7.0483   3.8180  13.8327   0.0000   0.0000   0.0000
    2186  -7.2246   3.7579  13.7930   0.0000   0.0000   0.0000
    2187  -5.9218   3.7549  13.3979   0.0000   0.0000   0.0000
    2188  -6.0267   4.1953  13.7164   0.0000   0.0000   0.0000
    2189  -6.1588   4.2577  13.0616   0.0000   0.0000   0.0000
    2190  -6.4382   3.9779  13.8314   0.0000   0.0000   0.0000
    2191  -6.0134   3.8521  14.3164   0.0000   0.0000   0.0000
    2192  -6.5716   4.3003  14.2805   0.0000   0.0000   0.0000
    2193  -6.1934   4.6886  14.3611   0.0000   0.0000   0.0000
    2194  -5.6731   4.2327  14.7561   0.0000   0.0000   0.0000
    2195  -5.8709   3.4221  13.9370   0.0000   0.0000   0.0000
    2196  -6.2947   3.4321  14.3587   0.0000   0.0000   0.0000
    2197  -5.9395   3.8543  13.8803   0.0000   0.0000   0.0000
    2198  -5.1643   3.6995  13.6345   0.0000   0.0000   0.0000
    2199  -5.0410   2.8060  13.9939   0.0000   0.0000   0.0000
    2200  -6.0822   2.9691  13.9628   0.0000   0.0000   0.0000
    2201  -5.2965   3.5376  14.1924   0.0000   0.0000   0.0000
    2202  -5.3958   3.7666  13.4734   0.0000   0.0000   0.0000
    2203  -5.8774   3.6177  14.4269   0.0000   0.0000   0.0000
    2204  -5.8731   3.9725  13.5479   0.0000   0.0000   0.0000
    2205  -5.3489   3.7266  13.7019   0.0000   0.0000   0.0000
    2206  -5.1652   4.0391  13.4176   0.0000   0.0000   0.0000
    2207  -5.7185   3.7523  13.4117   0.0000   0.0000   0.0000
    2208  -5.2056   4.0780  12.4136   0.0000   0.0000   0.0000
    2209  -5.9266   3.5606  12.6984   0.0000   0.0000   0.0000
    2210  -6.5560   3.8454  13.3621   0.0000   0.0000   0.0000
    2211  -6.1181   3.9705  13.6652   0.0000   0.0000   0.0000
    2212  -5.3648   3.9767  13.1167   0.0000   0.0000   0.0000
    2213  -5.8815   3.4309  13.7077   0.0000   0.0000   0.0000
    2214  -5.5610   4.4519  14.4299   0.0000   0.0000   0.0000
    2215  -4.6647   4.0149  13.9915   0.0000   0.0000   0.0000
    2216  -4.7884   4.1917  12.8625   0.0000   0.0000   0.0000
    2217  -4.7013   4.3400  13.4719   0.0000   0.0000   0.0000
    2218  -3.8858   4.3890  12.9880   0.0000   0.0000   0.0000
    2219  -5.1581   4.1002  12.9121   0.0000   0.0000   0.0000
    2220  -4.0605   4.8024  12.8816   0.0000   0.0000   0.0000
    2221  -4.2556   4.5033  12.8556   0.0000   0.0000   0.0000
    2222  -4.9728   4.7356  12.8192   0.0000   0.0000   0.0000
    2223  -5.1453   4.4763  12.3667   0.0000   0.0000   0.0000
    2224  -5.0278   4.1006  12.6619   0.0000   0.0000   0.0000
    2225  -4.9268   3.8313  12.6905   0.0000   0.0000   0.0000
    2226  -4.4366   3.9888  12.6185   0.0000   0.0000   0.0000
    2227  -4.7412   3.9744  12.4963   0.0000   0.0000   0.0000
    2228  -4.7651   4.5994  12.3216   0.0000   0.0000   0.0000
    2229  -4.3011   5.1396  13.0869   0.0000   0.0000   0.0000
    2230  -4.4266   5.0035  13.1016   0.0000   0.0000   0.0000
    2231  -3.3132   4.5900  13.3714   0.0000   0.0000   0.0000
    2232  -3.8397   4.4612  13.2533   0.0000   0.0000   0.0000
    2233  -4.6571   4.3511  12.6361   0.0000   0.0000   0.0000
    2234  -4.9349   3.9788  12.2823   0.0000   0.0000   0.0000
    2235  -3.9410   4.7216  12.1615   0.0000   0.0000   0.0000
    2236  -4.8992   4.7692  12.8707   0.0000   0.0000   0.0000
    2237  -4.0429   4.8568  13.4384   0.0000   0.0000   0.0000
    2238  -4.8766   5.1028  13.2591   0.0000   0.0000   0.0000
    2239  -4.2145   4.6363  13.7434   0.0000   0.0000   0.0000
    2240  -3.6225   4.2290  13.8415   0.0000   0.0000   0.0000
    2241  -3.7163   3.8790  13.7249   0.0000   0.0000   0.0000
    2242  -4.4347   4.2329  13.9228   0.0000   0.0000   0.0000
    2243  -4.0885   4.8713  13.8233   0.0000   0.0000   0.0000
    2244  -2.9954   5.3352  14.7622   0.0000   0.0000   0.0000
    2245  -4.1978   4.6622  14.4974   0.0000   0.0000   0.0000
    2246  -3.5427   4.8949  14.3785   0.0000   0.0000   0.0000
    2247  -4.1236   5.1411  14.3168   0.0000   0.0000   0.0000
    2248  -4.1884   4.3853  14.2710   0.0000   0.0000   0.0000
    2249  -4.3227   3.6322  14.7725   0.0000   0.0000   0.0000
    2250  -4.2097   4.8089  13.9168   0.0000   0.0000   0.0000
    2251  -3.8800   4.6282  14.6856   0.0000   0.0000   0.0000
    2252  -3.4937   3.7725  14.1337   0.0000   0.0000   0.0000
    2253  -4.1302   4.0072  14.1173   0.0000   0.0000   0.0000
    2254  -3.9694   5.0884  13.9204   0.0000   0.0000   0.0000
    2255  -3.5052   4.5024  14.3600   0.0000   0.0000   0.0000
    2256  -4.0959   4.0608  13.1409   0.0000   0.0000   0.0000
    2257  -4.2317   3.7779  12.8899   0.0000   0.0000   0.0000
    2258  -3.7431   3.3373  12.5884   0.0000   0.0000   0.0000
    2259  -3.4707   3.4250  13.1454   0.0000   0.0000   0.0000
    2260  -3.7256   3.5560  12.5473   0.0000   0.0000   0.0000
    2261  -3.2878   3.0884  12.8945   0.0000   0.0000   0.0000
    2262  -3.3857   3.7488  13.0265   0.0000   0.0000   0.0000
    2263  -4.4311   3.7238  13.3732   0.0000   0.0000   0.0000
    2264  -4.4112   4.1874  13.3796   0.0000   0.0000   0.0000
    2265  -3.4575   3.6197  13.7796   0.0000   0.0000   0.0000
    2266  -4.8391   4.0328  13.1723   0.0000   0.0000   0.0000
    2267  -3.7294   3.4312  13.6354   0.0000   0.0000   0.0000
    2268  -5.3293   3.2355  13.2798   0.0000   0.0000   0.0000
    2269  -4.3308   4.2579  13.8916   0.0000   0.0000   0.0000
    2270  -3.9671   3.2622  13.7589   0.0000   0.0000   0.0000
    2271  -3.4689   2.2036  13.6179   0.0000   0.0000   0.0000
    2272  -3.6859   3.6732  14.1874   0.0000   0.0000   0.0000
    2273  -3.7424   2.4083  15.0437   0.0000   0.0000   0.0000
    2274  -4.2169   2.2925  14.6486   0.0000   0.0000   0.0000
    2275  -4.4224   2.8864  13.8586   0.0000   0.0000   0.0000
    2276  -4.4371   2.6646  14.4948   0.0000   0.0000   0.0000
    2277  -4.4974   2.3698  14.3352   0.0000   0.0000   0.0000
    2278  -4.4905   2.5480  14.0274   0.0000   0.0000   0.0000
    2279  -3.8546   2.5065  14.0554   0.0000   0.0000   0.0000
    2280  -5.1803   2.5986  13.2302   0.0000   0.0000   0.0000
    2281  -5.2727   1.8850  14.2602   0.0000   0.0000   0.0000
    2282  -5.2796   2.4470  14.0385   0.0000   0.0000   0.0000
    2283  -4.6052   3.5195  14.2790   0.0000   0.0000   0.0000
    2284  -4.4735   3.3033  13.6946   0.0000   0.0000   0.0000
    2285  -4.5357   2.4833  13.7539   0.0000   0.0000   0.0000
    2286  -3.8255   3.5543  14.1870   0.0000   0.0000   0.0000
    2287  -4.1037   2.7280  13.9340   0.0000   0.0000   0.0000
    2288  -4.1987   2.3306  14.4529   0.0000   0.0000   0.0000
    2289  -5.0651   2.8492  13.7270   0.0000   0.0000   0.0000
    2290  -4.4457   2.2628  13.4988   0.0000   0.0000   0.0000
    2291  -4.5954   2.4959  13.2851   0.0000   0.0000   0.0000
    2292  -4.4854   1.2853  13.3721   0.0000   0.0000   0.0000
    2293  -4.4175   1.5133  13.2032   0.0000   0.0000   0.0000
    2294  -3.4743   1.9193  13.2000   0.0000   0.0000   0.0000
    2295  -3.7907   1.1562  13.2491   0.0000   0.0000   0.0000
    2296  -3.6495   1.0065  13.1262   0.0000   0.0000   0.0000
    2297  -3.5830   0.9587  13.7345   0.0000   0.0000   0.0000
    2298  -3.6864   1.3053  13.5603   0.0000   0.0000   0.0000
    2299  -3.3262   1.6793  13.5333   0.0000   0.0000   0.0000
    2300  -4.3327   2.2565  13.5911   0.0000   0.0000   0.0000
    2301  -3.2113   1.1688  13.3815   0.0000   0.0000   0.0000
    2302  -3.0965   1.4885  12.5860   0.0000   0.0000   0.0000
    2303  -2.8516   2.3168  13.8276   0.0000   0.0000   0.0000
    2304  -4.2881   1.4632  13.7025   0.0000   0.0000   0.0000
    2305  -3.8950   2.1570  12.7726   0.0000   0.0000   0.0000
    2306  -4.4065   1.8335  13.2706   0.0000   0.0000   0.0000
    2307  -3.3395   1.9524  14.0668   0.0000   0.0000   0.0000
    2308  -2.8704   2.1729  13.2928   0.0000   0.0000   0.0000
    2309  -3.3738   1.7821  12.8526   0.0000   0.0000   0.0000
    2310  -3.3639   1.5365  12.0674   0.0000   0.0000   0.0000
    2311  -2.8920   1.6162  12.5035   0.0000   0.0000   0.0000
    2312  -3.7471   0.9766  13.1946   0.0000   0.0000   0.0000
    2313  -3.2205   0.4674  13.7757   0.0000   0.0000   0.0000
    2314  -3.3890   1.6815  12.9193   0.0000   0.0000   0.0000
    2315  -3.6611   1.6315  12.6786   0.0000   0.0000   0.0000
    2316  -2.7642   1.1078  12.3827   0.0000   0.0000   0.0000
    2317  -4.3507   1.3434  12.3179   0.0000   0.0000   0.0000
    2318  -3.3303   1.8652  12.1747   0.0000   0.0000   0.0000
    2319  -3.9409   1.4133  12.9586   0.0000   0.0000   0.0000
    2320  -3.8825   1.5080  12.8330   0.0000   0.0000   0.0000
    2321  -4.2120   2.1255  13.4995   0.0000   0.0000   0.0000
    2322  -4.0722   2.2566  14.0419   0.0000   0.0000   0.0000
    2323  -3.8238   2.1669  13.7620   0.0000   0.0000   0.0000
    2324  -4.2255   1.4269  14.1156   0.0000   0.0000   0.0000
    2325  -4.1921   1.1379  14.0640   0.0000   0.0000   0.0000
    2326  -5.0104   2.2937  13.3755   0.0000   0.0000   0.0000
    2327  -4.6103   2.2616  13.0131   0.0000   0.0000   0.0000
    2328  -3.8843   1.8419  13.2047   0.0000   0.0000   0.0000
    2329  -3.2309   2.2484  12.6803   0.0000   0.0000   0.0000
    2330  -3.4587   2.2404  13.6388   0.0000   0.0000   0.0000
    2331  -3.3638   2.1808  12.8613   0.0000   0.0000   0.0000
    2332  -4.2028   2.1629  12.2873   0.0000   0.0000   0.0000
    2333  -4.1279   2.3001  13.6734   0.0000   0.0000   0.0000
    2334  -3.3229   1.4409  12.8818   0.0000   0.0000   0.0000
    2335  -3.5994   2.9338  13.1691   0.0000   0.0000   0.0000
    2336  -4.1202   2.0047  12.8688   0.0000   0.0000   0.0000
    2337  -3.6410   1.4942  13.8679   0.0000   0.0000   0.0000
    2338  -2.7369   1.7338  13.8105   0.0000   0.0000   0.0000
    2339  -3.5677   1.9242  14.0026   0.0000   0.0000   0.0000
    2340  -3.7728   2.2895  15.8628   0.0000   0.0000   0.0000
    2341  -4.3362   2.1091  15.8499   0.0000   0.0000   0.0000
    2342  -4.0524   1.9409  16.1410   0.0000   0.0000   0.0000
    2343  -3.5921   2.5287  15.6382   0.0000   0.0000   0.0000
    2344  -3.4661   2.2194  15.2895   0.0000   0.0000   0.0000
    2345  -2.9807   2.1720  15.3008   0.0000   0.0000   0.0000
    2346  -2.3980   1.8519  13.8143   0.0000   0.0000   0.0000
    2347  -1.9102   1.3396  14.0448   0.0000   0.0000   0.0000
    2348  -2.9097   2.6318  13.5426   0.0000   0.0000   0.0000
    2349  -2.7764   2.1092  13.8514   0.0000   0.0000   0.0000
    2350  -2.7313   3.1998  14.2064   0.0000   0.0000   0.0000
    2351  -2.6741   2.9807  13.5391   0.0000   0.0000   0.0000
    2352  -2.8856   2.1974  14.1973   0.0000   0.0000   0.0000
    2353  -1.9779   2.3775  14.0699   0.0000   0.0000   0.0000
    2354  -3.6289   2.2956  13.9159   0.0000   0.0000   0.0000
    2355  -3.0912   2.4605  13.1171   0.0000   0.0000   0.0000
    2356  -2.5416   2.2967  12.9896   0.0000   0.0000   0.0000
    2357  -3.0068   2.2691  12.2905   0.0000   0.0000   0.0000
    2358  -2.3484   3.1441  12.8291   0.0000   0.0000   0.0000
    2359  -2.2574   2.7241  12.7847   0.0000   0.0000   0.0000
    2360  -2.5771   3.0183  13.3332   0.0000   0.0000   0.0000
    2361  -2.6646   3.1711  13.2511   0.0000   0.0000   0.0000
    2362  -2.2502   2.9978  13.6597   0.0000   0.0000   0.0000
    2363  -2.1867   2.7447  13.4124   0.0000   0.0000   0.0000
    2364  -2.0690   3.0479  13.9068   0.0000   0.0000   0.0000
    2365  -1.7227   2.5739  13.9012   0.0000   0.0000   0.0000
    2366  -1.9864   3.1539  13.2824   0.0000   0.0000   0.0000
    2367  -2.2932   1.8226  13.6200   0.0000   0.0000   0.0000
    2368  -2.4095   2.2158  13.3329   0.0000   0.0000   0.0000
    2369  -2.6562   2.4224  14.0187   0.0000   0.0000   0.0000
    2370  -2.0676   1.9891  13.4608   0.0000   0.0000   0.0000
    2371  -2.1176   1.9210  13.6561   0.0000   0.0000   0.0000
    2372  -2.1670   2.6507  14.0349   0.0000   0.0000   0.0000
    2373  -1.6111   2.7078  13.4083   0.0000   0.0000   0.0000
    2374  -2.0659   2.0212  13.3651   0.0000   0.0000   0.0000
    2375  -1.8414   1.6767  13.4920   0.0000   0.0000   0.0000
    2376  -1.8364   2.0792  13.5539   0.0000   0.0000   0.0000
    2377  -1.5559   2.7487  13.8036   0.0000   0.0000   0.0000
    2378  -2.1813   1.8886  13.8542   0.0000   0.0000   0.0000
    2379  -2.0281   3.0581  14.6254   0.0000   0.0000   0.0000
    2380  -1.9679   3.0980  13.8845   0.0000   0.0000   0.0000
    2381  -2.3688   2.3413  14.2540   0.0000   0.0000   0.0000
    2382  -2.1672   2.3453  14.1077   0.0000   0.0000   0.0000
    2383  -2.3975   2.2621  14.3808   0.0000   0.0000   0.0000
    2384  -2.8451   2.8467  14.2893   0.0000   0.0000   0.0000
    2385  -3.5559   2.6001  14.0666   0.0000   0.0000   0.0000
    2386  -2.5364   2.2883  14.1502   0.0000   0.0000   0.0000
    2387  -2.5283   2.5402  13.8688   0.0000   0.0000   0.0000
    2388  -2.5569   2.6174  14.5304   0.0000   0.0000   0.0000
    2389  -2.7847   1.7791  14.0114   0.0000   0.0000   0.0000
    2390  -1.8001   2.0295  13.7071   0.0000   0.0000   0.0000
    2391  -2.8884   2.3478  13.9400   0.0000   0.0000   0.0000
    2392  -2.6253   2.6736  13.8530   0.0000   0.0000   0.0000
    2393  -3.3520   2.3389  13.2716   0.0000   0.0000   0.0000
    2394  -2.7008   2.8163  13.6430   0.0000   0.0000   0.0000
    2395  -2.6175   2.1266  14.3322   0.0000   0.0000   0.0000
    2396  -3.0334   2.8775  13.6271   0.0000   0.0000   0.0000
    2397  -2.9983   1.9593  13.6518   0.0000   0.0000   0.0000
    2398  -3.0364   2.2374  12.6078   0.0000   0.0000   0.0000
    2399  -2.6431   1.5146  13.5061   0.0000   0.0000   0.0000
    2400  -2.5150   1.7082  14.3155   0.0000   0.0000   0.0000
    2401  -2.4248   2.2141  14.1085   0.0000   0.0000   0.0000
    2402  -2.8483   1.5463  13.7980   0.0000   0.0000   0.0000
    2403  -2.2296   1.8423  13.4905   0.0000   0.0000   0.0000
    2404  -1.9058   1.9753  13.6402   0.0000   0.0000   0.0000
    2405  -2.8651   1.5839  14.0427   0.0000   0.0000   0.0000
    2406  -3.3032   1.9112  13.9549   0.0000   0.0000   0.0000
    2407  -2.9402   1.7488  15.0174   0.0000   0.0000   0.0000
    2408  -2.5193   2.8243  13.9169   0.0000   0.0000   0.0000
    2409  -2.7499   2.5182  13.9491   0.0000   0.0000   0.0000
    2410  -1.1751   3.1003  14.3127   0.0000   0.0000   0.0000
    2411  -2.8359   2.7569  14.8595   0.0000   0.0000   0.0000
    2412  -2.4865   2.6843  14.9483   0.0000   0.0000   0.0000
    2413  -2.3603   2.8267  14.3132   0.0000   0.0000   0.0000
    2414  -3.0053   3.3620  13.7882   0.0000   0.0000   0.0000
    2415  -2.6582   2.2870  14.3915   0.0000   0.0000   0.0000
    2416  -2.5770   4.0980  14.1372   0.0000   0.0000   0.0000
    2417  -3.7098   2.8544  13.8551   0.0000   0.0000   0.0000
    2418  -3.3081   3.8235  14.0069   0.0000   0.0000   0.0000
    2419  -2.2577   3.1896  14.2430   0.0000   0.0000   0.0000
    2420  -3.0285   3.3593  14.5446   0.0000   0.0000   0.0000
    2421  -2.7560   3.6226  14.8257   0.0000   0.0000   0.0000
    2422  -1.9163   3.5139  14.2036   0.0000   0.0000   0.0000
    2423  -3.1463   3.6685  14.4849   0.0000   0.0000   0.0000
    2424  -2.8845   3.3507  14.6436   0.0000   0.0000   0.0000
    2425  -3.2843   4.7890  14.1278   0.0000   0.0000   0.0000
    2426  -3.6351   4.0763  14.4555   0.0000   0.0000   0.0000
    2427  -3.0561   4.4093  14.1097   0.0000   0.0000   0.0000
    2428  -2.7262   4.4983  14.4162   0.0000   0.0000   0.0000
    2429  -2.7319   4.2430  13.6084   0.0000   0.0000   0.0000
    2430  -2.4481   4.7176  13.5537   0.0000   0.0000   0.0000
    2431  -2.5413   4.4539  13.6562   0.0000   0.0000   0.0000
    2432  -2.3821   4.6981  13.6107   0.0000   0.0000   0.0000
    2433  -2.7383   3.7080  13.9716   0.0000   0.0000   0.0000
    2434  -2.5132   3.3891  14.4506   0.0000   0.0000   0.0000
    2435  -3.0655   3.2793  13.5226   0.0000   0.0000   0.0000
    2436  -3.2196   3.3305  14.0772   0.0000   0.0000   0.0000
    2437  -2.6729   2.9012  13.9705   0.0000   0.0000   0.0000
    2438  -2.7327   3.2719  13.6018   0.0000   0.0000   0.0000
    2439  -3.6351   3.4044  13.7370   0.0000   0.0000   0.0000
    2440  -3.0780   3.3975  13.8381   0.0000   0.0000   0.0000
    2441  -3.4884   3.8467  13.8692   0.0000   0.0000   0.0000
    2442  -2.6467   3.1923  13.8932   0.0000   0.0000   0.0000
    2443  -2.4686   3.5858  14.2680   0.0000   0.0000   0.0000
    2444  -3.0300   3.1826  14.1784   0.0000   0.0000   0.0000
    2445  -3.1203   2.9467  14.7815   0.0000   0.0000   0.0000
    2446  -2.7741   3.4245  14.6375   0.0000   0.0000   0.0000
    2447  -3.3743   3.4329  14.4605   0.0000   0.0000   0.0000
    2448  -3.8256   3.0209  14.8884   0.0000   0.0000   0.0000
    2449  -2.3599   2.0690  15.1310   0.0000   0.0000   0.0000
    2450  -2.6695   3.4642  15.4263   0.0000   0.0000   0.0000
    2451  -2.9464   3.1009  15.0969   0.0000   0.0000   0.0000
    2452  -2.0167   3.6493  14.9640   0.0000   0.0000   0.0000
    2453  -1.2222   3.8696  14.9584   0.0000   0.0000   0.0000
    2454  -0.9406   3.2177  14.9427   0.0000   0.0000   0.0000
    2455  -2.2143   3.2650  14.7275   0.0000   0.0000   0.0000
    2456  -1.3190   3.0621  14.4512   0.0000   0.0000   0.0000
    2457  -2.0466   3.4664  14.5752   0.0000   0.0000   0.0000
    2458  -1.0921   2.9647  14.3856   0.0000   0.0000   0.0000
    2459  -1.4919   2.9441  14.5481   0.0000   0.0000   0.0000
    2460  -1.4770   2.9765  15.1237   0.0000   0.0000   0.0000
    2461  -1.7442   3.3164  15.1317   0.0000   0.0000   0.0000
    2462  -1.4923   2.5837  14.8690   0.0000   0.0000   0.0000
    2463  -1.6240   3.0792  14.8479   0.0000   0.0000   0.0000
    2464  -2.1111   3.2783  14.9246   0.0000   0.0000   0.0000
    2465  -1.9562   3.7366  14.5677   0.0000   0.0000   0.0000
    2466  -2.2624   3.2659  14.4289   0.0000   0.0000   0.0000
    2467  -2.0729   2.8963  13.7704   0.0000   0.0000   0.0000
    2468  -2.8634   3.1776  14.4029   0.0000   0.0000   0.0000
    2469  -1.9542   2.4487  15.5807   0.0000   0.0000   0.0000
    2470  -1.7589   2.6954  14.9613   0.0000   0.0000   0.0000
    2471  -2.5091   3.3602  14.9662   0.0000   0.0000   0.0000
    2472  -2.5631   3.3676  14.3983   0.0000   0.0000   0.0000
    2473  -2.3724   3.3523  14.5749   0.0000   0.0000   0.0000
    2474  -1.4458   3.6082  14.3979   0.0000   0.0000   0.0000
    2475  -1.6751   3.0419  14.6800   0.0000   0.0000   0.0000
    2476  -1.9348   3.3170  15.0907   0.0000   0.0000   0.0000
    2477  -2.9584   3.4518  15.2770   0.0000   0.0000   0.0000
    2478  -2.4609   3.8491  15.7575   0.0000   0.0000   0.0000
    2479  -3.4422   4.0360  15.7924   0.0000   0.0000   0.0000
    2480  -2.5660   3.6040  14.7214   0.0000   0.0000   0.0000
    2481  -2.8281   4.9231  14.1498   0.0000   0.0000   0.0000
    2482  -3.4118   4.5157  14.2097   0.0000   0.0000   0.0000
    2483  -3.3224   4.3549  15.1577   0.0000   0.0000   0.0000
    2484  -2.4737   3.6706  14.6862   0.0000   0.0000   0.0000
    2485  -1.9228   3.3864  15.3525   0.0000   0.0000   0.0000
    2486  -2.2643   4.2466  15.2109   0.0000   0.0000   0.0000
    2487  -1.5308   4.5368  14.9427   0.0000   0.0000   0.0000
    2488  -2.4204   4.6981  14.4527   0.0000   0.0000   0.0000
    2489  -2.4159   4.1991  15.5145   0.0000   0.0000   0.0000
    2490  -2.4724   3.4998  15.1852   0.0000   0.0000   0.0000
    2491  -0.3555   4.3961  15.2061   0.0000   0.0000   0.0000
    2492  -1.6271   3.9138  14.5456   0.0000   0.0000   0.0000
    2493  -1.2897   4.5420  14.5101   0.0000   0.0000   0.0000
    2494  -1.8412   4.4662  15.3699   0.0000   0.0000   0.0000
    2495  -0.9968   4.4744  15.1724   0.0000   0.0000   0.0000
    2496  -1.1570   3.8875  14.8799   0.0000   0.0000   0.0000
    2497  -0.9720   4.0147  14.8222   0.0000   0.0000   0.0000
    2498  -0.8810   4.4878  14.3038   0.0000   0.0000   0.0000
    2499  -1.2759   4.4934  15.2073   0.0000   0.0000   0.0000
    2500  -1.0407   3.8424  14.1666   0.0000   0.0000   0.0000
    2501  -0.9003   4.3892  15.0212   0.0000   0.0000   0.0000
    2502  -1.4269   3.7438  14.3415   0.0000   0.0000   0.0000
    2503  -1.5354   4.8745  14.7330   0.0000   0.0000   0.0000
    2504  -1.0355   4.3872  14.3561   0.0000   0.0000   0.0000
    2505  -2.1975   4.5282  15.1528   0.0000   0.0000   0.0000
    2506  -1.4753   4.7444  14.5926   0.0000   0.0000   0.0000
    2507  -1.1758   3.7341  15.8601   0.0000   0.0000   0.0000
    2508  -1.3695   4.0683  15.1681   0.0000   0.0000   0.0000
    2509  -2.3551   3.4703  15.0925   0.0000   0.0000   0.0000
    2510  -3.0561   4.3565  15.6305   0.0000   0.0000   0.0000
    2511  -1.5024   3.7577  15.0784   0.0000   0.0000   0.0000
    2512  -2.8113   3.4894  14.6349   0.0000   0.0000   0.0000
    2513  -1.0885   3.5097  14.7316   0.0000   0.0000   0.0000
    2514  -1.6805   3.1026  14.7592   0.0000   0.0000   0.0000
    2515  -2.0734   3.8015  14.4100   0.0000   0.0000   0.0000
    2516  -1.7047   3.6320  15.4968   0.0000   0.0000   0.0000
    2517  -1.7994   4.1999  15.7079   0.0000   0.0000   0.0000
    2518  -1.4803   3.8739  15.9622   0.0000   0.0000   0.0000
    2519  -1.4959   4.5713  14.6392   0.0000   0.0000   0.0000
    2520  -2.3947   4.1568  14.7417   0.0000   0.0000   0.0000
    2521  -2.2679   4.7408  15.3287   0.0000   0.0000   0.0000
    2522  -1.0344   4.3589  14.6114   0.0000   0.0000   0.0000
    2523  -1.1394   4.2613  14.6932   0.0000   0.0000   0.0000
    2524  -1.4010   4.2866  16.1979   0.0000   0.0000   0.0000
    2525  -1.2754   4.7261  15.3737   0.0000   0.0000   0.0000
    2526  -1.0289   4.4536  14.6336   0.0000   0.0000   0.0000
    2527  -1.6091   4.3998  15.2136   0.0000   0.0000   0.0000
    2528  -1.1237   4.6452  15.1984   0.0000   0.0000   0.0000
    2529  -1.3902   5.0879  15.0515   0.0000   0.0000   0.0000
    2530  -0.0534   5.0219  15.6532   0.0000   0.0000   0.0000
    2531  -0.6724   4.5641  14.9291   0.0000   0.0000   0.0000
    2532  -0.1626   5.3300  14.7403   0.0000   0.0000   0.0000
    2533  -0.3121   5.1993  14.5136   0.0000   0.0000   0.0000
    2534  -0.5612   5.3829  13.7333   0.0000   0.0000   0.0000
    2535  -0.2458   5.1084  13.7595   0.0000   0.0000   0.0000
    2536  -0.8348   4.9020  13.6715   0.0000   0.0000   0.0000
    2537  -1.1482   4.8996  14.4002   0.0000   0.0000   0.0000
    2538  -0.7807   4.8376  14.5031   0.0000   0.0000   0.0000
    2539  -0.9110   5.5893  14.0305   0.0000   0.0000   0.0000
    2540  -1.6436   5.9010  15.1416   0.0000   0.0000   0.0000
    2541  -0.6939   5.8293  14.6488   0.0000   0.0000   0.0000
    2542  -0.7970   5.3380  14.0805   0.0000   0.0000   0.0000
    2543  -1.2112   5.5092  14.9186   0.0000   0.0000   0.0000
    2544  -1.4483   5.3671  14.5266   0.0000   0.0000   0.0000
    2545  -1.2880   5.1852  14.4691   0.0000   0.0000   0.0000
    2546  -0.4769   5.5496  14.9220   0.0000   0.0000   0.0000
    2547  -0.3689   5.1450  14.0545   0.0000   0.0000   0.0000
    2548  -1.6583   5.0358  13.8520   0.0000   0.0000   0.0000
    2549  -2.0492   5.0140  14.4893   0.0000   0.0000   0.0000
    2550  -2.3699   5.3486  13.8135   0.0000   0.0000   0.0000
    2551  -1.1843   5.4702  14.4519   0.0000   0.0000   0.0000
    2552  -1.1536   5.3313  15.1664   0.0000   0.0000   0.0000
    2553  -0.4385   5.3792  15.2843   0.0000   0.0000   0.0000
    2554  -1.3120   5.6804  14.9685   0.0000   0.0000   0.0000
    2555  -0.7747   5.2133  15.1530   0.0000   0.0000   0.0000
    2556  -0.2997   5.7797  15.3387   0.0000   0.0000   0.0000
    2557  -0.5269   5.1133  14.7861   0.0000   0.0000   0.0000
    2558  -0.6483   4.5081  15.2096   0.0000   0.0000   0.0000
    2559  -0.4780   5.7850  15.2940   0.0000   0.0000   0.0000
    2560  -0.4905   5.3874  14.4599   0.0000   0.0000   0.0000
    2561   0.1515   5.1849  15.3347   0.0000   0.0000   0.0000
    2562  -0.2119   5.1344  15.1184   0.0000   0.0000   0.0000
    2563  -0.1157   5.7658  14.7089   0.0000   0.0000   0.0000
    2564   0.3105   5.7991  14.7320   0.0000   0.0000   0.0000
    2565   0.0138   5.9993  13.9326   0.0000   0.0000   0.0000
    2566   0.3019   5.5859  14.4747   0.0000   0.0000   0.0000
    2567  -0.5773   6.2987  14.0151   0.0000   0.0000   0.0000
    2568   0.4871   5.2638  14.0036   0.0000   0.0000   0.0000
    2569   0.0741   5.9593  14.0733   0.0000   0.0000   0.0000
    2570   0.9343   5.5430  14.0040   0.0000   0.0000   0.0000
    2571   0.6000   6.3925  13.1031   0.0000   0.0000   0.0000
    2572   0.3555   5.7862  13.4913   0.0000   0.0000   0.0000
    2573   1.4408   6.5853  12.8046   0.0000   0.0000   0.0000
    2574   0.3586   6.6939  12.8019   0.0000   0.0000   0.0000
    2575  -0.1247   6.2682  13.6312   0.0000   0.0000   0.0000
    2576   0.2424   6.3199  13.2637   0.0000   0.0000   0.0000
    2577   1.3469   5.8393  13.4034   0.0000   0.0000   0.0000
    2578   0.3398   6.4582  13.2490   0.0000   0.0000   0.0000
    2579   0.3361   6.1072  12.8933   0.0000   0.0000   0.0000
    2580   0.6094   6.4530  12.9135   0.0000   0.0000   0.0000
    2581   0.4465   6.4072  13.7860   0.0000   0.0000   0.0000
    2582   0.6853   6.3722  13.4924   0.0000   0.0000   0.0000
    2583  -0.1579   6.2119  13.5475   0.0000   0.0000   0.0000
    2584   0.4211   5.6656  13.6902   0.0000   0.0000   0.0000
    2585   0.2264   6.5570  14.5926   0.0000   0.0000   0.0000
    2586  -0.3214   5.4633  13.9433   0.0000   0.0000   0.0000
    2587  -0.5694   6.3192  14.2142   0.0000   0.0000   0.0000
    2588  -0.6378   5.4084  14.2081   0.0000   0.0000   0.0000
    2589  -1.0549   6.3731  13.9132   0.0000   0.0000   0.0000
    2590  -0.6903   5.3119  13.6035   0.0000   0.0000   0.0000
    2591  -0.8126   5.1668  14.3129   0.0000   0.0000   0.0000
    2592  -0.4499   5.7207  14.4967   0.0000   0.0000   0.0000
    2593  -0.6076   5.0870  14.5790   0.0000   0.0000   0.0000
    2594  -0.1409   4.9951  15.2371   0.0000   0.0000   0.0000
    2595  -0.6460   4.9119  14.8995   0.0000   0.0000   0.0000
    2596  -0.1034   5.1858  15.1587   0.0000   0.0000   0.0000
    2597  -1.0913   4.7456  15.1889   0.0000   0.0000   0.0000
    2598  -0.9100   5.0679  14.8659   0.0000   0.0000   0.0000
    2599  -0.7880   6.1331  14.1943   0.0000   0.0000   0.0000
    2600  -0.8608   6.4159  15.4198   0.0000   0.0000   0.0000
    2601  -0.9739   5.0480  15.4465   0.0000   0.0000   0.0000
    2602  -0.4827   5.4448  14.8689   0.0000   0.0000   0.0000
    2603   0.1695   5.9642  14.7449   0.0000   0.0000   0.0000
    2604   0.4349   5.4650  13.8557   0.0000   0.0000   0.0000
    2605   0.2296   5.5626  14.6442   0.0000   0.0000   0.0000
    2606  -0.1410   5.1825  14.3933   0.0000   0.0000   0.0000
    2607  -0.4651   5.1998  14.1146   0.0000   0.0000   0.0000
    2608  -0.0715   4.5184  14.3691   0.0000   0.0000   0.0000
    2609  -0.3268   5.4253  14.5741   0.0000   0.0000   0.0000
    2610  -0.3064   4.7405  14.6876   0.0000   0.0000   0.0000
    2611  -0.5217   4.8522  15.5288   0.0000   0.0000   0.0000
    2612  -0.0372   4.3982  15.0174   0.0000   0.0000   0.0000
    2613  -0.2778   4.4854  14.4202   0.0000   0.0000   0.0000
    2614  -1.0092   5.3165  15.0282   0.0000   0.0000   0.0000
    2615  -0.4994   4.7323  15.4567   0.0000   0.0000   0.0000
    2616  -0.6437   5.5047  15.0653   0.0000   0.0000   0.0000
    2617  -0.6113   5.5992  14.8618   0.0000   0.0000   0.0000
    2618  -0.6660   5.2427  15.2464   0.0000   0.0000   0.0000
    2619  -0.9967   4.4226  15.6137   0.0000   0.0000   0.0000
    2620  -0.3563   6.3516  16.1124   0.0000   0.0000   0.0000
    2621  -0.5271   5.3352  15.2253   0.0000   0.0000   0.0000
    2622  -0.3180   5.3814  15.6341   0.0000   0.0000   0.0000
    2623  -0.6039   5.0684  15.6135   0.0000   0.0000   0.0000
    2624   0.4819   4.3463  15.3645   0.0000   0.0000   0.0000
    2625   0.3919   5.5772  15.6217   0.0000   0.0000   0.0000
    2626  -0.3576   5.9791  15.9317   0.0000   0.0000   0.0000
    2627  -0.8643   5.4539  16.5613   0.0000   0.0000   0.0000
    2628  -1.2174   5.8505  16.2575   0.0000   0.0000   0.0000
    2629  -1.2081   5.3383  16.5117   0.0000   0.0000   0.0000
    2630  -1.6869   5.1360  16.7216   0.0000   0.0000   0.0000
    2631  -1.5625   5.1842  15.5307   0.0000   0.0000   0.0000
    2632  -1.4455   4.9860  16.6666   0.0000   0.0000   0.0000
    2633  -1.3602   5.6334  16.6343   0.0000   0.0000   0.0000
    2634  -0.9373   4.8733  16.4840   0.0000   0.0000   0.0000
    2635  -1.3401   4.9053  16.3237   0.0000   0.0000   0.0000
    2636  -1.4792   5.4869  16.0263   0.0000   0.0000   0.0000
    2637  -1.3143   4.2399  15.7336   0.0000   0.0000   0.0000
    2638  -1.4490   4.5177  15.2637   0.0000   0.0000   0.0000
    2639  -1.2087   4.6401  15.4620   0.0000   0.0000   0.0000
    2640  -1.2881   4.2857  15.4951   0.0000   0.0000   0.0000
    2641  -0.2764   4.3785  14.8605   0.0000   0.0000   0.0000
    2642  -0.1424   3.9416  15.6064   0.0000   0.0000   0.0000
    2643  -0.1751   3.9250  15.4239   0.0000   0.0000   0.0000
    2644  -0.7806   4.4702  15.3375   0.0000   0.0000   0.0000
    2645  -0.7668   4.0652  14.9854   0.0000   0.0000   0.0000
    2646  -0.7105   3.3434  15.5755   0.0000   0.0000   0.0000
    2647  -0.5002   3.4909  15.6656   0.0000   0.0000   0.0000
    2648  -0.7940   2.9470  16.1016   0.0000   0.0000   0.0000
    2649  -0.9972   2.5756  15.1165   0.0000   0.0000   0.0000
    2650  -0.3677   2.5055  15.2963   0.0000   0.0000   0.0000
    2651  -0.6864   3.4618  15.6118   0.0000   0.0000   0.0000
    2652  -0.8350   3.8713  15.2103   0.0000   0.0000   0.0000
    2653  -0.0258   3.2223  15.8936   0.0000   0.0000   0.0000
    2654  -0.2467   3.4222  15.6583   0.0000   0.0000   0.0000
    2655  -0.6059   3.3721  15.9714   0.0000   0.0000   0.0000
    2656  -1.0142   3.8318  15.4079   0.0000   0.0000   0.0000
    2657  -0.7492   4.2431  15.3865   0.0000   0.0000   0.0000
    2658  -0.7356   4.2338  15.9086   0.0000   0.0000   0.0000
    2659  -1.1040   3.7913  15.7899   0.0000   0.0000   0.0000
    2660  -0.0206   4.0242  16.3615   0.0000   0.0000   0.0000
    2661   0.2773   4.4035  15.3910   0.0000   0.0000   0.0000
    2662  -0.2776   4.1977  15.6586   0.0000   0.0000   0.0000
    2663  -0.7435   5.0119  15.4120   0.0000   0.0000   0.0000
    2664  -1.1749   5.0872  15.4492   0.0000   0.0000   0.0000
    2665  -0.4221   5.5135  14.7742   0.0000   0.0000   0.0000
    2666  -0.5677   4.7995  14.9856   0.0000   0.0000   0.0000
    2667  -0.6372   4.5727  15.5657   0.0000   0.0000   0.0000
    2668  -1.1743   3.9880  15.5421   0.0000   0.0000   0.0000
    2669  -0.5694   4.0707  15.3493   0.0000   0.0000   0.0000
    2670  -0.7921   4.6791  15.1743   0.0000   0.0000   0.0000
    2671  -0.8102   5.0416  15.7014   0.0000   0.0000   0.0000
    2672  -0.9601   4.7128  15.5083   0.0000   0.0000   0.0000
    2673  -0.8708   5.1080  15.2209   0.0000   0.0000   0.0000
    2674  -1.2632   4.7448  14.8590   0.0000   0.0000   0.0000
    2675  -1.3414   4.7107  14.9688   0.0000   0.0000   0.0000
    2676  -1.6343   4.6393  14.4879   0.0000   0.0000   0.0000
    2677  -0.4707   4.8844  15.0576   0.0000   0.0000   0.0000
    2678  -1.1557   4.6796  15.1669   0.0000   0.0000   0.0000
    2679  -1.5505   5.2868  15.2391   0.0000   0.0000   0.0000
    2680  -1.3614   5.0304  15.2259   0.0000   0.0000   0.0000
    2681  -0.5324   5.1198  15.7957   0.0000   0.0000   0.0000
    2682  -1.3279   5.3848  16.2807   0.0000   0.0000   0.0000
    2683  -1.1847   5.7402  15.3308   0.0000   0.0000   0.0000
    2684  -0.9151   4.1557  15.9122   0.0000   0.0000   0.0000
    2685  -0.6451   5.5446  15.5431   0.0000   0.0000   0.0000
    2686  -0.6263   4.8194  15.1725   0.0000   0.0000   0.0000
    2687  -0.8966   5.1041  15.1453   0.0000   0.0000   0.0000
    2688  -1.3817   5.3375  15.0278   0.0000   0.0000   0.0000
    2689  -0.3911   5.3542  15.1338   0.0000   0.0000   0.0000
    2690  -0.6197   5.3206  15.0833   0.0000   0.0000   0.0000
    2691  -1.2041   4.9822  14.2924   0.0000   0.0000   0.0000
    2692  -1.0324   5.6470  13.6206   0.0000   0.0000   0.0000
    2693  -1.2960   5.4614  14.6439   0.0000   0.0000   0.0000
    2694  -2.3296   5.8502  14.9889   0.0000   0.0000   0.0000
    2695  -1.5175   5.4423  15.4648   0.0000   0.0000   0.0000
    2696  -1.2185   5.3447  15.6301   0.0000   0.0000   0.0000
    2697  -1.4990   5.3906  15.7254   0.0000   0.0000   0.0000
    2698  -1.0149   6.1709  15.6366   0.0000   0.0000   0.0000
    2699  -1.6966   5.7391  16.1591   0.0000   0.0000   0.0000
    2700  -1.1559   5.6854  15.0901   0.0000   0.0000   0.0000
    2701  -1.2985   5.4611  15.1039   0.0000   0.0000   0.0000
    2702  -0.8874   5.9220  14.2845   0.0000   0.0000   0.0000
    2703   0.2579   5.4250  14.5767   0.0000   0.0000   0.0000
    2704  -0.7859   5.0544  15.1275   0.0000   0.0000   0.0000
    2705  -0.2489   5.5715  14.2533   0.0000   0.0000   0.0000
    2706  -0.4317   4.6725  14.8147   0.0000   0.0000   0.0000
    2707  -0.4555   5.4149  14.9416   0.0000   0.0000   0.0000
    2708  -0.2054   5.2533  14.3448   0.0000   0.0000   0.0000
    2709  -0.1866   5.4801  15.4393   0.0000   0.0000   0.0000
    2710  -0.4805   5.3472  16.0272   0.0000   0.0000   0.0000
    2711   0.1087   5.3371  16.7824   0.0000   0.0000   0.0000
    2712  -0.3887   4.7557  16.5264   0.0000   0.0000   0.0000
    2713  -0.3074   4.9652  15.9847   0.0000   0.0000   0.0000
    2714  -1.1359   4.6756  15.9470   0.0000   0.0000   0.0000
    2715  -0.5235   4.1638  15.3624   0.0000   0.0000   0.0000
    2716   0.6348   4.9704  16.1555   0.0000   0.0000   0.0000
    2717   0.2637   4.1588  16.6674   0.0000   0.0000   0.0000
    2718   0.2804   4.2595  16.4875   0.0000   0.0000   0.0000
    2719  -0.1256   4.9265  16.3497   0.0000   0.0000   0.0000
    2720   0.3462   4.7707  16.3535   0.0000   0.0000   0.0000
    2721   0.7236   4.6664  15.9996   0.0000   0.0000   0.0000
    2722  -0.0573   5.3237  15.7870   0.0000   0.0000   0.0000
    2723  -0.3304   4.6631  15.7328   0.0000   0.0000   0.0000
    2724  -0.6332   4.5468  15.9542   0.0000   0.0000   0.0000
    2725  -0.4127   4.7171  16.8204   0.0000   0.0000   0.0000
    2726  -0.9828   4.8168  16.7364   0.0000   0.0000   0.0000
    2727  -0.9608   5.1740  16.2440   0.0000   0.0000   0.0000
    2728  -1.0898   5.1192  16.2528   0.0000   0.0000   0.0000
    2729  -0.3502   5.1255  17.3952   0.0000   0.0000   0.0000
    2730  -1.0815   5.0279  17.1895   0.0000   0.0000   0.0000
    2731  -0.5816   5.5147  18.0941   0.0000   0.0000   0.0000
    2732  -0.1115   5.5306  17.5854   0.0000   0.0000   0.0000
    2733  -0.0692   4.6768  16.7992   0.0000   0.0000   0.0000
    2734  -1.2164   4.7529  16.6331   0.0000   0.0000   0.0000
    2735  -1.1273   4.6232  16.8879   0.0000   0.0000   0.0000
    2736  -0.6350   5.3035  15.9719   0.0000   0.0000   0.0000
    2737  -0.6598   5.1937  16.0030   0.0000   0.0000   0.0000
    2738  -1.6912   4.5392  16.0196   0.0000   0.0000   0.0000
    2739  -0.6969   4.9912  16.3779   0.0000   0.0000   0.0000
    2740  -0.7827   4.5746  17.1667   0.0000   0.0000   0.0000
    2741  -0.3623   4.4592  16.1005   0.0000   0.0000   0.0000
    2742  -0.1533   4.1989  17.0739   0.0000   0.0000   0.0000
    2743  -1.5168   4.9899  16.4848   0.0000   0.0000   0.0000
    2744  -1.3314   4.9029  15.8751   0.0000   0.0000   0.0000
    2745  -0.7041   4.0903  16.3854   0.0000   0.0000   0.0000
    2746  -1.2920   4.8804  15.5059   0.0000   0.0000   0.0000
    2747  -1.0501   3.2988  15.6148   0.0000   0.0000   0.0000
    2748  -1.1206   3.6902  15.6884   0.0000   0.0000   0.0000
    2749  -1.0679   4.0216  15.4041   0.0000   0.0000   0.0000
    2750  -1.0451   3.9745  15.8610   0.0000   0.0000   0.0000
    2751  -1.8179   3.2670  15.7655   0.0000   0.0000   0.0000
    2752  -1.3239   3.5143  16.0706   0.0000   0.0000   0.0000
    2753  -1.1236   2.5924  15.4651   0.0000   0.0000   0.0000
    2754  -0.5348   3.0411  16.1230   0.0000   0.0000   0.0000
    2755  -0.1723   2.5444  16.7381   0.0000   0.0000   0.0000
    2756  -0.0685   3.1016  16.4665   0.0000   0.0000   0.0000
    2757   0.7648   3.3886  17.2009   0.0000   0.0000   0.0000
    2758   0.9456   3.1544  16.4603   0.0000   0.0000   0.0000
    2759   0.9616   4.0340  16.8140   0.0000   0.0000   0.0000
    2760   0.1033   3.4764  17.1638   0.0000   0.0000   0.0000
    2761   0.5249   3.3196  16.9328   0.0000   0.0000   0.0000
    2762   0.6928   4.0021  16.7956   0.0000   0.0000   0.0000
    2763   0.0828   3.7282  16.8460   0.0000   0.0000   0.0000
    2764   0.5796   4.3625  16.2978   0.0000   0.0000   0.0000
    2765   0.4917   3.7733  16.8874   0.0000   0.0000   0.0000
    2766  -0.0155   3.5071  17.3330   0.0000   0.0000   0.0000
    2767  -0.7159   2.4927  17.1914   0.0000   0.0000   0.0000
    2768  -0.6788   3.9643  16.5247   0.0000   0.0000   0.0000
    2769  -1.1303   4.0437  16.6693   0.0000   0.0000   0.0000
    2770   0.3010   3.5411  16.8807   0.0000   0.0000   0.0000
    2771  -0.8469   3.8207  16.5500   0.0000   0.0000   0.0000
    2772  -0.2567   4.0927  17.2245   0.0000   0.0000   0.0000
    2773  -0.8665   3.8019  17.1289   0.0000   0.0000   0.0000
    2774   0.3342   4.9062  16.6647   0.0000   0.0000   0.0000
    2775  -0.6093   4.9719  17.1359   0.0000   0.0000   0.0000
    2776   0.1588   4.7652  16.4998   0.0000   0.0000   0.0000
    2777  -0.0694   4.9682  16.5416   0.0000   0.0000   0.0000
    2778  -0.0990   4.5388  16.1687   0.0000   0.0000   0.0000
    2779  -0.5454   4.1708  16.1955   0.0000   0.0000   0.0000
    2780  -0.5809   3.8444  17.0019   0.0000   0.0000   0.0000
    2781  -0.3807   3.8159  16.5169   0.0000   0.0000   0.0000
    2782  -0.3882   3.6325  16.5532   0.0000   0.0000   0.0000
    2783  -0.3611   3.5995  17.2855   0.0000   0.0000   0.0000
    2784  -0.3583   5.1512  18.0380   0.0000   0.0000   0.0000
    2785  -0.7352   4.5540  17.4831   0.0000   0.0000   0.0000
    2786  -0.2419   4.0085  17.2379   0.0000   0.0000   0.0000
    2787   0.0221   3.1772  17.6062   0.0000   0.0000   0.0000
    2788  -0.0551   3.7781  17.7254   0.0000   0.0000   0.0000
    2789  -0.9193   4.8909  16.6632   0.0000   0.0000   0.0000
    2790  -0.7423   3.5009  16.9559   0.0000   0.0000   0.0000
    2791  -0.8334   3.4503  17.3966   0.0000   0.0000   0.0000
    2792  -1.2070   4.8663  17.1031   0.0000   0.0000   0.0000
    2793  -0.8654   5.2301  17.2727   0.0000   0.0000   0.0000
    2794  -1.1317   4.8106  17.1191   0.0000   0.0000   0.0000
    2795  -1.0347   4.7576  17.2513   0.0000   0.0000   0.0000
    2796  -1.8180   4.3082  17.1718   0.0000   0.0000   0.0000
    2797  -2.3034   4.2073  17.2116   0.0000   0.0000   0.0000
    2798  -2.0416   5.7163  16.9222   0.0000   0.0000   0.0000
    2799  -1.9343   4.1855  17.1613   0.0000   0.0000   0.0000
    2800  -1.8372   4.0550  17.0489   0.0000   0.0000   0.0000
    2801  -0.6089   3.9228  17.3323   0.0000   0.0000   0.0000
    2802  -1.2000   3.9476  17.2269   0.0000   0.0000   0.0000
    2803  -0.9357   3.6264  17.0386   0.0000   0.0000   0.0000
    2804  -1.2250   3.4710  16.5888   0.0000   0.0000   0.0000
    2805  -1.7045   3.0038  16.4391   0.0000   0.0000   0.0000
    2806  -1.8635   3.5892  16.4446   0.0000   0.0000   0.0000
    2807  -0.9822   2.9349  16.6832   0.0000   0.0000   0.0000
    2808  -1.6087   3.6065  17.9815   0.0000   0.0000   0.0000
    2809  -1.8192   3.8918  17.2998   0.0000   0.0000   0.0000
    2810  -2.3366   4.2839  17.1206   0.0000   0.0000   0.0000
    2811  -1.2411   4.9370  17.4412   0.0000   0.0000   0.0000
    2812  -1.5045   4.7176  18.1225   0.0000   0.0000   0.0000
    2813  -1.3376   4.2447  17.3347   0.0000   0.0000   0.0000
    2814  -1.6014   3.9900  17.4632   0.0000   0.0000   0.0000
    2815  -1.6960   4.0695  17.8225   0.0000   0.0000   0.0000
    2816  -0.7730   4.5978  17.6169   0.0000   0.0000   0.0000
    2817  -0.1667   4.6942  17.5150   0.0000   0.0000   0.0000
    2818  -1.4410   5.3746  16.9311   0.0000   0.0000   0.0000
    2819  -0.5625   6.0139  16.8833   0.0000   0.0000   0.0000
    2820  -0.9205   5.1946  16.6617   0.0000   0.0000   0.0000
    2821  -1.7841   5.1976  16.8118   0.0000   0.0000   0.0000
    2822  -1.0812   5.7308  17.1244   0.0000   0.0000   0.0000
    2823  -1.9459   5.7030  17.3950   0.0000   0.0000   0.0000
    2824  -1.6079   5.1655  17.3257   0.0000   0.0000   0.0000
    2825  -1.3619   5.9405  17.1420   0.0000   0.0000   0.0000
    2826  -0.3569   5.6875  16.6647   0.0000   0.0000   0.0000
    2827  -0.1022   4.2298  17.5506   0.0000   0.0000   0.0000
    2828  -0.0596   4.1218  17.7635   0.0000   0.0000   0.0000
    2829  -0.4978   4.7736  17.3726   0.0000   0.0000   0.0000
    2830  -0.7564   4.9292  17.2946   0.0000   0.0000   0.0000
    2831  -0.4189   5.7821  17.2038   0.0000   0.0000   0.0000
    2832  -0.1280   5.7514  16.8651   0.0000   0.0000   0.0000
    2833  -1.2548   5.6855  17.5534   0.0000   0.0000   0.0000
    2834   0.1599   5.3779  17.6281   0.0000   0.0000   0.0000
    2835  -0.0773   5.1897  17.5981   0.0000   0.0000   0.0000
    2836  -0.3051   4.7891  16.3759   0.0000   0.0000   0.0000
    2837  -0.3922   4.6669  16.7280   0.0000   0.0000   0.0000
    2838  -0.4222   4.2367  16.6938   0.0000   0.0000   0.0000
    2839  -0.6985   5.4314  17.0401   0.0000   0.0000   0.0000
    2840   0.0185   5.1497  16.7787   0.0000   0.0000   0.0000
    2841  -1.4371   5.7971  16.8830   0.0000   0.0000   0.0000
    2842  -0.6215   6.1483  17.0308   0.0000   0.0000   0.0000
    2843  -0.8670   6.2783  16.6626   0.0000   0.0000   0.0000
    2844  -0.2496   6.1951  17.6993   0.0000   0.0000   0.0000
    2845  -0.4366   5.6423  16.9851   0.0000   0.0000   0.0000
    2846  -0.2067   6.5993  16.9811   0.0000   0.0000   0.0000
    2847  -0.9206   6.7515  17.8581   0.0000   0.0000   0.0000
    2848  -0.4516   5.7764  16.3548   0.0000   0.0000   0.0000
    2849  -0.0873   5.5801  16.4451   0.0000   0.0000   0.0000
    2850  -0.2660   4.9437  16.1040   0.0000   0.0000   0.0000
    2851  -0.2814   4.8242  16.7409   0.0000   0.0000   0.0000
    2852  -0.9466   5.0908  16.7827   0.0000   0.0000   0.0000
    2853   0.1893   4.9789  16.6422   0.0000   0.0000   0.0000
    2854   0.3509   5.5225  17.3856   0.0000   0.0000   0.0000
    2855  -0.7655   5.3736  16.7243   0.0000   0.0000   0.0000
    2856  -0.4838   6.0442  15.4159   0.0000   0.0000   0.0000
    2857   0.1463   6.9504  16.0317   0.0000   0.0000   0.0000
    2858   1.3496   6.4682  15.6514   0.0000   0.0000   0.0000
    2859  -0.0602   6.7775  15.1024   0.0000   0.0000   0.0000
    2860   1.0015   6.0680  15.6584   0.0000   0.0000   0.0000
    2861   0.2502   6.3066  16.2348   0.0000   0.0000   0.0000
    2862   1.2412   6.6455  15.1508   0.0000   0.0000   0.0000
    2863   1.0303   6.6325  15.1422   0.0000   0.0000   0.0000
    2864   0.7576   7.2654  14.8730   0.0000   0.0000   0.0000
    2865   0.8480   7.1602  15.7220   0.0000   0.0000   0.0000
    2866   0.1960   6.1434  15.1649   0.0000   0.0000   0.0000
    2867   0.4330   6.2809  15.1962   0.0000   0.0000   0.0000
    2868   1.1786   5.4191  14.9620   0.0000   0.0000   0.0000
    2869   0.7102   5.1086  15.0794   0.0000   0.0000   0.0000
    2870   1.0131   5.7522  15.2967   0.0000   0.0000   0.0000
    2871  -0.2453   5.4022  15.0416   0.0000   0.0000   0.0000
    2872   0.3455   5.9849  14.5207   0.0000   0.0000   0.0000
    2873  -0.2620   5.1351  15.1284   0.0000   0.0000   0.0000
    2874  -0.1647   5.8173  14.4850   0.0000   0.0000   0.0000
    2875   0.0367   5.9232  15.3458   0.0000   0.0000   0.0000
    2876   1.0670   5.4430  14.7184   0.0000   0.0000   0.0000
    2877   0.8333   5.6001  15.5689   0.0000   0.0000   0.0000
    2878   1.2069   5.4437  15.6033   0.0000   0.0000   0.0000
    2879   0.6605   4.9753  15.3858   0.0000   0.0000   0.0000
    2880   0.2732   5.3451  15.9027   0.0000   0.0000   0.0000
    2881   0.3334   5.9290  14.5677   0.0000   0.0000   0.0000
    2882   0.8077   5.8421  14.5822   0.0000   0.0000   0.0000
    2883   0.1093   6.1149  13.9960   0.0000   0.0000   0.0000
    2884   0.3783   4.9925  14.4586   0.0000   0.0000   0.0000
    2885   0.6990   5.7682  14.1667   0.0000   0.0000   0.0000
    2886   0.4332   5.5887  14.2783   0.0000   0.0000   0.0000
    2887   1.5548   5.9943  15.7308   0.0000   0.0000   0.0000
    2888   1.2651   4.9072  14.7212   0.0000   0.0000   0.0000
    2889   1.5927   5.7628  15.2801   0.0000   0.0000   0.0000
    2890   1.4885   5.4816  14.6521   0.0000   0.0000   0.0000
    2891   1.6401   6.0680  14.9166   0.0000   0.0000   0.0000
    2892   1.2609   5.4190  14.4884   0.0000   0.0000   0.0000
    2893   1.2724   6.5308  14.5197   0.0000   0.0000   0.0000
    2894   0.9932   6.1300  15.1796   0.0000   0.0000   0.0000
    2895   1.6817   5.8089  14.9295   0.0000   0.0000   0.0000
    2896   1.2181   5.2761  14.2785   0.0000   0.0000   0.0000
    2897   1.6235   5.6685  14.2101   0.0000   0.0000   0.0000
    2898   1.5528   6.3999  14.8737   0.0000   0.0000   0.0000
    2899   2.1370   6.1485  15.1355   0.0000   0.0000   0.0000
    2900   1.5966   5.7390  15.4568   0.0000   0.0000   0.0000
    2901   2.6598   6.5991  14.2697   0.0000   0.0000   0.0000
    2902   1.4530   5.4556  14.6117   0.0000   0.0000   0.0000
    2903   1.4287   5.5887  14.1736   0.0000   0.0000   0.0000
    2904   2.3793   5.6925  14.9682   0.0000   0.0000   0.0000
    2905   1.9469   4.5041  14.0830   0.0000   0.0000   0.0000
    2906   1.9547   6.0549  14.3545   0.0000   0.0000   0.0000
    2907   2.0823   6.6921  14.1734   0.0000   0.0000   0.0000
    2908   0.8439   6.3223  13.3228   0.0000   0.0000   0.0000
    2909   1.2690   7.0340  13.5485   0.0000   0.0000   0.0000
    2910   1.1044   5.9068  12.7765   0.0000   0.0000   0.0000
    2911   1.9430   5.1655  13.8267   0.0000   0.0000   0.0000
    2912   1.3289   5.2170  13.7164   0.0000   0.0000   0.0000
    2913   0.8224   6.4701  14.5400   0.0000   0.0000   0.0000
    2914   1.0249   6.3081  14.5954   0.0000   0.0000   0.0000
    2915   0.8539   5.3928  14.8121   0.0000   0.0000   0.0000
    2916   1.5454   5.4980  15.4664   0.0000   0.0000   0.0000
    2917   1.4079   5.7563  14.2664   0.0000   0.0000   0.0000
    2918   1.0758   6.5412  14.7700   0.0000   0.0000   0.0000
    2919   1.0512   6.1534  15.3015   0.0000   0.0000   0.0000
    2920   1.4039   5.8114  15.8670   0.0000   0.0000   0.0000
    2921   1.4402   6.2125  15.7075   0.0000   0.0000   0.0000
    2922   1.7484   6.8846  15.5927   0.0000   0.0000   0.0000
    2923   1.5257   6.6880  15.6945   0.0000   0.0000   0.0000
    2924   1.1366   6.7767  15.3501   0.0000   0.0000   0.0000
    2925   1.6332   7.2900  15.9518   0.0000   0.0000   0.0000
    2926   1.9960   6.8633  16.1531   0.0000   0.0000   0.0000
    2927   1.7504   6.9469  15.4416   0.0000   0.0000   0.0000
    2928   1.9141   6.8659  16.3497   0.0000   0.0000   0.0000
    2929   1.4539   6.3095  16.1263   0.0000   0.0000   0.0000
    2930   2.9506   6.6030  15.7557   0.0000   0.0000   0.0000
    2931   1.4995   6.5508  15.4363   0.0000   0.0000   0.0000
    2932   2.4705   6.4710  15.5265   0.0000   0.0000   0.0000
    2933   1.1165   6.5571  15.3698   0.0000   0.0000   0.0000
    2934   2.1275   6.5690  15.9244   0.0000   0.0000   0.0000
    2935   1.7592   6.1905  15.8860   0.0000   0.0000   0.0000
    2936   1.1383   7.1812  16.2165   0.0000   0.0000   0.0000
    2937   1.5334   6.5922  15.4173   0.0000   0.0000   0.0000
    2938   2.6549   7.9277  14.5935   0.0000   0.0000   0.0000
    2939   2.5618   5.7315  15.2055   0.0000   0.0000   0.0000
    2940   2.1950   6.3112  15.6426   0.0000   0.0000   0.0000
    2941   1.6988   5.4640  15.1346   0.0000   0.0000   0.0000
    2942   2.3821   6.3503  14.7117   0.0000   0.0000   0.0000
    2943   2.5312   5.6299  14.0378   0.0000   0.0000   0.0000
    2944   2.8036   5.7281  14.5348   0.0000   0.0000   0.0000
    2945   2.2262   5.0375  14.8758   0.0000   0.0000   0.0000
    2946   2.3218   5.9082  14.4275   0.0000   0.0000   0.0000
    2947   3.2173   6.2078  14.8522   0.0000   0.0000   0.0000
    2948   2.1831   5.3386  14.8611   0.0000   0.0000   0.0000
    2949   2.1855   6.3971  14.4919   0.0000   0.0000   0.0000
    2950   2.3169   6.3596  14.8067   0.0000   0.0000   0.0000
    2951   0.8722   5.6199  15.5075   0.0000   0.0000   0.0000
    2952   1.1816   5.4655  16.1454   0.0000   0.0000   0.0000
    2953   1.2129   4.3999  15.3238   0.0000   0.0000   0.0000
    2954   1.7929   4.1002  14.7854   0.0000   0.0000   0.0000
    2955   1.3155   4.6246  15.8051   0.0000   0.0000   0.0000
    2956   1.1231   5.7156  16.4196   0.0000   0.0000   0.0000
    2957   1.6697   5.5615  15.4406   0.0000   0.0000   0.0000
    2958   1.8329   4.5460  15.3187   0.0000   0.0000   0.0000
    2959   1.9488   5.1141  15.8681   0.0000   0.0000   0.0000
    2960   2.2740   5.2311  14.7932   0.0000   0.0000   0.0000
    2961   1.8391   5.2122  15.4566   0.0000   0.0000   0.0000
    2962   1.3153   5.1367  15.4192   0.0000   0.0000   0.0000
    2963   2.5106   5.2872  15.1653   0.0000   0.0000   0.0000
    2964   1.5310   5.2007  15.7780   0.0000   0.0000   0.0000
    2965   1.4654   5.5420  15.8099   0.0000   0.0000   0.0000
    2966   1.9471   5.0659  16.3045   0.0000   0.0000   0.0000
    2967   1.4409   5.1426  15.8558   0.0000   0.0000   0.0000
    2968   1.2546   5.7742  16.0835   0.0000   0.0000   0.0000
    2969   1.4321   5.4277  15.6440   0.0000   0.0000   0.0000
    2970   1.8164   4.9014  16.0181   0.0000   0.0000   0.0000
    2971   2.5887   4.2144  16.2372   0.0000   0.0000   0.0000
    2972   1.6668   5.0092  16.3333   0.0000   0.0000   0.0000
    2973   2.3280   4.4433  15.2734   0.0000   0.0000   0.0000
    2974   2.3363   5.2345  15.6564   0.0000   0.0000   0.0000
    2975   2.1415   4.7476  16.3074   0.0000   0.0000   0.0000
    2976   1.8508   5.3736  16.1706   0.0000   0.0000   0.0000
    2977   1.3490   5.3893  16.0344   0.0000   0.0000   0.0000
    2978   1.3823   4.9879  16.2323   0.0000   0.0000   0.0000
    2979   1.7391   5.2137  16.5248   0.0000   0.0000   0.0000
    2980   1.5670   4.5720  16.4802   0.0000   0.0000   0.0000
    2981   1.3612   5.5507  15.4964   0.0000   0.0000   0.0000
    2982   1.7197   4.9326  15.3476   0.0000   0.0000   0.0000
    2983   1.2261   5.4212  16.3617   0.0000   0.0000   0.0000
    2984   0.9045   4.3372  15.1016   0.0000   0.0000   0.0000
    2985   0.9517   4.0233  15.9055   0.0000   0.0000   0.0000
    2986   1.1365   4.6091  15.3565   0.0000   0.0000   0.0000
    2987   1.3869   5.2055  15.5808   0.0000   0.0000   0.0000
    2988   0.9896   5.1875  15.5581   0.0000   0.0000   0.0000
    2989   1.1453   5.0728  15.2265   0.0000   0.0000   0.0000
    2990   1.5301   4.9389  15.6235   0.0000   0.0000   0.0000
    2991   1.4759   5.1324  15.1435   0.0000   0.0000   0.0000
    2992   0.6780   4.7793  14.8279   0.0000   0.0000   0.0000
    2993   1.3439   4.1133  14.9072   0.0000   0.0000   0.0000
    2994   0.8072   4.5212  15.7822   0.0000   0.0000   0.0000
    2995   0.8925   4.2211  15.4246   0.0000   0.0000   0.0000
    2996   0.3049   4.4683  15.7079   0.0000   0.0000   0.0000
    2997   0.4944   4.6592  15.0447   0.0000   0.0000   0.0000
    2998  -0.5673   3.8563  14.6898   0.0000   0.0000   0.0000
    2999   0.3761   3.9637  15.3401   0.0000   0.0000   0.0000
    3000  -0.4756   3.9900  14.8761   0.0000   0.0000   0.0000
    3001  -0.3316   3.5212  15.5294   0.0000   0.0000   0.0000
    3002  -0.1065   3.5918  15.0871   0.0000   0.0000   0.0000
    3003   0.2096   3.3711  15.7029   0.0000   0.0000   0.0000
    3004  -0.3731   3.3576  14.9277   0.0000   0.0000   0.0000
    3005  -0.2278   3.2983  14.7317   0.0000   0.0000   0.0000
    3006   1.1116   3.0395  15.2564   0.0000   0.0000   0.0000
    3007   1.3035   3.3479  14.9466   0.0000   0.0000   0.0000
    3008   0.4740   4.0741  15.0201   0.0000   0.0000   0.0000
    3009  -0.2796   4.2140  15.5375   0.0000   0.0000   0.0000
    3010   0.4679   3.3151  16.0021   0.0000   0.0000   0.0000
    3011   1.4929   3.6015  15.8784   0.0000   0.0000   0.0000
    3012   0.6955   3.0177  15.2932   0.0000   0.0000   0.0000
    3013   0.9731   3.5160  14.9677   0.0000   0.0000   0.0000
    3014   0.5116   3.8783  14.5725   0.0000   0.0000   0.0000
    3015  -0.1468   3.5929  15.0983   0.0000   0.0000   0.0000
    3016   0.1189   4.0443  15.3945   0.0000   0.0000   0.0000
    3017   0.1338   3.9263  14.9050   0.0000   0.0000   0.0000
    3018  -0.4127   3.4801  15.1353   0.0000   0.0000   0.0000
    3019   0.7711   3.5697  14.9981   0.0000   0.0000   0.0000
    3020   0.4369   2.9340  14.9523   0.0000   0.0000   0.0000
    3021   1.0185   2.7857  16.0516   0.0000   0.0000   0.0000
    3022  -0.0055   2.7548  15.0979   0.0000   0.0000   0.0000
    3023   0.4470   3.6679  15.2844   0.0000   0.0000   0.0000
    3024   0.7615   3.0590  16.1268   0.0000   0.0000   0.0000
    3025   1.5052   3.8895  15.0378   0.0000   0.0000   0.0000
    3026   0.7473   3.9589  15.3169   0.0000   0.0000   0.0000
    3027   1.1611   3.8151  15.7819   0.0000   0.0000   0.0000
    3028   0.9520   3.9889  16.0084   0.0000   0.0000   0.0000
    3029   1.0753   3.8857  16.0518   0.0000   0.0000   0.0000
    3030   1.0142   3.4695  16.0009   0.0000   0.0000   0.0000
    3031   1.4290   3.5373  16.0621   0.0000   0.0000   0.0000
    3032   1.1900   3.0014  15.7414   0.0000   0.0000   0.0000
    3033   1.6495   3.3996  15.2039   0.0000   0.0000   0.0000
    3034   2.1058   3.0693  15.6974   0.0000   0.0000   0.0000
    3035   1.8799   3.8163  16.0617   0.0000   0.0000   0.0000
    3036   1.0423   3.5963  15.4271   0.0000   0.0000   0.0000
    3037   1.1788   3.0496  15.4551   0.0000   0.0000   0.0000
    3038   1.5141   2.7177  15.7320   0.0000   0.0000   0.0000
    3039   1.4454   3.1862  15.6615   0.0000   0.0000   0.0000
    3040   2.6881   3.2324  15.7995   0.0000   0.0000   0.0000
    3041   2.3620   2.6984  15.5646   0.0000   0.0000   0.0000
    3042   1.6054   2.6041  15.4027   0.0000   0.0000   0.0000
    3043   2.3129   3.1067  15.2077   0.0000   0.0000   0.0000
    3044   1.5887   2.9967  16.0632   0.0000   0.0000   0.0000
    3045   1.2380   2.9228  16.1717   0.0000   0.0000   0.0000
    3046   1.1466   2.9318  16.8022   0.0000   0.0000   0.0000
    3047   0.9626   2.3337  16.2216   0.0000   0.0000   0.0000
    3048   0.7488   3.0777  15.1027   0.0000   0.0000   0.0000
    3049   0.8672   2.6340  15.2223   0.0000   0.0000   0.0000
    3050   1.3601   2.8820  15.9008   0.0000   0.0000   0.0000
    3051   1.7795   3.0984  16.7500   0.0000   0.0000   0.0000
    3052   1.4118   2.6835  16.1039   0.0000   0.0000   0.0000
    3053   0.8812   3.3985  16.3122   0.0000   0.0000   0.0000
    3054   0.8529   3.0260  16.8167   0.0000   0.0000   0.0000
    3055   1.0976   3.2329  16.2913   0.0000   0.0000   0.0000
    3056   0.9101   3.1909  16.6686   0.0000   0.0000   0.0000
    3057   1.2716   2.6899  16.5680   0.0000   0.0000   0.0000
    3058   1.1456   3.5423  16.2602   0.0000   0.0000   0.0000
    3059   0.5318   2.4587  16.2073   0.0000   0.0000   0.0000
    3060  -0.4076   2.7478  16.1528   0.0000   0.0000   0.0000
    3061   0.5088   2.8622  15.2831   0.0000   0.0000   0.0000
    3062   0.1721   3.0659  15.7043   0.0000   0.0000   0.0000
    3063   0.6851   3.4405  16.1332   0.0000   0.0000   0.0000
    3064   0.1364   3.0672  15.2517   0.0000   0.0000   0.0000
    3065   0.5752   4.0027  15.0509   0.0000   0.0000   0.0000
    3066   0.5694   3.8094  15.2579   0.0000   0.0000   0.0000
    3067   0.5081   3.9663  14.7195   0.0000   0.0000   0.0000
    3068   0.7769   3.6121  15.4831   0.0000   0.0000   0.0000
    3069   1.1514   3.6964  16.1001   0.0000   0.0000   0.0000
    3070   1.5068   3.6050  16.1857   0.0000   0.0000   0.0000
    3071   1.1507   3.3400  15.4650   0.0000   0.0000   0.0000
    3072   0.8750   4.1571  15.7155   0.0000   0.0000   0.0000
    3073   0.6771   2.9084  16.2234   0.0000   0.0000   0.0000
    3074   1.9961   3.4536  16.2648   0.0000   0.0000   0.0000
    3075   2.1476   4.4036  16.3246   0.0000   0.0000   0.0000
    3076   1.8825   4.2472  16.5933   0.0000   0.0000   0.0000
    3077   1.7513   3.9572  15.4901   0.0000   0.0000   0.0000
    3078   1.4704   3.5851  16.5049   0.0000   0.0000   0.0000
    3079   1.9515   3.4752  16.4554   0.0000   0.0000   0.0000
    3080   1.9349   2.8326  16.9582   0.0000   0.0000   0.0000
    3081   2.0733   2.6401  17.0320   0.0000   0.0000   0.0000
    3082   1.9627   2.8109  16.5998   0.0000   0.0000   0.0000
    3083   1.5870   2.8017  16.2912   0.0000   0.0000   0.0000
    3084   1.3964   3.7169  16.0776   0.0000   0.0000   0.0000
    3085   1.6012   3.1697  16.0707   0.0000   0.0000   0.0000
    3086   1.8407   2.4281  16.6605   0.0000   0.0000   0.0000
    3087   1.7389   1.5739  16.5844   0.0000   0.0000   0.0000
    3088   1.4153   2.3215  16.6661   0.0000   0.0000   0.0000
    3089   1.6407   2.6491  16.6231   0.0000   0.0000   0.0000
    3090   2.0232   2.0565  16.5563   0.0000   0.0000   0.0000
    3091   1.4743   1.9901  16.4864   0.0000   0.0000   0.0000
    3092   1.4994   2.2825  16.1981   0.0000   0.0000   0.0000
    3093   2.2551   3.0214  15.7746   0.0000   0.0000   0.0000
    3094   2.2889   2.7660  16.1209   0.0000   0.0000   0.0000
    3095   2.1155   2.2486  16.3881   0.0000   0.0000   0.0000
    3096   1.9773   1.6019  17.2283   0.0000   0.0000   0.0000
    3097   1.3098   2.4119  17.0405   0.0000   0.0000   0.0000
    3098   2.2186   2.1633  17.2204   0.0000   0.0000   0.0000
    3099   1.4464   2.4611  17.6461   0.0000   0.0000   0.0000
    3100   1.9859   1.5041  17.8013   0.0000   0.0000   0.0000
    3101   2.0155   1.1902  17.2317   0.0000   0.0000   0.0000
    3102   2.3058   1.0774  18.0927   0.0000   0.0000   0.0000
    3103   1.7826   2.0653  18.0475   0.0000   0.0000   0.0000
    3104   1.9160   1.3211  17.5755   0.0000   0.0000   0.0000
    3105   1.2367   2.0647  18.1991   0.0000   0.0000   0.0000
    3106   1.8156   2.0517  19.0759   0.0000   0.0000   0.0000
    3107   1.3508   1.6249  18.1778   0.0000   0.0000   0.0000
    3108   1.0109   2.0517  18.5546   0.0000   0.0000   0.0000
    3109   1.3379   2.6896  16.6777   0.0000   0.0000   0.0000
    3110   1.8443   2.1767  16.8768   0.0000   0.0000   0.0000
    3111   2.6548   2.4928  17.1294   0.0000   0.0000   0.0000
    3112   1.6622   3.0706  17.0703   0.0000   0.0000   0.0000
    3113   1.8449   3.3659  16.9472   0.0000   0.0000   0.0000
    3114   2.2668   3.1242  16.0998   0.0000   0.0000   0.0000
    3115   2.3293   3.7855  16.6074   0.0000   0.0000   0.0000
    3116   2.1759   3.6145  16.1378   0.0000   0.0000   0.0000
    3117   2.3930   3.4055  16.5954   0.0000   0.0000   0.0000
    3118   2.4097   3.4230  17.0810   0.0000   0.0000   0.0000
    3119   1.7067   2.9221  15.8157   0.0000   0.0000   0.0000
    3120   1.6376   3.0702  16.6803   0.0000   0.0000   0.0000
    3121   1.9787   3.5190  16.3823   0.0000   0.0000   0.0000
    3122   1.4182   3.4284  15.9625   0.0000   0.0000   0.0000
    3123   2.4043   3.4141  15.2385   0.0000   0.0000   0.0000
    3124   3.1347   3.7292  15.4533   0.0000   0.0000   0.0000
    3125   3.7894   3.6062  15.1843   0.0000   0.0000   0.0000
    3126   3.1448   3.7676  14.6008   0.0000   0.0000   0.0000
    3127   2.6508   4.3286  14.7881   0.0000   0.0000   0.0000
    3128   2.7806   4.4483  15.2274   0.0000   0.0000   0.0000
    3129   2.9544   3.5623  15.4901   0.0000   0.0000   0.0000
    3130   2.6526   3.6865  14.9943   0.0000   0.0000   0.0000
    3131   3.1215   2.7652  15.3860   0.0000   0.0000   0.0000
    3132   2.9747   2.7548  14.5754   0.0000   0.0000   0.0000
    3133   1.8283   3.3020  14.5375   0.0000   0.0000   0.0000
    3134   2.2174   3.7143  14.7538   0.0000   0.0000   0.0000
    3135   2.8866   3.0928  15.1370   0.0000   0.0000   0.0000
    3136   2.2241   3.3326  14.9327   0.0000   0.0000   0.0000
    3137   1.7800   3.6029  14.9964   0.0000   0.0000   0.0000
    3138   1.4825   3.3947  14.9642   0.0000   0.0000   0.0000
    3139   1.9349   2.5164  14.3869   0.0000   0.0000   0.0000
    3140   1.7509   2.9594  14.3520   0.0000   0.0000   0.0000
    3141   1.3904   2.2400  13.9362   0.0000   0.0000   0.0000
    3142   1.4674   2.2864  13.9346   0.0000   0.0000   0.0000
    3143   1.1477   3.3974  15.0834   0.0000   0.0000   0.0000
    3144   0.0531   2.6582  14.4017   0.0000   0.0000   0.0000
    3145   0.9629   3.5023  14.2452   0.0000   0.0000   0.0000
    3146   1.2731   2.7657  15.0596   0.0000   0.0000   0.0000
    3147   1.4320   2.6784  14.3402   0.0000   0.0000   0.0000
    3148   1.7834   2.3044  14.9219   0.0000   0.0000   0.0000
    3149   1.3140   2.5520  15.1325   0.0000   0.0000   0.0000
    3150   1.5455   4.0023  14.9961   0.0000   0.0000   0.0000
    3151   1.1488   3.3208  14.5494   0.0000   0.0000   0.0000
    3152   1.9189   3.3727  14.4739   0.0000   0.0000   0.0000
    3153   2.9008   3.1597  14.1795   0.0000   0.0000   0.0000
    3154   1.9680   3.3676  14.4834   0.0000   0.0000   0.0000
    3155   2.2621   3.5574  14.8708   0.0000   0.0000   0.0000
    3156   2.8608   3.2894  14.2711   0.0000   0.0000   0.0000
    3157   1.9879   2.6852  15.0801   0.0000   0.0000   0.0000
    3158   1.9556   2.5511  14.3576   0.0000   0.0000   0.0000
    3159   1.7978   3.5982  15.2055   0.0000   0.0000   0.0000
    3160   0.5331   3.3006  15.1214   0.0000   0.0000   0.0000
    3161   1.9993   3.6581  14.2494   0.0000   0.0000   0.0000
    3162   2.0864   3.4258  13.9600   0.0000   0.0000   0.0000
    3163   2.3593   3.7525  15.2996   0.0000   0.0000   0.0000
    3164   2.6249   3.8914  15.1328   0.0000   0.0000   0.0000
    3165   1.6631   3.6483  15.2954   0.0000   0.0000   0.0000
    3166   2.2475   2.8942  14.8062   0.0000   0.0000   0.0000
    3167   2.8354   2.9879  15.0460   0.0000   0.0000   0.0000
    3168   2.5889   2.2025  14.5675   0.0000   0.0000   0.0000
    3169   1.8080   2.1943  14.8795   0.0000   0.0000   0.0000
    3170   1.5100   2.6970  15.0160   0.0000   0.0000   0.0000
    3171   2.1187   2.6232  14.8424   0.0000   0.0000   0.0000
    3172   1.9938   2.7843  15.1656   0.0000   0.0000   0.0000
    3173   2.5142   2.2774  14.3979   0.0000   0.0000   0.0000
    3174   2.8310   1.8046  14.2700   0.0000   0.0000   0.0000
    3175   3.0906   3.0170  14.0965   0.0000   0.0000   0.0000
    3176   1.4715   2.4947  14.2506   0.0000   0.0000   0.0000
    3177   3.2716   2.9430  14.0987   0.0000   0.0000   0.0000
    3178   3.1197   2.6045  13.8843   0.0000   0.0000   0.0000
    3179   3.1963   2.9444  13.5747   0.0000   0.0000   0.0000
    3180   1.8933   3.9158  13.7720   0.0000   0.0000   0.0000
    3181   2.4571   3.3607  14.1215   0.0000   0.0000   0.0000
    3182   2.6608   2.3204  14.3665   0.0000   0.0000   0.0000
    3183   2.5356   2.9432  13.6482   0.0000   0.0000   0.0000
    3184   3.3253   4.1328  12.8997   0.0000   0.0000   0.0000
    3185   2.6216   3.2691  13.8654   0.0000   0.0000   0.0000
    3186   2.9645   3.7271  13.9382   0.0000   0.0000   0.0000
    3187   3.1538   3.8064  13.4257   0.0000   0.0000   0.0000
    3188   3.1477   3.4585  14.0529   0.0000   0.0000   0.0000
    3189   2.9988   3.0212  13.3274   0.0000   0.0000   0.0000
    3190   1.6693   3.1474  14.1506   0.0000   0.0000   0.0000
    3191   2.9517   3.7327  13.3741   0.0000   0.0000   0.0000
    3192   2.7262   3.2940  13.4232   0.0000   0.0000   0.0000
    3193   2.6608   3.3239  13.9208   0.0000   0.0000   0.0000
    3194   2.8060   3.5938  13.3608   0.0000   0.0000   0.0000
    3195   2.6853   4.2423  13.4974   0.0000   0.0000   0.0000
    3196   2.7065   3.8441  14.0753   0.0000   0.0000   0.0000
    3197   3.3464   3.5324  14.1365   0.0000   0.0000   0.0000
    3198   3.5744   2.9094  14.2925   0.0000   0.0000   0.0000
    3199   4.3721   3.2586  13.9954   0.0000   0.0000   0.0000
    3200   3.6308   3.2848  13.9842   0.0000   0.0000   0.0000
    3201   3.6164   2.7889  13.7421   0.0000   0.0000   0.0000
    3202   3.7824   2.8448  14.6654   0.0000   0.0000   0.0000
    3203   4.1619   2.8309  14.3701   0.0000   0.0000   0.0000
    3204   4.3318   2.7813  14.2576   0.0000   0.0000   0.0000
    3205   3.6924   3.2614  13.9558   0.0000   0.0000   0.0000
    3206   3.6807   3.1315  13.8225   0.0000   0.0000   0.0000
    3207   2.9149   3.0297  14.2314   0.0000   0.0000   0.0000
    3208   2.0425   3.1779  14.7232   0.0000   0.0000   0.0000
    3209   1.7657   2.4980  14.4264   0.0000   0.0000   0.0000
    3210   1.7236   2.9676  14.7720   0.0000   0.0000   0.0000
    3211   1.8240   2.5999  15.3781   0.0000   0.0000   0.0000
    3212   1.6173   2.7425  15.6328   0.0000   0.0000   0.0000
    3213   2.1527   3.2582  15.5206   0.0000   0.0000   0.0000
    3214   1.6270   2.4955  15.4732   0.0000   0.0000   0.0000
    3215   1.7314   3.7217  14.7219   0.0000   0.0000   0.0000
    3216   2.4197   3.4912  14.9347   0.0000   0.0000   0.0000
    3217   2.5311   2.8140  14.2379   0.0000   0.0000   0.0000
    3218   2.3369   2.7677  14.5999   0.0000   0.0000   0.0000
    3219   2.5774   3.1252  14.5025   0.0000   0.0000   0.0000
    3220   2.6558   2.9507  14.2184   0.0000   0.0000   0.0000
    3221   1.0001   3.3337  13.4355   0.0000   0.0000   0.0000
    3222   1.5702   2.3998  14.3358   0.0000   0.0000   0.0000
    3223   1.9104   3.8939  13.9536   0.0000   0.0000   0.0000
    3224   1.9445   2.9164  13.4204   0.0000   0.0000   0.0000
    3225   1.6933   2.9859  13.7774   0.0000   0.0000   0.0000
    3226   2.0533   2.5455  13.7830   0.0000   0.0000   0.0000
    3227   1.6659   2.5046  14.0066   0.0000   0.0000   0.0000
    3228   1.8558   2.3606  14.3288   0.0000   0.0000   0.0000
    3229   2.0066   2.1613  14.1723   0.0000   0.0000   0.0000
    3230   1.3551   1.8168  14.0164   0.0000   0.0000   0.0000
    3231   2.1054   2.7263  13.7611   0.0000   0.0000   0.0000
    3232   2.5431   1.7434  14.9519   0.0000   0.0000   0.0000
    3233   2.0095   2.4233  15.3779   0.0000   0.0000   0.0000
    3234   2.8081   2.1464  14.8611   0.0000   0.0000   0.0000
    3235   2.0649   1.1725  14.7919   0.0000   0.0000   0.0000
    3236   2.4308   2.4862  14.6084   0.0000   0.0000   0.0000
    3237   2.5415   1.7562  14.6585   0.0000   0.0000   0.0000
    3238   2.0274   2.0905  14.7825   0.0000   0.0000   0.0000
    3239   2.7049   1.9241  14.6721   0.0000   0.0000   0.0000
    3240   3.2888   1.8805  13.9770   0.0000   0.0000   0.0000
    3241   2.9003   1.5554  14.3834   0.0000   0.0000   0.0000
    3242   3.3603   1.4139  14.5396   0.0000   0.0000   0.0000
    3243   2.8099   1.9867  13.9322   0.0000   0.0000   0.0000
    3244   3.5155   2.1897  13.6136   0.0000   0.0000   0.0000
    3245   3.2635   3.2565  13.6259   0.0000   0.0000   0.0000
    3246   2.2742   2.8396  13.6580   0.0000   0.0000   0.0000
    3247   1.8228   2.5271  13.3866   0.0000   0.0000   0.0000
    3248   1.9755   2.6621  13.4765   0.0000   0.0000   0.0000
    3249   2.3786   2.2239  13.1859   0.0000   0.0000   0.0000
    3250   2.6257   1.7037  13.2193   0.0000   0.0000   0.0000
    3251   2.8890   2.0664  13.1628   0.0000   0.0000   0.0000
    3252   1.8120   2.4852  13.5428   0.0000   0.0000   0.0000
    3253   1.9718   2.5347  13.5841   0.0000   0.0000   0.0000
    3254   2.6633   3.3899  13.1329   0.0000   0.0000   0.0000
    3255   2.1320   3.1590  13.9597   0.0000   0.0000   0.0000
    3256   2.4778   2.6637  13.4101   0.0000   0.0000   0.0000
    3257   1.9930   3.1809  14.0695   0.0000   0.0000   0.0000
    3258   2.6775   2.6921  14.1253   0.0000   0.0000   0.0000
    3259   3.1687   3.2268  13.4580   0.0000   0.0000   0.0000
    3260   2.3954   3.0393  13.8895   0.0000   0.0000   0.0000
    3261   2.7290   3.2832  14.1099   0.0000   0.0000   0.0000
    3262   2.6963   3.9487  14.1571   0.0000   0.0000   0.0000
    3263   2.0340   2.7945  14.2429   0.0000   0.0000   0.0000
    3264   1.8585   2.7959  14.2110   0.0000   0.0000   0.0000
    3265   2.3297   3.4570  14.1057   0.0000   0.0000   0.0000
    3266   2.5713   3.3176  14.6706   0.0000   0.0000   0.0000
    3267   1.6254   3.7318  13.6846   0.0000   0.0000   0.0000
    3268   2.0015   3.1933  14.0250   0.0000   0.0000   0.0000
    3269   1.8108   2.8702  14.0782   0.0000   0.0000   0.0000
    3270   1.9170   3.4168  13.7320   0.0000   0.0000   0.0000
    3271   2.8318   3.2180  13.2029   0.0000   0.0000   0.0000
    3272   2.9414   3.2815  14.4988   0.0000   0.0000   0.0000
    3273   3.6713   2.8979  14.1762   0.0000   0.0000   0.0000
    3274   3.4049   3.1868  14.2716   0.0000   0.0000   0.0000
    3275   3.2550   2.7679  14.3761   0.0000   0.0000   0.0000
    3276   3.4685   3.2787  14.6495   0.0000   0.0000   0.0000
    3277   3.1765   3.4174  14.4015   0.0000   0.0000   0.0000
    3278   3.5344   3.1511  14.1376   0.0000   0.0000   0.0000
    3279   3.5918   3.4870  13.8967   0.0000   0.0000   0.0000
    3280   2.8111   3.2091  13.3722   0.0000   0.0000   0.0000
    3281   2.8617   2.5434  13.4481   0.0000   0.0000   0.0000
    3282   3.3964   2.8187  13.5582   0.0000   0.0000   0.0000
    3283   2.5795   3.1199  13.6103   0.0000   0.0000   0.0000
    3284   2.4126   3.6048  14.2040   0.0000   0.0000   0.0000
    3285   3.3030   4.1564  13.9326   0.0000   0.0000   0.0000
    3286   3.6012   4.2580  13.7572   0.0000   0.0000   0.0000
    3287   3.1964   3.9769  13.7594   0.0000   0.0000   0.0000
    3288   2.9580   4.1817  14.1756   0.0000   0.0000   0.0000
    3289   2.8033   4.5124  14.0346   0.0000   0.0000   0.0000
    3290   2.1020   4.2728  14.3267   0.0000   0.0000   0.0000
    3291   2.1326   3.7964  13.8822   0.0000   0.0000   0.0000
    3292   2.7464   4.2666  13.3845   0.0000   0.0000   0.0000
    3293   2.8426   4.2334  13.8576   0.0000   0.0000   0.0000
    3294   3.3086   3.1700  13.6164   0.0000   0.0000   0.0000
    3295   2.7102   3.7287  13.6052   0.0000   0.0000   0.0000
    3296   3.6018   3.7445  13.2504   0.0000   0.0000   0.0000
    3297   2.8499   3.8360  13.6550   0.0000   0.0000   0.0000
    3298   2.8286   3.8696  13.7114   0.0000   0.0000   0.0000
    3299   2.4510   3.3038  14.0649   0.0000   0.0000   0.0000
    3300   2.2030   3.1937  14.2809   0.0000   0.0000   0.0000
    3301   2.5107   4.0454  13.6582   0.0000   0.0000   0.0000
    3302   2.7652   3.4266  13.9789   0.0000   0.0000   0.0000
    3303   3.0570   4.4631  13.9480   0.0000   0.0000   0.0000
    3304   2.7363   4.3280  14.6704   0.0000   0.0000   0.0000
    3305   3.3753   3.3856  14.7195   0.0000   0.0000   0.0000
    3306   3.2675   4.1766  13.8190   0.0000   0.0000   0.0000
    3307   3.2801   3.9606  14.1310   0.0000   0.0000   0.0000
    3308   3.8838   4.3002  14.3473   0.0000   0.0000   0.0000
    3309   4.0824   3.8736  14.7769   0.0000   0.0000   0.0000
    3310   3.5451   3.5638  13.7003   0.0000   0.0000   0.0000
    3311   3.1175   4.0767  13.7321   0.0000   0.0000   0.0000
    3312   3.1290   3.3526  14.6502   0.0000   0.0000   0.0000
    3313   2.6081   3.8506  14.0963   0.0000   0.0000   0.0000
    3314   3.2360   4.0913  14.0997   0.0000   0.0000   0.0000
    3315   3.2075   3.4361  13.4587   0.0000   0.0000   0.0000
    3316   2.9083   3.8929  12.6934   0.0000   0.0000   0.0000
    3317   3.8108   3.5802  12.9715   0.0000   0.0000   0.0000
    3318   3.1120   4.2123  13.1411   0.0000   0.0000   0.0000
    3319   3.8880   3.6863  13.3179   0.0000   0.0000   0.0000
    3320   2.8766   5.2463  13.9726   0.0000   0.0000   0.0000
    3321   3.5921   5.2780  14.1032   0.0000   0.0000   0.0000
    3322   2.7267   5.2920  13.3680   0.0000   0.0000   0.0000
    3323   3.4671   5.2855  13.3323   0.0000   0.0000   0.0000
    3324   2.9440   5.0056  12.8398   0.0000   0.0000   0.0000
    3325   3.9850   4.8365  13.1532   0.0000   0.0000   0.0000
    3326   4.0824   5.2303  12.7551   0.0000   0.0000   0.0000
    3327   3.1891   5.0578  13.2025   0.0000   0.0000   0.0000
    3328   2.7592   4.7475  13.7667   0.0000   0.0000   0.0000
    3329   3.4582   4.9358  13.7068   0.0000   0.0000   0.0000
    3330   2.4885   4.7112  13.2191   0.0000   0.0000   0.0000
    3331   3.0685   5.1613  13.2827   0.0000   0.0000   0.0000
    3332   3.0131   4.7986  13.1721   0.0000   0.0000   0.0000
    3333   2.9630   4.7572  14.0309   0.0000   0.0000   0.0000
    3334   2.2328   4.8617  13.7420   0.0000   0.0000   0.0000
    3335   2.1634   4.4685  13.8924   0.0000   0.0000   0.0000
    3336   2.8908   5.0223  14.1779   0.0000   0.0000   0.0000
    3337   3.7005   5.0845  14.1924   0.0000   0.0000   0.0000
    3338   3.3764   5.1631  14.2412   0.0000   0.0000   0.0000
    3339   3.3192   5.8900  15.0619   0.0000   0.0000   0.0000
    3340   3.6758   5.5827  15.3258   0.0000   0.0000   0.0000
    3341   3.9982   5.4345  15.5600   0.0000   0.0000   0.0000
    3342   3.5141   5.4898  14.1400   0.0000   0.0000   0.0000
    3343   3.6931   4.6106  15.0254   0.0000   0.0000   0.0000
    3344   4.0071   4.8215  15.2560   0.0000   0.0000   0.0000
    3345   3.2075   5.5232  15.3147   0.0000   0.0000   0.0000
    3346   3.1857   5.2788  15.7998   0.0000   0.0000   0.0000
    3347   2.9463   5.8063  15.3157   0.0000   0.0000   0.0000
    3348   2.3042   5.1525  14.7802   0.0000   0.0000   0.0000
    3349   2.7099   4.3770  15.4055   0.0000   0.0000   0.0000
    3350   3.2439   4.1729  15.2113   0.0000   0.0000   0.0000
    3351   3.7687   4.5096  14.5431   0.0000   0.0000   0.0000
    3352   2.8028   4.2105  14.1600   0.0000   0.0000   0.0000
    3353   3.6753   4.3763  14.5780   0.0000   0.0000   0.0000
    3354   3.3636   3.9456  15.1005   0.0000   0.0000   0.0000
    3355   3.1913   4.5705  15.0699   0.0000   0.0000   0.0000
    3356   2.9800   4.1490  14.4803   0.0000   0.0000   0.0000
    3357   2.4002   5.0954  14.9625   0.0000   0.0000   0.0000
    3358   2.4839   4.1624  15.1192   0.0000   0.0000   0.0000
    3359   2.7248   3.8763  14.9600   0.0000   0.0000   0.0000
    3360   2.5565   4.0864  15.1150   0.0000   0.0000   0.0000
    3361   3.1919   4.3570  15.3214   0.0000   0.0000   0.0000
    3362   2.5010   3.6391  14.6360   0.0000   0.0000   0.0000
    3363   2.5613   3.6070  14.8530   0.0000   0.0000   0.0000
    3364   3.0115   4.1779  14.7989   0.0000   0.0000   0.0000
    3365   2.8067   4.0362  14.6612   0.0000   0.0000   0.0000
    3366   1.9192   4.3499  14.6276   0.0000   0.0000   0.0000
    3367   2.1712   4.2299  14.5156   0.0000   0.0000   0.0000
    3368   2.6269   4.3371  14.3028   0.0000   0.0000   0.0000
    3369   2.2810   4.5371  15.1270   0.0000   0.0000   0.0000
    3370   1.6423   5.2727  14.1088   0.0000   0.0000   0.0000
    3371   1.4049   4.4031  14.6004   0.0000   0.0000   0.0000
    3372   2.8055   4.1289  13.9822   0.0000   0.0000   0.0000
    3373   3.1882   4.5367  13.7882   0.0000   0.0000   0.0000
    3374   2.3240   4.6608  13.0529   0.0000   0.0000   0.0000
    3375   2.2058   4.7709  13.1562   0.0000   0.0000   0.0000
    3376   1.8361   4.0469  13.3294   0.0000   0.0000   0.0000
    3377   2.5276   4.4321  13.9043   0.0000   0.0000   0.0000
    3378   2.5537   4.8445  14.1103   0.0000   0.0000   0.0000
    3379   2.8735   4.5661  13.9539   0.0000   0.0000   0.0000
    3380   2.1070   4.6377  14.0341   0.0000   0.0000   0.0000
    3381   1.7639   5.2129  13.3240   0.0000   0.0000   0.0000
    3382   2.4955   4.4046  13.2364   0.0000   0.0000   0.0000
    3383   3.0449   4.8663  13.5311   0.0000   0.0000   0.0000
    3384   2.8020   4.8848  14.0929   0.0000   0.0000   0.0000
    3385   2.2532   4.9480  14.1844   0.0000   0.0000   0.0000
    3386   2.1682   4.9776  14.5487   0.0000   0.0000   0.0000
    3387   2.5804   4.8271  13.8327   0.0000   0.0000   0.0000
    3388   2.9288   4.8918  14.2688   0.0000   0.0000   0.0000
    3389   3.4181   5.2050  14.6206   0.0000   0.0000   0.0000
    3390   2.8360   4.2553  13.5812   0.0000   0.0000   0.0000
    3391   3.2728   5.0377  13.5066   0.0000   0.0000   0.0000
    3392   2.6240   4.7896  14.2807   0.0000   0.0000   0.0000
    3393   2.9979   5.1433  14.5366   0.0000   0.0000   0.0000
    3394   2.5248   5.6406  14.3902   0.0000   0.0000   0.0000
    3395   1.4957   5.6798  13.9706   0.0000   0.0000   0.0000
    3396   2.5047   5.2737  14.1558   0.0000   0.0000   0.0000
    3397   2.0207   5.0112  14.2654   0.0000   0.0000   0.0000
    3398   2.6832   5.1334  13.7687   0.0000   0.0000   0.0000
    3399   2.6900   4.8767  13.9402   0.0000   0.0000   0.0000
    3400   2.5946   5.1314  14.5085   0.0000   0.0000   0.0000
    3401   2.7016   5.3308  14.5074   0.0000   0.0000   0.0000
    3402   2.4443   5.6730  14.2753   0.0000   0.0000   0.0000
    3403   2.5592   4.5731  14.2546   0.0000   0.0000   0.0000
    3404   2.0464   4.2950  15.0062   0.0000   0.0000   0.0000
    3405   1.6731   4.6103  14.3545   0.0000   0.0000   0.0000
    3406   2.8048   4.9259  14.2304   0.0000   0.0000   0.0000
    3407   2.7544   4.5770  14.2515   0.0000   0.0000   0.0000
    3408   1.3331   4.6412  14.3616   0.0000   0.0000   0.0000
    3409   1.9134   4.8200  14.6370   0.0000   0.0000   0.0000
    3410   1.9841   5.2916  14.5904   0.0000   0.0000   0.0000
    3411   2.5202   5.0260  14.6139   0.0000   0.0000   0.0000
    3412   2.5993   5.5409  14.1315   0.0000   0.0000   0.0000
    3413   2.8525   5.6451  14.0791   0.0000   0.0000   0.0000
    3414   2.6082   5.1626  14.3610   0.0000   0.0000   0.0000
    3415   3.3552   5.4126  14.2474   0.0000   0.0000   0.0000
    3416   2.5744   5.0257  14.1361   0.0000   0.0000   0.0000
    3417   2.9058   5.7920  13.7658   0.0000   0.0000   0.0000
    3418   3.8404   6.1802  14.1434   0.0000   0.0000   0.0000
    3419   3.7872   5.8834  13.3848   0.0000   0.0000   0.0000
    3420   3.2022   5.4051  14.0044   0.0000   0.0000   0.0000
    3421   3.2089   5.7180  13.3861   0.0000   0.0000   0.0000
    3422   3.6864   6.0810  13.5254   0.0000   0.0000   0.0000
    3423   2.9428   5.5685  13.2529   0.0000   0.0000   0.0000
    3424   2.3820   5.4558  13.4278   0.0000   0.0000   0.0000
    3425   2.0460   6.4653  13.6824   0.0000   0.0000   0.0000
    3426   2.1316   5.7027  14.9600   0.0000   0.0000   0.0000
    3427   2.3516   4.6101  14.8335   0.0000   0.0000   0.0000
    3428   2.3558   5.0786  14.9154   0.0000   0.0000   0.0000
    3429   2.1010   4.9679  15.5617   0.0000   0.0000   0.0000
    3430   2.3379   4.8451  15.5137   0.0000   0.0000   0.0000
    3431   2.2495   3.8633  15.6952   0.0000   0.0000   0.0000
    3432   1.5955   5.2222  15.4997   0.0000   0.0000   0.0000
    3433   2.0215   4.8143  15.3803   0.0000   0.0000   0.0000
    3434   2.7656   5.2571  16.0065   0.0000   0.0000   0.0000
    3435   3.1394   5.7571  15.1355   0.0000   0.0000   0.0000
    3436   2.5327   5.1770  15.3873   0.0000   0.0000   0.0000
    3437   1.8628   5.8092  15.0844   0.0000   0.0000   0.0000
    3438   1.8712   5.3361  14.9047   0.0000   0.0000   0.0000
    3439   2.0586   5.9242  15.5778   0.0000   0.0000   0.0000
    3440   2.0786   5.3848  15.3590   0.0000   0.0000   0.0000
    3441   2.1145   5.4721  14.3259   0.0000   0.0000   0.0000
    3442   1.8469   4.7080  15.0676   0.0000   0.0000   0.0000
    3443   2.7520   4.9069  14.8770   0.0000   0.0000   0.0000
    3444   2.3977   5.6333  14.7943   0.0000   0.0000   0.0000
    3445   1.4178   4.5033  15.2364   0.0000   0.0000   0.0000
    3446   1.7957   4.6095  15.1501   0.0000   0.0000   0.0000
    3447   2.0818   4.5996  15.4077   0.0000   0.0000   0.0000
    3448   1.7724   5.6525  16.4326   0.0000   0.0000   0.0000
    3449   1.0082   5.2327  15.7856   0.0000   0.0000   0.0000
    3450   1.4389   6.1745  15.5944   0.0000   0.0000   0.0000
    3451   1.2393   5.4378  14.8713   0.0000   0.0000   0.0000
    3452   1.5224   5.4568  14.6710   0.0000   0.0000   0.0000
    3453   1.2886   6.5967  15.0268   0.0000   0.0000   0.0000
    3454   1.3540   6.1335  15.8982   0.0000   0.0000   0.0000
    3455   1.9387   6.1672  14.8141   0.0000   0.0000   0.0000
    3456   1.7129   5.7471  15.3465   0.0000   0.0000   0.0000
    3457   1.8997   5.9451  14.9310   0.0000   0.0000   0.0000
    3458   1.7396   6.1179  15.2556   0.0000   0.0000   0.0000
    3459   1.7400   6.5706  15.6484   0.0000   0.0000   0.0000
    3460   0.0898   6.0557  15.6760   0.0000   0.0000   0.0000
    3461   1.0140   5.8478  15.0136   0.0000   0.0000   0.0000
    3462   1.0644   6.8893  15.3668   0.0000   0.0000   0.0000
    3463   1.0127   5.9574  15.2317   0.0000   0.0000   0.0000
    3464   1.1563   6.2322  14.7080   0.0000   0.0000   0.0000
    3465   0.2346   6.7923  14.7282   0.0000   0.0000   0.0000
    3466   0.2385   5.8161  14.5048   0.0000   0.0000   0.0000
    3467   0.5129   6.1577  15.2660   0.0000   0.0000   0.0000
    3468   2.2019   6.0504  15.0506   0.0000   0.0000   0.0000
    3469   1.7117   6.8700  15.1609   0.0000   0.0000   0.0000
    3470   2.2877   6.4227  15.0174   0.0000   0.0000   0.0000
    3471   1.5213   6.4100  15.3977   0.0000   0.0000   0.0000
    3472   1.0981   6.5634  15.3868   0.0000   0.0000   0.0000
    3473   1.2393   6.2320  14.8701   0.0000   0.0000   0.0000
    3474   1.3764   6.7070  14.7902   0.0000   0.0000   0.0000
    3475   0.5649   6.8258  14.6073   0.0000   0.0000   0.0000
    3476   0.1133   5.8827  14.7240   0.0000   0.0000   0.0000
    3477  -0.0902   6.1153  15.0966   0.0000   0.0000   0.0000
    3478   0.6681   5.1726  15.4663   0.0000   0.0000   0.0000
    3479   0.7808   5.5672  15.0356   0.0000   0.0000   0.0000
    3480   1.8875   6.0348  14.3395   0.0000   0.0000   0.0000
    3481   0.6711   5.4999  14.3529   0.0000   0.0000   0.0000
    3482   1.7968   5.7169  14.9043   0.0000   0.0000   0.0000
    3483   1.0386   5.1428  14.7142   0.0000   0.0000   0.0000
    3484   0.1601   5.6180  14.3350   0.0000   0.0000   0.0000
    3485   1.0461   5.1568  14.4733   0.0000   0.0000   0.0000
    3486   1.3057   5.3630  13.9779   0.0000   0.0000   0.0000
    3487   0.7936   5.2773  13.0967   0.0000   0.0000   0.0000
    3488  -0.0262   4.8498  13.8573   0.0000   0.0000   0.0000
    3489   0.3611   4.9298  14.2133   0.0000   0.0000   0.0000
    3490   0.1831   5.2663  13.6708   0.0000   0.0000   0.0000
    3491   0.6886   5.9334  13.9067   0.0000   0.0000   0.0000
    3492   0.6285   5.8213  14.6348   0.0000   0.0000   0.0000
    3493   0.9719   5.7717  13.0809   0.0000   0.0000   0.0000
    3494   0.7065   5.6450  13.4530   0.0000   0.0000   0.0000
    3495   0.8051   4.5634  14.1617   0.0000   0.0000   0.0000
    3496  -0.2182   3.8659  14.4721   0.0000   0.0000   0.0000
    3497   0.2443   5.8710  14.3318   0.0000   0.0000   0.0000
    3498   0.6679   5.2142  14.5182   0.0000   0.0000   0.0000
    3499   0.7785   5.1638  14.7628   0.0000   0.0000   0.0000
    3500   0.8783   6.0466  14.6855   0.0000   0.0000   0.0000
    3501   0.2930   4.7617  14.9167   0.0000   0.0000   0.0000
    3502   0.8833   5.2369  14.3515   0.0000   0.0000   0.0000
    3503  -0.1908   5.2405  13.8402   0.0000   0.0000   0.0000
    3504   1.4511   4.3326  14.4610   0.0000   0.0000   0.0000
    3505   0.5907   5.5914  15.0714   0.0000   0.0000   0.0000
    3506   0.9988   4.8328  16.1037   0.0000   0.0000   0.0000
    3507   0.9714   4.5901  15.5296   0.0000   0.0000   0.0000
    3508   0.6528   4.2350  15.7475   0.0000   0.0000   0.0000
    3509   1.2595   4.1711  15.6747   0.0000   0.0000   0.0000
    3510   1.0743   4.4666  15.2611   0.0000   0.0000   0.0000
    3511   0.4652   3.7078  15.7092   0.0000   0.0000   0.0000
    3512   1.6904   3.3298  15.1866   0.0000   0.0000   0.0000
    3513   1.4532   3.6708  15.3564   0.0000   0.0000   0.0000
    3514   1.9316   3.3517  15.7535   0.0000   0.0000   0.0000
    3515   1.0098   2.9518  16.1588   0.0000   0.0000   0.0000
    3516   0.8673   4.1532  15.7866   0.0000   0.0000   0.0000
    3517   0.7406   4.3233  15.1044   0.0000   0.0000   0.0000
    3518   0.1336   4.1650  14.6897   0.0000   0.0000   0.0000
    3519   0.3863   4.1177  15.3640   0.0000   0.0000   0.0000
    3520   0.7078   4.2289  14.6896   0.0000   0.0000   0.0000
    3521   0.7923   4.7421  14.3511   0.0000   0.0000   0.0000
    3522   1.1052   4.6309  14.3029   0.0000   0.0000   0.0000
    3523   1.8211   4.5189  14.1263   0.0000   0.0000   0.0000
    3524   2.0290   5.4235  13.7123   0.0000   0.0000   0.0000
    3525   1.7736   4.6676  14.3501   0.0000   0.0000   0.0000
    3526   2.0691   4.4108  13.8120   0.0000   0.0000   0.0000
    3527   1.2010   4.3039  14.7996   0.0000   0.0000   0.0000
    3528   0.8135   5.0658  13.7420   0.0000   0.0000   0.0000
    3529   0.7224   3.3410  13.7881   0.0000   0.0000   0.0000
    3530  -0.1029   3.9266  13.6504   0.0000   0.0000   0.0000
    3531   0.1767   3.4699  13.8664   0.0000   0.0000   0.0000
    3532  -0.9637   3.7815  13.9079   0.0000   0.0000   0.0000
    3533   0.3707   3.8600  13.5459   0.0000   0.0000   0.0000
    3534   0.4716   3.5684  14.2118   0.0000   0.0000   0.0000
    3535  -0.9452   3.8800  14.9801   0.0000   0.0000   0.0000
    3536  -0.1190   3.9315  13.9316   0.0000   0.0000   0.0000
    3537   0.1999   3.5809  14.4461   0.0000   0.0000   0.0000
    3538   0.0583   3.9353  14.1813   0.0000   0.0000   0.0000
    3539  -0.6358   3.2462  14.0779   0.0000   0.0000   0.0000
    3540  -0.2492   3.7533  13.8491   0.0000   0.0000   0.0000
    3541  -0.0754   3.5257  13.6204   0.0000   0.0000   0.0000
    3542   0.3258   3.4598  13.5741   0.0000   0.0000   0.0000
    3543  -0.9418   4.1028  13.7282   0.0000   0.0000   0.0000
    3544  -0.6952   3.8359  13.3723   0.0000   0.0000   0.0000
    3545   0.3727   4.0421  13.3944   0.0000   0.0000   0.0000
    3546  -0.0116   3.9954  13.8993   0.0000   0.0000   0.0000
    3547  -0.4166   4.3367  14.6817   0.0000   0.0000   0.0000
    3548  -0.2808   4.4330  14.0913   0.0000   0.0000   0.0000
    3549  -0.1259   4.1845  14.6606   0.0000   0.0000   0.0000
    3550   0.1895   4.3625  14.0226   0.0000   0.0000   0.0000
    3551  -0.4957   4.2820  14.7584   0.0000   0.0000   0.0000
    3552  -0.2519   5.2436  13.5523   0.0000   0.0000   0.0000
    3553   0.0740   4.5170  13.9033   0.0000   0.0000   0.0000
    3554   0.5934   4.2018  13.2938   0.0000   0.0000   0.0000
    3555   0.0844   3.4483  13.0516   0.0000   0.0000   0.0000
    3556   0.5789   3.3022  12.9260   0.0000   0.0000   0.0000
    3557  -0.2316   3.8531  13.0583   0.0000   0.0000   0.0000
    3558  -0.4703   5.1551  13.4277   0.0000   0.0000   0.0000
    3559   0.3976   4.6077  13.5125   0.0000   0.0000   0.0000
    3560   0.5252   4.6711  14.1673   0.0000   0.0000   0.0000
    3561   0.6724   3.9720  13.4553   0.0000   0.0000   0.0000
    3562   0.4050   3.7950  14.0083   0.0000   0.0000   0.0000
    3563   1.1965   3.4400  14.7092   0.0000   0.0000   0.0000
    3564   0.3862   4.5712  15.1522   0.0000   0.0000   0.0000
    3565   0.7111   4.2134  14.3601   0.0000   0.0000   0.0000
    3566   0.4853   3.9016  14.5196   0.0000   0.0000   0.0000
    3567   0.2361   3.6421  14.8476   0.0000   0.0000   0.0000
    3568   0.2880   3.3882  14.3790   0.0000   0.0000   0.0000
    3569   0.8923   3.4052  13.9378   0.0000   0.0000   0.0000
    3570   1.0542   2.7544  13.6328   0.0000   0.0000   0.0000
    3571   0.4946   2.7606  13.8115   0.0000   0.0000   0.0000
    3572   0.1271   2.4004  15.0836   0.0000   0.0000   0.0000
    3573   0.9100   2.5688  14.7209   0.0000   0.0000   0.0000
    3574   2.0396   2.5885  14.8487   0.0000   0.0000   0.0000
    3575   0.3992   2.5929  14.4288   0.0000   0.0000   0.0000
    3576  -0.3355   2.7781  14.0687   0.0000   0.0000   0.0000
    3577   0.1473   2.5154  14.2191   0.0000   0.0000   0.0000
    3578   0.3073   3.0395  14.0758   0.0000   0.0000   0.0000
    3579   0.5574   3.1641  13.8314   0.0000   0.0000   0.0000
    3580  -0.2892   3.0717  13.7426   0.0000   0.0000   0.0000
    3581  -0.1167   3.7501  13.7450   0.0000   0.0000   0.0000
    3582  -0.6246   2.4717  13.8902   0.0000   0.0000   0.0000
    3583  -0.1910   3.3485  14.7446   0.0000   0.0000   0.0000
    3584  -0.7187   4.3070  14.6794   0.0000   0.0000   0.0000
    3585   0.0300   3.1843  13.6982   0.0000   0.0000   0.0000
    3586  -0.4062   2.4243  13.9211   0.0000   0.0000   0.0000
    3587  -0.0438   2.5874  13.9240   0.0000   0.0000   0.0000
    3588   0.3331   2.9058  13.3743   0.0000   0.0000   0.0000
    3589  -0.5006   3.2075  12.8131   0.0000   0.0000   0.0000
    3590   0.5611   2.7221  13.3345   0.0000   0.0000   0.0000
    3591   0.2193   3.0569  12.8365   0.0000   0.0000   0.0000
    3592   0.3044   2.9897  13.3548   0.0000   0.0000   0.0000
    3593   0.4924   1.9565  13.0952   0.0000   0.0000   0.0000
    3594   0.0077   3.3274  13.8159   0.0000   0.0000   0.0000
    3595  -0.5945   1.9714  13.6881   0.0000   0.0000   0.0000
    3596  -0.6390   2.0873  13.3526   0.0000   0.0000   0.0000
    3597  -0.1852   2.0013  13.7720   0.0000   0.0000   0.0000
    3598  -0.0420   2.9490  13.6656   0.0000   0.0000   0.0000
    3599   0.2722   3.9558  13.4721   0.0000   0.0000   0.0000
    3600   1.1222   3.4316  12.7179   0.0000   0.0000   0.0000
    3601  -0.2273   3.7697  13.3446   0.0000   0.0000   0.0000
    3602   0.4632   2.0735  13.1117   0.0000   0.0000   0.0000
    3603   0.9199   3.0346  13.4904   0.0000   0.0000   0.0000
    3604  -0.0859   2.9646  13.6056   0.0000   0.0000   0.0000
    3605  -0.6996   3.2629  13.5668   0.0000   0.0000   0.0000
    3606   0.1934   2.9735  13.4463   0.0000   0.0000   0.0000
    3607  -0.6328   2.1845  13.8389   0.0000   0.0000   0.0000
    3608  -0.7870   2.3447  13.1145   0.0000   0.0000   0.0000
    3609  -0.4500   1.8775  14.0071   0.0000   0.0000   0.0000
    3610  -0.3018   2.6556  14.0472   0.0000   0.0000   0.0000
    3611  -0.5572   1.9258  13.6427   0.0000   0.0000   0.0000
    3612   0.5818   2.9136  13.2469   0.0000   0.0000   0.0000
    3613   0.6478   3.1046  14.5045   0.0000   0.0000   0.0000
    3614  -0.0161   3.4793  14.1750   0.0000   0.0000   0.0000
    3615   0.0054   2.0838  14.6950   0.0000   0.0000   0.0000
    3616   0.3341   2.4946  14.4278   0.0000   0.0000   0.0000
    3617   0.2879   2.8593  14.5153   0.0000   0.0000   0.0000
    3618   0.3572   2.0868  15.0482   0.0000   0.0000   0.0000
    3619   0.7898   2.4186  14.8015   0.0000   0.0000   0.0000
    3620   0.3416   2.5978  14.6916   0.0000   0.0000   0.0000
    3621   0.6666   3.0505  14.1409   0.0000   0.0000   0.0000
    3622   0.8593   2.3455  14.6038   0.0000   0.0000   0.0000
    3623   0.1159   3.2590  14.5627   0.0000   0.0000   0.0000
    3624   0.2296   2.5432  14.4139   0.0000   0.0000   0.0000
    3625  -0.1791   1.9895  14.4136   0.0000   0.0000   0.0000
    3626  -1.4603   1.8426  14.7030   0.0000   0.0000   0.0000
    3627  -0.4052   2.8218  14.7332   0.0000   0.0000   0.0000
    3628  -0.2372   2.9879  14.9643   0.0000   0.0000   0.0000
    3629  -0.3032   2.7698  14.7394   0.0000   0.0000   0.0000
    3630  -0.0599   2.7037  14.3681   0.0000   0.0000   0.0000
    3631   0.4733   2.1327  15.2961   0.0000   0.0000   0.0000
    3632  -0.6239   2.6955  15.5487   0.0000   0.0000   0.0000
    3633  -0.1117   2.7465  14.5005   0.0000   0.0000   0.0000
    3634  -0.2640   2.5265  13.7239   0.0000   0.0000   0.0000
    3635  -0.3547   2.4536  14.1013   0.0000   0.0000   0.0000
    3636  -0.5836   2.8089  14.0701   0.0000   0.0000   0.0000
    3637   0.0576   2.8064  13.7313   0.0000   0.0000   0.0000
    3638  -0.4296   2.3631  13.2147   0.0000   0.0000   0.0000
    3639  -0.1948   2.4039  13.3751   0.0000   0.0000   0.0000
    3640   0.2188   2.7399  13.1729   0.0000   0.0000   0.0000
    3641   0.5721   2.9648  12.6758   0.0000   0.0000   0.0000
    3642   0.8507   2.2577  12.7227   0.0000   0.0000   0.0000
    3643   1.1248   3.0723  13.2432   0.0000   0.0000   0.0000
    3644   0.3622   3.4320  13.2860   0.0000   0.0000   0.0000
    3645   0.5520   2.1682  13.9740   0.0000   0.0000   0.0000
    3646   0.7925   2.4156  14.2851   0.0000   0.0000   0.0000
    3647   1.4867   2.2837  13.8246   0.0000   0.0000   0.0000
    3648   2.1281   2.7194  13.5708   0.0000   0.0000   0.0000
    3649   0.9969   2.4041  12.3920   0.0000   0.0000   0.0000
    3650   0.4077   2.5209  12.3516   0.0000   0.0000   0.0000
    3651   0.6651   2.2332  12.4098   0.0000   0.0000   0.0000
    3652   0.7594   2.8712  11.7485   0.0000   0.0000   0.0000
    3653   0.3699   2.7197  12.3641   0.0000   0.0000   0.0000
    3654  -0.0322   3.3756  12.6860   0.0000   0.0000   0.0000
    3655  -0.2977   2.5687  13.4610   0.0000   0.0000   0.0000
    3656  -1.0588   2.7808  12.3797   0.0000   0.0000   0.0000
    3657  -1.2430   3.2863  11.9925   0.0000   0.0000   0.0000
    3658  -1.2741   2.8518  11.7706   0.0000   0.0000   0.0000
    3659  -0.4571   2.1487  12.5312   0.0000   0.0000   0.0000
    3660  -0.5221   2.5499  12.7301   0.0000   0.0000   0.0000
    3661  -0.1584   2.8401  11.9746   0.0000   0.0000   0.0000
    3662  -0.2931   3.0113  12.6413   0.0000   0.0000   0.0000
    3663   0.9144   3.0149  12.5243   0.0000   0.0000   0.0000
    3664   1.4245   2.7137  12.8733   0.0000   0.0000   0.0000
    3665   1.2260   2.8990  12.8140   0.0000   0.0000   0.0000
    3666   0.9499   3.3566  13.0044   0.0000   0.0000   0.0000
    3667   1.0391   2.5679  12.6083   0.0000   0.0000   0.0000
    3668   0.9431   2.5321  12.8395   0.0000   0.0000   0.0000
    3669   1.0064   2.6056  12.4308   0.0000   0.0000   0.0000
    3670   0.6547   2.8371  12.6537   0.0000   0.0000   0.0000
    3671   0.9488   2.9939  12.9536   0.0000   0.0000   0.0000
    3672   0.3615   2.0506  12.4502   0.0000   0.0000   0.0000
    3673   0.7200   2.6022  12.1369   0.0000   0.0000   0.0000
    3674   0.0073   2.3214  12.3626   0.0000   0.0000   0.0000
    3675   0.3313   2.5797  12.1708   0.0000   0.0000   0.0000
    3676   0.6581   2.1373  11.7670   0.0000   0.0000   0.0000
    3677   0.8683   2.1085  12.1874   0.0000   0.0000   0.0000
    3678   0.6562   2.1679  12.1374   0.0000   0.0000   0.0000
    3679   1.2237   1.8616  12.7683   0.0000   0.0000   0.0000
    3680   0.4321   2.2578  13.4125   0.0000   0.0000   0.0000
    3681   0.6460   2.2820  13.3496   0.0000   0.0000   0.0000
    3682  -0.5216   2.2057  14.0979   0.0000   0.0000   0.0000
    3683  -0.4141   2.4261  14.2669   0.0000   0.0000   0.0000
    3684  -0.1196   1.7975  12.9741   0.0000   0.0000   0.0000
    3685   0.2466   1.3906  13.0276   0.0000   0.0000   0.0000
    3686  -0.2074   1.5772  12.9188   0.0000   0.0000   0.0000
    3687   0.3454   2.3409  13.1409   0.0000   0.0000   0.0000
    3688   0.0269   1.3166  13.0089   0.0000   0.0000   0.0000
    3689   0.0942   1.4810  13.1128   0.0000   0.0000   0.0000
    3690  -0.0281   1.2958  12.7277   0.0000   0.0000   0.0000
    3691   0.1468   1.2426  12.6030   0.0000   0.0000   0.0000
    3692   0.0524   1.0515  12.9661   0.0000   0.0000   0.0000
    3693  -0.7152   1.3350  13.6493   0.0000   0.0000   0.0000
    3694  -0.2186   1.4980  13.2939   0.0000   0.0000   0.0000
    3695   0.2044   1.2863  14.0402   0.0000   0.0000   0.0000
    3696   0.3282   1.0123  13.6626   0.0000   0.0000   0.0000
    3697   1.2211   1.3559  13.6974   0.0000   0.0000   0.0000
    3698   0.6950   1.0952  13.6303   0.0000   0.0000   0.0000
    3699   0.5559   1.0608  14.2209   0.0000   0.0000   0.0000
    3700   0.6722   0.7056  13.9840   0.0000   0.0000   0.0000
    3701  -0.7244   1.6030  14.6310   0.0000   0.0000   0.0000
    3702   0.5965   0.7433  13.6923   0.0000   0.0000   0.0000
    3703   1.6043   0.7269  13.6601   0.0000   0.0000   0.0000
    3704   0.4532   0.4743  14.3127   0.0000   0.0000   0.0000
    3705   0.5961  -0.0015  15.1512   0.0000   0.0000   0.0000
    3706   0.2852   1.1057  14.8059   0.0000   0.0000   0.0000
    3707   0.2436   1.6412  14.8252   0.0000   0.0000   0.0000
    3708   1.6659   2.0677  14.8803   0.0000   0.0000   0.0000
    3709   1.6879   0.8023  14.5725   0.0000   0.0000   0.0000
    3710   0.5248   1.2674  13.9725   0.0000   0.0000   0.0000
    3711   0.5672  -0.2219  14.5522   0.0000   0.0000   0.0000
    3712   0.6160  -0.4327  14.5153   0.0000   0.0000   0.0000
    3713   0.9081  -0.4025  14.5908   0.0000   0.0000   0.0000
    3714   1.5055   0.1700  15.6878   0.0000   0.0000   0.0000
    3715   1.3310   0.0788  14.6637   0.0000   0.0000   0.0000
    3716   1.9294   0.6731  14.7467   0.0000   0.0000   0.0000
    3717   1.7977   0.6114  15.1355   0.0000   0.0000   0.0000
    3718   1.3777   0.3419  14.9774   0.0000   0.0000   0.0000
    3719   1.9195   0.0393  14.7644   0.0000   0.0000   0.0000
    3720   1.8405  -0.3700  14.5957   0.0000   0.0000   0.0000
    3721   2.2706  -0.3207  14.6892   0.0000   0.0000   0.0000
    3722   2.0533  -0.1534  14.2955   0.0000   0.0000   0.0000
    3723   3.3132   1.0061  14.1994   0.0000   0.0000   0.0000
    3724   2.3107   0.2977  14.5676   0.0000   0.0000   0.0000
    3725   2.3997   0.1347  14.5941   0.0000   0.0000   0.0000
    3726   2.1721   0.2076  14.5096   0.0000   0.0000   0.0000
    3727   2.9886  -0.6690  14.3442   0.0000   0.0000   0.0000
    3728   3.2804   0.2676  14.5973   0.0000   0.0000   0.0000
    3729   3.6114  -0.3049  13.9502   0.0000   0.0000   0.0000
    3730   2.4686   0.7164  13.6504   0.0000   0.0000   0.0000
    3731   2.6945  -0.9030  14.1833   0.0000   0.0000   0.0000
    3732   2.5622  -0.5613  14.8847   0.0000   0.0000   0.0000
    3733   3.2023  -0.3278  13.9194   0.0000   0.0000   0.0000
    3734   3.4911   0.0871  13.8946   0.0000   0.0000   0.0000
    3735   2.6126  -0.0104  14.2357   0.0000   0.0000   0.0000
    3736   2.8592   0.3992  13.6981   0.0000   0.0000   0.0000
    3737   2.9806  -1.7122  14.2971   0.0000   0.0000   0.0000
    3738   3.0885  -1.2343  13.8247   0.0000   0.0000   0.0000
    3739   3.2106   0.2430  14.3107   0.0000   0.0000   0.0000
    3740   2.7014   0.2411  13.4467   0.0000   0.0000   0.0000
    3741   2.9964   0.1924  13.3942   0.0000   0.0000   0.0000
    3742   3.3373  -0.4285  13.2824   0.0000   0.0000   0.0000
    3743   2.7141   0.0901  12.8003   0.0000   0.0000   0.0000
    3744   2.5417  -0.0227  12.4147   0.0000   0.0000   0.0000
    3745   2.5896  -0.3325  12.5901   0.0000   0.0000   0.0000
    3746   2.6486  -0.0046  12.6703   0.0000   0.0000   0.0000
    3747   2.7608  -0.2852  13.7170   0.0000   0.0000   0.0000
    3748   3.1124  -0.1696  13.1309   0.0000   0.0000   0.0000
    3749   2.7047  -0.8650  13.3436   0.0000   0.0000   0.0000
    3750   3.1390  -0.8545  13.0787   0.0000   0.0000   0.0000
    3751   2.1433  -0.4426  12.6985   0.0000   0.0000   0.0000
    3752   3.7306  -0.6032  12.5954   0.0000   0.0000   0.0000
    3753   3.6933  -0.7473  12.9857   0.0000   0.0000   0.0000
    3754   3.1096  -0.5326  12.2277   0.0000   0.0000   0.0000
    3755   2.6164  -0.1807  12.5488   0.0000   0.0000   0.0000
    3756   2.9371   0.1005  13.0539   0.0000   0.0000   0.0000
    3757   2.2841  -0.2945  13.7558   0.0000   0.0000   0.0000
    3758   2.1344   0.3664  14.0330   0.0000   0.0000   0.0000
    3759   2.2175  -0.1511  13.7547   0.0000   0.0000   0.0000
    3760   1.8100   0.3220  13.9595   0.0000   0.0000   0.0000
    3761   2.0315   0.4338  14.2206   0.0000   0.0000   0.0000
    3762   1.9797   0.3188  14.2225   0.0000   0.0000   0.0000
    3763   2.2466  -0.1818  13.8659   0.0000   0.0000   0.0000
    3764   3.1456   0.3456  13.0174   0.0000   0.0000   0.0000
    3765   2.7522  -0.0455  13.9699   0.0000   0.0000   0.0000
    3766   2.5329   0.0420  13.8175   0.0000   0.0000   0.0000
    3767   2.7745   0.1898  13.6868   0.0000   0.0000   0.0000
    3768   2.3490   1.6987  13.9983   0.0000   0.0000   0.0000
    3769   2.2167   1.1228  13.9180   0.0000   0.0000   0.0000
    3770   2.3164   1.3716  13.6683   0.0000   0.0000   0.0000
    3771   1.7934   1.1457  14.9218   0.0000   0.0000   0.0000
    3772   1.8274   0.3470  15.2779   0.0000   0.0000   0.0000
    3773   2.7594   1.5248  13.6717   0.0000   0.0000   0.0000
    3774   2.9785   1.2849  13.0239   0.0000   0.0000   0.0000
    3775   2.5287   1.0366  12.7921   0.0000   0.0000   0.0000
    3776   1.8543   0.6174  13.1438   0.0000   0.0000   0.0000
    3777   1.6383   1.3160  12.8060   0.0000   0.0000   0.0000
    3778   2.0434   1.1248  13.0472   0.0000   0.0000   0.0000
    3779   2.1340   0.8246  13.5715   0.0000   0.0000   0.0000
    3780   1.3515   2.3894  13.5189   0.0000   0.0000   0.0000
    3781   1.6304   1.3683  13.8580   0.0000   0.0000   0.0000
    3782   1.7273   1.5424  13.9586   0.0000   0.0000   0.0000
    3783   1.5364   0.8647  13.5347   0.0000   0.0000   0.0000
    3784   2.2970   1.0850  13.7939   0.0000   0.0000   0.0000
    3785   1.6197   0.6973  13.3575   0.0000   0.0000   0.0000
    3786   2.2365   1.5983  13.3216   0.0000   0.0000   0.0000
    3787   1.6476   1.2468  13.4676   0.0000   0.0000   0.0000
    3788   2.0151   0.6441  14.1718   0.0000   0.0000   0.0000
    3789   1.8797   0.3881  13.0464   0.0000   0.0000   0.0000
    3790   1.4505   1.4106  14.2070   0.0000   0.0000   0.0000
    3791   1.5704   1.3390  14.0243   0.0000   0.0000   0.0000
    3792   1.8116   1.2284  13.9076   0.0000   0.0000   0.0000
    3793   1.8538   1.0132  13.3622   0.0000   0.0000   0.0000
    3794   2.2585   0.7352  13.5054   0.0000   0.0000   0.0000
    3795   2.8628   0.6273  14.4378   0.0000   0.0000   0.0000
    3796   3.0569   0.4433  13.6467   0.0000   0.0000   0.0000
    3797   2.5525   0.8397  14.1421   0.0000   0.0000   0.0000
    3798   2.9846   0.3660  13.8412   0.0000   0.0000   0.0000
    3799   3.2065  -0.1364  13.8083   0.0000   0.0000   0.0000
    3800   2.5043   0.0945  13.9701   0.0000   0.0000   0.0000
    3801   2.9158   0.5976  13.4298   0.0000   0.0000   0.0000
    3802   2.4761   0.0671  13.4061   0.0000   0.0000   0.0000
    3803   2.7540   0.2993  12.4922   0.0000   0.0000   0.0000
    3804   2.7818   0.8403  12.9744   0.0000   0.0000   0.0000
    3805   2.5186   0.6378  12.7923   0.0000   0.0000   0.0000
    3806   2.1627   0.0015  12.7865   0.0000   0.0000   0.0000
    3807   2.0899   0.3056  13.0260   0.0000   0.0000   0.0000
    3808   2.4409   0.6016  12.5943   0.0000   0.0000   0.0000
    3809   2.3363   0.4569  12.7969   0.0000   0.0000   0.0000
    3810   2.4288   1.6049  12.8545   0.0000   0.0000   0.0000
    3811   2.8316   0.7987  13.3971   0.0000   0.0000   0.0000
    3812   2.4923   0.7992  12.4746   0.0000   0.0000   0.0000
    3813   2.0386   1.0478  13.2757   0.0000   0.0000   0.0000
    3814   2.4125   1.1297  12.7763   0.0000   0.0000   0.0000
    3815   2.1500   1.9078  13.3462   0.0000   0.0000   0.0000
    3816   2.0586   2.2244  13.1601   0.0000   0.0000   0.0000
    3817   1.9659   2.1452  12.7867   0.0000   0.0000   0.0000
    3818   1.8508   1.9012  13.3444   0.0000   0.0000   0.0000
    3819   1.8739   1.7312  12.5856   0.0000   0.0000   0.0000
    3820   2.6244   2.5682  13.2322   0.0000   0.0000   0.0000
    3821   2.4167   1.2937  13.0925   0.0000   0.0000   0.0000
    3822   2.5201   1.6742  13.2656   0.0000   0.0000   0.0000
    3823   1.2229   1.0896  12.5424   0.0000   0.0000   0.0000
    3824   1.0930   1.4712  12.8153   0.0000   0.0000   0.0000
    3825   1.9881   1.0191  13.2895   0.0000   0.0000   0.0000
    3826   1.7732   1.2794  12.9751   0.0000   0.0000   0.0000
    3827   2.1187   2.1021  12.5479   0.0000   0.0000   0.0000
    3828   1.9361   1.8007  13.0609   0.0000   0.0000   0.0000
    3829   1.4273   0.8084  12.8054   0.0000   0.0000   0.0000
    3830   1.8074   0.6170  13.2605   0.0000   0.0000   0.0000
    3831   2.0021   0.9206  13.0188   0.0000   0.0000   0.0000
    3832   1.6294   0.5982  13.6996   0.0000   0.0000   0.0000
    3833   1.7814   0.1209  13.8767   0.0000   0.0000   0.0000
    3834   1.5878   0.3799  13.3824   0.0000   0.0000   0.0000
    3835   2.0465   0.0276  13.2791   0.0000   0.0000   0.0000
    3836   1.5536   0.1476  12.9353   0.0000   0.0000   0.0000
    3837   1.3015   0.2814  13.1949   0.0000   0.0000   0.0000
    3838   1.7847   0.9356  13.5837   0.0000   0.0000   0.0000
    3839   1.3749   0.8240  13.4664   0.0000   0.0000   0.0000
    3840   0.7478   0.9749  12.0036   0.0000   0.0000   0.0000
    3841   1.2999   0.5454  11.8897   0.0000   0.0000   0.0000
    3842   1.3137   1.0704  12.6493   0.0000   0.0000   0.0000
    3843   1.5426   0.7228  13.3721   0.0000   0.0000   0.0000
    3844   1.2955   1.1006  13.2147   0.0000   0.0000   0.0000
    3845   1.5931   1.0316  12.8286   0.0000   0.0000   0.0000
    3846   2.0918   0.6535  12.7346   0.0000   0.0000   0.0000
    3847   2.2686   0.8181  13.1128   0.0000   0.0000   0.0000
    3848   2.7214   0.8027  12.4788   0.0000   0.0000   0.0000
    3849   2.0672   1.2919  12.3762   0.0000   0.0000   0.0000
    3850   1.9981   0.2375  13.0265   0.0000   0.0000   0.0000
    3851   1.5969   0.7587  12.9937   0.0000   0.0000   0.0000
    3852   1.3278   1.3682  12.9940   0.0000   0.0000   0.0000
    3853   1.1908   1.3995  14.2880   0.0000   0.0000   0.0000
    3854   1.4073   1.7788  13.9588   0.0000   0.0000   0.0000
    3855   1.3266   0.8504  13.8094   0.0000   0.0000   0.0000
    3856   0.6922   1.2757  14.2604   0.0000   0.0000   0.0000
    3857   0.4554   0.8493  13.0903   0.0000   0.0000   0.0000
    3858  -0.3625   0.9899  13.7152   0.0000   0.0000   0.0000
    3859   0.4850   1.3008  14.0900   0.0000   0.0000   0.0000
    3860   0.8923   0.8480  13.6347   0.0000   0.0000   0.0000
    3861   0.8515   1.1750  14.4947   0.0000   0.0000   0.0000
    3862   1.0010   1.4396  14.7291   0.0000   0.0000   0.0000
    3863   0.4862   1.0609  13.8890   0.0000   0.0000   0.0000
    3864   1.1441   1.1175  14.1604   0.0000   0.0000   0.0000
    3865   1.3032   2.0664  14.5124   0.0000   0.0000   0.0000
    3866  -0.0565   2.9213  13.8901   0.0000   0.0000   0.0000
    3867   0.0543   2.3721  14.2558   0.0000   0.0000   0.0000
    3868   0.5782   2.5263  14.0066   0.0000   0.0000   0.0000
    3869   0.4698   2.2263  14.3502   0.0000   0.0000   0.0000
    3870   0.0209   2.2081  13.8583   0.0000   0.0000   0.0000
    3871   0.4689   1.9968  14.0026   0.0000   0.0000   0.0000
    3872  -1.0375   2.0662  14.3646   0.0000   0.0000   0.0000
    3873  -0.1267   1.5477  15.0226   0.0000   0.0000   0.0000
    3874  -0.2212   1.8250  14.6611   0.0000   0.0000   0.0000
    3875   0.6030   2.5789  14.1171   0.0000   0.0000   0.0000
    3876  -1.2020   2.2599  14.5180   0.0000   0.0000   0.0000
    3877   0.1400   1.5039  14.2404   0.0000   0.0000   0.0000
    3878  -0.0013   1.4508  13.6074   0.0000   0.0000   0.0000
    3879  -0.4334   0.4821  13.6109   0.0000   0.0000   0.0000
    3880  -0.0124   1.3645  13.5949   0.0000   0.0000   0.0000
    3881  -0.1144   0.9543  13.8665   0.0000   0.0000   0.0000
    3882  -0.1719   1.3736  13.9242   0.0000   0.0000   0.0000
    3883  -0.4580   1.2668  14.3312   0.0000   0.0000   0.0000
    3884   0.1626   1.4879  13.9891   0.0000   0.0000   0.0000
    3885  -0.0405   1.1646  13.4079   0.0000   0.0000   0.0000
    3886  -0.0017   1.0062  14.2772   0.0000   0.0000   0.0000
    3887  -0.5130   1.0155  13.7163   0.0000   0.0000   0.0000
    3888  -0.9116   0.7318  14.2763   0.0000   0.0000   0.0000
    3889  -0.6573   0.8365  15.1203   0.0000   0.0000   0.0000
    3890   0.0110  -0.2063  14.9660   0.0000   0.0000   0.0000
    3891  -0.5033   0.0750  14.6903   0.0000   0.0000   0.0000
    3892  -0.1840   0.6507  14.2666   0.0000   0.0000   0.0000
    3893  -0.4886   0.6814  14.3165   0.0000   0.0000   0.0000
    3894  -0.2536   1.0276  14.4498   0.0000   0.0000   0.0000
    3895  -0.3228   1.6528  14.4805   0.0000   0.0000   0.0000
    3896  -0.9703   1.3896  14.2303   0.0000   0.0000   0.0000
    3897  -0.6501   1.2329  14.6863   0.0000   0.0000   0.0000
    3898  -0.0459   0.3110  14.3383   0.0000   0.0000   0.0000
    3899  -0.5263   0.6371  14.1803   0.0000   0.0000   0.0000
    3900  -0.4649   0.8455  14.2346   0.0000   0.0000   0.0000
    3901  -0.5234   0.9197  15.4389   0.0000   0.0000   0.0000
    3902  -0.8076   1.1755  14.4556   0.0000   0.0000   0.0000
    3903  -0.1682   1.3291  13.8594   0.0000   0.0000   0.0000
    3904  -0.2042   1.3484  13.9019   0.0000   0.0000   0.0000
    3905  -0.8064   0.6133  13.9035   0.0000   0.0000   0.0000
    3906   0.2400   0.9198  13.9215   0.0000   0.0000   0.0000
    3907  -0.1858   0.3693  13.9875   0.0000   0.0000   0.0000
    3908  -0.6569   1.2952  14.2981   0.0000   0.0000   0.0000
    3909  -0.2358   0.9807  14.5459   0.0000   0.0000   0.0000
    3910  -0.0672   0.9264  14.6788   0.0000   0.0000   0.0000
    3911  -0.3181   0.4006  14.8584   0.0000   0.0000   0.0000
    3912  -0.0894   0.8808  15.0882   0.0000   0.0000   0.0000
    3913   0.6645   1.0172  14.8519   0.0000   0.0000   0.0000
    3914   0.2795   0.6713  15.2583   0.0000   0.0000   0.0000
    3915   0.3876   0.3807  15.9579   0.0000   0.0000   0.0000
    3916  -0.3233  -0.2633  15.0850   0.0000   0.0000   0.0000
    3917  -0.0144  -0.5923  16.0085   0.0000   0.0000   0.0000
    3918  -0.2989   0.0788  15.9318   0.0000   0.0000   0.0000
    3919  -0.3503  -0.2700  15.6656   0.0000   0.0000   0.0000
    3920  -0.5077  -0.8388  15.3444   0.0000   0.0000   0.0000
    3921  -1.3267   0.0833  16.0505   0.0000   0.0000   0.0000
    3922  -0.2591  -1.6633  16.0997   0.0000   0.0000   0.0000
    3923  -0.3998  -0.9251  15.5153   0.0000   0.0000   0.0000
    3924  -0.2652  -1.4084  14.9651   0.0000   0.0000   0.0000
    3925  -0.1256  -0.6463  15.0678   0.0000   0.0000   0.0000
    3926  -0.7986  -0.9263  16.5564   0.0000   0.0000   0.0000
    3927  -1.6654  -1.9676  15.9602   0.0000   0.0000   0.0000
    3928  -0.8143  -0.5597  16.7332   0.0000   0.0000   0.0000
    3929  -0.8102  -0.9080  15.2627   0.0000   0.0000   0.0000
    3930  -1.0679  -1.3910  16.1016   0.0000   0.0000   0.0000
    3931  -1.0256  -1.4406  16.1720   0.0000   0.0000   0.0000
    3932  -1.0749  -2.3259  17.1321   0.0000   0.0000   0.0000
    3933  -0.3853  -2.5697  16.4432   0.0000   0.0000   0.0000
    3934  -1.1192  -1.9067  16.2820   0.0000   0.0000   0.0000
    3935  -1.3049  -1.9444  16.0060   0.0000   0.0000   0.0000
    3936  -0.3520  -1.5845  16.6328   0.0000   0.0000   0.0000
    3937  -0.7557  -0.9988  15.6641   0.0000   0.0000   0.0000
    3938  -0.6033  -1.7212  15.8952   0.0000   0.0000   0.0000
    3939  -0.9861  -1.7700  15.7167   0.0000   0.0000   0.0000
    3940  -0.9801  -0.8697  16.2422   0.0000   0.0000   0.0000
    3941  -0.9845  -1.3735  16.3918   0.0000   0.0000   0.0000
    3942  -1.0111  -1.7529  14.9016   0.0000   0.0000   0.0000
    3943  -0.8590  -2.1065  15.8973   0.0000   0.0000   0.0000
    3944  -0.5665  -2.0460  16.4313   0.0000   0.0000   0.0000
    3945   0.9038  -1.5764  17.2932   0.0000   0.0000   0.0000
    3946  -0.4958  -1.0688  17.6678   0.0000   0.0000   0.0000
    3947  -0.7223  -1.6253  17.6597   0.0000   0.0000   0.0000
    3948  -1.0341  -1.2215  17.6765   0.0000   0.0000   0.0000
    3949  -1.0340  -0.9550  16.4150   0.0000   0.0000   0.0000
    3950  -0.8909  -2.1740  17.0329   0.0000   0.0000   0.0000
    3951  -0.1143  -2.0658  17.9058   0.0000   0.0000   0.0000
    3952  -0.1540  -1.4264  17.4789   0.0000   0.0000   0.0000
    3953  -0.4504  -1.3236  17.3783   0.0000   0.0000   0.0000
    3954  -1.2296  -1.3364  16.2610   0.0000   0.0000   0.0000
    3955   0.1031  -1.2308  16.8106   0.0000   0.0000   0.0000
    3956   0.8900  -2.0140  16.9777   0.0000   0.0000   0.0000
    3957   0.7782  -0.8313  17.4678   0.0000   0.0000   0.0000
    3958   0.7553  -1.4008  15.8544   0.0000   0.0000   0.0000
    3959   0.6947  -1.3234  16.2219   0.0000   0.0000   0.0000
    3960  -0.3882  -1.6573  17.4431   0.0000   0.0000   0.0000
    3961   0.0309  -1.4534  16.4666   0.0000   0.0000   0.0000
    3962  -0.2156  -1.2716  18.0835   0.0000   0.0000   0.0000
    3963   0.5497  -1.9964  16.8453   0.0000   0.0000   0.0000
    3964   0.3918  -1.6453  17.0199   0.0000   0.0000   0.0000
    3965  -0.0874  -1.5001  16.5879   0.0000   0.0000   0.0000
    3966  -0.2620  -1.2806  16.2866   0.0000   0.0000   0.0000
    3967   0.5200  -1.1160  15.8290   0.0000   0.0000   0.0000
    3968   1.2464  -0.7182  16.8270   0.0000   0.0000   0.0000
    3969  -0.1756  -1.6409  16.3597   0.0000   0.0000   0.0000
    3970   1.1263  -1.7706  16.8172   0.0000   0.0000   0.0000
    3971   1.6524  -1.4577  17.1030   0.0000   0.0000   0.0000
    3972   1.8028  -1.2382  16.3944   0.0000   0.0000   0.0000
    3973   0.8073  -1.6229  17.3242   0.0000   0.0000   0.0000
    3974   1.1512  -2.0559  16.7804   0.0000   0.0000   0.0000
    3975   0.2349  -1.0478  15.6550   0.0000   0.0000   0.0000
    3976   1.1945  -1.3901  15.8326   0.0000   0.0000   0.0000
    3977   0.6064  -1.0687  15.9345   0.0000   0.0000   0.0000
    3978   0.9495  -1.6296  16.7127   0.0000   0.0000   0.0000
    3979   1.0455  -1.1114  16.1825   0.0000   0.0000   0.0000
    3980   1.2036  -0.8614  16.0975   0.0000   0.0000   0.0000
    3981   1.5558  -1.9058  16.5416   0.0000   0.0000   0.0000
    3982   1.6780  -2.1578  17.0417   0.0000   0.0000   0.0000
    3983   1.9422  -0.9072  16.7868   0.0000   0.0000   0.0000
    3984   1.8782  -1.1469  18.2166   0.0000   0.0000   0.0000
    3985   2.2709  -2.1960  18.2733   0.0000   0.0000   0.0000
    3986   1.8051  -2.2702  17.7194   0.0000   0.0000   0.0000
    3987   2.2840  -2.2921  18.0774   0.0000   0.0000   0.0000
    3988   2.4359  -1.7386  17.8815   0.0000   0.0000   0.0000
    3989   2.6571  -2.7016  18.0799   0.0000   0.0000   0.0000
    3990   2.2270  -2.2199  17.5212   0.0000   0.0000   0.0000
    3991   1.6212  -2.0103  17.1650   0.0000   0.0000   0.0000
    3992   2.1784  -2.1964  16.8839   0.0000   0.0000   0.0000
    3993   1.1225  -1.6099  16.8462   0.0000   0.0000   0.0000
    3994   1.0917  -1.4363  17.0934   0.0000   0.0000   0.0000
    3995   1.6126  -1.0259  16.3577   0.0000   0.0000   0.0000
    3996   1.9141  -1.3382  16.4418   0.0000   0.0000   0.0000
    3997   1.7548  -2.5602  17.1172   0.0000   0.0000   0.0000
    3998   1.5559  -2.2710  17.1834   0.0000   0.0000   0.0000
    3999   1.8330  -0.7072  17.3567   0.0000   0.0000   0.0000
    4000   1.7965  -1.7973  17.2258   0.0000   0.0000   0.0000
    4001   2.0795  -1.5648  16.5071   0.0000   0.0000   0.0000
    4002   1.8203  -2.8479  16.7436   0.0000   0.0000   0.0000
    4003   1.9059  -2.2161  16.9222   0.0000   0.0000   0.0000
    4004   2.1503  -2.2600  16.7506   0.0000   0.0000   0.0000
    4005   1.9821  -2.7084  16.8846   0.0000   0.0000   0.0000
    4006   1.7791  -1.9485  17.3560   0.0000   0.0000   0.0000
    4007   0.7656  -2.3182  16.5392   0.0000   0.0000   0.0000
    4008   1.2504  -1.5011  16.7182   0.0000   0.0000   0.0000
    4009   1.6068  -2.2532  16.5704   0.0000   0.0000   0.0000
    4010   1.6327  -1.5961  16.6009   0.0000   0.0000   0.0000
    4011   1.1445  -1.4118  17.2794   0.0000   0.0000   0.0000
    4012   0.1828  -2.2355  16.4624   0.0000   0.0000   0.0000
    4013   0.8608  -2.5895  16.3724   0.0000   0.0000   0.0000
    4014   0.8288  -2.7667  16.9517   0.0000   0.0000   0.0000
    4015   0.3243  -2.5111  17.1714   0.0000   0.0000   0.0000
    4016   1.2195  -2.2436  17.1685   0.0000   0.0000   0.0000
    4017   1.0323  -2.2856  16.9470   0.0000   0.0000   0.0000
    4018   1.5761  -2.7476  16.7163   0.0000   0.0000   0.0000
    4019   1.8307  -2.8617  15.9610   0.0000   0.0000   0.0000
    4020   1.9454  -2.6619  16.3491   0.0000   0.0000   0.0000
    4021   1.0776  -2.0945  16.2932   0.0000   0.0000   0.0000
    4022   1.2585  -2.9490  15.9944   0.0000   0.0000   0.0000
    4023   0.9825  -3.0259  16.0229   0.0000   0.0000   0.0000
    4024   1.4891  -2.2310  15.2911   0.0000   0.0000   0.0000
    4025   1.5624  -2.1099  16.0921   0.0000   0.0000   0.0000
    4026   1.0615  -1.8094  14.9449   0.0000   0.0000   0.0000
    4027   1.7183  -1.9370  14.8300   0.0000   0.0000   0.0000
    4028   1.4034  -1.8002  15.0540   0.0000   0.0000   0.0000
    4029   1.1958  -1.9377  14.9774   0.0000   0.0000   0.0000
    4030   2.1252  -1.3980  15.9499   0.0000   0.0000   0.0000
    4031   2.0464  -1.4999  15.6095   0.0000   0.0000   0.0000
    4032   1.9126  -1.3501  16.4138   0.0000   0.0000   0.0000
    4033   1.8037  -1.9143  16.5718   0.0000   0.0000   0.0000
    4034   2.1035  -1.0842  16.6328   0.0000   0.0000   0.0000
    4035   3.1247  -1.0767  16.1852   0.0000   0.0000   0.0000
    4036   2.4572  -0.8011  15.9975   0.0000   0.0000   0.0000
    4037   2.0046  -0.0074  16.2188   0.0000   0.0000   0.0000
    4038   2.4169  -0.2466  16.4502   0.0000   0.0000   0.0000
    4039   2.3074  -0.6349  16.6758   0.0000   0.0000   0.0000
    4040   1.8685   0.1844  15.2684   0.0000   0.0000   0.0000
    4041   1.8393  -0.5556  14.9901   0.0000   0.0000   0.0000
    4042   2.4130  -0.0409  15.1988   0.0000   0.0000   0.0000
    4043   2.0095  -0.4192  15.8161   0.0000   0.0000   0.0000
    4044   2.1471  -0.7168  15.7916   0.0000   0.0000   0.0000
    4045   1.5050  -0.3208  16.3274   0.0000   0.0000   0.0000
    4046   1.6861  -0.1357  16.6342   0.0000   0.0000   0.0000
    4047   2.0780  -0.6151  15.9111   0.0000   0.0000   0.0000
    4048   2.1349  -0.1000  16.0094   0.0000   0.0000   0.0000
    4049   1.8290  -0.1854  15.8618   0.0000   0.0000   0.0000
    4050   2.0793   0.2306  16.0423   0.0000   0.0000   0.0000
    4051   1.7539  -0.1247  15.7430   0.0000   0.0000   0.0000
    4052   2.2725  -0.2084  16.0709   0.0000   0.0000   0.0000
    4053   2.9577  -0.1318  16.2760   0.0000   0.0000   0.0000
    4054   3.2568  -0.1825  16.3420   0.0000   0.0000   0.0000
    4055   2.4718  -0.6617  16.5574   0.0000   0.0000   0.0000
    4056   2.1594  -0.4448  16.3917   0.0000   0.0000   0.0000
    4057   3.2669   0.4100  15.9871   0.0000   0.0000   0.0000
    4058   3.4403  -0.4277  15.7787   0.0000   0.0000   0.0000
    4059   2.8368  -0.1105  15.5002   0.0000   0.0000   0.0000
    4060   2.1523  -0.7396  15.4975   0.0000   0.0000   0.0000
    4061   2.5694   0.0561  16.1291   0.0000   0.0000   0.0000
    4062   2.4029  -1.0011  16.2442   0.0000   0.0000   0.0000
    4063   2.3964  -0.1432  15.2252   0.0000   0.0000   0.0000
    4064   1.2886  -0.2217  14.8159   0.0000   0.0000   0.0000
    4065   1.8076  -0.1251  16.1895   0.0000   0.0000   0.0000
    4066   2.2190  -0.1381  14.9441   0.0000   0.0000   0.0000
    4067   2.7034   0.2338  15.4269   0.0000   0.0000   0.0000
    4068   3.9475   0.1108  15.5303   0.0000   0.0000   0.0000
    4069   2.9805   0.8666  15.4295   0.0000   0.0000   0.0000
    4070   2.0169  -0.3188  15.0802   0.0000   0.0000   0.0000
    4071   2.5181  -0.0250  15.2165   0.0000   0.0000   0.0000
    4072   2.0611  -0.0237  15.0998   0.0000   0.0000   0.0000
    4073   1.4886  -0.7151  14.8148   0.0000   0.0000   0.0000
    4074   1.3567  -1.1679  15.7119   0.0000   0.0000   0.0000
    4075   2.5525  -0.5043  15.9754   0.0000   0.0000   0.0000
    4076   2.1684  -0.0565  15.5396   0.0000   0.0000   0.0000
    4077   2.6088  -0.7789  14.1337   0.0000   0.0000   0.0000
    4078   3.0230  -0.1937  14.8716   0.0000   0.0000   0.0000
    4079   2.8673  -0.2610  14.8697   0.0000   0.0000   0.0000
    4080   2.7480  -0.8709  14.7747   0.0000   0.0000   0.0000
    4081   3.5681  -0.6710  15.7615   0.0000   0.0000   0.0000
    4082   3.1671  -1.4106  15.6119   0.0000   0.0000   0.0000
    4083   2.4886  -0.8359  15.6821   0.0000   0.0000   0.0000
    4084   3.1939  -1.4592  16.4241   0.0000   0.0000   0.0000
    4085   2.1908   0.0846  15.2090   0.0000   0.0000   0.0000
    4086   2.9688  -1.5134  15.7472   0.0000   0.0000   0.0000
    4087   3.4455  -1.5134  14.9268   0.0000   0.0000   0.0000
    4088   3.4464  -1.2538  15.8318   0.0000   0.0000   0.0000
    4089   2.4946   0.5076  15.4856   0.0000   0.0000   0.0000
    4090   3.0380   0.1147  15.3085   0.0000   0.0000   0.0000
    4091   3.8409   0.3706  16.0461   0.0000   0.0000   0.0000
    4092   3.9884   0.4961  16.7881   0.0000   0.0000   0.0000
    4093   2.8919   0.2256  15.6395   0.0000   0.0000   0.0000
    4094   2.4074  -0.9421  15.0104   0.0000   0.0000   0.0000
    4095   3.5397  -0.5696  15.8064   0.0000   0.0000   0.0000
    4096   3.4868  -1.3216  15.6704   0.0000   0.0000   0.0000
    4097   3.0522  -0.9579  15.5159   0.0000   0.0000   0.0000
    4098   3.2198  -1.6990  14.8259   0.0000   0.0000   0.0000
    4099   3.1153  -0.5146  15.0791   0.0000   0.0000   0.0000
    4100   3.4433  -1.2200  14.6683   0.0000   0.0000   0.0000
    4101   3.2550   0.1594  14.8757   0.0000   0.0000   0.0000
    4102   2.9922  -1.1057  15.2286   0.0000   0.0000   0.0000
    4103   3.3534  -0.5064  15.3127   0.0000   0.0000   0.0000
    4104   4.1817   0.1103  15.7158   0.0000   0.0000   0.0000
    4105   2.9293  -0.7422  15.7651   0.0000   0.0000   0.0000
    4106   2.9545  -0.6809  15.0463   0.0000   0.0000   0.0000
    4107   2.6758  -1.2100  15.6554   0.0000   0.0000   0.0000
    4108   3.1183  -0.3333  15.9224   0.0000   0.0000   0.0000
    4109   2.6772  -0.3012  16.1206   0.0000   0.0000   0.0000
    4110   3.4021   0.1936  15.4028   0.0000   0.0000   0.0000
    4111   3.1509  -0.1935  15.0562   0.0000   0.0000   0.0000
    4112   3.2062   0.2633  14.8866   0.0000   0.0000   0.0000
    4113   3.3178  -0.4518  14.5969   0.0000   0.0000   0.0000
    4114   3.4889  -0.1425  15.0988   0.0000   0.0000   0.0000
    4115   3.0779   0.3836  14.7235   0.0000   0.0000   0.0000
    4116   3.6574   0.3997  15.4284   0.0000   0.0000   0.0000
    4117   2.9846   0.6810  16.4048   0.0000   0.0000   0.0000
    4118   3.5316  -1.0783  16.1301   0.0000   0.0000   0.0000
    4119   3.4600  -0.6801  15.9183   0.0000   0.0000   0.0000
    4120   2.6957  -0.0416  15.8225   0.0000   0.0000   0.0000
    4121   3.0686  -0.9458  16.2873   0.0000   0.0000   0.0000
    4122   2.8898  -2.0641  16.1004   0.0000   0.0000   0.0000
    4123   3.3950  -1.5061  16.0006   0.0000   0.0000   0.0000
    4124   3.7393  -1.2458  16.4378   0.0000   0.0000   0.0000
    4125   3.8378  -2.0321  15.3587   0.0000   0.0000   0.0000
    4126   3.5879  -0.8615  15.5512   0.0000   0.0000   0.0000
    4127   2.4145  -1.8458  15.7805   0.0000   0.0000   0.0000
    4128   2.7736  -2.7034  15.9507   0.0000   0.0000   0.0000
    4129   3.2769  -1.5850  16.7848   0.0000   0.0000   0.0000
    4130   2.8200  -1.8887  17.0392   0.0000   0.0000   0.0000
    4131   2.7549  -1.8615  17.4137   0.0000   0.0000   0.0000
    4132   2.8752  -2.0418  17.5836   0.0000   0.0000   0.0000
    4133   2.3190  -1.7632  17.1153   0.0000   0.0000   0.0000
    4134   3.2838  -1.9381  17.3438   0.0000   0.0000   0.0000
    4135   3.1104  -2.2748  17.8336   0.0000   0.0000   0.0000
    4136   2.0965  -1.7591  17.1278   0.0000   0.0000   0.0000
    4137   2.7558  -2.3895  16.8764   0.0000   0.0000   0.0000
    4138   3.1022  -2.2980  16.8261   0.0000   0.0000   0.0000
    4139   2.9116  -2.5176  18.1854   0.0000   0.0000   0.0000
    4140   2.9752  -2.6386  16.8660   0.0000   0.0000   0.0000
    4141   2.3408  -1.8666  17.0145   0.0000   0.0000   0.0000
    4142   2.0056  -2.2877  16.5791   0.0000   0.0000   0.0000
    4143   2.3155  -2.1532  16.9369   0.0000   0.0000   0.0000
    4144   3.0683  -2.1594  18.1497   0.0000   0.0000   0.0000
    4145   1.8805  -2.2401  17.9039   0.0000   0.0000   0.0000
    4146   2.0497  -1.7757  17.0692   0.0000   0.0000   0.0000
    4147   2.7920  -2.1133  16.8686   0.0000   0.0000   0.0000
    4148   2.1404  -1.7941  17.0878   0.0000   0.0000   0.0000
    4149   2.5988  -1.6581  17.2080   0.0000   0.0000   0.0000
    4150   2.8343  -1.8452  16.8665   0.0000   0.0000   0.0000
    4151   3.1773  -1.4552  17.5484   0.0000   0.0000   0.0000
    4152   2.8119  -1.2369  17.5240   0.0000   0.0000   0.0000
    4153   1.5411  -1.5643  17.4739   0.0000   0.0000   0.0000
    4154   2.7234  -1.7117  17.5378   0.0000   0.0000   0.0000
    4155   2.9234  -2.2814  17.2718   0.0000   0.0000   0.0000
    4156   2.2691  -2.1747  17.3224   0.0000   0.0000   0.0000
    4157   2.5580  -1.9668  16.6334   0.0000   0.0000   0.0000
    4158   2.5684  -1.7351  16.4733   0.0000   0.0000   0.0000
    4159   2.7865  -2.0802  16.5967   0.0000   0.0000   0.0000
    4160   2.3983  -2.6000  16.0610   0.0000   0.0000   0.0000
    4161   2.7314  -2.2795  16.0442   0.0000   0.0000   0.0000
    4162   3.4181  -2.5884  15.8709   0.0000   0.0000   0.0000
    4163   3.5644  -2.9484  15.9815   0.0000   0.0000   0.0000
    4164   3.4341  -2.6902  16.5601   0.0000   0.0000   0.0000
    4165   3.7803  -2.3811  16.4849   0.0000   0.0000   0.0000
    4166   3.7295  -2.5570  16.0558   0.0000   0.0000   0.0000
    4167   4.1967  -2.4055  16.0909   0.0000   0.0000   0.0000
    4168   3.9275  -2.4297  15.8655   0.0000   0.0000   0.0000
    4169   3.6014  -1.7614  16.3264   0.0000   0.0000   0.0000
    4170   3.1625  -1.9494  16.2588   0.0000   0.0000   0.0000
    4171   3.1629  -2.0701  16.3909   0.0000   0.0000   0.0000
    4172   3.1196  -1.5332  15.7268   0.0000   0.0000   0.0000
    4173   2.8591  -2.1450  15.9102   0.0000   0.0000   0.0000
    4174   3.3520  -1.4216  16.2595   0.0000   0.0000   0.0000
    4175   3.5230  -1.9241  16.5571   0.0000   0.0000   0.0000
    4176   3.4992  -1.3498  16.3311   0.0000   0.0000   0.0000
    4177   2.5007  -1.9083  15.7573   0.0000   0.0000   0.0000
    4178   2.5971  -1.0705  16.0911   0.0000   0.0000   0.0000
    4179   2.3733  -1.5584  15.1742   0.0000   0.0000   0.0000
    4180   2.0090  -1.8564  15.5340   0.0000   0.0000   0.0000
    4181   1.7660  -1.7851  15.5734   0.0000   0.0000   0.0000
    4182   1.9261  -2.3581  15.4442   0.0000   0.0000   0.0000
    4183   2.2134  -2.4422  16.1138   0.0000   0.0000   0.0000
    4184   2.7600  -2.7559  16.6673   0.0000   0.0000   0.0000
    4185   2.9150  -2.0573  16.5632   0.0000   0.0000   0.0000
    4186   2.7293  -1.0034  16.8414   0.0000   0.0000   0.0000
    4187   3.1266  -1.9716  17.2122   0.0000   0.0000   0.0000
    4188   3.2768  -2.5872  17.5191   0.0000   0.0000   0.0000
    4189   3.5003  -2.4026  17.0586   0.0000   0.0000   0.0000
    4190   4.0360  -1.5449  17.0792   0.0000   0.0000   0.0000
    4191   3.4748  -1.5429  17.3440   0.0000   0.0000   0.0000
    4192   3.0319  -2.5932  17.3153   0.0000   0.0000   0.0000
    4193   3.5021  -2.7462  16.8827   0.0000   0.0000   0.0000
    4194   3.6288  -2.6576  17.4108   0.0000   0.0000   0.0000
    4195   2.9899  -2.2495  16.7808   0.0000   0.0000   0.0000
    4196   2.5540  -2.7096  16.6879   0.0000   0.0000   0.0000
    4197   2.6610  -2.7361  16.4255   0.0000   0.0000   0.0000
    4198   2.6375  -2.2764  17.6134   0.0000   0.0000   0.0000
    4199   2.4256  -2.6122  17.4477   0.0000   0.0000   0.0000
    4200   2.6608  -2.5722  16.9582   0.0000   0.0000   0.0000
    4201   2.5590  -2.5650  16.9974   0.0000   0.0000   0.0000
    4202   1.7284  -1.8473  16.8676   0.0000   0.0000   0.0000
    4203   2.2450  -2.9852  16.8304   0.0000   0.0000   0.0000
    4204   2.5653  -2.9284  17.6449   0.0000   0.0000   0.0000
    4205   1.6248  -2.5812  16.8373   0.0000   0.0000   0.0000
    4206   2.1652  -2.4303  16.6951   0.0000   0.0000   0.0000
    4207   2.1115  -2.6636  16.8966   0.0000   0.0000   0.0000
    4208   1.8407  -2.7132  16.7175   0.0000   0.0000   0.0000
    4209   1.9534  -3.3963  17.3824   0.0000   0.0000   0.0000
    4210   1.9750  -2.7934  18.1979   0.0000   0.0000   0.0000
    4211   2.7630  -2.9001  16.6129   0.0000   0.0000   0.0000
    4212   1.8215  -2.4757  17.3036   0.0000   0.0000   0.0000
    4213   1.5026  -2.4420  17.7784   0.0000   0.0000   0.0000
    4214   1.7966  -3.0443  18.4852   0.0000   0.0000   0.0000
    4215   2.0752  -3.1836  17.3835   0.0000   0.0000   0.0000
    4216   1.8302  -3.4015  17.3738   0.0000   0.0000   0.0000
    4217   1.1691  -4.1119  17.7621   0.0000   0.0000   0.0000
    4218   2.2681  -4.7826  17.3991   0.0000   0.0000   0.0000
    4219   1.7981  -4.4912  16.5098   0.0000   0.0000   0.0000
    4220   2.2356  -4.0708  16.4320   0.0000   0.0000   0.0000
    4221   2.0559  -3.8998  16.9761   0.0000   0.0000   0.0000
    4222   2.2898  -3.6799  16.9282   0.0000   0.0000   0.0000
    4223   1.3937  -3.7003  17.6675   0.0000   0.0000   0.0000
    4224   2.5229  -3.3142  17.3205   0.0000   0.0000   0.0000
    4225   1.3623  -3.5223  17.9278   0.0000   0.0000   0.0000
    4226   0.8765  -2.5968  16.6632   0.0000   0.0000   0.0000
    4227   1.7831  -2.9345  15.9730   0.0000   0.0000   0.0000
    4228   2.3889  -3.1008  17.1935   0.0000   0.0000   0.0000
    4229   2.2287  -3.2381  16.7300   0.0000   0.0000   0.0000
    4230   1.3581  -3.2909  16.4179   0.0000   0.0000   0.0000
    4231   1.7952  -3.8693  16.8935   0.0000   0.0000   0.0000
    4232   2.5659  -3.5939  17.1161   0.0000   0.0000   0.0000
    4233   2.1142  -3.8541  16.8298   0.0000   0.0000   0.0000
    4234   2.4495  -3.9775  16.1374   0.0000   0.0000   0.0000
    4235   2.8605  -3.3644  15.8197   0.0000   0.0000   0.0000
    4236   2.4149  -3.6401  16.2458   0.0000   0.0000   0.0000
    4237   2.4871  -3.6072  15.7773   0.0000   0.0000   0.0000
    4238   2.0353  -3.6527  16.1457   0.0000   0.0000   0.0000
    4239   2.0220  -3.5167  15.6566   0.0000   0.0000   0.0000
    4240   1.9480  -4.0105  16.5055   0.0000   0.0000   0.0000
    4241   2.0070  -3.6655  15.9097   0.0000   0.0000   0.0000
    4242   2.3488  -3.1480  16.1228   0.0000   0.0000   0.0000
    4243   1.7221  -3.8345  15.4595   0.0000   0.0000   0.0000
    4244   2.8164  -3.5549  15.5664   0.0000   0.0000   0.0000
    4245   2.0659  -3.2212  15.5406   0.0000   0.0000   0.0000
    4246   2.3827  -4.6362  15.8435   0.0000   0.0000   0.0000
    4247   2.7406  -4.1125  15.2500   0.0000   0.0000   0.0000
    4248   2.1363  -3.4282  15.3674   0.0000   0.0000   0.0000
    4249   1.8951  -3.2402  15.8427   0.0000   0.0000   0.0000
    4250   2.4105  -3.4954  15.5615   0.0000   0.0000   0.0000
    4251   2.2266  -3.7741  15.4850   0.0000   0.0000   0.0000
    4252   2.5130  -3.6174  15.3133   0.0000   0.0000   0.0000
    4253   2.4413  -4.1107  15.0146   0.0000   0.0000   0.0000
    4254   1.8309  -4.1321  15.2735   0.0000   0.0000   0.0000
    4255   1.2423  -3.9668  15.3798   0.0000   0.0000   0.0000
    4256   1.3472  -4.0943  14.7140   0.0000   0.0000   0.0000
    4257   2.0791  -3.0389  14.3707   0.0000   0.0000   0.0000
    4258   1.6457  -3.9109  14.5872   0.0000   0.0000   0.0000
    4259   1.4256  -4.0460  14.0164   0.0000   0.0000   0.0000
    4260   1.9080  -3.5181  14.1374   0.0000   0.0000   0.0000
    4261   2.4242  -2.8381  14.1823   0.0000   0.0000   0.0000
    4262   2.0065  -3.6602  14.7490   0.0000   0.0000   0.0000
    4263   1.7569  -4.0787  13.7432   0.0000   0.0000   0.0000
    4264   1.9490  -3.6479  14.0522   0.0000   0.0000   0.0000
    4265   1.8944  -3.4353  14.0170   0.0000   0.0000   0.0000
    4266   2.6388  -3.9663  14.2521   0.0000   0.0000   0.0000
    4267   1.6460  -3.5391  13.9674   0.0000   0.0000   0.0000
    4268   2.5610  -3.2370  13.9575   0.0000   0.0000   0.0000
    4269   2.6298  -2.6774  14.4144   0.0000   0.0000   0.0000
    4270   2.3687  -2.6126  14.3793   0.0000   0.0000   0.0000
    4271   1.8934  -3.3958  13.8738   0.0000   0.0000   0.0000
    4272   2.3033  -3.3818  13.7316   0.0000   0.0000   0.0000
    4273   2.4474  -3.0726  13.9464   0.0000   0.0000   0.0000
    4274   2.7278  -2.5894  13.4974   0.0000   0.0000   0.0000
    4275   2.5598  -3.0282  13.3137   0.0000   0.0000   0.0000
    4276   2.1812  -3.1539  13.8389   0.0000   0.0000   0.0000
    4277   2.9976  -2.9005  13.6893   0.0000   0.0000   0.0000
    4278   2.9443  -2.5785  13.5183   0.0000   0.0000   0.0000
    4279   2.5256  -3.1809  13.9553   0.0000   0.0000   0.0000
    4280   1.9516  -2.8011  14.6914   0.0000   0.0000   0.0000
    4281   2.4754  -2.4911  13.8824   0.0000   0.0000   0.0000
    4282   2.0995  -2.4892  14.5815   0.0000   0.0000   0.0000
    4283   1.9363  -2.7769  15.0201   0.0000   0.0000   0.0000
    4284   2.4792  -1.6637  15.2056   0.0000   0.0000   0.0000
    4285   2.0678  -1.8193  15.2250   0.0000   0.0000   0.0000
    4286   1.5946  -2.4685  14.6782   0.0000   0.0000   0.0000
    4287   2.1663  -1.5460  15.0314   0.0000   0.0000   0.0000
    4288   1.9107  -3.0442  15.3689   0.0000   0.0000   0.0000
    4289   2.0249  -2.4241  15.0665   0.0000   0.0000   0.0000
    4290   2.5254  -2.2536  15.0423   0.0000   0.0000   0.0000
    4291   2.1647  -2.3647  15.1922   0.0000   0.0000   0.0000
    4292   1.8098  -1.9781  14.4554   0.0000   0.0000   0.0000
    4293   1.8515  -1.5538  14.8231   0.0000   0.0000   0.0000
    4294   3.0333  -1.6092  14.9631   0.0000   0.0000   0.0000
    4295   1.2705  -1.6621  14.5525   0.0000   0.0000   0.0000
    4296   2.3551  -1.4734  14.8418   0.0000   0.0000   0.0000
    4297   2.4589  -2.1393  15.2832   0.0000   0.0000   0.0000
    4298   1.3120  -2.9358  14.5145   0.0000   0.0000   0.0000
    4299   2.0742  -2.1404  15.6905   0.0000   0.0000   0.0000
    4300   2.0248  -2.7530  15.9124   0.0000   0.0000   0.0000
    4301   2.1133  -2.8588  15.3711   0.0000   0.0000   0.0000
    4302   1.8921  -2.8549  14.9939   0.0000   0.0000   0.0000
    4303   2.3125  -2.6978  14.6968   0.0000   0.0000   0.0000
    4304   1.6823  -2.5010  14.7936   0.0000   0.0000   0.0000
    4305   1.6054  -3.7839  15.4000   0.0000   0.0000   0.0000
    4306   2.2032  -2.7433  15.1164   0.0000   0.0000   0.0000
    4307   1.2888  -1.8585  15.2093   0.0000   0.0000   0.0000
    4308   0.7184  -2.2951  15.8278   0.0000   0.0000   0.0000
    4309   0.9107  -2.0584  15.9074   0.0000   0.0000   0.0000
    4310   1.4943  -2.0551  15.4427   0.0000   0.0000   0.0000
    4311   1.8217  -2.1767  15.6918   0.0000   0.0000   0.0000
    4312   1.3312  -3.0447  15.7436   0.0000   0.0000   0.0000
    4313   2.1659  -2.7243  16.7316   0.0000   0.0000   0.0000
    4314   1.5101  -2.8836  17.2204   0.0000   0.0000   0.0000
    4315   1.5740  -2.2271  16.8182   0.0000   0.0000   0.0000
    4316   1.5362  -3.0015  16.1526   0.0000   0.0000   0.0000
    4317   1.7487  -2.5431  16.2192   0.0000   0.0000   0.0000
    4318   2.1421  -2.5538  16.0076   0.0000   0.0000   0.0000
    4319   1.8846  -2.9083  15.8545   0.0000   0.0000   0.0000
    4320   1.4788  -3.8455  15.7754   0.0000   0.0000   0.0000
    4321   1.2611  -3.1695  15.6421   0.0000   0.0000   0.0000
    4322   0.4342  -2.4458  16.1873   0.0000   0.0000   0.0000
    4323   1.8857  -3.5346  15.6470   0.0000   0.0000   0.0000
    4324   1.4263  -2.9459  15.7334   0.0000   0.0000   0.0000
    4325   1.2150  -2.7746  15.7994   0.0000   0.0000   0.0000
    4326   1.5595  -2.5132  15.7532   0.0000   0.0000   0.0000
    4327   1.1263  -3.8452  15.5389   0.0000   0.0000   0.0000
    4328   1.7996  -3.2746  15.9187   0.0000   0.0000   0.0000
    4329   2.4747  -3.4810  16.0968   0.0000   0.0000   0.0000
    4330   0.7587  -2.5143  16.6438   0.0000   0.0000   0.0000
    4331   1.0393  -3.0112  16.7726   0.0000   0.0000   0.0000
    4332   1.4657  -3.7769  16.2450   0.0000   0.0000   0.0000
    4333   1.1379  -3.6294  17.0214   0.0000   0.0000   0.0000
    4334   1.4844  -4.3299  16.3535   0.0000   0.0000   0.0000
    4335   1.3464  -2.8213  16.2673   0.0000   0.0000   0.0000
    4336   1.7993  -3.7242  16.1347   0.0000   0.0000   0.0000
    4337   1.4064  -3.1124  15.1393   0.0000   0.0000   0.0000
    4338   2.3038  -3.9494  14.9965   0.0000   0.0000   0.0000
    4339   1.1160  -3.5452  14.9601   0.0000   0.0000   0.0000
    4340   2.4597  -3.6478  16.5374   0.0000   0.0000   0.0000
    4341   2.2530  -3.8790  15.7324   0.0000   0.0000   0.0000
    4342   2.3757  -3.9140  15.9577   0.0000   0.0000   0.0000
    4343   2.3975  -2.8582  16.1311   0.0000   0.0000   0.0000
    4344   2.4760  -3.5896  15.9784   0.0000   0.0000   0.0000
    4345   2.3322  -4.1750  16.0903   0.0000   0.0000   0.0000
    4346   2.7503  -4.5291  16.8587   0.0000   0.0000   0.0000
    4347   2.1821  -4.2225  15.7153   0.0000   0.0000   0.0000
    4348   2.7104  -3.8120  15.6883   0.0000   0.0000   0.0000
    4349   1.3715  -3.7778  16.2234   0.0000   0.0000   0.0000
    4350   2.3079  -3.9902  15.6639   0.0000   0.0000   0.0000
    4351   2.5359  -3.8450  16.5475   0.0000   0.0000   0.0000
    4352   1.7572  -3.7291  16.6630   0.0000   0.0000   0.0000
    4353   2.0157  -3.5227  16.7863   0.0000   0.0000   0.0000
    4354   1.9480  -3.0183  17.2109   0.0000   0.0000   0.0000
    4355   2.1089  -3.0172  17.5948   0.0000   0.0000   0.0000
    4356   1.9452  -3.3451  16.8079   0.0000   0.0000   0.0000
    4357   1.6932  -3.0655  17.3482   0.0000   0.0000   0.0000
    4358   1.8518  -3.1783  17.1822   0.0000   0.0000   0.0000
    4359   1.5746  -2.7460  16.8539   0.0000   0.0000   0.0000
    4360   1.5081  -3.6824  16.8890   0.0000   0.0000   0.0000
    4361   1.6199  -2.7658  16.8955   0.0000   0.0000   0.0000
    4362   1.7046  -3.4924  16.7764   0.0000   0.0000   0.0000
    4363   1.1350  -3.2727  16.5657   0.0000   0.0000   0.0000
    4364   2.0890  -3.9952  17.2429   0.0000   0.0000   0.0000
    4365   2.5671  -3.9118  17.4008   0.0000   0.0000   0.0000
    4366   2.2884  -3.8774  16.9532   0.0000   0.0000   0.0000
    4367   2.7488  -3.8724  17.4476   0.0000   0.0000   0.0000
    4368   3.9360  -3.6789  17.2320   0.0000   0.0000   0.0000
    4369   2.7678  -3.9931  16.8734   0.0000   0.0000   0.0000
    4370   3.2776  -3.7306  17.3590   0.0000   0.0000   0.0000
    4371   3.5691  -2.8350  16.8730   0.0000   0.0000   0.0000
    4372   3.9481  -3.2840  16.3633   0.0000   0.0000   0.0000
    4373   3.1245  -4.2657  16.5484   0.0000   0.0000   0.0000
    4374   2.5218  -2.8764  16.6369   0.0000   0.0000   0.0000
    4375   1.7886  -4.0484  16.5459   0.0000   0.0000   0.0000
    4376   2.0715  -3.1872  16.1877   0.0000   0.0000   0.0000
    4377   2.0189  -2.6878  16.5098   0.0000   0.0000   0.0000
    4378   1.2308  -3.7322  16.7414   0.0000   0.0000   0.0000
    4379   1.7187  -3.8955  17.3272   0.0000   0.0000   0.0000
    4380   2.2529  -3.1094  16.9984   0.0000   0.0000   0.0000
    4381   0.7169  -3.3123  17.6806   0.0000   0.0000   0.0000
    4382   1.6937  -3.7230  17.8264   0.0000   0.0000   0.0000
    4383   1.5091  -4.2818  17.7182   0.0000   0.0000   0.0000
    4384   0.9102  -2.9963  17.2387   0.0000   0.0000   0.0000
    4385   1.8486  -3.1177  16.7145   0.0000   0.0000   0.0000
    4386   1.1819  -3.9393  17.0444   0.0000   0.0000   0.0000
    4387   0.9888  -3.9914  17.3031   0.0000   0.0000   0.0000
    4388   1.2926  -3.6899  17.1834   0.0000   0.0000   0.0000
    4389   0.8939  -4.4756  17.4239   0.0000   0.0000   0.0000
    4390   1.9712  -3.9578  17.6735   0.0000   0.0000   0.0000
    4391   1.5235  -4.3759  18.1328   0.0000   0.0000   0.0000
    4392   1.6079  -3.0646  17.4511   0.0000   0.0000   0.0000
    4393   1.4934  -3.6793  17.9029   0.0000   0.0000   0.0000
    4394   1.5063  -3.7750  17.9566   0.0000   0.0000   0.0000
    4395   1.4755  -4.2774  18.0293   0.0000   0.0000   0.0000
    4396   1.3953  -4.2463  17.9345   0.0000   0.0000   0.0000
    4397   1.8951  -4.2306  18.4907   0.0000   0.0000   0.0000
    4398   0.8537  -2.6846  17.4723   0.0000   0.0000   0.0000
    4399   1.4585  -3.3566  18.0152   0.0000   0.0000   0.0000
    4400   1.2612  -3.1740  18.1173   0.0000   0.0000   0.0000
    4401   1.8825  -1.7227  17.6518   0.0000   0.0000   0.0000
    4402   2.3207  -2.6945  18.5103   0.0000   0.0000   0.0000
    4403   2.6573  -2.9117  18.2070   0.0000   0.0000   0.0000
    4404   2.3481  -2.8391  18.7073   0.0000   0.0000   0.0000
    4405   3.2260  -3.1690  18.2120   0.0000   0.0000   0.0000
    4406   3.7557  -3.5996  18.2314   0.0000   0.0000   0.0000
    4407   3.6467  -2.9731  18.3491   0.0000   0.0000   0.0000
    4408   2.6803  -3.3907  18.1347   0.0000   0.0000   0.0000
    4409   2.9305  -4.1022  18.2941   0.0000   0.0000   0.0000
    4410   3.0816  -3.3318  18.2166   0.0000   0.0000   0.0000
    4411   2.6997  -3.2962  18.8068   0.0000   0.0000   0.0000
    4412   2.6906  -3.0887  19.1061   0.0000   0.0000   0.0000
    4413   2.4973  -3.0793  18.5486   0.0000   0.0000   0.0000
    4414   2.2225  -4.1406  18.2676   0.0000   0.0000   0.0000
    4415   2.6156  -3.2176  18.1584   0.0000   0.0000   0.0000
    4416   2.2720  -3.6063  18.3480   0.0000   0.0000   0.0000
    4417   2.2748  -4.3116  18.7952   0.0000   0.0000   0.0000
    4418   3.0892  -3.4417  18.3270   0.0000   0.0000   0.0000
    4419   2.2529  -4.2815  18.6028   0.0000   0.0000   0.0000
    4420   2.5091  -3.8150  18.1361   0.0000   0.0000   0.0000
    4421   1.9792  -3.5868  17.7541   0.0000   0.0000   0.0000
    4422   2.8987  -3.9971  18.0555   0.0000   0.0000   0.0000
    4423   2.7554  -3.9799  18.1312   0.0000   0.0000   0.0000
    4424   2.1684  -3.7340  17.6972   0.0000   0.0000   0.0000
    4425   1.5484  -3.9565  17.1908   0.0000   0.0000   0.0000
    4426   1.6630  -3.7913  17.6928   0.0000   0.0000   0.0000
    4427   1.4871  -4.4562  17.9077   0.0000   0.0000   0.0000
    4428   2.0357  -3.4716  17.1419   0.0000   0.0000   0.0000
    4429   1.9513  -4.1577  16.6284   0.0000   0.0000   0.0000
    4430   2.6088  -4.3056  16.5133   0.0000   0.0000   0.0000
    4431   2.1342  -4.2976  16.7578   0.0000   0.0000   0.0000
    4432   2.2375  -3.8625  17.1121   0.0000   0.0000   0.0000
    4433   3.1390  -4.1932  17.2085   0.0000   0.0000   0.0000
    4434   2.6279  -4.0124  17.6371   0.0000   0.0000   0.0000
    4435   2.3404  -4.0740  16.2632   0.0000   0.0000   0.0000
    4436   2.0810  -4.2914  16.5269   0.0000   0.0000   0.0000
    4437   2.0791  -2.8274  16.4217   0.0000   0.0000   0.0000
    4438   1.9028  -3.6420  17.3426   0.0000   0.0000   0.0000
    4439   1.7234  -3.7333  16.1542   0.0000   0.0000   0.0000
    4440   1.8040  -3.4909  16.0384   0.0000   0.0000   0.0000
    4441   2.0340  -3.3044  16.2822   0.0000   0.0000   0.0000
    4442   2.6052  -3.4818  16.8860   0.0000   0.0000   0.0000
    4443   1.4914  -3.8194  15.9272   0.0000   0.0000   0.0000
    4444   1.8660  -3.8048  15.7440   0.0000   0.0000   0.0000
    4445   1.6957  -4.3403  16.4323   0.0000   0.0000   0.0000
    4446   2.6232  -4.5036  16.4516   0.0000   0.0000   0.0000
    4447   2.4955  -4.1336  16.2422   0.0000   0.0000   0.0000
    4448   1.9321  -3.8902  15.6392   0.0000   0.0000   0.0000
    4449   1.8316  -3.5213  15.3356   0.0000   0.0000   0.0000
    4450   1.1345  -3.7142  15.5433   0.0000   0.0000   0.0000
    4451   0.9070  -3.3639  15.1691   0.0000   0.0000   0.0000
    4452   1.3421  -3.2668  15.3662   0.0000   0.0000   0.0000
    4453   1.0531  -4.2113  15.7111   0.0000   0.0000   0.0000
    4454   1.0934  -3.2718  14.9952   0.0000   0.0000   0.0000
    4455   1.3355  -3.7357  14.8608   0.0000   0.0000   0.0000
    4456   1.7542  -4.1913  14.3034   0.0000   0.0000   0.0000
    4457   1.5818  -3.5059  14.8398   0.0000   0.0000   0.0000
    4458   1.6718  -3.2474  14.2654   0.0000   0.0000   0.0000
    4459   1.2564  -3.4797  14.4910   0.0000   0.0000   0.0000
    4460   1.6337  -4.1224  15.3035   0.0000   0.0000   0.0000
    4461   2.0769  -4.7886  14.4710   0.0000   0.0000   0.0000
    4462   0.8956  -3.6258  15.1130   0.0000   0.0000   0.0000
    4463   1.8230  -4.3439  15.0102   0.0000   0.0000   0.0000
    4464   1.0126  -4.9287  14.5683   0.0000   0.0000   0.0000
    4465   1.1892  -4.8513  14.9115   0.0000   0.0000   0.0000
    4466   1.1286  -5.0119  14.9018   0.0000   0.0000   0.0000
    4467   2.0549  -4.7713  14.9197   0.0000   0.0000   0.0000
    4468   1.5280  -5.5822  14.3974   0.0000   0.0000   0.0000
    4469   1.0935  -5.6667  14.4923   0.0000   0.0000   0.0000
    4470   1.1403  -5.7302  14.4870   0.0000   0.0000   0.0000
    4471   1.7563  -6.2049  14.7184   0.0000   0.0000   0.0000
    4472   1.4576  -5.1303  15.5692   0.0000   0.0000   0.0000
    4473   1.7889  -5.1950  15.6026   0.0000   0.0000   0.0000
    4474   2.4992  -5.2692  15.8843   0.0000   0.0000   0.0000
    4475   2.3580  -4.3551  15.3061   0.0000   0.0000   0.0000
    4476   2.5300  -4.4619  16.1806   0.0000   0.0000   0.0000
    4477   1.9314  -4.9857  16.0744   0.0000   0.0000   0.0000
    4478   2.4584  -4.9356  15.8081   0.0000   0.0000   0.0000
    4479   2.4677  -5.0505  16.2448   0.0000   0.0000   0.0000
    4480   2.1261  -5.2103  16.0123   0.0000   0.0000   0.0000
    4481   2.2320  -5.6325  16.2456   0.0000   0.0000   0.0000
    4482   1.9839  -5.6338  16.4168   0.0000   0.0000   0.0000
    4483   2.6428  -4.9284  16.3288   0.0000   0.0000   0.0000
    4484   2.4504  -4.6307  16.3802   0.0000   0.0000   0.0000
    4485   2.6746  -4.5384  17.4090   0.0000   0.0000   0.0000
    4486   2.4591  -4.4280  16.7160   0.0000   0.0000   0.0000
    4487   2.6280  -4.3120  16.0583   0.0000   0.0000   0.0000
    4488   1.8556  -3.9507  16.3184   0.0000   0.0000   0.0000
    4489   2.3673  -4.0353  16.0119   0.0000   0.0000   0.0000
    4490   2.0361  -4.6992  15.3503   0.0000   0.0000   0.0000
    4491   2.0548  -4.2191  15.6928   0.0000   0.0000   0.0000
    4492   2.7508  -4.5759  15.7244   0.0000   0.0000   0.0000
    4493   2.7223  -4.6831  16.4956   0.0000   0.0000   0.0000
    4494   3.2984  -4.7236  15.1194   0.0000   0.0000   0.0000
    4495   2.7609  -4.9948  14.6035   0.0000   0.0000   0.0000
    4496   3.4744  -4.4781  15.9705   0.0000   0.0000   0.0000
    4497   2.7957  -5.1002  15.8426   0.0000   0.0000   0.0000
    4498   2.3795  -3.9618  16.1752   0.0000   0.0000   0.0000
    4499   2.8104  -4.3070  15.8512   0.0000   0.0000   0.0000
    4500   3.2786  -4.9728  16.2434   0.0000   0.0000   0.0000
    4501   3.2054  -4.6330  16.8619   0.0000   0.0000   0.0000
    4502   3.1754  -4.5809  16.4153   0.0000   0.0000   0.0000
    4503   3.4037  -4.3307  17.0686   0.0000   0.0000   0.0000
    4504   2.3658  -5.1072  17.5451   0.0000   0.0000   0.0000
    4505   2.7946  -4.5411  17.1888   0.0000   0.0000   0.0000
    4506   2.4036  -5.0615  17.3772   0.0000   0.0000   0.0000
    4507   2.7247  -4.6691  17.2213   0.0000   0.0000   0.0000
    4508   2.8544  -4.9496  17.4671   0.0000   0.0000   0.0000
    4509   3.3178  -5.6489  17.2650   0.0000   0.0000   0.0000
    4510   2.8315  -5.6324  17.8948   0.0000   0.0000   0.0000
    4511   3.5490  -5.4614  17.4333   0.0000   0.0000   0.0000
    4512   3.2510  -5.3628  17.4222   0.0000   0.0000   0.0000
    4513   3.2282  -4.1954  17.4470   0.0000   0.0000   0.0000
    4514   3.3386  -4.6512  17.1239   0.0000   0.0000   0.0000
    4515   4.2279  -5.0818  17.4688   0.0000   0.0000   0.0000
    4516   3.8634  -5.1942  17.5113   0.0000   0.0000   0.0000
    4517   3.1803  -5.2638  17.7477   0.0000   0.0000   0.0000
    4518   3.4934  -5.0363  18.2787   0.0000   0.0000   0.0000
    4519   3.6015  -5.4987  17.4760   0.0000   0.0000   0.0000
    4520   3.2837  -5.4218  17.0332   0.0000   0.0000   0.0000
    4521   4.1910  -4.9898  17.2043   0.0000   0.0000   0.0000
    4522   4.2260  -4.4849  15.9912   0.0000   0.0000   0.0000
    4523   4.1054  -4.1984  15.7467   0.0000   0.0000   0.0000
    4524   5.4740  -4.5381  16.9550   0.0000   0.0000   0.0000
    4525   4.4204  -4.4725  16.1805   0.0000   0.0000   0.0000
    4526   4.2195  -3.2730  16.4553   0.0000   0.0000   0.0000
    4527   3.5953  -3.5506  17.0831   0.0000   0.0000   0.0000
    4528   4.0000  -3.9957  16.5383   0.0000   0.0000   0.0000
    4529   3.6340  -4.2128  17.2623   0.0000   0.0000   0.0000
    4530   2.5219  -4.3351  16.7875   0.0000   0.0000   0.0000
    4531   3.3623  -4.2864  16.4279   0.0000   0.0000   0.0000
    4532   3.9005  -5.4294  16.5782   0.0000   0.0000   0.0000
    4533   2.7082  -3.9027  15.7271   0.0000   0.0000   0.0000
    4534   3.4703  -5.0939  16.5152   0.0000   0.0000   0.0000
    4535   4.0967  -4.0705  16.2508   0.0000   0.0000   0.0000
    4536   3.4210  -3.3625  16.8979   0.0000   0.0000   0.0000
    4537   3.8613  -3.9554  16.4984   0.0000   0.0000   0.0000
    4538   2.5393  -3.1441  15.9864   0.0000   0.0000   0.0000
    4539   4.0456  -4.7174  16.8473   0.0000   0.0000   0.0000
    4540   4.1442  -4.3963  16.2574   0.0000   0.0000   0.0000
    4541   4.1516  -3.9514  16.3994   0.0000   0.0000   0.0000
    4542   3.6669  -4.5867  16.6225   0.0000   0.0000   0.0000
    4543   3.7397  -3.2549  15.7532   0.0000   0.0000   0.0000
    4544   4.0673  -3.6813  15.6665   0.0000   0.0000   0.0000
    4545   3.7130  -4.0126  15.5544   0.0000   0.0000   0.0000
    4546   3.7255  -3.6351  15.6648   0.0000   0.0000   0.0000
    4547   4.3734  -3.8082  15.3455   0.0000   0.0000   0.0000
    4548   3.8688  -2.9973  15.7886   0.0000   0.0000   0.0000
    4549   4.2704  -3.0978  15.4083   0.0000   0.0000   0.0000
    4550   3.1649  -3.6472  15.4463   0.0000   0.0000   0.0000
    4551   4.3812  -3.5019  15.5830   0.0000   0.0000   0.0000
    4552   4.1798  -3.9556  15.1477   0.0000   0.0000   0.0000
    4553   3.1033  -3.1256  15.8125   0.0000   0.0000   0.0000
    4554   2.9842  -3.7928  15.0820   0.0000   0.0000   0.0000
    4555   3.7752  -3.9865  14.8096   0.0000   0.0000   0.0000
    4556   4.6970  -3.5495  14.9413   0.0000   0.0000   0.0000
    4557   4.0169  -3.8180  14.6023   0.0000   0.0000   0.0000
    4558   3.8763  -3.2775  14.4442   0.0000   0.0000   0.0000
    4559   4.1848  -4.0523  14.8705   0.0000   0.0000   0.0000
    4560   3.8183  -3.4976  14.9284   0.0000   0.0000   0.0000
    4561   4.3367  -4.2772  15.3699   0.0000   0.0000   0.0000
    4562   4.6212  -4.0706  15.1404   0.0000   0.0000   0.0000
    4563   3.7127  -4.0811  15.4731   0.0000   0.0000   0.0000
    4564   3.9047  -3.4596  15.4730   0.0000   0.0000   0.0000
    4565   3.8610  -4.6075  14.6020   0.0000   0.0000   0.0000
    4566   3.9920  -3.3526  15.3741   0.0000   0.0000   0.0000
    4567   3.7067  -2.8149  15.5920   0.0000   0.0000   0.0000
    4568   4.2252  -3.7337  16.2811   0.0000   0.0000   0.0000
    4569   5.2098  -4.2662  16.0089   0.0000   0.0000   0.0000
    4570   6.0396  -3.7566  15.8396   0.0000   0.0000   0.0000
    4571   5.0161  -3.0002  15.2877   0.0000   0.0000   0.0000
    4572   4.3853  -3.7678  14.9468   0.0000   0.0000   0.0000
    4573   4.2257  -3.0993  15.4071   0.0000   0.0000   0.0000
    4574   3.3442  -3.4817  15.4902   0.0000   0.0000   0.0000
    4575   3.9010  -3.4327  16.4209   0.0000   0.0000   0.0000
    4576   4.1890  -2.6652  16.2130   0.0000   0.0000   0.0000
    4577   4.2031  -2.0860  15.5694   0.0000   0.0000   0.0000
    4578   3.6421  -2.7609  15.7540   0.0000   0.0000   0.0000
    4579   3.4326  -4.0176  15.4040   0.0000   0.0000   0.0000
    4580   2.7959  -3.4300  15.0593   0.0000   0.0000   0.0000
    4581   3.8079  -3.8581  16.1924   0.0000   0.0000   0.0000
    4582   3.3890  -4.0677  15.3651   0.0000   0.0000   0.0000
    4583   4.7989  -3.8710  15.2590   0.0000   0.0000   0.0000
    4584   4.3239  -3.9584  15.4606   0.0000   0.0000   0.0000
    4585   4.1728  -4.0714  14.8694   0.0000   0.0000   0.0000
    4586   4.9524  -4.5796  15.5494   0.0000   0.0000   0.0000
    4587   4.3480  -4.8098  15.5724   0.0000   0.0000   0.0000
    4588   5.2790  -4.6189  15.9830   0.0000   0.0000   0.0000
    4589   5.3296  -5.7280  15.8346   0.0000   0.0000   0.0000
    4590   4.6944  -4.3249  15.9125   0.0000   0.0000   0.0000
    4591   4.8957  -4.5898  14.7423   0.0000   0.0000   0.0000
    4592   3.7374  -5.1054  16.2194   0.0000   0.0000   0.0000
    4593   3.8985  -4.6559  15.9229   0.0000   0.0000   0.0000
    4594   3.7688  -4.5424  16.4635   0.0000   0.0000   0.0000
    4595   4.3700  -4.7981  16.2454   0.0000   0.0000   0.0000
    4596   4.4131  -4.6249  16.7103   0.0000   0.0000   0.0000
    4597   4.2536  -4.4225  16.2337   0.0000   0.0000   0.0000
    4598   4.3524  -5.0311  16.1610   0.0000   0.0000   0.0000
    4599   4.5341  -5.6313  16.1445   0.0000   0.0000   0.0000
    4600   4.0836  -5.5638  16.4668   0.0000   0.0000   0.0000
    4601   4.2397  -5.3702  16.8900   0.0000   0.0000   0.0000
    4602   3.9719  -5.0244  16.8361   0.0000   0.0000   0.0000
    4603   4.0011  -5.4527  17.1017   0.0000   0.0000   0.0000
    4604   3.1695  -5.4641  16.6964   0.0000   0.0000   0.0000
    4605   3.9752  -4.0699  17.4528   0.0000   0.0000   0.0000
    4606   4.1148  -4.7258  17.4795   0.0000   0.0000   0.0000
    4607   4.3290  -5.0777  17.8834   0.0000   0.0000   0.0000
    4608   4.5389  -4.9508  17.7258   0.0000   0.0000   0.0000
    4609   4.4427  -4.5620  17.5715   0.0000   0.0000   0.0000
    4610   4.1520  -5.1107  17.6543   0.0000   0.0000   0.0000
    4611   2.8950  -4.4131  17.3753   0.0000   0.0000   0.0000
    4612   3.3263  -4.2932  17.0075   0.0000   0.0000   0.0000
    4613   4.0341  -5.4871  17.7793   0.0000   0.0000   0.0000
    4614   4.2416  -4.8206  16.6473   0.0000   0.0000   0.0000
    4615   2.7842  -5.0942  16.4690   0.0000   0.0000   0.0000
    4616   3.2226  -5.1148  16.2047   0.0000   0.0000   0.0000
    4617   3.7321  -5.5511  17.0934   0.0000   0.0000   0.0000
    4618   3.0646  -4.6779  15.8912   0.0000   0.0000   0.0000
    4619   3.2646  -4.6508  16.2580   0.0000   0.0000   0.0000
    4620   3.3010  -5.2723  16.5249   0.0000   0.0000   0.0000
    4621   3.1432  -6.3758  15.8866   0.0000   0.0000   0.0000
    4622   3.6988  -5.5475  15.3278   0.0000   0.0000   0.0000
    4623   3.0640  -5.0031  15.8153   0.0000   0.0000   0.0000
    4624   3.0314  -6.1475  16.3546   0.0000   0.0000   0.0000
    4625   3.7393  -5.5993  15.7995   0.0000   0.0000   0.0000
    4626   3.5863  -5.4398  16.1563   0.0000   0.0000   0.0000
    4627   2.7344  -4.4064  16.8488   0.0000   0.0000   0.0000
    4628   3.4023  -4.4461  17.1760   0.0000   0.0000   0.0000
    4629   4.7031  -4.8688  17.0943   0.0000   0.0000   0.0000
    4630   3.8856  -4.7621  17.4161   0.0000   0.0000   0.0000
    4631   4.5254  -4.8955  16.9025   0.0000   0.0000   0.0000
    4632   5.1094  -3.7257  17.1615   0.0000   0.0000   0.0000
    4633   3.9980  -4.2447  16.9826   0.0000   0.0000   0.0000
    4634   4.3259  -3.9908  16.8165   0.0000   0.0000   0.0000
    4635   3.6326  -4.9125  17.9382   0.0000   0.0000   0.0000
    4636   3.4907  -4.7744  18.2446   0.0000   0.0000   0.0000
    4637   3.5246  -3.8892  17.5873   0.0000   0.0000   0.0000
    4638   3.9545  -4.3675  18.1932   0.0000   0.0000   0.0000
    4639   2.9336  -4.3235  18.3863   0.0000   0.0000   0.0000
    4640   3.6835  -3.3606  17.5402   0.0000   0.0000   0.0000
    4641   3.6924  -3.4840  17.9945   0.0000   0.0000   0.0000
    4642   3.2796  -5.1520  17.7592   0.0000   0.0000   0.0000
    4643   2.6631  -5.2516  17.8768   0.0000   0.0000   0.0000
    4644   3.0695  -4.7968  18.0986   0.0000   0.0000   0.0000
    4645   2.4507  -4.1549  18.5854   0.0000   0.0000   0.0000
    4646   2.5628  -5.1727  18.1179   0.0000   0.0000   0.0000
    4647   2.4439  -5.1129  18.5731   0.0000   0.0000   0.0000
    4648   3.3282  -5.2748  17.6832   0.0000   0.0000   0.0000
    4649   3.6117  -4.8502  17.8067   0.0000   0.0000   0.0000
    4650   3.1936  -5.4309  17.6023   0.0000   0.0000   0.0000
    4651   2.8165  -5.6396  17.2294   0.0000   0.0000   0.0000
    4652   3.0911  -5.2363  17.9495   0.0000   0.0000   0.0000
    4653   2.4530  -5.4883  18.2415   0.0000   0.0000   0.0000
    4654   3.3585  -4.8941  18.2027   0.0000   0.0000   0.0000
    4655   2.5056  -5.4823  19.0129   0.0000   0.0000   0.0000
    4656   2.6645  -6.0807  18.1746   0.0000   0.0000   0.0000
    4657   3.7567  -6.0074  18.6198   0.0000   0.0000   0.0000
    4658   4.1426  -6.5163  18.0081   0.0000   0.0000   0.0000
    4659   3.0762  -5.3974  17.4787   0.0000   0.0000   0.0000
    4660   2.7488  -5.5855  17.4352   0.0000   0.0000   0.0000
    4661   2.9485  -6.1577  17.7186   0.0000   0.0000   0.0000
    4662   3.0662  -5.6966  17.8572   0.0000   0.0000   0.0000
    4663   2.6306  -6.2480  17.9456   0.0000   0.0000   0.0000
    4664   2.5073  -5.2442  18.1513   0.0000   0.0000   0.0000
    4665   3.0550  -5.3696  18.0844   0.0000   0.0000   0.0000
    4666   2.8799  -4.5238  18.8632   0.0000   0.0000   0.0000
    4667   2.1840  -5.6175  18.4511   0.0000   0.0000   0.0000
    4668   3.0251  -5.9497  18.3980   0.0000   0.0000   0.0000
    4669   2.5811  -5.6544  19.2401   0.0000   0.0000   0.0000
    4670   3.8492  -6.2696  18.7273   0.0000   0.0000   0.0000
    4671   2.7801  -6.0487  18.7610   0.0000   0.0000   0.0000
    4672   3.2359  -5.5142  19.1644   0.0000   0.0000   0.0000
    4673   3.5212  -6.1764  18.7119   0.0000   0.0000   0.0000
    4674   3.5152  -5.2600  19.0539   0.0000   0.0000   0.0000
    4675   3.0842  -5.2224  19.3236   0.0000   0.0000   0.0000
    4676   3.4005  -5.2085  18.8226   0.0000   0.0000   0.0000
    4677   3.7897  -5.3684  18.5234   0.0000   0.0000   0.0000
    4678   3.3427  -4.3326  17.9096   0.0000   0.0000   0.0000
    4679   3.5162  -5.4325  18.5794   0.0000   0.0000   0.0000
    4680   2.5744  -4.9551  18.3661   0.0000   0.0000   0.0000
    4681   2.3200  -5.0433  18.8279   0.0000   0.0000   0.0000
    4682   2.3436  -5.4291  19.4452   0.0000   0.0000   0.0000
    4683   2.7989  -5.0697  18.2366   0.0000   0.0000   0.0000
    4684   2.7167  -4.3368  17.9693   0.0000   0.0000   0.0000
    4685   2.7747  -4.9680  18.4481   0.0000   0.0000   0.0000
    4686   3.6445  -5.2985  18.1754   0.0000   0.0000   0.0000
    4687   2.0355  -4.5288  17.6765   0.0000   0.0000   0.0000
    4688   3.0690  -5.6779  17.6926   0.0000   0.0000   0.0000
    4689   2.2634  -4.3622  17.7158   0.0000   0.0000   0.0000
    4690   2.7083  -4.9057  18.0785   0.0000   0.0000   0.0000
    4691   2.7163  -5.5028  17.5336   0.0000   0.0000   0.0000
    4692   3.7925  -4.6335  17.2768   0.0000   0.0000   0.0000
    4693   3.5487  -4.3986  17.7447   0.0000   0.0000   0.0000
    4694   3.6332  -5.2506  17.5036   0.0000   0.0000   0.0000
    4695   3.4546  -5.6143  16.9876   0.0000   0.0000   0.0000
    4696   3.1097  -4.8285  17.3044   0.0000   0.0000   0.0000
    4697   3.9811  -4.6580  16.9559   0.0000   0.0000   0.0000
    4698   3.5940  -6.0436  17.7059   0.0000   0.0000   0.0000
    4699   3.2712  -6.0895  18.4780   0.0000   0.0000   0.0000
    4700   3.2655  -5.9114  17.5918   0.0000   0.0000   0.0000
    4701   3.7688  -6.1632  17.9778   0.0000   0.0000   0.0000
    4702   3.5900  -5.5719  17.7714   0.0000   0.0000   0.0000
    4703   2.5777  -5.0967  17.4410   0.0000   0.0000   0.0000
    4704   3.0238  -5.1107  17.6607   0.0000   0.0000   0.0000
    4705   2.5904  -5.5343  17.7367   0.0000   0.0000   0.0000
    4706   2.9760  -6.2038  17.8842   0.0000   0.0000   0.0000
    4707   3.6674  -5.4238  18.1174   0.0000   0.0000   0.0000
    4708   3.2095  -5.7367  17.8697   0.0000   0.0000   0.0000
    4709   3.2035  -5.3225  18.4191   0.0000   0.0000   0.0000
    4710   3.1975  -5.4742  18.7070   0.0000   0.0000   0.0000
    4711   2.1506  -4.7554  18.2969   0.0000   0.0000   0.0000
    4712   1.8277  -4.5953  17.8060   0.0000   0.0000   0.0000
    4713   2.0896  -5.7035  18.6664   0.0000   0.0000   0.0000
    4714   1.9917  -5.1233  18.8937   0.0000   0.0000   0.0000
    4715   2.4620  -4.8320  18.8763   0.0000   0.0000   0.0000
    4716   2.5507  -4.2197  18.8249   0.0000   0.0000   0.0000
    4717   1.6795  -4.0769  19.3404   0.0000   0.0000   0.0000
    4718   2.3877  -4.2332  18.0306   0.0000   0.0000   0.0000
    4719   2.7137  -4.5329  18.8289   0.0000   0.0000   0.0000
    4720   2.1045  -5.5697  18.3699   0.0000   0.0000   0.0000
    4721   1.3043  -4.7106  16.8135   0.0000   0.0000   0.0000
    4722   1.5049  -3.9878  16.7853   0.0000   0.0000   0.0000
    4723   2.0623  -4.6266  17.8599   0.0000   0.0000   0.0000
    4724   1.7298  -3.9829  17.5838   0.0000   0.0000   0.0000
    4725   1.6481  -3.3482  17.1569   0.0000   0.0000   0.0000
    4726   1.7823  -3.4804  17.1901   0.0000   0.0000   0.0000
    4727   2.0748  -3.7191  17.0790   0.0000   0.0000   0.0000
    4728   1.3944  -3.4946  16.9368   0.0000   0.0000   0.0000
    4729   1.3024  -4.3387  17.4797   0.0000   0.0000   0.0000
    4730   0.9702  -3.1794  17.4937   0.0000   0.0000   0.0000
    4731   0.7306  -4.3828  17.4852   0.0000   0.0000   0.0000
    4732   1.3786  -3.7289  17.5225   0.0000   0.0000   0.0000
    4733   2.1740  -4.7084  17.5565   0.0000   0.0000   0.0000
    4734   1.4078  -4.5766  17.9237   0.0000   0.0000   0.0000
    4735   2.5113  -4.5964  18.6731   0.0000   0.0000   0.0000
    4736   3.3406  -4.1274  18.6768   0.0000   0.0000   0.0000
    4737   3.2707  -4.5013  18.9481   0.0000   0.0000   0.0000
    4738   2.5576  -3.9353  18.0533   0.0000   0.0000   0.0000
    4739   2.8188  -3.8832  18.0200   0.0000   0.0000   0.0000
    4740   2.4212  -3.3423  17.9857   0.0000   0.0000   0.0000
    4741   3.4319  -3.4389  17.3839   0.0000   0.0000   0.0000
    4742   2.5082  -3.8928  17.4948   0.0000   0.0000   0.0000
    4743   2.1156  -5.2056  17.6423   0.0000   0.0000   0.0000
    4744   2.6597  -4.3487  16.9432   0.0000   0.0000   0.0000
    4745   2.4518  -3.8911  17.1392   0.0000   0.0000   0.0000
    4746   3.1401  -4.0473  17.6788   0.0000   0.0000   0.0000
    4747   2.9963  -3.9750  17.9058   0.0000   0.0000   0.0000
    4748   2.6277  -3.8028  17.6517   0.0000   0.0000   0.0000
    4749   2.2731  -3.9815  17.4255   0.0000   0.0000   0.0000
    4750   2.3936  -3.5572  16.5412   0.0000   0.0000   0.0000
    4751   3.2053  -3.7104  17.4559   0.0000   0.0000   0.0000
    4752   3.0182  -3.9975  17.4689   0.0000   0.0000   0.0000
    4753   2.6052  -3.4693  17.4297   0.0000   0.0000   0.0000
    4754   2.7703  -3.2697  16.7788   0.0000   0.0000   0.0000
    4755   2.7000  -3.9020  16.8459   0.0000   0.0000   0.0000
    4756   2.4097  -4.1916  17.1129   0.0000   0.0000   0.0000
    4757   2.8978  -4.2207  16.8688   0.0000   0.0000   0.0000
    4758   3.4610  -3.8612  17.1078   0.0000   0.0000   0.0000
    4759   2.2957  -3.8136  16.8839   0.0000   0.0000   0.0000
    4760   2.7435  -3.3467  17.1073   0.0000   0.0000   0.0000
    4761   3.3881  -3.7719  17.2072   0.0000   0.0000   0.0000
    4762   2.7446  -3.6368  16.6431   0.0000   0.0000   0.0000
    4763   2.3659  -3.0285  17.7361   0.0000   0.0000   0.0000
    4764   3.0250  -4.0379  17.7623   0.0000   0.0000   0.0000
    4765   2.5703  -3.8338  17.0032   0.0000   0.0000   0.0000
    4766   2.1487  -2.8481  18.2193   0.0000   0.0000   0.0000
    4767   1.5345  -3.1470  17.5828   0.0000   0.0000   0.0000
    4768   1.6725  -3.6318  17.4184   0.0000   0.0000   0.0000
    4769   1.8757  -4.0091  18.0284   0.0000   0.0000   0.0000
    4770   2.8067  -3.2887  18.2684   0.0000   0.0000   0.0000
    4771   2.8915  -3.0300  17.9542   0.0000   0.0000   0.0000
    4772   2.4569  -3.8777  18.3594   0.0000   0.0000   0.0000
    4773   2.5700  -3.2216  18.1399   0.0000   0.0000   0.0000
    4774   2.9055  -2.9116  18.2977   0.0000   0.0000   0.0000
    4775   3.7499  -2.4902  17.8545   0.0000   0.0000   0.0000
    4776   3.6035  -2.7759  17.9477   0.0000   0.0000   0.0000
    4777   2.5402  -3.2451  18.0805   0.0000   0.0000   0.0000
    4778   2.5661  -3.9668  17.8474   0.0000   0.0000   0.0000
    4779   2.9054  -4.4817  17.6614   0.0000   0.0000   0.0000
    4780   3.2125  -3.2174  17.5480   0.0000   0.0000   0.0000
    4781   2.9276  -5.2137  17.0289   0.0000   0.0000   0.0000
    4782   3.3078  -5.3215  16.7425   0.0000   0.0000   0.0000
    4783   3.0538  -4.2730  16.7613   0.0000   0.0000   0.0000
    4784   2.8066  -4.6098  16.5269   0.0000   0.0000   0.0000
    4785   2.2454  -4.8922  17.0813   0.0000   0.0000   0.0000
    4786   1.9273  -4.4279  16.0499   0.0000   0.0000   0.0000
    4787   1.9341  -4.5290  16.2953   0.0000   0.0000   0.0000
    4788   2.1528  -5.3576  17.0765   0.0000   0.0000   0.0000
    4789   2.0209  -5.3429  16.4578   0.0000   0.0000   0.0000
    4790   2.3038  -5.3153  16.7343   0.0000   0.0000   0.0000
    4791   2.1248  -5.5527  16.5463   0.0000   0.0000   0.0000
    4792   3.0651  -4.6965  16.9201   0.0000   0.0000   0.0000
    4793   3.2470  -5.5653  16.7037   0.0000   0.0000   0.0000
    4794   2.7023  -4.8508  16.9222   0.0000   0.0000   0.0000
    4795   2.7510  -5.1737  16.9782   0.0000   0.0000   0.0000
    4796   2.9531  -5.0943  16.7426   0.0000   0.0000   0.0000
    4797   2.1382  -5.1869  17.1078   0.0000   0.0000   0.0000
    4798   2.5927  -5.3051  16.9822   0.0000   0.0000   0.0000
    4799   2.6548  -4.3697  16.7807   0.0000   0.0000   0.0000
    4800   1.8111  -4.7318  16.5988   0.0000   0.0000   0.0000
    4801   2.1169  -4.0971  17.3496   0.0000   0.0000   0.0000
    4802   2.6781  -3.5788  17.5542   0.0000   0.0000   0.0000
    4803   2.5507  -4.1061  17.6189   0.0000   0.0000   0.0000
    4804   1.9962  -4.7642  17.3235   0.0000   0.0000   0.0000
    4805   1.5555  -5.6614  17.7615   0.0000   0.0000   0.0000
    4806   1.9750  -5.1956  17.6510   0.0000   0.0000   0.0000
    4807   2.6027  -5.2206  17.6975   0.0000   0.0000   0.0000
    4808   2.5904  -5.3770  18.2686   0.0000   0.0000   0.0000
    4809   2.3853  -5.4944  18.2358   0.0000   0.0000   0.0000
    4810   2.2564  -4.9412  17.8231   0.0000   0.0000   0.0000
    4811   2.4042  -4.7382  18.1074   0.0000   0.0000   0.0000
    4812   3.1242  -6.0501  17.8163   0.0000   0.0000   0.0000
    4813   2.9546  -4.8273  17.3346   0.0000   0.0000   0.0000
    4814   2.3878  -4.1487  16.9890   0.0000   0.0000   0.0000
    4815   2.9406  -4.8837  17.1935   0.0000   0.0000   0.0000
    4816   3.5236  -5.2558  17.3018   0.0000   0.0000   0.0000
    4817   3.5763  -4.4153  16.9386   0.0000   0.0000   0.0000
    4818   2.3476  -3.8366  16.7829   0.0000   0.0000   0.0000
    4819   2.4628  -4.1844  16.5351   0.0000   0.0000   0.0000
    4820   2.5708  -4.5741  16.3428   0.0000   0.0000   0.0000
    4821   2.5007  -4.5515  17.1422   0.0000   0.0000   0.0000
    4822   2.7220  -5.0705  17.2545   0.0000   0.0000   0.0000
    4823   3.2572  -5.3365  17.3707   0.0000   0.0000   0.0000
    4824   2.9357  -4.6930  16.7421   0.0000   0.0000   0.0000
    4825   3.8081  -4.8148  17.2894   0.0000   0.0000   0.0000
    4826   4.1223  -4.9089  17.1355   0.0000   0.0000   0.0000
    4827   2.9469  -4.8543  16.2371   0.0000   0.0000   0.0000
    4828   2.5511  -5.2759  15.8842   0.0000   0.0000   0.0000
    4829   3.3702  -5.0996  16.4587   0.0000   0.0000   0.0000
    4830   3.0460  -4.6888  16.6022   0.0000   0.0000   0.0000
    4831   2.4242  -4.5193  15.9922   0.0000   0.0000   0.0000
    4832   2.8286  -4.3076  16.2793   0.0000   0.0000   0.0000
    4833   2.6533  -5.1250  16.9104   0.0000   0.0000   0.0000
    4834   1.5183  -3.6123  17.2050   0.0000   0.0000   0.0000
    4835   2.1417  -4.9973  17.2928   0.0000   0.0000   0.0000
    4836   2.7784  -4.5141  17.2636   0.0000   0.0000   0.0000
    4837   2.4235  -6.0534  18.1373   0.0000   0.0000   0.0000
    4838   1.6643  -5.6641  16.6928   0.0000   0.0000   0.0000
    4839   2.0628  -4.9650  17.7447   0.0000   0.0000   0.0000
    4840   2.1160  -4.6844  17.8579   0.0000   0.0000   0.0000
    4841   1.9259  -4.4310  17.5550   0.0000   0.0000   0.0000
    4842   2.5439  -4.2297  17.7866   0.0000   0.0000   0.0000
    4843   1.6977  -4.4716  17.3782   0.0000   0.0000   0.0000
    4844   2.0776  -4.1523  17.2000   0.0000   0.0000   0.0000
    4845   1.9300  -3.4934  17.0199   0.0000   0.0000   0.0000
    4846   1.9762  -3.1714  17.2303   0.0000   0.0000   0.0000
    4847   2.0823  -3.8475  16.6721   0.0000   0.0000   0.0000
    4848   2.4695  -4.1214  16.9744   0.0000   0.0000   0.0000
    4849   2.2217  -4.5561  17.2837   0.0000   0.0000   0.0000
    4850   2.3591  -4.8016  17.5418   0.0000   0.0000   0.0000
    4851   1.8831  -4.1268  17.1274   0.0000   0.0000   0.0000
    4852   1.0172  -4.3936  17.3391   0.0000   0.0000   0.0000
    4853   1.0541  -4.1057  17.7007   0.0000   0.0000   0.0000
    4854   0.9915  -4.4396  17.0640   0.0000   0.0000   0.0000
    4855   0.9563  -4.7551  16.9289   0.0000   0.0000   0.0000
    4856   0.9215  -5.3736  17.3035   0.0000   0.0000   0.0000
    4857   0.2917  -4.9007  18.0544   0.0000   0.0000   0.0000
    4858   0.2093  -5.8657  16.7480   0.0000   0.0000   0.0000
    4859   0.8131  -5.0019  17.0202   0.0000   0.0000   0.0000
    4860   1.3158  -5.2882  17.2065   0.0000   0.0000   0.0000
    4861   1.2348  -5.5679  17.0752   0.0000   0.0000   0.0000
    4862   1.2772  -5.6786  16.7983   0.0000   0.0000   0.0000
    4863   1.4814  -5.0701  17.2076   0.0000   0.0000   0.0000
    4864   1.4898  -5.5452  17.6264   0.0000   0.0000   0.0000
    4865   1.5986  -4.8225  16.7378   0.0000   0.0000   0.0000
    4866   2.3341  -5.1010  16.9080   0.0000   0.0000   0.0000
    4867   2.0441  -4.8407  17.1736   0.0000   0.0000   0.0000
    4868   2.1066  -4.2855  17.2573   0.0000   0.0000   0.0000
    4869   2.2579  -4.3163  17.0786   0.0000   0.0000   0.0000
    4870   2.2939  -4.1702  18.4022   0.0000   0.0000   0.0000
    4871   2.8781  -4.0702  17.5880   0.0000   0.0000   0.0000
    4872   1.7470  -4.4862  17.1079   0.0000   0.0000   0.0000
    4873   1.5837  -4.3494  16.5175   0.0000   0.0000   0.0000
    4874   2.1608  -4.7256  16.5442   0.0000   0.0000   0.0000
    4875   2.8032  -5.0133  16.6302   0.0000   0.0000   0.0000
    4876   2.8094  -4.5402  16.6992   0.0000   0.0000   0.0000
    4877   3.2875  -4.8244  16.1728   0.0000   0.0000   0.0000
    4878   3.3228  -4.3727  16.7176   0.0000   0.0000   0.0000
    4879   3.6971  -4.6767  16.9914   0.0000   0.0000   0.0000
    4880   3.8844  -4.9978  16.2570   0.0000   0.0000   0.0000
    4881   3.3333  -4.5634  16.4553   0.0000   0.0000   0.0000
    4882   3.3579  -5.5753  16.1773   0.0000   0.0000   0.0000
    4883   2.8856  -5.0558  15.9833   0.0000   0.0000   0.0000
    4884   2.5673  -5.0197  15.9640   0.0000   0.0000   0.0000
    4885   2.9302  -5.2707  15.5478   0.0000   0.0000   0.0000
    4886   2.6795  -5.1004  15.4581   0.0000   0.0000   0.0000
    4887   2.1868  -4.9468  15.4632   0.0000   0.0000   0.0000
    4888   1.9733  -5.5861  15.5989   0.0000   0.0000   0.0000
    4889   1.8082  -5.0325  14.6093   0.0000   0.0000   0.0000
    4890   3.5310  -5.2077  15.8084   0.0000   0.0000   0.0000
    4891   3.6666  -4.6313  14.5715   0.0000   0.0000   0.0000
    4892   4.2093  -4.9139  14.5185   0.0000   0.0000   0.0000
    4893   3.5938  -6.1258  15.1996   0.0000   0.0000   0.0000
    4894   3.2206  -5.9075  14.8065   0.0000   0.0000   0.0000
    4895   3.6205  -5.5689  15.3412   0.0000   0.0000   0.0000
    4896   4.1319  -5.7740  15.8733   0.0000   0.0000   0.0000
    4897   4.0862  -5.9662  16.0279   0.0000   0.0000   0.0000
    4898   3.3844  -5.2240  14.9019   0.0000   0.0000   0.0000
    4899   4.0012  -5.4585  15.4485   0.0000   0.0000   0.0000
    4900   3.3153  -4.9309  15.3247   0.0000   0.0000   0.0000
    4901   2.9709  -5.5728  15.2495   0.0000   0.0000   0.0000
    4902   3.6718  -4.7566  15.7345   0.0000   0.0000   0.0000
    4903   2.4008  -4.1892  15.9128   0.0000   0.0000   0.0000
    4904   2.8219  -4.7764  15.8055   0.0000   0.0000   0.0000
    4905   1.7391  -4.5227  15.5471   0.0000   0.0000   0.0000
    4906   3.3253  -5.1757  15.4364   0.0000   0.0000   0.0000
    4907   2.9052  -5.5022  15.5721   0.0000   0.0000   0.0000
    4908   2.6002  -5.4156  16.2214   0.0000   0.0000   0.0000
    4909   3.4962  -4.8102  14.9852   0.0000   0.0000   0.0000
    4910   3.1251  -5.7578  15.7092   0.0000   0.0000   0.0000
    4911   3.0199  -5.6501  14.8637   0.0000   0.0000   0.0000
    4912   3.2332  -6.3536  15.1872   0.0000   0.0000   0.0000
    4913   3.1211  -6.7802  15.1690   0.0000   0.0000   0.0000
    4914   2.6374  -6.9050  14.4748   0.0000   0.0000   0.0000
    4915   2.4816  -5.2781  15.1809   0.0000   0.0000   0.0000
    4916   1.5893  -6.0440  14.2820   0.0000   0.0000   0.0000
    4917   2.8345  -5.9464  14.6136   0.0000   0.0000   0.0000
    4918   2.4429  -5.0969  14.0346   0.0000   0.0000   0.0000
    4919   3.5797  -6.4358  14.7694   0.0000   0.0000   0.0000
    4920   3.0926  -5.7304  14.8848   0.0000   0.0000   0.0000
    4921   3.5106  -5.6222  15.0801   0.0000   0.0000   0.0000
    4922   3.5223  -6.0972  15.3187   0.0000   0.0000   0.0000
    4923   3.2518  -5.1073  15.3067   0.0000   0.0000   0.0000
    4924   3.4017  -6.1111  14.9906   0.0000   0.0000   0.0000
    4925   3.6263  -6.4620  15.1864   0.0000   0.0000   0.0000
    4926   3.8260  -5.8783  15.6720   0.0000   0.0000   0.0000
    4927   4.0470  -6.7207  15.4137   0.0000   0.0000   0.0000
    4928   3.5906  -6.3377  15.1402   0.0000   0.0000   0.0000
    4929   3.9808  -5.9976  14.7254   0.0000   0.0000   0.0000
    4930   4.3233  -5.1533  15.4188   0.0000   0.0000   0.0000
    4931   4.4159  -5.6625  14.4456   0.0000   0.0000   0.0000
    4932   4.6494  -5.5796  15.4177   0.0000   0.0000   0.0000
    4933   5.4726  -6.1672  14.0803   0.0000   0.0000   0.0000
    4934   4.2255  -5.0095  15.6629   0.0000   0.0000   0.0000
    4935   4.2443  -5.3368  15.7061   0.0000   0.0000   0.0000
    4936   4.1421  -5.6513  15.3436   0.0000   0.0000   0.0000
    4937   3.6079  -5.4046  14.5294   0.0000   0.0000   0.0000
    4938   3.7119  -5.3879  15.2077   0.0000   0.0000   0.0000
    4939   4.9003  -4.9350  14.1989   0.0000   0.0000   0.0000
    4940   4.8591  -5.8092  14.4973   0.0000   0.0000   0.0000
    4941   4.2329  -5.4057  14.9507   0.0000   0.0000   0.0000
    4942   3.0672  -4.9772  14.5778   0.0000   0.0000   0.0000
    4943   4.1743  -4.1505  15.5414   0.0000   0.0000   0.0000
    4944   4.7019  -4.4314  15.4325   0.0000   0.0000   0.0000
    4945   4.8548  -4.2493  15.5815   0.0000   0.0000   0.0000
    4946   4.7812  -4.0983  15.2750   0.0000   0.0000   0.0000
    4947   4.4877  -4.3823  15.0648   0.0000   0.0000   0.0000
    4948   4.5992  -3.8586  15.0427   0.0000   0.0000   0.0000
    4949   5.2535  -4.6325  15.9107   0.0000   0.0000   0.0000
    4950   4.7915  -4.0309  15.1600   0.0000   0.0000   0.0000
    4951   4.3478  -4.5479  15.0551   0.0000   0.0000   0.0000
    4952   4.2042  -4.1419  14.7430   0.0000   0.0000   0.0000
    4953   4.4716  -3.9717  14.6622   0.0000   0.0000   0.0000
    4954   4.5706  -3.4719  13.9977   0.0000   0.0000   0.0000
    4955   4.2429  -4.3955  15.0122   0.0000   0.0000   0.0000
    4956   4.3724  -4.3054  14.7052   0.0000   0.0000   0.0000
    4957   4.3759  -3.8122  14.6605   0.0000   0.0000   0.0000
    4958   4.0710  -3.0575  14.3260   0.0000   0.0000   0.0000
    4959   4.2077  -3.7332  14.2989   0.0000   0.0000   0.0000
    4960   4.0651  -3.8715  14.5610   0.0000   0.0000   0.0000
    4961   3.6828  -4.7861  14.6072   0.0000   0.0000   0.0000
    4962   4.6514  -4.5442  14.6907   0.0000   0.0000   0.0000
    4963   4.1774  -4.5683  14.9388   0.0000   0.0000   0.0000
    4964   4.5202  -4.7936  14.8243   0.0000   0.0000   0.0000
    4965   3.8108  -4.0053  14.7448   0.0000   0.0000   0.0000
    4966   4.9329  -3.5776  14.7864   0.0000   0.0000   0.0000
    4967   3.7532  -3.6905  15.6072   0.0000   0.0000   0.0000
    4968   4.7666  -3.4495  15.5385   0.0000   0.0000   0.0000
    4969   4.5034  -3.1806  15.3122   0.0000   0.0000   0.0000
    4970   4.1443  -2.8126  15.0071   0.0000   0.0000   0.0000
    4971   3.7305  -2.9187  14.9740   0.0000   0.0000   0.0000
    4972   3.9075  -2.4080  14.5608   0.0000   0.0000   0.0000
    4973   3.6659  -2.5614  15.3431   0.0000   0.0000   0.0000
    4974   3.7364  -3.0743  15.4694   0.0000   0.0000   0.0000
    4975   3.0340  -3.1842  14.8277   0.0000   0.0000   0.0000
    4976   4.6471  -1.6708  15.5865   0.0000   0.0000   0.0000
    4977   3.9404  -1.7822  15.4839   0.0000   0.0000   0.0000
    4978   5.2231  -2.9513  14.9536   0.0000   0.0000   0.0000
    4979   4.9416  -3.4542  14.9883   0.0000   0.0000   0.0000
    4980   4.8661  -2.5951  15.0646   0.0000   0.0000   0.0000
    4981   4.6719  -2.0777  14.7740   0.0000   0.0000   0.0000
    4982   4.4494  -2.7648  15.4368   0.0000   0.0000   0.0000
    4983   4.3536  -3.2418  15.9556   0.0000   0.0000   0.0000
    4984   4.4013  -2.4471  14.9163   0.0000   0.0000   0.0000
    4985   3.6881  -3.2663  14.9122   0.0000   0.0000   0.0000
    4986   4.3787  -3.5485  14.4890   0.0000   0.0000   0.0000
    4987   3.6962  -2.7984  15.4564   0.0000   0.0000   0.0000
    4988   3.6314  -3.2441  14.9705   0.0000   0.0000   0.0000
    4989   4.6510  -2.7923  14.7958   0.0000   0.0000   0.0000
    4990   5.1328  -2.5893  15.2782   0.0000   0.0000   0.0000
    4991   4.6470  -2.7095  15.2847   0.0000   0.0000   0.0000
    4992   5.0167  -3.1297  15.2758   0.0000   0.0000   0.0000
    4993   4.5202  -3.2905  14.1560   0.0000   0.0000   0.0000
    4994   3.7377  -2.8894  14.4946   0.0000   0.0000   0.0000
    4995   4.1899  -1.4240  14.3292   0.0000   0.0000   0.0000
    4996   4.0884  -2.1715  14.7359   0.0000   0.0000   0.0000
    4997   4.8749  -2.1011  14.4844   0.0000   0.0000   0.0000
    4998   4.1291  -2.6447  15.1780   0.0000   0.0000   0.0000
    4999   3.3788  -2.7390  14.7473   0.0000   0.0000   0.0000
    5000   4.3405  -2.4115  14.3464   0.0000   0.0000   0.0000
    5001   4.6270  -1.7931  14.5850   0.0000   0.0000   0.0000
    5002   4.5349  -1.8995  15.1235   0.0000   0.0000   0.0000
    5003   4.5468  -1.8797  14.9543   0.0000   0.0000   0.0000
    5004   4.5027  -2.1573  14.8329   0.0000   0.0000   0.0000
    5005   4.9258  -1.9886  14.4531   0.0000   0.0000   0.0000
    5006   4.0872  -2.1671  14.2325   0.0000   0.0000   0.0000
    5007   4.4972  -2.4252  14.5914   0.0000   0.0000   0.0000
    5008   3.8760  -1.8702  14.7962   0.0000   0.0000   0.0000
    5009   4.1342  -2.7003  14.7602   0.0000   0.0000   0.0000
    5010   3.5354  -2.9289  15.3559   0.0000   0.0000   0.0000
    5011   3.6106  -1.3682  15.0963   0.0000   0.0000   0.0000
    5012   4.2020  -2.6053  14.3619   0.0000   0.0000   0.0000
    5013   4.3017  -1.8285  14.8159   0.0000   0.0000   0.0000
    5014   5.1105  -2.1380  14.9244   0.0000   0.0000   0.0000
    5015   5.0050  -2.5457  14.3714   0.0000   0.0000   0.0000
    5016   4.1569  -1.9103  14.4582   0.0000   0.0000   0.0000
    5017   5.1949  -1.5265  13.7834   0.0000   0.0000   0.0000
    5018   3.6499  -1.4265  14.1330   0.0000   0.0000   0.0000
    5019   4.8300  -1.8541  13.4256   0.0000   0.0000   0.0000
    5020   4.6558  -1.9311  14.0226   0.0000   0.0000   0.0000
    5021   4.3389  -2.5169  13.9347   0.0000   0.0000   0.0000
    5022   4.2025  -1.7859  14.0348   0.0000   0.0000   0.0000
    5023   3.7672  -0.8612  14.1648   0.0000   0.0000   0.0000
    5024   4.8006  -2.2371  13.7548   0.0000   0.0000   0.0000
    5025   5.2120  -1.4865  13.9996   0.0000   0.0000   0.0000
    5026   4.4856  -2.0359  14.0807   0.0000   0.0000   0.0000
    5027   4.7645  -2.4694  14.2430   0.0000   0.0000   0.0000
    5028   4.9113  -2.9206  13.5454   0.0000   0.0000   0.0000
    5029   5.1726  -2.8417  14.1623   0.0000   0.0000   0.0000
    5030   5.3850  -2.7593  14.1614   0.0000   0.0000   0.0000
    5031   4.3631  -3.2516  13.9879   0.0000   0.0000   0.0000
    5032   4.7791  -4.0503  14.0062   0.0000   0.0000   0.0000
    5033   4.4573  -4.0301  13.5292   0.0000   0.0000   0.0000
    5034   4.8729  -3.4763  13.2217   0.0000   0.0000   0.0000
    5035   4.8546  -3.9048  13.3674   0.0000   0.0000   0.0000
    5036   5.0536  -4.0299  13.7147   0.0000   0.0000   0.0000
    5037   5.8408  -3.7462  13.6679   0.0000   0.0000   0.0000
    5038   6.0222  -2.9606  13.3865   0.0000   0.0000   0.0000
    5039   5.5224  -4.0304  13.2691   0.0000   0.0000   0.0000
    5040   5.2410  -3.8806  13.1545   0.0000   0.0000   0.0000
    5041   5.8290  -3.9861  13.5813   0.0000   0.0000   0.0000
    5042   5.7647  -4.1631  13.3143   0.0000   0.0000   0.0000
    5043   5.7041  -3.0306  12.8374   0.0000   0.0000   0.0000
    5044   6.2897  -2.8869  12.4663   0.0000   0.0000   0.0000
    5045   6.1894  -3.7515  12.7827   0.0000   0.0000   0.0000
    5046   5.8053  -3.5582  12.4960   0.0000   0.0000   0.0000
    5047   5.2917  -4.6577  12.8868   0.0000   0.0000   0.0000
    5048   6.0440  -4.8566  12.8443   0.0000   0.0000   0.0000
    5049   5.8603  -4.4657  12.8691   0.0000   0.0000   0.0000
    5050   5.9061  -4.3668  13.1623   0.0000   0.0000   0.0000
    5051   6.3740  -4.3687  12.9131   0.0000   0.0000   0.0000
    5052   6.0872  -4.7210  13.7674   0.0000   0.0000   0.0000
    5053   6.1623  -3.4445  14.1670   0.0000   0.0000   0.0000
    5054   5.4533  -2.7989  14.3977   0.0000   0.0000   0.0000
    5055   6.0885  -3.6471  14.5196   0.0000   0.0000   0.0000
    5056   5.6142  -2.5436  13.6278   0.0000   0.0000   0.0000
    5057   5.9386  -3.4007  14.5194   0.0000   0.0000   0.0000
    5058   5.0721  -3.2678  15.0789   0.0000   0.0000   0.0000
    5059   5.4172  -3.4450  14.7167   0.0000   0.0000   0.0000
    5060   5.8695  -3.9569  13.9928   0.0000   0.0000   0.0000
    5061   6.2516  -3.7281  15.0166   0.0000   0.0000   0.0000
    5062   6.1283  -3.3907  15.5265   0.0000   0.0000   0.0000
    5063   6.1644  -3.6578  15.2516   0.0000   0.0000   0.0000
    5064   5.8571  -4.2971  15.4261   0.0000   0.0000   0.0000
    5065   5.9809  -4.2805  15.4988   0.0000   0.0000   0.0000
    5066   5.5494  -3.6648  14.6929   0.0000   0.0000   0.0000
    5067   6.5321  -3.0919  14.6287   0.0000   0.0000   0.0000
    5068   6.4889  -2.7108  15.0045   0.0000   0.0000   0.0000
    5069   6.6790  -3.6206  14.9313   0.0000   0.0000   0.0000
    5070   6.4073  -3.7264  14.5097   0.0000   0.0000   0.0000
    5071   6.7541  -3.4571  15.4018   0.0000   0.0000   0.0000
    5072   7.1439  -4.4197  15.0913   0.0000   0.0000   0.0000
    5073   7.0962  -3.8094  15.6991   0.0000   0.0000   0.0000
    5074   7.4981  -3.1089  14.8942   0.0000   0.0000   0.0000
    5075   6.6296  -3.4266  14.4447   0.0000   0.0000   0.0000
    5076   7.3480  -3.1773  15.7216   0.0000   0.0000   0.0000
    5077   6.0429  -3.0306  15.1810   0.0000   0.0000   0.0000
    5078   7.0131  -2.7700  15.4498   0.0000   0.0000   0.0000
    5079   6.2128  -3.2224  14.4782   0.0000   0.0000   0.0000
    5080   6.5717  -3.1511  14.1878   0.0000   0.0000   0.0000
    5081   6.7953  -3.1999  14.0417   0.0000   0.0000   0.0000
    5082   7.0847  -2.9122  14.1986   0.0000   0.0000   0.0000
    5083   6.1000  -3.2628  14.3505   0.0000   0.0000   0.0000
    5084   5.7771  -3.1134  14.2126   0.0000   0.0000   0.0000
    5085   6.5865  -3.2578  13.9708   0.0000   0.0000   0.0000
    5086   5.9821  -2.2784  13.3696   0.0000   0.0000   0.0000
    5087   6.8134  -2.1043  13.0825   0.0000   0.0000   0.0000
    5088   6.1258  -2.5484  13.2359   0.0000   0.0000   0.0000
    5089   7.1690  -2.6563  13.6672   0.0000   0.0000   0.0000
    5090   6.9520  -2.8022  13.6084   0.0000   0.0000   0.0000
    5091   7.2130  -2.7776  13.6106   0.0000   0.0000   0.0000
    5092   5.3991  -2.1556  12.9858   0.0000   0.0000   0.0000
    5093   5.7311  -3.3373  14.5388   0.0000   0.0000   0.0000
    5094   5.7069  -3.3382  14.1282   0.0000   0.0000   0.0000
    5095   5.3803  -3.1861  14.2355   0.0000   0.0000   0.0000
    5096   6.6931  -2.6662  14.7994   0.0000   0.0000   0.0000
    5097   7.1078  -2.5223  13.8662   0.0000   0.0000   0.0000
    5098   6.4558  -2.0657  14.2011   0.0000   0.0000   0.0000
    5099   6.5671  -1.4568  13.9061   0.0000   0.0000   0.0000
    5100   7.3135  -2.6368  13.9980   0.0000   0.0000   0.0000
    5101   6.8523  -2.2703  13.9169   0.0000   0.0000   0.0000
    5102   6.8144  -2.4747  14.1517   0.0000   0.0000   0.0000
    5103   6.5375  -2.3022  13.9281   0.0000   0.0000   0.0000
    5104   6.2123  -2.1706  14.8119   0.0000   0.0000   0.0000
    5105   6.5984  -2.6907  14.6344   0.0000   0.0000   0.0000
    5106   6.3086  -1.9869  14.0512   0.0000   0.0000   0.0000
    5107   7.2663  -1.7485  14.7685   0.0000   0.0000   0.0000
    5108   6.4520  -2.5125  14.4895   0.0000   0.0000   0.0000
    5109   6.9783  -2.9443  14.7702   0.0000   0.0000   0.0000
    5110   6.2746  -2.7245  14.6880   0.0000   0.0000   0.0000
    5111   6.8486  -2.1198  14.5405   0.0000   0.0000   0.0000
    5112   6.1036  -1.9060  15.0467   0.0000   0.0000   0.0000
    5113   5.8321  -3.0773  15.0763   0.0000   0.0000   0.0000
    5114   7.4768  -3.1550  14.0374   0.0000   0.0000   0.0000
    5115   6.4127  -3.3789  13.7029   0.0000   0.0000   0.0000
    5116   7.1244  -3.1245  13.8924   0.0000   0.0000   0.0000
    5117   7.1053  -3.8203  14.2860   0.0000   0.0000   0.0000
    5118   6.7519  -4.7656  14.3001   0.0000   0.0000   0.0000
    5119   6.2020  -4.4196  13.9502   0.0000   0.0000   0.0000
    5120   6.3407  -4.1012  14.1618   0.0000   0.0000   0.0000
    5121   5.5007  -4.2503  14.3722   0.0000   0.0000   0.0000
    5122   5.3701  -4.2614  14.6099   0.0000   0.0000   0.0000
    5123   6.3172  -4.3503  15.3881   0.0000   0.0000   0.0000
    5124   5.8923  -4.8913  14.6239   0.0000   0.0000   0.0000
    5125   5.6963  -4.6543  14.1258   0.0000   0.0000   0.0000
    5126   5.3965  -4.3848  14.6454   0.0000   0.0000   0.0000
    5127   5.4601  -3.4671  14.3840   0.0000   0.0000   0.0000
    5128   5.5202  -4.2233  15.5908   0.0000   0.0000   0.0000
    5129   5.8182  -4.7771  15.0092   0.0000   0.0000   0.0000
    5130   6.0653  -4.2227  14.7885   0.0000   0.0000   0.0000
    5131   4.9470  -3.9959  14.4667   0.0000   0.0000   0.0000
    5132   5.3709  -4.8934  15.0038   0.0000   0.0000   0.0000
    5133   5.4889  -4.5417  14.8532   0.0000   0.0000   0.0000
    5134   5.8664  -5.0140  14.5925   0.0000   0.0000   0.0000
    5135   5.7504  -5.1566  14.6095   0.0000   0.0000   0.0000
    5136   6.1427  -4.6999  14.8788   0.0000   0.0000   0.0000
    5137   6.0752  -5.1181  14.9235   0.0000   0.0000   0.0000
    5138   5.8168  -5.0862  14.6521   0.0000   0.0000   0.0000
    5139   5.7059  -3.9752  14.5899   0.0000   0.0000   0.0000
    5140   5.1410  -4.1226  15.2720   0.0000   0.0000   0.0000
    5141   5.5381  -3.4935  15.3636   0.0000   0.0000   0.0000
    5142   5.2520  -3.5523  14.6565   0.0000   0.0000   0.0000
    5143   5.7028  -4.1735  14.6926   0.0000   0.0000   0.0000
    5144   4.8449  -4.0853  13.8013   0.0000   0.0000   0.0000
    5145   5.2488  -3.7501  15.1127   0.0000   0.0000   0.0000
    5146   5.1669  -4.6954  13.7395   0.0000   0.0000   0.0000
    5147   5.8177  -4.5264  14.3321   0.0000   0.0000   0.0000
    5148   5.8470  -5.0628  13.5653   0.0000   0.0000   0.0000
    5149   6.4063  -5.0080  13.5556   0.0000   0.0000   0.0000
    5150   5.7671  -4.0251  13.2842   0.0000   0.0000   0.0000
    5151   6.0460  -3.8653  13.7615   0.0000   0.0000   0.0000
    5152   6.1100  -4.5482  13.9080   0.0000   0.0000   0.0000
    5153   6.0746  -3.7454  14.0743   0.0000   0.0000   0.0000
    5154   5.9068  -3.8296  13.6139   0.0000   0.0000   0.0000
    5155   5.8041  -4.3473  12.9997   0.0000   0.0000   0.0000
    5156   5.9561  -3.7812  13.0560   0.0000   0.0000   0.0000
    5157   6.6393  -3.2997  11.9492   0.0000   0.0000   0.0000
    5158   5.9246  -4.2627  12.6145   0.0000   0.0000   0.0000
    5159   6.4106  -4.7890  12.0617   0.0000   0.0000   0.0000
    5160   5.7806  -4.5619  12.9003   0.0000   0.0000   0.0000
    5161   5.4263  -4.4240  12.8798   0.0000   0.0000   0.0000
    5162   5.7523  -5.6345  13.3372   0.0000   0.0000   0.0000
    5163   5.1495  -5.4080  13.8546   0.0000   0.0000   0.0000
    5164   5.7720  -4.3427  13.6664   0.0000   0.0000   0.0000
    5165   5.2393  -5.0215  13.1853   0.0000   0.0000   0.0000
    5166   5.2308  -4.8102  14.0858   0.0000   0.0000   0.0000
    5167   4.1718  -4.7138  13.9561   0.0000   0.0000   0.0000
    5168   5.2535  -4.8157  13.7794   0.0000   0.0000   0.0000
    5169   5.7281  -4.2729  14.6602   0.0000   0.0000   0.0000
    5170   5.8914  -4.1587  14.6010   0.0000   0.0000   0.0000
    5171   6.0221  -4.2052  14.6764   0.0000   0.0000   0.0000
    5172   5.4235  -4.9569  14.7879   0.0000   0.0000   0.0000
    5173   6.0485  -4.4376  15.5460   0.0000   0.0000   0.0000
    5174   5.4032  -4.4561  15.0921   0.0000   0.0000   0.0000
    5175   5.6517  -4.7469  14.5815   0.0000   0.0000   0.0000
    5176   6.0608  -3.2610  14.5209   0.0000   0.0000   0.0000
    5177   6.1335  -3.8670  14.6286   0.0000   0.0000   0.0000
    5178   6.6317  -4.3391  14.9880   0.0000   0.0000   0.0000
    5179   5.7493  -3.9934  14.8160   0.0000   0.0000   0.0000
    5180   6.7851  -3.3870  14.2741   0.0000   0.0000   0.0000
    5181   5.7019  -3.4790  14.9511   0.0000   0.0000   0.0000
    5182   5.2844  -3.5797  14.5724   0.0000   0.0000   0.0000
    5183   5.8629  -3.1946  14.4035   0.0000   0.0000   0.0000
    5184   5.1254  -3.9568  13.7616   0.0000   0.0000   0.0000
    5185   5.2251  -3.6581  14.1299   0.0000   0.0000   0.0000
    5186   5.1208  -3.4658  14.3248   0.0000   0.0000   0.0000
    5187   4.9393  -3.7246  14.2337   0.0000   0.0000   0.0000
    5188   4.7088  -5.0608  14.6001   0.0000   0.0000   0.0000
    5189   4.7222  -4.0098  15.3246   0.0000   0.0000   0.0000
    5190   5.1677  -4.1028  15.4429   0.0000   0.0000   0.0000
    5191   4.4699  -4.8001  14.1821   0.0000   0.0000   0.0000
    5192   4.4792  -3.9674  14.1520   0.0000   0.0000   0.0000
    5193   4.1308  -3.5831  14.0124   0.0000   0.0000   0.0000
    5194   4.9927  -4.0076  14.3669   0.0000   0.0000   0.0000
    5195   5.3854  -3.8349  13.1932   0.0000   0.0000   0.0000
    5196   4.7499  -4.1645  14.4607   0.0000   0.0000   0.0000
    5197   4.8923  -4.8232  14.4369   0.0000   0.0000   0.0000
    5198   4.8364  -4.2173  14.0353   0.0000   0.0000   0.0000
    5199   4.6326  -4.6226  14.3657   0.0000   0.0000   0.0000
    5200   5.2078  -4.1461  13.9499   0.0000   0.0000   0.0000
    5201   5.2226  -4.1093  12.7901   0.0000   0.0000   0.0000
    5202   5.0022  -4.0318  12.8788   0.0000   0.0000   0.0000
    5203   4.8000  -4.9102  13.1087   0.0000   0.0000   0.0000
    5204   4.5344  -4.4750  14.7627   0.0000   0.0000   0.0000
    5205   4.8372  -4.3518  14.4435   0.0000   0.0000   0.0000
    5206   4.0027  -4.7193  13.9686   0.0000   0.0000   0.0000
    5207   4.5514  -4.6235  14.1615   0.0000   0.0000   0.0000
    5208   3.7102  -4.6471  13.8002   0.0000   0.0000   0.0000
    5209   3.1451  -5.3791  13.9509   0.0000   0.0000   0.0000
    5210   3.1025  -5.2354  12.8101   0.0000   0.0000   0.0000
    5211   3.3629  -5.6147  14.2494   0.0000   0.0000   0.0000
    5212   4.3206  -5.8077  13.8279   0.0000   0.0000   0.0000
    5213   4.3044  -4.6216  14.3377   0.0000   0.0000   0.0000
    5214   5.0068  -5.1672  14.8380   0.0000   0.0000   0.0000
    5215   3.4357  -4.9919  13.9221   0.0000   0.0000   0.0000
    5216   4.1815  -4.4467  14.1857   0.0000   0.0000   0.0000
    5217   4.3866  -4.3836  14.5430   0.0000   0.0000   0.0000
    5218   4.2630  -4.1618  14.6427   0.0000   0.0000   0.0000
    5219   4.4859  -4.0294  14.6003   0.0000   0.0000   0.0000
    5220   4.9468  -4.0281  14.4610   0.0000   0.0000   0.0000
    5221   4.1950  -3.6370  14.7249   0.0000   0.0000   0.0000
    5222   3.7741  -4.5067  14.3741   0.0000   0.0000   0.0000
    5223   3.4724  -5.4271  13.8695   0.0000   0.0000   0.0000
    5224   3.7298  -4.8868  13.9124   0.0000   0.0000   0.0000
    5225   3.5268  -4.9863  14.0384   0.0000   0.0000   0.0000
    5226   4.2158  -4.5026  13.3751   0.0000   0.0000   0.0000
    5227   3.8507  -5.5170  13.0163   0.0000   0.0000   0.0000
    5228   3.7789  -5.0966  13.3287   0.0000   0.0000   0.0000
    5229   3.9948  -5.3939  14.5279   0.0000   0.0000   0.0000
    5230   2.9643  -4.4677  13.8247   0.0000   0.0000   0.0000
    5231   3.6249  -3.5622  13.4871   0.0000   0.0000   0.0000
    5232   2.6055  -3.8563  13.1379   0.0000   0.0000   0.0000
    5233   2.8198  -4.4866  13.5902   0.0000   0.0000   0.0000
    5234   2.8205  -5.0447  13.6470   0.0000   0.0000   0.0000
    5235   2.5925  -4.7362  14.0708   0.0000   0.0000   0.0000
    5236   2.3632  -4.5916  13.5761   0.0000   0.0000   0.0000
    5237   2.7859  -6.0487  14.0547   0.0000   0.0000   0.0000
    5238   3.0837  -4.9767  13.8831   0.0000   0.0000   0.0000
    5239   3.2614  -4.9987  13.7486   0.0000   0.0000   0.0000
    5240   3.8755  -5.4038  14.0823   0.0000   0.0000   0.0000
    5241   3.9845  -5.8421  14.2226   0.0000   0.0000   0.0000
    5242   3.1818  -5.6575  13.8260   0.0000   0.0000   0.0000
    5243   2.9559  -5.6987  14.1660   0.0000   0.0000   0.0000
    5244   3.2502  -6.1105  13.5842   0.0000   0.0000   0.0000
    5245   3.6704  -6.3749  13.6529   0.0000   0.0000   0.0000
    5246   2.8293  -5.5525  13.5441   0.0000   0.0000   0.0000
    5247   3.2841  -4.7833  13.4437   0.0000   0.0000   0.0000
    5248   4.2288  -5.2133  14.9779   0.0000   0.0000   0.0000
    5249   4.3197  -5.8994  13.7955   0.0000   0.0000   0.0000
    5250   5.1055  -5.6687  13.5116   0.0000   0.0000   0.0000
    5251   4.5026  -4.4078  13.1166   0.0000   0.0000   0.0000
    5252   4.9266  -4.4667  13.0969   0.0000   0.0000   0.0000
    5253   4.0180  -4.6262  13.5452   0.0000   0.0000   0.0000
    5254   4.6417  -5.7401  13.7183   0.0000   0.0000   0.0000
    5255   4.0549  -5.5974  13.3340   0.0000   0.0000   0.0000
    5256   4.6230  -4.7236  13.7072   0.0000   0.0000   0.0000
    5257   3.9900  -5.0795  13.6510   0.0000   0.0000   0.0000
    5258   3.9725  -4.5122  13.8524   0.0000   0.0000   0.0000
    5259   4.0965  -5.2270  14.4306   0.0000   0.0000   0.0000
    5260   4.5529  -4.4924  14.1257   0.0000   0.0000   0.0000
    5261   3.7577  -5.1105  14.8098   0.0000   0.0000   0.0000
    5262   4.0471  -4.5299  14.1416   0.0000   0.0000   0.0000
    5263   5.3532  -5.0162  14.7379   0.0000   0.0000   0.0000
    5264   4.9213  -5.0857  14.1467   0.0000   0.0000   0.0000
    5265   4.8116  -4.3357  14.4268   0.0000   0.0000   0.0000
    5266   4.4957  -5.6973  14.6860   0.0000   0.0000   0.0000
    5267   4.4102  -5.8760  14.6298   0.0000   0.0000   0.0000
    5268   4.6336  -4.2830  14.2879   0.0000   0.0000   0.0000
    5269   5.2342  -4.7837  14.5684   0.0000   0.0000   0.0000
    5270   4.5495  -5.2825  14.5605   0.0000   0.0000   0.0000
    5271   4.9611  -4.8092  14.8740   0.0000   0.0000   0.0000
    5272   4.7016  -5.1581  14.4041   0.0000   0.0000   0.0000
    5273   4.4716  -4.6087  14.6064   0.0000   0.0000   0.0000
    5274   4.4519  -4.7361  14.6436   0.0000   0.0000   0.0000
    5275   4.7165  -5.2089  14.9844   0.0000   0.0000   0.0000
    5276   4.6531  -4.8224  14.5992   0.0000   0.0000   0.0000
    5277   4.6499  -5.3818  14.9047   0.0000   0.0000   0.0000
    5278   4.9632  -4.1511  14.2240   0.0000   0.0000   0.0000
    5279   4.3143  -4.7784  14.8176   0.0000   0.0000   0.0000
    5280   4.1100  -4.4271  14.3637   0.0000   0.0000   0.0000
    5281   3.5627  -4.4474  13.9550   0.0000   0.0000   0.0000
    5282   4.0677  -4.7843  14.5555   0.0000   0.0000   0.0000
    5283   3.6259  -4.7451  15.1250   0.0000   0.0000   0.0000
    5284   3.9915  -5.5946  13.9180   0.0000   0.0000   0.0000
    5285   4.2627  -5.0823  14.4519   0.0000   0.0000   0.0000
    5286   4.1316  -4.9829  14.1691   0.0000   0.0000   0.0000
    5287   3.7463  -4.8342  14.0042   0.0000   0.0000   0.0000
    5288   4.2013  -4.6485  13.8728   0.0000   0.0000   0.0000
    5289   4.5459  -5.1585  14.2377   0.0000   0.0000   0.0000
    5290   4.7637  -5.9123  13.0808   0.0000   0.0000   0.0000
    5291   4.9826  -5.8675  13.6597   0.0000   0.0000   0.0000
    5292   4.7712  -4.8168  13.1506   0.0000   0.0000   0.0000
    5293   5.0189  -5.4704  13.2871   0.0000   0.0000   0.0000
    5294   4.3772  -5.1527  13.8074   0.0000   0.0000   0.0000
    5295   5.4840  -5.9216  13.8420   0.0000   0.0000   0.0000
    5296   4.1936  -5.6790  13.4213   0.0000   0.0000   0.0000
    5297   5.0128  -4.6421  13.8334   0.0000   0.0000   0.0000
    5298   4.8287  -5.1385  13.5341   0.0000   0.0000   0.0000
    5299   3.8317  -5.4874  14.4248   0.0000   0.0000   0.0000
    5300   4.0067  -5.0855  14.0752   0.0000   0.0000   0.0000
    5301   4.4489  -5.6154  14.5493   0.0000   0.0000   0.0000
    5302   3.6240  -4.6274  14.8822   0.0000   0.0000   0.0000
    5303   3.4164  -4.3593  15.4294   0.0000   0.0000   0.0000
    5304   3.6007  -4.1077  15.7002   0.0000   0.0000   0.0000
    5305   3.4948  -3.9695  15.8216   0.0000   0.0000   0.0000
    5306   3.0439  -3.5175  16.1794   0.0000   0.0000   0.0000
    5307   4.2421  -4.8422  16.4357   0.0000   0.0000   0.0000
    5308   4.5840  -4.2769  16.6181   0.0000   0.0000   0.0000
    5309   4.2596  -4.8287  16.9912   0.0000   0.0000   0.0000
    5310   4.7075  -5.4774  16.8546   0.0000   0.0000   0.0000
    5311   4.5836  -5.0420  16.4391   0.0000   0.0000   0.0000
    5312   5.1193  -4.9388  16.9399   0.0000   0.0000   0.0000
    5313   4.8012  -4.7440  16.2304   0.0000   0.0000   0.0000
    5314   4.8256  -4.6868  16.6287   0.0000   0.0000   0.0000
    5315   4.0207  -4.9539  15.7550   0.0000   0.0000   0.0000
    5316   3.7657  -5.3619  15.8972   0.0000   0.0000   0.0000
    5317   3.8277  -4.2172  15.8234   0.0000   0.0000   0.0000
    5318   4.3254  -3.8670  15.5810   0.0000   0.0000   0.0000
    5319   3.6822  -4.1257  15.1012   0.0000   0.0000   0.0000
    5320   3.4772  -4.1785  15.3248   0.0000   0.0000   0.0000
    5321   3.0599  -3.8365  15.7068   0.0000   0.0000   0.0000
    5322   4.0127  -4.7487  15.3557   0.0000   0.0000   0.0000
    5323   3.4890  -4.6960  15.1860   0.0000   0.0000   0.0000
    5324   3.4624  -3.6155  14.8073   0.0000   0.0000   0.0000
    5325   3.2005  -4.1251  14.3043   0.0000   0.0000   0.0000
    5326   3.8585  -4.5539  15.0171   0.0000   0.0000   0.0000
    5327   4.3220  -3.9757  15.9260   0.0000   0.0000   0.0000
    5328   3.7805  -4.4266  15.8869   0.0000   0.0000   0.0000
    5329   2.8080  -3.3680  15.9357   0.0000   0.0000   0.0000
    5330   3.0485  -3.7691  16.7434   0.0000   0.0000   0.0000
    5331   3.4688  -4.1740  16.4595   0.0000   0.0000   0.0000
    5332   2.8577  -4.6915  16.2731   0.0000   0.0000   0.0000
    5333   3.0364  -4.1177  15.4713   0.0000   0.0000   0.0000
    5334   3.3819  -4.4864  15.5851   0.0000   0.0000   0.0000
    5335   3.6358  -4.3914  15.3458   0.0000   0.0000   0.0000
    5336   4.0355  -4.5124  16.6746   0.0000   0.0000   0.0000
    5337   3.9538  -4.4703  16.2112   0.0000   0.0000   0.0000
    5338   4.3292  -4.8963  16.2110   0.0000   0.0000   0.0000
    5339   4.3897  -3.8688  15.5668   0.0000   0.0000   0.0000
    5340   3.3422  -4.3292  15.8124   0.0000   0.0000   0.0000
    5341   3.5155  -3.9131  15.8654   0.0000   0.0000   0.0000
    5342   3.5133  -3.4627  16.1887   0.0000   0.0000   0.0000
    5343   3.6444  -4.2437  16.2650   0.0000   0.0000   0.0000
    5344   3.2229  -3.5913  16.2506   0.0000   0.0000   0.0000
    5345   3.5930  -4.5017  16.7284   0.0000   0.0000   0.0000
    5346   4.0258  -4.2620  16.6260   0.0000   0.0000   0.0000
    5347   3.9116  -4.3987  16.3274   0.0000   0.0000   0.0000
    5348   3.5042  -4.4382  17.0608   0.0000   0.0000   0.0000
    5349   3.7122  -4.4065  16.6545   0.0000   0.0000   0.0000
    5350   3.6870  -3.9674  15.3603   0.0000   0.0000   0.0000
    5351   4.0335  -3.8821  15.8062   0.0000   0.0000   0.0000
    5352   3.4533  -3.9406  15.4845   0.0000   0.0000   0.0000
    5353   3.5607  -3.8917  14.9673   0.0000   0.0000   0.0000
    5354   3.3532  -4.4531  14.8736   0.0000   0.0000   0.0000
    5355   2.8963  -3.5567  15.8866   0.0000   0.0000   0.0000
    5356   3.4356  -3.1833  15.6755   0.0000   0.0000   0.0000
    5357   4.0740  -3.3764  15.6853   0.0000   0.0000   0.0000
    5358   3.3499  -2.5266  16.1748   0.0000   0.0000   0.0000
    5359   2.7858  -2.8080  16.0380   0.0000   0.0000   0.0000
    5360   3.1286  -3.6533  16.3962   0.0000   0.0000   0.0000
    5361   2.9940  -2.8854  16.4115   0.0000   0.0000   0.0000
    5362   3.6600  -3.2918  16.1417   0.0000   0.0000   0.0000
    5363   2.6506  -1.8246  16.4880   0.0000   0.0000   0.0000
    5364   2.3796  -2.5169  16.0920   0.0000   0.0000   0.0000
    5365   3.1014  -3.2935  15.7766   0.0000   0.0000   0.0000
    5366   3.1835  -3.7960  16.4306   0.0000   0.0000   0.0000
    5367   2.4695  -3.2121  16.1409   0.0000   0.0000   0.0000
    5368   2.4663  -3.6365  15.6685   0.0000   0.0000   0.0000
    5369   1.8756  -4.2187  15.6175   0.0000   0.0000   0.0000
    5370   2.1944  -3.1854  15.4077   0.0000   0.0000   0.0000
    5371   1.8929  -2.5798  16.1184   0.0000   0.0000   0.0000
    5372   2.2513  -3.7734  15.6786   0.0000   0.0000   0.0000
    5373   2.0453  -3.8255  15.8655   0.0000   0.0000   0.0000
    5374   2.1560  -3.3296  15.2479   0.0000   0.0000   0.0000
    5375   1.5752  -3.6686  15.2937   0.0000   0.0000   0.0000
    5376   1.2919  -3.3238  15.0788   0.0000   0.0000   0.0000
    5377   0.9765  -4.0019  15.1443   0.0000   0.0000   0.0000
    5378   0.8077  -4.1102  16.3089   0.0000   0.0000   0.0000
    5379   1.6035  -4.0043  15.6447   0.0000   0.0000   0.0000
    5380   1.8093  -4.0888  16.3468   0.0000   0.0000   0.0000
    5381   1.2718  -3.9615  16.6144   0.0000   0.0000   0.0000
    5382   1.1265  -2.9506  16.8976   0.0000   0.0000   0.0000
    5383   1.7702  -3.5842  17.1020   0.0000   0.0000   0.0000
    5384   2.3006  -4.1754  17.0175   0.0000   0.0000   0.0000
    5385   2.0734  -3.1155  15.5602   0.0000   0.0000   0.0000
    5386   2.2353  -3.0213  15.9333   0.0000   0.0000   0.0000
    5387   2.1871  -3.4687  16.2367   0.0000   0.0000   0.0000
    5388   1.8405  -4.0529  15.7739   0.0000   0.0000   0.0000
    5389   2.0556  -4.0504  15.9560   0.0000   0.0000   0.0000
    5390   1.6661  -3.7474  16.1697   0.0000   0.0000   0.0000
    5391   1.8531  -3.8778  16.4186   0.0000   0.0000   0.0000
    5392   1.6334  -4.2800  15.7483   0.0000   0.0000   0.0000
    5393   1.9881  -4.0088  16.0240   0.0000   0.0000   0.0000
    5394   1.7691  -4.1009  15.3651   0.0000   0.0000   0.0000
    5395   1.8262  -3.7772  14.9121   0.0000   0.0000   0.0000
    5396   2.0671  -2.5686  15.2868   0.0000   0.0000   0.0000
    5397   1.5701  -3.3154  14.8417   0.0000   0.0000   0.0000
    5398   1.5942  -2.7971  14.6616   0.0000   0.0000   0.0000
    5399   1.6632  -2.7232  14.1024   0.0000   0.0000   0.0000
    5400   1.6157  -3.3586  15.4211   0.0000   0.0000   0.0000
    5401   1.3735  -2.9077  15.2044   0.0000   0.0000   0.0000
    5402   1.4153  -3.9653  14.7142   0.0000   0.0000   0.0000
    5403   0.7778  -3.0433  14.4788   0.0000   0.0000   0.0000
    5404   0.9028  -2.9895  14.1737   0.0000   0.0000   0.0000
    5405   1.9904  -2.8830  14.7335   0.0000   0.0000   0.0000
    5406   0.6713  -3.0767  14.6990   0.0000   0.0000   0.0000
    5407   1.2277  -3.8238  14.8088   0.0000   0.0000   0.0000
    5408   1.8080  -4.3134  14.6093   0.0000   0.0000   0.0000
    5409   1.2417  -3.8064  14.1091   0.0000   0.0000   0.0000
    5410   1.2441  -3.6120  14.4423   0.0000   0.0000   0.0000
    5411   1.4806  -4.0460  14.9459   0.0000   0.0000   0.0000
    5412   1.1238  -3.5479  14.0943   0.0000   0.0000   0.0000
    5413   1.8037  -4.5507  13.9444   0.0000   0.0000   0.0000
    5414   1.6668  -3.9780  14.2847   0.0000   0.0000   0.0000
    5415   0.8190  -3.6974  13.8751   0.0000   0.0000   0.0000
    5416   1.3272  -3.7004  14.0772   0.0000   0.0000   0.0000
    5417   0.8976  -3.3284  13.4493   0.0000   0.0000   0.0000
    5418   0.9029  -3.4571  13.1317   0.0000   0.0000   0.0000
    5419   1.1003  -3.6897  14.1203   0.0000   0.0000   0.0000
    5420   2.0650  -3.3756  14.3115   0.0000   0.0000   0.0000
    5421   1.6099  -2.5945  14.2166   0.0000   0.0000   0.0000
    5422   1.6320  -3.5253  14.5235   0.0000   0.0000   0.0000
    5423   2.0425  -3.1776  13.6311   0.0000   0.0000   0.0000
    5424   0.7205  -3.4359  13.4097   0.0000   0.0000   0.0000
    5425   1.2943  -3.0908  13.5452   0.0000   0.0000   0.0000
    5426   0.7901  -3.7415  13.8822   0.0000   0.0000   0.0000
    5427   0.7002  -3.4819  13.5681   0.0000   0.0000   0.0000
    5428   0.7904  -2.9956  13.2843   0.0000   0.0000   0.0000
    5429   2.1860  -3.2621  13.5686   0.0000   0.0000   0.0000
    5430   0.8763  -2.8513  13.8851   0.0000   0.0000   0.0000
    5431   1.2867  -2.6569  12.9714   0.0000   0.0000   0.0000
    5432   2.3879  -3.4965  12.4941   0.0000   0.0000   0.0000
    5433   2.2610  -3.2099  13.0176   0.0000   0.0000   0.0000
    5434   1.8055  -3.0585  13.3867   0.0000   0.0000   0.0000
    5435   1.7301  -3.6076  13.7516   0.0000   0.0000   0.0000
    5436   0.5374  -3.3462  14.0682   0.0000   0.0000   0.0000
    5437   1.6396  -3.6895  14.1948   0.0000   0.0000   0.0000
    5438   1.8059  -3.4218  15.2163   0.0000   0.0000   0.0000
    5439   0.7060  -2.6695  15.0188   0.0000   0.0000   0.0000
    5440   2.4952  -3.1056  14.9787   0.0000   0.0000   0.0000
    5441   1.7472  -3.7076  15.0688   0.0000   0.0000   0.0000
    5442   1.1146  -3.4421  14.2542   0.0000   0.0000   0.0000
    5443   1.5586  -2.9149  14.3042   0.0000   0.0000   0.0000
    5444   2.6049  -2.8190  14.2832   0.0000   0.0000   0.0000
    5445   2.1362  -2.9370  13.3273   0.0000   0.0000   0.0000
    5446   2.2358  -2.7949  13.1805   0.0000   0.0000   0.0000
    5447   2.1514  -2.8859  13.4141   0.0000   0.0000   0.0000
    5448   2.4313  -3.2259  13.7469   0.0000   0.0000   0.0000
    5449   2.2475  -3.2984  13.4597   0.0000   0.0000   0.0000
    5450   0.7885  -2.8955  13.4791   0.0000   0.0000   0.0000
    5451   2.3304  -2.9016  13.3598   0.0000   0.0000   0.0000
    5452   2.1734  -3.0399  13.2191   0.0000   0.0000   0.0000
    5453   1.3327  -3.1969  13.5254   0.0000   0.0000   0.0000
    5454   2.4133  -3.7692  13.5653   0.0000   0.0000   0.0000
    5455   2.6600  -3.0466  13.0740   0.0000   0.0000   0.0000
    5456   1.7354  -3.5311  13.4711   0.0000   0.0000   0.0000
    5457   2.2011  -3.1773  13.5518   0.0000   0.0000   0.0000
    5458   2.5933  -4.1802  13.8393   0.0000   0.0000   0.0000
    5459   1.3738  -4.6625  13.7572   0.0000   0.0000   0.0000
    5460   1.8442  -3.9278  13.7468   0.0000   0.0000   0.0000
    5461   1.7927  -3.4049  14.3019   0.0000   0.0000   0.0000
    5462   1.6665  -4.1429  15.4194   0.0000   0.0000   0.0000
    5463   0.3029  -4.5788  14.1679   0.0000   0.0000   0.0000
    5464   1.0372  -2.7787  14.3343   0.0000   0.0000   0.0000
    5465   0.4575  -3.3823  14.2955   0.0000   0.0000   0.0000
    5466  -0.4534  -3.4028  14.6769   0.0000   0.0000   0.0000
    5467  -0.2597  -3.4601  14.4276   0.0000   0.0000   0.0000
    5468   0.6727  -3.5099  14.8905   0.0000   0.0000   0.0000
    5469  -0.3939  -3.3544  15.0651   0.0000   0.0000   0.0000
    5470   0.4961  -3.5106  14.4864   0.0000   0.0000   0.0000
    5471   0.2277  -3.2929  14.5425   0.0000   0.0000   0.0000
    5472   0.4676  -3.0091  14.6972   0.0000   0.0000   0.0000
    5473  -0.0375  -2.9481  14.6297   0.0000   0.0000   0.0000
    5474   0.2395  -3.9040  14.5162   0.0000   0.0000   0.0000
    5475   0.4759  -4.0972  14.3983   0.0000   0.0000   0.0000
    5476   0.2261  -4.2012  14.8321   0.0000   0.0000   0.0000
    5477   0.5085  -4.5225  15.2503   0.0000   0.0000   0.0000
    5478   0.5652  -4.8207  15.1505   0.0000   0.0000   0.0000
    5479   0.0564  -4.8034  14.9586   0.0000   0.0000   0.0000
    5480   0.3977  -4.9033  14.7434   0.0000   0.0000   0.0000
    5481   0.2639  -5.0714  15.3959   0.0000   0.0000   0.0000
    5482   0.2636  -4.9061  14.5032   0.0000   0.0000   0.0000
    5483   0.5597  -5.2443  14.9184   0.0000   0.0000   0.0000
    5484   0.5238  -5.2454  15.3015   0.0000   0.0000   0.0000
    5485   0.4987  -5.3296  15.0746   0.0000   0.0000   0.0000
    5486   0.7870  -5.1149  15.3220   0.0000   0.0000   0.0000
    5487   0.2822  -4.7178  15.1695   0.0000   0.0000   0.0000
    5488  -0.2041  -4.7121  14.7719   0.0000   0.0000   0.0000
    5489   0.1845  -4.2348  15.9726   0.0000   0.0000   0.0000
    5490   0.0100  -4.4341  14.4944   0.0000   0.0000   0.0000
    5491   1.1047  -4.0481  14.6380   0.0000   0.0000   0.0000
    5492   1.0988  -4.1498  14.8382   0.0000   0.0000   0.0000
    5493   0.6861  -4.6757  14.6315   0.0000   0.0000   0.0000
    5494   0.9632  -4.9133  15.1198   0.0000   0.0000   0.0000
    5495   1.3443  -4.9165  14.1193   0.0000   0.0000   0.0000
    5496   1.1747  -4.2064  14.6011   0.0000   0.0000   0.0000
    5497   1.6372  -4.5206  14.6583   0.0000   0.0000   0.0000
    5498   1.3703  -4.4995  14.8323   0.0000   0.0000   0.0000
    5499   1.5188  -4.2637  14.3981   0.0000   0.0000   0.0000
    5500   2.1674  -4.1411  14.7619   0.0000   0.0000   0.0000
    5501   1.4176  -5.1334  15.4004   0.0000   0.0000   0.0000
    5502   0.2508  -3.7973  15.9340   0.0000   0.0000   0.0000
    5503   1.2097  -3.5835  15.3015   0.0000   0.0000   0.0000
    5504   0.5989  -3.5861  15.3602   0.0000   0.0000   0.0000
    5505   1.0266  -3.2764  15.6938   0.0000   0.0000   0.0000
    5506   1.3012  -2.8332  15.9394   0.0000   0.0000   0.0000
    5507   2.2844  -3.7234  15.6746   0.0000   0.0000   0.0000
    5508   2.2831  -4.1047  16.0212   0.0000   0.0000   0.0000
    5509   1.6474  -4.4880  16.1739   0.0000   0.0000   0.0000
    5510   1.8915  -3.7505  15.9519   0.0000   0.0000   0.0000
    5511   1.7424  -3.7243  15.7440   0.0000   0.0000   0.0000
    5512   1.9551  -3.4218  15.7067   0.0000   0.0000   0.0000
    5513   1.8242  -3.6332  15.7348   0.0000   0.0000   0.0000
    5514   1.4451  -2.3183  15.6275   0.0000   0.0000   0.0000
    5515   2.0539  -2.5281  15.8488   0.0000   0.0000   0.0000
    5516   1.2347  -3.2599  16.0304   0.0000   0.0000   0.0000
    5517   1.1053  -3.5650  16.3769   0.0000   0.0000   0.0000
    5518   1.6922  -3.3585  16.6952   0.0000   0.0000   0.0000
    5519   1.6436  -3.5129  16.3675   0.0000   0.0000   0.0000
    5520   0.8721  -2.7246  16.0811   0.0000   0.0000   0.0000
    5521   0.8061  -2.9551  15.2860   0.0000   0.0000   0.0000
    5522   0.2506  -3.6082  15.9086   0.0000   0.0000   0.0000
    5523   0.9913  -3.2337  16.3805   0.0000   0.0000   0.0000
    5524   0.8566  -2.5665  16.1865   0.0000   0.0000   0.0000
    5525   0.9440  -3.3019  16.1395   0.0000   0.0000   0.0000
    5526   0.7938  -2.5570  16.4714   0.0000   0.0000   0.0000
    5527   0.5520  -3.0104  16.1942   0.0000   0.0000   0.0000
    5528   1.2794  -3.5042  16.3503   0.0000   0.0000   0.0000
    5529   0.5424  -3.0618  16.1302   0.0000   0.0000   0.0000
    5530   0.2170  -3.5811  16.1266   0.0000   0.0000   0.0000
    5531   0.8721  -3.0109  16.5846   0.0000   0.0000   0.0000
    5532   1.0108  -3.4059  16.8693   0.0000   0.0000   0.0000
    5533   1.0996  -2.6475  16.0110   0.0000   0.0000   0.0000
    5534   0.7494  -2.4276  16.3493   0.0000   0.0000   0.0000
    5535  -0.0818  -3.0485  16.4784   0.0000   0.0000   0.0000
    5536   0.4007  -2.9121  16.9856   0.0000   0.0000   0.0000
    5537   0.5714  -3.0844  17.1046   0.0000   0.0000   0.0000
    5538   0.8353  -2.5519  16.0461   0.0000   0.0000   0.0000
    5539   0.2532  -2.4582  16.2722   0.0000   0.0000   0.0000
    5540  -0.6036  -2.3564  16.2677   0.0000   0.0000   0.0000
    5541   0.2853  -2.1138  15.7365   0.0000   0.0000   0.0000
    5542   0.9164  -2.8692  16.7454   0.0000   0.0000   0.0000
    5543   0.6336  -2.3146  16.0271   0.0000   0.0000   0.0000
    5544   1.1479  -2.7116  16.8043   0.0000   0.0000   0.0000
    5545   0.7918  -2.2300  16.7222   0.0000   0.0000   0.0000
    5546   0.6628  -2.2550  17.2154   0.0000   0.0000   0.0000
    5547   0.9558  -2.4157  17.0008   0.0000   0.0000   0.0000
    5548   0.5152  -3.1627  16.5676   0.0000   0.0000   0.0000
    5549   0.0124  -2.5423  16.9089   0.0000   0.0000   0.0000
    5550  -0.1802  -2.9236  17.1092   0.0000   0.0000   0.0000
    5551  -0.0290  -3.5012  16.7196   0.0000   0.0000   0.0000
    5552   0.7265  -3.0283  17.7885   0.0000   0.0000   0.0000
    5553  -0.1586  -3.1291  17.3368   0.0000   0.0000   0.0000
    5554   1.6791  -3.1069  16.5401   0.0000   0.0000   0.0000
    5555   1.0041  -2.3486  16.8505   0.0000   0.0000   0.0000
    5556   0.7359  -2.8712  17.0227   0.0000   0.0000   0.0000
    5557   0.0337  -3.2012  17.3089   0.0000   0.0000   0.0000
    5558  -0.4556  -3.3800  18.3919   0.0000   0.0000   0.0000
    5559  -0.4883  -2.3006  17.8353   0.0000   0.0000   0.0000
    5560   0.2787  -2.2697  17.3901   0.0000   0.0000   0.0000
    5561   0.4078  -2.5425  17.6315   0.0000   0.0000   0.0000
    5562  -0.0915  -3.9985  17.4344   0.0000   0.0000   0.0000
    5563   0.1413  -3.9603  17.9023   0.0000   0.0000   0.0000
    5564   0.2230  -4.5266  17.3508   0.0000   0.0000   0.0000
    5565   0.5209  -3.4605  17.3969   0.0000   0.0000   0.0000
    5566  -0.6637  -4.3354  17.5820   0.0000   0.0000   0.0000
    5567  -0.1273  -3.6703  18.2608   0.0000   0.0000   0.0000
    5568  -0.3293  -4.3855  18.0271   0.0000   0.0000   0.0000
    5569  -0.7180  -4.4718  17.5178   0.0000   0.0000   0.0000
    5570  -1.0971  -5.0304  17.7434   0.0000   0.0000   0.0000
    5571  -1.2349  -4.8419  18.2855   0.0000   0.0000   0.0000
    5572  -0.6263  -4.5739  18.6886   0.0000   0.0000   0.0000
    5573  -0.7254  -3.6530  18.2935   0.0000   0.0000   0.0000
    5574  -0.4756  -4.6020  18.7966   0.0000   0.0000   0.0000
    5575  -0.2834  -4.1438  18.6805   0.0000   0.0000   0.0000
    5576  -0.6679  -4.2170  17.5630   0.0000   0.0000   0.0000
    5577  -1.1860  -4.6789  18.9563   0.0000   0.0000   0.0000
    5578  -0.9956  -4.3095  17.9005   0.0000   0.0000   0.0000
    5579  -0.7278  -3.7603  17.9711   0.0000   0.0000   0.0000
    5580  -1.0572  -4.0929  17.8075   0.0000   0.0000   0.0000
    5581  -1.4049  -4.2880  18.7903   0.0000   0.0000   0.0000
    5582  -0.3751  -4.2000  18.6576   0.0000   0.0000   0.0000
    5583  -0.6885  -3.3613  18.5704   0.0000   0.0000   0.0000
    5584  -0.7243  -3.4604  18.6332   0.0000   0.0000   0.0000
    5585  -1.4234  -3.8968  18.2025   0.0000   0.0000   0.0000
    5586  -0.5972  -4.4544  19.1209   0.0000   0.0000   0.0000
    5587  -0.3203  -4.2160  18.0918   0.0000   0.0000   0.0000
    5588   0.1057  -3.7111  18.4973   0.0000   0.0000   0.0000
    5589  -0.3834  -3.5252  18.5931   0.0000   0.0000   0.0000
    5590  -0.6317  -3.0532  17.9683   0.0000   0.0000   0.0000
    5591  -1.1441  -3.9392  18.4127   0.0000   0.0000   0.0000
    5592  -1.0666  -3.9273  19.0055   0.0000   0.0000   0.0000
    5593  -1.0839  -3.9912  18.7627   0.0000   0.0000   0.0000
    5594  -0.4756  -3.8861  18.2158   0.0000   0.0000   0.0000
    5595  -0.2812  -4.2404  19.0533   0.0000   0.0000   0.0000
    5596  -1.0471  -2.9663  18.0707   0.0000   0.0000   0.0000
    5597  -1.5191  -4.0686  18.8366   0.0000   0.0000   0.0000
    5598  -1.4988  -4.2975  18.1204   0.0000   0.0000   0.0000
    5599  -1.1862  -3.4805  18.3422   0.0000   0.0000   0.0000
    5600  -0.9117  -4.6780  17.5569   0.0000   0.0000   0.0000
    5601  -1.6796  -4.3154  18.1165   0.0000   0.0000   0.0000
    5602  -1.1953  -4.1597  18.1904   0.0000   0.0000   0.0000
    5603  -1.2812  -4.4657  18.3399   0.0000   0.0000   0.0000
    5604  -1.9034  -4.7549  18.6326   0.0000   0.0000   0.0000
    5605  -1.8996  -5.3915  18.1766   0.0000   0.0000   0.0000
    5606  -2.5401  -4.6655  17.8851   0.0000   0.0000   0.0000
    5607  -2.3595  -4.6357  17.9793   0.0000   0.0000   0.0000
    5608  -2.4106  -6.0671  18.0806   0.0000   0.0000   0.0000
    5609  -2.4644  -6.0076  17.9467   0.0000   0.0000   0.0000
    5610  -1.6087  -5.6700  17.8482   0.0000   0.0000   0.0000
    5611  -1.5360  -5.7577  17.6680   0.0000   0.0000   0.0000
    5612  -1.0829  -6.1637  16.8050   0.0000   0.0000   0.0000
    5613  -1.2543  -5.4607  17.6391   0.0000   0.0000   0.0000
    5614  -1.5246  -4.4318  17.8910   0.0000   0.0000   0.0000
    5615  -1.5066  -4.8504  17.9296   0.0000   0.0000   0.0000
    5616  -0.7807  -4.9016  16.3453   0.0000   0.0000   0.0000
    5617  -1.2361  -5.8109  17.2429   0.0000   0.0000   0.0000
    5618  -1.2837  -4.8778  17.3860   0.0000   0.0000   0.0000
    5619  -1.2366  -4.7725  17.3072   0.0000   0.0000   0.0000
    5620  -1.6975  -5.5387  17.1896   0.0000   0.0000   0.0000
    5621  -1.6754  -5.4393  16.4075   0.0000   0.0000   0.0000
    5622  -1.5624  -5.5081  17.3295   0.0000   0.0000   0.0000
    5623  -1.8185  -5.0939  17.1542   0.0000   0.0000   0.0000
    5624  -1.3570  -5.1303  17.0394   0.0000   0.0000   0.0000
    5625  -2.6278  -4.5210  16.4817   0.0000   0.0000   0.0000
    5626  -1.5957  -5.8060  16.8315   0.0000   0.0000   0.0000
    5627  -2.4866  -5.3020  16.1894   0.0000   0.0000   0.0000
    5628  -1.7841  -5.5150  16.8050   0.0000   0.0000   0.0000
    5629  -2.0659  -5.4919  16.4752   0.0000   0.0000   0.0000
    5630  -1.9983  -4.8594  16.2066   0.0000   0.0000   0.0000
    5631  -1.8768  -5.0151  16.2198   0.0000   0.0000   0.0000
    5632  -2.1275  -5.2159  15.9759   0.0000   0.0000   0.0000
    5633  -1.2772  -5.1638  17.4399   0.0000   0.0000   0.0000
    5634  -1.4781  -4.9748  18.0043   0.0000   0.0000   0.0000
    5635  -1.3563  -4.9053  17.0250   0.0000   0.0000   0.0000
    5636  -1.9965  -5.4781  16.5267   0.0000   0.0000   0.0000
    5637  -1.7535  -5.6097  16.6427   0.0000   0.0000   0.0000
    5638  -1.8395  -5.9153  16.9672   0.0000   0.0000   0.0000
    5639  -1.9575  -7.1507  16.5128   0.0000   0.0000   0.0000
    5640  -1.2289  -5.6258  16.0179   0.0000   0.0000   0.0000
    5641  -0.3972  -6.3905  16.4302   0.0000   0.0000   0.0000
    5642  -1.1604  -5.7950  16.9405   0.0000   0.0000   0.0000
    5643  -0.0950  -5.8097  16.5753   0.0000   0.0000   0.0000
    5644  -0.8179  -4.8781  16.5796   0.0000   0.0000   0.0000
    5645  -1.6757  -5.0425  16.6504   0.0000   0.0000   0.0000
    5646  -1.2000  -5.4124  16.6864   0.0000   0.0000   0.0000
    5647  -1.7396  -4.4689  16.6920   0.0000   0.0000   0.0000
    5648  -0.7429  -5.5583  16.3185   0.0000   0.0000   0.0000
    5649  -0.4047  -5.7856  16.3508   0.0000   0.0000   0.0000
    5650  -0.0560  -5.6110  16.8872   0.0000   0.0000   0.0000
    5651   0.9792  -5.2746  16.3779   0.0000   0.0000   0.0000
    5652   0.6587  -5.3932  16.5659   0.0000   0.0000   0.0000
    5653   0.6248  -4.7279  16.2708   0.0000   0.0000   0.0000
    5654   1.0760  -5.4191  15.4089   0.0000   0.0000   0.0000
    5655   0.6705  -5.0317  15.1600   0.0000   0.0000   0.0000
    5656   1.2617  -5.2841  15.6979   0.0000   0.0000   0.0000
    5657   1.0663  -6.0394  15.6278   0.0000   0.0000   0.0000
    5658   0.6525  -5.5591  14.9579   0.0000   0.0000   0.0000
    5659   1.3597  -5.3770  15.5691   0.0000   0.0000   0.0000
    5660   0.9731  -4.9771  15.4826   0.0000   0.0000   0.0000
    5661   1.1648  -4.5614  15.6334   0.0000   0.0000   0.0000
    5662   1.2048  -4.7601  16.0559   0.0000   0.0000   0.0000
    5663   0.4927  -4.0571  16.4075   0.0000   0.0000   0.0000
    5664   0.6351  -4.5136  15.9313   0.0000   0.0000   0.0000
    5665   0.7183  -4.5350  16.1564   0.0000   0.0000   0.0000
    5666   0.8745  -4.6493  16.4253   0.0000   0.0000   0.0000
    5667   0.7214  -4.2811  15.8384   0.0000   0.0000   0.0000
    5668   0.9880  -3.0585  16.0902   0.0000   0.0000   0.0000
    5669   0.3192  -2.9204  16.3249   0.0000   0.0000   0.0000
    5670   0.0094  -3.3729  16.4230   0.0000   0.0000   0.0000
    5671  -0.5091  -3.6402  16.3095   0.0000   0.0000   0.0000
    5672   0.5899  -3.3195  15.6764   0.0000   0.0000   0.0000
    5673   0.0633  -3.5841  15.7999   0.0000   0.0000   0.0000
    5674   0.3548  -3.0586  16.7009   0.0000   0.0000   0.0000
    5675  -0.6037  -3.6178  16.8602   0.0000   0.0000   0.0000
    5676  -0.1763  -3.6607  16.5336   0.0000   0.0000   0.0000
    5677   0.2744  -3.4488  16.7935   0.0000   0.0000   0.0000
    5678  -0.6190  -3.3470  16.9522   0.0000   0.0000   0.0000
    5679   0.2873  -3.0980  16.4864   0.0000   0.0000   0.0000
    5680   0.9875  -3.1417  15.8880   0.0000   0.0000   0.0000
    5681   0.8461  -2.8320  16.2870   0.0000   0.0000   0.0000
    5682   0.7297  -3.7927  16.8812   0.0000   0.0000   0.0000
    5683   0.2005  -3.4539  16.1752   0.0000   0.0000   0.0000
    5684   0.6233  -3.9991  16.5919   0.0000   0.0000   0.0000
    5685   0.3494  -4.5589  16.5564   0.0000   0.0000   0.0000
    5686  -0.1619  -3.2664  17.1768   0.0000   0.0000   0.0000
    5687   0.3344  -4.2495  17.2738   0.0000   0.0000   0.0000
    5688   0.4518  -4.1996  16.7642   0.0000   0.0000   0.0000
    5689   0.6867  -3.2080  17.3615   0.0000   0.0000   0.0000
    5690   0.1208  -3.6240  17.1648   0.0000   0.0000   0.0000
    5691  -0.9174  -3.5425  17.2417   0.0000   0.0000   0.0000
    5692  -0.3005  -3.5685  16.8589   0.0000   0.0000   0.0000
    5693  -0.3933  -3.2127  17.1599   0.0000   0.0000   0.0000
    5694  -0.5765  -2.9408  17.0369   0.0000   0.0000   0.0000
    5695  -0.2179  -3.1678  16.5808   0.0000   0.0000   0.0000
    5696  -0.1184  -2.6925  15.7566   0.0000   0.0000   0.0000
    5697   0.3057  -3.3336  16.2834   0.0000   0.0000   0.0000
    5698  -0.5180  -3.0762  16.7085   0.0000   0.0000   0.0000
    5699   0.3419  -3.1251  16.4925   0.0000   0.0000   0.0000
    5700  -0.4131  -3.3479  16.8340   0.0000   0.0000   0.0000
    5701   0.5871  -3.7102  17.1801   0.0000   0.0000   0.0000
    5702   0.0521  -4.2306  16.9380   0.0000   0.0000   0.0000
    5703  -0.1805  -3.9917  16.5225   0.0000   0.0000   0.0000
    5704   0.1643  -3.2458  17.4614   0.0000   0.0000   0.0000
    5705  -0.2553  -3.6788  17.4495   0.0000   0.0000   0.0000
    5706   0.4155  -3.6194  16.6987   0.0000   0.0000   0.0000
    5707  -0.3500  -3.7376  15.5909   0.0000   0.0000   0.0000
    5708   0.3910  -3.8672  16.1683   0.0000   0.0000   0.0000
    5709  -0.2543  -3.8709  16.2879   0.0000   0.0000   0.0000
    5710  -0.3614  -3.6059  16.4973   0.0000   0.0000   0.0000
    5711   0.0534  -4.2210  16.5387   0.0000   0.0000   0.0000
    5712  -0.9579  -4.5676  16.2286   0.0000   0.0000   0.0000
    5713  -0.4498  -4.9378  16.3256   0.0000   0.0000   0.0000
    5714   0.3701  -4.7223  16.7521   0.0000   0.0000   0.0000
    5715   0.6223  -4.0787  17.2011   0.0000   0.0000   0.0000
    5716   0.1273  -4.3464  17.5820   0.0000   0.0000   0.0000
    5717  -0.0956  -3.7969  17.0501   0.0000   0.0000   0.0000
    5718   1.1750  -4.2847  17.1470   0.0000   0.0000   0.0000
    5719   0.8265  -3.8829  17.2651   0.0000   0.0000   0.0000
    5720   0.6514  -4.4752  17.4806   0.0000   0.0000   0.0000
    5721   0.7916  -4.2068  16.9404   0.0000   0.0000   0.0000
    5722   0.4091  -4.6029  17.6439   0.0000   0.0000   0.0000
    5723   0.4191  -3.5059  17.2327   0.0000   0.0000   0.0000
    5724   0.8317  -4.5081  17.1829   0.0000   0.0000   0.0000
    5725   0.2994  -4.3604  16.4725   0.0000   0.0000   0.0000
    5726  -0.0793  -4.1884  15.9335   0.0000   0.0000   0.0000
    5727   0.2255  -4.3719  15.8619   0.0000   0.0000   0.0000
    5728   0.5912  -4.2539  16.7429   0.0000   0.0000   0.0000
    5729   0.5669  -3.8030  16.2203   0.0000   0.0000   0.0000
    5730  -0.6003  -3.5701  16.9905   0.0000   0.0000   0.0000
    5731  -0.0522  -4.6327  16.6091   0.0000   0.0000   0.0000
    5732   0.4476  -3.7869  16.4118   0.0000   0.0000   0.0000
    5733   0.0221  -4.4784  16.6730   0.0000   0.0000   0.0000
    5734  -0.9657  -3.0983  16.1297   0.0000   0.0000   0.0000
    5735  -0.4183  -4.1305  15.6334   0.0000   0.0000   0.0000
    5736  -0.1142  -2.8903  14.9278   0.0000   0.0000   0.0000
    5737   0.5410  -3.6171  15.5670   0.0000   0.0000   0.0000
    5738   0.8139  -4.5821  15.4816   0.0000   0.0000   0.0000
    5739   0.7451  -4.6426  15.4853   0.0000   0.0000   0.0000
    5740  -0.1473  -4.0578  15.3112   0.0000   0.0000   0.0000
    5741  -0.5926  -3.7780  14.9577   0.0000   0.0000   0.0000
    5742  -0.3744  -4.2598  15.3863   0.0000   0.0000   0.0000
    5743  -0.1746  -3.9481  15.3742   0.0000   0.0000   0.0000
    5744   0.2406  -4.5559  15.2501   0.0000   0.0000   0.0000
    5745  -0.9177  -3.7779  15.1104   0.0000   0.0000   0.0000
    5746   0.0939  -4.2139  14.8609   0.0000   0.0000   0.0000
    5747  -0.1966  -4.0773  14.4027   0.0000   0.0000   0.0000
    5748   0.2212  -3.2413  14.5142   0.0000   0.0000   0.0000
    5749  -0.1889  -3.9809  14.5885   0.0000   0.0000   0.0000
    5750  -0.5442  -3.8780  14.6648   0.0000   0.0000   0.0000
    5751   0.3159  -3.7846  14.5677   0.0000   0.0000   0.0000
    5752  -0.1400  -4.8844  15.0089   0.0000   0.0000   0.0000
    5753  -0.3016  -4.9297  14.2116   0.0000   0.0000   0.0000
    5754   0.4506  -3.3608  14.8975   0.0000   0.0000   0.0000
    5755   0.7542  -4.1543  14.5181   0.0000   0.0000   0.0000
    5756   1.3916  -4.5388  14.9616   0.0000   0.0000   0.0000
    5757   0.9232  -3.8515  13.9718   0.0000   0.0000   0.0000
    5758   0.0001  -4.0818  14.0904   0.0000   0.0000   0.0000
    5759   0.1871  -4.5938  13.3465   0.0000   0.0000   0.0000
    5760   0.5373  -4.0154  13.2236   0.0000   0.0000   0.0000
    5761   0.5730  -4.1225  13.1229   0.0000   0.0000   0.0000
    5762   0.3199  -4.6217  13.3812   0.0000   0.0000   0.0000
    5763   0.4467  -4.4096  13.3061   0.0000   0.0000   0.0000
    5764   1.7917  -4.3201  14.2828   0.0000   0.0000   0.0000
    5765   0.7794  -3.8237  14.0385   0.0000   0.0000   0.0000
    5766   0.3747  -3.9676  12.9203   0.0000   0.0000   0.0000
    5767   0.6279  -3.7931  13.3377   0.0000   0.0000   0.0000
    5768   0.9141  -4.0685  12.8384   0.0000   0.0000   0.0000
    5769   1.1091  -3.9528  12.9324   0.0000   0.0000   0.0000
    5770   0.2146  -3.7002  13.2461   0.0000   0.0000   0.0000
    5771   1.3541  -4.5819  13.4418   0.0000   0.0000   0.0000
    5772   1.0455  -4.8351  14.7405   0.0000   0.0000   0.0000
    5773   0.2051  -3.7798  13.7297   0.0000   0.0000   0.0000
    5774  -0.3502  -3.4458  13.9784   0.0000   0.0000   0.0000
    5775   0.2845  -3.3484  14.5399   0.0000   0.0000   0.0000
    5776   0.6124  -3.7482  14.4158   0.0000   0.0000   0.0000
    5777   0.2840  -3.9945  14.1242   0.0000   0.0000   0.0000
    5778  -0.5534  -4.2270  14.0133   0.0000   0.0000   0.0000
    5779  -0.4839  -3.8281  13.9238   0.0000   0.0000   0.0000
    5780  -0.9963  -3.3244  14.1637   0.0000   0.0000   0.0000
    5781  -0.4390  -3.7035  14.6966   0.0000   0.0000   0.0000
    5782  -0.9000  -3.9475  13.9581   0.0000   0.0000   0.0000
    5783  -0.0631  -3.5432  14.2315   0.0000   0.0000   0.0000
    5784  -0.1124  -4.9635  13.7610   0.0000   0.0000   0.0000
    5785   0.9118  -3.9256  14.4873   0.0000   0.0000   0.0000
    5786  -0.2067  -5.3587  14.9826   0.0000   0.0000   0.0000
    5787   0.4729  -5.1208  15.4728   0.0000   0.0000   0.0000
    5788   0.8844  -4.8040  15.2852   0.0000   0.0000   0.0000
    5789   0.9464  -5.6012  15.0392   0.0000   0.0000   0.0000
    5790   0.2191  -5.1108  14.8358   0.0000   0.0000   0.0000
    5791  -0.6152  -4.6522  15.2614   0.0000   0.0000   0.0000
    5792  -0.3213  -4.8259  15.0261   0.0000   0.0000   0.0000
    5793  -0.0064  -5.2247  15.2735   0.0000   0.0000   0.0000
    5794  -0.9815  -5.1435  15.5301   0.0000   0.0000   0.0000
    5795   0.0794  -5.1821  14.9953   0.0000   0.0000   0.0000
    5796   0.5761  -6.1237  15.2627   0.0000   0.0000   0.0000
    5797   1.2058  -5.6309  15.2969   0.0000   0.0000   0.0000
    5798  -0.4755  -4.9116  15.2346   0.0000   0.0000   0.0000
    5799   0.0132  -5.9326  15.1345   0.0000   0.0000   0.0000
    5800   0.8986  -6.1761  15.0154   0.0000   0.0000   0.0000
    5801   0.1134  -5.4595  15.1520   0.0000   0.0000   0.0000
    5802   0.1865  -5.3104  13.9421   0.0000   0.0000   0.0000
    5803  -0.0800  -5.8461  13.8529   0.0000   0.0000   0.0000
    5804  -0.0233  -6.1951  14.7168   0.0000   0.0000   0.0000
    5805  -0.4231  -5.6070  14.1512   0.0000   0.0000   0.0000
    5806  -0.1545  -6.0286  14.5037   0.0000   0.0000   0.0000
    5807   0.2798  -6.1160  14.3132   0.0000   0.0000   0.0000
    5808  -0.5555  -5.4755  13.8779   0.0000   0.0000   0.0000
    5809  -0.0980  -5.4159  13.3113   0.0000   0.0000   0.0000
    5810  -0.2538  -5.7466  13.8319   0.0000   0.0000   0.0000
    5811  -0.5076  -6.6472  14.7011   0.0000   0.0000   0.0000
    5812  -0.1868  -6.3083  14.4390   0.0000   0.0000   0.0000
    5813   0.3539  -5.8667  14.2349   0.0000   0.0000   0.0000
    5814  -0.3255  -6.0809  14.1713   0.0000   0.0000   0.0000
    5815  -0.6934  -5.7416  14.2055   0.0000   0.0000   0.0000
    5816  -0.3724  -5.5799  14.1028   0.0000   0.0000   0.0000
    5817  -0.3474  -5.3248  15.3711   0.0000   0.0000   0.0000
    5818  -0.5049  -5.9757  14.9846   0.0000   0.0000   0.0000
    5819   0.1996  -5.6064  14.4978   0.0000   0.0000   0.0000
    5820  -0.1673  -6.2068  14.7381   0.0000   0.0000   0.0000
    5821   0.1952  -5.4327  14.0827   0.0000   0.0000   0.0000
    5822  -0.2301  -4.7497  14.1971   0.0000   0.0000   0.0000
    5823   0.5898  -4.6779  14.2124   0.0000   0.0000   0.0000
    5824   0.4852  -4.4899  14.1214   0.0000   0.0000   0.0000
    5825   0.9133  -4.2812  13.8413   0.0000   0.0000   0.0000
    5826  -0.0952  -4.8423  14.7309   0.0000   0.0000   0.0000
    5827   0.2306  -5.4290  14.5437   0.0000   0.0000   0.0000
    5828  -0.3707  -5.6436  14.3748   0.0000   0.0000   0.0000
    5829   0.4624  -5.4954  14.5250   0.0000   0.0000   0.0000
    5830   0.3996  -5.5219  15.0282   0.0000   0.0000   0.0000
    5831   0.4282  -4.5812  14.0321   0.0000   0.0000   0.0000
    5832   1.0357  -6.0611  14.3290   0.0000   0.0000   0.0000
    5833   0.0855  -4.7217  14.5468   0.0000   0.0000   0.0000
    5834   1.2169  -5.7220  15.0271   0.0000   0.0000   0.0000
    5835   0.9495  -5.4657  15.8591   0.0000   0.0000   0.0000
    5836   1.0756  -6.1352  14.7520   0.0000   0.0000   0.0000
    5837   0.4535  -6.1970  15.4252   0.0000   0.0000   0.0000
    5838   1.4676  -5.7248  14.8417   0.0000   0.0000   0.0000
    5839   0.4100  -6.0323  14.9364   0.0000   0.0000   0.0000
    5840   0.9461  -5.5274  16.0811   0.0000   0.0000   0.0000
    5841   0.7765  -6.0650  15.5875   0.0000   0.0000   0.0000
    5842   0.7854  -5.8907  15.1332   0.0000   0.0000   0.0000
    5843   0.8941  -6.5418  15.4628   0.0000   0.0000   0.0000
    5844   0.5990  -6.1760  15.0815   0.0000   0.0000   0.0000
    5845   0.2755  -6.0938  14.9944   0.0000   0.0000   0.0000
    5846   1.1128  -6.5116  14.6751   0.0000   0.0000   0.0000
    5847   0.3133  -6.3057  14.1105   0.0000   0.0000   0.0000
    5848   0.7473  -5.7113  14.4186   0.0000   0.0000   0.0000
    5849   1.2635  -6.0789  14.4585   0.0000   0.0000   0.0000
    5850   0.1329  -5.8347  15.2726   0.0000   0.0000   0.0000
    5851   0.6451  -5.8981  14.9671   0.0000   0.0000   0.0000
    5852   0.5270  -5.2757  14.7455   0.0000   0.0000   0.0000
    5853  -0.4876  -5.1990  15.0387   0.0000   0.0000   0.0000
    5854   0.5106  -5.7588  14.0430   0.0000   0.0000   0.0000
    5855  -0.1020  -4.6588  14.4805   0.0000   0.0000   0.0000
    5856   0.6837  -4.5614  13.6183   0.0000   0.0000   0.0000
    5857  -0.3397  -4.4418  14.0238   0.0000   0.0000   0.0000
    5858  -0.0554  -5.7127  14.1227   0.0000   0.0000   0.0000
    5859  -0.8514  -6.0188  15.0684   0.0000   0.0000   0.0000
    5860  -0.6935  -4.4586  13.6985   0.0000   0.0000   0.0000
    5861  -1.1957  -3.5188  14.3512   0.0000   0.0000   0.0000
    5862  -0.7091  -3.9138  14.2027   0.0000   0.0000   0.0000
    5863  -0.9788  -4.0388  13.7474   0.0000   0.0000   0.0000
    5864  -0.1822  -3.5230  13.3727   0.0000   0.0000   0.0000
    5865  -1.0121  -4.0138  13.6484   0.0000   0.0000   0.0000
    5866  -0.2170  -4.1121  14.5212   0.0000   0.0000   0.0000
    5867  -0.3371  -4.0195  14.7158   0.0000   0.0000   0.0000
    5868  -0.6813  -4.3277  14.1783   0.0000   0.0000   0.0000
    5869  -0.5641  -4.2532  14.2716   0.0000   0.0000   0.0000
    5870  -0.5468  -4.6327  14.7792   0.0000   0.0000   0.0000
    5871  -0.0788  -5.0609  14.2446   0.0000   0.0000   0.0000
    5872  -0.4711  -4.4730  13.9382   0.0000   0.0000   0.0000
    5873  -0.1870  -4.3907  13.7694   0.0000   0.0000   0.0000
    5874  -0.0479  -5.0912  12.7558   0.0000   0.0000   0.0000
    5875  -0.4562  -4.8023  13.4961   0.0000   0.0000   0.0000
    5876  -0.2240  -4.7430  13.2044   0.0000   0.0000   0.0000
    5877  -0.2234  -5.1546  13.0838   0.0000   0.0000   0.0000
    5878  -0.5045  -4.8026  13.3852   0.0000   0.0000   0.0000
    5879  -0.1095  -5.4535  13.0362   0.0000   0.0000   0.0000
    5880   0.1302  -5.8845  13.7924   0.0000   0.0000   0.0000
    5881   0.2615  -6.0651  13.3427   0.0000   0.0000   0.0000
    5882   0.0933  -6.5555  13.1734   0.0000   0.0000   0.0000
    5883  -0.0287  -6.3151  13.3797   0.0000   0.0000   0.0000
    5884   0.0174  -6.0766  13.4199   0.0000   0.0000   0.0000
    5885  -0.1511  -6.2467  13.6047   0.0000   0.0000   0.0000
    5886  -0.9057  -5.9298  13.8094   0.0000   0.0000   0.0000
    5887  -0.4841  -5.9132  13.2242   0.0000   0.0000   0.0000
    5888  -0.8624  -5.2535  13.0469   0.0000   0.0000   0.0000
    5889  -0.6502  -5.2598  13.4598   0.0000   0.0000   0.0000
    5890  -0.6429  -4.5715  12.7494   0.0000   0.0000   0.0000
    5891  -0.0227  -4.8617  11.9330   0.0000   0.0000   0.0000
    5892  -0.6247  -4.3735  12.4556   0.0000   0.0000   0.0000
    5893  -0.3929  -4.1256  12.5428   0.0000   0.0000   0.0000
    5894  -0.6618  -3.8930  11.8465   0.0000   0.0000   0.0000
    5895  -0.5714  -4.7006  11.9110   0.0000   0.0000   0.0000
    5896   0.4260  -5.1985  11.9993   0.0000   0.0000   0.0000
    5897   0.5111  -4.8493  12.3320   0.0000   0.0000   0.0000
    5898   0.0632  -4.1746  11.8555   0.0000   0.0000   0.0000
    5899   0.0966  -4.5126  11.3026   0.0000   0.0000   0.0000
    5900  -0.6970  -4.2022  10.8598   0.0000   0.0000   0.0000
    5901  -0.3869  -4.5711  11.4795   0.0000   0.0000   0.0000
    5902   0.5534  -5.0630  11.6795   0.0000   0.0000   0.0000
    5903  -0.0999  -5.4293  11.0266   0.0000   0.0000   0.0000
    5904   0.5884  -5.5845  12.7563   0.0000   0.0000   0.0000
    5905   0.3342  -5.3383  12.0003   0.0000   0.0000   0.0000
    5906   0.4903  -5.3336  12.4278   0.0000   0.0000   0.0000
    5907  -0.5515  -4.8291  12.4528   0.0000   0.0000   0.0000
    5908  -0.2464  -4.3500  12.3351   0.0000   0.0000   0.0000
    5909   0.1498  -4.7945  11.8434   0.0000   0.0000   0.0000
    5910  -0.3834  -4.7848  11.9373   0.0000   0.0000   0.0000
    5911  -0.9619  -4.3385  12.2981   0.0000   0.0000   0.0000
    5912  -0.7856  -4.4271  11.7768   0.0000   0.0000   0.0000
    5913  -0.3426  -5.0254  12.3392   0.0000   0.0000   0.0000
    5914  -0.0421  -4.3862  12.7769   0.0000   0.0000   0.0000
    5915   0.0689  -4.7999  13.5337   0.0000   0.0000   0.0000
    5916   0.1737  -4.9485  14.0665   0.0000   0.0000   0.0000
    5917   0.0484  -4.9107  13.0904   0.0000   0.0000   0.0000
    5918  -0.3791  -5.2648  13.5765   0.0000   0.0000   0.0000
    5919   0.0990  -5.2867  13.1950   0.0000   0.0000   0.0000
    5920   0.0486  -5.1023  13.4299   0.0000   0.0000   0.0000
    5921  -0.2301  -5.3918  12.6681   0.0000   0.0000   0.0000
    5922  -0.0907  -5.2889  13.0518   0.0000   0.0000   0.0000
    5923   0.0630  -4.8932  12.3270   0.0000   0.0000   0.0000
    5924  -0.5331  -4.9344  12.9822   0.0000   0.0000   0.0000
    5925  -0.7940  -4.7370  13.7694   0.0000   0.0000   0.0000
    5926  -0.4849  -4.9131  14.1390   0.0000   0.0000   0.0000
    5927   0.7437  -5.9649  14.0449   0.0000   0.0000   0.0000
    5928   0.1414  -5.6873  14.2964   0.0000   0.0000   0.0000
    5929  -0.9699  -5.6970  13.8396   0.0000   0.0000   0.0000
    5930   0.2367  -5.3443  13.7784   0.0000   0.0000   0.0000
    5931  -0.4529  -5.3025  13.5916   0.0000   0.0000   0.0000
    5932  -0.0133  -5.2554  12.8770   0.0000   0.0000   0.0000
    5933  -0.3416  -4.8277  14.0403   0.0000   0.0000   0.0000
    5934  -0.5542  -5.0272  13.8206   0.0000   0.0000   0.0000
    5935   0.3427  -4.7465  13.9045   0.0000   0.0000   0.0000
    5936   0.0170  -4.0952  14.0350   0.0000   0.0000   0.0000
    5937   0.1796  -5.2046  14.4580   0.0000   0.0000   0.0000
    5938  -0.6359  -5.2483  14.3243   0.0000   0.0000   0.0000
    5939  -0.6766  -4.7855  14.5601   0.0000   0.0000   0.0000
    5940  -0.8163  -5.0541  14.6843   0.0000   0.0000   0.0000
    5941  -1.1524  -5.6824  13.9709   0.0000   0.0000   0.0000
    5942  -1.1084  -4.7327  13.6734   0.0000   0.0000   0.0000
    5943  -0.6885  -5.7148  13.7360   0.0000   0.0000   0.0000
    5944  -0.3690  -5.4385  14.1765   0.0000   0.0000   0.0000
    5945  -1.9462  -4.3970  13.9362   0.0000   0.0000   0.0000
    5946   0.5210  -4.8032  13.7399   0.0000   0.0000   0.0000
    5947  -0.8783  -4.3669  14.0633   0.0000   0.0000   0.0000
    5948  -0.2432  -4.3335  14.2129   0.0000   0.0000   0.0000
    5949  -0.4714  -3.5070  14.0972   0.0000   0.0000   0.0000
    5950   0.0590  -4.3596  13.9093   0.0000   0.0000   0.0000
    5951  -0.6917  -4.8888  14.4101   0.0000   0.0000   0.0000
    5952  -0.7253  -4.0708  14.7179   0.0000   0.0000   0.0000
    5953  -0.8949  -4.9193  14.8573   0.0000   0.0000   0.0000
    5954  -0.4115  -5.1342  14.1899   0.0000   0.0000   0.0000
    5955  -0.0077  -4.7963  14.0273   0.0000   0.0000   0.0000
    5956  -0.2773  -4.2641  14.3138   0.0000   0.0000   0.0000
    5957  -0.6992  -5.0234  13.6534   0.0000   0.0000   0.0000
    5958  -0.4977  -4.3044  14.6061   0.0000   0.0000   0.0000
    5959  -1.5683  -4.1858  13.7264   0.0000   0.0000   0.0000
    5960  -1.6877  -3.7203  13.9192   0.0000   0.0000   0.0000
    5961  -0.8231  -3.8301  13.6205   0.0000   0.0000   0.0000
    5962  -1.0635  -4.4147  13.3672   0.0000   0.0000   0.0000
    5963  -0.1489  -4.2371  13.9048   0.0000   0.0000   0.0000
    5964  -0.6045  -4.7831  13.1773   0.0000   0.0000   0.0000
    5965  -0.3179  -4.7653  13.2165   0.0000   0.0000   0.0000
    5966  -0.0563  -4.8124  12.9258   0.0000   0.0000   0.0000
    5967  -0.2603  -4.1580  13.0418   0.0000   0.0000   0.0000
    5968   0.0546  -3.6653  12.5647   0.0000   0.0000   0.0000
    5969   0.0595  -4.3629  12.2489   0.0000   0.0000   0.0000
    5970  -0.4530  -4.7447  12.9937   0.0000   0.0000   0.0000
    5971  -0.4281  -4.1160  13.1737   0.0000   0.0000   0.0000
    5972  -0.6442  -3.9062  14.0657   0.0000   0.0000   0.0000
    5973   0.1503  -4.1394  14.8730   0.0000   0.0000   0.0000
    5974  -0.9957  -4.0365  13.1942   0.0000   0.0000   0.0000
    5975  -0.4468  -3.2938  12.9434   0.0000   0.0000   0.0000
    5976   0.5926  -3.5445  14.6163   0.0000   0.0000   0.0000
    5977   0.1283  -3.9216  13.4172   0.0000   0.0000   0.0000
    5978  -0.5069  -3.5960  13.6111   0.0000   0.0000   0.0000
    5979  -0.2407  -4.0660  13.8794   0.0000   0.0000   0.0000
    5980  -0.0310  -4.6355  13.4884   0.0000   0.0000   0.0000
    5981   0.0370  -4.2725  12.9329   0.0000   0.0000   0.0000
    5982  -0.4723  -4.4118  13.5146   0.0000   0.0000   0.0000
    5983  -1.2839  -4.0958  13.7499   0.0000   0.0000   0.0000
    5984  -0.6732  -4.7612  14.2403   0.0000   0.0000   0.0000
    5985  -0.2218  -4.6093  13.9089   0.0000   0.0000   0.0000
    5986  -0.6424  -4.3309  13.9612   0.0000   0.0000   0.0000
    5987  -0.7885  -4.6703  13.2573   0.0000   0.0000   0.0000
    5988  -0.2556  -4.1363  13.2089   0.0000   0.0000   0.0000
    5989  -0.3529  -3.6781  13.2892   0.0000   0.0000   0.0000
    5990  -0.2331  -3.3801  13.9086   0.0000   0.0000   0.0000
    5991  -0.1374  -3.4199  13.3349   0.0000   0.0000   0.0000
    5992  -0.4773  -3.5567  13.0555   0.0000   0.0000   0.0000
    5993   0.3018  -3.9284  13.2110   0.0000   0.0000   0.0000
    5994   0.0738  -3.7966  12.7811   0.0000   0.0000   0.0000
    5995  -0.3416  -4.4053  13.8183   0.0000   0.0000   0.0000
    5996  -0.7040  -3.7558  13.8899   0.0000   0.0000   0.0000
    5997   0.2608  -4.4716  13.6097   0.0000   0.0000   0.0000
    5998   0.6898  -4.0579  14.1999   0.0000   0.0000   0.0000
    5999  -0.1485  -4.8626  13.4831   0.0000   0.0000   0.0000
    6000  -0.1041  -4.3580  14.0593   0.0000   0.0000   0.0000
