#Frame                                                     D36
       1  -2.5853   4.6283  13.3825   0.0000   0.0000   0.0000
       2  -1.9261   5.2170  12.6584   0.0000   0.0000   0.0000
       3  -1.6069   4.0763  13.1877   0.0000   0.0000   0.0000
       4  -1.8935   4.3659  13.0287   0.0000   0.0000   0.0000
       5  -1.6139   3.9016  12.7808   0.0000   0.0000   0.0000
       6  -1.7069   4.3821  13.2905   0.0000   0.0000   0.0000
       7  -1.3505   4.7090  13.1343   0.0000   0.0000   0.0000
       8  -1.8747   4.5370  12.5799   0.0000   0.0000   0.0000
       9  -1.4081   4.2826  12.4544   0.0000   0.0000   0.0000
      10  -2.1179   4.6559  12.3075   0.0000   0.0000   0.0000
      11  -2.2068   5.0090  11.8874   0.0000   0.0000   0.0000
      12  -2.5185   5.2774  12.0581   0.0000   0.0000   0.0000
      13  -1.4504   4.0726  12.4985   0.0000   0.0000   0.0000
      14  -2.2296   4.7999  11.9616   0.0000   0.0000   0.0000
      15  -1.4023   4.2883  11.4138   0.0000   0.0000   0.0000
      16  -1.5387   4.5937  11.5273   0.0000   0.0000   0.0000
      17  -1.4242   4.3641  11.8006   0.0000   0.0000   0.0000
      18  -1.4214   5.2601  12.2343   0.0000   0.0000   0.0000
      19  -1.3853   4.9122  12.7461   0.0000   0.0000   0.0000
      20  -2.1151   4.4872  12.9783   0.0000   0.0000   0.0000
      21  -0.4079   4.2277  12.9134   0.0000   0.0000   0.0000
      22  -1.0335   5.2224  12.3721   0.0000   0.0000   0.0000
      23  -1.2799   4.7896  12.6225   0.0000   0.0000   0.0000
      24  -1.5126   4.9343  12.3865   0.0000   0.0000   0.0000
      25  -1.6451   5.0154  13.3066   0.0000   0.0000   0.0000
      26  -1.4883   4.5884  12.8716   0.0000   0.0000   0.0000
      27  -1.6151   4.6583  12.4574   0.0000   0.0000   0.0000
      28  -1.9874   4.5255  12.6504   0.0000   0.0000   0.0000
      29  -3.2088   4.7080  12.7290   0.0000   0.0000   0.0000
      30  -3.6851   4.0142  12.8523   0.0000   0.0000   0.0000
      31  -2.1636   4.2369  13.3503   0.0000   0.0000   0.0000
      32  -2.8192   3.8791  13.3027   0.0000   0.0000   0.0000
      33  -2.0866   4.0930  14.1815   0.0000   0.0000   0.0000
      34  -1.7992   3.3462  13.0860   0.0000   0.0000   0.0000
      35  -1.6843   4.7999  12.8239   0.0000   0.0000   0.0000
      36  -2.1514   4.2053  13.3612   0.0000   0.0000   0.0000
      37  -1.6813   3.8528  13.6196   0.0000   0.0000   0.0000
      38  -1.8386   3.2970  14.0313   0.0000   0.0000   0.0000
      39  -2.0216   3.6240  13.6565   0.0000   0.0000   0.0000
      40  -2.0446   4.6622  13.0449   0.0000   0.0000   0.0000
      41  -2.8840   4.7290  13.4376   0.0000   0.0000   0.0000
      42  -2.0889   4.8847  13.0405   0.0000   0.0000   0.0000
      43  -2.4823   4.2406  13.7395   0.0000   0.0000   0.0000
      44  -3.0682   4.9700  13.2784   0.0000   0.0000   0.0000
      45  -2.8245   4.0995  12.7612   0.0000   0.0000   0.0000
      46  -2.7328   3.6683  12.2026   0.0000   0.0000   0.0000
      47  -2.8036   3.8584  12.9218   0.0000   0.0000   0.0000
      48  -2.4478   4.5060  12.5053   0.0000   0.0000   0.0000
      49  -2.4750   3.8986  11.8466   0.0000   0.0000   0.0000
      50  -2.5621   4.9363  11.5873   0.0000   0.0000   0.0000
      51  -2.3998   4.5441  11.6453   0.0000   0.0000   0.0000
      52  -1.9865   4.7415  11.4300   0.0000   0.0000   0.0000
      53  -2.6618   4.7390  11.8267   0.0000   0.0000   0.0000
      54  -1.6000   4.7471  12.0138   0.0000   0.0000   0.0000
      55  -2.6923   4.4953  12.3818   0.0000   0.0000   0.0000
      56  -2.5531   5.2038  12.0712   0.0000   0.0000   0.0000
      57  -1.5187   4.6104  11.6098   0.0000   0.0000   0.0000
      58  -1.3361   4.9366  11.6032   0.0000   0.0000   0.0000
      59  -2.0379   4.0556  11.3171   0.0000   0.0000   0.0000
      60  -1.3803   4.2152  10.7613   0.0000   0.0000   0.0000
      61  -1.7345   3.9740  11.5393   0.0000   0.0000   0.0000
      62  -1.5529   4.7262  11.8767   0.0000   0.0000   0.0000
      63  -1.9012   4.4581  12.4654   0.0000   0.0000   0.0000
      64  -2.3423   4.7926  12.1233   0.0000   0.0000   0.0000
      65  -3.1974   3.8241  11.9745   0.0000   0.0000   0.0000
      66  -3.2817   3.7555  11.5691   0.0000   0.0000   0.0000
      67  -3.5350   3.5576  12.0083   0.0000   0.0000   0.0000
      68  -3.1323   3.4973  11.9775   0.0000   0.0000   0.0000
      69  -3.2354   4.1316  11.8604   0.0000   0.0000   0.0000
      70  -2.9308   3.6830  11.7442   0.0000   0.0000   0.0000
      71  -2.5889   3.9291  11.5206   0.0000   0.0000   0.0000
      72  -2.0633   4.6278  11.8091   0.0000   0.0000   0.0000
      73  -1.9493   4.7411  11.8259   0.0000   0.0000   0.0000
      74  -1.8508   5.0269  11.7347   0.0000   0.0000   0.0000
      75  -2.6000   4.9163  12.7436   0.0000   0.0000   0.0000
      76  -2.4207   5.4199  11.7793   0.0000   0.0000   0.0000
      77  -1.6243   4.9207  11.6759   0.0000   0.0000   0.0000
      78  -2.9648   6.4427  12.2891   0.0000   0.0000   0.0000
      79  -3.0279   6.2349  12.8449   0.0000   0.0000   0.0000
      80  -3.1072   5.6199  13.2562   0.0000   0.0000   0.0000
      81  -3.9979   6.9254  12.4303   0.0000   0.0000   0.0000
      82  -2.8074   6.1416  12.0535   0.0000   0.0000   0.0000
      83  -2.3724   7.4389  12.7475   0.0000   0.0000   0.0000
      84  -1.4833   7.3392  12.9116   0.0000   0.0000   0.0000
      85  -1.9753   6.4198  12.9271   0.0000   0.0000   0.0000
      86  -1.5058   6.2976  13.5978   0.0000   0.0000   0.0000
      87  -2.1947   6.2962  13.0650   0.0000   0.0000   0.0000
      88  -1.8082   6.6588  13.1495   0.0000   0.0000   0.0000
      89  -2.2770   6.5181  12.7924   0.0000   0.0000   0.0000
      90  -2.8821   6.7496  13.2339   0.0000   0.0000   0.0000
      91  -3.8610   6.2390  13.7690   0.0000   0.0000   0.0000
      92  -4.0040   5.7176  13.1045   0.0000   0.0000   0.0000
      93  -3.2230   5.5034  12.9810   0.0000   0.0000   0.0000
      94  -3.2223   5.5924  12.8759   0.0000   0.0000   0.0000
      95  -3.0447   5.1971  13.4760   0.0000   0.0000   0.0000
      96  -3.5144   5.2919  12.9219   0.0000   0.0000   0.0000
      97  -2.9787   5.5581  13.2246   0.0000   0.0000   0.0000
      98  -1.8798   5.8247  12.8525   0.0000   0.0000   0.0000
      99  -2.1085   6.5032  13.2096   0.0000   0.0000   0.0000
     100  -2.7550   6.1883  12.5041   0.0000   0.0000   0.0000
     101  -3.5833   6.2018  12.1976   0.0000   0.0000   0.0000
     102  -2.2731   5.6415  11.8167   0.0000   0.0000   0.0000
     103  -2.9540   6.2091  12.3027   0.0000   0.0000   0.0000
     104  -2.9254   5.5404  12.0895   0.0000   0.0000   0.0000
     105  -3.2175   6.0625  12.4596   0.0000   0.0000   0.0000
     106  -3.6872   5.7731  12.0961   0.0000   0.0000   0.0000
     107  -3.2168   6.9469  12.2903   0.0000   0.0000   0.0000
     108  -3.4256   6.6044  12.9770   0.0000   0.0000   0.0000
     109  -4.1283   5.9572  12.4590   0.0000   0.0000   0.0000
     110  -4.3040   5.7620  12.1307   0.0000   0.0000   0.0000
     111  -3.5063   5.0287  12.0135   0.0000   0.0000   0.0000
     112  -3.7111   4.6949  12.0088   0.0000   0.0000   0.0000
     113  -4.0592   5.7548  11.7990   0.0000   0.0000   0.0000
     114  -4.6402   5.6492  12.4321   0.0000   0.0000   0.0000
     115  -4.1923   5.7397  11.8543   0.0000   0.0000   0.0000
     116  -3.6719   6.1833  11.3765   0.0000   0.0000   0.0000
     117  -3.0670   6.9716  11.5311   0.0000   0.0000   0.0000
     118  -4.1140   6.8047  11.8836   0.0000   0.0000   0.0000
     119  -3.6830   6.5292  12.3148   0.0000   0.0000   0.0000
     120  -3.7573   7.0370  12.3650   0.0000   0.0000   0.0000
     121  -3.1343   6.6880  12.6703   0.0000   0.0000   0.0000
     122  -4.0641   7.7358  12.0601   0.0000   0.0000   0.0000
     123  -3.8414   6.6463  12.8425   0.0000   0.0000   0.0000
     124  -3.5267   6.8761  12.9011   0.0000   0.0000   0.0000
     125  -3.8817   6.7476  13.3599   0.0000   0.0000   0.0000
     126  -3.1175   6.6639  12.7257   0.0000   0.0000   0.0000
     127  -3.6580   6.9583  14.0664   0.0000   0.0000   0.0000
     128  -3.4648   6.5170  13.6610   0.0000   0.0000   0.0000
     129  -2.9705   7.0416  13.9900   0.0000   0.0000   0.0000
     130  -3.3255   6.2602  13.0251   0.0000   0.0000   0.0000
     131  -2.8083   5.7094  13.5632   0.0000   0.0000   0.0000
     132  -2.7841   5.7468  14.6513   0.0000   0.0000   0.0000
     133  -2.8354   6.1880  13.9669   0.0000   0.0000   0.0000
     134  -2.2819   5.0537  14.1757   0.0000   0.0000   0.0000
     135  -2.6571   5.0933  15.0048   0.0000   0.0000   0.0000
     136  -2.7153   6.4726  14.3317   0.0000   0.0000   0.0000
     137  -2.4943   5.5053  14.3141   0.0000   0.0000   0.0000
     138  -2.6091   6.4200  14.6430   0.0000   0.0000   0.0000
     139  -3.1153   5.7581  13.6654   0.0000   0.0000   0.0000
     140  -2.8117   7.0601  13.8391   0.0000   0.0000   0.0000
     141  -2.6116   6.8452  13.5748   0.0000   0.0000   0.0000
     142  -2.3484   6.2206  13.7474   0.0000   0.0000   0.0000
     143  -3.1058   5.7901  13.6273   0.0000   0.0000   0.0000
     144  -3.1969   5.8816  13.1623   0.0000   0.0000   0.0000
     145  -3.6231   6.2463  13.4817   0.0000   0.0000   0.0000
     146  -2.8647   5.6301  13.8721   0.0000   0.0000   0.0000
     147  -3.0137   5.5812  13.5635   0.0000   0.0000   0.0000
     148  -3.4321   6.1365  13.2159   0.0000   0.0000   0.0000
     149  -3.6870   5.2747  13.8804   0.0000   0.0000   0.0000
     150  -3.2458   5.8765  13.7895   0.0000   0.0000   0.0000
     151  -3.0527   5.6323  14.0663   0.0000   0.0000   0.0000
     152  -2.8082   5.4446  14.4772   0.0000   0.0000   0.0000
     153  -2.8628   6.4316  13.5166   0.0000   0.0000   0.0000
     154  -2.5907   5.6486  13.5325   0.0000   0.0000   0.0000
     155  -3.6869   4.8196  13.7905   0.0000   0.0000   0.0000
     156  -3.5146   4.7164  14.0335   0.0000   0.0000   0.0000
     157  -3.9063   5.8981  13.8251   0.0000   0.0000   0.0000
     158  -3.7502   5.5570  13.8305   0.0000   0.0000   0.0000
     159  -3.8689   5.4168  13.7576   0.0000   0.0000   0.0000
     160  -3.6411   5.3365  13.5993   0.0000   0.0000   0.0000
     161  -3.8250   5.7693  13.9965   0.0000   0.0000   0.0000
     162  -3.5283   5.6859  14.5038   0.0000   0.0000   0.0000
     163  -3.2986   5.8896  14.0887   0.0000   0.0000   0.0000
     164  -4.1755   6.1550  14.2037   0.0000   0.0000   0.0000
     165  -3.7501   6.0107  14.3914   0.0000   0.0000   0.0000
     166  -4.3591   5.6976  13.8521   0.0000   0.0000   0.0000
     167  -3.8248   5.3388  13.8141   0.0000   0.0000   0.0000
     168  -3.7314   5.7741  14.3384   0.0000   0.0000   0.0000
     169  -3.7436   5.4242  14.6823   0.0000   0.0000   0.0000
     170  -3.3656   5.2452  15.3001   0.0000   0.0000   0.0000
     171  -2.5135   5.5097  15.3534   0.0000   0.0000   0.0000
     172  -3.9546   4.4330  14.5965   0.0000   0.0000   0.0000
     173  -3.7471   5.2583  14.9950   0.0000   0.0000   0.0000
     174  -3.3570   5.1063  14.8278   0.0000   0.0000   0.0000
     175  -3.8908   5.6939  14.6895   0.0000   0.0000   0.0000
     176  -3.7464   5.7186  14.4713   0.0000   0.0000   0.0000
     177  -3.5494   6.6224  14.5018   0.0000   0.0000   0.0000
     178  -3.5794   4.8877  13.9661   0.0000   0.0000   0.0000
     179  -3.2071   4.9012  14.6689   0.0000   0.0000   0.0000
     180  -3.7502   4.9761  14.4210   0.0000   0.0000   0.0000
     181  -3.4350   5.7896  15.0007   0.0000   0.0000   0.0000
     182  -3.3449   5.1096  15.0548   0.0000   0.0000   0.0000
     183  -4.0299   4.7457  14.8675   0.0000   0.0000   0.0000
     184  -3.5489   6.0206  14.7826   0.0000   0.0000   0.0000
     185  -4.3217   5.7247  15.2079   0.0000   0.0000   0.0000
     186  -4.6683   5.3163  15.3625   0.0000   0.0000   0.0000
     187  -5.1176   6.2547  14.6105   0.0000   0.0000   0.0000
     188  -4.6602   5.4727  15.2131   0.0000   0.0000   0.0000
     189  -4.2079   4.5713  15.2850   0.0000   0.0000   0.0000
     190  -3.6594   4.6061  14.9085   0.0000   0.0000   0.0000
     191  -3.6985   5.0427  15.1036   0.0000   0.0000   0.0000
     192  -3.4931   4.2270  15.7144   0.0000   0.0000   0.0000
     193  -4.4503   4.0735  14.5884   0.0000   0.0000   0.0000
     194  -4.6159   4.7436  14.2184   0.0000   0.0000   0.0000
     195  -4.0076   4.9931  14.6830   0.0000   0.0000   0.0000
     196  -4.2012   4.8457  14.6488   0.0000   0.0000   0.0000
     197  -4.5309   4.6816  14.8783   0.0000   0.0000   0.0000
     198  -4.2969   4.8480  15.2828   0.0000   0.0000   0.0000
     199  -4.3173   4.8913  15.6279   0.0000   0.0000   0.0000
     200  -4.9078   4.9289  15.7028   0.0000   0.0000   0.0000
     201  -4.7550   5.4902  15.2103   0.0000   0.0000   0.0000
     202  -5.0329   5.0632  15.5329   0.0000   0.0000   0.0000
     203  -5.1824   5.5933  15.9534   0.0000   0.0000   0.0000
     204  -4.8112   4.8546  16.6476   0.0000   0.0000   0.0000
     205  -4.9933   5.2629  16.3712   0.0000   0.0000   0.0000
     206  -4.8359   4.9138  16.4001   0.0000   0.0000   0.0000
     207  -4.5317   5.0421  16.6620   0.0000   0.0000   0.0000
     208  -4.4950   4.9612  16.1713   0.0000   0.0000   0.0000
     209  -4.8297   4.2194  16.9259   0.0000   0.0000   0.0000
     210  -4.3716   4.5051  16.0360   0.0000   0.0000   0.0000
     211  -4.3284   5.0106  15.9865   0.0000   0.0000   0.0000
     212  -4.2553   4.9874  15.7652   0.0000   0.0000   0.0000
     213  -4.1764   5.5524  16.0079   0.0000   0.0000   0.0000
     214  -4.8804   5.5121  16.0630   0.0000   0.0000   0.0000
     215  -5.1841   5.2310  15.4686   0.0000   0.0000   0.0000
     216  -5.5394   5.0284  15.7939   0.0000   0.0000   0.0000
     217  -5.0674   5.5601  16.0062   0.0000   0.0000   0.0000
     218  -4.6279   6.4188  15.6387   0.0000   0.0000   0.0000
     219  -5.5078   5.5571  14.9046   0.0000   0.0000   0.0000
     220  -5.4162   5.4007  15.2796   0.0000   0.0000   0.0000
     221  -6.1684   4.5050  15.1957   0.0000   0.0000   0.0000
     222  -5.9681   5.0657  14.9605   0.0000   0.0000   0.0000
     223  -4.8937   5.4750  15.4057   0.0000   0.0000   0.0000
     224  -4.4937   4.8041  15.0593   0.0000   0.0000   0.0000
     225  -4.6198   4.6407  15.4674   0.0000   0.0000   0.0000
     226  -4.6085   5.7596  16.3002   0.0000   0.0000   0.0000
     227  -5.0767   5.2930  16.0866   0.0000   0.0000   0.0000
     228  -4.8773   5.2411  16.4095   0.0000   0.0000   0.0000
     229  -5.3679   5.2253  15.3955   0.0000   0.0000   0.0000
     230  -5.4647   4.8580  15.4605   0.0000   0.0000   0.0000
     231  -5.9008   4.5501  15.8069   0.0000   0.0000   0.0000
     232  -4.9473   4.7103  15.4657   0.0000   0.0000   0.0000
     233  -5.7654   5.0876  16.4369   0.0000   0.0000   0.0000
     234  -5.4400   4.6892  15.3457   0.0000   0.0000   0.0000
     235  -5.0303   4.4867  15.7973   0.0000   0.0000   0.0000
     236  -4.7701   4.5590  15.6198   0.0000   0.0000   0.0000
     237  -5.7284   4.0600  15.6465   0.0000   0.0000   0.0000
     238  -5.0343   3.6051  15.6686   0.0000   0.0000   0.0000
     239  -5.4748   3.5308  15.3862   0.0000   0.0000   0.0000
     240  -5.1864   3.0955  15.5656   0.0000   0.0000   0.0000
     241  -4.6151   3.5114  16.3725   0.0000   0.0000   0.0000
     242  -4.1476   2.9726  16.1228   0.0000   0.0000   0.0000
     243  -4.9580   3.5229  15.6312   0.0000   0.0000   0.0000
     244  -5.3356   4.1210  16.1963   0.0000   0.0000   0.0000
     245  -4.6740   3.8887  16.5731   0.0000   0.0000   0.0000
     246  -5.1004   3.9642  16.6719   0.0000   0.0000   0.0000
     247  -4.5853   4.2030  16.5985   0.0000   0.0000   0.0000
     248  -5.2365   3.0581  16.3763   0.0000   0.0000   0.0000
     249  -5.2098   3.3727  15.9164   0.0000   0.0000   0.0000
     250  -5.6098   3.1685  16.2253   0.0000   0.0000   0.0000
     251  -8.1758   4.5514  12.7020   0.0000   0.0000   0.0000
     252  -7.0333   4.3977  12.8400   0.0000   0.0000   0.0000
     253  -6.6958   4.3147  13.2180   0.0000   0.0000   0.0000
     254  -7.0516   5.0358  12.9173   0.0000   0.0000   0.0000
     255  -7.5598   4.2644  13.5677   0.0000   0.0000   0.0000
     256  -6.4943   5.5954  14.5683   0.0000   0.0000   0.0000
     257  -7.1317   6.1738  13.8375   0.0000   0.0000   0.0000
     258  -7.1473   5.7752  12.6959   0.0000   0.0000   0.0000
     259  -6.8268   6.1578  12.9183   0.0000   0.0000   0.0000
     260  -7.7306   5.9269  13.2994   0.0000   0.0000   0.0000
     261  -6.9502   5.4888  14.0035   0.0000   0.0000   0.0000
     262  -7.9068   5.1758  14.6896   0.0000   0.0000   0.0000
     263  -7.2981   5.8454  14.4324   0.0000   0.0000   0.0000
     264  -7.7362   6.2846  12.4578   0.0000   0.0000   0.0000
     265  -6.4063   5.9270  13.8404   0.0000   0.0000   0.0000
     266  -7.2801   6.6663  13.7777   0.0000   0.0000   0.0000
     267  -6.2852   6.6530  12.9492   0.0000   0.0000   0.0000
     268  -5.3522   6.5926  12.9054   0.0000   0.0000   0.0000
     269  -5.7417   6.6814  13.2607   0.0000   0.0000   0.0000
     270  -5.0796   5.6817  12.7560   0.0000   0.0000   0.0000
     271  -5.8285   5.1921  13.3369   0.0000   0.0000   0.0000
     272  -5.4745   5.6984  13.9166   0.0000   0.0000   0.0000
     273  -6.3165   6.0357  14.3140   0.0000   0.0000   0.0000
     274  -5.6455   5.8213  14.4126   0.0000   0.0000   0.0000
     275  -6.1080   5.5763  13.8868   0.0000   0.0000   0.0000
     276  -6.1395   4.9824  14.1683   0.0000   0.0000   0.0000
     277  -5.6184   4.8094  14.4294   0.0000   0.0000   0.0000
     278  -6.0567   5.5816  13.9068   0.0000   0.0000   0.0000
     279  -6.2513   5.1792  14.1947   0.0000   0.0000   0.0000
     280  -6.0125   5.3235  14.9692   0.0000   0.0000   0.0000
     281  -6.8570   5.4265  15.0929   0.0000   0.0000   0.0000
     282  -6.8756   5.8136  14.2624   0.0000   0.0000   0.0000
     283  -6.0665   5.3402  14.2505   0.0000   0.0000   0.0000
     284  -6.3305   6.1902  13.2401   0.0000   0.0000   0.0000
     285  -5.5449   5.9315  13.6747   0.0000   0.0000   0.0000
     286  -7.0734   6.5198  12.6389   0.0000   0.0000   0.0000
     287  -5.5474   6.0722  13.6561   0.0000   0.0000   0.0000
     288  -5.0269   6.5522  13.6708   0.0000   0.0000   0.0000
     289  -6.0000   6.7332  13.1972   0.0000   0.0000   0.0000
     290  -5.2349   7.3281  13.0222   0.0000   0.0000   0.0000
     291  -5.7695   7.8582  13.0696   0.0000   0.0000   0.0000
     292  -6.0261   7.7422  14.0128   0.0000   0.0000   0.0000
     293  -5.0279   8.1428  13.6789   0.0000   0.0000   0.0000
     294  -4.8612   7.0176  13.6489   0.0000   0.0000   0.0000
     295  -5.2726   7.1675  13.1927   0.0000   0.0000   0.0000
     296  -5.1281   7.3226  13.4247   0.0000   0.0000   0.0000
     297  -5.7828   7.0818  13.3529   0.0000   0.0000   0.0000
     298  -6.0151   6.8345  13.3671   0.0000   0.0000   0.0000
     299  -5.3165   6.2477  13.6846   0.0000   0.0000   0.0000
     300  -5.9573   6.1212  12.8780   0.0000   0.0000   0.0000
     301  -6.9587   6.8586  13.0553   0.0000   0.0000   0.0000
     302  -4.6601   7.2491  13.2739   0.0000   0.0000   0.0000
     303  -5.8226   7.0936  12.2175   0.0000   0.0000   0.0000
     304  -5.2228   7.4040  13.3609   0.0000   0.0000   0.0000
     305  -5.6641   7.1981  12.6039   0.0000   0.0000   0.0000
     306  -5.9198   6.6979  12.6914   0.0000   0.0000   0.0000
     307  -5.1852   5.2382  13.0405   0.0000   0.0000   0.0000
     308  -4.9000   6.8827  12.6549   0.0000   0.0000   0.0000
     309  -4.8173   6.4468  13.2455   0.0000   0.0000   0.0000
     310  -5.2476   7.0778  12.5139   0.0000   0.0000   0.0000
     311  -4.8051   5.6899  13.7382   0.0000   0.0000   0.0000
     312  -4.5864   5.9572  13.2864   0.0000   0.0000   0.0000
     313  -5.3558   5.8810  13.6892   0.0000   0.0000   0.0000
     314  -5.0169   5.6283  13.6956   0.0000   0.0000   0.0000
     315  -5.0073   6.0935  12.7006   0.0000   0.0000   0.0000
     316  -5.3561   5.5694  12.8494   0.0000   0.0000   0.0000
     317  -4.7183   5.6158  13.1895   0.0000   0.0000   0.0000
     318  -5.7111   5.6230  14.4689   0.0000   0.0000   0.0000
     319  -4.6222   5.8721  12.6140   0.0000   0.0000   0.0000
     320  -4.8386   6.0588  13.2503   0.0000   0.0000   0.0000
     321  -5.2187   5.4210  12.7670   0.0000   0.0000   0.0000
     322  -4.6856   5.1745  12.4088   0.0000   0.0000   0.0000
     323  -4.0524   5.1113  12.6988   0.0000   0.0000   0.0000
     324  -3.5664   4.9240  13.7082   0.0000   0.0000   0.0000
     325  -5.1494   4.8692  13.4034   0.0000   0.0000   0.0000
     326  -5.1723   3.8373  14.0045   0.0000   0.0000   0.0000
     327  -4.9411   4.1054  13.4680   0.0000   0.0000   0.0000
     328  -4.9648   4.1592  12.9700   0.0000   0.0000   0.0000
     329  -4.3256   4.2078  12.6793   0.0000   0.0000   0.0000
     330  -4.6798   4.8826  12.7139   0.0000   0.0000   0.0000
     331  -4.3197   4.4752  12.7493   0.0000   0.0000   0.0000
     332  -4.1466   4.8902  12.6753   0.0000   0.0000   0.0000
     333  -4.4777   4.4121  12.2934   0.0000   0.0000   0.0000
     334  -4.5582   5.3638  12.7456   0.0000   0.0000   0.0000
     335  -4.3747   5.4485  13.6305   0.0000   0.0000   0.0000
     336  -4.2012   4.9445  12.3068   0.0000   0.0000   0.0000
     337  -4.3411   5.1838  12.1834   0.0000   0.0000   0.0000
     338  -4.7091   4.6397  12.4939   0.0000   0.0000   0.0000
     339  -3.9122   3.6887  12.4144   0.0000   0.0000   0.0000
     340  -4.5090   4.1938  11.9783   0.0000   0.0000   0.0000
     341  -4.3382   5.1971  12.5311   0.0000   0.0000   0.0000
     342  -3.8417   4.7042  12.6591   0.0000   0.0000   0.0000
     343  -4.6480   3.8828  12.4627   0.0000   0.0000   0.0000
     344  -3.5627   4.2478  12.5899   0.0000   0.0000   0.0000
     345  -3.2481   4.4040  13.1630   0.0000   0.0000   0.0000
     346  -3.7199   2.9282  13.2238   0.0000   0.0000   0.0000
     347  -4.0120   4.2278  12.8213   0.0000   0.0000   0.0000
     348  -4.4394   4.0920  12.7108   0.0000   0.0000   0.0000
     349  -4.1635   3.7527  12.3684   0.0000   0.0000   0.0000
     350  -4.0815   4.7458  12.8731   0.0000   0.0000   0.0000
     351  -4.1557   3.9634  13.0115   0.0000   0.0000   0.0000
     352  -3.8968   4.3659  13.9235   0.0000   0.0000   0.0000
     353  -3.5445   4.6578  13.6295   0.0000   0.0000   0.0000
     354  -3.8006   4.6011  12.9216   0.0000   0.0000   0.0000
     355  -4.5295   4.1833  13.5231   0.0000   0.0000   0.0000
     356  -4.2379   4.0743  13.1125   0.0000   0.0000   0.0000
     357  -5.7200   4.6062  12.8293   0.0000   0.0000   0.0000
     358  -5.3263   4.7642  13.5720   0.0000   0.0000   0.0000
     359  -2.8026   4.6949  13.5866   0.0000   0.0000   0.0000
     360  -4.3005   4.1971  13.9173   0.0000   0.0000   0.0000
     361  -4.2422   5.1886  14.5927   0.0000   0.0000   0.0000
     362  -4.4022   5.2654  13.8545   0.0000   0.0000   0.0000
     363  -3.8782   5.3212  14.0166   0.0000   0.0000   0.0000
     364  -3.8405   4.5786  14.7222   0.0000   0.0000   0.0000
     365  -3.8528   4.8829  13.5574   0.0000   0.0000   0.0000
     366  -3.9187   4.1799  13.9153   0.0000   0.0000   0.0000
     367  -4.4835   5.2512  13.7159   0.0000   0.0000   0.0000
     368  -4.1711   4.6811  14.1237   0.0000   0.0000   0.0000
     369  -3.9742   4.9651  14.1960   0.0000   0.0000   0.0000
     370  -4.0179   5.1563  14.0143   0.0000   0.0000   0.0000
     371  -3.6378   4.1749  15.3988   0.0000   0.0000   0.0000
     372  -4.2346   4.6932  15.6202   0.0000   0.0000   0.0000
     373  -4.3267   4.7515  15.1042   0.0000   0.0000   0.0000
     374  -3.9791   5.8554  15.4708   0.0000   0.0000   0.0000
     375  -4.7580   5.1917  15.3228   0.0000   0.0000   0.0000
     376  -4.2301   4.0787  15.7152   0.0000   0.0000   0.0000
     377  -3.3954   4.6624  16.5969   0.0000   0.0000   0.0000
     378  -4.2591   4.6595  16.0943   0.0000   0.0000   0.0000
     379  -3.4829   3.8480  15.8111   0.0000   0.0000   0.0000
     380  -5.2788   4.2525  16.0673   0.0000   0.0000   0.0000
     381  -4.3247   5.4950  16.2119   0.0000   0.0000   0.0000
     382  -4.1052   5.2538  14.9800   0.0000   0.0000   0.0000
     383  -4.8399   5.6436  15.5319   0.0000   0.0000   0.0000
     384  -4.3433   4.1495  14.2507   0.0000   0.0000   0.0000
     385  -4.1910   5.3390  15.1967   0.0000   0.0000   0.0000
     386  -3.5724   5.5284  15.4851   0.0000   0.0000   0.0000
     387  -5.1450   6.4159  16.2056   0.0000   0.0000   0.0000
     388  -3.5275   6.7850  15.1380   0.0000   0.0000   0.0000
     389  -4.9208   6.6270  15.3940   0.0000   0.0000   0.0000
     390  -5.3170   5.6556  15.3481   0.0000   0.0000   0.0000
     391  -4.5306   6.1641  14.7355   0.0000   0.0000   0.0000
     392  -3.8243   6.2738  14.8181   0.0000   0.0000   0.0000
     393  -5.0892   6.1921  14.4048   0.0000   0.0000   0.0000
     394  -4.1204   5.6869  15.4708   0.0000   0.0000   0.0000
     395  -3.4966   6.4487  14.8074   0.0000   0.0000   0.0000
     396  -4.1354   5.7156  14.6666   0.0000   0.0000   0.0000
     397  -4.5305   5.7766  15.1290   0.0000   0.0000   0.0000
     398  -4.6422   5.9252  15.5229   0.0000   0.0000   0.0000
     399  -4.2609   5.7346  15.2892   0.0000   0.0000   0.0000
     400  -5.0042   5.3370  15.5744   0.0000   0.0000   0.0000
     401  -3.5248   4.8799  15.1988   0.0000   0.0000   0.0000
     402  -4.2788   4.8541  15.1275   0.0000   0.0000   0.0000
     403  -3.2367   4.3081  15.1255   0.0000   0.0000   0.0000
     404  -4.1927   4.8756  15.7123   0.0000   0.0000   0.0000
     405  -4.7901   4.6186  15.0313   0.0000   0.0000   0.0000
     406  -3.6826   4.8603  15.2111   0.0000   0.0000   0.0000
     407  -4.6020   4.6946  15.6232   0.0000   0.0000   0.0000
     408  -4.6447   5.4165  15.3780   0.0000   0.0000   0.0000
     409  -4.7234   5.2228  15.4324   0.0000   0.0000   0.0000
     410  -4.6300   5.3844  15.1080   0.0000   0.0000   0.0000
     411  -4.9618   4.1778  15.3875   0.0000   0.0000   0.0000
     412  -5.1019   4.0526  15.4721   0.0000   0.0000   0.0000
     413  -5.8039   4.3409  15.1552   0.0000   0.0000   0.0000
     414  -6.4118   4.1489  14.4295   0.0000   0.0000   0.0000
     415  -5.9504   4.3356  14.4169   0.0000   0.0000   0.0000
     416  -7.4423   4.4575  14.7244   0.0000   0.0000   0.0000
     417  -5.9870   4.2812  15.5825   0.0000   0.0000   0.0000
     418  -6.7331   4.1468  15.3301   0.0000   0.0000   0.0000
     419  -6.9525   4.0403  15.4331   0.0000   0.0000   0.0000
     420  -6.0297   5.0957  14.9569   0.0000   0.0000   0.0000
     421  -5.6227   4.3699  15.3242   0.0000   0.0000   0.0000
     422  -5.4087   4.5557  15.4071   0.0000   0.0000   0.0000
     423  -5.9582   3.7683  16.1720   0.0000   0.0000   0.0000
     424  -5.1406   3.1674  16.2124   0.0000   0.0000   0.0000
     425  -5.8517   3.0089  16.7307   0.0000   0.0000   0.0000
     426  -6.7665   3.0969  16.5158   0.0000   0.0000   0.0000
     427  -5.5544   3.6025  16.1981   0.0000   0.0000   0.0000
     428  -6.1347   3.6174  15.3624   0.0000   0.0000   0.0000
     429  -5.6240   4.0389  15.6595   0.0000   0.0000   0.0000
     430  -5.8279   4.3382  15.6718   0.0000   0.0000   0.0000
     431  -7.2584   3.7796  15.5235   0.0000   0.0000   0.0000
     432  -6.2911   4.3852  15.1993   0.0000   0.0000   0.0000
     433  -6.0643   3.2196  15.5315   0.0000   0.0000   0.0000
     434  -6.4464   3.1284  15.4654   0.0000   0.0000   0.0000
     435  -6.3248   2.4595  15.8041   0.0000   0.0000   0.0000
     436  -6.9577   2.9387  15.4627   0.0000   0.0000   0.0000
     437  -6.9887   3.2880  16.1737   0.0000   0.0000   0.0000
     438  -6.5971   3.3316  16.0816   0.0000   0.0000   0.0000
     439  -5.8331   2.9847  15.6801   0.0000   0.0000   0.0000
     440  -5.9905   3.2330  16.5081   0.0000   0.0000   0.0000
     441  -5.7343   2.8631  15.9809   0.0000   0.0000   0.0000
     442  -6.3240   4.4097  16.2333   0.0000   0.0000   0.0000
     443  -6.4892   3.7958  15.9165   0.0000   0.0000   0.0000
     444  -6.7424   3.7158  15.9362   0.0000   0.0000   0.0000
     445  -6.4361   4.2387  15.7091   0.0000   0.0000   0.0000
     446  -6.5627   3.9618  16.1025   0.0000   0.0000   0.0000
     447  -6.8292   3.7131  15.9796   0.0000   0.0000   0.0000
     448  -7.0585   4.3285  16.4931   0.0000   0.0000   0.0000
     449  -5.8166   4.0087  15.8731   0.0000   0.0000   0.0000
     450  -5.4780   4.6675  16.4535   0.0000   0.0000   0.0000
     451  -5.6366   3.6365  15.9661   0.0000   0.0000   0.0000
     452  -5.3095   3.5875  16.1912   0.0000   0.0000   0.0000
     453  -5.3334   3.8074  15.4532   0.0000   0.0000   0.0000
     454  -5.3702   4.5316  15.9503   0.0000   0.0000   0.0000
     455  -5.4310   4.2648  15.6214   0.0000   0.0000   0.0000
     456  -4.5718   5.1868  15.4542   0.0000   0.0000   0.0000
     457  -5.1434   4.8402  15.4575   0.0000   0.0000   0.0000
     458  -5.1871   4.5548  15.9786   0.0000   0.0000   0.0000
     459  -5.4094   3.7668  16.6893   0.0000   0.0000   0.0000
     460  -5.0551   4.2104  16.4978   0.0000   0.0000   0.0000
     461  -5.1027   4.3648  16.1797   0.0000   0.0000   0.0000
     462  -5.7240   3.9082  16.3326   0.0000   0.0000   0.0000
     463  -6.7611   4.3739  15.3551   0.0000   0.0000   0.0000
     464  -6.4797   3.3551  16.2136   0.0000   0.0000   0.0000
     465  -6.3015   3.6980  16.1792   0.0000   0.0000   0.0000
     466  -5.5117   3.6523  15.2300   0.0000   0.0000   0.0000
     467  -5.6495   3.8437  15.4598   0.0000   0.0000   0.0000
     468  -5.7618   4.2172  14.8996   0.0000   0.0000   0.0000
     469  -5.7401   3.5318  14.9080   0.0000   0.0000   0.0000
     470  -5.7045   3.3688  15.2806   0.0000   0.0000   0.0000
     471  -5.5322   3.1470  15.4894   0.0000   0.0000   0.0000
     472  -6.0001   4.1192  14.3342   0.0000   0.0000   0.0000
     473  -5.9924   3.7166  15.2967   0.0000   0.0000   0.0000
     474  -5.2600   2.5438  15.4106   0.0000   0.0000   0.0000
     475  -4.2798   3.3622  15.0435   0.0000   0.0000   0.0000
     476  -4.9704   2.7656  15.4522   0.0000   0.0000   0.0000
     477  -5.0830   3.5860  15.7861   0.0000   0.0000   0.0000
     478  -5.1797   3.0380  15.8054   0.0000   0.0000   0.0000
     479  -4.5340   2.7514  16.2113   0.0000   0.0000   0.0000
     480  -4.6626   3.8120  15.7162   0.0000   0.0000   0.0000
     481  -5.0493   3.3355  15.3033   0.0000   0.0000   0.0000
     482  -4.9494   4.1878  15.1214   0.0000   0.0000   0.0000
     483  -5.5634   3.4607  15.0744   0.0000   0.0000   0.0000
     484  -5.0101   3.1637  15.3572   0.0000   0.0000   0.0000
     485  -5.2283   3.0066  15.4612   0.0000   0.0000   0.0000
     486  -5.1466   3.9828  14.6665   0.0000   0.0000   0.0000
     487  -4.6944   4.1070  14.8766   0.0000   0.0000   0.0000
     488  -5.2698   3.7264  14.7832   0.0000   0.0000   0.0000
     489  -4.4900   3.7406  15.1899   0.0000   0.0000   0.0000
     490  -4.6930   4.2976  14.4500   0.0000   0.0000   0.0000
     491  -4.9040   3.8058  15.2375   0.0000   0.0000   0.0000
     492  -4.1577   4.2499  15.1882   0.0000   0.0000   0.0000
     493  -4.9480   4.1692  15.7764   0.0000   0.0000   0.0000
     494  -5.0037   3.3409  16.7701   0.0000   0.0000   0.0000
     495  -5.1763   3.9638  15.2523   0.0000   0.0000   0.0000
     496  -4.6258   4.0813  15.5438   0.0000   0.0000   0.0000
     497  -5.8064   4.9801  15.4754   0.0000   0.0000   0.0000
     498  -4.9931   3.7249  15.3140   0.0000   0.0000   0.0000
     499  -5.0924   3.4608  15.2202   0.0000   0.0000   0.0000
     500  -5.4099   4.0380  14.8274   0.0000   0.0000   0.0000
     501  -4.7099   5.0925  14.9686   0.0000   0.0000   0.0000
     502  -6.0071   4.9549  14.8441   0.0000   0.0000   0.0000
     503  -5.1540   4.7125  14.4781   0.0000   0.0000   0.0000
     504  -5.0001   4.2599  14.4924   0.0000   0.0000   0.0000
     505  -4.5238   4.4380  14.4800   0.0000   0.0000   0.0000
     506  -4.5860   3.9426  14.6801   0.0000   0.0000   0.0000
     507  -5.1160   3.6411  15.0294   0.0000   0.0000   0.0000
     508  -4.8646   4.5339  14.3625   0.0000   0.0000   0.0000
     509  -4.7758   4.4188  13.9491   0.0000   0.0000   0.0000
     510  -4.7904   4.1303  14.5397   0.0000   0.0000   0.0000
     511  -4.3569   4.4030  13.9904   0.0000   0.0000   0.0000
     512  -4.7357   4.3808  15.2419   0.0000   0.0000   0.0000
     513  -4.3359   4.8344  14.4774   0.0000   0.0000   0.0000
     514  -4.3521   5.1176  15.1332   0.0000   0.0000   0.0000
     515  -4.8442   5.1927  14.4556   0.0000   0.0000   0.0000
     516  -3.9462   4.8469  14.4902   0.0000   0.0000   0.0000
     517  -4.4099   4.2039  14.2326   0.0000   0.0000   0.0000
     518  -4.0782   4.8350  14.7937   0.0000   0.0000   0.0000
     519  -4.8548   4.4873  13.8508   0.0000   0.0000   0.0000
     520  -4.6144   4.2932  14.4243   0.0000   0.0000   0.0000
     521  -4.6623   4.7631  14.0143   0.0000   0.0000   0.0000
     522  -4.4060   4.9237  14.2603   0.0000   0.0000   0.0000
     523  -5.4736   4.4356  14.3423   0.0000   0.0000   0.0000
     524  -5.9892   3.7945  14.5464   0.0000   0.0000   0.0000
     525  -6.0725   3.7568  14.2641   0.0000   0.0000   0.0000
     526  -5.8179   3.6914  13.8618   0.0000   0.0000   0.0000
     527  -5.1033   3.8492  14.2012   0.0000   0.0000   0.0000
     528  -5.1481   4.0832  14.5153   0.0000   0.0000   0.0000
     529  -5.7032   3.4877  14.8828   0.0000   0.0000   0.0000
     530  -4.3122   3.6185  13.9485   0.0000   0.0000   0.0000
     531  -4.2522   3.6259  14.3434   0.0000   0.0000   0.0000
     532  -4.3413   4.9139  14.5561   0.0000   0.0000   0.0000
     533  -4.5429   4.5497  15.0607   0.0000   0.0000   0.0000
     534  -4.1413   4.4446  15.3249   0.0000   0.0000   0.0000
     535  -4.2399   3.7476  15.0357   0.0000   0.0000   0.0000
     536  -4.1113   3.7854  15.0562   0.0000   0.0000   0.0000
     537  -3.7949   4.0060  14.4372   0.0000   0.0000   0.0000
     538  -4.2708   4.4038  14.3606   0.0000   0.0000   0.0000
     539  -4.2073   3.7380  14.8200   0.0000   0.0000   0.0000
     540  -4.0286   3.3856  14.0443   0.0000   0.0000   0.0000
     541  -3.9585   4.6818  13.5122   0.0000   0.0000   0.0000
     542  -4.2276   3.8471  14.5614   0.0000   0.0000   0.0000
     543  -3.3461   4.5114  14.9618   0.0000   0.0000   0.0000
     544  -3.1960   4.7117  15.5736   0.0000   0.0000   0.0000
     545  -3.2644   4.4309  14.9898   0.0000   0.0000   0.0000
     546  -3.7555   3.9046  14.7561   0.0000   0.0000   0.0000
     547  -3.8878   4.6688  14.8169   0.0000   0.0000   0.0000
     548  -3.7296   3.9245  15.1903   0.0000   0.0000   0.0000
     549  -2.7801   4.6123  15.0166   0.0000   0.0000   0.0000
     550  -3.8561   4.7198  14.2545   0.0000   0.0000   0.0000
     551  -3.1248   4.1369  14.6108   0.0000   0.0000   0.0000
     552  -2.5256   4.5607  14.9020   0.0000   0.0000   0.0000
     553  -2.4520   5.3284  14.8419   0.0000   0.0000   0.0000
     554  -3.3978   4.6049  15.8678   0.0000   0.0000   0.0000
     555  -3.1855   4.9265  15.5996   0.0000   0.0000   0.0000
     556  -2.3274   5.1090  16.0208   0.0000   0.0000   0.0000
     557  -3.4238   4.7170  15.5993   0.0000   0.0000   0.0000
     558  -3.5767   5.3559  16.0360   0.0000   0.0000   0.0000
     559  -3.1344   4.9805  16.5308   0.0000   0.0000   0.0000
     560  -3.3973   5.1197  16.0545   0.0000   0.0000   0.0000
     561  -3.5127   4.2702  15.0438   0.0000   0.0000   0.0000
     562  -2.8774   4.7213  15.9089   0.0000   0.0000   0.0000
     563  -3.0737   4.4146  15.9044   0.0000   0.0000   0.0000
     564  -4.0139   4.4487  15.9238   0.0000   0.0000   0.0000
     565  -3.4325   4.8269  16.7991   0.0000   0.0000   0.0000
     566  -3.7608   3.9778  16.0091   0.0000   0.0000   0.0000
     567  -4.0578   3.7387  15.4049   0.0000   0.0000   0.0000
     568  -4.6865   4.1683  15.6731   0.0000   0.0000   0.0000
     569  -4.6134   4.8325  16.0029   0.0000   0.0000   0.0000
     570  -4.7937   4.2234  15.9872   0.0000   0.0000   0.0000
     571  -4.9669   4.6412  15.9494   0.0000   0.0000   0.0000
     572  -5.0722   4.3828  16.8792   0.0000   0.0000   0.0000
     573  -4.6522   4.8542  16.1232   0.0000   0.0000   0.0000
     574  -3.8629   4.3882  15.9529   0.0000   0.0000   0.0000
     575  -3.8455   4.1553  15.9356   0.0000   0.0000   0.0000
     576  -3.3306   3.5850  16.4158   0.0000   0.0000   0.0000
     577  -3.7982   3.8902  16.7371   0.0000   0.0000   0.0000
     578  -3.8783   3.9264  16.4394   0.0000   0.0000   0.0000
     579  -2.8783   3.5885  17.0528   0.0000   0.0000   0.0000
     580  -2.8266   3.3367  16.7570   0.0000   0.0000   0.0000
     581  -3.4318   3.6167  16.5690   0.0000   0.0000   0.0000
     582  -3.3200   3.5584  17.0985   0.0000   0.0000   0.0000
     583  -3.6682   2.6451  16.3572   0.0000   0.0000   0.0000
     584  -3.2211   3.2441  16.0577   0.0000   0.0000   0.0000
     585  -2.8743   4.3769  16.2575   0.0000   0.0000   0.0000
     586  -1.9947   2.8297  17.6486   0.0000   0.0000   0.0000
     587  -3.0489   3.4792  16.7598   0.0000   0.0000   0.0000
     588  -3.6897   3.5463  16.8326   0.0000   0.0000   0.0000
     589  -3.3858   3.4151  17.1732   0.0000   0.0000   0.0000
     590  -2.6264   3.7471  16.3490   0.0000   0.0000   0.0000
     591  -2.5672   3.3227  16.4498   0.0000   0.0000   0.0000
     592  -3.0489   3.5719  17.1618   0.0000   0.0000   0.0000
     593  -2.2391   3.6023  18.1048   0.0000   0.0000   0.0000
     594  -2.9004   2.8845  17.4536   0.0000   0.0000   0.0000
     595  -3.4139   3.7488  16.9542   0.0000   0.0000   0.0000
     596  -2.5299   3.5124  17.3388   0.0000   0.0000   0.0000
     597  -2.7472   3.8974  17.2152   0.0000   0.0000   0.0000
     598  -2.4160   4.4607  16.6220   0.0000   0.0000   0.0000
     599  -2.5453   5.2170  16.6915   0.0000   0.0000   0.0000
     600  -2.1796   3.2878  16.6130   0.0000   0.0000   0.0000
     601  -2.8026   3.5591  17.0458   0.0000   0.0000   0.0000
     602  -3.0166   3.4929  16.8846   0.0000   0.0000   0.0000
     603  -2.8235   3.9193  16.9322   0.0000   0.0000   0.0000
     604  -2.1185   3.7332  16.8364   0.0000   0.0000   0.0000
     605  -2.6861   3.3844  17.4275   0.0000   0.0000   0.0000
     606  -1.7320   3.2736  17.7102   0.0000   0.0000   0.0000
     607  -2.4480   4.1557  17.2628   0.0000   0.0000   0.0000
     608  -2.3881   4.4746  16.9880   0.0000   0.0000   0.0000
     609  -1.8196   2.9973  17.6494   0.0000   0.0000   0.0000
     610  -1.5031   2.6848  18.0042   0.0000   0.0000   0.0000
     611  -2.0329   2.6737  17.6479   0.0000   0.0000   0.0000
     612  -1.2699   3.4729  18.1028   0.0000   0.0000   0.0000
     613  -2.3475   3.7980  18.7292   0.0000   0.0000   0.0000
     614  -2.7471   3.6876  17.6489   0.0000   0.0000   0.0000
     615  -2.9676   3.6455  18.4027   0.0000   0.0000   0.0000
     616  -3.2225   2.5600  17.7153   0.0000   0.0000   0.0000
     617  -2.5231   2.9006  17.4473   0.0000   0.0000   0.0000
     618  -2.7497   2.7045  17.2982   0.0000   0.0000   0.0000
     619  -2.9991   2.9824  17.8013   0.0000   0.0000   0.0000
     620  -1.7858   4.2544  17.7050   0.0000   0.0000   0.0000
     621  -1.7853   3.9293  17.3272   0.0000   0.0000   0.0000
     622  -3.8351   4.4970  17.3439   0.0000   0.0000   0.0000
     623  -2.3786   4.3751  17.2052   0.0000   0.0000   0.0000
     624  -1.9906   3.4935  16.9254   0.0000   0.0000   0.0000
     625  -3.0286   2.9157  17.5175   0.0000   0.0000   0.0000
     626  -2.4164   3.6396  17.9459   0.0000   0.0000   0.0000
     627  -2.9915   3.3129  18.4327   0.0000   0.0000   0.0000
     628  -2.3470   4.3743  17.7245   0.0000   0.0000   0.0000
     629  -2.1494   3.1620  17.0910   0.0000   0.0000   0.0000
     630  -2.7965   4.8314  16.8229   0.0000   0.0000   0.0000
     631  -3.0077   4.1619  17.3447   0.0000   0.0000   0.0000
     632  -3.4325   3.9529  17.5272   0.0000   0.0000   0.0000
     633  -2.7264   3.2790  17.7645   0.0000   0.0000   0.0000
     634  -1.8667   3.7084  17.5327   0.0000   0.0000   0.0000
     635  -2.5311   3.8682  18.0481   0.0000   0.0000   0.0000
     636  -1.7596   4.6400  18.0840   0.0000   0.0000   0.0000
     637  -1.7832   3.4560  17.5899   0.0000   0.0000   0.0000
     638  -2.2839   3.9088  17.3481   0.0000   0.0000   0.0000
     639  -3.4569   3.9276  16.4886   0.0000   0.0000   0.0000
     640  -3.3010   4.0851  17.3165   0.0000   0.0000   0.0000
     641  -2.6789   3.3291  17.5579   0.0000   0.0000   0.0000
     642  -2.3379   4.0089  16.8930   0.0000   0.0000   0.0000
     643  -1.4597   3.3673  17.7694   0.0000   0.0000   0.0000
     644  -1.7715   4.4444  17.1018   0.0000   0.0000   0.0000
     645  -1.5820   3.5872  16.3893   0.0000   0.0000   0.0000
     646  -1.0470   4.2344  16.5353   0.0000   0.0000   0.0000
     647  -0.9412   3.5673  16.3695   0.0000   0.0000   0.0000
     648  -1.3497   3.8292  16.2560   0.0000   0.0000   0.0000
     649  -0.6726   4.7809  16.1108   0.0000   0.0000   0.0000
     650  -1.5351   5.0348  16.6923   0.0000   0.0000   0.0000
     651  -1.9032   3.7425  16.7141   0.0000   0.0000   0.0000
     652  -0.9819   4.1663  16.6590   0.0000   0.0000   0.0000
     653  -1.1397   4.8838  16.1898   0.0000   0.0000   0.0000
     654  -1.6113   4.5834  16.1583   0.0000   0.0000   0.0000
     655  -1.6699   4.5415  16.3228   0.0000   0.0000   0.0000
     656  -1.4658   4.2244  16.5332   0.0000   0.0000   0.0000
     657  -1.1621   3.7669  17.4440   0.0000   0.0000   0.0000
     658  -0.9664   3.7325  16.3237   0.0000   0.0000   0.0000
     659  -1.4134   3.7767  16.1360   0.0000   0.0000   0.0000
     660  -0.8856   4.4007  16.5244   0.0000   0.0000   0.0000
     661  -1.0835   3.9185  17.0582   0.0000   0.0000   0.0000
     662  -1.2327   3.9394  15.5096   0.0000   0.0000   0.0000
     663  -1.7468   3.9808  16.1430   0.0000   0.0000   0.0000
     664  -1.2418   3.6932  15.7789   0.0000   0.0000   0.0000
     665  -1.2936   4.7380  16.0086   0.0000   0.0000   0.0000
     666  -1.5236   4.2212  16.8038   0.0000   0.0000   0.0000
     667  -1.2788   4.6701  16.0562   0.0000   0.0000   0.0000
     668  -1.2798   4.2634  16.0236   0.0000   0.0000   0.0000
     669  -1.8316   5.2382  16.3710   0.0000   0.0000   0.0000
     670  -1.5064   4.8439  16.4291   0.0000   0.0000   0.0000
     671  -1.0311   5.0424  16.5691   0.0000   0.0000   0.0000
     672  -0.6398   4.5500  16.6812   0.0000   0.0000   0.0000
     673  -0.9402   4.2414  17.0622   0.0000   0.0000   0.0000
     674  -0.5080   5.0031  17.0233   0.0000   0.0000   0.0000
     675  -0.6639   5.2349  17.1321   0.0000   0.0000   0.0000
     676  -0.8822   5.0455  17.2466   0.0000   0.0000   0.0000
     677  -0.6851   5.6917  16.6136   0.0000   0.0000   0.0000
     678  -0.9396   5.0840  17.4749   0.0000   0.0000   0.0000
     679  -0.1677   5.2032  17.8180   0.0000   0.0000   0.0000
     680  -1.3846   4.9353  17.3519   0.0000   0.0000   0.0000
     681  -2.8264   4.4825  17.5246   0.0000   0.0000   0.0000
     682  -1.5662   5.7693  17.0624   0.0000   0.0000   0.0000
     683  -1.6268   5.2648  16.7794   0.0000   0.0000   0.0000
     684  -2.1877   5.0504  16.5957   0.0000   0.0000   0.0000
     685  -1.7333   4.5057  17.1211   0.0000   0.0000   0.0000
     686  -1.7357   4.8918  17.5534   0.0000   0.0000   0.0000
     687  -1.6462   4.3468  16.9096   0.0000   0.0000   0.0000
     688  -1.8626   4.4843  17.1600   0.0000   0.0000   0.0000
     689  -0.7932   3.9669  16.2548   0.0000   0.0000   0.0000
     690  -1.1346   3.4288  16.0211   0.0000   0.0000   0.0000
     691  -0.5785   4.6892  16.0764   0.0000   0.0000   0.0000
     692  -0.7395   4.2327  15.9980   0.0000   0.0000   0.0000
     693  -1.4669   4.2727  16.1328   0.0000   0.0000   0.0000
     694  -0.6870   3.8512  16.5061   0.0000   0.0000   0.0000
     695  -0.6498   4.1610  16.5973   0.0000   0.0000   0.0000
     696  -1.1027   3.8139  16.2061   0.0000   0.0000   0.0000
     697  -0.8747   3.5159  15.6442   0.0000   0.0000   0.0000
     698  -2.3388   3.4391  16.7512   0.0000   0.0000   0.0000
     699  -1.3617   3.6505  16.6231   0.0000   0.0000   0.0000
     700  -1.6062   3.1432  16.9146   0.0000   0.0000   0.0000
     701  -2.4247   4.8711  16.8119   0.0000   0.0000   0.0000
     702  -1.8019   4.2143  15.7433   0.0000   0.0000   0.0000
     703  -2.1300   4.1127  17.1542   0.0000   0.0000   0.0000
     704  -2.1462   3.9405  17.2324   0.0000   0.0000   0.0000
     705  -1.5728   3.4940  16.5428   0.0000   0.0000   0.0000
     706  -2.4362   3.7704  16.1267   0.0000   0.0000   0.0000
     707  -2.4218   4.3390  16.9101   0.0000   0.0000   0.0000
     708  -2.8084   3.9004  16.3924   0.0000   0.0000   0.0000
     709  -2.5803   4.5836  15.5369   0.0000   0.0000   0.0000
     710  -3.2189   4.8416  15.6730   0.0000   0.0000   0.0000
     711  -1.7087   4.3955  16.4030   0.0000   0.0000   0.0000
     712  -1.8538   5.0512  16.0492   0.0000   0.0000   0.0000
     713  -1.9976   4.5084  16.7527   0.0000   0.0000   0.0000
     714  -1.5334   5.1548  17.5047   0.0000   0.0000   0.0000
     715  -1.3445   4.3110  16.7779   0.0000   0.0000   0.0000
     716  -1.0304   4.4871  16.4867   0.0000   0.0000   0.0000
     717  -1.3890   4.6347  16.2559   0.0000   0.0000   0.0000
     718  -1.9753   4.6780  16.6488   0.0000   0.0000   0.0000
     719  -1.7788   4.6846  16.3503   0.0000   0.0000   0.0000
     720  -2.0882   4.9437  16.7416   0.0000   0.0000   0.0000
     721  -1.9604   4.2927  16.3751   0.0000   0.0000   0.0000
     722  -1.9482   4.1959  16.8359   0.0000   0.0000   0.0000
     723  -2.2821   4.9000  17.5430   0.0000   0.0000   0.0000
     724  -2.5856   5.3661  16.5103   0.0000   0.0000   0.0000
     725  -2.2791   5.3539  16.6973   0.0000   0.0000   0.0000
     726  -1.6402   5.0935  17.2514   0.0000   0.0000   0.0000
     727  -2.6865   5.0128  17.1733   0.0000   0.0000   0.0000
     728  -2.0542   4.2611  17.0568   0.0000   0.0000   0.0000
     729  -2.3159   3.2090  17.9481   0.0000   0.0000   0.0000
     730  -0.9574   4.4248  17.0424   0.0000   0.0000   0.0000
     731  -1.6096   4.6432  18.0535   0.0000   0.0000   0.0000
     732  -1.7408   4.2499  16.9023   0.0000   0.0000   0.0000
     733  -1.1561   3.8789  17.0725   0.0000   0.0000   0.0000
     734  -1.3774   3.9413  16.3356   0.0000   0.0000   0.0000
     735  -1.5513   4.1492  15.8965   0.0000   0.0000   0.0000
     736  -1.3500   5.1579  16.4882   0.0000   0.0000   0.0000
     737  -2.0852   5.0128  15.9500   0.0000   0.0000   0.0000
     738  -1.6920   5.3497  16.5186   0.0000   0.0000   0.0000
     739  -1.3864   4.9531  15.5911   0.0000   0.0000   0.0000
     740  -1.6446   4.7524  16.7870   0.0000   0.0000   0.0000
     741  -1.0665   5.0812  16.1100   0.0000   0.0000   0.0000
     742   0.2247   4.8978  16.6084   0.0000   0.0000   0.0000
     743  -0.5893   3.7267  15.5778   0.0000   0.0000   0.0000
     744  -0.6046   5.3908  16.0861   0.0000   0.0000   0.0000
     745   0.0060   5.1311  15.7167   0.0000   0.0000   0.0000
     746  -1.3442   5.6447  16.2504   0.0000   0.0000   0.0000
     747  -0.7982   4.6159  16.8341   0.0000   0.0000   0.0000
     748  -1.7759   4.6224  16.6411   0.0000   0.0000   0.0000
     749  -1.3142   4.3488  16.6572   0.0000   0.0000   0.0000
     750  -0.6145   4.2689  16.4834   0.0000   0.0000   0.0000
     751  -0.9458   5.2085  17.4849   0.0000   0.0000   0.0000
     752  -1.0432   4.8588  17.4141   0.0000   0.0000   0.0000
     753  -0.9498   5.0000  17.3286   0.0000   0.0000   0.0000
     754  -1.3996   5.4462  17.5500   0.0000   0.0000   0.0000
     755  -1.1533   6.0464  17.8257   0.0000   0.0000   0.0000
     756  -1.1249   5.8525  17.3451   0.0000   0.0000   0.0000
     757  -0.7421   4.8471  18.5410   0.0000   0.0000   0.0000
     758  -0.7843   4.4997  18.2880   0.0000   0.0000   0.0000
     759  -1.7809   3.8145  18.6063   0.0000   0.0000   0.0000
     760  -1.3967   4.1046  19.4603   0.0000   0.0000   0.0000
     761  -1.6555   3.8119  18.5759   0.0000   0.0000   0.0000
     762  -1.6087   4.5104  17.7803   0.0000   0.0000   0.0000
     763  -1.1030   3.7998  17.8255   0.0000   0.0000   0.0000
     764  -1.4425   4.1544  18.0611   0.0000   0.0000   0.0000
     765  -1.5669   4.5024  18.0048   0.0000   0.0000   0.0000
     766  -1.7563   5.0634  17.5870   0.0000   0.0000   0.0000
     767  -2.4009   4.3230  18.1525   0.0000   0.0000   0.0000
     768  -2.8068   4.7661  18.4998   0.0000   0.0000   0.0000
     769  -1.4709   4.8240  17.3755   0.0000   0.0000   0.0000
     770  -2.6723   4.3029  17.7015   0.0000   0.0000   0.0000
     771  -2.3261   4.1497  17.8022   0.0000   0.0000   0.0000
     772  -2.0204   4.6923  16.6961   0.0000   0.0000   0.0000
     773  -2.2110   5.1933  16.4445   0.0000   0.0000   0.0000
     774  -2.1844   5.6158  16.6856   0.0000   0.0000   0.0000
     775  -2.3590   4.7152  16.5476   0.0000   0.0000   0.0000
     776  -2.1359   4.4287  16.5909   0.0000   0.0000   0.0000
     777  -1.9262   4.1788  16.4155   0.0000   0.0000   0.0000
     778  -1.9004   3.3204  16.4466   0.0000   0.0000   0.0000
     779  -2.1018   4.1494  17.5745   0.0000   0.0000   0.0000
     780  -1.3808   2.6249  17.6338   0.0000   0.0000   0.0000
     781  -1.7891   4.2822  17.3947   0.0000   0.0000   0.0000
     782  -1.1887   4.3781  17.3056   0.0000   0.0000   0.0000
     783  -0.3145   4.3274  17.1593   0.0000   0.0000   0.0000
     784  -0.9150   4.0191  18.0221   0.0000   0.0000   0.0000
     785  -1.5912   4.7240  17.3074   0.0000   0.0000   0.0000
     786  -1.5916   4.3339  16.4458   0.0000   0.0000   0.0000
     787  -1.5562   3.9774  17.0286   0.0000   0.0000   0.0000
     788  -0.9022   2.7674  15.3412   0.0000   0.0000   0.0000
     789  -1.2292   3.4669  17.2225   0.0000   0.0000   0.0000
     790  -2.0148   3.6508  17.1530   0.0000   0.0000   0.0000
     791  -1.8853   4.2607  17.1595   0.0000   0.0000   0.0000
     792  -2.2093   3.9959  17.2017   0.0000   0.0000   0.0000
     793  -2.4678   3.6187  17.0895   0.0000   0.0000   0.0000
     794  -1.3028   3.1038  16.9442   0.0000   0.0000   0.0000
     795  -1.3941   3.1040  17.1120   0.0000   0.0000   0.0000
     796  -0.7675   2.7906  16.7199   0.0000   0.0000   0.0000
     797  -1.9375   3.0794  17.5504   0.0000   0.0000   0.0000
     798  -1.5088   3.1229  16.4276   0.0000   0.0000   0.0000
     799  -1.6847   2.0702  17.2124   0.0000   0.0000   0.0000
     800  -2.0353   1.6790  16.7825   0.0000   0.0000   0.0000
     801  -1.7930   2.9326  16.6140   0.0000   0.0000   0.0000
     802  -0.9908   3.1454  16.6722   0.0000   0.0000   0.0000
     803  -1.1306   2.5460  16.0735   0.0000   0.0000   0.0000
     804  -0.9809   3.1813  16.6029   0.0000   0.0000   0.0000
     805  -1.8228   4.0283  17.5317   0.0000   0.0000   0.0000
     806  -1.6020   2.9929  17.2872   0.0000   0.0000   0.0000
     807  -2.1405   2.8629  17.0659   0.0000   0.0000   0.0000
     808  -1.7525   4.4289  16.8476   0.0000   0.0000   0.0000
     809  -1.0100   3.7801  16.8815   0.0000   0.0000   0.0000
     810  -2.1220   3.8483  17.0052   0.0000   0.0000   0.0000
     811  -1.6634   3.8225  17.5877   0.0000   0.0000   0.0000
     812  -1.4965   4.1983  17.6694   0.0000   0.0000   0.0000
     813  -1.6320   3.2651  17.6396   0.0000   0.0000   0.0000
     814  -0.6744   3.5468  17.8364   0.0000   0.0000   0.0000
     815  -1.6929   3.9748  16.4377   0.0000   0.0000   0.0000
     816  -2.2407   3.9887  16.7065   0.0000   0.0000   0.0000
     817  -2.1944   3.2267  17.5639   0.0000   0.0000   0.0000
     818  -2.0361   3.1588  17.4081   0.0000   0.0000   0.0000
     819  -1.9484   3.4268  17.1556   0.0000   0.0000   0.0000
     820  -1.5040   3.4375  18.0142   0.0000   0.0000   0.0000
     821  -1.8229   3.3509  17.7045   0.0000   0.0000   0.0000
     822  -2.4347   3.0433  16.9325   0.0000   0.0000   0.0000
     823  -1.9593   2.8838  17.3101   0.0000   0.0000   0.0000
     824  -1.5924   2.8602  17.2957   0.0000   0.0000   0.0000
     825  -1.2591   3.2949  18.4074   0.0000   0.0000   0.0000
     826  -1.6215   3.2293  18.3405   0.0000   0.0000   0.0000
     827  -0.8632   1.7926  18.9698   0.0000   0.0000   0.0000
     828  -2.2148   3.1476  18.3703   0.0000   0.0000   0.0000
     829  -1.6286   2.3350  17.7601   0.0000   0.0000   0.0000
     830  -1.6765   3.1004  17.8564   0.0000   0.0000   0.0000
     831  -1.7514   2.6965  17.9366   0.0000   0.0000   0.0000
     832  -2.1436   2.5578  18.1342   0.0000   0.0000   0.0000
     833  -1.8967   3.0126  18.6598   0.0000   0.0000   0.0000
     834  -1.3836   2.6318  18.8579   0.0000   0.0000   0.0000
     835  -2.4484   2.5142  17.7435   0.0000   0.0000   0.0000
     836  -3.5947   2.9213  17.6490   0.0000   0.0000   0.0000
     837  -2.4176   2.3142  18.1924   0.0000   0.0000   0.0000
     838  -2.4778   3.1794  17.5517   0.0000   0.0000   0.0000
     839  -2.4403   2.8015  17.6353   0.0000   0.0000   0.0000
     840  -1.7537   3.7636  18.3987   0.0000   0.0000   0.0000
     841  -2.0491   2.5148  18.1079   0.0000   0.0000   0.0000
     842  -2.1720   2.9456  17.9653   0.0000   0.0000   0.0000
     843  -2.2860   2.5129  17.2975   0.0000   0.0000   0.0000
     844  -2.1994   3.1879  18.0145   0.0000   0.0000   0.0000
     845  -0.7052   2.8254  18.5551   0.0000   0.0000   0.0000
     846  -2.3768   2.7288  18.4638   0.0000   0.0000   0.0000
     847  -2.2443   4.0618  18.0845   0.0000   0.0000   0.0000
     848  -1.9469   3.5472  17.8197   0.0000   0.0000   0.0000
     849  -1.6304   3.4548  18.7188   0.0000   0.0000   0.0000
     850  -1.3940   2.2467  18.5814   0.0000   0.0000   0.0000
     851  -1.0238   2.8431  18.7465   0.0000   0.0000   0.0000
     852  -0.9387   2.7982  18.3353   0.0000   0.0000   0.0000
     853  -1.3932   4.0220  18.8497   0.0000   0.0000   0.0000
     854  -0.4549   3.0087  18.4209   0.0000   0.0000   0.0000
     855  -1.2451   2.8758  19.7177   0.0000   0.0000   0.0000
     856  -1.3504   2.7246  18.1457   0.0000   0.0000   0.0000
     857  -1.4614   3.3398  18.4482   0.0000   0.0000   0.0000
     858  -2.2944   2.3231  18.7842   0.0000   0.0000   0.0000
     859  -1.2380   2.3017  19.0610   0.0000   0.0000   0.0000
     860  -2.1661   3.5993  17.9196   0.0000   0.0000   0.0000
     861  -2.6202   3.1897  18.5048   0.0000   0.0000   0.0000
     862  -3.8151   3.1855  18.8175   0.0000   0.0000   0.0000
     863  -2.1708   4.3450  17.3828   0.0000   0.0000   0.0000
     864  -2.6698   3.3371  16.9459   0.0000   0.0000   0.0000
     865  -1.5253   3.7280  17.9176   0.0000   0.0000   0.0000
     866  -1.7674   4.0246  18.1234   0.0000   0.0000   0.0000
     867  -2.0511   3.9129  18.4531   0.0000   0.0000   0.0000
     868  -3.1730   3.5052  18.1481   0.0000   0.0000   0.0000
     869  -2.7391   3.9599  17.7323   0.0000   0.0000   0.0000
     870  -2.7229   3.1982  18.8269   0.0000   0.0000   0.0000
     871  -3.1714   3.0883  18.6730   0.0000   0.0000   0.0000
     872  -2.9930   2.7135  16.9121   0.0000   0.0000   0.0000
     873  -3.3902   2.7307  16.9180   0.0000   0.0000   0.0000
     874  -3.7271   2.4911  16.7314   0.0000   0.0000   0.0000
     875  -3.3622   3.3423  16.3396   0.0000   0.0000   0.0000
     876  -3.0279   4.9209  16.1874   0.0000   0.0000   0.0000
     877  -1.8423   3.8218  16.8039   0.0000   0.0000   0.0000
     878  -3.2149   3.9594  16.3807   0.0000   0.0000   0.0000
     879  -3.1640   3.7024  17.2010   0.0000   0.0000   0.0000
     880  -2.4511   3.5469  17.3805   0.0000   0.0000   0.0000
     881  -2.8910   3.8708  17.8221   0.0000   0.0000   0.0000
     882  -2.6787   3.4795  18.3700   0.0000   0.0000   0.0000
     883  -3.2593   2.8943  16.9145   0.0000   0.0000   0.0000
     884  -3.6727   3.5131  16.9736   0.0000   0.0000   0.0000
     885  -2.6677   3.6328  16.3314   0.0000   0.0000   0.0000
     886  -3.5123   3.9109  17.3581   0.0000   0.0000   0.0000
     887  -3.9868   3.1935  16.9345   0.0000   0.0000   0.0000
     888  -3.7566   2.9646  16.9534   0.0000   0.0000   0.0000
     889  -4.2912   3.4961  17.1225   0.0000   0.0000   0.0000
     890  -4.6874   3.5138  16.4249   0.0000   0.0000   0.0000
     891  -4.2618   2.6010  17.2357   0.0000   0.0000   0.0000
     892  -5.4027   3.0807  17.6818   0.0000   0.0000   0.0000
     893  -4.1733   2.2585  17.8336   0.0000   0.0000   0.0000
     894  -3.9922   3.1487  17.9843   0.0000   0.0000   0.0000
     895  -3.4101   4.2673  17.4467   0.0000   0.0000   0.0000
     896  -3.8375   3.8497  17.9052   0.0000   0.0000   0.0000
     897  -4.1580   3.4737  17.6099   0.0000   0.0000   0.0000
     898  -5.2046   2.4550  17.8407   0.0000   0.0000   0.0000
     899  -4.7172   2.1968  16.5334   0.0000   0.0000   0.0000
     900  -5.0172   2.2648  19.1573   0.0000   0.0000   0.0000
     901  -4.0150   3.4349  18.0502   0.0000   0.0000   0.0000
     902  -4.2003   3.1865  18.2905   0.0000   0.0000   0.0000
     903  -4.2855   3.7864  17.6481   0.0000   0.0000   0.0000
     904  -3.7265   2.7353  17.1411   0.0000   0.0000   0.0000
     905  -4.7606   3.2364  17.4090   0.0000   0.0000   0.0000
     906  -4.9569   2.7896  17.4627   0.0000   0.0000   0.0000
     907  -5.7340   3.0396  16.4989   0.0000   0.0000   0.0000
     908  -4.3188   3.6406  16.4286   0.0000   0.0000   0.0000
     909  -4.7833   2.9069  16.3858   0.0000   0.0000   0.0000
     910  -4.6098   3.1736  16.6030   0.0000   0.0000   0.0000
     911  -4.6139   3.1338  16.5618   0.0000   0.0000   0.0000
     912  -4.4282   4.0598  15.9286   0.0000   0.0000   0.0000
     913  -3.5778   3.7933  15.3971   0.0000   0.0000   0.0000
     914  -4.4283   3.7463  15.9322   0.0000   0.0000   0.0000
     915  -5.2048   4.3026  14.9887   0.0000   0.0000   0.0000
     916  -3.6528   4.0776  14.6459   0.0000   0.0000   0.0000
     917  -5.1369   4.3040  15.0388   0.0000   0.0000   0.0000
     918  -5.0151   3.1539  16.2309   0.0000   0.0000   0.0000
     919  -4.5388   3.7202  16.0364   0.0000   0.0000   0.0000
     920  -5.1675   3.4484  15.6724   0.0000   0.0000   0.0000
     921  -4.7505   3.7407  16.4468   0.0000   0.0000   0.0000
     922  -4.1040   3.5353  16.3431   0.0000   0.0000   0.0000
     923  -4.0911   3.9547  17.0851   0.0000   0.0000   0.0000
     924  -5.0812   4.1346  15.5237   0.0000   0.0000   0.0000
     925  -4.2332   4.0313  16.6981   0.0000   0.0000   0.0000
     926  -3.1346   3.5175  16.3204   0.0000   0.0000   0.0000
     927  -4.9710   3.2569  17.4872   0.0000   0.0000   0.0000
     928  -5.5731   3.0882  18.0572   0.0000   0.0000   0.0000
     929  -4.5312   3.6094  17.1355   0.0000   0.0000   0.0000
     930  -5.3606   4.8542  16.5938   0.0000   0.0000   0.0000
     931  -4.4781   4.2135  16.7077   0.0000   0.0000   0.0000
     932  -4.9573   3.6312  16.9348   0.0000   0.0000   0.0000
     933  -5.3498   3.5179  16.4230   0.0000   0.0000   0.0000
     934  -4.4657   3.0690  17.2798   0.0000   0.0000   0.0000
     935  -4.0283   3.9892  15.8518   0.0000   0.0000   0.0000
     936  -4.0491   3.9125  15.0238   0.0000   0.0000   0.0000
     937  -5.0644   4.1209  16.9347   0.0000   0.0000   0.0000
     938  -4.4457   3.4021  16.8778   0.0000   0.0000   0.0000
     939  -3.4990   4.2738  15.7960   0.0000   0.0000   0.0000
     940  -4.2404   3.7519  15.3358   0.0000   0.0000   0.0000
     941  -4.1186   4.1023  16.0491   0.0000   0.0000   0.0000
     942  -4.0472   4.8454  16.1586   0.0000   0.0000   0.0000
     943  -3.5264   3.5606  15.4167   0.0000   0.0000   0.0000
     944  -3.5009   2.8846  17.3995   0.0000   0.0000   0.0000
     945  -2.8148   2.6943  16.5453   0.0000   0.0000   0.0000
     946  -3.4394   3.1741  17.1008   0.0000   0.0000   0.0000
     947  -3.6136   2.8602  17.1921   0.0000   0.0000   0.0000
     948  -3.8616   2.7368  16.2454   0.0000   0.0000   0.0000
     949  -4.4048   3.0756  16.7476   0.0000   0.0000   0.0000
     950  -4.0339   3.3416  17.4631   0.0000   0.0000   0.0000
     951  -3.8992   2.2429  16.4125   0.0000   0.0000   0.0000
     952  -4.5381   3.3265  16.1050   0.0000   0.0000   0.0000
     953  -3.3288   3.2543  15.8300   0.0000   0.0000   0.0000
     954  -3.3217   3.4052  17.0991   0.0000   0.0000   0.0000
     955  -3.4726   3.7576  17.0024   0.0000   0.0000   0.0000
     956  -3.6131   3.6941  16.8343   0.0000   0.0000   0.0000
     957  -3.3460   4.2934  16.3083   0.0000   0.0000   0.0000
     958  -3.5665   3.9243  17.0201   0.0000   0.0000   0.0000
     959  -2.1926   3.6665  16.8818   0.0000   0.0000   0.0000
     960  -3.9680   4.3948  16.3005   0.0000   0.0000   0.0000
     961  -3.4408   4.8766  16.4371   0.0000   0.0000   0.0000
     962  -3.9686   4.8293  14.3023   0.0000   0.0000   0.0000
     963  -4.7614   4.6216  15.8490   0.0000   0.0000   0.0000
     964  -3.4620   3.8638  14.6863   0.0000   0.0000   0.0000
     965  -4.1976   4.0861  15.2946   0.0000   0.0000   0.0000
     966  -4.4014   3.3316  15.7090   0.0000   0.0000   0.0000
     967  -3.7537   4.0496  16.1053   0.0000   0.0000   0.0000
     968  -3.4777   3.4625  17.0498   0.0000   0.0000   0.0000
     969  -4.1400   3.4730  14.6850   0.0000   0.0000   0.0000
     970  -5.5458   3.5026  16.1980   0.0000   0.0000   0.0000
     971  -4.6846   3.8178  16.4709   0.0000   0.0000   0.0000
     972  -4.8914   3.2760  15.0341   0.0000   0.0000   0.0000
     973  -5.2808   3.9682  15.4289   0.0000   0.0000   0.0000
     974  -3.8901   4.1952  15.6543   0.0000   0.0000   0.0000
     975  -4.4921   3.8962  16.9651   0.0000   0.0000   0.0000
     976  -4.2279   4.1500  16.2160   0.0000   0.0000   0.0000
     977  -4.1659   3.7944  16.1177   0.0000   0.0000   0.0000
     978  -5.2151   4.1509  16.0723   0.0000   0.0000   0.0000
     979  -3.2227   3.9492  16.9534   0.0000   0.0000   0.0000
     980  -3.6992   3.5288  17.3653   0.0000   0.0000   0.0000
     981  -4.5712   2.8785  18.3252   0.0000   0.0000   0.0000
     982  -4.0063   3.2756  18.1125   0.0000   0.0000   0.0000
     983  -4.0094   3.1749  17.7739   0.0000   0.0000   0.0000
     984  -3.9680   3.5911  16.6249   0.0000   0.0000   0.0000
     985  -4.7214   2.9719  17.4035   0.0000   0.0000   0.0000
     986  -3.8427   3.2613  17.4512   0.0000   0.0000   0.0000
     987  -4.7834   3.2921  16.7736   0.0000   0.0000   0.0000
     988  -4.2402   4.0008  17.1644   0.0000   0.0000   0.0000
     989  -5.4423   3.5530  16.7384   0.0000   0.0000   0.0000
     990  -4.9889   4.9182  17.4040   0.0000   0.0000   0.0000
     991  -5.0036   4.6131  17.0412   0.0000   0.0000   0.0000
     992  -5.0969   6.2341  16.2584   0.0000   0.0000   0.0000
     993  -3.4754   6.6688  16.7467   0.0000   0.0000   0.0000
     994  -4.7880   6.4085  16.5117   0.0000   0.0000   0.0000
     995  -4.3025   5.4610  16.9862   0.0000   0.0000   0.0000
     996  -3.9214   5.0769  17.0684   0.0000   0.0000   0.0000
     997  -5.1669   5.5304  17.5869   0.0000   0.0000   0.0000
     998  -3.5871   5.0629  17.6723   0.0000   0.0000   0.0000
     999  -4.1918   3.8186  17.2251   0.0000   0.0000   0.0000
    1000  -4.3411   4.0915  16.3102   0.0000   0.0000   0.0000
    1001  -4.4996   3.7415  15.8843   0.0000   0.0000   0.0000
    1002  -3.9969   4.2678  16.9263   0.0000   0.0000   0.0000
    1003  -5.8491   4.7662  17.8823   0.0000   0.0000   0.0000
    1004  -5.0019   3.5957  17.0301   0.0000   0.0000   0.0000
    1005  -4.8503   3.6749  16.4116   0.0000   0.0000   0.0000
    1006  -4.8005   2.7577  15.9635   0.0000   0.0000   0.0000
    1007  -3.9249   2.9453  17.1366   0.0000   0.0000   0.0000
    1008  -3.9591   2.9704  17.2689   0.0000   0.0000   0.0000
    1009  -3.5003   3.0280  17.6350   0.0000   0.0000   0.0000
    1010  -3.6491   3.2357  17.8343   0.0000   0.0000   0.0000
    1011  -3.4716   3.2331  16.9836   0.0000   0.0000   0.0000
    1012  -3.8988   2.7766  16.9353   0.0000   0.0000   0.0000
    1013  -3.6409   3.2337  16.4896   0.0000   0.0000   0.0000
    1014  -4.2696   3.6419  16.8827   0.0000   0.0000   0.0000
    1015  -4.1121   3.6997  16.1632   0.0000   0.0000   0.0000
    1016  -5.0016   4.0866  16.0710   0.0000   0.0000   0.0000
    1017  -4.6313   3.8296  16.7278   0.0000   0.0000   0.0000
    1018  -4.8580   3.7783  17.0116   0.0000   0.0000   0.0000
    1019  -4.8891   4.5571  16.8781   0.0000   0.0000   0.0000
    1020  -4.3638   3.1358  17.0464   0.0000   0.0000   0.0000
    1021  -3.9489   3.6856  16.6955   0.0000   0.0000   0.0000
    1022  -4.1975   3.4212  16.3978   0.0000   0.0000   0.0000
    1023  -4.0402   2.6022  17.4406   0.0000   0.0000   0.0000
    1024  -4.1756   2.8820  16.8942   0.0000   0.0000   0.0000
    1025  -4.2117   2.0154  16.8894   0.0000   0.0000   0.0000
    1026  -4.9540   3.1115  16.3752   0.0000   0.0000   0.0000
    1027  -4.1005   3.9047  16.5671   0.0000   0.0000   0.0000
    1028  -5.0029   3.2346  17.6124   0.0000   0.0000   0.0000
    1029  -5.0937   3.7504  17.5969   0.0000   0.0000   0.0000
    1030  -5.2143   4.0219  17.5199   0.0000   0.0000   0.0000
    1031  -4.7013   4.2996  17.6607   0.0000   0.0000   0.0000
    1032  -5.8608   4.1164  18.1167   0.0000   0.0000   0.0000
    1033  -5.0112   3.6315  17.7079   0.0000   0.0000   0.0000
    1034  -4.6844   3.5226  17.5249   0.0000   0.0000   0.0000
    1035  -4.6308   2.8573  18.2223   0.0000   0.0000   0.0000
    1036  -5.6685   3.2700  18.0774   0.0000   0.0000   0.0000
    1037  -4.0011   2.9335  18.2636   0.0000   0.0000   0.0000
    1038  -4.9965   3.4347  17.8324   0.0000   0.0000   0.0000
    1039  -4.3922   3.2675  17.8594   0.0000   0.0000   0.0000
    1040  -4.3797   2.3113  18.3073   0.0000   0.0000   0.0000
    1041  -4.8080   1.6610  17.8997   0.0000   0.0000   0.0000
    1042  -4.8050   2.0472  18.5481   0.0000   0.0000   0.0000
    1043  -4.4838   2.3019  17.6586   0.0000   0.0000   0.0000
    1044  -4.3011   2.4990  17.8634   0.0000   0.0000   0.0000
    1045  -4.1021   2.6786  17.8298   0.0000   0.0000   0.0000
    1046  -4.3614   3.0951  17.5721   0.0000   0.0000   0.0000
    1047  -5.0170   2.2086  18.0099   0.0000   0.0000   0.0000
    1048  -5.1346   2.8305  17.2350   0.0000   0.0000   0.0000
    1049  -5.0157   1.9925  17.4499   0.0000   0.0000   0.0000
    1050  -6.0031   2.2962  16.8178   0.0000   0.0000   0.0000
    1051  -4.7857   2.9696  16.6073   0.0000   0.0000   0.0000
    1052  -5.8635   3.3097  16.4890   0.0000   0.0000   0.0000
    1053  -5.9922   2.9852  16.8293   0.0000   0.0000   0.0000
    1054  -5.6235   1.6440  16.5674   0.0000   0.0000   0.0000
    1055  -5.4680   1.8380  16.5558   0.0000   0.0000   0.0000
    1056  -4.8796   1.9444  16.8097   0.0000   0.0000   0.0000
    1057  -4.6308   1.4889  17.6277   0.0000   0.0000   0.0000
    1058  -3.8013   1.7280  17.0030   0.0000   0.0000   0.0000
    1059  -4.2114   1.3168  17.4145   0.0000   0.0000   0.0000
    1060  -4.4811   0.7294  18.0876   0.0000   0.0000   0.0000
    1061  -4.7526   1.2008  18.0287   0.0000   0.0000   0.0000
    1062  -5.0339   1.2000  18.3762   0.0000   0.0000   0.0000
    1063  -4.4107   1.6608  18.4618   0.0000   0.0000   0.0000
    1064  -4.1086   2.3707  18.5096   0.0000   0.0000   0.0000
    1065  -5.1469   3.0807  18.3467   0.0000   0.0000   0.0000
    1066  -3.8704   2.8253  17.6788   0.0000   0.0000   0.0000
    1067  -4.6806   3.4720  18.3488   0.0000   0.0000   0.0000
    1068  -4.8905   3.1594  18.2396   0.0000   0.0000   0.0000
    1069  -3.8700   3.3307  17.9395   0.0000   0.0000   0.0000
    1070  -4.8097   3.1296  18.1982   0.0000   0.0000   0.0000
    1071  -4.7092   4.1857  18.8557   0.0000   0.0000   0.0000
    1072  -4.7337   3.6640  18.5359   0.0000   0.0000   0.0000
    1073  -4.5218   2.9986  18.7196   0.0000   0.0000   0.0000
    1074  -4.6673   2.4957  18.5785   0.0000   0.0000   0.0000
    1075  -4.8662   2.5432  18.9364   0.0000   0.0000   0.0000
    1076  -5.0892   1.8769  19.6852   0.0000   0.0000   0.0000
    1077  -4.3952   1.5174  20.2066   0.0000   0.0000   0.0000
    1078  -5.5457   1.2638  20.5467   0.0000   0.0000   0.0000
    1079  -6.0809   0.6811  21.6665   0.0000   0.0000   0.0000
    1080  -4.6238   0.9482  20.8958   0.0000   0.0000   0.0000
    1081  -6.0217   1.2293  20.2783   0.0000   0.0000   0.0000
    1082  -3.0424   2.2740  19.0175   0.0000   0.0000   0.0000
    1083  -5.0454   1.5397  18.4608   0.0000   0.0000   0.0000
    1084  -4.7349   2.0669  18.9803   0.0000   0.0000   0.0000
    1085  -4.9271   1.8801  19.0226   0.0000   0.0000   0.0000
    1086  -5.6293   1.8377  19.5169   0.0000   0.0000   0.0000
    1087  -4.6551   1.6102  17.8385   0.0000   0.0000   0.0000
    1088  -3.6415   2.6745  18.1785   0.0000   0.0000   0.0000
    1089  -4.9500   2.9661  18.1725   0.0000   0.0000   0.0000
    1090  -5.0223   3.0050  18.1495   0.0000   0.0000   0.0000
    1091  -5.1245   0.9929  18.6875   0.0000   0.0000   0.0000
    1092  -4.3383   0.9343  19.1002   0.0000   0.0000   0.0000
    1093  -5.6487   1.1865  19.4568   0.0000   0.0000   0.0000
    1094  -4.8968   1.7100  19.2752   0.0000   0.0000   0.0000
    1095  -5.6176   2.0880  19.4956   0.0000   0.0000   0.0000
    1096  -5.1438   3.1908  17.7751   0.0000   0.0000   0.0000
    1097  -4.8223   2.4959  18.0391   0.0000   0.0000   0.0000
    1098  -5.3082   3.2518  17.3844   0.0000   0.0000   0.0000
    1099  -5.0510   3.8509  17.5227   0.0000   0.0000   0.0000
    1100  -5.0408   2.8055  19.2943   0.0000   0.0000   0.0000
    1101  -4.1510   3.3538  19.7155   0.0000   0.0000   0.0000
    1102  -3.7142   3.7584  18.9401   0.0000   0.0000   0.0000
    1103  -3.6999   4.2713  21.5604   0.0000   0.0000   0.0000
    1104  -4.2384   2.5180  21.0859   0.0000   0.0000   0.0000
    1105  -3.2690   3.1627  20.9245   0.0000   0.0000   0.0000
    1106  -3.8656   2.4116  21.8259   0.0000   0.0000   0.0000
    1107  -4.3693   2.6808  22.0694   0.0000   0.0000   0.0000
    1108  -4.7076   2.8788  22.7257   0.0000   0.0000   0.0000
    1109  -5.0510   3.4072  22.5838   0.0000   0.0000   0.0000
    1110  -4.7194   2.5599  22.8841   0.0000   0.0000   0.0000
    1111  -5.4955   2.2227  21.7772   0.0000   0.0000   0.0000
    1112  -5.5662   3.1977  21.1627   0.0000   0.0000   0.0000
    1113  -5.2271   2.6176  20.9471   0.0000   0.0000   0.0000
    1114  -5.8671   2.5371  19.4346   0.0000   0.0000   0.0000
    1115  -5.3530   2.6853  21.2899   0.0000   0.0000   0.0000
    1116  -4.6760   2.6972  20.9709   0.0000   0.0000   0.0000
    1117  -5.1807   3.6517  22.1121   0.0000   0.0000   0.0000
    1118  -5.3559   3.1599  21.8016   0.0000   0.0000   0.0000
    1119  -4.9508   3.4937  21.7858   0.0000   0.0000   0.0000
    1120  -4.9956   3.6605  22.2926   0.0000   0.0000   0.0000
    1121  -4.5095   2.8664  22.7985   0.0000   0.0000   0.0000
    1122  -4.1423   3.2712  21.9312   0.0000   0.0000   0.0000
    1123  -3.5531   3.9165  22.2833   0.0000   0.0000   0.0000
    1124  -4.7233   4.4065  20.4802   0.0000   0.0000   0.0000
    1125  -4.6496   4.0373  21.9471   0.0000   0.0000   0.0000
    1126  -5.0245   4.0089  21.2187   0.0000   0.0000   0.0000
    1127  -4.8044   5.1224  20.2368   0.0000   0.0000   0.0000
    1128  -5.0979   4.8267  19.8250   0.0000   0.0000   0.0000
    1129  -5.1400   6.3123  19.3379   0.0000   0.0000   0.0000
    1130  -5.1663   5.1045  19.1172   0.0000   0.0000   0.0000
    1131  -4.4343   5.1687  19.6070   0.0000   0.0000   0.0000
    1132  -6.0972   5.0950  19.6868   0.0000   0.0000   0.0000
    1133  -4.8175   5.6987  18.3723   0.0000   0.0000   0.0000
    1134  -4.4459   6.9272  18.4176   0.0000   0.0000   0.0000
    1135  -4.0269   5.0156  18.6108   0.0000   0.0000   0.0000
    1136  -5.4208   5.0239  18.6516   0.0000   0.0000   0.0000
    1137  -4.5075   5.0054  18.3110   0.0000   0.0000   0.0000
    1138  -5.4092   6.0589  18.7355   0.0000   0.0000   0.0000
    1139  -4.4148   5.1552  18.5256   0.0000   0.0000   0.0000
    1140  -5.2535   6.1553  18.1022   0.0000   0.0000   0.0000
    1141  -3.5990   5.4720  17.6679   0.0000   0.0000   0.0000
    1142  -5.0140   5.0326  18.3988   0.0000   0.0000   0.0000
    1143  -4.6057   6.2205  17.8183   0.0000   0.0000   0.0000
    1144  -4.0085   5.0076  17.6179   0.0000   0.0000   0.0000
    1145  -4.5240   5.9826  17.8086   0.0000   0.0000   0.0000
    1146  -6.0151   5.7086  17.8378   0.0000   0.0000   0.0000
    1147  -6.0552   7.0300  17.3652   0.0000   0.0000   0.0000
    1148  -3.8707   5.7884  17.4679   0.0000   0.0000   0.0000
    1149  -4.9583   7.2156  17.7456   0.0000   0.0000   0.0000
    1150  -4.0341   5.1498  16.7587   0.0000   0.0000   0.0000
    1151  -5.4990   6.1661  16.8654   0.0000   0.0000   0.0000
    1152  -4.2175   6.3854  16.8624   0.0000   0.0000   0.0000
    1153  -4.9787   5.8199  16.3643   0.0000   0.0000   0.0000
    1154  -5.4362   5.4084  16.2972   0.0000   0.0000   0.0000
    1155  -4.9986   5.4883  16.6637   0.0000   0.0000   0.0000
    1156  -4.6963   5.3610  16.3695   0.0000   0.0000   0.0000
    1157  -4.1776   5.7247  15.4632   0.0000   0.0000   0.0000
    1158  -4.8181   4.4841  16.2506   0.0000   0.0000   0.0000
    1159  -4.9754   5.7740  16.5811   0.0000   0.0000   0.0000
    1160  -5.0557   5.9875  17.0094   0.0000   0.0000   0.0000
    1161  -4.7761   5.9872  17.0424   0.0000   0.0000   0.0000
    1162  -3.9541   4.8713  17.5227   0.0000   0.0000   0.0000
    1163  -4.0455   5.0475  17.9945   0.0000   0.0000   0.0000
    1164  -4.5533   5.4614  17.2280   0.0000   0.0000   0.0000
    1165  -4.7226   6.1503  17.5410   0.0000   0.0000   0.0000
    1166  -4.6571   5.7075  17.6817   0.0000   0.0000   0.0000
    1167  -4.6281   5.0086  17.1221   0.0000   0.0000   0.0000
    1168  -4.8156   6.5897  16.9532   0.0000   0.0000   0.0000
    1169  -5.3550   6.3003  15.8517   0.0000   0.0000   0.0000
    1170  -5.8627   6.0518  17.3486   0.0000   0.0000   0.0000
    1171  -5.6110   7.1829  16.5041   0.0000   0.0000   0.0000
    1172  -5.1152   6.0633  17.5981   0.0000   0.0000   0.0000
    1173  -4.3454   6.1018  18.0875   0.0000   0.0000   0.0000
    1174  -5.6024   6.4051  18.0219   0.0000   0.0000   0.0000
    1175  -4.6038   6.0869  18.4863   0.0000   0.0000   0.0000
    1176  -5.6449   6.3409  18.5179   0.0000   0.0000   0.0000
    1177  -5.4789   6.2913  20.8005   0.0000   0.0000   0.0000
    1178  -5.7753   6.3636  20.1468   0.0000   0.0000   0.0000
    1179  -5.1663   6.7047  18.5787   0.0000   0.0000   0.0000
    1180  -5.3041   6.4410  18.5470   0.0000   0.0000   0.0000
    1181  -6.2898   5.3623  19.0761   0.0000   0.0000   0.0000
    1182  -5.0461   6.3844  18.5194   0.0000   0.0000   0.0000
    1183  -5.0576   5.6150  18.6109   0.0000   0.0000   0.0000
    1184  -5.8425   5.9975  17.6639   0.0000   0.0000   0.0000
    1185  -5.0868   6.4455  17.4010   0.0000   0.0000   0.0000
    1186  -6.0468   6.0825  18.6622   0.0000   0.0000   0.0000
    1187  -6.1924   5.0249  19.7187   0.0000   0.0000   0.0000
    1188  -5.5121   5.4182  17.7233   0.0000   0.0000   0.0000
    1189  -4.7665   4.9288  17.3486   0.0000   0.0000   0.0000
    1190  -5.4566   4.6405  16.3945   0.0000   0.0000   0.0000
    1191  -4.5330   5.4712  17.3349   0.0000   0.0000   0.0000
    1192  -4.5873   6.0124  16.2304   0.0000   0.0000   0.0000
    1193  -5.4157   5.0874  16.0987   0.0000   0.0000   0.0000
    1194  -3.9199   5.0135  16.5141   0.0000   0.0000   0.0000
    1195  -4.4177   5.8336  17.1132   0.0000   0.0000   0.0000
    1196  -4.8024   5.0059  17.1216   0.0000   0.0000   0.0000
    1197  -5.0841   4.7741  17.3441   0.0000   0.0000   0.0000
    1198  -5.6874   3.6257  17.0435   0.0000   0.0000   0.0000
    1199  -4.8241   3.6344  16.9282   0.0000   0.0000   0.0000
    1200  -5.6393   3.9749  17.0022   0.0000   0.0000   0.0000
    1201  -4.9520   4.3164  17.0184   0.0000   0.0000   0.0000
    1202  -5.2166   4.3055  17.8211   0.0000   0.0000   0.0000
    1203  -4.6719   4.6632  16.9814   0.0000   0.0000   0.0000
    1204  -5.1747   3.4092  17.7771   0.0000   0.0000   0.0000
    1205  -5.8297   4.1077  17.7904   0.0000   0.0000   0.0000
    1206  -5.6379   3.5682  17.3030   0.0000   0.0000   0.0000
    1207  -4.6114   3.8542  17.4814   0.0000   0.0000   0.0000
    1208  -5.9175   3.2807  16.8439   0.0000   0.0000   0.0000
    1209  -5.5862   3.5609  16.9650   0.0000   0.0000   0.0000
    1210  -5.9983   4.4104  17.7984   0.0000   0.0000   0.0000
    1211  -5.8086   4.4866  17.5561   0.0000   0.0000   0.0000
    1212  -5.7407   5.0204  16.9033   0.0000   0.0000   0.0000
    1213  -6.2965   4.8016  16.5000   0.0000   0.0000   0.0000
    1214  -7.5031   3.4640  18.1408   0.0000   0.0000   0.0000
    1215  -7.7691   4.5564  18.3875   0.0000   0.0000   0.0000
    1216  -7.2205   3.6559  18.4343   0.0000   0.0000   0.0000
    1217  -6.4191   3.5895  21.1976   0.0000   0.0000   0.0000
    1218  -7.5237   4.0499  18.1565   0.0000   0.0000   0.0000
    1219  -8.4196   4.4898  17.9745   0.0000   0.0000   0.0000
    1220  -8.3984   4.7739  17.3857   0.0000   0.0000   0.0000
    1221  -8.9825   4.2564  16.8001   0.0000   0.0000   0.0000
    1222  -8.2507   4.9293  17.3052   0.0000   0.0000   0.0000
    1223  -8.7830   4.8032  17.0750   0.0000   0.0000   0.0000
    1224  -9.0182   4.2981  17.4224   0.0000   0.0000   0.0000
    1225  -8.2177   5.0345  16.6903   0.0000   0.0000   0.0000
    1226  -7.4010   4.6472  16.5082   0.0000   0.0000   0.0000
    1227  -8.0373   4.0948  16.9225   0.0000   0.0000   0.0000
    1228  -8.5836   4.3099  18.1428   0.0000   0.0000   0.0000
    1229  -8.0055   3.9262  17.1559   0.0000   0.0000   0.0000
    1230  -7.0755   4.1637  17.7552   0.0000   0.0000   0.0000
    1231  -8.2384   5.5251  16.4654   0.0000   0.0000   0.0000
    1232  -7.7125   4.6279  17.0585   0.0000   0.0000   0.0000
    1233  -7.3853   4.6244  16.9937   0.0000   0.0000   0.0000
    1234  -7.8640   4.1688  17.1455   0.0000   0.0000   0.0000
    1235  -8.8857   3.7284  16.4816   0.0000   0.0000   0.0000
    1236  -7.7870   3.3196  17.0111   0.0000   0.0000   0.0000
    1237  -6.9663   3.4783  16.9615   0.0000   0.0000   0.0000
    1238  -7.5764   2.5919  17.0163   0.0000   0.0000   0.0000
    1239  -7.9698   3.1196  16.5545   0.0000   0.0000   0.0000
    1240  -8.5296   3.7580  16.3311   0.0000   0.0000   0.0000
    1241  -8.5470   3.8522  16.9816   0.0000   0.0000   0.0000
    1242  -7.5460   4.6664  16.5842   0.0000   0.0000   0.0000
    1243  -8.2767   3.7992  16.8421   0.0000   0.0000   0.0000
    1244  -8.3761   3.3756  16.5523   0.0000   0.0000   0.0000
    1245  -7.8758   3.3577  16.9839   0.0000   0.0000   0.0000
    1246  -7.7272   3.3835  16.4134   0.0000   0.0000   0.0000
    1247  -7.3498   3.9300  16.2202   0.0000   0.0000   0.0000
    1248  -8.2863   4.0105  16.4189   0.0000   0.0000   0.0000
    1249  -8.7280   3.9619  16.2015   0.0000   0.0000   0.0000
    1250  -7.5366   3.8664  16.5169   0.0000   0.0000   0.0000
    1251  -8.5189   4.2117  17.5118   0.0000   0.0000   0.0000
    1252  -8.9735   3.0233  17.3810   0.0000   0.0000   0.0000
    1253  -8.4197   3.6637  17.4883   0.0000   0.0000   0.0000
    1254  -8.4805   3.8276  17.5077   0.0000   0.0000   0.0000
    1255  -9.5403   3.4682  17.5826   0.0000   0.0000   0.0000
    1256  -9.5123   3.5141  18.4447   0.0000   0.0000   0.0000
    1257  -9.8523   3.9229  18.7443   0.0000   0.0000   0.0000
    1258  -9.4318   3.5391  18.3736   0.0000   0.0000   0.0000
    1259  -8.6128   3.8532  17.9414   0.0000   0.0000   0.0000
    1260  -8.7775   4.5661  18.4637   0.0000   0.0000   0.0000
    1261  -8.7112   3.3132  17.8394   0.0000   0.0000   0.0000
    1262  -8.6830   2.7136  17.6954   0.0000   0.0000   0.0000
    1263  -8.7261   3.5576  18.6720   0.0000   0.0000   0.0000
    1264  -8.8341   3.4814  17.7137   0.0000   0.0000   0.0000
    1265  -8.9802   2.5535  17.8957   0.0000   0.0000   0.0000
    1266  -9.1763   4.0706  17.5238   0.0000   0.0000   0.0000
    1267  -9.4335   2.7611  17.8204   0.0000   0.0000   0.0000
    1268  -9.0710   3.5084  17.5372   0.0000   0.0000   0.0000
    1269  -8.3309   3.0465  17.3385   0.0000   0.0000   0.0000
    1270  -8.3077   3.4888  18.4287   0.0000   0.0000   0.0000
    1271  -8.1403   3.6935  17.9165   0.0000   0.0000   0.0000
    1272  -8.1235   3.7020  18.2534   0.0000   0.0000   0.0000
    1273  -9.1627   4.4602  18.2510   0.0000   0.0000   0.0000
    1274  -7.8164   4.4764  17.7214   0.0000   0.0000   0.0000
    1275  -9.1762   4.5831  17.5338   0.0000   0.0000   0.0000
    1276  -9.6713   5.0509  16.9083   0.0000   0.0000   0.0000
    1277  -9.1975   3.9685  16.3907   0.0000   0.0000   0.0000
    1278  -9.4474   4.5879  16.8946   0.0000   0.0000   0.0000
    1279  -8.8927   4.1013  17.9442   0.0000   0.0000   0.0000
    1280  -8.9087   4.3322  17.9904   0.0000   0.0000   0.0000
    1281  -9.4308   3.8763  17.7109   0.0000   0.0000   0.0000
    1282  -9.9631   4.1147  18.2399   0.0000   0.0000   0.0000
    1283  -9.2944   4.3939  18.1648   0.0000   0.0000   0.0000
    1284  -9.2913   3.8907  17.8371   0.0000   0.0000   0.0000
    1285  -9.5602   4.2957  17.3670   0.0000   0.0000   0.0000
    1286  -8.1658   5.1279  17.1214   0.0000   0.0000   0.0000
    1287  -8.7936   4.9533  17.2423   0.0000   0.0000   0.0000
    1288  -9.1745   5.3084  18.1014   0.0000   0.0000   0.0000
    1289  -8.5650   4.8653  18.1575   0.0000   0.0000   0.0000
    1290  -9.2268   4.9978  17.8971   0.0000   0.0000   0.0000
    1291  -8.1572   4.7287  18.5719   0.0000   0.0000   0.0000
    1292  -9.0302   4.7873  18.3269   0.0000   0.0000   0.0000
    1293  -9.2098   4.8083  18.1133   0.0000   0.0000   0.0000
    1294  -7.9830   4.4425  18.3533   0.0000   0.0000   0.0000
    1295  -7.4444   4.9316  19.0379   0.0000   0.0000   0.0000
    1296  -8.0169   4.4907  19.0679   0.0000   0.0000   0.0000
    1297  -7.3586   5.5964  19.1616   0.0000   0.0000   0.0000
    1298  -5.9842   5.7941  18.7160   0.0000   0.0000   0.0000
    1299  -7.1183   6.2131  18.9462   0.0000   0.0000   0.0000
    1300  -6.9849   6.0903  17.6873   0.0000   0.0000   0.0000
    1301  -7.2347   6.7604  17.8604   0.0000   0.0000   0.0000
    1302  -6.2929   5.7557  18.0447   0.0000   0.0000   0.0000
    1303  -6.4407   5.2164  17.2229   0.0000   0.0000   0.0000
    1304  -6.0344   5.2563  17.4392   0.0000   0.0000   0.0000
    1305  -6.9263   5.7053  17.3647   0.0000   0.0000   0.0000
    1306  -6.2429   4.8752  17.2715   0.0000   0.0000   0.0000
    1307  -5.9749   4.0789  17.5222   0.0000   0.0000   0.0000
    1308  -6.8394   4.9628  17.1954   0.0000   0.0000   0.0000
    1309  -7.9724   5.5667  17.5826   0.0000   0.0000   0.0000
    1310  -7.3323   5.0116  17.9956   0.0000   0.0000   0.0000
    1311  -6.9277   5.4755  18.2125   0.0000   0.0000   0.0000
    1312  -8.7158   5.0764  18.1897   0.0000   0.0000   0.0000
    1313  -8.9952   5.1845  16.7909   0.0000   0.0000   0.0000
    1314  -9.6223   5.2601  16.7829   0.0000   0.0000   0.0000
    1315  -8.8160   5.0601  16.9539   0.0000   0.0000   0.0000
    1316  -8.5403   5.0878  17.0310   0.0000   0.0000   0.0000
    1317  -7.7964   5.4223  16.8850   0.0000   0.0000   0.0000
    1318  -8.4754   5.1875  16.9411   0.0000   0.0000   0.0000
    1319  -9.3235   4.2272  17.3172   0.0000   0.0000   0.0000
    1320  -7.3794   4.9818  17.2772   0.0000   0.0000   0.0000
    1321  -7.6728   3.9930  17.5038   0.0000   0.0000   0.0000
    1322  -7.8358   3.1151  16.8653   0.0000   0.0000   0.0000
    1323  -8.8778   4.0912  16.9023   0.0000   0.0000   0.0000
    1324  -8.7828   3.7842  17.0443   0.0000   0.0000   0.0000
    1325  -9.2053   2.9917  18.0461   0.0000   0.0000   0.0000
    1326  -8.0834   3.5376  16.9693   0.0000   0.0000   0.0000
    1327  -8.0019   3.9502  17.1248   0.0000   0.0000   0.0000
    1328  -6.4094   3.2231  18.0921   0.0000   0.0000   0.0000
    1329  -6.0344   2.8612  16.9378   0.0000   0.0000   0.0000
    1330  -5.1027   2.1734  16.4216   0.0000   0.0000   0.0000
    1331  -5.7212   2.4071  16.5926   0.0000   0.0000   0.0000
    1332  -5.3099   2.2553  16.6567   0.0000   0.0000   0.0000
    1333  -6.0684   1.8437  16.7552   0.0000   0.0000   0.0000
    1334  -6.4334   2.7128  15.2971   0.0000   0.0000   0.0000
    1335  -6.8867   1.8135  14.9902   0.0000   0.0000   0.0000
    1336  -6.7637   2.0225  14.5321   0.0000   0.0000   0.0000
    1337  -6.2178   2.1680  15.3155   0.0000   0.0000   0.0000
    1338  -5.7013   2.8211  15.3258   0.0000   0.0000   0.0000
    1339  -5.4442   2.8795  14.6528   0.0000   0.0000   0.0000
    1340  -5.8730   2.7540  14.4655   0.0000   0.0000   0.0000
    1341  -6.4920   2.2886  14.4774   0.0000   0.0000   0.0000
    1342  -4.9993   2.8786  14.3230   0.0000   0.0000   0.0000
    1343  -4.9792   3.2993  13.9704   0.0000   0.0000   0.0000
    1344  -6.2120   3.3479  14.0874   0.0000   0.0000   0.0000
    1345  -5.7660   3.7916  13.7836   0.0000   0.0000   0.0000
    1346  -6.2421   3.4349  13.9204   0.0000   0.0000   0.0000
    1347  -6.6855   3.6572  13.6366   0.0000   0.0000   0.0000
    1348  -7.0690   3.5392  14.4551   0.0000   0.0000   0.0000
    1349  -5.9719   3.0769  13.9251   0.0000   0.0000   0.0000
    1350  -6.0990   2.9834  14.1312   0.0000   0.0000   0.0000
    1351  -6.9939   3.1235  14.9964   0.0000   0.0000   0.0000
    1352  -6.6153   2.8815  15.2524   0.0000   0.0000   0.0000
    1353  -7.4718   3.1221  14.9791   0.0000   0.0000   0.0000
    1354  -7.4283   3.7934  15.1505   0.0000   0.0000   0.0000
    1355  -6.7400   3.1588  14.0176   0.0000   0.0000   0.0000
    1356  -6.0830   3.2283  16.2554   0.0000   0.0000   0.0000
    1357  -5.6840   3.0133  15.3657   0.0000   0.0000   0.0000
    1358  -7.6731   2.8651  16.5827   0.0000   0.0000   0.0000
    1359  -7.3413   3.2594  15.9717   0.0000   0.0000   0.0000
    1360  -6.9447   2.0303  15.8891   0.0000   0.0000   0.0000
    1361  -7.3305   3.1884  16.1771   0.0000   0.0000   0.0000
    1362  -7.3621   2.7837  16.1008   0.0000   0.0000   0.0000
    1363  -6.7131   1.9427  16.3623   0.0000   0.0000   0.0000
    1364  -7.0111   2.2213  15.7038   0.0000   0.0000   0.0000
    1365  -6.7767   2.2726  16.2654   0.0000   0.0000   0.0000
    1366  -6.0988   2.7232  15.5019   0.0000   0.0000   0.0000
    1367  -7.2912   2.9452  15.9163   0.0000   0.0000   0.0000
    1368  -6.5919   2.7393  16.3484   0.0000   0.0000   0.0000
    1369  -5.4759   2.7345  15.6341   0.0000   0.0000   0.0000
    1370  -5.9688   2.2115  15.9215   0.0000   0.0000   0.0000
    1371  -5.9330   2.7714  15.5312   0.0000   0.0000   0.0000
    1372  -6.4338   3.5870  15.2263   0.0000   0.0000   0.0000
    1373  -5.6374   3.1975  15.3677   0.0000   0.0000   0.0000
    1374  -5.1667   3.1836  16.3437   0.0000   0.0000   0.0000
    1375  -5.3475   2.7651  15.9859   0.0000   0.0000   0.0000
    1376  -4.6701   2.3065  15.9752   0.0000   0.0000   0.0000
    1377  -4.6400   2.5522  15.7600   0.0000   0.0000   0.0000
    1378  -4.5034   2.2771  16.4156   0.0000   0.0000   0.0000
    1379  -4.9950   2.7983  15.8689   0.0000   0.0000   0.0000
    1380  -5.0836   3.4638  15.4748   0.0000   0.0000   0.0000
    1381  -5.1940   3.0177  15.8675   0.0000   0.0000   0.0000
    1382  -4.3655   1.9902  15.2527   0.0000   0.0000   0.0000
    1383  -4.8533   1.7961  15.8992   0.0000   0.0000   0.0000
    1384  -5.0936   1.9047  16.9553   0.0000   0.0000   0.0000
    1385  -4.2998   2.9899  16.8960   0.0000   0.0000   0.0000
    1386  -3.6647   3.6114  17.0805   0.0000   0.0000   0.0000
    1387  -4.5981   3.1903  17.4444   0.0000   0.0000   0.0000
    1388  -4.5320   2.4576  17.0275   0.0000   0.0000   0.0000
    1389  -3.6102   3.2386  17.1272   0.0000   0.0000   0.0000
    1390  -3.8783   3.7202  16.8198   0.0000   0.0000   0.0000
    1391  -4.6555   3.1902  17.2649   0.0000   0.0000   0.0000
    1392  -4.0222   4.2579  17.7098   0.0000   0.0000   0.0000
    1393  -3.7434   3.8445  16.6973   0.0000   0.0000   0.0000
    1394  -3.2521   3.6817  16.7781   0.0000   0.0000   0.0000
    1395  -4.0291   3.6084  16.2216   0.0000   0.0000   0.0000
    1396  -4.6035   3.5096  17.3107   0.0000   0.0000   0.0000
    1397  -4.5792   2.8821  17.0348   0.0000   0.0000   0.0000
    1398  -3.6350   3.1419  16.4971   0.0000   0.0000   0.0000
    1399  -3.8554   2.5090  18.0989   0.0000   0.0000   0.0000
    1400  -4.0504   3.0836  16.8124   0.0000   0.0000   0.0000
    1401  -4.2191   2.7084  16.6601   0.0000   0.0000   0.0000
    1402  -3.8510   3.4707  17.0520   0.0000   0.0000   0.0000
    1403  -4.0020   2.1667  17.2675   0.0000   0.0000   0.0000
    1404  -4.4459   2.4975  15.7463   0.0000   0.0000   0.0000
    1405  -4.2264   3.5276  16.2781   0.0000   0.0000   0.0000
    1406  -4.3453   3.0195  16.0070   0.0000   0.0000   0.0000
    1407  -4.2412   2.3605  16.0441   0.0000   0.0000   0.0000
    1408  -4.2667   2.3943  16.2962   0.0000   0.0000   0.0000
    1409  -4.2251   2.9508  16.3326   0.0000   0.0000   0.0000
    1410  -4.5308   3.0668  16.7029   0.0000   0.0000   0.0000
    1411  -3.8949   2.4973  16.9808   0.0000   0.0000   0.0000
    1412  -5.1114   2.2763  17.0116   0.0000   0.0000   0.0000
    1413  -4.5608   2.3948  16.7523   0.0000   0.0000   0.0000
    1414  -4.7981   2.3889  17.1274   0.0000   0.0000   0.0000
    1415  -4.4397   1.7115  16.5722   0.0000   0.0000   0.0000
    1416  -4.9057   2.3810  16.8335   0.0000   0.0000   0.0000
    1417  -3.7685   2.9381  16.8339   0.0000   0.0000   0.0000
    1418  -3.9809   2.5740  18.2324   0.0000   0.0000   0.0000
    1419  -4.7205   2.7207  18.6284   0.0000   0.0000   0.0000
    1420  -4.2532   2.3996  18.3797   0.0000   0.0000   0.0000
    1421  -4.8766   0.8943  18.7658   0.0000   0.0000   0.0000
    1422  -4.2028   1.7952  18.1625   0.0000   0.0000   0.0000
    1423  -5.6268   1.8110  18.2873   0.0000   0.0000   0.0000
    1424  -5.2745   2.1249  18.4430   0.0000   0.0000   0.0000
    1425  -6.2275   2.1188  17.4307   0.0000   0.0000   0.0000
    1426  -4.7368   1.9417  18.0938   0.0000   0.0000   0.0000
    1427  -4.3550   1.7545  17.7058   0.0000   0.0000   0.0000
    1428  -5.1538   1.6286  17.9020   0.0000   0.0000   0.0000
    1429  -4.5480   1.6003  18.0654   0.0000   0.0000   0.0000
    1430  -3.9507   2.3944  17.9637   0.0000   0.0000   0.0000
    1431  -5.4818   2.1656  18.2184   0.0000   0.0000   0.0000
    1432  -5.0293   1.7549  17.6515   0.0000   0.0000   0.0000
    1433  -5.0014   1.7454  17.7566   0.0000   0.0000   0.0000
    1434  -3.8706   0.4263  17.9087   0.0000   0.0000   0.0000
    1435  -5.2095   1.4278  18.7463   0.0000   0.0000   0.0000
    1436  -5.7858   1.3892  18.5271   0.0000   0.0000   0.0000
    1437  -5.1271   2.1955  18.8474   0.0000   0.0000   0.0000
    1438  -4.9342   2.1636  19.1800   0.0000   0.0000   0.0000
    1439  -6.0327   2.5792  17.5858   0.0000   0.0000   0.0000
    1440  -5.7896   2.7661  19.2762   0.0000   0.0000   0.0000
    1441  -5.6006   2.3064  18.6974   0.0000   0.0000   0.0000
    1442  -5.5278   2.1735  18.8689   0.0000   0.0000   0.0000
    1443  -5.4863   2.0189  19.2377   0.0000   0.0000   0.0000
    1444  -6.1478   1.9326  20.0312   0.0000   0.0000   0.0000
    1445  -5.3196   1.1244  20.7128   0.0000   0.0000   0.0000
    1446  -4.7017   1.2797  20.3382   0.0000   0.0000   0.0000
    1447  -5.0665   1.7687  18.8960   0.0000   0.0000   0.0000
    1448  -4.7067   0.7194  19.9260   0.0000   0.0000   0.0000
    1449  -5.8314   0.7940  19.3739   0.0000   0.0000   0.0000
    1450  -4.7138   0.6622  19.9138   0.0000   0.0000   0.0000
    1451  -5.7588   2.1121  20.1391   0.0000   0.0000   0.0000
    1452  -4.7082   1.0027  19.2715   0.0000   0.0000   0.0000
    1453  -5.6332   0.6791  20.2274   0.0000   0.0000   0.0000
    1454  -6.1820   1.7549  19.9325   0.0000   0.0000   0.0000
    1455  -5.8679   1.2295  20.4201   0.0000   0.0000   0.0000
    1456  -5.4215   0.0854  20.1351   0.0000   0.0000   0.0000
    1457  -6.3821   1.0802  20.4903   0.0000   0.0000   0.0000
    1458  -6.0349   0.2757  20.4979   0.0000   0.0000   0.0000
    1459  -4.7059   0.6522  19.9061   0.0000   0.0000   0.0000
    1460  -5.8368   1.7045  18.8059   0.0000   0.0000   0.0000
    1461  -4.6380   2.6747  20.0400   0.0000   0.0000   0.0000
    1462  -4.5853   2.1887  19.6811   0.0000   0.0000   0.0000
    1463  -4.8938   3.4736  19.8053   0.0000   0.0000   0.0000
    1464  -5.1573   3.2477  19.7624   0.0000   0.0000   0.0000
    1465  -3.9986   2.7647  19.8221   0.0000   0.0000   0.0000
    1466  -5.0195   1.9294  19.9250   0.0000   0.0000   0.0000
    1467  -4.6889   2.2149  19.9335   0.0000   0.0000   0.0000
    1468  -5.0023   2.0107  19.6969   0.0000   0.0000   0.0000
    1469  -3.4259   1.8464  19.5470   0.0000   0.0000   0.0000
    1470  -3.9409   1.5011  19.3559   0.0000   0.0000   0.0000
    1471  -3.5056   0.5821  18.7931   0.0000   0.0000   0.0000
    1472  -4.1535   1.4214  19.4787   0.0000   0.0000   0.0000
    1473  -5.3398   1.4318  20.2610   0.0000   0.0000   0.0000
    1474  -4.6998   0.9955  19.1140   0.0000   0.0000   0.0000
    1475  -4.6057   1.9045  19.7438   0.0000   0.0000   0.0000
    1476  -4.4378   1.3525  20.3525   0.0000   0.0000   0.0000
    1477  -4.3786   0.9406  19.2539   0.0000   0.0000   0.0000
    1478  -4.3672   1.0539  19.1329   0.0000   0.0000   0.0000
    1479  -4.7121   1.6727  20.0535   0.0000   0.0000   0.0000
    1480  -5.0981   1.2948  19.7744   0.0000   0.0000   0.0000
    1481  -6.3212   0.6153  19.4554   0.0000   0.0000   0.0000
    1482  -5.8995   0.9905  19.8690   0.0000   0.0000   0.0000
    1483  -5.8785   1.1779  20.4042   0.0000   0.0000   0.0000
    1484  -7.6468   3.2122  19.4446   0.0000   0.0000   0.0000
    1485  -7.2427   2.6695  18.4364   0.0000   0.0000   0.0000
    1486  -6.9865   4.0339  18.5307   0.0000   0.0000   0.0000
    1487  -7.5178   3.2383  18.8344   0.0000   0.0000   0.0000
    1488  -7.5927   3.6311  19.4959   0.0000   0.0000   0.0000
    1489  -6.6351   2.0324  19.3239   0.0000   0.0000   0.0000
    1490  -7.2653   3.4864  19.5570   0.0000   0.0000   0.0000
    1491  -6.5901   3.2820  19.6057   0.0000   0.0000   0.0000
    1492  -7.3237   3.1421  18.7547   0.0000   0.0000   0.0000
    1493  -7.2915   3.5334  18.5438   0.0000   0.0000   0.0000
    1494  -7.1969   2.9310  18.7669   0.0000   0.0000   0.0000
    1495  -8.7840   3.2617  18.4633   0.0000   0.0000   0.0000
    1496  -9.2819   2.3489  17.5565   0.0000   0.0000   0.0000
    1497  -6.3147   1.4389  18.0890   0.0000   0.0000   0.0000
    1498  -8.0624   1.3089  18.1965   0.0000   0.0000   0.0000
    1499  -7.5883   2.9478  17.1128   0.0000   0.0000   0.0000
    1500  -6.6796   2.0983  17.5181   0.0000   0.0000   0.0000
    1501  -6.1204   1.1680  17.3907   0.0000   0.0000   0.0000
    1502  -7.1691   2.3186  19.1287   0.0000   0.0000   0.0000
    1503  -6.5693   2.0824  18.3195   0.0000   0.0000   0.0000
    1504  -7.6103   1.9393  18.2404   0.0000   0.0000   0.0000
    1505  -6.5232   2.3507  17.8779   0.0000   0.0000   0.0000
    1506  -7.1577   3.0672  19.0863   0.0000   0.0000   0.0000
    1507  -7.4493   2.8958  18.6771   0.0000   0.0000   0.0000
    1508  -7.2642   3.2696  19.1163   0.0000   0.0000   0.0000
    1509  -6.9162   3.2986  18.4575   0.0000   0.0000   0.0000
    1510  -5.2825   4.1851  18.4536   0.0000   0.0000   0.0000
    1511  -6.6664   4.6748  18.2362   0.0000   0.0000   0.0000
    1512  -6.5542   4.2817  19.1139   0.0000   0.0000   0.0000
    1513  -7.0296   3.8360  18.6406   0.0000   0.0000   0.0000
    1514  -6.8322   4.4075  19.1003   0.0000   0.0000   0.0000
    1515  -6.7942   3.7571  18.1580   0.0000   0.0000   0.0000
    1516  -7.0893   3.0077  18.0810   0.0000   0.0000   0.0000
    1517  -8.1096   3.0532  18.4448   0.0000   0.0000   0.0000
    1518  -7.5484   3.6893  18.1064   0.0000   0.0000   0.0000
    1519  -6.5996   3.6923  17.7539   0.0000   0.0000   0.0000
    1520  -7.5052   4.8174  18.2829   0.0000   0.0000   0.0000
    1521  -6.7911   3.3080  19.1860   0.0000   0.0000   0.0000
    1522  -6.7263   4.1352  18.3603   0.0000   0.0000   0.0000
    1523  -6.1458   3.8301  18.6037   0.0000   0.0000   0.0000
    1524  -7.0608   4.8193  17.7991   0.0000   0.0000   0.0000
    1525  -7.8555   4.4882  17.9162   0.0000   0.0000   0.0000
    1526  -6.0335   4.5214  18.6433   0.0000   0.0000   0.0000
    1527  -7.0255   4.1429  18.1607   0.0000   0.0000   0.0000
    1528  -8.2207   4.9642  17.7899   0.0000   0.0000   0.0000
    1529  -7.9481   3.9833  18.3205   0.0000   0.0000   0.0000
    1530  -6.3678   3.3465  18.5696   0.0000   0.0000   0.0000
    1531  -7.6972   3.0574  17.9166   0.0000   0.0000   0.0000
    1532  -7.2729   3.9207  18.0697   0.0000   0.0000   0.0000
    1533  -6.7700   2.1014  17.9938   0.0000   0.0000   0.0000
    1534  -5.7058   2.4633  17.3210   0.0000   0.0000   0.0000
    1535  -5.6108   2.3559  16.7639   0.0000   0.0000   0.0000
    1536  -6.1745   1.9393  19.3621   0.0000   0.0000   0.0000
    1537  -6.6098   1.5380  17.4860   0.0000   0.0000   0.0000
    1538  -5.4948   1.6319  17.6692   0.0000   0.0000   0.0000
    1539  -4.5236   1.5626  18.2824   0.0000   0.0000   0.0000
    1540  -5.1286   0.1829  18.6902   0.0000   0.0000   0.0000
    1541  -5.6785   1.1434  18.1266   0.0000   0.0000   0.0000
    1542  -5.0283   1.9302  19.2727   0.0000   0.0000   0.0000
    1543  -5.6250   2.0023  18.5548   0.0000   0.0000   0.0000
    1544  -5.4442   2.0095  19.1514   0.0000   0.0000   0.0000
    1545  -5.7195   2.0741  17.6412   0.0000   0.0000   0.0000
    1546  -4.8694   2.9773  18.4328   0.0000   0.0000   0.0000
    1547  -6.1290   2.1535  17.3303   0.0000   0.0000   0.0000
    1548  -7.1346   2.7450  18.0567   0.0000   0.0000   0.0000
    1549  -5.6972   2.6300  17.4895   0.0000   0.0000   0.0000
    1550  -5.0347   1.1420  18.2432   0.0000   0.0000   0.0000
    1551  -4.6534   1.1760  17.1080   0.0000   0.0000   0.0000
    1552  -5.4684   1.7888  17.3269   0.0000   0.0000   0.0000
    1553  -5.3121   1.1261  17.4869   0.0000   0.0000   0.0000
    1554  -4.3253   0.7588  17.9968   0.0000   0.0000   0.0000
    1555  -4.7658   1.5186  17.9340   0.0000   0.0000   0.0000
    1556  -3.7307   0.9093  18.2801   0.0000   0.0000   0.0000
    1557  -4.4720   1.8630  17.6455   0.0000   0.0000   0.0000
    1558  -4.3982   1.5158  17.4521   0.0000   0.0000   0.0000
    1559  -4.6733   0.8230  17.9498   0.0000   0.0000   0.0000
    1560  -5.2883   1.5188  17.8496   0.0000   0.0000   0.0000
    1561  -4.9461   0.0181  17.7405   0.0000   0.0000   0.0000
    1562  -6.0165   0.4300  18.3690   0.0000   0.0000   0.0000
    1563  -5.4730   0.9862  18.6379   0.0000   0.0000   0.0000
    1564  -5.8664  -0.2227  18.4615   0.0000   0.0000   0.0000
    1565  -6.7454   0.4809  17.6068   0.0000   0.0000   0.0000
    1566  -5.5294   1.0109  18.2927   0.0000   0.0000   0.0000
    1567  -5.6350   0.7998  19.6195   0.0000   0.0000   0.0000
    1568  -7.2192   1.5947  18.2912   0.0000   0.0000   0.0000
    1569  -6.0298   0.7046  19.5511   0.0000   0.0000   0.0000
    1570  -5.9990   0.7808  19.2847   0.0000   0.0000   0.0000
    1571  -6.3889   0.8011  19.4580   0.0000   0.0000   0.0000
    1572  -5.9628  -0.1020  19.5765   0.0000   0.0000   0.0000
    1573  -7.0687  -0.2653  19.2941   0.0000   0.0000   0.0000
    1574  -6.8345   0.5932  20.1708   0.0000   0.0000   0.0000
    1575  -6.1134   0.3880  20.0016   0.0000   0.0000   0.0000
    1576  -6.1656   0.5350  19.9433   0.0000   0.0000   0.0000
    1577  -5.6814   0.5153  21.0578   0.0000   0.0000   0.0000
    1578  -6.0148   1.6346  20.3332   0.0000   0.0000   0.0000
    1579  -6.9273   0.8914  20.5030   0.0000   0.0000   0.0000
    1580  -5.9900   1.4762  20.4398   0.0000   0.0000   0.0000
    1581  -5.1773  -0.2446  20.6081   0.0000   0.0000   0.0000
    1582  -6.4076  -0.0864  20.1887   0.0000   0.0000   0.0000
    1583  -5.8970   1.7176  20.5593   0.0000   0.0000   0.0000
    1584  -5.6237   1.3650  21.1193   0.0000   0.0000   0.0000
    1585  -6.1254   2.1809  20.4583   0.0000   0.0000   0.0000
    1586  -5.2208   1.6309  20.5563   0.0000   0.0000   0.0000
    1587  -5.2858   2.6054  21.0318   0.0000   0.0000   0.0000
    1588  -5.1565   2.2237  19.8635   0.0000   0.0000   0.0000
    1589  -4.7717   2.7877  20.3482   0.0000   0.0000   0.0000
    1590  -4.3826   1.1302  20.5229   0.0000   0.0000   0.0000
    1591  -4.9144   2.4343  18.7881   0.0000   0.0000   0.0000
    1592  -4.8353   2.3638  19.3977   0.0000   0.0000   0.0000
    1593  -3.4205   1.4169  19.7667   0.0000   0.0000   0.0000
    1594  -4.1255   2.2359  19.4652   0.0000   0.0000   0.0000
    1595  -5.0652   0.9895  18.7375   0.0000   0.0000   0.0000
    1596  -4.4547   1.3927  17.9166   0.0000   0.0000   0.0000
    1597  -4.9770   1.4694  18.2140   0.0000   0.0000   0.0000
    1598  -4.8005   1.8579  17.7495   0.0000   0.0000   0.0000
    1599  -4.8036   1.4971  18.7580   0.0000   0.0000   0.0000
    1600  -4.6343   2.1880  17.9802   0.0000   0.0000   0.0000
    1601  -5.4578   2.2497  18.1388   0.0000   0.0000   0.0000
    1602  -4.4559   3.4371  17.8005   0.0000   0.0000   0.0000
    1603  -5.7681   2.4520  17.4122   0.0000   0.0000   0.0000
    1604  -5.5706   2.7653  16.9437   0.0000   0.0000   0.0000
    1605  -5.5421   1.8536  17.5662   0.0000   0.0000   0.0000
    1606  -6.4824   2.6187  17.6256   0.0000   0.0000   0.0000
    1607  -6.1133   2.3294  16.6592   0.0000   0.0000   0.0000
    1608  -5.8460   2.6135  17.3895   0.0000   0.0000   0.0000
    1609  -6.0851   3.0059  18.2362   0.0000   0.0000   0.0000
    1610  -6.3265   3.1298  18.1208   0.0000   0.0000   0.0000
    1611  -7.0567   3.5242  17.9751   0.0000   0.0000   0.0000
    1612  -5.6393   2.7850  18.3018   0.0000   0.0000   0.0000
    1613  -6.8477   3.1634  18.6137   0.0000   0.0000   0.0000
    1614  -6.7674   3.6862  17.0944   0.0000   0.0000   0.0000
    1615  -7.2943   3.9214  17.4137   0.0000   0.0000   0.0000
    1616  -7.2906   3.8018  17.8510   0.0000   0.0000   0.0000
    1617  -6.0359   2.9679  16.9305   0.0000   0.0000   0.0000
    1618  -8.2223   3.6949  17.6845   0.0000   0.0000   0.0000
    1619  -7.4380   4.2533  17.8788   0.0000   0.0000   0.0000
    1620  -6.5442   3.6446  16.5526   0.0000   0.0000   0.0000
    1621  -6.7999   3.4852  17.0179   0.0000   0.0000   0.0000
    1622  -6.7956   1.7402  16.6522   0.0000   0.0000   0.0000
    1623  -6.3693   2.5993  15.6532   0.0000   0.0000   0.0000
    1624  -6.3967   2.9073  17.1480   0.0000   0.0000   0.0000
    1625  -6.9750   1.9793  17.3896   0.0000   0.0000   0.0000
    1626  -6.9949   1.4033  17.5654   0.0000   0.0000   0.0000
    1627  -6.6348   1.3679  17.6233   0.0000   0.0000   0.0000
    1628  -5.6815   1.2501  17.6575   0.0000   0.0000   0.0000
    1629  -6.4668   1.5294  17.4553   0.0000   0.0000   0.0000
    1630  -6.8268   2.0098  17.8592   0.0000   0.0000   0.0000
    1631  -7.6145   1.5771  17.2727   0.0000   0.0000   0.0000
    1632  -6.7930   1.0909  17.0982   0.0000   0.0000   0.0000
    1633  -6.7691   1.6729  17.1059   0.0000   0.0000   0.0000
    1634  -6.3269   1.2260  18.0067   0.0000   0.0000   0.0000
    1635  -6.7422   1.4675  18.6898   0.0000   0.0000   0.0000
    1636  -6.5315   1.9375  17.1874   0.0000   0.0000   0.0000
    1637  -7.3260   2.3475  18.3026   0.0000   0.0000   0.0000
    1638  -7.3975   2.8277  18.0522   0.0000   0.0000   0.0000
    1639  -8.1322   2.4866  16.9656   0.0000   0.0000   0.0000
    1640  -6.9861   2.6333  17.3479   0.0000   0.0000   0.0000
    1641  -6.7389   2.2912  16.6547   0.0000   0.0000   0.0000
    1642  -6.6209   2.3481  16.2530   0.0000   0.0000   0.0000
    1643  -6.2626   2.0064  17.2878   0.0000   0.0000   0.0000
    1644  -6.1797   1.7388  14.7714   0.0000   0.0000   0.0000
    1645  -6.4978   2.3838  16.1440   0.0000   0.0000   0.0000
    1646  -6.5583   1.8314  17.9383   0.0000   0.0000   0.0000
    1647  -5.1794   2.0181  16.3565   0.0000   0.0000   0.0000
    1648  -6.4360   1.7555  17.4889   0.0000   0.0000   0.0000
    1649  -5.9875   1.8585  16.7957   0.0000   0.0000   0.0000
    1650  -5.8681   2.0671  17.1305   0.0000   0.0000   0.0000
    1651  -6.3338   0.7276  17.4187   0.0000   0.0000   0.0000
    1652  -7.0273   1.4341  17.2640   0.0000   0.0000   0.0000
    1653  -7.1566   1.8719  17.5960   0.0000   0.0000   0.0000
    1654  -7.2369   1.9774  17.5080   0.0000   0.0000   0.0000
    1655  -6.7844   1.1562  17.9712   0.0000   0.0000   0.0000
    1656  -6.9659   1.1692  17.6508   0.0000   0.0000   0.0000
    1657  -6.5826   1.6858  16.6951   0.0000   0.0000   0.0000
    1658  -7.7753   1.6629  17.2205   0.0000   0.0000   0.0000
    1659  -6.2883   1.4858  16.4840   0.0000   0.0000   0.0000
    1660  -6.6192   1.7346  16.4226   0.0000   0.0000   0.0000
    1661  -6.4471   1.5803  16.3088   0.0000   0.0000   0.0000
    1662  -5.4932   1.3259  17.8960   0.0000   0.0000   0.0000
    1663  -6.5796   0.6362  18.1351   0.0000   0.0000   0.0000
    1664  -6.0920   1.2118  16.7020   0.0000   0.0000   0.0000
    1665  -6.0019   1.2457  17.2466   0.0000   0.0000   0.0000
    1666  -6.1530   0.7212  18.2950   0.0000   0.0000   0.0000
    1667  -5.5614   2.6044  16.4063   0.0000   0.0000   0.0000
    1668  -6.2464   2.0701  18.2161   0.0000   0.0000   0.0000
    1669  -6.9644   1.5549  17.7987   0.0000   0.0000   0.0000
    1670  -6.6647   2.0545  16.9691   0.0000   0.0000   0.0000
    1671  -7.8142   2.3695  17.8351   0.0000   0.0000   0.0000
    1672  -6.7734   1.5889  17.3229   0.0000   0.0000   0.0000
    1673  -6.6848   2.4185  17.0113   0.0000   0.0000   0.0000
    1674  -6.9692   1.6845  17.5370   0.0000   0.0000   0.0000
    1675  -6.7884   1.7911  17.4477   0.0000   0.0000   0.0000
    1676  -5.6374   1.7373  18.0411   0.0000   0.0000   0.0000
    1677  -6.6728   1.9259  18.0165   0.0000   0.0000   0.0000
    1678  -6.8851   1.5700  18.0294   0.0000   0.0000   0.0000
    1679  -7.3398   1.8435  17.4499   0.0000   0.0000   0.0000
    1680  -7.6594   1.7182  17.6565   0.0000   0.0000   0.0000
    1681  -7.5550   1.3352  18.4168   0.0000   0.0000   0.0000
    1682  -7.0954   2.4341  18.0127   0.0000   0.0000   0.0000
    1683  -7.1925   2.9302  17.3527   0.0000   0.0000   0.0000
    1684  -6.7023   2.2225  18.6262   0.0000   0.0000   0.0000
    1685  -6.1257   2.3439  18.6745   0.0000   0.0000   0.0000
    1686  -6.4371   2.8109  18.2445   0.0000   0.0000   0.0000
    1687  -7.1490   2.4243  19.1596   0.0000   0.0000   0.0000
    1688  -6.8754   1.9572  18.2062   0.0000   0.0000   0.0000
    1689  -7.5407   3.1924  17.7937   0.0000   0.0000   0.0000
    1690  -7.4030   2.1491  17.6023   0.0000   0.0000   0.0000
    1691  -7.0794   2.5725  17.1503   0.0000   0.0000   0.0000
    1692  -6.7277   2.8245  17.5491   0.0000   0.0000   0.0000
    1693  -7.1483   2.9311  17.8708   0.0000   0.0000   0.0000
    1694  -6.2768   2.6199  18.5446   0.0000   0.0000   0.0000
    1695  -6.5541   2.4263  17.8577   0.0000   0.0000   0.0000
    1696  -6.2312   3.1990  19.4342   0.0000   0.0000   0.0000
    1697  -5.8799   2.6398  18.3576   0.0000   0.0000   0.0000
    1698  -6.7811   2.7759  17.9052   0.0000   0.0000   0.0000
    1699  -7.3922   1.8783  18.8032   0.0000   0.0000   0.0000
    1700  -7.0205   3.0161  18.2028   0.0000   0.0000   0.0000
    1701  -7.1352   1.7013  18.1909   0.0000   0.0000   0.0000
    1702  -6.7800   2.7225  18.7836   0.0000   0.0000   0.0000
    1703  -6.4730   2.0981  18.6063   0.0000   0.0000   0.0000
    1704  -5.8714   2.3188  17.8419   0.0000   0.0000   0.0000
    1705  -6.9729   2.0880  18.2440   0.0000   0.0000   0.0000
    1706  -6.3623   2.6779  17.3529   0.0000   0.0000   0.0000
    1707  -6.4974   2.3032  18.8556   0.0000   0.0000   0.0000
    1708  -6.9252   2.7058  18.1619   0.0000   0.0000   0.0000
    1709  -5.7754   2.3874  18.3426   0.0000   0.0000   0.0000
    1710  -5.9752   3.0922  18.5220   0.0000   0.0000   0.0000
    1711  -5.1827   3.4844  17.2672   0.0000   0.0000   0.0000
    1712  -7.1407   2.6876  18.1709   0.0000   0.0000   0.0000
    1713  -7.2143   3.1939  17.9035   0.0000   0.0000   0.0000
    1714  -6.8557   2.6291  17.7440   0.0000   0.0000   0.0000
    1715  -7.5255   2.3655  18.2003   0.0000   0.0000   0.0000
    1716  -6.1795   2.6341  18.5820   0.0000   0.0000   0.0000
    1717  -6.5127   2.4469  18.2792   0.0000   0.0000   0.0000
    1718  -5.9165   1.9498  18.0717   0.0000   0.0000   0.0000
    1719  -5.6189   2.5084  17.7352   0.0000   0.0000   0.0000
    1720  -5.5898   2.4696  17.9058   0.0000   0.0000   0.0000
    1721  -7.2705   2.9574  18.1556   0.0000   0.0000   0.0000
    1722  -6.8124   3.3566  18.7905   0.0000   0.0000   0.0000
    1723  -6.3081   3.2939  18.9209   0.0000   0.0000   0.0000
    1724  -7.2380   4.4943  17.6677   0.0000   0.0000   0.0000
    1725  -6.2903   3.4037  18.9857   0.0000   0.0000   0.0000
    1726  -6.3591   4.0345  18.7743   0.0000   0.0000   0.0000
    1727  -7.2358   3.2938  18.9823   0.0000   0.0000   0.0000
    1728  -6.4373   3.4915  17.4634   0.0000   0.0000   0.0000
    1729  -7.1333   3.1426  18.6815   0.0000   0.0000   0.0000
    1730  -7.0562   3.5606  18.9190   0.0000   0.0000   0.0000
    1731  -7.0933   3.6568  17.1266   0.0000   0.0000   0.0000
    1732  -6.6910   3.4595  18.2388   0.0000   0.0000   0.0000
    1733  -6.5512   3.5202  17.2580   0.0000   0.0000   0.0000
    1734  -6.3838   4.1078  18.0560   0.0000   0.0000   0.0000
    1735  -6.5170   4.4898  17.2111   0.0000   0.0000   0.0000
    1736  -7.3986   4.3947  17.6843   0.0000   0.0000   0.0000
    1737  -6.0084   4.1284  18.5531   0.0000   0.0000   0.0000
    1738  -6.2277   4.8618  17.4098   0.0000   0.0000   0.0000
    1739  -6.3237   4.0963  18.0386   0.0000   0.0000   0.0000
    1740  -7.7134   4.1112  17.2305   0.0000   0.0000   0.0000
    1741  -7.3609   4.0893  17.0252   0.0000   0.0000   0.0000
    1742  -6.6500   4.0354  17.4499   0.0000   0.0000   0.0000
    1743  -7.5416   3.6018  18.9163   0.0000   0.0000   0.0000
    1744  -7.1187   3.9914  17.8531   0.0000   0.0000   0.0000
    1745  -6.7496   2.5322  18.8065   0.0000   0.0000   0.0000
    1746  -6.7320   2.6097  17.8600   0.0000   0.0000   0.0000
    1747  -6.0336   3.2349  17.8522   0.0000   0.0000   0.0000
    1748  -6.4794   2.6596  18.2341   0.0000   0.0000   0.0000
    1749  -7.7639   2.4648  18.5213   0.0000   0.0000   0.0000
    1750  -6.5485   2.6159  17.9078   0.0000   0.0000   0.0000
    1751  -6.3477   2.4083  19.6534   0.0000   0.0000   0.0000
    1752  -6.3673   2.8479  18.6352   0.0000   0.0000   0.0000
    1753  -6.6711   2.1373  19.8373   0.0000   0.0000   0.0000
    1754  -6.5842   1.9612  19.7513   0.0000   0.0000   0.0000
    1755  -6.5299   2.9857  19.4675   0.0000   0.0000   0.0000
    1756  -6.7760   2.5883  18.9278   0.0000   0.0000   0.0000
    1757  -6.2294   1.5899  19.3871   0.0000   0.0000   0.0000
    1758  -6.2442   2.6600  19.8445   0.0000   0.0000   0.0000
    1759  -6.4156   1.9078  18.8666   0.0000   0.0000   0.0000
    1760  -7.1406   3.0377  18.9039   0.0000   0.0000   0.0000
    1761  -7.0538   2.3594  19.5089   0.0000   0.0000   0.0000
    1762  -7.0216   3.5142  19.0907   0.0000   0.0000   0.0000
    1763  -5.9999   2.9356  19.1610   0.0000   0.0000   0.0000
    1764  -6.7584   3.0355  18.8309   0.0000   0.0000   0.0000
    1765  -5.9833   3.7454  18.4563   0.0000   0.0000   0.0000
    1766  -6.6145   3.0534  19.2965   0.0000   0.0000   0.0000
    1767  -5.5511   1.9331  19.5821   0.0000   0.0000   0.0000
    1768  -6.2316   2.9265  20.1884   0.0000   0.0000   0.0000
    1769  -6.1064   2.8256  18.8919   0.0000   0.0000   0.0000
    1770  -6.3218   2.5580  20.1991   0.0000   0.0000   0.0000
    1771  -5.5723   2.6446  19.3660   0.0000   0.0000   0.0000
    1772  -6.3884   2.0439  20.0223   0.0000   0.0000   0.0000
    1773  -5.2938   1.6464  19.5625   0.0000   0.0000   0.0000
    1774  -7.2178   3.0328  18.6167   0.0000   0.0000   0.0000
    1775  -5.8327   3.8572  17.3483   0.0000   0.0000   0.0000
    1776  -5.9632   3.4767  18.7025   0.0000   0.0000   0.0000
    1777  -6.1918   3.2821  18.6990   0.0000   0.0000   0.0000
    1778  -6.7708   3.9281  18.8978   0.0000   0.0000   0.0000
    1779  -6.1852   3.1167  19.5367   0.0000   0.0000   0.0000
    1780  -6.6670   3.7266  18.0101   0.0000   0.0000   0.0000
    1781  -7.0676   4.0437  19.1619   0.0000   0.0000   0.0000
    1782  -6.3797   3.3335  18.6684   0.0000   0.0000   0.0000
    1783  -6.3253   3.6303  19.3900   0.0000   0.0000   0.0000
    1784  -6.4254   3.7503  20.0732   0.0000   0.0000   0.0000
    1785  -6.3451   2.7149  20.1139   0.0000   0.0000   0.0000
    1786  -6.4286   3.2835  20.3415   0.0000   0.0000   0.0000
    1787  -6.2631   2.9308  20.3763   0.0000   0.0000   0.0000
    1788  -7.1636   3.1692  19.6783   0.0000   0.0000   0.0000
    1789  -5.9685   3.1867  19.6906   0.0000   0.0000   0.0000
    1790  -6.2921   2.3766  19.8142   0.0000   0.0000   0.0000
    1791  -5.8102   1.6948  20.4883   0.0000   0.0000   0.0000
    1792  -5.6730   3.0086  19.9795   0.0000   0.0000   0.0000
    1793  -5.3859   2.8108  19.5797   0.0000   0.0000   0.0000
    1794  -4.0624   2.2381  20.3762   0.0000   0.0000   0.0000
    1795  -6.4157   2.2846  21.3213   0.0000   0.0000   0.0000
    1796  -5.7769   2.0599  21.3799   0.0000   0.0000   0.0000
    1797  -4.5391   2.0315  21.4400   0.0000   0.0000   0.0000
    1798  -3.1173   2.6631  19.7602   0.0000   0.0000   0.0000
    1799  -3.9881   2.8175  20.5005   0.0000   0.0000   0.0000
    1800  -4.0540   2.5116  20.5909   0.0000   0.0000   0.0000
    1801  -4.2415   3.0923  19.7011   0.0000   0.0000   0.0000
    1802  -4.4637   3.9657  19.0099   0.0000   0.0000   0.0000
    1803  -4.2079   3.4665  19.4899   0.0000   0.0000   0.0000
    1804  -3.9106   3.5219  19.1344   0.0000   0.0000   0.0000
    1805  -4.3576   3.2344  19.6861   0.0000   0.0000   0.0000
    1806  -4.5509   3.4612  19.2573   0.0000   0.0000   0.0000
    1807  -3.8168   2.9395  19.7698   0.0000   0.0000   0.0000
    1808  -5.1829   2.5197  19.7641   0.0000   0.0000   0.0000
    1809  -4.9956   2.5835  20.1877   0.0000   0.0000   0.0000
    1810  -5.0346   2.3020  19.6754   0.0000   0.0000   0.0000
    1811  -4.6946   2.3551  21.1707   0.0000   0.0000   0.0000
    1812  -4.8959   2.7263  21.0095   0.0000   0.0000   0.0000
    1813  -5.1604   2.9952  18.6750   0.0000   0.0000   0.0000
    1814  -4.4871   2.1036  19.8159   0.0000   0.0000   0.0000
    1815  -4.5211   2.7021  19.6022   0.0000   0.0000   0.0000
    1816  -4.6662   3.6874  18.3920   0.0000   0.0000   0.0000
    1817  -4.5091   3.1880  19.1628   0.0000   0.0000   0.0000
    1818  -3.5004   3.4380  18.3811   0.0000   0.0000   0.0000
    1819  -4.2750   3.7413  18.0663   0.0000   0.0000   0.0000
    1820  -4.4902   3.2459  19.2190   0.0000   0.0000   0.0000
    1821  -3.6848   3.8326  18.5072   0.0000   0.0000   0.0000
    1822  -4.0581   4.2155  17.6185   0.0000   0.0000   0.0000
    1823  -4.5694   3.3338  19.5606   0.0000   0.0000   0.0000
    1824  -4.3182   2.7783  18.9671   0.0000   0.0000   0.0000
    1825  -4.8696   3.2454  19.1235   0.0000   0.0000   0.0000
    1826  -5.2343   3.6020  19.8738   0.0000   0.0000   0.0000
    1827  -4.5309   3.3154  20.1136   0.0000   0.0000   0.0000
    1828  -5.6601   3.7276  19.8803   0.0000   0.0000   0.0000
    1829  -4.8474   4.1753  20.1851   0.0000   0.0000   0.0000
    1830  -4.8209   3.4666  20.8003   0.0000   0.0000   0.0000
    1831  -4.1161   3.2902  19.9835   0.0000   0.0000   0.0000
    1832  -5.7188   3.9543  20.0860   0.0000   0.0000   0.0000
    1833  -6.0423   3.9894  19.8299   0.0000   0.0000   0.0000
    1834  -6.5958   4.1468  18.6011   0.0000   0.0000   0.0000
    1835  -6.4587   3.9608  18.8737   0.0000   0.0000   0.0000
    1836  -5.8840   4.1045  18.1300   0.0000   0.0000   0.0000
    1837  -6.2660   3.2735  18.1653   0.0000   0.0000   0.0000
    1838  -5.5085   4.2121  18.4453   0.0000   0.0000   0.0000
    1839  -5.9658   4.3011  17.8049   0.0000   0.0000   0.0000
    1840  -5.7802   4.2453  17.7403   0.0000   0.0000   0.0000
    1841  -5.5315   4.7487  18.0899   0.0000   0.0000   0.0000
    1842  -5.4201   4.3626  17.6534   0.0000   0.0000   0.0000
    1843  -4.7425   3.0850  18.0934   0.0000   0.0000   0.0000
    1844  -5.5898   3.1933  18.0456   0.0000   0.0000   0.0000
    1845  -5.1320   3.4766  17.2796   0.0000   0.0000   0.0000
    1846  -6.3498   3.4215  17.3944   0.0000   0.0000   0.0000
    1847  -6.9058   2.2637  17.1280   0.0000   0.0000   0.0000
    1848  -5.2993   2.7376  17.2104   0.0000   0.0000   0.0000
    1849  -5.0197   3.1383  17.3554   0.0000   0.0000   0.0000
    1850  -5.2556   3.4818  17.6617   0.0000   0.0000   0.0000
    1851  -5.4423   3.4579  16.7890   0.0000   0.0000   0.0000
    1852  -5.5086   3.8836  16.4188   0.0000   0.0000   0.0000
    1853  -4.9892   3.4457  17.4291   0.0000   0.0000   0.0000
    1854  -5.6247   3.5733  16.7966   0.0000   0.0000   0.0000
    1855  -5.2283   4.0196  17.1795   0.0000   0.0000   0.0000
    1856  -4.8653   3.7101  16.8793   0.0000   0.0000   0.0000
    1857  -5.8412   3.9143  17.1494   0.0000   0.0000   0.0000
    1858  -5.3230   3.5226  17.1555   0.0000   0.0000   0.0000
    1859  -5.4451   2.6771  16.9913   0.0000   0.0000   0.0000
    1860  -5.2197   2.7440  16.2593   0.0000   0.0000   0.0000
    1861  -5.4783   3.3310  17.1848   0.0000   0.0000   0.0000
    1862  -6.3070   3.4052  17.6615   0.0000   0.0000   0.0000
    1863  -5.1681   3.4604  18.9887   0.0000   0.0000   0.0000
    1864  -5.6869   2.8972  19.2003   0.0000   0.0000   0.0000
    1865  -5.2894   2.9342  17.9689   0.0000   0.0000   0.0000
    1866  -5.2481   2.9475  18.4657   0.0000   0.0000   0.0000
    1867  -4.7657   2.4416  17.7189   0.0000   0.0000   0.0000
    1868  -4.8933   3.1429  18.1918   0.0000   0.0000   0.0000
    1869  -4.9337   3.3287  16.7942   0.0000   0.0000   0.0000
    1870  -4.6698   3.7041  16.6652   0.0000   0.0000   0.0000
    1871  -4.2594   3.9019  17.9807   0.0000   0.0000   0.0000
    1872  -4.8643   4.4226  17.6713   0.0000   0.0000   0.0000
    1873  -5.6961   4.7482  18.0042   0.0000   0.0000   0.0000
    1874  -4.7184   3.4788  17.4643   0.0000   0.0000   0.0000
    1875  -4.4165   3.9619  17.6570   0.0000   0.0000   0.0000
    1876  -4.5740   3.8827  18.5273   0.0000   0.0000   0.0000
    1877  -4.7866   3.6425  16.8498   0.0000   0.0000   0.0000
    1878  -4.9370   3.4697  17.0474   0.0000   0.0000   0.0000
    1879  -5.5233   3.7288  16.2707   0.0000   0.0000   0.0000
    1880  -5.2685   2.9501  16.5986   0.0000   0.0000   0.0000
    1881  -5.4714   3.9312  16.3886   0.0000   0.0000   0.0000
    1882  -4.0929   4.1097  16.7223   0.0000   0.0000   0.0000
    1883  -4.6966   3.9383  17.0453   0.0000   0.0000   0.0000
    1884  -5.2380   5.0184  16.6949   0.0000   0.0000   0.0000
    1885  -5.0192   4.3265  17.6485   0.0000   0.0000   0.0000
    1886  -4.4502   4.9741  16.9862   0.0000   0.0000   0.0000
    1887  -3.2208   4.4163  17.6156   0.0000   0.0000   0.0000
    1888  -3.6136   4.5956  17.3216   0.0000   0.0000   0.0000
    1889  -4.1409   4.0594  17.4152   0.0000   0.0000   0.0000
    1890  -4.4654   4.4018  16.7586   0.0000   0.0000   0.0000
    1891  -2.7927   4.7360  18.2552   0.0000   0.0000   0.0000
    1892  -3.5365   3.6087  17.5374   0.0000   0.0000   0.0000
    1893  -3.7783   4.0295  18.4019   0.0000   0.0000   0.0000
    1894  -3.7483   4.4272  18.5794   0.0000   0.0000   0.0000
    1895  -4.5733   4.6168  17.8316   0.0000   0.0000   0.0000
    1896  -3.3176   4.0072  19.8070   0.0000   0.0000   0.0000
    1897  -2.7674   4.2646  20.2172   0.0000   0.0000   0.0000
    1898  -3.6462   4.2726  18.8559   0.0000   0.0000   0.0000
    1899  -2.9619   3.5640  19.6963   0.0000   0.0000   0.0000
    1900  -2.9131   4.0089  19.4780   0.0000   0.0000   0.0000
    1901  -3.2637   3.4889  17.6254   0.0000   0.0000   0.0000
    1902  -3.4582   3.8748  17.4500   0.0000   0.0000   0.0000
    1903  -3.3762   4.1989  17.5831   0.0000   0.0000   0.0000
    1904  -4.4710   3.7078  17.6032   0.0000   0.0000   0.0000
    1905  -3.4264   4.4437  19.1668   0.0000   0.0000   0.0000
    1906  -3.0007   3.8306  19.3705   0.0000   0.0000   0.0000
    1907  -2.7612   3.5524  18.6728   0.0000   0.0000   0.0000
    1908  -2.3635   4.0688  19.9202   0.0000   0.0000   0.0000
    1909  -2.4362   3.4781  21.0163   0.0000   0.0000   0.0000
    1910  -3.0069   3.6016  20.6741   0.0000   0.0000   0.0000
    1911  -3.0485   3.0058  20.7754   0.0000   0.0000   0.0000
    1912  -2.4120   2.8628  20.8696   0.0000   0.0000   0.0000
    1913  -2.5523   3.7981  19.8429   0.0000   0.0000   0.0000
    1914  -1.3803   3.9103  19.6285   0.0000   0.0000   0.0000
    1915  -2.3982   2.9866  20.4201   0.0000   0.0000   0.0000
    1916  -3.3043   2.9950  17.3431   0.0000   0.0000   0.0000
    1917  -3.1489   2.5654  19.1130   0.0000   0.0000   0.0000
    1918  -3.6335   3.0092  19.8988   0.0000   0.0000   0.0000
    1919  -3.3983   3.7813  19.6605   0.0000   0.0000   0.0000
    1920  -2.9857   3.4690  18.7091   0.0000   0.0000   0.0000
    1921  -3.4578   3.1785  19.6075   0.0000   0.0000   0.0000
    1922  -4.3706   2.7193  20.7435   0.0000   0.0000   0.0000
    1923  -2.4852   2.7949  19.8418   0.0000   0.0000   0.0000
    1924  -2.4471   2.9626  20.3722   0.0000   0.0000   0.0000
    1925  -3.1731   2.4407  20.6111   0.0000   0.0000   0.0000
    1926  -3.2372   3.0074  21.1477   0.0000   0.0000   0.0000
    1927  -3.3312   3.0701  21.2677   0.0000   0.0000   0.0000
    1928  -3.8978   3.0696  20.8643   0.0000   0.0000   0.0000
    1929  -2.0896   2.7249  22.2222   0.0000   0.0000   0.0000
    1930  -3.7100   1.7889  21.9498   0.0000   0.0000   0.0000
    1931  -3.3437   3.6222  21.7295   0.0000   0.0000   0.0000
    1932  -3.5830   3.1786  20.4115   0.0000   0.0000   0.0000
    1933  -4.0693   3.2540  20.4930   0.0000   0.0000   0.0000
    1934  -3.2556   3.3483  21.2916   0.0000   0.0000   0.0000
    1935  -2.7768   2.6069  21.0624   0.0000   0.0000   0.0000
    1936  -2.9566   2.2339  22.1209   0.0000   0.0000   0.0000
    1937  -2.6483   2.7788  21.8879   0.0000   0.0000   0.0000
    1938  -2.8967   2.8273  22.3572   0.0000   0.0000   0.0000
    1939  -3.0932   2.5565  21.3150   0.0000   0.0000   0.0000
    1940  -3.1247   2.0883  21.5905   0.0000   0.0000   0.0000
    1941  -2.6996   2.2183  21.7080   0.0000   0.0000   0.0000
    1942  -3.5524   2.4940  21.7311   0.0000   0.0000   0.0000
    1943  -3.1651   3.7801  21.6781   0.0000   0.0000   0.0000
    1944  -3.8848   3.0619  21.4533   0.0000   0.0000   0.0000
    1945  -2.3894   3.2149  21.2656   0.0000   0.0000   0.0000
    1946  -3.1317   3.7096  21.3264   0.0000   0.0000   0.0000
    1947  -3.6826   3.8016  20.8279   0.0000   0.0000   0.0000
    1948  -3.6941   3.5916  21.1029   0.0000   0.0000   0.0000
    1949  -3.0046   3.3694  21.2234   0.0000   0.0000   0.0000
    1950  -3.0750   3.0542  21.4539   0.0000   0.0000   0.0000
    1951  -3.8163   3.2921  20.9453   0.0000   0.0000   0.0000
    1952  -3.4836   2.3026  20.8953   0.0000   0.0000   0.0000
    1953  -3.3603   3.1802  21.2171   0.0000   0.0000   0.0000
    1954  -3.7160   2.7851  20.6642   0.0000   0.0000   0.0000
    1955  -3.7984   3.4707  21.0076   0.0000   0.0000   0.0000
    1956  -3.7589   3.5910  20.4621   0.0000   0.0000   0.0000
    1957  -3.4577   3.5428  21.5503   0.0000   0.0000   0.0000
    1958  -3.7424   3.9402  21.2843   0.0000   0.0000   0.0000
    1959  -4.4784   4.4286  21.1460   0.0000   0.0000   0.0000
    1960  -3.3634   4.1068  21.2749   0.0000   0.0000   0.0000
    1961  -3.8736   4.6072  21.1891   0.0000   0.0000   0.0000
    1962  -3.7434   4.4355  21.7715   0.0000   0.0000   0.0000
    1963  -3.5446   3.4727  20.9670   0.0000   0.0000   0.0000
    1964  -3.7200   4.1780  21.4192   0.0000   0.0000   0.0000
    1965  -3.0463   3.8650  20.9411   0.0000   0.0000   0.0000
    1966  -3.8307   3.4351  21.1618   0.0000   0.0000   0.0000
    1967  -3.8003   2.7593  21.0419   0.0000   0.0000   0.0000
    1968  -3.7264   3.2107  20.3227   0.0000   0.0000   0.0000
    1969  -5.4145   3.2575  20.8211   0.0000   0.0000   0.0000
    1970  -3.8155   3.4738  21.5715   0.0000   0.0000   0.0000
    1971  -2.8219   3.0288  21.2992   0.0000   0.0000   0.0000
    1972  -3.3837   2.9918  20.9706   0.0000   0.0000   0.0000
    1973  -3.0617   2.5503  21.0347   0.0000   0.0000   0.0000
    1974  -2.8900   2.2062  21.1640   0.0000   0.0000   0.0000
    1975  -2.0889   2.0822  21.1228   0.0000   0.0000   0.0000
    1976  -2.4814   2.7259  21.9057   0.0000   0.0000   0.0000
    1977  -1.0342   2.3204  21.4721   0.0000   0.0000   0.0000
    1978  -1.6898   2.7182  21.3386   0.0000   0.0000   0.0000
    1979  -2.0355   2.5325  21.3682   0.0000   0.0000   0.0000
    1980  -2.3307   3.2929  21.2056   0.0000   0.0000   0.0000
    1981  -2.4815   3.0487  20.0343   0.0000   0.0000   0.0000
    1982  -2.3698   3.1369  20.4586   0.0000   0.0000   0.0000
    1983  -4.2647   3.8045  21.1162   0.0000   0.0000   0.0000
    1984  -3.5758   3.1622  21.2288   0.0000   0.0000   0.0000
    1985  -3.6131   3.8784  20.5948   0.0000   0.0000   0.0000
    1986  -2.9981   3.1384  21.1306   0.0000   0.0000   0.0000
    1987  -2.9731   2.5823  21.7482   0.0000   0.0000   0.0000
    1988  -2.8421   2.8619  22.3075   0.0000   0.0000   0.0000
    1989  -2.7279   3.7287  22.1316   0.0000   0.0000   0.0000
    1990  -2.7799   3.4990  21.1669   0.0000   0.0000   0.0000
    1991  -2.4456   3.2842  20.9630   0.0000   0.0000   0.0000
    1992  -2.2044   3.3422  20.7423   0.0000   0.0000   0.0000
    1993  -2.8058   3.1684  20.1238   0.0000   0.0000   0.0000
    1994  -2.7969   3.4505  20.0911   0.0000   0.0000   0.0000
    1995  -3.3693   3.1495  20.5791   0.0000   0.0000   0.0000
    1996  -4.6077   3.9449  20.6708   0.0000   0.0000   0.0000
    1997  -4.1595   3.7067  20.9688   0.0000   0.0000   0.0000
    1998  -4.2799   1.8996  20.4642   0.0000   0.0000   0.0000
    1999  -3.8018   3.4082  21.0044   0.0000   0.0000   0.0000
    2000  -2.7214   2.8826  20.6192   0.0000   0.0000   0.0000
    2001  -2.5092   4.0419  18.6523   0.0000   0.0000   0.0000
    2002  -2.6647   2.9356  18.9710   0.0000   0.0000   0.0000
    2003  -3.1725   2.6168  19.9190   0.0000   0.0000   0.0000
    2004  -3.4108   3.7690  19.1738   0.0000   0.0000   0.0000
    2005  -2.6905   3.1700  20.2797   0.0000   0.0000   0.0000
    2006  -3.6384   2.1800  19.7476   0.0000   0.0000   0.0000
    2007  -3.4913   2.9892  19.7149   0.0000   0.0000   0.0000
    2008  -2.5543   2.6878  20.3193   0.0000   0.0000   0.0000
    2009  -2.9254   2.4601  20.4214   0.0000   0.0000   0.0000
    2010  -3.0581   2.6789  19.4956   0.0000   0.0000   0.0000
    2011  -3.3198   3.1974  18.7385   0.0000   0.0000   0.0000
    2012  -3.6904   3.6291  19.6802   0.0000   0.0000   0.0000
    2013  -5.3586   4.2297  18.7255   0.0000   0.0000   0.0000
    2014  -4.3177   2.9242  19.8917   0.0000   0.0000   0.0000
    2015  -3.4265   2.6255  20.5983   0.0000   0.0000   0.0000
    2016  -3.8188   2.7185  20.3763   0.0000   0.0000   0.0000
    2017  -3.4455   2.7153  19.0691   0.0000   0.0000   0.0000
    2018  -2.5738   3.0944  19.4382   0.0000   0.0000   0.0000
    2019  -2.3938   3.5483  19.4132   0.0000   0.0000   0.0000
    2020  -2.2183   3.2741  19.7237   0.0000   0.0000   0.0000
    2021  -2.2262   2.4466  19.7377   0.0000   0.0000   0.0000
    2022  -1.6191   2.0309  19.7317   0.0000   0.0000   0.0000
    2023  -2.5469   2.5711  20.0266   0.0000   0.0000   0.0000
    2024  -2.6567   2.8707  18.6783   0.0000   0.0000   0.0000
    2025  -2.9282   2.4013  20.0138   0.0000   0.0000   0.0000
    2026  -3.2536   2.0814  21.1780   0.0000   0.0000   0.0000
    2027  -1.9228   1.8294  19.6282   0.0000   0.0000   0.0000
    2028  -2.6019   2.4056  18.7707   0.0000   0.0000   0.0000
    2029  -2.8968   1.6174  20.1034   0.0000   0.0000   0.0000
    2030  -3.1460   2.7781  19.4348   0.0000   0.0000   0.0000
    2031  -4.5942   2.0181  20.4579   0.0000   0.0000   0.0000
    2032  -4.1502   3.4979  19.5492   0.0000   0.0000   0.0000
    2033  -3.0226   3.0308  19.9346   0.0000   0.0000   0.0000
    2034  -3.3547   3.8781  17.0957   0.0000   0.0000   0.0000
    2035  -4.2088   2.8982  18.3846   0.0000   0.0000   0.0000
    2036  -4.3815   2.5568  17.9001   0.0000   0.0000   0.0000
    2037  -3.2529   2.5983  19.5076   0.0000   0.0000   0.0000
    2038  -4.4421   2.5522  20.2483   0.0000   0.0000   0.0000
    2039  -4.2434   2.8763  19.1008   0.0000   0.0000   0.0000
    2040  -4.3701   3.2719  18.4050   0.0000   0.0000   0.0000
    2041  -4.0992   3.9277  20.5575   0.0000   0.0000   0.0000
    2042  -3.7540   3.0233  20.8145   0.0000   0.0000   0.0000
    2043  -3.7708   2.4316  21.0456   0.0000   0.0000   0.0000
    2044  -4.0374   1.3545  20.9313   0.0000   0.0000   0.0000
    2045  -4.2718   1.6463  19.2465   0.0000   0.0000   0.0000
    2046  -4.2384   1.3720  19.7185   0.0000   0.0000   0.0000
    2047  -3.4530   1.4828  19.5418   0.0000   0.0000   0.0000
    2048  -2.7371   1.5577  19.9068   0.0000   0.0000   0.0000
    2049  -3.3522   2.2739  17.1419   0.0000   0.0000   0.0000
    2050  -3.3729   2.3483  18.1354   0.0000   0.0000   0.0000
    2051  -2.5803   1.4646  17.8950   0.0000   0.0000   0.0000
    2052  -3.6626   0.2825  19.7795   0.0000   0.0000   0.0000
    2053  -3.5167   0.9602  19.7383   0.0000   0.0000   0.0000
    2054  -3.0371   1.0533  20.1120   0.0000   0.0000   0.0000
    2055  -3.6076   1.7133  20.3708   0.0000   0.0000   0.0000
    2056  -2.7504   0.7001  19.7174   0.0000   0.0000   0.0000
    2057  -3.5735   0.6222  20.3996   0.0000   0.0000   0.0000
    2058  -2.8300  -0.3317  19.6869   0.0000   0.0000   0.0000
    2059  -3.3816   0.9418  20.6320   0.0000   0.0000   0.0000
    2060  -3.5683   0.6388  20.3700   0.0000   0.0000   0.0000
    2061  -3.3552   0.9536  20.5927   0.0000   0.0000   0.0000
    2062  -4.0823   1.7299  19.5510   0.0000   0.0000   0.0000
    2063  -3.1491   0.6077  20.2189   0.0000   0.0000   0.0000
    2064  -3.4789   0.9466  20.3834   0.0000   0.0000   0.0000
    2065  -2.7998   1.1811  20.4493   0.0000   0.0000   0.0000
    2066  -3.2330   0.1889  21.0353   0.0000   0.0000   0.0000
    2067  -3.7138   0.0860  20.2641   0.0000   0.0000   0.0000
    2068  -3.8805   0.4642  20.3292   0.0000   0.0000   0.0000
    2069  -3.4853   0.1027  21.5385   0.0000   0.0000   0.0000
    2070  -3.5126  -0.4302  22.4924   0.0000   0.0000   0.0000
    2071  -3.9956  -0.3801  20.4320   0.0000   0.0000   0.0000
    2072  -4.1053   0.5343  20.4690   0.0000   0.0000   0.0000
    2073  -4.1407   0.2474  20.7496   0.0000   0.0000   0.0000
    2074  -4.9076   0.2989  19.8687   0.0000   0.0000   0.0000
    2075  -4.3768   0.3943  19.4192   0.0000   0.0000   0.0000
    2076  -4.1917   0.1995  19.8113   0.0000   0.0000   0.0000
    2077  -3.2847   0.2631  19.0037   0.0000   0.0000   0.0000
    2078  -3.9889  -0.1167  18.6802   0.0000   0.0000   0.0000
    2079  -4.3748   1.5499  19.8781   0.0000   0.0000   0.0000
    2080  -4.4722   0.7245  20.3991   0.0000   0.0000   0.0000
    2081  -4.5532   1.1980  19.7049   0.0000   0.0000   0.0000
    2082  -4.4052   1.0631  20.6559   0.0000   0.0000   0.0000
    2083  -3.8423   0.0740  19.8124   0.0000   0.0000   0.0000
    2084  -4.1542  -0.0503  21.2581   0.0000   0.0000   0.0000
    2085  -4.3761   0.2165  21.3962   0.0000   0.0000   0.0000
    2086  -4.2625  -0.0543  20.9931   0.0000   0.0000   0.0000
    2087  -3.7806   1.2214  20.6467   0.0000   0.0000   0.0000
    2088  -3.4854   0.5968  20.4103   0.0000   0.0000   0.0000
    2089  -3.7042   0.6867  20.3398   0.0000   0.0000   0.0000
    2090  -3.1847   2.1170  18.6849   0.0000   0.0000   0.0000
    2091  -4.5227   1.9577  20.7719   0.0000   0.0000   0.0000
    2092  -4.0451   1.6923  20.3394   0.0000   0.0000   0.0000
    2093  -5.0813   0.9234  19.4260   0.0000   0.0000   0.0000
    2094  -4.6899   1.5280  19.5426   0.0000   0.0000   0.0000
    2095  -4.0679   0.8251  19.5864   0.0000   0.0000   0.0000
    2096  -4.9472   1.3471  20.2823   0.0000   0.0000   0.0000
    2097  -3.8091   1.2348  20.4629   0.0000   0.0000   0.0000
    2098  -3.4375   1.3836  19.3634   0.0000   0.0000   0.0000
    2099  -3.6895   1.6109  18.1665   0.0000   0.0000   0.0000
    2100  -3.3951   2.1466  19.6455   0.0000   0.0000   0.0000
    2101  -3.6776   2.2803  18.5999   0.0000   0.0000   0.0000
    2102  -3.9896   2.3209  19.2728   0.0000   0.0000   0.0000
    2103  -3.8242   2.2424  18.3578   0.0000   0.0000   0.0000
    2104  -3.7200   1.2964  18.8415   0.0000   0.0000   0.0000
    2105  -5.2361   1.9465  19.2299   0.0000   0.0000   0.0000
    2106  -4.2778   2.1307  18.7826   0.0000   0.0000   0.0000
    2107  -4.3604   1.7777  18.5032   0.0000   0.0000   0.0000
    2108  -4.5138   1.6701  17.9818   0.0000   0.0000   0.0000
    2109  -4.0711   1.1989  18.1674   0.0000   0.0000   0.0000
    2110  -3.3319   0.9827  18.5170   0.0000   0.0000   0.0000
    2111  -3.9101   1.1696  18.0471   0.0000   0.0000   0.0000
    2112  -3.8928   1.1188  17.7774   0.0000   0.0000   0.0000
    2113  -4.1781   1.5607  18.7322   0.0000   0.0000   0.0000
    2114  -2.5991   1.1880  18.4086   0.0000   0.0000   0.0000
    2115  -3.2002   1.2640  18.1352   0.0000   0.0000   0.0000
    2116  -3.0264   1.5355  17.1486   0.0000   0.0000   0.0000
    2117  -3.3863   0.7618  17.5176   0.0000   0.0000   0.0000
    2118  -3.6503   0.3896  17.9661   0.0000   0.0000   0.0000
    2119  -3.8305   1.5394  18.0934   0.0000   0.0000   0.0000
    2120  -3.9673   2.9140  17.8181   0.0000   0.0000   0.0000
    2121  -4.0107   2.7314  17.8881   0.0000   0.0000   0.0000
    2122  -4.8991   1.7430  17.6489   0.0000   0.0000   0.0000
    2123  -4.3720   1.6364  18.3076   0.0000   0.0000   0.0000
    2124  -5.1393   1.9342  18.4359   0.0000   0.0000   0.0000
    2125  -5.2805   1.7332  17.9058   0.0000   0.0000   0.0000
    2126  -4.4425   0.9699  20.1475   0.0000   0.0000   0.0000
    2127  -4.3244   1.4733  19.3325   0.0000   0.0000   0.0000
    2128  -4.2668   0.6403  20.7284   0.0000   0.0000   0.0000
    2129  -4.4456   1.2318  19.4858   0.0000   0.0000   0.0000
    2130  -4.1070   1.5067  20.5124   0.0000   0.0000   0.0000
    2131  -3.5562   0.6623  19.2379   0.0000   0.0000   0.0000
    2132  -4.4300   0.0611  20.8188   0.0000   0.0000   0.0000
    2133  -3.5551   0.2840  18.6642   0.0000   0.0000   0.0000
    2134  -4.3767   0.4177  19.1258   0.0000   0.0000   0.0000
    2135  -4.2162   0.6082  18.6442   0.0000   0.0000   0.0000
    2136  -3.8708   0.4173  19.1409   0.0000   0.0000   0.0000
    2137  -4.8331   0.5152  19.0663   0.0000   0.0000   0.0000
    2138  -4.6069   0.3039  19.6856   0.0000   0.0000   0.0000
    2139  -5.0285  -0.1584  20.6672   0.0000   0.0000   0.0000
    2140  -4.4857   0.0670  19.4287   0.0000   0.0000   0.0000
    2141  -4.7134   0.1553  19.3296   0.0000   0.0000   0.0000
    2142  -4.0856   0.0081  19.9899   0.0000   0.0000   0.0000
    2143  -3.9824  -0.5770  21.1208   0.0000   0.0000   0.0000
    2144  -4.7651   0.2858  21.0279   0.0000   0.0000   0.0000
    2145  -3.9271   0.5406  19.3790   0.0000   0.0000   0.0000
    2146  -3.2476   0.6805  18.8193   0.0000   0.0000   0.0000
    2147  -4.1014   0.9245  20.7758   0.0000   0.0000   0.0000
    2148  -2.8825  -0.0317  19.9743   0.0000   0.0000   0.0000
    2149  -3.6936   0.0715  20.7796   0.0000   0.0000   0.0000
    2150  -2.9982  -0.4769  20.6596   0.0000   0.0000   0.0000
    2151  -3.1671   0.0201  19.2820   0.0000   0.0000   0.0000
    2152  -3.9249   0.0630  18.5962   0.0000   0.0000   0.0000
    2153  -3.9918   0.5381  18.0800   0.0000   0.0000   0.0000
    2154  -3.9152   1.9006  18.0661   0.0000   0.0000   0.0000
    2155  -3.7102   0.5726  19.0028   0.0000   0.0000   0.0000
    2156  -4.1534   0.4858  19.3753   0.0000   0.0000   0.0000
    2157  -3.7046   0.3360  18.3046   0.0000   0.0000   0.0000
    2158  -3.8736   1.0722  17.4415   0.0000   0.0000   0.0000
    2159  -3.4326   0.1747  17.5633   0.0000   0.0000   0.0000
    2160  -3.7499  -0.2525  16.8396   0.0000   0.0000   0.0000
    2161  -3.0818   0.1272  19.8434   0.0000   0.0000   0.0000
    2162  -2.8333  -0.6213  18.4559   0.0000   0.0000   0.0000
    2163  -3.3384   0.0078  19.0441   0.0000   0.0000   0.0000
    2164  -3.4013  -0.0593  19.4356   0.0000   0.0000   0.0000
    2165  -2.5701   0.1141  19.8886   0.0000   0.0000   0.0000
    2166  -2.8366   0.1882  20.0823   0.0000   0.0000   0.0000
    2167  -2.8344   1.1892  20.2951   0.0000   0.0000   0.0000
    2168  -2.7130   0.9359  20.4048   0.0000   0.0000   0.0000
    2169  -3.4028   1.5815  19.6365   0.0000   0.0000   0.0000
    2170  -4.0836   0.4981  20.1560   0.0000   0.0000   0.0000
    2171  -2.7993   1.1923  19.6527   0.0000   0.0000   0.0000
    2172  -3.0510   1.2162  19.3412   0.0000   0.0000   0.0000
    2173  -3.0325   1.0609  20.2843   0.0000   0.0000   0.0000
    2174  -3.7084   0.4131  19.3625   0.0000   0.0000   0.0000
    2175  -3.9329   1.0056  19.3265   0.0000   0.0000   0.0000
    2176  -3.5256   1.1911  18.9797   0.0000   0.0000   0.0000
    2177  -3.7119   0.9110  19.4738   0.0000   0.0000   0.0000
    2178  -3.4151   1.3218  20.4635   0.0000   0.0000   0.0000
    2179  -3.6367   0.9340  19.8979   0.0000   0.0000   0.0000
    2180  -2.5923   1.4440  19.1927   0.0000   0.0000   0.0000
    2181  -2.5915   0.6613  19.4568   0.0000   0.0000   0.0000
    2182  -2.0951   0.9287  19.5726   0.0000   0.0000   0.0000
    2183  -3.6294   2.0385  19.0857   0.0000   0.0000   0.0000
    2184  -3.8424   1.9666  18.7173   0.0000   0.0000   0.0000
    2185  -3.7666   2.0575  19.0791   0.0000   0.0000   0.0000
    2186  -3.5959   2.5238  19.6134   0.0000   0.0000   0.0000
    2187  -3.2536   1.6173  18.8382   0.0000   0.0000   0.0000
    2188  -3.2360   1.8405  18.0893   0.0000   0.0000   0.0000
    2189  -3.1220   1.5497  18.0541   0.0000   0.0000   0.0000
    2190  -3.8012   1.0614  19.5096   0.0000   0.0000   0.0000
    2191  -3.3584   2.7069  18.6598   0.0000   0.0000   0.0000
    2192  -3.3450   2.0847  19.8034   0.0000   0.0000   0.0000
    2193  -2.7917   1.3660  18.9939   0.0000   0.0000   0.0000
    2194  -2.9086   1.5535  18.8843   0.0000   0.0000   0.0000
    2195  -2.7889   1.1932  19.6466   0.0000   0.0000   0.0000
    2196  -3.6638   1.1068  18.7891   0.0000   0.0000   0.0000
    2197  -4.7113   1.3591  18.5469   0.0000   0.0000   0.0000
    2198  -4.0378   2.4008  18.1819   0.0000   0.0000   0.0000
    2199  -4.3660   2.4456  19.1960   0.0000   0.0000   0.0000
    2200  -4.8945   0.7002  19.0790   0.0000   0.0000   0.0000
    2201  -4.1136   0.6673  19.4417   0.0000   0.0000   0.0000
    2202  -4.3252   0.8268  19.4388   0.0000   0.0000   0.0000
    2203  -4.1072   0.7199  19.6990   0.0000   0.0000   0.0000
    2204  -4.7831   1.2004  18.8888   0.0000   0.0000   0.0000
    2205  -3.8553   0.9501  18.9401   0.0000   0.0000   0.0000
    2206  -3.2967   0.6122  18.8992   0.0000   0.0000   0.0000
    2207  -4.4741   1.7304  18.9392   0.0000   0.0000   0.0000
    2208  -4.3570   1.4531  18.9432   0.0000   0.0000   0.0000
    2209  -4.0879   1.9848  19.0040   0.0000   0.0000   0.0000
    2210  -3.3517   0.8534  18.2623   0.0000   0.0000   0.0000
    2211  -3.6686   0.9885  19.5381   0.0000   0.0000   0.0000
    2212  -4.1152   1.4969  18.4073   0.0000   0.0000   0.0000
    2213  -3.6074   0.3952  19.2805   0.0000   0.0000   0.0000
    2214  -3.2192   0.2894  18.9442   0.0000   0.0000   0.0000
    2215  -2.9204  -0.0974  18.6427   0.0000   0.0000   0.0000
    2216  -3.3879   0.9251  18.3616   0.0000   0.0000   0.0000
    2217  -3.3362   0.0308  18.2098   0.0000   0.0000   0.0000
    2218  -3.3383   0.0258  18.0637   0.0000   0.0000   0.0000
    2219  -3.1258   0.8310  17.9831   0.0000   0.0000   0.0000
    2220  -3.9142   0.3022  17.7084   0.0000   0.0000   0.0000
    2221  -4.1004  -0.1381  18.0576   0.0000   0.0000   0.0000
    2222  -2.9009  -0.0534  17.1597   0.0000   0.0000   0.0000
    2223  -3.6428   0.1357  15.0574   0.0000   0.0000   0.0000
    2224  -3.2858   1.7587  15.4199   0.0000   0.0000   0.0000
    2225  -3.6654   0.1377  14.8925   0.0000   0.0000   0.0000
    2226  -4.2374   1.0488  16.4476   0.0000   0.0000   0.0000
    2227  -2.9539   0.1114  15.5987   0.0000   0.0000   0.0000
    2228  -3.3635   0.6687  15.8127   0.0000   0.0000   0.0000
    2229  -3.1998   1.2557  15.9598   0.0000   0.0000   0.0000
    2230  -3.6980   1.3899  17.8192   0.0000   0.0000   0.0000
    2231  -3.1555   1.3151  16.0864   0.0000   0.0000   0.0000
    2232  -3.1906   1.2830  18.4198   0.0000   0.0000   0.0000
    2233  -2.7428   1.8112  17.4778   0.0000   0.0000   0.0000
    2234  -2.4103   1.4129  18.3054   0.0000   0.0000   0.0000
    2235  -2.4303   2.3199  16.2418   0.0000   0.0000   0.0000
    2236  -2.0964   1.9064  18.5583   0.0000   0.0000   0.0000
    2237  -2.4301   1.3206  17.4436   0.0000   0.0000   0.0000
    2238  -2.4668   1.9554  17.5237   0.0000   0.0000   0.0000
    2239  -2.7088   1.0924  16.8480   0.0000   0.0000   0.0000
    2240  -3.1933   0.7291  17.0647   0.0000   0.0000   0.0000
    2241  -3.6283   1.8827  18.4727   0.0000   0.0000   0.0000
    2242  -3.3368   2.0239  16.9842   0.0000   0.0000   0.0000
    2243  -3.5459   1.8188  17.2648   0.0000   0.0000   0.0000
    2244  -2.7734   1.2182  17.7815   0.0000   0.0000   0.0000
    2245  -3.1803   0.2769  18.6251   0.0000   0.0000   0.0000
    2246  -3.4924  -0.1129  18.7927   0.0000   0.0000   0.0000
    2247  -1.9301   0.3874  17.9552   0.0000   0.0000   0.0000
    2248  -2.3726   0.4781  19.3323   0.0000   0.0000   0.0000
    2249  -2.1622  -0.1791  18.4048   0.0000   0.0000   0.0000
    2250  -1.7695   0.6482  18.9122   0.0000   0.0000   0.0000
    2251  -2.4376  -0.1541  18.9450   0.0000   0.0000   0.0000
    2252  -3.1768  -0.7729  19.0681   0.0000   0.0000   0.0000
    2253  -2.7091   0.1157  18.9722   0.0000   0.0000   0.0000
    2254  -2.9288  -0.3465  18.5605   0.0000   0.0000   0.0000
    2255  -4.1886  -0.5348  19.6243   0.0000   0.0000   0.0000
    2256  -2.1689  -0.1203  18.5647   0.0000   0.0000   0.0000
    2257  -3.4831  -0.4620  19.4939   0.0000   0.0000   0.0000
    2258  -2.4012   0.2646  19.2315   0.0000   0.0000   0.0000
    2259  -2.0775  -0.3344  18.6122   0.0000   0.0000   0.0000
    2260  -2.4010   0.5851  19.9366   0.0000   0.0000   0.0000
    2261  -1.4911   0.1276  19.4321   0.0000   0.0000   0.0000
    2262  -2.0964   0.8377  18.2321   0.0000   0.0000   0.0000
    2263  -2.9029   0.8341  17.0393   0.0000   0.0000   0.0000
    2264  -2.8394   0.2901  17.4012   0.0000   0.0000   0.0000
    2265  -3.1586   0.4191  19.0811   0.0000   0.0000   0.0000
    2266  -3.4200   0.3171  17.5400   0.0000   0.0000   0.0000
    2267  -2.9041   1.0956  17.7834   0.0000   0.0000   0.0000
    2268  -4.5609   1.1530  18.6213   0.0000   0.0000   0.0000
    2269  -2.8946   0.8163  18.5970   0.0000   0.0000   0.0000
    2270  -3.0410   0.5203  18.1099   0.0000   0.0000   0.0000
    2271  -2.7836   0.1745  18.5940   0.0000   0.0000   0.0000
    2272  -2.9866  -0.4591  19.4646   0.0000   0.0000   0.0000
    2273  -2.3717  -0.0331  19.3515   0.0000   0.0000   0.0000
    2274  -2.4455   0.0423  20.1359   0.0000   0.0000   0.0000
    2275  -2.9324  -0.0543  19.6182   0.0000   0.0000   0.0000
    2276  -4.1704   0.5602  20.0019   0.0000   0.0000   0.0000
    2277  -4.3654   0.0360  20.4314   0.0000   0.0000   0.0000
    2278  -4.2596  -0.0905  20.7433   0.0000   0.0000   0.0000
    2279  -3.4203   0.6813  20.2681   0.0000   0.0000   0.0000
    2280  -3.9836  -0.4964  19.9701   0.0000   0.0000   0.0000
    2281  -3.7694   0.0940  19.8253   0.0000   0.0000   0.0000
    2282  -3.6271  -0.3539  20.0543   0.0000   0.0000   0.0000
    2283  -3.5171   0.0462  20.3477   0.0000   0.0000   0.0000
    2284  -4.5397   0.3691  18.6835   0.0000   0.0000   0.0000
    2285  -4.1281   0.3022  18.5884   0.0000   0.0000   0.0000
    2286  -5.1214   1.9152  16.6131   0.0000   0.0000   0.0000
    2287  -4.1940   0.6234  17.1755   0.0000   0.0000   0.0000
    2288  -4.2380   0.9791  16.2341   0.0000   0.0000   0.0000
    2289  -4.3973   0.9707  18.6213   0.0000   0.0000   0.0000
    2290  -4.2258   0.8560  18.0894   0.0000   0.0000   0.0000
    2291  -3.9112   0.5426  18.7510   0.0000   0.0000   0.0000
    2292  -4.5533   1.0408  17.5533   0.0000   0.0000   0.0000
    2293  -3.8864   0.5932  17.8446   0.0000   0.0000   0.0000
    2294  -3.3351   0.4032  18.7550   0.0000   0.0000   0.0000
    2295  -4.1347   0.7298  16.4172   0.0000   0.0000   0.0000
    2296  -4.7868   0.5196  17.0250   0.0000   0.0000   0.0000
    2297  -4.9577   0.6577  16.8274   0.0000   0.0000   0.0000
    2298  -5.4625   0.6842  16.7010   0.0000   0.0000   0.0000
    2299  -3.9825   0.1916  17.0107   0.0000   0.0000   0.0000
    2300  -4.0143   0.3855  18.2306   0.0000   0.0000   0.0000
    2301  -3.8001  -0.3410  17.8327   0.0000   0.0000   0.0000
    2302  -3.5492  -0.4620  18.4966   0.0000   0.0000   0.0000
    2303  -3.5990  -0.9284  18.1560   0.0000   0.0000   0.0000
    2304  -3.7476  -0.7100  18.4850   0.0000   0.0000   0.0000
    2305  -3.5823  -0.8146  18.5561   0.0000   0.0000   0.0000
    2306  -3.1283  -1.0774  19.2245   0.0000   0.0000   0.0000
    2307  -2.2964  -0.6463  18.9616   0.0000   0.0000   0.0000
    2308  -3.1312  -1.0624  18.5583   0.0000   0.0000   0.0000
    2309  -3.2445  -0.7149  18.3807   0.0000   0.0000   0.0000
    2310  -3.1580  -0.8849  18.6988   0.0000   0.0000   0.0000
    2311  -2.5160  -0.0952  18.2988   0.0000   0.0000   0.0000
    2312  -2.4952  -0.3879  18.0063   0.0000   0.0000   0.0000
    2313  -3.2016  -0.1914  15.7035   0.0000   0.0000   0.0000
    2314  -3.4969   0.1144  15.2384   0.0000   0.0000   0.0000
    2315  -2.5703   0.0575  15.6175   0.0000   0.0000   0.0000
    2316  -2.9463  -0.2798  16.1981   0.0000   0.0000   0.0000
    2317  -3.7832   0.2712  15.6184   0.0000   0.0000   0.0000
    2318  -3.3324   0.1320  16.1450   0.0000   0.0000   0.0000
    2319  -3.7864   0.1421  16.9903   0.0000   0.0000   0.0000
    2320  -3.5529   0.2065  16.9555   0.0000   0.0000   0.0000
    2321  -4.3926   0.9397  16.2006   0.0000   0.0000   0.0000
    2322  -3.5647   1.1634  16.3906   0.0000   0.0000   0.0000
    2323  -3.5972  -0.3828  16.6445   0.0000   0.0000   0.0000
    2324  -3.4885   0.9421  17.1963   0.0000   0.0000   0.0000
    2325  -3.5528   0.9075  16.5722   0.0000   0.0000   0.0000
    2326  -4.0536   1.7737  15.8727   0.0000   0.0000   0.0000
    2327  -4.0406   1.5067  15.1824   0.0000   0.0000   0.0000
    2328  -3.2252   1.6828  15.6989   0.0000   0.0000   0.0000
    2329  -3.2532   1.2866  15.4540   0.0000   0.0000   0.0000
    2330  -3.3267   1.5480  15.6278   0.0000   0.0000   0.0000
    2331  -3.2331   1.8524  15.4960   0.0000   0.0000   0.0000
    2332  -3.4615   1.4578  14.8016   0.0000   0.0000   0.0000
    2333  -4.0585   0.9503  15.3211   0.0000   0.0000   0.0000
    2334  -3.1032   0.8360  15.7254   0.0000   0.0000   0.0000
    2335  -2.8578   1.7544  15.2197   0.0000   0.0000   0.0000
    2336  -2.7375   1.5621  15.4101   0.0000   0.0000   0.0000
    2337  -2.6963   1.0912  16.1604   0.0000   0.0000   0.0000
    2338  -2.5616   2.7107  16.1835   0.0000   0.0000   0.0000
    2339  -2.7518   1.7547  16.7986   0.0000   0.0000   0.0000
    2340  -2.7453   0.8753  17.5557   0.0000   0.0000   0.0000
    2341  -3.8596   1.3857  17.2063   0.0000   0.0000   0.0000
    2342  -3.2869   1.7059  16.9053   0.0000   0.0000   0.0000
    2343  -3.5021   1.9074  16.7061   0.0000   0.0000   0.0000
    2344  -3.4045   0.7219  16.3678   0.0000   0.0000   0.0000
    2345  -3.9640   0.3753  16.7948   0.0000   0.0000   0.0000
    2346  -3.7151   0.9483  17.1938   0.0000   0.0000   0.0000
    2347  -3.8326   1.9000  17.0297   0.0000   0.0000   0.0000
    2348  -4.5115   0.6830  17.2465   0.0000   0.0000   0.0000
    2349  -4.3991   1.1865  17.6088   0.0000   0.0000   0.0000
    2350  -3.8881   1.6540  17.6355   0.0000   0.0000   0.0000
    2351  -3.3952   1.4515  18.7595   0.0000   0.0000   0.0000
    2352  -5.3283   1.3861  17.3825   0.0000   0.0000   0.0000
    2353  -4.1314   1.2591  17.7546   0.0000   0.0000   0.0000
    2354  -3.9258   1.9199  18.0927   0.0000   0.0000   0.0000
    2355  -4.5158   1.3917  18.1095   0.0000   0.0000   0.0000
    2356  -3.9764   2.2664  17.3912   0.0000   0.0000   0.0000
    2357  -3.6801   2.5074  18.0955   0.0000   0.0000   0.0000
    2358  -4.1919   2.3943  17.6478   0.0000   0.0000   0.0000
    2359  -4.3026   1.2118  17.5115   0.0000   0.0000   0.0000
    2360  -3.8076   1.7554  17.3462   0.0000   0.0000   0.0000
    2361  -4.3817   2.2491  17.6325   0.0000   0.0000   0.0000
    2362  -4.1815   1.9448  17.5732   0.0000   0.0000   0.0000
    2363  -3.5160   1.4867  17.6740   0.0000   0.0000   0.0000
    2364  -3.5124   1.3258  18.0463   0.0000   0.0000   0.0000
    2365  -2.7585   1.9856  17.9479   0.0000   0.0000   0.0000
    2366  -3.4733   0.9884  18.2201   0.0000   0.0000   0.0000
    2367  -3.7400   1.2722  18.4212   0.0000   0.0000   0.0000
    2368  -4.3207   0.8370  17.9136   0.0000   0.0000   0.0000
    2369  -5.0546   2.2339  18.0665   0.0000   0.0000   0.0000
    2370  -4.0926   2.1293  17.4709   0.0000   0.0000   0.0000
    2371  -3.9667   1.7304  17.5832   0.0000   0.0000   0.0000
    2372  -4.6821   2.0375  17.6614   0.0000   0.0000   0.0000
    2373  -3.7472   1.6003  17.4499   0.0000   0.0000   0.0000
    2374  -4.2975   1.4064  19.0001   0.0000   0.0000   0.0000
    2375  -4.7703   2.2607  18.2814   0.0000   0.0000   0.0000
    2376  -4.5733   2.3484  18.8021   0.0000   0.0000   0.0000
    2377  -4.7429   3.0463  18.6132   0.0000   0.0000   0.0000
    2378  -4.4984   2.2797  19.6134   0.0000   0.0000   0.0000
    2379  -3.9505   2.4282  19.5495   0.0000   0.0000   0.0000
    2380  -5.1416   1.9895  19.1351   0.0000   0.0000   0.0000
    2381  -5.5851   2.4001  19.9065   0.0000   0.0000   0.0000
    2382  -4.5342   3.2683  20.0610   0.0000   0.0000   0.0000
    2383  -4.5728   2.9333  18.6901   0.0000   0.0000   0.0000
    2384  -4.5561   2.4218  19.0371   0.0000   0.0000   0.0000
    2385  -4.6167   2.1086  19.3911   0.0000   0.0000   0.0000
    2386  -4.0137   2.8086  19.5436   0.0000   0.0000   0.0000
    2387  -4.3005   1.2467  20.2275   0.0000   0.0000   0.0000
    2388  -4.8247   2.0209  19.0520   0.0000   0.0000   0.0000
    2389  -4.5740   2.8425  18.8705   0.0000   0.0000   0.0000
    2390  -4.2664   1.9374  18.9112   0.0000   0.0000   0.0000
    2391  -3.7855   2.5962  19.5370   0.0000   0.0000   0.0000
    2392  -4.2929   2.5563  19.2693   0.0000   0.0000   0.0000
    2393  -3.8558   2.3319  20.5484   0.0000   0.0000   0.0000
    2394  -4.1586   1.8116  20.6927   0.0000   0.0000   0.0000
    2395  -4.2797   2.5542  20.2432   0.0000   0.0000   0.0000
    2396  -3.1901   2.5466  20.5214   0.0000   0.0000   0.0000
    2397  -4.4886   2.6723  21.4051   0.0000   0.0000   0.0000
    2398  -4.3203   1.8838  21.1260   0.0000   0.0000   0.0000
    2399  -4.7052   2.3451  20.1467   0.0000   0.0000   0.0000
    2400  -3.7069   1.8791  19.8041   0.0000   0.0000   0.0000
    2401  -3.5115   1.2068  18.7226   0.0000   0.0000   0.0000
    2402  -2.1671   1.4044  18.6470   0.0000   0.0000   0.0000
    2403  -1.8952   2.3331  17.6024   0.0000   0.0000   0.0000
    2404  -2.5987   1.3838  17.5450   0.0000   0.0000   0.0000
    2405  -2.8546   1.6078  18.1655   0.0000   0.0000   0.0000
    2406  -2.8342   1.3699  17.5587   0.0000   0.0000   0.0000
    2407  -3.8235   1.8100  18.4308   0.0000   0.0000   0.0000
    2408  -4.1670   2.6264  17.8234   0.0000   0.0000   0.0000
    2409  -3.3458   2.7146  17.9735   0.0000   0.0000   0.0000
    2410  -3.3644   2.3493  17.5840   0.0000   0.0000   0.0000
    2411  -4.7704   2.3699  17.8623   0.0000   0.0000   0.0000
    2412  -3.8131   1.7651  19.2875   0.0000   0.0000   0.0000
    2413  -4.1094   3.3710  17.8273   0.0000   0.0000   0.0000
    2414  -3.6700   2.0932  17.9552   0.0000   0.0000   0.0000
    2415  -3.1193   1.8246  17.8939   0.0000   0.0000   0.0000
    2416  -2.6217   1.8342  18.6156   0.0000   0.0000   0.0000
    2417  -2.8256   1.3924  18.3124   0.0000   0.0000   0.0000
    2418  -3.2519   2.9392  18.3684   0.0000   0.0000   0.0000
    2419  -2.7469   2.1058  18.5765   0.0000   0.0000   0.0000
    2420  -3.6754   2.4177  17.5986   0.0000   0.0000   0.0000
    2421  -2.4792   3.0866  17.4006   0.0000   0.0000   0.0000
    2422  -2.6558   2.4695  17.5477   0.0000   0.0000   0.0000
    2423  -3.0661   2.4813  17.2858   0.0000   0.0000   0.0000
    2424  -3.9090   3.0279  18.6226   0.0000   0.0000   0.0000
    2425  -4.0000   1.5934  17.4717   0.0000   0.0000   0.0000
    2426  -3.3281   1.4198  18.3918   0.0000   0.0000   0.0000
    2427  -3.4714   2.1459  17.9772   0.0000   0.0000   0.0000
    2428  -3.9159   3.2292  17.5212   0.0000   0.0000   0.0000
    2429  -4.2850   2.8395  18.4997   0.0000   0.0000   0.0000
    2430  -4.4837   2.1360  17.9171   0.0000   0.0000   0.0000
    2431  -4.5153   1.0354  18.5612   0.0000   0.0000   0.0000
    2432  -5.0374   1.5279  17.5717   0.0000   0.0000   0.0000
    2433  -4.1039   2.3679  17.9263   0.0000   0.0000   0.0000
    2434  -4.4647   2.5008  18.9380   0.0000   0.0000   0.0000
    2435  -5.5765   1.8189  18.4851   0.0000   0.0000   0.0000
    2436  -4.3903   2.6557  18.1081   0.0000   0.0000   0.0000
    2437  -4.9567   1.9895  18.0034   0.0000   0.0000   0.0000
    2438  -5.0116   2.3530  18.3840   0.0000   0.0000   0.0000
    2439  -5.0511   2.7974  17.3940   0.0000   0.0000   0.0000
    2440  -5.4555   2.5364  17.7708   0.0000   0.0000   0.0000
    2441  -4.8487   2.5591  17.4623   0.0000   0.0000   0.0000
    2442  -5.7683   2.4266  17.1501   0.0000   0.0000   0.0000
    2443  -5.1604   2.8891  17.3653   0.0000   0.0000   0.0000
    2444  -6.4022   2.4122  17.2819   0.0000   0.0000   0.0000
    2445  -5.0918   1.8585  17.0629   0.0000   0.0000   0.0000
    2446  -4.9185   1.4987  17.6303   0.0000   0.0000   0.0000
    2447  -5.8388   2.0899  17.0766   0.0000   0.0000   0.0000
    2448  -5.5460   2.5413  17.0580   0.0000   0.0000   0.0000
    2449  -4.9286   2.9336  18.0891   0.0000   0.0000   0.0000
    2450  -6.0429   2.3531  16.6751   0.0000   0.0000   0.0000
    2451  -5.2127   2.5092  17.1274   0.0000   0.0000   0.0000
    2452  -5.7850   1.6621  16.6332   0.0000   0.0000   0.0000
    2453  -4.8330   1.5515  17.2831   0.0000   0.0000   0.0000
    2454  -4.7611   2.5970  17.1515   0.0000   0.0000   0.0000
    2455  -3.6702   2.6235  17.2940   0.0000   0.0000   0.0000
    2456  -4.1262   1.4432  17.4908   0.0000   0.0000   0.0000
    2457  -3.4284   1.3361  17.2239   0.0000   0.0000   0.0000
    2458  -4.4568   2.8334  17.3063   0.0000   0.0000   0.0000
    2459  -4.7726   2.6388  17.1432   0.0000   0.0000   0.0000
    2460  -4.6553   3.0199  16.5178   0.0000   0.0000   0.0000
    2461  -5.7294   2.3352  16.8187   0.0000   0.0000   0.0000
    2462  -5.5824   2.3417  17.5541   0.0000   0.0000   0.0000
    2463  -6.3503   2.3863  16.4882   0.0000   0.0000   0.0000
    2464  -6.0777   2.2293  17.3653   0.0000   0.0000   0.0000
    2465  -6.4247   1.4671  16.8992   0.0000   0.0000   0.0000
    2466  -5.2404   0.8848  17.8365   0.0000   0.0000   0.0000
    2467  -4.8734   1.2998  16.5962   0.0000   0.0000   0.0000
    2468  -4.6304   1.6486  15.5285   0.0000   0.0000   0.0000
    2469  -4.1230   0.4312  15.9343   0.0000   0.0000   0.0000
    2470  -5.2474   0.7720  15.8622   0.0000   0.0000   0.0000
    2471  -4.7117   1.1906  15.0222   0.0000   0.0000   0.0000
    2472  -5.0615   0.6141  15.3485   0.0000   0.0000   0.0000
    2473  -4.6800   1.2319  15.5966   0.0000   0.0000   0.0000
    2474  -4.2815   0.9546  15.2429   0.0000   0.0000   0.0000
    2475  -4.4370   0.4788  14.8975   0.0000   0.0000   0.0000
    2476  -5.0172   0.5688  15.4865   0.0000   0.0000   0.0000
    2477  -4.2561   0.2936  16.9819   0.0000   0.0000   0.0000
    2478  -4.3674   0.7351  16.0527   0.0000   0.0000   0.0000
    2479  -4.0421   0.2305  15.9920   0.0000   0.0000   0.0000
    2480  -4.6242   0.8458  16.8156   0.0000   0.0000   0.0000
    2481  -3.8452   0.4486  17.3582   0.0000   0.0000   0.0000
    2482  -4.1683   1.0303  16.3679   0.0000   0.0000   0.0000
    2483  -3.9451   1.0060  16.0265   0.0000   0.0000   0.0000
    2484  -4.4256   0.4384  16.3785   0.0000   0.0000   0.0000
    2485  -4.0205   0.6094  16.6866   0.0000   0.0000   0.0000
    2486  -4.1314   1.1615  17.1961   0.0000   0.0000   0.0000
    2487  -3.7337   1.3273  16.8785   0.0000   0.0000   0.0000
    2488  -4.2287   1.4303  17.5241   0.0000   0.0000   0.0000
    2489  -3.8596   1.2547  17.2153   0.0000   0.0000   0.0000
    2490  -3.9305   0.1849  16.3610   0.0000   0.0000   0.0000
    2491  -4.3260   0.6036  15.5644   0.0000   0.0000   0.0000
    2492  -4.4703   0.7346  15.5709   0.0000   0.0000   0.0000
    2493  -5.1146   0.9201  15.7625   0.0000   0.0000   0.0000
    2494  -4.5728   1.5500  15.6756   0.0000   0.0000   0.0000
    2495  -5.7185   1.0827  15.3901   0.0000   0.0000   0.0000
    2496  -5.3951   1.3737  16.2133   0.0000   0.0000   0.0000
    2497  -5.9707   1.9541  15.4200   0.0000   0.0000   0.0000
    2498  -5.8903   1.4054  16.0878   0.0000   0.0000   0.0000
    2499  -6.3457   2.1218  16.1047   0.0000   0.0000   0.0000
    2500  -6.0100   1.2237  15.6453   0.0000   0.0000   0.0000
    2501  -6.4680   0.9376  15.7267   0.0000   0.0000   0.0000
    2502  -6.3181   1.4482  15.9106   0.0000   0.0000   0.0000
    2503  -6.9160   1.9280  15.2522   0.0000   0.0000   0.0000
    2504  -6.4233   1.8393  15.1798   0.0000   0.0000   0.0000
    2505  -6.7364   2.0127  15.8466   0.0000   0.0000   0.0000
    2506  -6.8349   2.1408  16.0696   0.0000   0.0000   0.0000
    2507  -7.0464   2.1031  14.9546   0.0000   0.0000   0.0000
    2508  -7.4160   2.4186  16.3179   0.0000   0.0000   0.0000
    2509  -7.2965   3.1590  15.9404   0.0000   0.0000   0.0000
    2510  -7.1376   2.6581  15.7527   0.0000   0.0000   0.0000
    2511  -6.4516   2.2191  15.8688   0.0000   0.0000   0.0000
    2512  -6.1222   1.5830  16.3772   0.0000   0.0000   0.0000
    2513  -6.3843   1.8564  16.5461   0.0000   0.0000   0.0000
    2514  -6.4750   1.6934  15.9337   0.0000   0.0000   0.0000
    2515  -6.6973   2.3713  16.5546   0.0000   0.0000   0.0000
    2516  -6.7202   2.3001  17.1687   0.0000   0.0000   0.0000
    2517  -7.0987   2.7985  17.3237   0.0000   0.0000   0.0000
    2518  -5.6731   2.3598  17.9751   0.0000   0.0000   0.0000
    2519  -6.9114   2.7572  17.8604   0.0000   0.0000   0.0000
    2520  -6.3847   2.0306  18.3450   0.0000   0.0000   0.0000
    2521  -7.4127   3.3151  18.0065   0.0000   0.0000   0.0000
    2522  -6.2975   1.5096  19.5376   0.0000   0.0000   0.0000
    2523  -7.1267   1.9536  18.4241   0.0000   0.0000   0.0000
    2524  -6.9381   1.6584  19.0393   0.0000   0.0000   0.0000
    2525  -6.1030   2.3043  17.2880   0.0000   0.0000   0.0000
    2526  -5.9652   3.0982  17.7426   0.0000   0.0000   0.0000
    2527  -5.8198   2.6390  18.5876   0.0000   0.0000   0.0000
    2528  -6.5073   3.1231  17.8134   0.0000   0.0000   0.0000
    2529  -6.4648   3.0348  18.5147   0.0000   0.0000   0.0000
    2530  -7.4277   3.1117  18.3561   0.0000   0.0000   0.0000
    2531  -7.0045   2.1382  18.4638   0.0000   0.0000   0.0000
    2532  -7.5038   2.7267  18.6104   0.0000   0.0000   0.0000
    2533  -6.6960   3.4486  17.8647   0.0000   0.0000   0.0000
    2534  -7.6584   3.4770  18.1207   0.0000   0.0000   0.0000
    2535  -6.7990   3.4605  18.2742   0.0000   0.0000   0.0000
    2536  -7.6399   3.0129  17.7233   0.0000   0.0000   0.0000
    2537  -7.3981   2.6422  18.8383   0.0000   0.0000   0.0000
    2538  -7.5005   2.3600  18.8200   0.0000   0.0000   0.0000
    2539  -8.0651   3.5694  19.1560   0.0000   0.0000   0.0000
    2540  -6.5782   3.4345  17.9995   0.0000   0.0000   0.0000
    2541  -6.6847   3.0384  17.8484   0.0000   0.0000   0.0000
    2542  -7.7214   3.3499  18.5329   0.0000   0.0000   0.0000
    2543  -6.5094   2.9956  18.4255   0.0000   0.0000   0.0000
    2544  -6.9136   2.7602  19.4933   0.0000   0.0000   0.0000
    2545  -7.5060   2.8828  19.0218   0.0000   0.0000   0.0000
    2546  -7.6074   2.5289  18.4842   0.0000   0.0000   0.0000
    2547  -8.6060   3.9561  18.1144   0.0000   0.0000   0.0000
    2548  -8.0079   3.6503  19.4112   0.0000   0.0000   0.0000
    2549  -7.7224   4.8672  18.9522   0.0000   0.0000   0.0000
    2550  -8.7401   4.6141  19.5835   0.0000   0.0000   0.0000
    2551  -8.3415   4.0003  19.6484   0.0000   0.0000   0.0000
    2552  -7.6006   3.3996  19.4449   0.0000   0.0000   0.0000
    2553  -8.1336   3.8231  19.0481   0.0000   0.0000   0.0000
    2554  -8.9561   4.7112  19.3806   0.0000   0.0000   0.0000
    2555  -9.4789   4.1511  19.2830   0.0000   0.0000   0.0000
    2556  -7.9477   4.0750  19.3328   0.0000   0.0000   0.0000
    2557  -7.3859   3.8711  18.2096   0.0000   0.0000   0.0000
    2558  -6.6098   3.7883  18.8176   0.0000   0.0000   0.0000
    2559  -5.6218   4.4043  19.0219   0.0000   0.0000   0.0000
    2560  -4.8822   4.1004  18.4303   0.0000   0.0000   0.0000
    2561  -5.8417   3.1410  19.2760   0.0000   0.0000   0.0000
    2562  -5.7857   3.0001  19.0189   0.0000   0.0000   0.0000
    2563  -6.3857   2.8247  19.3563   0.0000   0.0000   0.0000
    2564  -7.1162   3.6013  18.6387   0.0000   0.0000   0.0000
    2565  -7.4623   3.6106  17.9867   0.0000   0.0000   0.0000
    2566  -5.7173   3.4638  17.1308   0.0000   0.0000   0.0000
    2567  -5.9834   4.3067  17.8392   0.0000   0.0000   0.0000
    2568  -5.9279   3.2264  17.0213   0.0000   0.0000   0.0000
    2569  -5.7587   4.3577  18.0962   0.0000   0.0000   0.0000
    2570  -6.5187   3.2544  18.4445   0.0000   0.0000   0.0000
    2571  -5.7640   3.7175  18.2185   0.0000   0.0000   0.0000
    2572  -6.1039   3.7105  18.0242   0.0000   0.0000   0.0000
    2573  -5.3320   2.1951  16.8747   0.0000   0.0000   0.0000
    2574  -4.7639   2.8269  16.2479   0.0000   0.0000   0.0000
    2575  -5.0558   3.2839  16.5824   0.0000   0.0000   0.0000
    2576  -5.0451   3.2813  16.7467   0.0000   0.0000   0.0000
    2577  -4.1712   3.3384  16.6908   0.0000   0.0000   0.0000
    2578  -4.5945   3.3427  16.5450   0.0000   0.0000   0.0000
    2579  -4.8038   4.7599  17.9555   0.0000   0.0000   0.0000
    2580  -3.8884   3.3632  17.7240   0.0000   0.0000   0.0000
    2581  -4.7213   3.6981  17.2106   0.0000   0.0000   0.0000
    2582  -4.9603   2.9449  18.7411   0.0000   0.0000   0.0000
    2583  -5.9094   2.8936  17.6560   0.0000   0.0000   0.0000
    2584  -4.8896   2.9004  17.4415   0.0000   0.0000   0.0000
    2585  -4.4317   3.2823  17.6438   0.0000   0.0000   0.0000
    2586  -4.9123   2.8178  17.9649   0.0000   0.0000   0.0000
    2587  -4.5474   2.7121  18.0507   0.0000   0.0000   0.0000
    2588  -3.6244   2.3188  17.4533   0.0000   0.0000   0.0000
    2589  -3.7917   2.8776  17.0861   0.0000   0.0000   0.0000
    2590  -4.8863   2.4263  18.8153   0.0000   0.0000   0.0000
    2591  -5.0399   2.4290  18.7681   0.0000   0.0000   0.0000
    2592  -4.6602   1.5801  18.5580   0.0000   0.0000   0.0000
    2593  -3.6519   1.7161  18.2073   0.0000   0.0000   0.0000
    2594  -4.0838   2.1012  18.3949   0.0000   0.0000   0.0000
    2595  -3.7301   2.1656  17.4793   0.0000   0.0000   0.0000
    2596  -3.2741   1.9758  17.9947   0.0000   0.0000   0.0000
    2597  -2.4005   1.7127  19.2120   0.0000   0.0000   0.0000
    2598  -2.9788   0.7383  20.5548   0.0000   0.0000   0.0000
    2599  -2.9506   0.4306  18.2056   0.0000   0.0000   0.0000
    2600  -2.9270   0.7541  19.4927   0.0000   0.0000   0.0000
    2601  -3.5457   1.2313  19.0695   0.0000   0.0000   0.0000
    2602  -4.5709   0.4783  19.0415   0.0000   0.0000   0.0000
    2603  -3.6497   1.0596  18.4044   0.0000   0.0000   0.0000
    2604  -2.7853   0.2060  19.4019   0.0000   0.0000   0.0000
    2605  -4.3019   0.9691  18.0131   0.0000   0.0000   0.0000
    2606  -3.6326   0.4521  18.5404   0.0000   0.0000   0.0000
    2607  -2.3327   0.8415  19.7017   0.0000   0.0000   0.0000
    2608  -3.2419   0.9032  19.8595   0.0000   0.0000   0.0000
    2609  -3.8141   1.1134  18.8788   0.0000   0.0000   0.0000
    2610  -3.6949   2.5318  19.4273   0.0000   0.0000   0.0000
    2611  -2.8843   0.9829  17.5792   0.0000   0.0000   0.0000
    2612  -3.5908   2.2903  18.7316   0.0000   0.0000   0.0000
    2613  -3.5052   1.4864  18.5996   0.0000   0.0000   0.0000
    2614  -2.7865   0.3815  17.8596   0.0000   0.0000   0.0000
    2615  -4.1879   1.4859  18.1045   0.0000   0.0000   0.0000
    2616  -4.8778   1.4092  18.5401   0.0000   0.0000   0.0000
    2617  -4.1523   1.0149  18.4246   0.0000   0.0000   0.0000
    2618  -5.0161   2.7286  16.9660   0.0000   0.0000   0.0000
    2619  -4.3742   1.8288  18.0564   0.0000   0.0000   0.0000
    2620  -3.4792   1.8587  19.3862   0.0000   0.0000   0.0000
    2621  -5.2744   2.3643  18.5625   0.0000   0.0000   0.0000
    2622  -5.5076   2.1970  19.1411   0.0000   0.0000   0.0000
    2623  -5.2525   2.5626  18.2544   0.0000   0.0000   0.0000
    2624  -5.2369   2.5132  17.3860   0.0000   0.0000   0.0000
    2625  -5.0874   2.3566  16.8874   0.0000   0.0000   0.0000
    2626  -4.9127   2.1289  16.0064   0.0000   0.0000   0.0000
    2627  -4.2217   2.5831  16.4553   0.0000   0.0000   0.0000
    2628  -4.5569   2.7128  16.5063   0.0000   0.0000   0.0000
    2629  -5.2419   2.8227  15.6088   0.0000   0.0000   0.0000
    2630  -5.6848   2.6511  15.7944   0.0000   0.0000   0.0000
    2631  -4.4579   2.6404  15.7505   0.0000   0.0000   0.0000
    2632  -4.5482   2.1145  16.5226   0.0000   0.0000   0.0000
    2633  -5.0432   1.6972  16.9132   0.0000   0.0000   0.0000
    2634  -3.8535   2.3437  16.7660   0.0000   0.0000   0.0000
    2635  -5.2087   1.3077  17.0697   0.0000   0.0000   0.0000
    2636  -5.0652   2.1916  17.4279   0.0000   0.0000   0.0000
    2637  -5.0215   1.4116  17.0794   0.0000   0.0000   0.0000
    2638  -5.0471   2.7505  18.0670   0.0000   0.0000   0.0000
    2639  -4.8778   2.5801  19.0421   0.0000   0.0000   0.0000
    2640  -4.1775   2.6206  18.2660   0.0000   0.0000   0.0000
    2641  -4.7139   3.2628  17.5345   0.0000   0.0000   0.0000
    2642  -4.1174   4.3040  17.0366   0.0000   0.0000   0.0000
    2643  -4.6462   2.5051  17.8234   0.0000   0.0000   0.0000
    2644  -4.0823   4.0448  16.6145   0.0000   0.0000   0.0000
    2645  -2.9942   2.4423  18.8504   0.0000   0.0000   0.0000
    2646  -3.2069   2.6304  19.3053   0.0000   0.0000   0.0000
    2647  -3.6762   2.5483  17.3185   0.0000   0.0000   0.0000
    2648  -2.8201   2.1203  17.0851   0.0000   0.0000   0.0000
    2649  -2.3057   1.5727  17.7082   0.0000   0.0000   0.0000
    2650  -1.9933   1.4912  17.8343   0.0000   0.0000   0.0000
    2651  -1.4201   1.6904  18.3340   0.0000   0.0000   0.0000
    2652  -3.3891   2.1271  16.8340   0.0000   0.0000   0.0000
    2653  -1.8542   1.9898  16.8137   0.0000   0.0000   0.0000
    2654  -2.2557   3.4028  15.8056   0.0000   0.0000   0.0000
    2655  -2.3265   1.8857  16.5646   0.0000   0.0000   0.0000
    2656  -2.2162   2.5875  17.1587   0.0000   0.0000   0.0000
    2657  -2.5692   3.5080  16.7622   0.0000   0.0000   0.0000
    2658  -3.1647   2.4313  16.6525   0.0000   0.0000   0.0000
    2659  -2.4991   3.1823  15.8306   0.0000   0.0000   0.0000
    2660  -3.1579   3.5045  16.1709   0.0000   0.0000   0.0000
    2661  -2.5885   2.6471  15.7353   0.0000   0.0000   0.0000
    2662  -2.2732   2.6123  16.2135   0.0000   0.0000   0.0000
    2663  -2.2446   2.4203  17.3707   0.0000   0.0000   0.0000
    2664  -2.8843   4.0689  17.0137   0.0000   0.0000   0.0000
    2665  -3.5079   3.5521  16.5817   0.0000   0.0000   0.0000
    2666  -2.2656   3.6339  17.5856   0.0000   0.0000   0.0000
    2667  -2.5635   3.0965  17.2884   0.0000   0.0000   0.0000
    2668  -3.7402   4.1573  17.6205   0.0000   0.0000   0.0000
    2669  -2.4381   4.3096  16.6636   0.0000   0.0000   0.0000
    2670  -2.9380   4.0038  17.0463   0.0000   0.0000   0.0000
    2671  -3.1274   4.1500  17.2006   0.0000   0.0000   0.0000
    2672  -2.5556   2.6800  16.9854   0.0000   0.0000   0.0000
    2673  -2.2123   2.6852  17.0222   0.0000   0.0000   0.0000
    2674  -1.4973   2.2363  18.2936   0.0000   0.0000   0.0000
    2675  -2.6352   4.0419  17.0723   0.0000   0.0000   0.0000
    2676  -2.2081   4.7509  17.5318   0.0000   0.0000   0.0000
    2677  -2.4242   3.8209  16.6394   0.0000   0.0000   0.0000
    2678  -2.0954   4.0140  17.2667   0.0000   0.0000   0.0000
    2679  -2.2238   4.2297  17.0851   0.0000   0.0000   0.0000
    2680  -1.9920   3.8860  17.3290   0.0000   0.0000   0.0000
    2681  -1.9304   3.4625  17.1334   0.0000   0.0000   0.0000
    2682  -0.9605   3.7117  16.7370   0.0000   0.0000   0.0000
    2683  -1.6847   3.3056  16.3476   0.0000   0.0000   0.0000
    2684  -1.6710   2.3017  15.6868   0.0000   0.0000   0.0000
    2685  -2.1831   2.6616  15.5595   0.0000   0.0000   0.0000
    2686  -1.3096   3.6060  16.4595   0.0000   0.0000   0.0000
    2687  -1.5335   3.2914  16.5490   0.0000   0.0000   0.0000
    2688  -1.7583   2.5941  15.7384   0.0000   0.0000   0.0000
    2689  -1.9604   2.9063  16.7498   0.0000   0.0000   0.0000
    2690  -1.0098   2.1368  16.1305   0.0000   0.0000   0.0000
    2691  -0.8406   3.2553  17.0356   0.0000   0.0000   0.0000
    2692  -1.9738   3.4039  15.9560   0.0000   0.0000   0.0000
    2693  -2.3305   2.0647  16.8137   0.0000   0.0000   0.0000
    2694  -0.7660   2.0769  17.8997   0.0000   0.0000   0.0000
    2695  -1.9262   3.2923  18.0507   0.0000   0.0000   0.0000
    2696  -0.6727   2.3755  16.5857   0.0000   0.0000   0.0000
    2697  -1.2686   2.0217  16.6771   0.0000   0.0000   0.0000
    2698  -2.0657   2.1429  15.8867   0.0000   0.0000   0.0000
    2699  -2.3322   2.6585  15.8378   0.0000   0.0000   0.0000
    2700  -2.1121   2.7391  17.3258   0.0000   0.0000   0.0000
    2701  -1.8875   2.0236  17.5897   0.0000   0.0000   0.0000
    2702  -1.8226   1.8487  18.0889   0.0000   0.0000   0.0000
    2703  -1.7706   0.9651  16.9389   0.0000   0.0000   0.0000
    2704  -1.5300   2.2976  17.3173   0.0000   0.0000   0.0000
    2705  -2.3895   2.0299  17.2802   0.0000   0.0000   0.0000
    2706  -2.5448   2.5651  16.1703   0.0000   0.0000   0.0000
    2707  -2.9840   1.1816  16.5260   0.0000   0.0000   0.0000
    2708  -2.6838   1.3643  16.3233   0.0000   0.0000   0.0000
    2709  -1.9515   1.7688  17.0800   0.0000   0.0000   0.0000
    2710  -3.4664   2.2512  17.7142   0.0000   0.0000   0.0000
    2711  -3.0772   2.0122  17.3973   0.0000   0.0000   0.0000
    2712  -2.4757   1.9268  16.9019   0.0000   0.0000   0.0000
    2713  -2.2534   1.2138  16.2803   0.0000   0.0000   0.0000
    2714  -2.1914   2.1546  16.3256   0.0000   0.0000   0.0000
    2715  -2.1089   1.2517  15.7195   0.0000   0.0000   0.0000
    2716  -1.1595   2.0293  15.6864   0.0000   0.0000   0.0000
    2717  -1.9598   2.1448  15.8983   0.0000   0.0000   0.0000
    2718  -1.0811   0.4110  16.1946   0.0000   0.0000   0.0000
    2719  -1.6684   2.3100  15.0406   0.0000   0.0000   0.0000
    2720  -1.5910   2.3125  14.8366   0.0000   0.0000   0.0000
    2721  -1.6632   1.8847  16.3476   0.0000   0.0000   0.0000
    2722  -2.0760   2.2823  15.4802   0.0000   0.0000   0.0000
    2723  -2.2420   2.2889  15.1211   0.0000   0.0000   0.0000
    2724  -1.9610   2.0786  15.2363   0.0000   0.0000   0.0000
    2725  -1.8148   2.4314  15.5097   0.0000   0.0000   0.0000
    2726  -1.0996   1.4353  16.3062   0.0000   0.0000   0.0000
    2727  -2.5822   1.4401  15.6806   0.0000   0.0000   0.0000
    2728  -2.0976   2.1626  15.9847   0.0000   0.0000   0.0000
    2729  -2.4059   2.4753  15.5011   0.0000   0.0000   0.0000
    2730  -2.6681   1.7640  15.7354   0.0000   0.0000   0.0000
    2731  -2.9604   2.3409  15.3623   0.0000   0.0000   0.0000
    2732  -2.8385   2.4051  15.7907   0.0000   0.0000   0.0000
    2733  -3.6614   2.4366  15.3964   0.0000   0.0000   0.0000
    2734  -4.4316   2.2424  16.8454   0.0000   0.0000   0.0000
    2735  -4.3628   1.7641  15.4260   0.0000   0.0000   0.0000
    2736  -4.1641   1.5249  15.9471   0.0000   0.0000   0.0000
    2737  -4.6535   1.7610  16.5724   0.0000   0.0000   0.0000
    2738  -3.9380   1.8424  16.9183   0.0000   0.0000   0.0000
    2739  -4.3057   1.6083  15.4083   0.0000   0.0000   0.0000
    2740  -3.8744   2.4839  14.8735   0.0000   0.0000   0.0000
    2741  -4.2293   2.2281  15.7875   0.0000   0.0000   0.0000
    2742  -3.9794   1.9959  16.1293   0.0000   0.0000   0.0000
    2743  -3.7206   2.1541  16.2201   0.0000   0.0000   0.0000
    2744  -3.5745   2.5789  16.0413   0.0000   0.0000   0.0000
    2745  -3.8914   2.3167  15.6968   0.0000   0.0000   0.0000
    2746  -3.0513   1.6288  15.2894   0.0000   0.0000   0.0000
    2747  -3.3500   2.1251  16.8772   0.0000   0.0000   0.0000
    2748  -4.1507   1.7635  16.1256   0.0000   0.0000   0.0000
    2749  -4.1445   1.8864  15.3735   0.0000   0.0000   0.0000
    2750  -4.9907   1.1440  16.5955   0.0000   0.0000   0.0000
    2751  -4.8942   1.5776  16.3186   0.0000   0.0000   0.0000
    2752  -4.7643   0.9509  15.5339   0.0000   0.0000   0.0000
    2753  -5.0456   1.5964  15.0702   0.0000   0.0000   0.0000
    2754  -3.4452   2.2518  15.3101   0.0000   0.0000   0.0000
    2755  -4.7299   2.3529  15.8369   0.0000   0.0000   0.0000
    2756  -5.3683   1.7311  15.5260   0.0000   0.0000   0.0000
    2757  -5.2366   2.0962  16.1653   0.0000   0.0000   0.0000
    2758  -4.9524   1.7313  15.7728   0.0000   0.0000   0.0000
    2759  -3.8611   1.5175  15.3565   0.0000   0.0000   0.0000
    2760  -4.8131   2.1857  15.2894   0.0000   0.0000   0.0000
    2761  -4.3678   2.1925  15.7847   0.0000   0.0000   0.0000
    2762  -4.8865   1.4138  15.3080   0.0000   0.0000   0.0000
    2763  -5.2455   1.3898  14.7396   0.0000   0.0000   0.0000
    2764  -4.7190   1.1660  15.1473   0.0000   0.0000   0.0000
    2765  -4.0117   1.6236  15.1808   0.0000   0.0000   0.0000
    2766  -4.5273   1.6772  15.8330   0.0000   0.0000   0.0000
    2767  -3.8640   1.7849  14.9252   0.0000   0.0000   0.0000
    2768  -3.5074   1.7314  15.1959   0.0000   0.0000   0.0000
    2769  -2.5995   2.1851  14.7683   0.0000   0.0000   0.0000
    2770  -2.8109   2.5444  15.1248   0.0000   0.0000   0.0000
    2771  -2.9512   1.6757  15.1042   0.0000   0.0000   0.0000
    2772  -4.2220   1.2383  15.2179   0.0000   0.0000   0.0000
    2773  -2.9173   1.9017  14.3651   0.0000   0.0000   0.0000
    2774  -3.9018  -0.1420  15.7706   0.0000   0.0000   0.0000
    2775  -3.5898   0.6430  15.5832   0.0000   0.0000   0.0000
    2776  -3.5715   0.5110  15.2081   0.0000   0.0000   0.0000
    2777  -3.8475   0.5397  13.9385   0.0000   0.0000   0.0000
    2778  -3.3126  -0.0343  15.1054   0.0000   0.0000   0.0000
    2779  -3.0805   0.5271  15.1955   0.0000   0.0000   0.0000
    2780  -2.9989  -0.3030  15.6086   0.0000   0.0000   0.0000
    2781  -2.6874   2.1562  16.4086   0.0000   0.0000   0.0000
    2782  -2.1469   1.3279  16.5400   0.0000   0.0000   0.0000
    2783  -3.6073   1.9507  16.7569   0.0000   0.0000   0.0000
    2784  -2.8658   1.6445  17.0879   0.0000   0.0000   0.0000
    2785  -2.5905   1.1260  16.6703   0.0000   0.0000   0.0000
    2786  -3.2829   1.7780  15.8046   0.0000   0.0000   0.0000
    2787  -3.2615   1.1958  15.8331   0.0000   0.0000   0.0000
    2788  -2.7095   1.2629  15.5301   0.0000   0.0000   0.0000
    2789  -3.0128   1.0938  15.8463   0.0000   0.0000   0.0000
    2790  -3.9980   1.1721  15.3098   0.0000   0.0000   0.0000
    2791  -2.8178   0.6627  17.1467   0.0000   0.0000   0.0000
    2792  -2.8086   1.1308  16.7722   0.0000   0.0000   0.0000
    2793  -4.9710   1.5400  16.3863   0.0000   0.0000   0.0000
    2794  -3.4974   1.3544  17.1682   0.0000   0.0000   0.0000
    2795  -5.4760   2.3329  16.6379   0.0000   0.0000   0.0000
    2796  -4.1870   2.4135  16.9088   0.0000   0.0000   0.0000
    2797  -4.6880   3.6194  15.9561   0.0000   0.0000   0.0000
    2798  -4.3827   3.3908  16.7917   0.0000   0.0000   0.0000
    2799  -4.1532   3.4459  15.6608   0.0000   0.0000   0.0000
    2800  -4.0358   3.5156  16.6640   0.0000   0.0000   0.0000
    2801  -4.1205   3.0478  16.0344   0.0000   0.0000   0.0000
    2802  -3.3196   2.6927  16.3810   0.0000   0.0000   0.0000
    2803  -4.0585   3.6270  17.1581   0.0000   0.0000   0.0000
    2804  -4.8785   3.1692  16.7647   0.0000   0.0000   0.0000
    2805  -3.9882   2.2990  15.1926   0.0000   0.0000   0.0000
    2806  -3.7222   2.7678  16.8268   0.0000   0.0000   0.0000
    2807  -3.6225   2.6448  16.6601   0.0000   0.0000   0.0000
    2808  -4.4214   2.9878  15.3348   0.0000   0.0000   0.0000
    2809  -2.8710   2.6570  17.5267   0.0000   0.0000   0.0000
    2810  -4.9986   2.8173  16.7408   0.0000   0.0000   0.0000
    2811  -5.3582   3.0841  15.5227   0.0000   0.0000   0.0000
    2812  -4.6462   2.6938  16.5147   0.0000   0.0000   0.0000
    2813  -4.6350   2.3452  17.5247   0.0000   0.0000   0.0000
    2814  -4.5101   2.8387  17.1224   0.0000   0.0000   0.0000
    2815  -4.9835   2.4419  17.6497   0.0000   0.0000   0.0000
    2816  -3.7679   2.0788  15.9551   0.0000   0.0000   0.0000
    2817  -4.1391   2.2803  17.0456   0.0000   0.0000   0.0000
    2818  -4.3579   2.4364  16.7421   0.0000   0.0000   0.0000
    2819  -3.7222   2.1230  16.1264   0.0000   0.0000   0.0000
    2820  -5.7477   1.5233  16.2017   0.0000   0.0000   0.0000
    2821  -3.7306   2.3119  15.8640   0.0000   0.0000   0.0000
    2822  -3.7110   1.3307  16.3090   0.0000   0.0000   0.0000
    2823  -3.5477   1.2352  15.6924   0.0000   0.0000   0.0000
    2824  -3.9027   2.3657  16.9925   0.0000   0.0000   0.0000
    2825  -3.3632   3.0591  14.8992   0.0000   0.0000   0.0000
    2826  -2.6952   2.3095  16.6316   0.0000   0.0000   0.0000
    2827  -4.5011   2.6194  15.3439   0.0000   0.0000   0.0000
    2828  -3.7669   1.2056  15.4088   0.0000   0.0000   0.0000
    2829  -4.1722   1.8406  15.0599   0.0000   0.0000   0.0000
    2830  -4.1135   2.7433  16.3775   0.0000   0.0000   0.0000
    2831  -3.9104   2.5694  15.7880   0.0000   0.0000   0.0000
    2832  -2.5400   2.1655  15.9973   0.0000   0.0000   0.0000
    2833  -4.3477   1.8227  16.0670   0.0000   0.0000   0.0000
    2834  -4.5348   2.4019  15.3156   0.0000   0.0000   0.0000
    2835  -5.5759   2.4347  14.5440   0.0000   0.0000   0.0000
    2836  -5.1400   1.9919  15.3038   0.0000   0.0000   0.0000
    2837  -3.6020   1.7499  14.7033   0.0000   0.0000   0.0000
    2838  -3.0839   1.6796  16.1438   0.0000   0.0000   0.0000
    2839  -3.3011   1.5242  16.6227   0.0000   0.0000   0.0000
    2840  -4.2194   2.2169  15.9041   0.0000   0.0000   0.0000
    2841  -3.0502   1.6257  16.6896   0.0000   0.0000   0.0000
    2842  -3.6298   2.5025  16.6791   0.0000   0.0000   0.0000
    2843  -3.0306   2.1694  16.4250   0.0000   0.0000   0.0000
    2844  -2.7836   1.4850  16.2384   0.0000   0.0000   0.0000
    2845  -3.0360   1.3816  14.9389   0.0000   0.0000   0.0000
    2846  -2.9408   2.0102  16.1791   0.0000   0.0000   0.0000
    2847  -2.3315   0.9771  16.5756   0.0000   0.0000   0.0000
    2848  -2.7020   2.5898  16.6449   0.0000   0.0000   0.0000
    2849  -3.1579   2.4785  15.6663   0.0000   0.0000   0.0000
    2850  -3.7147   2.7702  15.5919   0.0000   0.0000   0.0000
    2851  -3.4740   2.2629  15.5727   0.0000   0.0000   0.0000
    2852  -3.4654   1.9340  15.8563   0.0000   0.0000   0.0000
    2853  -2.2524   1.9946  15.9408   0.0000   0.0000   0.0000
    2854  -1.5554   2.4678  15.2292   0.0000   0.0000   0.0000
    2855  -3.0075   2.6470  16.4709   0.0000   0.0000   0.0000
    2856  -2.9978   2.3171  17.1050   0.0000   0.0000   0.0000
    2857  -2.6087   3.2044  16.4951   0.0000   0.0000   0.0000
    2858  -2.6917   2.0874  17.3603   0.0000   0.0000   0.0000
    2859  -2.6605   2.8347  17.1451   0.0000   0.0000   0.0000
    2860  -3.1503   3.2009  17.9678   0.0000   0.0000   0.0000
    2861  -3.6284   2.9176  16.4138   0.0000   0.0000   0.0000
    2862  -3.9068   3.1100  16.8561   0.0000   0.0000   0.0000
    2863  -2.4095   3.4190  16.7562   0.0000   0.0000   0.0000
    2864  -4.0835   2.7247  17.1530   0.0000   0.0000   0.0000
    2865  -3.2414   2.7587  16.3673   0.0000   0.0000   0.0000
    2866  -3.0148   3.0497  15.7047   0.0000   0.0000   0.0000
    2867  -3.2580   2.2844  16.6561   0.0000   0.0000   0.0000
    2868  -4.2820   1.7415  17.1327   0.0000   0.0000   0.0000
    2869  -3.8356   2.3812  15.2332   0.0000   0.0000   0.0000
    2870  -3.6118   2.1118  16.0793   0.0000   0.0000   0.0000
    2871  -3.8353   2.4727  17.3707   0.0000   0.0000   0.0000
    2872  -4.3700   3.3034  16.9961   0.0000   0.0000   0.0000
    2873  -2.5816   3.0746  16.4768   0.0000   0.0000   0.0000
    2874  -2.2990   1.5429  15.5797   0.0000   0.0000   0.0000
    2875  -1.9068   2.1121  17.2253   0.0000   0.0000   0.0000
    2876  -3.9276   2.1136  16.0124   0.0000   0.0000   0.0000
    2877  -3.8168   2.2747  14.9855   0.0000   0.0000   0.0000
    2878  -3.8700   2.3488  16.8390   0.0000   0.0000   0.0000
    2879  -3.5594   2.7038  15.6760   0.0000   0.0000   0.0000
    2880  -3.7813   0.5958  16.4277   0.0000   0.0000   0.0000
    2881  -3.5693   2.5435  16.9692   0.0000   0.0000   0.0000
    2882  -2.6397   1.4931  16.2805   0.0000   0.0000   0.0000
    2883  -4.5717   1.8839  16.0842   0.0000   0.0000   0.0000
    2884  -4.1845   2.2415  16.0684   0.0000   0.0000   0.0000
    2885  -3.4697   2.3538  15.9722   0.0000   0.0000   0.0000
    2886  -3.2579   1.6576  15.2174   0.0000   0.0000   0.0000
    2887  -2.7879   1.5797  16.3938   0.0000   0.0000   0.0000
    2888  -3.0923   1.3495  16.4503   0.0000   0.0000   0.0000
    2889  -3.9223   1.8112  16.5175   0.0000   0.0000   0.0000
    2890  -3.5329   1.9982  16.6125   0.0000   0.0000   0.0000
    2891  -2.9621   2.1955  15.6959   0.0000   0.0000   0.0000
    2892  -3.2567   1.4956  16.0583   0.0000   0.0000   0.0000
    2893  -3.0837   2.2757  16.3428   0.0000   0.0000   0.0000
    2894  -3.7570   1.8963  15.7898   0.0000   0.0000   0.0000
    2895  -4.4891   2.8331  16.4889   0.0000   0.0000   0.0000
    2896  -3.9199   2.7424  15.9615   0.0000   0.0000   0.0000
    2897  -4.0148   3.0668  15.6487   0.0000   0.0000   0.0000
    2898  -4.1284   1.9714  15.1449   0.0000   0.0000   0.0000
    2899  -3.9906   1.7621  16.3251   0.0000   0.0000   0.0000
    2900  -3.9708   1.8936  16.3032   0.0000   0.0000   0.0000
    2901  -4.2542   2.0800  15.3990   0.0000   0.0000   0.0000
    2902  -4.3573   2.4244  16.0019   0.0000   0.0000   0.0000
    2903  -3.5552   2.0914  15.4868   0.0000   0.0000   0.0000
    2904  -3.6893   2.5203  16.7892   0.0000   0.0000   0.0000
    2905  -2.5698   2.5137  17.8825   0.0000   0.0000   0.0000
    2906  -3.7709   3.0161  17.6230   0.0000   0.0000   0.0000
    2907  -4.7413   2.1591  17.4461   0.0000   0.0000   0.0000
    2908  -4.7541   2.8010  18.3894   0.0000   0.0000   0.0000
    2909  -3.8225   1.8541  16.6476   0.0000   0.0000   0.0000
    2910  -3.9693   3.5158  17.6378   0.0000   0.0000   0.0000
    2911  -3.2188   2.7752  17.8599   0.0000   0.0000   0.0000
    2912  -3.5556   3.0927  17.4711   0.0000   0.0000   0.0000
    2913  -3.9276   3.5609  16.4507   0.0000   0.0000   0.0000
    2914  -4.5123   2.8615  17.0053   0.0000   0.0000   0.0000
    2915  -4.6251   3.5701  17.6987   0.0000   0.0000   0.0000
    2916  -3.7251   2.7628  17.4087   0.0000   0.0000   0.0000
    2917  -3.1517   3.1525  16.7371   0.0000   0.0000   0.0000
    2918  -4.8579   2.6411  16.9777   0.0000   0.0000   0.0000
    2919  -4.8489   3.0641  17.7479   0.0000   0.0000   0.0000
    2920  -4.4929   2.7396  18.1951   0.0000   0.0000   0.0000
    2921  -5.2603   2.2102  18.3627   0.0000   0.0000   0.0000
    2922  -4.6140   3.0883  17.3884   0.0000   0.0000   0.0000
    2923  -5.0688   3.4941  17.0897   0.0000   0.0000   0.0000
    2924  -4.7376   2.6167  17.4266   0.0000   0.0000   0.0000
    2925  -5.1748   2.2868  17.6282   0.0000   0.0000   0.0000
    2926  -3.3544   2.4323  18.5053   0.0000   0.0000   0.0000
    2927  -3.0954   3.7690  17.4113   0.0000   0.0000   0.0000
    2928  -3.7685   3.1270  17.3019   0.0000   0.0000   0.0000
    2929  -2.4610   3.0546  16.5427   0.0000   0.0000   0.0000
    2930  -3.3958   2.9632  17.1765   0.0000   0.0000   0.0000
    2931  -1.4639   3.1844  16.4010   0.0000   0.0000   0.0000
    2932  -2.5611   2.2261  16.1467   0.0000   0.0000   0.0000
    2933  -4.0849   3.3226  15.9220   0.0000   0.0000   0.0000
    2934  -4.3608   2.7834  17.9388   0.0000   0.0000   0.0000
    2935  -4.2641   3.7448  16.8490   0.0000   0.0000   0.0000
    2936  -2.8238   1.9131  16.8872   0.0000   0.0000   0.0000
    2937  -3.0512   2.2711  17.4854   0.0000   0.0000   0.0000
    2938  -3.9649   2.2999  16.7523   0.0000   0.0000   0.0000
    2939  -2.9968   3.1913  16.1826   0.0000   0.0000   0.0000
    2940  -4.2652   3.0375  17.0471   0.0000   0.0000   0.0000
    2941  -3.3422   3.7526  17.7951   0.0000   0.0000   0.0000
    2942  -3.1259   3.0443  17.9070   0.0000   0.0000   0.0000
    2943  -2.5090   3.5591  17.6618   0.0000   0.0000   0.0000
    2944  -3.2466   2.9160  17.6650   0.0000   0.0000   0.0000
    2945  -3.3562   2.9817  17.2986   0.0000   0.0000   0.0000
    2946  -2.4938   3.2294  18.0367   0.0000   0.0000   0.0000
    2947  -2.9871   3.7470  17.8916   0.0000   0.0000   0.0000
    2948  -2.9890   3.8409  18.2646   0.0000   0.0000   0.0000
    2949  -2.6271   3.0682  18.3934   0.0000   0.0000   0.0000
    2950  -2.5547   3.4142  17.9365   0.0000   0.0000   0.0000
    2951  -2.4440   3.7291  17.3874   0.0000   0.0000   0.0000
    2952  -2.9880   3.7931  18.1773   0.0000   0.0000   0.0000
    2953  -1.6718   3.5349  18.1755   0.0000   0.0000   0.0000
    2954  -2.3564   2.8501  17.9187   0.0000   0.0000   0.0000
    2955  -1.8292   3.9349  17.9167   0.0000   0.0000   0.0000
    2956  -1.1665   3.2700  17.8786   0.0000   0.0000   0.0000
    2957  -1.3860   3.2336  17.4322   0.0000   0.0000   0.0000
    2958  -2.9839   3.3944  17.1514   0.0000   0.0000   0.0000
    2959  -4.1364   3.6302  17.8228   0.0000   0.0000   0.0000
    2960  -4.2872   3.8148  17.0211   0.0000   0.0000   0.0000
    2961  -4.3706   3.2554  17.2730   0.0000   0.0000   0.0000
    2962  -4.0956   3.0613  18.1333   0.0000   0.0000   0.0000
    2963  -3.5055   2.4500  17.4619   0.0000   0.0000   0.0000
    2964  -3.4359   2.6573  17.7442   0.0000   0.0000   0.0000
    2965  -4.0569   2.3174  17.2682   0.0000   0.0000   0.0000
    2966  -3.9714   3.0197  17.4491   0.0000   0.0000   0.0000
    2967  -4.6720   3.3125  16.3430   0.0000   0.0000   0.0000
    2968  -4.4153   1.7206  16.5846   0.0000   0.0000   0.0000
    2969  -3.4876   2.8377  16.5442   0.0000   0.0000   0.0000
    2970  -5.2754   2.7509  17.5275   0.0000   0.0000   0.0000
    2971  -4.6246   3.7428  16.7592   0.0000   0.0000   0.0000
    2972  -3.4956   3.4575  17.1643   0.0000   0.0000   0.0000
    2973  -5.7632   3.9403  17.4138   0.0000   0.0000   0.0000
    2974  -6.5370   3.5770  18.6930   0.0000   0.0000   0.0000
    2975  -6.2401   4.1071  18.0544   0.0000   0.0000   0.0000
    2976  -4.2388   3.4467  19.0977   0.0000   0.0000   0.0000
    2977  -5.5125   3.1747  18.6885   0.0000   0.0000   0.0000
    2978  -5.4978   2.8823  17.7127   0.0000   0.0000   0.0000
    2979  -5.6928   2.6353  18.5012   0.0000   0.0000   0.0000
    2980  -5.4600   3.1955  18.9264   0.0000   0.0000   0.0000
    2981  -5.2123   3.7913  17.7504   0.0000   0.0000   0.0000
    2982  -5.2648   3.9788  17.8025   0.0000   0.0000   0.0000
    2983  -3.5439   4.7436  16.9594   0.0000   0.0000   0.0000
    2984  -5.3041   4.4223  18.6049   0.0000   0.0000   0.0000
    2985  -3.6834   4.6306  18.2849   0.0000   0.0000   0.0000
    2986  -3.8155   4.6219  18.3219   0.0000   0.0000   0.0000
    2987  -5.4584   6.1721  18.5855   0.0000   0.0000   0.0000
    2988  -5.7883   4.5673  18.2371   0.0000   0.0000   0.0000
    2989  -4.9430   4.7592  17.8638   0.0000   0.0000   0.0000
    2990  -4.7999   3.9282  18.7756   0.0000   0.0000   0.0000
    2991  -4.5544   4.1884  19.3428   0.0000   0.0000   0.0000
    2992  -3.9758   5.2528  18.3904   0.0000   0.0000   0.0000
    2993  -3.6248   4.8065  17.2611   0.0000   0.0000   0.0000
    2994  -3.9431   3.7683  18.5032   0.0000   0.0000   0.0000
    2995  -5.4972   4.8745  18.4850   0.0000   0.0000   0.0000
    2996  -5.3711   4.2692  18.9389   0.0000   0.0000   0.0000
    2997  -5.5939   4.4916  17.7142   0.0000   0.0000   0.0000
    2998  -4.8300   5.4586  18.6447   0.0000   0.0000   0.0000
    2999  -6.3342   4.3660  18.5505   0.0000   0.0000   0.0000
    3000  -4.7295   4.4018  19.1223   0.0000   0.0000   0.0000
    3001  -2.9290   4.9033  17.4500   0.0000   0.0000   0.0000
    3002  -4.7575   4.2785  18.5144   0.0000   0.0000   0.0000
    3003  -5.1664   5.6205  18.8248   0.0000   0.0000   0.0000
    3004  -5.0811   5.1801  18.9123   0.0000   0.0000   0.0000
    3005  -5.6134   5.1107  19.7371   0.0000   0.0000   0.0000
    3006  -5.1064   4.2958  18.2873   0.0000   0.0000   0.0000
    3007  -4.1215   4.0968  18.9398   0.0000   0.0000   0.0000
    3008  -5.5737   3.7745  19.2507   0.0000   0.0000   0.0000
    3009  -4.9725   3.5486  18.1223   0.0000   0.0000   0.0000
    3010  -4.9399   5.0871  18.9814   0.0000   0.0000   0.0000
    3011  -5.2589   4.8075  18.4156   0.0000   0.0000   0.0000
    3012  -5.5797   5.3494  18.2296   0.0000   0.0000   0.0000
    3013  -5.4257   5.1341  18.1921   0.0000   0.0000   0.0000
    3014  -5.2126   4.7670  19.2476   0.0000   0.0000   0.0000
    3015  -5.6911   5.1640  18.2786   0.0000   0.0000   0.0000
    3016  -6.0178   5.2449  18.7934   0.0000   0.0000   0.0000
    3017  -5.2823   5.7084  18.7132   0.0000   0.0000   0.0000
    3018  -4.8686   6.2733  18.7809   0.0000   0.0000   0.0000
    3019  -5.1366   6.0530  17.8134   0.0000   0.0000   0.0000
    3020  -4.6110   6.2961  18.6019   0.0000   0.0000   0.0000
    3021  -4.8010   6.6158  19.8206   0.0000   0.0000   0.0000
    3022  -4.6703   6.8123  18.5179   0.0000   0.0000   0.0000
    3023  -5.0226   6.4579  18.7529   0.0000   0.0000   0.0000
    3024  -4.8025   6.7201  18.0851   0.0000   0.0000   0.0000
    3025  -5.6800   5.2899  18.3082   0.0000   0.0000   0.0000
    3026  -6.6070   6.7056  17.4291   0.0000   0.0000   0.0000
    3027  -5.4915   6.0440  17.5469   0.0000   0.0000   0.0000
    3028  -6.4144   6.5729  17.5782   0.0000   0.0000   0.0000
    3029  -6.9350   6.5744  17.2005   0.0000   0.0000   0.0000
    3030  -4.7117   5.8377  17.8843   0.0000   0.0000   0.0000
    3031  -4.5254   4.7791  17.1166   0.0000   0.0000   0.0000
    3032  -4.7167   4.8820  16.9139   0.0000   0.0000   0.0000
    3033  -4.2536   5.6166  17.3307   0.0000   0.0000   0.0000
    3034  -5.4057   4.7181  17.3310   0.0000   0.0000   0.0000
    3035  -5.2227   6.6474  18.4489   0.0000   0.0000   0.0000
    3036  -5.4016   5.2171  17.2431   0.0000   0.0000   0.0000
    3037  -6.6299   5.9476  17.7517   0.0000   0.0000   0.0000
    3038  -7.7452   7.6076  17.8051   0.0000   0.0000   0.0000
    3039  -7.4078   6.2704  18.2760   0.0000   0.0000   0.0000
    3040  -6.9414   6.6684  18.8878   0.0000   0.0000   0.0000
    3041  -4.9063   5.6681  18.1984   0.0000   0.0000   0.0000
    3042  -5.3638   5.0666  17.7141   0.0000   0.0000   0.0000
    3043  -5.8463   4.7384  18.0945   0.0000   0.0000   0.0000
    3044  -6.4354   5.5910  18.4011   0.0000   0.0000   0.0000
    3045  -5.5942   4.0146  18.8006   0.0000   0.0000   0.0000
    3046  -6.4325   4.8017  18.9882   0.0000   0.0000   0.0000
    3047  -6.5640   4.7808  19.5914   0.0000   0.0000   0.0000
    3048  -5.1997   4.5090  20.2263   0.0000   0.0000   0.0000
    3049  -5.6246   5.1246  19.5114   0.0000   0.0000   0.0000
    3050  -5.3241   4.9150  20.3809   0.0000   0.0000   0.0000
    3051  -4.7762   5.2773  20.5548   0.0000   0.0000   0.0000
    3052  -4.9432   5.4517  20.1508   0.0000   0.0000   0.0000
    3053  -5.7821   4.6190  19.4889   0.0000   0.0000   0.0000
    3054  -6.3106   5.1704  19.4928   0.0000   0.0000   0.0000
    3055  -5.5790   3.7612  19.4272   0.0000   0.0000   0.0000
    3056  -5.7033   3.4257  18.9849   0.0000   0.0000   0.0000
    3057  -5.4551   3.8479  18.8781   0.0000   0.0000   0.0000
    3058  -5.6964   4.6069  18.6459   0.0000   0.0000   0.0000
    3059  -5.9231   3.0887  18.3413   0.0000   0.0000   0.0000
    3060  -4.9939   3.5325  18.8507   0.0000   0.0000   0.0000
    3061  -5.6393   3.3401  18.6207   0.0000   0.0000   0.0000
    3062  -5.3683   3.2932  18.2679   0.0000   0.0000   0.0000
    3063  -4.7920   3.2487  18.5160   0.0000   0.0000   0.0000
    3064  -5.7264   3.1666  18.6468   0.0000   0.0000   0.0000
    3065  -5.1157   2.8627  18.1684   0.0000   0.0000   0.0000
    3066  -5.7080   3.7846  17.7741   0.0000   0.0000   0.0000
    3067  -5.2384   3.0436  18.0698   0.0000   0.0000   0.0000
    3068  -5.7233   4.4654  18.4018   0.0000   0.0000   0.0000
    3069  -4.7167   3.5514  17.4088   0.0000   0.0000   0.0000
    3070  -4.4292   3.1594  17.1352   0.0000   0.0000   0.0000
    3071  -5.4936   4.7532  16.3072   0.0000   0.0000   0.0000
    3072  -6.0584   3.8902  17.6442   0.0000   0.0000   0.0000
    3073  -6.8796   5.3418  17.8400   0.0000   0.0000   0.0000
    3074  -5.4094   5.1787  18.0078   0.0000   0.0000   0.0000
    3075  -5.4960   4.4848  18.0147   0.0000   0.0000   0.0000
    3076  -6.5129   5.7318  17.6408   0.0000   0.0000   0.0000
    3077  -5.8134   6.0020  18.7243   0.0000   0.0000   0.0000
    3078  -6.0769   5.9738  17.7342   0.0000   0.0000   0.0000
    3079  -5.6066   5.8576  17.4734   0.0000   0.0000   0.0000
    3080  -6.3736   5.4207  17.7157   0.0000   0.0000   0.0000
    3081  -5.3091   5.2204  18.4411   0.0000   0.0000   0.0000
    3082  -5.6168   5.2768  18.2083   0.0000   0.0000   0.0000
    3083  -5.2751   5.8568  17.7938   0.0000   0.0000   0.0000
    3084  -4.3946   5.9860  18.9609   0.0000   0.0000   0.0000
    3085  -5.4006   6.2112  19.4876   0.0000   0.0000   0.0000
    3086  -5.5366   5.8155  18.7741   0.0000   0.0000   0.0000
    3087  -4.4362   5.4568  18.5848   0.0000   0.0000   0.0000
    3088  -5.7957   6.4956  17.8762   0.0000   0.0000   0.0000
    3089  -7.7184   6.0132  17.3241   0.0000   0.0000   0.0000
    3090  -7.1070   6.9203  17.7619   0.0000   0.0000   0.0000
    3091  -6.2415   5.9943  19.3679   0.0000   0.0000   0.0000
    3092  -5.7905   7.0754  18.9451   0.0000   0.0000   0.0000
    3093  -7.0982   7.0191  19.5162   0.0000   0.0000   0.0000
    3094  -7.1242   7.5979  18.9105   0.0000   0.0000   0.0000
    3095  -5.9068   6.9217  18.6503   0.0000   0.0000   0.0000
    3096  -6.1985   7.1137  18.9313   0.0000   0.0000   0.0000
    3097  -5.7819   5.9117  18.4197   0.0000   0.0000   0.0000
    3098  -6.3510   6.7461  18.9433   0.0000   0.0000   0.0000
    3099  -3.9028   7.1624  18.5844   0.0000   0.0000   0.0000
    3100  -6.0078   7.3535  18.5150   0.0000   0.0000   0.0000
    3101  -4.5226   5.9669  18.6047   0.0000   0.0000   0.0000
    3102  -3.5766   5.0681  17.8039   0.0000   0.0000   0.0000
    3103  -2.9699   6.9069  18.3880   0.0000   0.0000   0.0000
    3104  -4.5114   6.6318  18.6904   0.0000   0.0000   0.0000
    3105  -3.8797   6.4086  18.3475   0.0000   0.0000   0.0000
    3106  -5.1581   6.6231  18.6795   0.0000   0.0000   0.0000
    3107  -4.7444   6.2718  18.8721   0.0000   0.0000   0.0000
    3108  -4.8883   5.4030  19.1761   0.0000   0.0000   0.0000
    3109  -5.0070   5.6843  18.4004   0.0000   0.0000   0.0000
    3110  -4.6312   6.1957  18.4807   0.0000   0.0000   0.0000
    3111  -5.7106   6.8777  19.4170   0.0000   0.0000   0.0000
    3112  -3.8813   6.0024  19.1201   0.0000   0.0000   0.0000
    3113  -4.3440   6.6048  18.3613   0.0000   0.0000   0.0000
    3114  -4.5249   6.6778  18.8092   0.0000   0.0000   0.0000
    3115  -5.0579   7.3881  19.0862   0.0000   0.0000   0.0000
    3116  -4.8585   6.0295  19.4278   0.0000   0.0000   0.0000
    3117  -3.3834   5.9200  18.1318   0.0000   0.0000   0.0000
    3118  -5.9334   6.5106  18.5875   0.0000   0.0000   0.0000
    3119  -5.8656   6.6237  19.6854   0.0000   0.0000   0.0000
    3120  -5.8870   6.7481  18.8934   0.0000   0.0000   0.0000
    3121  -5.0940   6.2509  19.4972   0.0000   0.0000   0.0000
    3122  -5.9725   6.7187  19.3006   0.0000   0.0000   0.0000
    3123  -4.9007   5.3171  18.9418   0.0000   0.0000   0.0000
    3124  -5.3509   6.5707  19.3021   0.0000   0.0000   0.0000
    3125  -3.5103   6.7147  19.2046   0.0000   0.0000   0.0000
    3126  -5.3003   6.1940  18.7925   0.0000   0.0000   0.0000
    3127  -3.9562   5.8293  19.2507   0.0000   0.0000   0.0000
    3128  -5.4920   5.8015  18.8744   0.0000   0.0000   0.0000
    3129  -5.1449   5.9310  19.5792   0.0000   0.0000   0.0000
    3130  -5.4520   6.0528  18.7240   0.0000   0.0000   0.0000
    3131  -4.9763   6.6830  18.9079   0.0000   0.0000   0.0000
    3132  -4.7574   6.7710  19.0316   0.0000   0.0000   0.0000
    3133  -4.2069   6.8066  18.3409   0.0000   0.0000   0.0000
    3134  -4.1509   6.5615  18.0563   0.0000   0.0000   0.0000
    3135  -4.7188   6.6317  18.5163   0.0000   0.0000   0.0000
    3136  -5.3570   6.2959  18.5007   0.0000   0.0000   0.0000
    3137  -4.1219   7.2657  18.7484   0.0000   0.0000   0.0000
    3138  -4.5502   7.2932  19.3332   0.0000   0.0000   0.0000
    3139  -3.9372   6.4536  18.2797   0.0000   0.0000   0.0000
    3140  -3.9931   6.9822  18.3747   0.0000   0.0000   0.0000
    3141  -4.6179   7.1221  18.1478   0.0000   0.0000   0.0000
    3142  -5.3153   7.0781  19.3471   0.0000   0.0000   0.0000
    3143  -4.7014   6.9388  18.6071   0.0000   0.0000   0.0000
    3144  -5.2171   6.4123  17.9722   0.0000   0.0000   0.0000
    3145  -5.5256   6.7935  19.0283   0.0000   0.0000   0.0000
    3146  -5.1940   6.3508  18.6836   0.0000   0.0000   0.0000
    3147  -5.0007   6.3100  18.0499   0.0000   0.0000   0.0000
    3148  -5.1942   6.9929  18.5033   0.0000   0.0000   0.0000
    3149  -5.4433   6.8074  19.2926   0.0000   0.0000   0.0000
    3150  -5.5515   6.3652  19.5377   0.0000   0.0000   0.0000
    3151  -3.5057   6.7050  19.0345   0.0000   0.0000   0.0000
    3152  -5.3556   7.3951  18.5093   0.0000   0.0000   0.0000
    3153  -5.6636   7.6939  17.4429   0.0000   0.0000   0.0000
    3154  -4.2195   6.3637  18.5162   0.0000   0.0000   0.0000
    3155  -3.5569   6.0421  17.6866   0.0000   0.0000   0.0000
    3156  -4.4845   5.2563  17.5473   0.0000   0.0000   0.0000
    3157  -3.6448   5.0630  17.8904   0.0000   0.0000   0.0000
    3158  -2.4203   5.6777  17.7105   0.0000   0.0000   0.0000
    3159  -3.9745   5.8738  18.0077   0.0000   0.0000   0.0000
    3160  -4.7608   7.2082  17.9198   0.0000   0.0000   0.0000
    3161  -4.8340   6.0780  17.6053   0.0000   0.0000   0.0000
    3162  -5.4480   5.6435  17.3692   0.0000   0.0000   0.0000
    3163  -4.7578   5.6915  17.6975   0.0000   0.0000   0.0000
    3164  -4.2486   5.7363  18.6507   0.0000   0.0000   0.0000
    3165  -5.2392   5.7210  19.7292   0.0000   0.0000   0.0000
    3166  -3.3752   5.0517  18.1141   0.0000   0.0000   0.0000
    3167  -3.2354   5.4355  18.9919   0.0000   0.0000   0.0000
    3168  -3.2900   5.9300  19.3440   0.0000   0.0000   0.0000
    3169  -3.0332   6.9350  19.5563   0.0000   0.0000   0.0000
    3170  -3.6083   5.5111  19.4599   0.0000   0.0000   0.0000
    3171  -3.0582   5.2264  19.6131   0.0000   0.0000   0.0000
    3172  -2.8996   5.1133  19.8581   0.0000   0.0000   0.0000
    3173  -2.1224   5.5126  19.3570   0.0000   0.0000   0.0000
    3174  -3.6936   5.8794  20.8176   0.0000   0.0000   0.0000
    3175  -3.3933   6.1591  19.2133   0.0000   0.0000   0.0000
    3176  -3.8972   6.3220  18.8784   0.0000   0.0000   0.0000
    3177  -3.1314   5.4854  19.3585   0.0000   0.0000   0.0000
    3178  -3.2147   5.7130  19.0189   0.0000   0.0000   0.0000
    3179  -3.4907   5.5484  20.6089   0.0000   0.0000   0.0000
    3180  -2.1959   6.1624  19.6801   0.0000   0.0000   0.0000
    3181  -2.2956   6.2198  20.2612   0.0000   0.0000   0.0000
    3182  -2.6884   5.4675  20.5453   0.0000   0.0000   0.0000
    3183  -2.3972   5.5557  19.7620   0.0000   0.0000   0.0000
    3184  -2.6494   5.2626  20.2735   0.0000   0.0000   0.0000
    3185  -3.2323   5.1717  21.2288   0.0000   0.0000   0.0000
    3186  -3.7449   4.7225  20.4393   0.0000   0.0000   0.0000
    3187  -3.1204   5.3631  19.6430   0.0000   0.0000   0.0000
    3188  -2.8893   4.9382  19.9290   0.0000   0.0000   0.0000
    3189  -3.9446   4.9752  19.8607   0.0000   0.0000   0.0000
    3190  -3.7215   4.1698  19.7797   0.0000   0.0000   0.0000
    3191  -2.6550   3.1025  19.5144   0.0000   0.0000   0.0000
    3192  -3.5602   4.6869  20.0477   0.0000   0.0000   0.0000
    3193  -4.4431   4.9055  19.6619   0.0000   0.0000   0.0000
    3194  -4.7329   4.2648  19.6241   0.0000   0.0000   0.0000
    3195  -4.9246   5.2183  21.0296   0.0000   0.0000   0.0000
    3196  -4.1273   3.6710  21.3398   0.0000   0.0000   0.0000
    3197  -3.5582   4.2567  19.9971   0.0000   0.0000   0.0000
    3198  -5.0670   3.8360  20.5500   0.0000   0.0000   0.0000
    3199  -7.2378   5.1813  20.6106   0.0000   0.0000   0.0000
    3200  -6.2971   5.2241  21.4199   0.0000   0.0000   0.0000
    3201  -3.7205   5.5474  19.8512   0.0000   0.0000   0.0000
    3202  -2.7055   5.1876  19.4692   0.0000   0.0000   0.0000
    3203  -3.1686   4.7451  19.6595   0.0000   0.0000   0.0000
    3204  -3.9028   4.7702  20.2712   0.0000   0.0000   0.0000
    3205  -2.9648   4.5747  19.8305   0.0000   0.0000   0.0000
    3206  -4.4491   4.9624  19.5881   0.0000   0.0000   0.0000
    3207  -3.3328   4.8540  19.6351   0.0000   0.0000   0.0000
    3208  -5.4213   5.6402  20.4909   0.0000   0.0000   0.0000
    3209  -4.7399   5.2021  19.7662   0.0000   0.0000   0.0000
    3210  -3.7453   5.3997  19.4595   0.0000   0.0000   0.0000
    3211  -3.6824   6.1427  19.1797   0.0000   0.0000   0.0000
    3212  -4.4229   5.5073  19.1763   0.0000   0.0000   0.0000
    3213  -4.4986   5.6016  18.6133   0.0000   0.0000   0.0000
    3214  -3.7762   5.1853  18.9490   0.0000   0.0000   0.0000
    3215  -3.8402   5.4620  18.7465   0.0000   0.0000   0.0000
    3216  -5.0471   5.0416  18.2700   0.0000   0.0000   0.0000
    3217  -4.5040   4.5921  20.2137   0.0000   0.0000   0.0000
    3218  -5.3880   4.8757  19.7360   0.0000   0.0000   0.0000
    3219  -5.0984   4.8245  20.8270   0.0000   0.0000   0.0000
    3220  -2.7933   5.2776  21.2962   0.0000   0.0000   0.0000
    3221  -3.8990   4.4991  21.2878   0.0000   0.0000   0.0000
    3222  -3.6815   4.5189  20.8994   0.0000   0.0000   0.0000
    3223  -3.8066   4.8410  21.1707   0.0000   0.0000   0.0000
    3224  -3.0635   3.6698  20.1036   0.0000   0.0000   0.0000
    3225  -3.9760   5.2570  20.6506   0.0000   0.0000   0.0000
    3226  -3.4468   3.8911  20.0454   0.0000   0.0000   0.0000
    3227  -4.1333   4.9401  20.4659   0.0000   0.0000   0.0000
    3228  -2.6393   4.7241  20.5197   0.0000   0.0000   0.0000
    3229  -5.2371   4.9599  20.2760   0.0000   0.0000   0.0000
    3230  -4.5790   4.3017  19.4749   0.0000   0.0000   0.0000
    3231  -3.5167   3.7931  18.8100   0.0000   0.0000   0.0000
    3232  -2.9524   3.4160  18.6609   0.0000   0.0000   0.0000
    3233  -3.5410   3.8909  19.4988   0.0000   0.0000   0.0000
    3234  -4.8352   4.1278  17.7563   0.0000   0.0000   0.0000
    3235  -4.4851   3.6609  19.7286   0.0000   0.0000   0.0000
    3236  -5.3557   4.5173  19.0093   0.0000   0.0000   0.0000
    3237  -5.2526   3.6614  18.4171   0.0000   0.0000   0.0000
    3238  -4.4423   4.1081  19.9100   0.0000   0.0000   0.0000
    3239  -5.1556   4.1348  19.9967   0.0000   0.0000   0.0000
    3240  -5.2909   4.1039  18.8229   0.0000   0.0000   0.0000
    3241  -5.0405   5.5540  19.6980   0.0000   0.0000   0.0000
    3242  -5.6443   5.3204  18.5122   0.0000   0.0000   0.0000
    3243  -4.7351   4.2784  18.9924   0.0000   0.0000   0.0000
    3244  -5.4915   3.6159  19.4788   0.0000   0.0000   0.0000
    3245  -5.6581   4.4541  18.2954   0.0000   0.0000   0.0000
    3246  -5.3494   4.1051  17.5708   0.0000   0.0000   0.0000
    3247  -4.2132   3.0027  20.2944   0.0000   0.0000   0.0000
    3248  -4.6323   3.4375  19.4162   0.0000   0.0000   0.0000
    3249  -4.0521   3.6923  18.0910   0.0000   0.0000   0.0000
    3250  -4.8158   2.4710  20.6359   0.0000   0.0000   0.0000
    3251  -4.1494   2.3191  19.3324   0.0000   0.0000   0.0000
    3252  -4.1532   2.7144  19.1136   0.0000   0.0000   0.0000
    3253  -3.0441   2.9423  18.9471   0.0000   0.0000   0.0000
    3254  -3.9814   4.8976  19.7361   0.0000   0.0000   0.0000
    3255  -3.4551   4.2464  18.8949   0.0000   0.0000   0.0000
    3256  -3.2551   3.1180  19.3543   0.0000   0.0000   0.0000
    3257  -3.6470   4.2843  19.5339   0.0000   0.0000   0.0000
    3258  -2.7073   4.7048  18.2341   0.0000   0.0000   0.0000
    3259  -3.8604   4.9199  19.4070   0.0000   0.0000   0.0000
    3260  -3.6481   5.4645  21.7237   0.0000   0.0000   0.0000
    3261  -1.8295   5.7221  20.8058   0.0000   0.0000   0.0000
    3262  -3.8297   5.8161  20.2805   0.0000   0.0000   0.0000
    3263  -3.5571   5.4035  20.7935   0.0000   0.0000   0.0000
    3264  -3.2488   5.0370  20.6969   0.0000   0.0000   0.0000
    3265  -4.1616   4.4476  20.7329   0.0000   0.0000   0.0000
    3266  -3.0058   5.4900  21.0020   0.0000   0.0000   0.0000
    3267  -1.9459   5.5888  20.9838   0.0000   0.0000   0.0000
    3268  -1.8352   4.1908  20.7458   0.0000   0.0000   0.0000
    3269  -2.3416   3.9533  20.3748   0.0000   0.0000   0.0000
    3270  -0.9248   5.1532  20.7795   0.0000   0.0000   0.0000
    3271  -4.0946   4.1400  19.7985   0.0000   0.0000   0.0000
    3272  -5.0213   4.2428  19.3575   0.0000   0.0000   0.0000
    3273  -3.9338   4.6701  19.4547   0.0000   0.0000   0.0000
    3274  -4.9866   4.9942  19.0422   0.0000   0.0000   0.0000
    3275  -4.9827   4.6175  18.9919   0.0000   0.0000   0.0000
    3276  -4.5180   4.4007  21.5998   0.0000   0.0000   0.0000
    3277  -4.4655   3.9690  20.3164   0.0000   0.0000   0.0000
    3278  -4.1046   4.9355  20.5012   0.0000   0.0000   0.0000
    3279  -4.5530   5.1058  20.3098   0.0000   0.0000   0.0000
    3280  -3.7493   4.1482  20.8550   0.0000   0.0000   0.0000
    3281  -5.3450   5.2402  21.3955   0.0000   0.0000   0.0000
    3282  -5.0458   5.3655  19.9035   0.0000   0.0000   0.0000
    3283  -4.2024   4.7894  20.4925   0.0000   0.0000   0.0000
    3284  -4.4723   5.5477  19.1130   0.0000   0.0000   0.0000
    3285  -4.3413   4.6618  19.6532   0.0000   0.0000   0.0000
    3286  -4.6103   5.0988  20.0257   0.0000   0.0000   0.0000
    3287  -3.5001   3.9056  20.8720   0.0000   0.0000   0.0000
    3288  -3.5679   3.8516  20.1515   0.0000   0.0000   0.0000
    3289  -4.0393   3.6934  20.2843   0.0000   0.0000   0.0000
    3290  -2.7488   4.1508  20.1931   0.0000   0.0000   0.0000
    3291  -3.6178   3.4248  20.1425   0.0000   0.0000   0.0000
    3292  -3.1444   2.7890  19.7483   0.0000   0.0000   0.0000
    3293  -2.9727   2.6677  19.6165   0.0000   0.0000   0.0000
    3294  -2.3851   2.2272  20.2642   0.0000   0.0000   0.0000
    3295  -3.8678   3.4937  23.4233   0.0000   0.0000   0.0000
    3296  -3.5806   3.4743  20.8770   0.0000   0.0000   0.0000
    3297  -1.3545   3.5492  19.4124   0.0000   0.0000   0.0000
    3298  -2.8108   3.5053  19.2247   0.0000   0.0000   0.0000
    3299  -2.0453   2.8794  19.4679   0.0000   0.0000   0.0000
    3300  -1.4899   3.0130  21.3093   0.0000   0.0000   0.0000
    3301  -2.9562   1.3638  21.6820   0.0000   0.0000   0.0000
    3302  -2.3401   2.8408  21.4189   0.0000   0.0000   0.0000
    3303  -2.0157   2.4248  19.5362   0.0000   0.0000   0.0000
    3304  -2.1348   3.2201  19.3435   0.0000   0.0000   0.0000
    3305  -1.2989   2.9485  19.4659   0.0000   0.0000   0.0000
    3306  -2.3923   3.1474  21.0941   0.0000   0.0000   0.0000
    3307  -2.5133   3.7803  20.9286   0.0000   0.0000   0.0000
    3308  -1.0333   3.2251  20.3216   0.0000   0.0000   0.0000
    3309  -2.8002   3.8838  20.9679   0.0000   0.0000   0.0000
    3310  -3.4386   3.0350  21.2143   0.0000   0.0000   0.0000
    3311  -1.1880   3.0353  21.1567   0.0000   0.0000   0.0000
    3312  -1.8402   3.3565  20.8854   0.0000   0.0000   0.0000
    3313  -3.3376   4.2297  21.9558   0.0000   0.0000   0.0000
    3314  -2.6350   2.9627  20.7161   0.0000   0.0000   0.0000
    3315  -3.3296   3.1127  20.5484   0.0000   0.0000   0.0000
    3316  -2.2384   2.6429  19.4899   0.0000   0.0000   0.0000
    3317  -1.8658   3.2376  19.7269   0.0000   0.0000   0.0000
    3318  -2.7048   2.6587  20.0679   0.0000   0.0000   0.0000
    3319  -1.6259   2.9141  19.5978   0.0000   0.0000   0.0000
    3320  -3.0630   2.4150  21.7476   0.0000   0.0000   0.0000
    3321  -3.6465   2.8730  21.2902   0.0000   0.0000   0.0000
    3322  -3.2281   3.6658  18.5350   0.0000   0.0000   0.0000
    3323  -2.7049   3.6985  18.0198   0.0000   0.0000   0.0000
    3324  -2.6124   3.7815  20.0503   0.0000   0.0000   0.0000
    3325  -2.5752   3.8836  19.9594   0.0000   0.0000   0.0000
    3326  -3.3186   4.3257  19.7013   0.0000   0.0000   0.0000
    3327  -3.8039   3.6606  19.7370   0.0000   0.0000   0.0000
    3328  -1.3189   4.5155  16.9901   0.0000   0.0000   0.0000
    3329  -1.5081   5.7207  16.5299   0.0000   0.0000   0.0000
    3330  -0.5841   5.9105  16.7503   0.0000   0.0000   0.0000
    3331  -0.8504   4.6826  16.5948   0.0000   0.0000   0.0000
    3332  -0.6521   4.6388  16.6502   0.0000   0.0000   0.0000
    3333  -1.7409   5.3760  15.2392   0.0000   0.0000   0.0000
    3334  -1.2584   5.4548  15.2169   0.0000   0.0000   0.0000
    3335  -0.9435   5.8522  17.2271   0.0000   0.0000   0.0000
    3336  -1.1286   5.0543  18.6016   0.0000   0.0000   0.0000
    3337  -0.5920   4.7567  19.1200   0.0000   0.0000   0.0000
    3338  -2.2843   3.8339  20.2990   0.0000   0.0000   0.0000
    3339  -0.8680   4.2249  18.4523   0.0000   0.0000   0.0000
    3340  -0.7674   5.8103  17.6869   0.0000   0.0000   0.0000
    3341  -1.2877   4.4531  17.3661   0.0000   0.0000   0.0000
    3342  -0.7960   4.7546  18.9772   0.0000   0.0000   0.0000
    3343  -2.4689   4.0926  19.8874   0.0000   0.0000   0.0000
    3344  -1.4857   3.1231  19.6114   0.0000   0.0000   0.0000
    3345  -1.3855   3.2112  19.6645   0.0000   0.0000   0.0000
    3346  -2.7067   3.2040  18.0234   0.0000   0.0000   0.0000
    3347  -3.8895   4.3018  17.2498   0.0000   0.0000   0.0000
    3348  -3.2255   3.4984  17.6336   0.0000   0.0000   0.0000
    3349  -3.1861   3.6764  18.5428   0.0000   0.0000   0.0000
    3350  -3.3728   4.2570  18.2416   0.0000   0.0000   0.0000
    3351  -2.9980   3.6959  18.2569   0.0000   0.0000   0.0000
    3352  -3.9398   4.4966  19.4793   0.0000   0.0000   0.0000
    3353  -5.0466   5.0948  19.9643   0.0000   0.0000   0.0000
    3354  -2.6813   4.9682  18.8977   0.0000   0.0000   0.0000
    3355  -2.8199   5.0751  21.2015   0.0000   0.0000   0.0000
    3356  -2.7110   4.4868  19.3995   0.0000   0.0000   0.0000
    3357  -3.2803   4.4242  19.3347   0.0000   0.0000   0.0000
    3358  -3.9843   4.1109  19.1705   0.0000   0.0000   0.0000
    3359  -3.3619   4.6414  18.5678   0.0000   0.0000   0.0000
    3360  -4.2163   4.9443  17.9778   0.0000   0.0000   0.0000
    3361  -2.5848   4.5158  18.5681   0.0000   0.0000   0.0000
    3362  -3.9158   4.7835  20.1980   0.0000   0.0000   0.0000
    3363  -3.5282   4.6846  18.7165   0.0000   0.0000   0.0000
    3364  -3.6305   4.8183  19.4213   0.0000   0.0000   0.0000
    3365  -3.9882   4.5624  19.2607   0.0000   0.0000   0.0000
    3366  -4.3659   4.2453  19.5616   0.0000   0.0000   0.0000
    3367  -3.7063   4.3152  19.4938   0.0000   0.0000   0.0000
    3368  -2.1689   3.8607  20.2522   0.0000   0.0000   0.0000
    3369  -4.4986   5.2267  20.0646   0.0000   0.0000   0.0000
    3370  -4.3939   4.5563  20.7084   0.0000   0.0000   0.0000
    3371  -3.6722   4.6516  21.0678   0.0000   0.0000   0.0000
    3372  -2.9214   4.1834  19.5424   0.0000   0.0000   0.0000
    3373  -3.0314   4.9507  19.2269   0.0000   0.0000   0.0000
    3374  -2.2871   4.0903  21.4397   0.0000   0.0000   0.0000
    3375  -2.9325   3.9642  19.6210   0.0000   0.0000   0.0000
    3376  -2.2347   3.4793  20.0364   0.0000   0.0000   0.0000
    3377  -2.3213   2.6311  19.7409   0.0000   0.0000   0.0000
    3378  -2.4488   3.9904  19.1741   0.0000   0.0000   0.0000
    3379  -2.2351   4.5856  18.5421   0.0000   0.0000   0.0000
    3380  -3.0089   5.1936  19.6608   0.0000   0.0000   0.0000
    3381  -3.0496   4.4376  20.5167   0.0000   0.0000   0.0000
    3382  -2.8106   3.4831  18.8027   0.0000   0.0000   0.0000
    3383  -1.7232   3.8691  19.3682   0.0000   0.0000   0.0000
    3384  -1.3199   4.3909  19.4971   0.0000   0.0000   0.0000
    3385  -2.3009   3.6475  19.1383   0.0000   0.0000   0.0000
    3386  -2.0556   3.6102  19.2237   0.0000   0.0000   0.0000
    3387  -2.4508   3.6240  18.9579   0.0000   0.0000   0.0000
    3388  -2.2973   2.6670  18.3949   0.0000   0.0000   0.0000
    3389  -2.6932   3.3764  19.2398   0.0000   0.0000   0.0000
    3390  -2.7437   3.7997  20.0297   0.0000   0.0000   0.0000
    3391  -2.6899   3.4774  20.2763   0.0000   0.0000   0.0000
    3392  -2.2926   2.9610  19.4611   0.0000   0.0000   0.0000
    3393  -1.8797   4.1287  19.3110   0.0000   0.0000   0.0000
    3394  -3.4961   3.4846  19.0948   0.0000   0.0000   0.0000
    3395  -2.1443   4.3041  18.6318   0.0000   0.0000   0.0000
    3396  -0.5714   4.1282  17.9191   0.0000   0.0000   0.0000
    3397  -0.3839   5.0189  18.3836   0.0000   0.0000   0.0000
    3398  -1.0269   4.9129  19.7112   0.0000   0.0000   0.0000
    3399   0.0255   4.2848  19.4796   0.0000   0.0000   0.0000
    3400  -2.2098   3.2725  20.7164   0.0000   0.0000   0.0000
    3401  -2.9280   4.5643  20.8099   0.0000   0.0000   0.0000
    3402  -1.1712   3.5968  19.4400   0.0000   0.0000   0.0000
    3403  -1.2175   3.3876  20.6602   0.0000   0.0000   0.0000
    3404  -1.1967   3.6376  20.2552   0.0000   0.0000   0.0000
    3405  -1.6395   3.2509  20.9729   0.0000   0.0000   0.0000
    3406  -0.8172   3.6338  20.0377   0.0000   0.0000   0.0000
    3407  -2.0179   3.1005  18.5112   0.0000   0.0000   0.0000
    3408  -0.3758   3.7316  19.6890   0.0000   0.0000   0.0000
    3409   0.1832   3.9198  17.9866   0.0000   0.0000   0.0000
    3410  -1.5654   3.6688  19.8208   0.0000   0.0000   0.0000
    3411  -1.0348   4.0782  19.1812   0.0000   0.0000   0.0000
    3412  -1.8112   3.1397  19.0016   0.0000   0.0000   0.0000
    3413  -2.8456   2.8036  18.4405   0.0000   0.0000   0.0000
    3414  -1.7003   2.3541  19.5372   0.0000   0.0000   0.0000
    3415  -1.6055   2.2828  20.4751   0.0000   0.0000   0.0000
    3416  -1.8400   3.1420  18.5468   0.0000   0.0000   0.0000
    3417  -2.7429   2.8592  18.4688   0.0000   0.0000   0.0000
    3418  -1.9183   2.5995  18.7253   0.0000   0.0000   0.0000
    3419  -2.1295   2.7081  17.8435   0.0000   0.0000   0.0000
    3420  -3.4063   2.7721  17.3457   0.0000   0.0000   0.0000
    3421  -3.0165   2.9374  17.5282   0.0000   0.0000   0.0000
    3422  -2.7207   2.7216  17.5245   0.0000   0.0000   0.0000
    3423  -2.6338   2.2979  17.2189   0.0000   0.0000   0.0000
    3424  -3.3803   3.1855  18.4446   0.0000   0.0000   0.0000
    3425  -3.2318   2.9445  17.1980   0.0000   0.0000   0.0000
    3426  -3.6622   3.7487  18.4800   0.0000   0.0000   0.0000
    3427  -5.0094   3.9282  18.3381   0.0000   0.0000   0.0000
    3428  -4.6564   3.1546  18.6662   0.0000   0.0000   0.0000
    3429  -4.2016   2.8992  18.6525   0.0000   0.0000   0.0000
    3430  -4.3338   2.9451  17.9927   0.0000   0.0000   0.0000
    3431  -2.3961   4.0551  19.0239   0.0000   0.0000   0.0000
    3432  -3.9165   2.9063  19.0971   0.0000   0.0000   0.0000
    3433  -4.2915   2.9129  18.0015   0.0000   0.0000   0.0000
    3434  -3.1925   3.7237  17.7278   0.0000   0.0000   0.0000
    3435  -3.7928   3.9776  18.7497   0.0000   0.0000   0.0000
    3436  -3.2437   3.8678  18.7071   0.0000   0.0000   0.0000
    3437  -4.3412   4.2484  19.9559   0.0000   0.0000   0.0000
    3438  -3.5991   4.5956  19.5035   0.0000   0.0000   0.0000
    3439  -3.0943   3.2651  18.3717   0.0000   0.0000   0.0000
    3440  -5.3983   4.1613  18.6993   0.0000   0.0000   0.0000
    3441  -3.8224   5.0987  16.1287   0.0000   0.0000   0.0000
    3442  -4.1908   5.1209  17.9224   0.0000   0.0000   0.0000
    3443  -3.8477   4.9896  17.7759   0.0000   0.0000   0.0000
    3444  -4.3397   3.3452  18.4584   0.0000   0.0000   0.0000
    3445  -4.4301   3.9862  18.9483   0.0000   0.0000   0.0000
    3446  -4.2744   4.1610  17.7887   0.0000   0.0000   0.0000
    3447  -3.6459   4.8175  19.9939   0.0000   0.0000   0.0000
    3448  -4.7557   5.0822  19.0459   0.0000   0.0000   0.0000
    3449  -5.3081   4.8652  18.6740   0.0000   0.0000   0.0000
    3450  -5.2436   4.6380  17.9839   0.0000   0.0000   0.0000
    3451  -4.3439   5.1022  18.7092   0.0000   0.0000   0.0000
    3452  -3.1783   4.9441  18.5500   0.0000   0.0000   0.0000
    3453  -3.1231   4.6533  18.8163   0.0000   0.0000   0.0000
    3454  -1.6066   5.7268  16.4180   0.0000   0.0000   0.0000
    3455  -3.0133   5.1713  16.2547   0.0000   0.0000   0.0000
    3456  -3.8461   4.8711  17.1389   0.0000   0.0000   0.0000
    3457  -3.4990   3.6563  17.9267   0.0000   0.0000   0.0000
    3458  -2.2177   3.2104  18.7873   0.0000   0.0000   0.0000
    3459  -3.0193   3.9943  16.7987   0.0000   0.0000   0.0000
    3460  -3.6515   4.5469  18.2379   0.0000   0.0000   0.0000
    3461  -2.6718   3.9976  18.0497   0.0000   0.0000   0.0000
    3462  -3.3954   3.4764  17.6404   0.0000   0.0000   0.0000
    3463  -4.0689   2.9581  16.7180   0.0000   0.0000   0.0000
    3464  -3.9206   2.3259  17.6300   0.0000   0.0000   0.0000
    3465  -3.6343   2.3334  16.7978   0.0000   0.0000   0.0000
    3466  -2.7664   2.6450  18.2823   0.0000   0.0000   0.0000
    3467  -3.7611   2.9362  16.7636   0.0000   0.0000   0.0000
    3468  -4.0537   2.7026  17.2658   0.0000   0.0000   0.0000
    3469  -4.0704   2.5095  17.6265   0.0000   0.0000   0.0000
    3470  -4.4832   3.0240  16.6987   0.0000   0.0000   0.0000
    3471  -3.6572   2.9118  16.3545   0.0000   0.0000   0.0000
    3472  -3.9656   2.9405  16.6613   0.0000   0.0000   0.0000
    3473  -2.8419   1.2350  17.7448   0.0000   0.0000   0.0000
    3474  -3.2876   2.0405  17.3963   0.0000   0.0000   0.0000
    3475  -3.6960   1.9659  17.8631   0.0000   0.0000   0.0000
    3476  -3.5440   3.0640  17.5707   0.0000   0.0000   0.0000
    3477  -4.7179   1.8265  19.0176   0.0000   0.0000   0.0000
    3478  -3.1047   1.6448  17.4202   0.0000   0.0000   0.0000
    3479  -4.6540   1.4501  18.8216   0.0000   0.0000   0.0000
    3480  -3.6040   2.8831  18.5262   0.0000   0.0000   0.0000
    3481  -5.1581   2.5721  18.7299   0.0000   0.0000   0.0000
    3482  -3.7157   3.7065  18.8550   0.0000   0.0000   0.0000
    3483  -4.2933   2.5470  19.7597   0.0000   0.0000   0.0000
    3484  -4.6423   2.2737  18.5449   0.0000   0.0000   0.0000
    3485  -4.7845   3.0559  19.8065   0.0000   0.0000   0.0000
    3486  -4.3535   1.5875  18.7777   0.0000   0.0000   0.0000
    3487  -4.6999   3.6467  19.7327   0.0000   0.0000   0.0000
    3488  -3.2889   2.9234  17.6279   0.0000   0.0000   0.0000
    3489  -4.4397   3.2197  18.8535   0.0000   0.0000   0.0000
    3490  -4.5479   2.6058  18.4337   0.0000   0.0000   0.0000
    3491  -4.5098   2.2318  17.6126   0.0000   0.0000   0.0000
    3492  -3.2018   2.9294  19.9783   0.0000   0.0000   0.0000
    3493  -3.9436   2.9673  19.1510   0.0000   0.0000   0.0000
    3494  -4.8577   3.7782  19.2662   0.0000   0.0000   0.0000
    3495  -4.9079   2.7235  20.3026   0.0000   0.0000   0.0000
    3496  -3.4467   3.0919  19.7920   0.0000   0.0000   0.0000
    3497  -3.6210   3.2188  17.1485   0.0000   0.0000   0.0000
    3498  -4.0001   2.0604  18.1009   0.0000   0.0000   0.0000
    3499  -3.8215   2.3937  17.9822   0.0000   0.0000   0.0000
    3500  -4.6378   1.9342  18.1335   0.0000   0.0000   0.0000
    3501  -5.8244   2.5811  20.0509   0.0000   0.0000   0.0000
    3502  -4.8791   3.0613  18.8222   0.0000   0.0000   0.0000
    3503  -4.7640   2.0098  19.7063   0.0000   0.0000   0.0000
    3504  -3.3576   1.3863  19.9524   0.0000   0.0000   0.0000
    3505  -3.5979   2.1353  18.2612   0.0000   0.0000   0.0000
    3506  -4.7892   1.3928  18.2010   0.0000   0.0000   0.0000
    3507  -4.4654   1.0037  18.9542   0.0000   0.0000   0.0000
    3508  -3.9935   1.4138  18.2539   0.0000   0.0000   0.0000
    3509  -4.2832   2.9211  18.5797   0.0000   0.0000   0.0000
    3510  -3.5953   1.4905  17.7704   0.0000   0.0000   0.0000
    3511  -4.5493   1.9475  19.0442   0.0000   0.0000   0.0000
    3512  -4.1400   2.8834  19.0682   0.0000   0.0000   0.0000
    3513  -3.9148   2.4068  17.6015   0.0000   0.0000   0.0000
    3514  -5.5555   2.3882  16.9464   0.0000   0.0000   0.0000
    3515  -5.6168   1.7166  18.9312   0.0000   0.0000   0.0000
    3516  -5.6879   1.8358  18.6619   0.0000   0.0000   0.0000
    3517  -5.2912   2.1181  17.8152   0.0000   0.0000   0.0000
    3518  -5.4778   2.1077  16.8514   0.0000   0.0000   0.0000
    3519  -3.2990   2.2826  17.4417   0.0000   0.0000   0.0000
    3520  -4.1458   2.1823  15.8958   0.0000   0.0000   0.0000
    3521  -4.7984   2.1402  16.3621   0.0000   0.0000   0.0000
    3522  -3.5659   2.7516  15.6963   0.0000   0.0000   0.0000
    3523  -3.5940   1.9555  17.2294   0.0000   0.0000   0.0000
    3524  -4.5048   2.5782  17.5739   0.0000   0.0000   0.0000
    3525  -5.1155   1.8241  17.4177   0.0000   0.0000   0.0000
    3526  -4.4076   1.3762  17.5012   0.0000   0.0000   0.0000
    3527  -4.3430   1.9370  17.5743   0.0000   0.0000   0.0000
    3528  -5.0178   1.7553  17.0429   0.0000   0.0000   0.0000
    3529  -4.6265   1.4640  17.5510   0.0000   0.0000   0.0000
    3530  -5.1480   1.3569  17.3537   0.0000   0.0000   0.0000
    3531  -4.7535   1.0910  18.1896   0.0000   0.0000   0.0000
    3532  -4.2172   1.6341  19.1627   0.0000   0.0000   0.0000
    3533  -5.2638   1.0853  19.5603   0.0000   0.0000   0.0000
    3534  -4.6762   0.7935  19.6522   0.0000   0.0000   0.0000
    3535  -5.7366   0.8280  18.8250   0.0000   0.0000   0.0000
    3536  -5.1904   1.2126  18.7011   0.0000   0.0000   0.0000
    3537  -4.6223   1.0592  18.8981   0.0000   0.0000   0.0000
    3538  -5.0764   1.2991  18.6426   0.0000   0.0000   0.0000
    3539  -5.0381   1.0454  18.9262   0.0000   0.0000   0.0000
    3540  -6.0140   1.4848  19.6515   0.0000   0.0000   0.0000
    3541  -5.0492   1.7870  17.9543   0.0000   0.0000   0.0000
    3542  -5.9477   2.0808  19.2880   0.0000   0.0000   0.0000
    3543  -6.0219   1.8284  18.2206   0.0000   0.0000   0.0000
    3544  -6.1903   1.2705  19.9302   0.0000   0.0000   0.0000
    3545  -5.7817   1.2835  18.7197   0.0000   0.0000   0.0000
    3546  -6.3594   1.4912  19.4085   0.0000   0.0000   0.0000
    3547  -6.0229   1.1276  17.5987   0.0000   0.0000   0.0000
    3548  -6.3975   1.1060  17.6685   0.0000   0.0000   0.0000
    3549  -6.1968   1.0727  17.9307   0.0000   0.0000   0.0000
    3550  -6.8600   0.6025  17.5760   0.0000   0.0000   0.0000
    3551  -5.4466   1.2993  18.1598   0.0000   0.0000   0.0000
    3552  -6.9096   1.3842  18.0661   0.0000   0.0000   0.0000
    3553  -6.8703   0.9868  19.1448   0.0000   0.0000   0.0000
    3554  -7.3088   1.4319  17.8344   0.0000   0.0000   0.0000
    3555  -6.4142   0.6651  17.6057   0.0000   0.0000   0.0000
    3556  -6.2089   0.6981  18.5114   0.0000   0.0000   0.0000
    3557  -5.8264   1.2263  18.5513   0.0000   0.0000   0.0000
    3558  -7.1082  -0.0237  17.8292   0.0000   0.0000   0.0000
    3559  -5.9458   1.8985  18.1807   0.0000   0.0000   0.0000
    3560  -6.5953   0.6857  19.4228   0.0000   0.0000   0.0000
    3561  -6.3519   0.5990  18.9103   0.0000   0.0000   0.0000
    3562  -6.3914   1.4993  16.7970   0.0000   0.0000   0.0000
    3563  -5.7687   0.9322  17.6461   0.0000   0.0000   0.0000
    3564  -5.9257   0.0220  17.9787   0.0000   0.0000   0.0000
    3565  -5.7428   0.5661  18.5237   0.0000   0.0000   0.0000
    3566  -5.7477   1.1190  18.8220   0.0000   0.0000   0.0000
    3567  -6.6251   1.1231  18.5297   0.0000   0.0000   0.0000
    3568  -6.3692   1.3562  17.3473   0.0000   0.0000   0.0000
    3569  -5.6025   0.3783  17.9856   0.0000   0.0000   0.0000
    3570  -5.9156   0.8500  18.1048   0.0000   0.0000   0.0000
    3571  -5.0151   1.1419  18.0952   0.0000   0.0000   0.0000
    3572  -4.8424   0.6860  17.9020   0.0000   0.0000   0.0000
    3573  -4.5595   0.5888  18.3987   0.0000   0.0000   0.0000
    3574  -5.6856   1.0835  18.8561   0.0000   0.0000   0.0000
    3575  -5.9546   1.4595  18.2969   0.0000   0.0000   0.0000
    3576  -5.9646   1.4416  17.8790   0.0000   0.0000   0.0000
    3577  -5.6214   0.9982  18.3550   0.0000   0.0000   0.0000
    3578  -5.8105   2.0237  18.5694   0.0000   0.0000   0.0000
    3579  -4.6509   1.2754  17.5090   0.0000   0.0000   0.0000
    3580  -5.5111   1.6626  18.4588   0.0000   0.0000   0.0000
    3581  -4.6488   2.3356  17.4077   0.0000   0.0000   0.0000
    3582  -6.2755   0.7409  19.5887   0.0000   0.0000   0.0000
    3583  -6.1748   0.4866  17.2632   0.0000   0.0000   0.0000
    3584  -7.1367   0.4497  18.9068   0.0000   0.0000   0.0000
    3585  -6.6841   0.2320  18.8810   0.0000   0.0000   0.0000
    3586  -6.3458   0.1652  18.3386   0.0000   0.0000   0.0000
    3587  -6.2442   0.3142  19.2179   0.0000   0.0000   0.0000
    3588  -4.7223   0.4610  19.0597   0.0000   0.0000   0.0000
    3589  -5.1674   1.0555  19.1865   0.0000   0.0000   0.0000
    3590  -5.6857   1.5635  19.9792   0.0000   0.0000   0.0000
    3591  -5.5049   0.3135  19.1294   0.0000   0.0000   0.0000
    3592  -5.1883   2.0937  17.7731   0.0000   0.0000   0.0000
    3593  -6.4335   1.3061  18.8360   0.0000   0.0000   0.0000
    3594  -6.3927   0.8380  17.8137   0.0000   0.0000   0.0000
    3595  -4.8714   1.0661  17.6249   0.0000   0.0000   0.0000
    3596  -5.9520   1.4927  18.5700   0.0000   0.0000   0.0000
    3597  -6.2863   0.4659  20.0787   0.0000   0.0000   0.0000
    3598  -6.2092   0.6461  19.3946   0.0000   0.0000   0.0000
    3599  -6.6408  -0.7889  20.0691   0.0000   0.0000   0.0000
    3600  -5.8452  -1.0119  19.1108   0.0000   0.0000   0.0000
    3601  -5.3990  -0.3537  19.5433   0.0000   0.0000   0.0000
    3602  -6.0854  -0.2510  18.9742   0.0000   0.0000   0.0000
    3603  -6.0738  -0.0723  18.3967   0.0000   0.0000   0.0000
    3604  -5.3030  -0.4029  20.1459   0.0000   0.0000   0.0000
    3605  -5.3934  -1.0322  19.3094   0.0000   0.0000   0.0000
    3606  -6.0879  -1.1881  18.5208   0.0000   0.0000   0.0000
    3607  -5.7736  -0.5121  19.9437   0.0000   0.0000   0.0000
    3608  -5.7717  -0.2519  19.9888   0.0000   0.0000   0.0000
    3609  -5.2560  -0.4580  19.9856   0.0000   0.0000   0.0000
    3610  -5.9136  -0.1666  21.1076   0.0000   0.0000   0.0000
    3611  -6.5150   0.4897  19.5420   0.0000   0.0000   0.0000
    3612  -4.7198   0.5300  18.9331   0.0000   0.0000   0.0000
    3613  -5.1336  -0.1899  19.3885   0.0000   0.0000   0.0000
    3614  -5.9294  -0.4547  19.3463   0.0000   0.0000   0.0000
    3615  -5.1908  -0.7428  20.5262   0.0000   0.0000   0.0000
    3616  -5.3887   0.1343  20.4308   0.0000   0.0000   0.0000
    3617  -7.2045   0.5349  21.9316   0.0000   0.0000   0.0000
    3618  -4.2675   0.1780  19.8660   0.0000   0.0000   0.0000
    3619  -4.9496   0.7388  20.3964   0.0000   0.0000   0.0000
    3620  -4.9805   0.8955  19.6250   0.0000   0.0000   0.0000
    3621  -4.9251   0.4329  19.5526   0.0000   0.0000   0.0000
    3622  -5.5999   1.1536  21.3691   0.0000   0.0000   0.0000
    3623  -5.2093  -0.3201  22.1836   0.0000   0.0000   0.0000
    3624  -5.3999  -1.3871  20.4892   0.0000   0.0000   0.0000
    3625  -5.4154  -0.6457  20.9658   0.0000   0.0000   0.0000
    3626  -5.3690  -0.0826  20.1105   0.0000   0.0000   0.0000
    3627  -5.7701   0.0232  20.8778   0.0000   0.0000   0.0000
    3628  -6.5900   0.1477  19.2960   0.0000   0.0000   0.0000
    3629  -5.7461  -0.0523  19.0672   0.0000   0.0000   0.0000
    3630  -5.2003   0.6740  19.0656   0.0000   0.0000   0.0000
    3631  -5.1781   0.0969  19.5251   0.0000   0.0000   0.0000
    3632  -6.0751  -1.1596  18.7055   0.0000   0.0000   0.0000
    3633  -6.2979  -0.3611  19.7930   0.0000   0.0000   0.0000
    3634  -5.8041  -0.0985  19.9184   0.0000   0.0000   0.0000
    3635  -7.1581   0.1053  19.8818   0.0000   0.0000   0.0000
    3636  -7.0884   0.2500  19.5152   0.0000   0.0000   0.0000
    3637  -8.8631   0.0935  19.6684   0.0000   0.0000   0.0000
    3638  -6.3705   0.3130  19.8463   0.0000   0.0000   0.0000
    3639  -6.0787   0.6822  19.4885   0.0000   0.0000   0.0000
    3640  -7.7081  -0.5578  19.1385   0.0000   0.0000   0.0000
    3641  -5.7241   0.9233  18.9413   0.0000   0.0000   0.0000
    3642  -6.8644   0.4193  19.5712   0.0000   0.0000   0.0000
    3643  -8.1665   0.9484  19.4501   0.0000   0.0000   0.0000
    3644  -8.2415   0.9195  19.2570   0.0000   0.0000   0.0000
    3645  -6.9604   0.2013  18.9437   0.0000   0.0000   0.0000
    3646  -6.7179   0.1826  19.2908   0.0000   0.0000   0.0000
    3647  -8.1569   0.3085  19.7739   0.0000   0.0000   0.0000
    3648  -6.4858   0.6632  18.9406   0.0000   0.0000   0.0000
    3649  -7.4578   0.4015  18.7284   0.0000   0.0000   0.0000
    3650  -7.1306   0.7663  18.9587   0.0000   0.0000   0.0000
    3651  -7.3384   1.5737  18.1757   0.0000   0.0000   0.0000
    3652  -6.5067   0.5753  18.7847   0.0000   0.0000   0.0000
    3653  -7.3926   2.3305  19.7538   0.0000   0.0000   0.0000
    3654  -7.0149   1.1858  19.1473   0.0000   0.0000   0.0000
    3655  -6.2724   0.2670  19.5040   0.0000   0.0000   0.0000
    3656  -7.4000   0.7996  19.4721   0.0000   0.0000   0.0000
    3657  -5.7211   0.6788  19.0197   0.0000   0.0000   0.0000
    3658  -5.7997   1.7729  18.2456   0.0000   0.0000   0.0000
    3659  -6.7732   0.9595  19.4412   0.0000   0.0000   0.0000
    3660  -6.3888   1.1103  19.5900   0.0000   0.0000   0.0000
    3661  -6.4601   0.6511  18.8746   0.0000   0.0000   0.0000
    3662  -6.8697   1.3094  19.1604   0.0000   0.0000   0.0000
    3663  -6.5351   1.5501  18.8379   0.0000   0.0000   0.0000
    3664  -6.9145   0.1032  19.1669   0.0000   0.0000   0.0000
    3665  -6.3775   0.4858  19.3832   0.0000   0.0000   0.0000
    3666  -7.2809   1.6613  19.0224   0.0000   0.0000   0.0000
    3667  -6.7538   0.7257  19.3919   0.0000   0.0000   0.0000
    3668  -6.5587   0.9058  18.5712   0.0000   0.0000   0.0000
    3669  -6.1895   1.4072  19.0505   0.0000   0.0000   0.0000
    3670  -6.4756   1.4090  19.2881   0.0000   0.0000   0.0000
    3671  -6.9243   1.2146  18.1515   0.0000   0.0000   0.0000
    3672  -6.6878   0.6950  18.4140   0.0000   0.0000   0.0000
    3673  -6.4562   0.3132  18.3752   0.0000   0.0000   0.0000
    3674  -7.1781   0.4213  17.9325   0.0000   0.0000   0.0000
    3675  -6.2194   0.1754  18.5564   0.0000   0.0000   0.0000
    3676  -6.1973   0.7108  18.3749   0.0000   0.0000   0.0000
    3677  -6.1326   1.4734  18.4682   0.0000   0.0000   0.0000
    3678  -6.4842   1.3776  16.9503   0.0000   0.0000   0.0000
    3679  -6.1136   0.6616  18.7430   0.0000   0.0000   0.0000
    3680  -6.2941  -0.1239  19.0410   0.0000   0.0000   0.0000
    3681  -6.4649   0.3437  18.6576   0.0000   0.0000   0.0000
    3682  -6.1073   1.4348  19.3952   0.0000   0.0000   0.0000
    3683  -5.9030   0.9800  18.9609   0.0000   0.0000   0.0000
    3684  -6.7811   1.1229  18.3996   0.0000   0.0000   0.0000
    3685  -7.2020   0.5213  18.9984   0.0000   0.0000   0.0000
    3686  -6.4267   0.8417  19.4137   0.0000   0.0000   0.0000
    3687  -5.7505   2.2047  19.4824   0.0000   0.0000   0.0000
    3688  -6.5266   2.4567  18.7580   0.0000   0.0000   0.0000
    3689  -6.6442   1.6453  19.5749   0.0000   0.0000   0.0000
    3690  -6.3545   2.3180  18.6780   0.0000   0.0000   0.0000
    3691  -5.6589   2.7873  19.2771   0.0000   0.0000   0.0000
    3692  -6.8462   2.2949  19.6297   0.0000   0.0000   0.0000
    3693  -6.1088   0.4514  18.7949   0.0000   0.0000   0.0000
    3694  -6.8686   0.2188  19.2340   0.0000   0.0000   0.0000
    3695  -7.0483   1.3631  18.7649   0.0000   0.0000   0.0000
    3696  -7.3767   1.1101  20.2338   0.0000   0.0000   0.0000
    3697  -6.8950   1.3146  19.6906   0.0000   0.0000   0.0000
    3698  -6.5399   0.5975  19.7119   0.0000   0.0000   0.0000
    3699  -6.4436   2.7132  19.5491   0.0000   0.0000   0.0000
    3700  -7.0349   1.4878  19.5340   0.0000   0.0000   0.0000
    3701  -5.8548   2.7458  18.6196   0.0000   0.0000   0.0000
    3702  -6.9595   2.0304  20.0584   0.0000   0.0000   0.0000
    3703  -6.6197   2.5255  20.5222   0.0000   0.0000   0.0000
    3704  -6.3943   2.3526  19.5050   0.0000   0.0000   0.0000
    3705  -5.0482   2.8150  19.3000   0.0000   0.0000   0.0000
    3706  -6.9875   2.3790  20.0690   0.0000   0.0000   0.0000
    3707  -7.4098   1.3642  18.9153   0.0000   0.0000   0.0000
    3708  -7.3015   2.2996  18.9872   0.0000   0.0000   0.0000
    3709  -7.5234   2.4264  19.3451   0.0000   0.0000   0.0000
    3710  -6.8660   1.2767  19.5843   0.0000   0.0000   0.0000
    3711  -6.8571   1.6475  19.5334   0.0000   0.0000   0.0000
    3712  -6.5156   1.5639  19.2785   0.0000   0.0000   0.0000
    3713  -6.8468   2.4049  19.4863   0.0000   0.0000   0.0000
    3714  -7.4172   2.2105  19.5605   0.0000   0.0000   0.0000
    3715  -6.8951   1.5258  19.5813   0.0000   0.0000   0.0000
    3716  -7.3822   2.3913  19.1260   0.0000   0.0000   0.0000
    3717  -6.6608   2.0875  19.7290   0.0000   0.0000   0.0000
    3718  -7.0863   2.1152  20.2383   0.0000   0.0000   0.0000
    3719  -6.7931   1.6728  20.4397   0.0000   0.0000   0.0000
    3720  -7.5016   1.0989  20.4227   0.0000   0.0000   0.0000
    3721  -6.7799   1.6362  20.1257   0.0000   0.0000   0.0000
    3722  -7.1548   1.8745  19.8683   0.0000   0.0000   0.0000
    3723  -6.2364   0.9633  19.2891   0.0000   0.0000   0.0000
    3724  -6.9431   1.2848  19.9278   0.0000   0.0000   0.0000
    3725  -7.0009   2.1601  19.2168   0.0000   0.0000   0.0000
    3726  -7.5613   1.7569  19.2770   0.0000   0.0000   0.0000
    3727  -7.7507   2.6257  19.6502   0.0000   0.0000   0.0000
    3728  -7.9024   1.9445  19.2597   0.0000   0.0000   0.0000
    3729  -8.0894   1.5056  19.6857   0.0000   0.0000   0.0000
    3730  -7.7290   2.4011  18.6285   0.0000   0.0000   0.0000
    3731  -8.5280   2.5544  18.1011   0.0000   0.0000   0.0000
    3732  -8.7375   1.4511  18.5071   0.0000   0.0000   0.0000
    3733  -8.1289   1.6499  18.2522   0.0000   0.0000   0.0000
    3734  -9.5066   1.5434  18.8398   0.0000   0.0000   0.0000
    3735  -8.3815   2.2922  18.0819   0.0000   0.0000   0.0000
    3736  -7.7563   1.8564  18.1347   0.0000   0.0000   0.0000
    3737  -7.6755   1.6340  17.6922   0.0000   0.0000   0.0000
    3738  -7.7162   1.9066  19.1268   0.0000   0.0000   0.0000
    3739  -7.3478   1.6928  17.7702   0.0000   0.0000   0.0000
    3740  -6.4880   1.0957  19.4665   0.0000   0.0000   0.0000
    3741  -6.4363   1.0573  19.5179   0.0000   0.0000   0.0000
    3742  -7.5038   1.3072  18.9703   0.0000   0.0000   0.0000
    3743  -7.1741   1.2988  18.9586   0.0000   0.0000   0.0000
    3744  -6.4452   0.5498  19.1255   0.0000   0.0000   0.0000
    3745  -7.1796   1.7326  19.4255   0.0000   0.0000   0.0000
    3746  -6.2832   1.3036  18.2388   0.0000   0.0000   0.0000
    3747  -5.9736   1.4033  18.7869   0.0000   0.0000   0.0000
    3748  -7.0242   1.4945  19.0902   0.0000   0.0000   0.0000
    3749  -6.2548   1.0630  19.9880   0.0000   0.0000   0.0000
    3750  -5.9687   0.7213  19.7924   0.0000   0.0000   0.0000
    3751  -5.8038   0.8817  18.8267   0.0000   0.0000   0.0000
    3752  -7.0785   1.8581  18.8937   0.0000   0.0000   0.0000
    3753  -5.6780   2.1627  20.6947   0.0000   0.0000   0.0000
    3754  -5.5954   1.8542  20.1823   0.0000   0.0000   0.0000
    3755  -7.1453   2.9762  20.9969   0.0000   0.0000   0.0000
    3756  -5.6516   1.6565  19.6043   0.0000   0.0000   0.0000
    3757  -6.1355   0.8745  20.6814   0.0000   0.0000   0.0000
    3758  -5.7014   0.9036  20.3049   0.0000   0.0000   0.0000
    3759  -6.1087   2.1893  19.6384   0.0000   0.0000   0.0000
    3760  -6.6667   3.2754  19.8960   0.0000   0.0000   0.0000
    3761  -5.8339   2.7085  20.0412   0.0000   0.0000   0.0000
    3762  -5.3213   3.4057  20.3326   0.0000   0.0000   0.0000
    3763  -4.5639   3.1070  20.2849   0.0000   0.0000   0.0000
    3764  -5.5284   3.5480  19.8874   0.0000   0.0000   0.0000
    3765  -5.4312   3.4994  20.1544   0.0000   0.0000   0.0000
    3766  -3.9039   3.8141  20.5055   0.0000   0.0000   0.0000
    3767  -4.3706   2.5938  21.1108   0.0000   0.0000   0.0000
    3768  -4.4526   3.3749  21.1478   0.0000   0.0000   0.0000
    3769  -4.7994   2.6966  21.0517   0.0000   0.0000   0.0000
    3770  -5.4461   2.1267  20.6114   0.0000   0.0000   0.0000
    3771  -5.0236   2.6849  20.9409   0.0000   0.0000   0.0000
    3772  -6.2216   2.6432  21.3991   0.0000   0.0000   0.0000
    3773  -5.2557   2.9106  21.7591   0.0000   0.0000   0.0000
    3774  -7.0824   4.2845  21.2112   0.0000   0.0000   0.0000
    3775  -5.4832   3.4810  22.5479   0.0000   0.0000   0.0000
    3776  -6.3266   2.6820  22.3626   0.0000   0.0000   0.0000
    3777  -5.3731   3.7002  21.9635   0.0000   0.0000   0.0000
    3778  -4.8090   2.4199  20.5214   0.0000   0.0000   0.0000
    3779  -5.2139   3.6577  19.7866   0.0000   0.0000   0.0000
    3780  -4.4982   2.0193  19.8246   0.0000   0.0000   0.0000
    3781  -6.6089   2.2620  19.4138   0.0000   0.0000   0.0000
    3782  -5.6821   2.9877  19.3280   0.0000   0.0000   0.0000
    3783  -4.8036   3.2160  20.1492   0.0000   0.0000   0.0000
    3784  -5.9695   3.3828  20.7601   0.0000   0.0000   0.0000
    3785  -4.6703   2.7538  19.4765   0.0000   0.0000   0.0000
    3786  -4.8904   3.1568  18.4531   0.0000   0.0000   0.0000
    3787  -5.8617   3.0025  19.9806   0.0000   0.0000   0.0000
    3788  -5.8220   2.2991  19.8371   0.0000   0.0000   0.0000
    3789  -5.2476   3.2905  19.9591   0.0000   0.0000   0.0000
    3790  -3.7968   3.2225  20.8917   0.0000   0.0000   0.0000
    3791  -4.3612   2.6429  19.6013   0.0000   0.0000   0.0000
    3792  -4.5177   1.5679  21.4343   0.0000   0.0000   0.0000
    3793  -5.0333   3.2215  21.4291   0.0000   0.0000   0.0000
    3794  -5.3249   2.3118  21.8745   0.0000   0.0000   0.0000
    3795  -7.0775   2.0140  22.2852   0.0000   0.0000   0.0000
    3796  -7.0895   3.8626  22.0843   0.0000   0.0000   0.0000
    3797  -5.4356   2.0686  19.8855   0.0000   0.0000   0.0000
    3798  -4.9850   1.9669  22.4642   0.0000   0.0000   0.0000
    3799  -3.7797   3.1196  22.0499   0.0000   0.0000   0.0000
    3800  -6.1268   3.8100  22.0453   0.0000   0.0000   0.0000
    3801  -6.5988   3.7349  21.5074   0.0000   0.0000   0.0000
    3802  -5.6946   3.3606  22.5543   0.0000   0.0000   0.0000
    3803  -6.6644   3.9270  21.9651   0.0000   0.0000   0.0000
    3804  -6.8687   3.3909  21.4224   0.0000   0.0000   0.0000
    3805  -6.7101   3.2550  22.3280   0.0000   0.0000   0.0000
    3806  -5.9228   3.6437  21.7352   0.0000   0.0000   0.0000
    3807  -6.4073   3.8862  22.0196   0.0000   0.0000   0.0000
    3808  -6.5326   3.6977  21.4354   0.0000   0.0000   0.0000
    3809  -5.6117   4.1077  21.3644   0.0000   0.0000   0.0000
    3810  -6.1389   4.9611  20.8201   0.0000   0.0000   0.0000
    3811  -5.8426   4.1939  21.1103   0.0000   0.0000   0.0000
    3812  -6.2953   4.4574  21.0225   0.0000   0.0000   0.0000
    3813  -6.1954   3.9494  21.5999   0.0000   0.0000   0.0000
    3814  -6.3416   3.1187  19.9408   0.0000   0.0000   0.0000
    3815  -6.4680   3.4618  20.7530   0.0000   0.0000   0.0000
    3816  -5.8363   3.7554  21.8650   0.0000   0.0000   0.0000
    3817  -5.7213   4.0509  21.8202   0.0000   0.0000   0.0000
    3818  -6.3324   4.4751  22.4825   0.0000   0.0000   0.0000
    3819  -7.9885   4.1624  21.6234   0.0000   0.0000   0.0000
    3820  -6.5673   4.8675  21.0804   0.0000   0.0000   0.0000
    3821  -7.0832   3.6539  21.7846   0.0000   0.0000   0.0000
    3822  -6.2756   4.6410  20.9574   0.0000   0.0000   0.0000
    3823  -6.8538   3.7212  20.1172   0.0000   0.0000   0.0000
    3824  -6.9905   3.9892  20.2386   0.0000   0.0000   0.0000
    3825  -7.2469   2.1699  21.3149   0.0000   0.0000   0.0000
    3826  -6.3393   3.0668  20.4190   0.0000   0.0000   0.0000
    3827  -5.1822   3.5485  21.6880   0.0000   0.0000   0.0000
    3828  -5.9576   2.4894  19.9683   0.0000   0.0000   0.0000
    3829  -4.3296   3.1383  20.2103   0.0000   0.0000   0.0000
    3830  -5.7697   2.3889  21.0039   0.0000   0.0000   0.0000
    3831  -5.3513   3.6236  19.7931   0.0000   0.0000   0.0000
    3832  -5.9465   2.8532  19.9242   0.0000   0.0000   0.0000
    3833  -6.2471   3.5692  20.4902   0.0000   0.0000   0.0000
    3834  -6.1801   3.1929  21.8699   0.0000   0.0000   0.0000
    3835  -6.2702   3.6946  20.8670   0.0000   0.0000   0.0000
    3836  -5.6437   3.7493  20.7043   0.0000   0.0000   0.0000
    3837  -5.1256   3.0894  21.0716   0.0000   0.0000   0.0000
    3838  -5.7645   2.5273  21.1115   0.0000   0.0000   0.0000
    3839  -5.8590   2.0415  20.0076   0.0000   0.0000   0.0000
    3840  -5.1873   3.1392  19.4022   0.0000   0.0000   0.0000
    3841  -6.5900   2.9417  21.2516   0.0000   0.0000   0.0000
    3842  -6.5499   1.5796  21.2704   0.0000   0.0000   0.0000
    3843  -5.4566   0.7267  20.4583   0.0000   0.0000   0.0000
    3844  -5.9033   1.3013  21.1986   0.0000   0.0000   0.0000
    3845  -5.9543   1.8274  22.1361   0.0000   0.0000   0.0000
    3846  -5.6640   0.4296  21.7930   0.0000   0.0000   0.0000
    3847  -4.9268   1.6382  21.8697   0.0000   0.0000   0.0000
    3848  -6.1907   1.7079  21.6464   0.0000   0.0000   0.0000
    3849  -4.6888   2.0488  22.2521   0.0000   0.0000   0.0000
    3850  -5.2924   2.1697  20.0043   0.0000   0.0000   0.0000
    3851  -5.2755   2.1258  20.2474   0.0000   0.0000   0.0000
    3852  -4.7836   2.4146  19.6822   0.0000   0.0000   0.0000
    3853  -5.5682   2.7232  19.5921   0.0000   0.0000   0.0000
    3854  -5.3272   2.6202  19.1307   0.0000   0.0000   0.0000
    3855  -4.7596   2.6630  19.4650   0.0000   0.0000   0.0000
    3856  -4.8913   2.4835  19.7310   0.0000   0.0000   0.0000
    3857  -6.6886   2.7412  19.8922   0.0000   0.0000   0.0000
    3858  -7.1644   2.7241  20.2273   0.0000   0.0000   0.0000
    3859  -7.8515   2.6247  19.7323   0.0000   0.0000   0.0000
    3860  -7.2302   2.2260  19.7618   0.0000   0.0000   0.0000
    3861  -7.9053   2.1940  19.3937   0.0000   0.0000   0.0000
    3862  -7.9681   2.9217  19.4973   0.0000   0.0000   0.0000
    3863  -8.3231   2.0721  19.7388   0.0000   0.0000   0.0000
    3864  -7.7346   2.2405  19.6274   0.0000   0.0000   0.0000
    3865  -5.6277   1.1782  19.0700   0.0000   0.0000   0.0000
    3866  -6.9211   1.7075  19.0963   0.0000   0.0000   0.0000
    3867  -7.3943   2.3401  18.7314   0.0000   0.0000   0.0000
    3868  -6.4907   2.0520  19.7551   0.0000   0.0000   0.0000
    3869  -6.0868   1.4343  19.6525   0.0000   0.0000   0.0000
    3870  -6.1934   1.8593  20.0800   0.0000   0.0000   0.0000
    3871  -5.4928   1.5889  20.4354   0.0000   0.0000   0.0000
    3872  -6.4032   1.9862  20.4384   0.0000   0.0000   0.0000
    3873  -5.8528   1.1230  20.9081   0.0000   0.0000   0.0000
    3874  -7.3666   0.5139  19.5690   0.0000   0.0000   0.0000
    3875  -7.3288   1.6765  20.6467   0.0000   0.0000   0.0000
    3876  -6.8791   1.6918  18.7711   0.0000   0.0000   0.0000
    3877  -8.2671   1.5632  20.1608   0.0000   0.0000   0.0000
    3878  -7.8993   2.1434  20.0259   0.0000   0.0000   0.0000
    3879  -8.3453   2.1897  20.2176   0.0000   0.0000   0.0000
    3880  -8.5121   1.1849  20.6185   0.0000   0.0000   0.0000
    3881  -7.9153   1.7961  20.0459   0.0000   0.0000   0.0000
    3882  -8.1473   1.1438  20.9046   0.0000   0.0000   0.0000
    3883  -8.3056   1.9178  19.6810   0.0000   0.0000   0.0000
    3884 -10.2099   1.7406  20.5682   0.0000   0.0000   0.0000
    3885  -9.4766   2.1893  20.6803   0.0000   0.0000   0.0000
    3886  -9.2310   2.0070  21.3872   0.0000   0.0000   0.0000
    3887  -9.0798   2.1983  21.4064   0.0000   0.0000   0.0000
    3888  -8.7661   2.3537  21.2773   0.0000   0.0000   0.0000
    3889  -8.9898   2.5533  21.8260   0.0000   0.0000   0.0000
    3890  -8.6293   3.1694  20.5958   0.0000   0.0000   0.0000
    3891  -8.1361   2.9054  20.2435   0.0000   0.0000   0.0000
    3892  -8.0510   2.6853  19.9953   0.0000   0.0000   0.0000
    3893  -8.0624   2.0125  19.0786   0.0000   0.0000   0.0000
    3894  -8.4136   1.9689  19.3706   0.0000   0.0000   0.0000
    3895  -8.1375   3.1449  19.2499   0.0000   0.0000   0.0000
    3896  -8.1546   2.8689  20.2854   0.0000   0.0000   0.0000
    3897  -8.1229   3.7179  19.5791   0.0000   0.0000   0.0000
    3898  -8.0790   4.2218  19.0755   0.0000   0.0000   0.0000
    3899  -8.7099   3.3194  19.7637   0.0000   0.0000   0.0000
    3900  -8.5339   2.8040  19.1290   0.0000   0.0000   0.0000
    3901  -9.3413   2.5869  18.6592   0.0000   0.0000   0.0000
    3902  -9.2835   3.1561  18.3937   0.0000   0.0000   0.0000
    3903  -9.5723   3.1487  19.3472   0.0000   0.0000   0.0000
    3904  -9.2151   3.7501  19.6237   0.0000   0.0000   0.0000
    3905  -6.6159   3.6184  20.7755   0.0000   0.0000   0.0000
    3906  -6.3752   4.2399  18.0482   0.0000   0.0000   0.0000
    3907  -6.8854   4.1151  18.5960   0.0000   0.0000   0.0000
    3908  -8.4134   4.2561  19.6199   0.0000   0.0000   0.0000
    3909  -7.6084   3.3087  19.4797   0.0000   0.0000   0.0000
    3910  -8.9090   3.5261  19.5635   0.0000   0.0000   0.0000
    3911  -7.4247   4.3917  19.0698   0.0000   0.0000   0.0000
    3912  -6.6098   3.7803  19.2641   0.0000   0.0000   0.0000
    3913  -6.7068   4.6003  19.2929   0.0000   0.0000   0.0000
    3914  -6.4345   3.1918  19.9298   0.0000   0.0000   0.0000
    3915  -6.7130   3.3520  18.8326   0.0000   0.0000   0.0000
    3916  -6.1800   4.6539  19.4371   0.0000   0.0000   0.0000
    3917  -6.5182   4.2571  18.9185   0.0000   0.0000   0.0000
    3918  -6.4905   4.1351  18.8557   0.0000   0.0000   0.0000
    3919  -6.6657   4.0325  18.9379   0.0000   0.0000   0.0000
    3920  -5.3170   3.9240  18.0431   0.0000   0.0000   0.0000
    3921  -6.0073   5.2078  17.9433   0.0000   0.0000   0.0000
    3922  -6.8435   5.0949  17.8054   0.0000   0.0000   0.0000
    3923  -6.9617   5.3201  18.7738   0.0000   0.0000   0.0000
    3924  -6.5917   4.2567  17.5690   0.0000   0.0000   0.0000
    3925  -6.5445   3.8619  19.4285   0.0000   0.0000   0.0000
    3926  -6.8000   4.9516  18.5064   0.0000   0.0000   0.0000
    3927  -5.9563   5.1695  17.5185   0.0000   0.0000   0.0000
    3928  -7.2542   4.5632  19.2378   0.0000   0.0000   0.0000
    3929  -5.9727   3.8941  17.4663   0.0000   0.0000   0.0000
    3930  -6.9325   4.8119  19.3942   0.0000   0.0000   0.0000
    3931  -7.4580   3.6257  19.1386   0.0000   0.0000   0.0000
    3932  -6.8353   3.6498  17.8765   0.0000   0.0000   0.0000
    3933  -7.4926   4.0800  19.4433   0.0000   0.0000   0.0000
    3934  -7.4662   3.8606  19.8061   0.0000   0.0000   0.0000
    3935  -5.6748   4.7851  19.1321   0.0000   0.0000   0.0000
    3936  -6.8180   4.0761  18.5849   0.0000   0.0000   0.0000
    3937  -6.3174   4.1805  18.4666   0.0000   0.0000   0.0000
    3938  -6.0905   3.7675  16.0734   0.0000   0.0000   0.0000
    3939  -7.9463   3.5065  17.1168   0.0000   0.0000   0.0000
    3940  -6.8586   3.7073  16.2900   0.0000   0.0000   0.0000
    3941  -6.3860   4.3559  17.1617   0.0000   0.0000   0.0000
    3942  -6.6002   3.9731  17.8018   0.0000   0.0000   0.0000
    3943  -5.9945   3.9990  17.7401   0.0000   0.0000   0.0000
    3944  -5.6170   4.5639  17.6845   0.0000   0.0000   0.0000
    3945  -6.7119   5.0369  18.0339   0.0000   0.0000   0.0000
    3946  -6.8390   4.9496  18.2455   0.0000   0.0000   0.0000
    3947  -5.9472   4.1867  19.0444   0.0000   0.0000   0.0000
    3948  -6.4689   4.0616  19.6992   0.0000   0.0000   0.0000
    3949  -6.0906   4.9363  18.3329   0.0000   0.0000   0.0000
    3950  -6.3147   3.8831  19.2124   0.0000   0.0000   0.0000
    3951  -6.4137   4.4298  18.2855   0.0000   0.0000   0.0000
    3952  -5.5984   3.5078  18.7785   0.0000   0.0000   0.0000
    3953  -6.6055   3.9912  19.3765   0.0000   0.0000   0.0000
    3954  -5.4185   3.8180  18.8796   0.0000   0.0000   0.0000
    3955  -5.6920   4.0758  17.6043   0.0000   0.0000   0.0000
    3956  -7.3339   3.7387  19.1525   0.0000   0.0000   0.0000
    3957  -6.1951   3.9412  19.0083   0.0000   0.0000   0.0000
    3958  -5.5408   5.5159  18.3994   0.0000   0.0000   0.0000
    3959  -5.6481   4.7955  18.9247   0.0000   0.0000   0.0000
    3960  -5.6208   4.9118  19.1323   0.0000   0.0000   0.0000
    3961  -5.4012   4.5686  20.0401   0.0000   0.0000   0.0000
    3962  -7.2563   4.4116  19.6597   0.0000   0.0000   0.0000
    3963  -5.7472   4.8989  18.9472   0.0000   0.0000   0.0000
    3964  -5.7040   4.9857  18.5511   0.0000   0.0000   0.0000
    3965  -6.0253   4.3213  19.4141   0.0000   0.0000   0.0000
    3966  -5.7600   3.6474  19.6323   0.0000   0.0000   0.0000
    3967  -5.7952   3.6642  18.4624   0.0000   0.0000   0.0000
    3968  -5.7431   3.6537  18.7214   0.0000   0.0000   0.0000
    3969  -4.7336   3.9382  19.8607   0.0000   0.0000   0.0000
    3970  -4.6025   3.1909  18.5627   0.0000   0.0000   0.0000
    3971  -5.8854   3.3087  19.0768   0.0000   0.0000   0.0000
    3972  -5.5881   2.7161  18.8793   0.0000   0.0000   0.0000
    3973  -6.0590   3.1662  19.1252   0.0000   0.0000   0.0000
    3974  -5.3510   3.3216  19.7517   0.0000   0.0000   0.0000
    3975  -5.0204   4.3596  19.7040   0.0000   0.0000   0.0000
    3976  -5.5045   3.0340  20.0806   0.0000   0.0000   0.0000
    3977  -5.6232   2.8832  19.7040   0.0000   0.0000   0.0000
    3978  -5.7474   2.7217  19.9777   0.0000   0.0000   0.0000
    3979  -4.4317   3.6937  19.1838   0.0000   0.0000   0.0000
    3980  -4.4165   2.0555  18.7671   0.0000   0.0000   0.0000
    3981  -5.3321   2.3639  20.2224   0.0000   0.0000   0.0000
    3982  -4.1708   2.1141  18.5884   0.0000   0.0000   0.0000
    3983  -5.3556   1.1047  17.7702   0.0000   0.0000   0.0000
    3984  -4.0621   1.8839  18.2822   0.0000   0.0000   0.0000
    3985  -4.2296   2.0960  18.1052   0.0000   0.0000   0.0000
    3986  -4.9317   2.3189  19.5349   0.0000   0.0000   0.0000
    3987  -4.7474   3.2668  19.5853   0.0000   0.0000   0.0000
    3988  -5.4134   2.9427  19.8080   0.0000   0.0000   0.0000
    3989  -4.9119   2.0431  18.6298   0.0000   0.0000   0.0000
    3990  -5.2759   2.3772  18.8526   0.0000   0.0000   0.0000
    3991  -4.5351   2.5329  20.2828   0.0000   0.0000   0.0000
    3992  -5.5868   2.2937  19.3050   0.0000   0.0000   0.0000
    3993  -5.8717   2.6556  19.4860   0.0000   0.0000   0.0000
    3994  -4.9417   2.8703  17.6535   0.0000   0.0000   0.0000
    3995  -5.3914   3.0551  18.6136   0.0000   0.0000   0.0000
    3996  -4.6896   2.8559  19.3732   0.0000   0.0000   0.0000
    3997  -4.6921   2.3171  19.1087   0.0000   0.0000   0.0000
    3998  -6.0049   2.3751  19.6240   0.0000   0.0000   0.0000
    3999  -4.8495   2.1192  19.1434   0.0000   0.0000   0.0000
    4000  -5.7918   1.5129  18.5172   0.0000   0.0000   0.0000
    4001  -5.7457   1.9397  18.5213   0.0000   0.0000   0.0000
    4002  -6.0978   2.3325  17.7274   0.0000   0.0000   0.0000
    4003  -5.6656   3.7837  17.5475   0.0000   0.0000   0.0000
    4004  -5.5167   2.6635  16.5475   0.0000   0.0000   0.0000
    4005  -6.7467   2.6724  17.8525   0.0000   0.0000   0.0000
    4006  -5.1103   1.9194  16.2388   0.0000   0.0000   0.0000
    4007  -5.4940   1.8189  15.4391   0.0000   0.0000   0.0000
    4008  -5.3704   2.7876  15.8991   0.0000   0.0000   0.0000
    4009  -5.9952   3.3952  15.1555   0.0000   0.0000   0.0000
    4010  -5.2349   3.4456  15.9835   0.0000   0.0000   0.0000
    4011  -5.2244   2.8966  15.8449   0.0000   0.0000   0.0000
    4012  -5.0123   3.4695  15.8479   0.0000   0.0000   0.0000
    4013  -4.3093   3.6601  16.4065   0.0000   0.0000   0.0000
    4014  -5.0230   4.5409  16.3567   0.0000   0.0000   0.0000
    4015  -5.5327   5.3150  17.1638   0.0000   0.0000   0.0000
    4016  -5.4856   4.4049  17.4879   0.0000   0.0000   0.0000
    4017  -4.3364   3.5975  17.5897   0.0000   0.0000   0.0000
    4018  -5.0933   3.6210  16.7340   0.0000   0.0000   0.0000
    4019  -4.9741   3.7457  16.4683   0.0000   0.0000   0.0000
    4020  -4.9243   3.9983  16.4941   0.0000   0.0000   0.0000
    4021  -5.7002   4.0953  15.6001   0.0000   0.0000   0.0000
    4022  -5.1728   3.8022  15.2242   0.0000   0.0000   0.0000
    4023  -4.7815   3.1718  15.8991   0.0000   0.0000   0.0000
    4024  -5.2312   3.1210  15.9867   0.0000   0.0000   0.0000
    4025  -5.3138   2.9850  17.0266   0.0000   0.0000   0.0000
    4026  -4.6148   2.9034  16.5138   0.0000   0.0000   0.0000
    4027  -5.1530   3.4051  15.9079   0.0000   0.0000   0.0000
    4028  -4.8426   3.8618  16.3973   0.0000   0.0000   0.0000
    4029  -5.0738   4.5115  15.5628   0.0000   0.0000   0.0000
    4030  -4.1654   3.6742  16.2380   0.0000   0.0000   0.0000
    4031  -4.8150   4.1505  15.9651   0.0000   0.0000   0.0000
    4032  -4.6941   2.8021  15.8092   0.0000   0.0000   0.0000
    4033  -2.8671   2.8975  15.9692   0.0000   0.0000   0.0000
    4034  -4.3521   1.6040  15.4343   0.0000   0.0000   0.0000
    4035  -4.7166   2.7756  15.0692   0.0000   0.0000   0.0000
    4036  -4.9125   4.2527  16.3372   0.0000   0.0000   0.0000
    4037  -4.2802   2.2324  16.7767   0.0000   0.0000   0.0000
    4038  -4.9446   3.4946  16.3649   0.0000   0.0000   0.0000
    4039  -4.9512   2.8498  15.9933   0.0000   0.0000   0.0000
    4040  -3.9192   3.0990  16.0946   0.0000   0.0000   0.0000
    4041  -4.6927   2.6718  17.4347   0.0000   0.0000   0.0000
    4042  -4.8258   3.0368  15.5572   0.0000   0.0000   0.0000
    4043  -4.8841   3.1954  15.5486   0.0000   0.0000   0.0000
    4044  -4.8923   2.9162  15.9278   0.0000   0.0000   0.0000
    4045  -5.8682   1.8991  17.1595   0.0000   0.0000   0.0000
    4046  -5.3363   2.6149  16.8359   0.0000   0.0000   0.0000
    4047  -4.5496   2.7718  15.5039   0.0000   0.0000   0.0000
    4048  -3.5575   4.5219  16.0506   0.0000   0.0000   0.0000
    4049  -4.7264   2.8908  15.9857   0.0000   0.0000   0.0000
    4050  -4.2454   2.7663  16.3741   0.0000   0.0000   0.0000
    4051  -4.7505   3.3789  15.3594   0.0000   0.0000   0.0000
    4052  -4.2277   2.8568  15.6361   0.0000   0.0000   0.0000
    4053  -5.2646   3.0981  15.8753   0.0000   0.0000   0.0000
    4054  -4.0173   2.3728  16.0158   0.0000   0.0000   0.0000
    4055  -4.3194   1.5480  16.3711   0.0000   0.0000   0.0000
    4056  -5.2167   1.8016  16.3633   0.0000   0.0000   0.0000
    4057  -5.1010   2.2871  16.3204   0.0000   0.0000   0.0000
    4058  -4.9517   1.8416  15.4021   0.0000   0.0000   0.0000
    4059  -3.6186   1.9935  16.2040   0.0000   0.0000   0.0000
    4060  -5.4963   2.5132  16.7129   0.0000   0.0000   0.0000
    4061  -3.9761   2.1840  15.4836   0.0000   0.0000   0.0000
    4062  -4.9814   1.3181  14.6545   0.0000   0.0000   0.0000
    4063  -4.4254   1.6488  15.1940   0.0000   0.0000   0.0000
    4064  -3.5291   1.5241  15.6465   0.0000   0.0000   0.0000
    4065  -3.5468   2.0450  15.6311   0.0000   0.0000   0.0000
    4066  -2.2643   2.4677  15.7148   0.0000   0.0000   0.0000
    4067  -3.4315   3.1947  15.9419   0.0000   0.0000   0.0000
    4068  -4.4794   4.1901  15.5229   0.0000   0.0000   0.0000
    4069  -4.3058   4.1582  16.3811   0.0000   0.0000   0.0000
    4070  -4.2456   4.1841  16.6415   0.0000   0.0000   0.0000
    4071  -2.7376   4.6013  16.6515   0.0000   0.0000   0.0000
    4072  -3.3340   4.0814  15.9952   0.0000   0.0000   0.0000
    4073  -3.3937   3.0034  16.5396   0.0000   0.0000   0.0000
    4074  -2.8037   2.1524  17.4686   0.0000   0.0000   0.0000
    4075  -3.7006   3.0808  17.0070   0.0000   0.0000   0.0000
    4076  -2.9150   2.8299  16.3896   0.0000   0.0000   0.0000
    4077  -4.1347   3.2632  17.8147   0.0000   0.0000   0.0000
    4078  -5.0828   3.1021  16.3472   0.0000   0.0000   0.0000
    4079  -4.1236   3.6017  16.8247   0.0000   0.0000   0.0000
    4080  -2.8047   3.5437  15.7261   0.0000   0.0000   0.0000
    4081  -4.2176   3.7523  15.7921   0.0000   0.0000   0.0000
    4082  -4.0715   4.1704  16.5827   0.0000   0.0000   0.0000
    4083  -3.5980   3.3083  16.4313   0.0000   0.0000   0.0000
    4084  -3.6478   4.0599  16.5664   0.0000   0.0000   0.0000
    4085  -4.2376   2.9180  16.5735   0.0000   0.0000   0.0000
    4086  -3.4451   2.2322  17.7906   0.0000   0.0000   0.0000
    4087  -3.6461   2.9892  17.3655   0.0000   0.0000   0.0000
    4088  -4.5551   3.0561  16.6925   0.0000   0.0000   0.0000
    4089  -3.5943   3.8065  16.3167   0.0000   0.0000   0.0000
    4090  -4.1211   3.5091  17.4212   0.0000   0.0000   0.0000
    4091  -5.3585   3.4128  17.6536   0.0000   0.0000   0.0000
    4092  -4.3913   3.3836  16.9098   0.0000   0.0000   0.0000
    4093  -5.1389   3.2445  17.7953   0.0000   0.0000   0.0000
    4094  -5.1665   2.6390  16.7856   0.0000   0.0000   0.0000
    4095  -5.8304   3.3021  16.0473   0.0000   0.0000   0.0000
    4096  -5.5097   2.9711  16.3519   0.0000   0.0000   0.0000
    4097  -4.6388   3.4726  15.9757   0.0000   0.0000   0.0000
    4098  -5.1655   3.1748  16.7401   0.0000   0.0000   0.0000
    4099  -5.0897   3.6058  15.9628   0.0000   0.0000   0.0000
    4100  -4.8282   4.0153  15.8154   0.0000   0.0000   0.0000
    4101  -5.3957   3.9292  17.3725   0.0000   0.0000   0.0000
    4102  -4.7773   4.0101  15.5806   0.0000   0.0000   0.0000
    4103  -4.6714   3.7235  16.7720   0.0000   0.0000   0.0000
    4104  -5.4607   3.2755  17.0245   0.0000   0.0000   0.0000
    4105  -4.2028   3.7795  17.0168   0.0000   0.0000   0.0000
    4106  -4.1438   3.4187  16.5733   0.0000   0.0000   0.0000
    4107  -3.8207   3.0509  17.0646   0.0000   0.0000   0.0000
    4108  -4.9076   2.4804  17.0139   0.0000   0.0000   0.0000
    4109  -4.4123   3.3295  15.7895   0.0000   0.0000   0.0000
    4110  -4.9321   3.5587  17.9226   0.0000   0.0000   0.0000
    4111  -6.5667   2.8270  18.4501   0.0000   0.0000   0.0000
    4112  -5.2997   3.1779  17.4971   0.0000   0.0000   0.0000
    4113  -4.3262   2.4842  16.7939   0.0000   0.0000   0.0000
    4114  -4.5681   1.8430  17.2635   0.0000   0.0000   0.0000
    4115  -4.3534   2.1549  16.8137   0.0000   0.0000   0.0000
    4116  -6.2485   2.6830  16.1530   0.0000   0.0000   0.0000
    4117  -5.6748   2.4651  16.7377   0.0000   0.0000   0.0000
    4118  -4.6561   2.7618  16.5825   0.0000   0.0000   0.0000
    4119  -5.0504   2.9445  15.4389   0.0000   0.0000   0.0000
    4120  -4.0768   4.4497  16.4097   0.0000   0.0000   0.0000
    4121  -3.9060   3.7915  16.9720   0.0000   0.0000   0.0000
    4122  -4.7020   3.6543  18.0973   0.0000   0.0000   0.0000
    4123  -4.4261   3.9637  17.6380   0.0000   0.0000   0.0000
    4124  -4.1095   4.1200  17.6950   0.0000   0.0000   0.0000
    4125  -4.8974   3.9320  18.7556   0.0000   0.0000   0.0000
    4126  -4.0802   2.9612  17.7003   0.0000   0.0000   0.0000
    4127  -4.1720   2.7087  18.3998   0.0000   0.0000   0.0000
    4128  -3.5376   3.2456  18.7747   0.0000   0.0000   0.0000
    4129  -3.3240   3.4003  16.3842   0.0000   0.0000   0.0000
    4130  -3.7982   3.8540  17.4118   0.0000   0.0000   0.0000
    4131  -5.0546   4.4932  18.7186   0.0000   0.0000   0.0000
    4132  -5.2338   3.2113  17.6249   0.0000   0.0000   0.0000
    4133  -4.5382   3.3217  17.1530   0.0000   0.0000   0.0000
    4134  -4.9439   3.2090  18.2012   0.0000   0.0000   0.0000
    4135  -4.7904   3.4764  18.3290   0.0000   0.0000   0.0000
    4136  -5.0835   3.6669  17.6457   0.0000   0.0000   0.0000
    4137  -4.9375   3.6577  20.2188   0.0000   0.0000   0.0000
    4138  -4.5879   2.7117  19.2320   0.0000   0.0000   0.0000
    4139  -2.6112   3.5348  17.8451   0.0000   0.0000   0.0000
    4140  -4.1245   3.4231  18.8852   0.0000   0.0000   0.0000
    4141  -5.4662   3.4578  17.9375   0.0000   0.0000   0.0000
    4142  -4.6473   3.5352  18.7389   0.0000   0.0000   0.0000
    4143  -4.0348   2.9635  19.0151   0.0000   0.0000   0.0000
    4144  -5.5288   3.2187  18.4846   0.0000   0.0000   0.0000
    4145  -5.6825   2.8630  20.1637   0.0000   0.0000   0.0000
    4146  -4.8086   2.5667  18.5794   0.0000   0.0000   0.0000
    4147  -5.5603   2.7696  18.5269   0.0000   0.0000   0.0000
    4148  -4.4978   4.4737  18.6697   0.0000   0.0000   0.0000
    4149  -5.2698   4.6598  19.6299   0.0000   0.0000   0.0000
    4150  -5.5352   4.3575  17.8234   0.0000   0.0000   0.0000
    4151  -5.3747   3.5384  18.2809   0.0000   0.0000   0.0000
    4152  -4.7282   4.2087  17.2967   0.0000   0.0000   0.0000
    4153  -3.2035   3.0226  19.0775   0.0000   0.0000   0.0000
    4154  -4.2037   3.1537  18.2450   0.0000   0.0000   0.0000
    4155  -4.7951   3.8175  17.9774   0.0000   0.0000   0.0000
    4156  -3.1113   3.8254  18.8045   0.0000   0.0000   0.0000
    4157  -4.2392   4.2645  18.6657   0.0000   0.0000   0.0000
    4158  -2.1141   4.7512  18.2564   0.0000   0.0000   0.0000
    4159  -4.2985   3.2015  18.4453   0.0000   0.0000   0.0000
    4160  -3.8908   3.0470  18.6750   0.0000   0.0000   0.0000
    4161  -4.3753   2.6031  18.3600   0.0000   0.0000   0.0000
    4162  -5.3969   1.6317  18.7857   0.0000   0.0000   0.0000
    4163  -4.7687   1.8198  18.9872   0.0000   0.0000   0.0000
    4164  -4.2560   2.2071  19.3543   0.0000   0.0000   0.0000
    4165  -5.1542   2.1796  19.0213   0.0000   0.0000   0.0000
    4166  -3.8678   2.5336  19.6029   0.0000   0.0000   0.0000
    4167  -4.5915   2.3992  19.2455   0.0000   0.0000   0.0000
    4168  -5.2912   1.8674  18.8337   0.0000   0.0000   0.0000
    4169  -5.4001   1.8724  18.9430   0.0000   0.0000   0.0000
    4170  -4.4020   1.5703  18.9932   0.0000   0.0000   0.0000
    4171  -4.8840   1.4879  18.7117   0.0000   0.0000   0.0000
    4172  -4.1409   2.6530  18.8755   0.0000   0.0000   0.0000
    4173  -4.2545   3.0808  18.7789   0.0000   0.0000   0.0000
    4174  -4.6874   2.2891  18.5511   0.0000   0.0000   0.0000
    4175  -4.0935   2.7248  18.5109   0.0000   0.0000   0.0000
    4176  -4.6903   3.1339  18.3125   0.0000   0.0000   0.0000
    4177  -4.8498   2.2368  19.0524   0.0000   0.0000   0.0000
    4178  -4.3978   2.5136  17.7766   0.0000   0.0000   0.0000
    4179  -4.4345   2.1516  18.6254   0.0000   0.0000   0.0000
    4180  -6.0639   2.1805  18.6196   0.0000   0.0000   0.0000
    4181  -5.9954   1.8793  17.1761   0.0000   0.0000   0.0000
    4182  -4.6584   1.9327  18.4093   0.0000   0.0000   0.0000
    4183  -4.4620   3.5105  18.0136   0.0000   0.0000   0.0000
    4184  -5.9951   2.8778  18.2794   0.0000   0.0000   0.0000
    4185  -5.5168   2.4420  18.1885   0.0000   0.0000   0.0000
    4186  -6.1479   3.3953  18.3710   0.0000   0.0000   0.0000
    4187  -6.0025   2.3263  18.3676   0.0000   0.0000   0.0000
    4188  -6.7246   2.9885  18.7101   0.0000   0.0000   0.0000
    4189  -5.5485   1.8620  17.9904   0.0000   0.0000   0.0000
    4190  -5.1735   2.2299  18.4125   0.0000   0.0000   0.0000
    4191  -4.4873   3.2541  19.3381   0.0000   0.0000   0.0000
    4192  -5.6885   3.1702  18.3528   0.0000   0.0000   0.0000
    4193  -6.4133   3.3873  17.7697   0.0000   0.0000   0.0000
    4194  -5.5002   3.3229  17.3991   0.0000   0.0000   0.0000
    4195  -5.3206   3.4933  17.5469   0.0000   0.0000   0.0000
    4196  -4.6011   2.5309  17.1303   0.0000   0.0000   0.0000
    4197  -5.3563   3.7202  17.5151   0.0000   0.0000   0.0000
    4198  -4.9629   3.5911  17.7117   0.0000   0.0000   0.0000
    4199  -4.4249   3.0229  19.5369   0.0000   0.0000   0.0000
    4200  -3.8608   3.2237  18.0126   0.0000   0.0000   0.0000
    4201  -4.3523   3.3899  17.3408   0.0000   0.0000   0.0000
    4202  -3.7457   2.2463  16.9360   0.0000   0.0000   0.0000
    4203  -4.7048   3.0004  18.8532   0.0000   0.0000   0.0000
    4204  -4.1955   2.8511  17.9708   0.0000   0.0000   0.0000
    4205  -3.9762   3.5806  17.9344   0.0000   0.0000   0.0000
    4206  -3.2918   2.9054  17.6082   0.0000   0.0000   0.0000
    4207  -2.9774   2.8069  17.3690   0.0000   0.0000   0.0000
    4208  -2.8926   2.8078  17.7358   0.0000   0.0000   0.0000
    4209  -3.3207   2.8503  17.0156   0.0000   0.0000   0.0000
    4210  -3.8474   2.8052  17.9669   0.0000   0.0000   0.0000
    4211  -3.8914   2.7581  17.1181   0.0000   0.0000   0.0000
    4212  -4.3361   3.1746  17.4334   0.0000   0.0000   0.0000
    4213  -3.7836   3.0879  17.1040   0.0000   0.0000   0.0000
    4214  -4.5313   3.4278  16.2037   0.0000   0.0000   0.0000
    4215  -4.8061   4.2106  18.0604   0.0000   0.0000   0.0000
    4216  -5.9396   4.2077  18.4918   0.0000   0.0000   0.0000
    4217  -5.4384   4.9441  16.9599   0.0000   0.0000   0.0000
    4218  -5.1915   4.9298  16.7140   0.0000   0.0000   0.0000
    4219  -3.7629   5.0495  15.7513   0.0000   0.0000   0.0000
    4220  -4.7200   3.9048  16.1125   0.0000   0.0000   0.0000
    4221  -4.2602   3.7568  17.1772   0.0000   0.0000   0.0000
    4222  -3.9080   4.3678  17.5743   0.0000   0.0000   0.0000
    4223  -3.6507   4.2387  16.7082   0.0000   0.0000   0.0000
    4224  -4.2249   4.3351  16.7919   0.0000   0.0000   0.0000
    4225  -4.9104   4.2845  17.3619   0.0000   0.0000   0.0000
    4226  -3.5096   4.6119  17.1304   0.0000   0.0000   0.0000
    4227  -3.4202   4.5635  17.3737   0.0000   0.0000   0.0000
    4228  -4.4367   4.1616  17.0821   0.0000   0.0000   0.0000
    4229  -4.3559   3.9948  16.9317   0.0000   0.0000   0.0000
    4230  -3.4421   3.2579  16.9406   0.0000   0.0000   0.0000
    4231  -5.5607   2.9889  16.4735   0.0000   0.0000   0.0000
    4232  -3.8129   1.9467  16.1502   0.0000   0.0000   0.0000
    4233  -4.1235   2.4963  16.0336   0.0000   0.0000   0.0000
    4234  -5.4171   2.4414  15.9879   0.0000   0.0000   0.0000
    4235  -5.4012   2.3799  17.3679   0.0000   0.0000   0.0000
    4236  -5.4088   2.6293  17.1666   0.0000   0.0000   0.0000
    4237  -4.8344   2.4881  17.2009   0.0000   0.0000   0.0000
    4238  -3.9528   2.8334  17.2503   0.0000   0.0000   0.0000
    4239  -3.6841   3.9831  18.4650   0.0000   0.0000   0.0000
    4240  -4.1073   3.9327  19.5087   0.0000   0.0000   0.0000
    4241  -5.3245   3.2402  17.6408   0.0000   0.0000   0.0000
    4242  -5.2873   3.5205  18.3137   0.0000   0.0000   0.0000
    4243  -4.3743   4.5438  18.7688   0.0000   0.0000   0.0000
    4244  -4.4474   4.2331  16.6703   0.0000   0.0000   0.0000
    4245  -4.8402   3.8638  17.6230   0.0000   0.0000   0.0000
    4246  -5.9035   3.6728  17.5851   0.0000   0.0000   0.0000
    4247  -4.4448   3.7260  17.9544   0.0000   0.0000   0.0000
    4248  -5.8399   3.9846  18.8161   0.0000   0.0000   0.0000
    4249  -5.1048   3.6166  18.9706   0.0000   0.0000   0.0000
    4250  -5.2652   4.0121  18.3637   0.0000   0.0000   0.0000
    4251  -5.5398   5.2382  18.5715   0.0000   0.0000   0.0000
    4252  -5.3017   4.9968  17.6006   0.0000   0.0000   0.0000
    4253  -5.7045   4.3107  16.5475   0.0000   0.0000   0.0000
    4254  -6.9628   4.0300  17.3557   0.0000   0.0000   0.0000
    4255  -6.6373   4.1046  17.1022   0.0000   0.0000   0.0000
    4256  -6.3989   3.6882  16.4769   0.0000   0.0000   0.0000
    4257  -5.9267   4.0404  16.5404   0.0000   0.0000   0.0000
    4258  -5.5070   3.2006  17.0182   0.0000   0.0000   0.0000
    4259  -4.6646   2.8702  17.4163   0.0000   0.0000   0.0000
    4260  -4.8066   3.8359  16.9138   0.0000   0.0000   0.0000
    4261  -5.6023   2.4134  18.0818   0.0000   0.0000   0.0000
    4262  -3.9039   2.9575  17.3837   0.0000   0.0000   0.0000
    4263  -4.0769   3.3382  16.3727   0.0000   0.0000   0.0000
    4264  -5.0631   4.0800  17.2511   0.0000   0.0000   0.0000
    4265  -4.5166   5.3062  16.5601   0.0000   0.0000   0.0000
    4266  -4.7657   4.5537  16.9867   0.0000   0.0000   0.0000
    4267  -3.6520   5.5787  16.4835   0.0000   0.0000   0.0000
    4268  -5.1847   4.5004  17.1949   0.0000   0.0000   0.0000
    4269  -5.5262   4.5225  17.4194   0.0000   0.0000   0.0000
    4270  -5.1188   4.7622  18.5530   0.0000   0.0000   0.0000
    4271  -5.8341   4.3937  15.7192   0.0000   0.0000   0.0000
    4272  -5.7763   4.3478  17.2051   0.0000   0.0000   0.0000
    4273  -6.1089   4.3584  17.6000   0.0000   0.0000   0.0000
    4274  -6.9765   4.5617  17.6654   0.0000   0.0000   0.0000
    4275  -5.9738   4.0143  17.3176   0.0000   0.0000   0.0000
    4276  -4.7811   4.5644  17.1046   0.0000   0.0000   0.0000
    4277  -6.1015   5.1873  17.2354   0.0000   0.0000   0.0000
    4278  -5.4680   4.0996  17.1784   0.0000   0.0000   0.0000
    4279  -5.6868   5.4072  19.5788   0.0000   0.0000   0.0000
    4280  -5.9991   4.6101  17.2089   0.0000   0.0000   0.0000
    4281  -6.0217   4.3919  18.2732   0.0000   0.0000   0.0000
    4282  -7.3085   4.5059  17.2486   0.0000   0.0000   0.0000
    4283  -6.2991   5.1903  18.3165   0.0000   0.0000   0.0000
    4284  -6.8191   5.6433  17.2743   0.0000   0.0000   0.0000
    4285  -6.2635   5.2859  18.1965   0.0000   0.0000   0.0000
    4286  -7.0035   4.2883  17.6761   0.0000   0.0000   0.0000
    4287  -5.5047   4.7243  16.5906   0.0000   0.0000   0.0000
    4288  -6.7994   5.1483  17.8336   0.0000   0.0000   0.0000
    4289  -7.0970   5.6760  16.9921   0.0000   0.0000   0.0000
    4290  -6.3882   5.2247  17.4632   0.0000   0.0000   0.0000
    4291  -5.8516   5.3912  18.7118   0.0000   0.0000   0.0000
    4292  -6.7100   5.7810  18.2369   0.0000   0.0000   0.0000
    4293  -7.0897   5.2448  18.2975   0.0000   0.0000   0.0000
    4294  -4.6885   5.0484  17.8852   0.0000   0.0000   0.0000
    4295  -5.0072   5.2936  17.7179   0.0000   0.0000   0.0000
    4296  -5.2052   6.3884  18.4165   0.0000   0.0000   0.0000
    4297  -5.3299   5.8302  16.9969   0.0000   0.0000   0.0000
    4298  -4.8140   5.4511  17.8617   0.0000   0.0000   0.0000
    4299  -5.7368   5.0669  18.1025   0.0000   0.0000   0.0000
    4300  -4.8676   5.4319  18.0847   0.0000   0.0000   0.0000
    4301  -5.0161   5.6274  18.4329   0.0000   0.0000   0.0000
    4302  -5.1070   5.6530  18.6007   0.0000   0.0000   0.0000
    4303  -4.4010   4.8112  19.0339   0.0000   0.0000   0.0000
    4304  -5.1178   4.9860  17.5856   0.0000   0.0000   0.0000
    4305  -4.5787   5.3483  16.1344   0.0000   0.0000   0.0000
    4306  -5.9496   4.9546  18.2471   0.0000   0.0000   0.0000
    4307  -5.2106   4.9193  18.3674   0.0000   0.0000   0.0000
    4308  -4.3478   4.6556  18.4317   0.0000   0.0000   0.0000
    4309  -4.5455   4.2441  18.0634   0.0000   0.0000   0.0000
    4310  -5.5042   5.0525  17.4727   0.0000   0.0000   0.0000
    4311  -6.9426   5.5423  19.2788   0.0000   0.0000   0.0000
    4312  -6.1653   5.1052  18.6367   0.0000   0.0000   0.0000
    4313  -5.6400   5.0643  17.5494   0.0000   0.0000   0.0000
    4314  -7.0677   5.4776  18.4156   0.0000   0.0000   0.0000
    4315  -5.2103   4.7591  18.1155   0.0000   0.0000   0.0000
    4316  -4.3062   5.2989  18.4071   0.0000   0.0000   0.0000
    4317  -3.9655   4.8564  18.6978   0.0000   0.0000   0.0000
    4318  -4.5433   4.8001  17.2749   0.0000   0.0000   0.0000
    4319  -4.2563   5.2078  18.4433   0.0000   0.0000   0.0000
    4320  -5.7033   5.5441  17.3811   0.0000   0.0000   0.0000
    4321  -5.0193   5.8519  17.4853   0.0000   0.0000   0.0000
    4322  -4.8668   5.5636  17.4345   0.0000   0.0000   0.0000
    4323  -5.5423   5.2825  17.6502   0.0000   0.0000   0.0000
    4324  -4.6635   5.0621  17.2223   0.0000   0.0000   0.0000
    4325  -6.1645   5.2381  18.1025   0.0000   0.0000   0.0000
    4326  -5.3386   5.5018  18.5246   0.0000   0.0000   0.0000
    4327  -6.0230   5.5401  18.5109   0.0000   0.0000   0.0000
    4328  -4.0291   5.9894  16.7228   0.0000   0.0000   0.0000
    4329  -5.3043   7.1889  19.0859   0.0000   0.0000   0.0000
    4330  -4.7693   6.8156  17.3256   0.0000   0.0000   0.0000
    4331  -4.8202   6.4286  17.5069   0.0000   0.0000   0.0000
    4332  -3.8319   6.5746  17.3138   0.0000   0.0000   0.0000
    4333  -3.8643   5.8830  16.9628   0.0000   0.0000   0.0000
    4334  -5.0773   5.8919  16.6466   0.0000   0.0000   0.0000
    4335  -5.2585   5.8496  17.5010   0.0000   0.0000   0.0000
    4336  -5.6223   5.3227  17.6159   0.0000   0.0000   0.0000
    4337  -4.2888   5.2622  18.3175   0.0000   0.0000   0.0000
    4338  -3.7726   5.1273  17.7172   0.0000   0.0000   0.0000
    4339  -3.1389   5.6436  19.5504   0.0000   0.0000   0.0000
    4340  -5.5506   6.0810  19.0088   0.0000   0.0000   0.0000
    4341  -5.7396   6.6432  18.5785   0.0000   0.0000   0.0000
    4342  -4.4423   5.3672  17.9815   0.0000   0.0000   0.0000
    4343  -4.0931   6.2561  15.6146   0.0000   0.0000   0.0000
    4344  -3.7991   5.7114  17.5693   0.0000   0.0000   0.0000
    4345  -3.6514   5.8142  17.3463   0.0000   0.0000   0.0000
    4346  -4.2569   6.0627  18.4396   0.0000   0.0000   0.0000
    4347  -3.3202   5.4502  17.8637   0.0000   0.0000   0.0000
    4348  -4.3040   5.7384  17.7982   0.0000   0.0000   0.0000
    4349  -3.9913   5.8155  17.7703   0.0000   0.0000   0.0000
    4350  -4.3511   4.5175  18.7077   0.0000   0.0000   0.0000
    4351  -3.7387   5.1887  17.5269   0.0000   0.0000   0.0000
    4352  -2.9267   4.8186  18.0027   0.0000   0.0000   0.0000
    4353  -4.9652   4.3260  17.8473   0.0000   0.0000   0.0000
    4354  -3.6174   4.2099  18.7972   0.0000   0.0000   0.0000
    4355  -5.5245   4.8534  17.0947   0.0000   0.0000   0.0000
    4356  -4.0733   3.9425  17.2646   0.0000   0.0000   0.0000
    4357  -3.8955   4.5935  17.3288   0.0000   0.0000   0.0000
    4358  -4.1172   4.7639  17.6885   0.0000   0.0000   0.0000
    4359  -4.0428   4.5074  17.8536   0.0000   0.0000   0.0000
    4360  -5.1567   4.4059  17.9132   0.0000   0.0000   0.0000
    4361  -4.3276   4.2897  17.6336   0.0000   0.0000   0.0000
    4362  -5.0905   3.7648  17.6366   0.0000   0.0000   0.0000
    4363  -4.4421   3.8508  17.5023   0.0000   0.0000   0.0000
    4364  -5.6771   4.4325  16.4572   0.0000   0.0000   0.0000
    4365  -6.4012   4.9019  16.1339   0.0000   0.0000   0.0000
    4366  -5.3214   5.1336  16.3171   0.0000   0.0000   0.0000
    4367  -4.1426   5.4615  15.7622   0.0000   0.0000   0.0000
    4368  -5.5592   5.9180  16.0825   0.0000   0.0000   0.0000
    4369  -4.4510   6.2581  16.7013   0.0000   0.0000   0.0000
    4370  -4.7428   5.9254  16.0689   0.0000   0.0000   0.0000
    4371  -5.7814   5.3697  15.6901   0.0000   0.0000   0.0000
    4372  -5.2802   5.6277  15.7136   0.0000   0.0000   0.0000
    4373  -4.8280   5.3572  15.8463   0.0000   0.0000   0.0000
    4374  -6.1051   5.2040  15.6421   0.0000   0.0000   0.0000
    4375  -6.0083   5.7052  14.9865   0.0000   0.0000   0.0000
    4376  -6.4607   5.4839  15.1369   0.0000   0.0000   0.0000
    4377  -5.7149   5.8496  16.1804   0.0000   0.0000   0.0000
    4378  -5.5934   6.0256  16.1384   0.0000   0.0000   0.0000
    4379  -6.7654   5.3785  15.8787   0.0000   0.0000   0.0000
    4380  -4.3175   4.5428  15.7984   0.0000   0.0000   0.0000
    4381  -6.5454   4.7702  15.0577   0.0000   0.0000   0.0000
    4382  -6.1797   4.6218  15.6178   0.0000   0.0000   0.0000
    4383  -5.9995   5.3431  15.4454   0.0000   0.0000   0.0000
    4384  -5.7794   4.6573  16.0343   0.0000   0.0000   0.0000
    4385  -5.3805   5.1566  16.4042   0.0000   0.0000   0.0000
    4386  -5.1320   5.1554  16.9201   0.0000   0.0000   0.0000
    4387  -5.1446   4.7481  17.2770   0.0000   0.0000   0.0000
    4388  -4.1465   5.1241  16.4517   0.0000   0.0000   0.0000
    4389  -5.3113   3.9452  15.9515   0.0000   0.0000   0.0000
    4390  -4.4046   4.8814  16.3590   0.0000   0.0000   0.0000
    4391  -4.5327   4.9952  16.1418   0.0000   0.0000   0.0000
    4392  -5.3903   5.0647  17.1690   0.0000   0.0000   0.0000
    4393  -4.7675   5.2815  16.2894   0.0000   0.0000   0.0000
    4394  -5.0862   5.0344  15.4255   0.0000   0.0000   0.0000
    4395  -5.4817   5.4114  15.6164   0.0000   0.0000   0.0000
    4396  -4.9546   4.8962  15.5353   0.0000   0.0000   0.0000
    4397  -3.6279   4.3498  15.4809   0.0000   0.0000   0.0000
    4398  -4.5170   3.9498  16.2398   0.0000   0.0000   0.0000
    4399  -4.1688   3.8859  16.2452   0.0000   0.0000   0.0000
    4400  -4.7511   3.9071  16.0520   0.0000   0.0000   0.0000
    4401  -4.0596   4.4940  16.5104   0.0000   0.0000   0.0000
    4402  -4.4834   3.8078  16.7033   0.0000   0.0000   0.0000
    4403  -4.1194   3.5063  15.6913   0.0000   0.0000   0.0000
    4404  -3.1011   3.8806  15.7098   0.0000   0.0000   0.0000
    4405  -4.7413   4.1145  15.7043   0.0000   0.0000   0.0000
    4406  -4.1703   3.8526  16.2813   0.0000   0.0000   0.0000
    4407  -3.9920   3.6282  17.1386   0.0000   0.0000   0.0000
    4408  -5.0888   2.4806  18.4836   0.0000   0.0000   0.0000
    4409  -3.7278   1.8941  17.0961   0.0000   0.0000   0.0000
    4410  -4.7399   2.2454  17.4289   0.0000   0.0000   0.0000
    4411  -5.7357   3.5928  17.2940   0.0000   0.0000   0.0000
    4412  -4.1793   3.6787  16.1694   0.0000   0.0000   0.0000
    4413  -4.2758   4.0042  16.2884   0.0000   0.0000   0.0000
    4414  -3.6848   2.7779  17.0611   0.0000   0.0000   0.0000
    4415  -4.6586   3.2524  16.6819   0.0000   0.0000   0.0000
    4416  -4.6957   3.2947  18.8421   0.0000   0.0000   0.0000
    4417  -4.7975   3.1332  18.4833   0.0000   0.0000   0.0000
    4418  -4.4452   2.8501  17.2688   0.0000   0.0000   0.0000
    4419  -4.0853   2.7638  16.5767   0.0000   0.0000   0.0000
    4420  -4.0965   2.8311  18.0291   0.0000   0.0000   0.0000
    4421  -5.0596   3.1498  17.1135   0.0000   0.0000   0.0000
    4422  -4.3387   2.8038  17.6152   0.0000   0.0000   0.0000
    4423  -4.0409   3.0485  18.4560   0.0000   0.0000   0.0000
    4424  -4.5531   3.7030  17.4758   0.0000   0.0000   0.0000
    4425  -4.7488   2.9067  18.5539   0.0000   0.0000   0.0000
    4426  -5.7387   3.7485  19.5945   0.0000   0.0000   0.0000
    4427  -5.1071   3.5215  18.7920   0.0000   0.0000   0.0000
    4428  -4.7924   2.4191  19.4341   0.0000   0.0000   0.0000
    4429  -4.0189   2.8406  19.6115   0.0000   0.0000   0.0000
    4430  -5.4012   2.9074  19.8068   0.0000   0.0000   0.0000
    4431  -3.2246   2.7146  19.1792   0.0000   0.0000   0.0000
    4432  -3.5160   1.6556  19.5558   0.0000   0.0000   0.0000
    4433  -4.4654   2.4207  18.7829   0.0000   0.0000   0.0000
    4434  -4.6500   1.9009  17.9496   0.0000   0.0000   0.0000
    4435  -3.5369   2.3728  17.2290   0.0000   0.0000   0.0000
    4436  -3.2933   1.5947  17.1724   0.0000   0.0000   0.0000
    4437  -2.6933   1.7074  17.8584   0.0000   0.0000   0.0000
    4438  -3.3903   2.2308  17.4571   0.0000   0.0000   0.0000
    4439  -3.3622   2.4767  16.9491   0.0000   0.0000   0.0000
    4440  -2.7037   2.5471  16.8135   0.0000   0.0000   0.0000
    4441  -3.3689   2.3287  17.5349   0.0000   0.0000   0.0000
    4442  -3.3343   2.9091  16.4676   0.0000   0.0000   0.0000
    4443  -3.4384   3.0322  18.5296   0.0000   0.0000   0.0000
    4444  -4.6788   1.9296  18.9887   0.0000   0.0000   0.0000
    4445  -3.7193   2.6415  19.5503   0.0000   0.0000   0.0000
    4446  -2.9697   3.6567  17.8866   0.0000   0.0000   0.0000
    4447  -5.3509   2.6968  19.1707   0.0000   0.0000   0.0000
    4448  -4.0055   2.1302  18.0949   0.0000   0.0000   0.0000
    4449  -4.0161   2.6356  18.0742   0.0000   0.0000   0.0000
    4450  -4.5573   3.2728  16.9319   0.0000   0.0000   0.0000
    4451  -3.9457   2.8625  15.6598   0.0000   0.0000   0.0000
    4452  -3.5145   2.9282  15.5919   0.0000   0.0000   0.0000
    4453  -2.3226   3.0767  15.2243   0.0000   0.0000   0.0000
    4454  -3.9698   2.9758  18.4361   0.0000   0.0000   0.0000
    4455  -4.0107   3.3700  18.3511   0.0000   0.0000   0.0000
    4456  -4.2532   2.4826  16.8554   0.0000   0.0000   0.0000
    4457  -4.1661   3.4673  16.7150   0.0000   0.0000   0.0000
    4458  -3.6162   3.9662  16.5235   0.0000   0.0000   0.0000
    4459  -3.8420   2.6511  16.5090   0.0000   0.0000   0.0000
    4460  -3.6416   3.3011  16.7989   0.0000   0.0000   0.0000
    4461  -3.5827   3.8910  18.2126   0.0000   0.0000   0.0000
    4462  -2.9724   4.2961  17.6003   0.0000   0.0000   0.0000
    4463  -3.6356   3.9409  18.3519   0.0000   0.0000   0.0000
    4464  -4.3951   3.9738  18.7334   0.0000   0.0000   0.0000
    4465  -3.4511   4.6228  18.8585   0.0000   0.0000   0.0000
    4466  -3.1037   4.5610  17.8020   0.0000   0.0000   0.0000
    4467  -3.0243   3.5266  16.8196   0.0000   0.0000   0.0000
    4468  -2.5252   3.9150  17.1799   0.0000   0.0000   0.0000
    4469  -2.9107   4.9873  16.6910   0.0000   0.0000   0.0000
    4470  -3.8394   4.7976  17.9008   0.0000   0.0000   0.0000
    4471  -2.8131   3.9256  16.8253   0.0000   0.0000   0.0000
    4472  -3.2600   3.1860  18.3215   0.0000   0.0000   0.0000
    4473  -4.0579   4.9356  17.0091   0.0000   0.0000   0.0000
    4474  -4.2998   4.5359  17.2408   0.0000   0.0000   0.0000
    4475  -3.8301   4.1141  16.3559   0.0000   0.0000   0.0000
    4476  -4.4550   4.7219  17.2096   0.0000   0.0000   0.0000
    4477  -5.0135   4.3831  17.1159   0.0000   0.0000   0.0000
    4478  -4.9695   5.2948  17.7322   0.0000   0.0000   0.0000
    4479  -3.9881   5.3276  15.9943   0.0000   0.0000   0.0000
    4480  -3.9258   5.1598  15.6663   0.0000   0.0000   0.0000
    4481  -3.7694   4.9847  16.5525   0.0000   0.0000   0.0000
    4482  -4.4027   5.1993  16.0828   0.0000   0.0000   0.0000
    4483  -4.9952   5.2014  16.3922   0.0000   0.0000   0.0000
    4484  -4.0969   5.7634  16.8566   0.0000   0.0000   0.0000
    4485  -2.7316   4.7628  15.8175   0.0000   0.0000   0.0000
    4486  -4.3356   5.9320  16.6799   0.0000   0.0000   0.0000
    4487  -3.9064   5.5275  15.6936   0.0000   0.0000   0.0000
    4488  -3.4533   5.2147  17.0253   0.0000   0.0000   0.0000
    4489  -3.9221   5.3269  16.4933   0.0000   0.0000   0.0000
    4490  -3.8305   5.3467  16.9251   0.0000   0.0000   0.0000
    4491  -4.1086   4.7186  15.6571   0.0000   0.0000   0.0000
    4492  -4.0368   4.6325  17.4318   0.0000   0.0000   0.0000
    4493  -4.2486   4.8261  18.2283   0.0000   0.0000   0.0000
    4494  -3.8224   4.8387  18.2723   0.0000   0.0000   0.0000
    4495  -2.6830   5.2734  17.7560   0.0000   0.0000   0.0000
    4496  -3.3252   4.6197  19.5169   0.0000   0.0000   0.0000
    4497  -3.0118   5.0540  16.5548   0.0000   0.0000   0.0000
    4498  -2.7382   5.2498  17.5010   0.0000   0.0000   0.0000
    4499  -3.2204   4.3708  17.2966   0.0000   0.0000   0.0000
    4500  -3.6089   4.9927  16.9990   0.0000   0.0000   0.0000
    4501  -3.5554   4.6516  18.0231   0.0000   0.0000   0.0000
    4502  -2.7026   4.2132  18.3225   0.0000   0.0000   0.0000
    4503  -3.7704   5.4482  17.0582   0.0000   0.0000   0.0000
    4504  -3.3011   4.7608  17.5249   0.0000   0.0000   0.0000
    4505  -3.7338   5.2006  18.6626   0.0000   0.0000   0.0000
    4506  -2.9016   5.3529  17.1867   0.0000   0.0000   0.0000
    4507  -3.4119   5.1531  17.4973   0.0000   0.0000   0.0000
    4508  -3.1197   5.1331  18.5373   0.0000   0.0000   0.0000
    4509  -3.1155   4.5050  17.8366   0.0000   0.0000   0.0000
    4510  -3.6953   4.3485  18.4522   0.0000   0.0000   0.0000
    4511  -2.8965   4.0797  17.5420   0.0000   0.0000   0.0000
    4512  -3.1599   4.2309  17.0405   0.0000   0.0000   0.0000
    4513  -2.8938   4.1090  18.5856   0.0000   0.0000   0.0000
    4514  -2.8466   4.2156  17.2024   0.0000   0.0000   0.0000
    4515  -3.0568   4.3790  17.9719   0.0000   0.0000   0.0000
    4516  -2.0224   4.5344  17.5253   0.0000   0.0000   0.0000
    4517  -2.5009   5.5699  17.3681   0.0000   0.0000   0.0000
    4518  -1.6412   5.0108  17.7267   0.0000   0.0000   0.0000
    4519  -2.0907   4.9263  16.5726   0.0000   0.0000   0.0000
    4520  -1.7094   4.4704  18.0411   0.0000   0.0000   0.0000
    4521  -2.2858   4.2146  17.8130   0.0000   0.0000   0.0000
    4522  -2.9259   4.2657  17.1578   0.0000   0.0000   0.0000
    4523  -2.1719   4.6971  19.0985   0.0000   0.0000   0.0000
    4524  -2.7823   4.9821  19.4918   0.0000   0.0000   0.0000
    4525  -3.8632   5.8457  19.3249   0.0000   0.0000   0.0000
    4526  -3.2882   6.1660  19.4914   0.0000   0.0000   0.0000
    4527  -2.7561   6.1571  17.8730   0.0000   0.0000   0.0000
    4528  -3.5751   6.0801  17.7755   0.0000   0.0000   0.0000
    4529  -3.9879   5.6805  18.4862   0.0000   0.0000   0.0000
    4530  -4.8704   5.9475  18.9647   0.0000   0.0000   0.0000
    4531  -4.9707   5.0627  18.9762   0.0000   0.0000   0.0000
    4532  -3.7906   5.0549  18.4729   0.0000   0.0000   0.0000
    4533  -2.8415   5.5446  16.8790   0.0000   0.0000   0.0000
    4534  -3.9890   6.3358  19.4363   0.0000   0.0000   0.0000
    4535  -2.2921   5.5590  18.8393   0.0000   0.0000   0.0000
    4536  -2.8442   6.5702  18.3725   0.0000   0.0000   0.0000
    4537  -3.7141   5.7293  20.4786   0.0000   0.0000   0.0000
    4538  -3.3153   5.2960  17.7428   0.0000   0.0000   0.0000
    4539  -3.6968   5.5694  18.9977   0.0000   0.0000   0.0000
    4540  -3.3173   5.8566  19.9062   0.0000   0.0000   0.0000
    4541  -3.5465   5.6890  19.4088   0.0000   0.0000   0.0000
    4542  -3.9639   6.4730  16.8645   0.0000   0.0000   0.0000
    4543  -4.0362   5.9102  16.9567   0.0000   0.0000   0.0000
    4544  -3.4125   5.7885  18.0908   0.0000   0.0000   0.0000
    4545  -4.6685   5.7866  16.8143   0.0000   0.0000   0.0000
    4546  -3.7102   5.9281  16.9519   0.0000   0.0000   0.0000
    4547  -3.8445   6.4077  18.6103   0.0000   0.0000   0.0000
    4548  -4.9361   5.6269  17.2893   0.0000   0.0000   0.0000
    4549  -4.2662   6.1318  19.1537   0.0000   0.0000   0.0000
    4550  -4.5226   6.6597  18.7226   0.0000   0.0000   0.0000
    4551  -4.9925   6.4987  19.3485   0.0000   0.0000   0.0000
    4552  -5.6113   6.6032  18.4434   0.0000   0.0000   0.0000
    4553  -6.2688   5.9405  19.4393   0.0000   0.0000   0.0000
    4554  -5.2727   5.6258  19.7077   0.0000   0.0000   0.0000
    4555  -4.5934   5.8131  18.8778   0.0000   0.0000   0.0000
    4556  -4.4292   5.9783  18.1232   0.0000   0.0000   0.0000
    4557  -4.1631   5.0896  19.4031   0.0000   0.0000   0.0000
    4558  -5.0071   5.7605  17.9348   0.0000   0.0000   0.0000
    4559  -3.6822   6.6353  20.5278   0.0000   0.0000   0.0000
    4560  -5.5359   6.3630  18.4953   0.0000   0.0000   0.0000
    4561  -4.3797   6.1184  18.4705   0.0000   0.0000   0.0000
    4562  -3.7665   7.1223  18.3082   0.0000   0.0000   0.0000
    4563  -4.3064   6.9490  19.7119   0.0000   0.0000   0.0000
    4564  -3.3213   7.2045  18.8543   0.0000   0.0000   0.0000
    4565  -3.7026   7.0018  19.4223   0.0000   0.0000   0.0000
    4566  -2.5385   6.7303  18.4611   0.0000   0.0000   0.0000
    4567  -2.0870   7.5796  18.6716   0.0000   0.0000   0.0000
    4568  -2.7988   6.7998  19.4511   0.0000   0.0000   0.0000
    4569  -2.8086   6.6063  18.7652   0.0000   0.0000   0.0000
    4570  -3.6955   6.4597  19.3895   0.0000   0.0000   0.0000
    4571  -3.8450   6.4082  18.4484   0.0000   0.0000   0.0000
    4572  -4.4301   6.0435  18.0360   0.0000   0.0000   0.0000
    4573  -4.4754   6.2726  19.0406   0.0000   0.0000   0.0000
    4574  -2.9903   5.4910  17.0046   0.0000   0.0000   0.0000
    4575  -3.2713   5.7045  18.6156   0.0000   0.0000   0.0000
    4576  -3.0987   6.1988  18.4185   0.0000   0.0000   0.0000
    4577  -3.6459   5.9663  19.1197   0.0000   0.0000   0.0000
    4578  -2.6979   5.5856  19.1527   0.0000   0.0000   0.0000
    4579  -3.2453   6.2602  18.3398   0.0000   0.0000   0.0000
    4580  -3.0216   5.7739  17.6560   0.0000   0.0000   0.0000
    4581  -3.6872   6.2013  18.6492   0.0000   0.0000   0.0000
    4582  -3.0057   6.4015  17.9843   0.0000   0.0000   0.0000
    4583  -2.6667   6.1490  17.4679   0.0000   0.0000   0.0000
    4584  -2.2706   6.6451  18.7423   0.0000   0.0000   0.0000
    4585  -2.2563   5.9540  17.6923   0.0000   0.0000   0.0000
    4586  -3.1823   5.8957  18.1078   0.0000   0.0000   0.0000
    4587  -2.1638   5.7797  17.2979   0.0000   0.0000   0.0000
    4588  -3.2625   5.6164  18.0969   0.0000   0.0000   0.0000
    4589  -2.6618   4.8178  17.3685   0.0000   0.0000   0.0000
    4590  -3.3903   5.3978  18.2669   0.0000   0.0000   0.0000
    4591  -4.2870   5.1427  18.2699   0.0000   0.0000   0.0000
    4592  -5.0562   5.0509  17.4983   0.0000   0.0000   0.0000
    4593  -4.8944   5.3647  17.5580   0.0000   0.0000   0.0000
    4594  -4.0757   5.6858  17.1358   0.0000   0.0000   0.0000
    4595  -4.0814   6.9561  17.5175   0.0000   0.0000   0.0000
    4596  -3.8318   5.4750  18.5759   0.0000   0.0000   0.0000
    4597  -2.8598   5.5688  17.1955   0.0000   0.0000   0.0000
    4598  -3.9112   4.4353  17.2385   0.0000   0.0000   0.0000
    4599  -3.2587   5.0566  17.2322   0.0000   0.0000   0.0000
    4600  -3.0465   5.7695  17.7012   0.0000   0.0000   0.0000
    4601  -3.9747   6.0026  18.0331   0.0000   0.0000   0.0000
    4602  -3.4350   6.9645  19.1560   0.0000   0.0000   0.0000
    4603  -3.9984   5.4398  19.2649   0.0000   0.0000   0.0000
    4604  -3.8651   5.2410  19.0619   0.0000   0.0000   0.0000
    4605  -2.9377   5.2472  18.4306   0.0000   0.0000   0.0000
    4606  -2.2621   5.8499  16.7000   0.0000   0.0000   0.0000
    4607  -2.2353   5.3771  17.3537   0.0000   0.0000   0.0000
    4608  -1.2999   6.2433  16.4873   0.0000   0.0000   0.0000
    4609  -2.0089   5.9263  17.7432   0.0000   0.0000   0.0000
    4610  -3.2307   5.0392  18.4810   0.0000   0.0000   0.0000
    4611  -3.6197   4.5885  16.7783   0.0000   0.0000   0.0000
    4612  -3.2555   4.6521  18.2276   0.0000   0.0000   0.0000
    4613  -3.4944   5.4266  17.0382   0.0000   0.0000   0.0000
    4614  -3.7477   5.6358  16.7994   0.0000   0.0000   0.0000
    4615  -2.7841   4.8693  17.0878   0.0000   0.0000   0.0000
    4616  -2.8064   5.3686  17.1420   0.0000   0.0000   0.0000
    4617  -2.7756   5.3026  17.9718   0.0000   0.0000   0.0000
    4618  -3.0642   4.8757  18.7444   0.0000   0.0000   0.0000
    4619  -3.1271   4.9229  18.6741   0.0000   0.0000   0.0000
    4620  -3.5538   4.5953  17.9726   0.0000   0.0000   0.0000
    4621  -3.6844   5.5083  17.8610   0.0000   0.0000   0.0000
    4622  -2.6485   5.2411  18.4174   0.0000   0.0000   0.0000
    4623  -3.3805   6.0558  17.8137   0.0000   0.0000   0.0000
    4624  -4.0277   5.1929  18.0333   0.0000   0.0000   0.0000
    4625  -2.9445   4.6457  17.4244   0.0000   0.0000   0.0000
    4626  -3.4301   4.3276  18.4247   0.0000   0.0000   0.0000
    4627  -2.6279   4.8340  18.3522   0.0000   0.0000   0.0000
    4628  -4.6135   4.3296  17.6065   0.0000   0.0000   0.0000
    4629  -5.3444   5.1294  19.5344   0.0000   0.0000   0.0000
    4630  -5.1914   4.8875  17.7785   0.0000   0.0000   0.0000
    4631  -5.8199   5.3481  16.3190   0.0000   0.0000   0.0000
    4632  -5.7298   5.3686  17.4046   0.0000   0.0000   0.0000
    4633  -4.7153   3.6871  18.0497   0.0000   0.0000   0.0000
    4634  -6.5230   4.5607  17.1017   0.0000   0.0000   0.0000
    4635  -6.4633   5.1081  16.0787   0.0000   0.0000   0.0000
    4636  -6.3678   4.7018  17.3311   0.0000   0.0000   0.0000
    4637  -6.1458   4.4549  16.4201   0.0000   0.0000   0.0000
    4638  -4.9252   5.2094  15.5519   0.0000   0.0000   0.0000
    4639  -4.5511   5.4720  17.3792   0.0000   0.0000   0.0000
    4640  -5.7961   5.4624  17.0063   0.0000   0.0000   0.0000
    4641  -5.8729   5.3841  16.9803   0.0000   0.0000   0.0000
    4642  -5.8352   6.0246  17.5198   0.0000   0.0000   0.0000
    4643  -4.5867   5.8318  17.6816   0.0000   0.0000   0.0000
    4644  -6.1817   5.8478  17.9627   0.0000   0.0000   0.0000
    4645  -6.0955   4.7144  17.9911   0.0000   0.0000   0.0000
    4646  -5.6685   5.0480  17.3477   0.0000   0.0000   0.0000
    4647  -5.0548   5.3822  16.4716   0.0000   0.0000   0.0000
    4648  -4.6188   5.7871  15.9422   0.0000   0.0000   0.0000
    4649  -5.7246   5.3586  17.0093   0.0000   0.0000   0.0000
    4650  -4.3487   5.4441  16.7793   0.0000   0.0000   0.0000
    4651  -4.4987   4.6225  16.2823   0.0000   0.0000   0.0000
    4652  -3.3505   4.4241  16.1653   0.0000   0.0000   0.0000
    4653  -4.5126   4.8998  16.5900   0.0000   0.0000   0.0000
    4654  -6.8929   4.8127  16.9122   0.0000   0.0000   0.0000
    4655  -5.6104   4.2176  16.6931   0.0000   0.0000   0.0000
    4656  -4.5453   3.4156  16.7065   0.0000   0.0000   0.0000
    4657  -6.3266   3.4461  18.4149   0.0000   0.0000   0.0000
    4658  -4.1149   4.3264  16.7274   0.0000   0.0000   0.0000
    4659  -4.9476   4.0320  16.0396   0.0000   0.0000   0.0000
    4660  -4.5805   4.0614  17.0795   0.0000   0.0000   0.0000
    4661  -4.4685   4.1752  16.6430   0.0000   0.0000   0.0000
    4662  -3.5585   3.7145  15.6109   0.0000   0.0000   0.0000
    4663  -2.8012   4.3588  15.5132   0.0000   0.0000   0.0000
    4664  -3.1208   3.6191  14.9825   0.0000   0.0000   0.0000
    4665  -4.3370   3.4245  15.9197   0.0000   0.0000   0.0000
    4666  -3.5027   3.2198  16.6172   0.0000   0.0000   0.0000
    4667  -3.8007   3.4355  15.4033   0.0000   0.0000   0.0000
    4668  -3.5233   3.4535  16.0063   0.0000   0.0000   0.0000
    4669  -3.5702   4.7529  15.7486   0.0000   0.0000   0.0000
    4670  -3.7138   3.3055  15.9145   0.0000   0.0000   0.0000
    4671  -4.0429   3.8809  16.1247   0.0000   0.0000   0.0000
    4672  -4.4905   4.3047  16.3380   0.0000   0.0000   0.0000
    4673  -4.0158   4.6727  16.0053   0.0000   0.0000   0.0000
    4674  -3.9621   4.8216  15.1003   0.0000   0.0000   0.0000
    4675  -4.9341   4.3815  16.0919   0.0000   0.0000   0.0000
    4676  -4.4511   4.8224  16.6192   0.0000   0.0000   0.0000
    4677  -5.7892   3.5913  16.9551   0.0000   0.0000   0.0000
    4678  -5.4990   3.7438  17.4694   0.0000   0.0000   0.0000
    4679  -5.5529   4.0591  17.5987   0.0000   0.0000   0.0000
    4680  -5.4269   3.6525  17.5648   0.0000   0.0000   0.0000
    4681  -4.4533   4.0407  17.2240   0.0000   0.0000   0.0000
    4682  -4.9728   4.3602  16.5266   0.0000   0.0000   0.0000
    4683  -5.0635   3.9733  17.1667   0.0000   0.0000   0.0000
    4684  -5.5062   3.5911  17.0487   0.0000   0.0000   0.0000
    4685  -4.7071   4.0518  17.3634   0.0000   0.0000   0.0000
    4686  -5.5164   3.8710  16.1304   0.0000   0.0000   0.0000
    4687  -5.3619   3.6534  18.3652   0.0000   0.0000   0.0000
    4688  -6.6054   4.3622  17.2526   0.0000   0.0000   0.0000
    4689  -6.4878   4.2653  16.7280   0.0000   0.0000   0.0000
    4690  -5.3126   4.6265  17.3783   0.0000   0.0000   0.0000
    4691  -5.5382   4.6645  16.4735   0.0000   0.0000   0.0000
    4692  -5.2329   4.2739  17.4771   0.0000   0.0000   0.0000
    4693  -5.0453   4.9575  18.2179   0.0000   0.0000   0.0000
    4694  -5.0007   4.7369  17.1247   0.0000   0.0000   0.0000
    4695  -4.5620   5.5125  16.8411   0.0000   0.0000   0.0000
    4696  -5.0505   6.0515  17.4181   0.0000   0.0000   0.0000
    4697  -5.5471   5.3238  17.6023   0.0000   0.0000   0.0000
    4698  -4.3990   4.8805  16.8412   0.0000   0.0000   0.0000
    4699  -5.0331   5.8659  16.9326   0.0000   0.0000   0.0000
    4700  -3.9995   5.2469  17.7250   0.0000   0.0000   0.0000
    4701  -4.6485   4.5233  17.9371   0.0000   0.0000   0.0000
    4702  -3.9012   4.5506  17.0934   0.0000   0.0000   0.0000
    4703  -4.3969   4.6120  16.1758   0.0000   0.0000   0.0000
    4704  -4.6961   5.2523  17.4247   0.0000   0.0000   0.0000
    4705  -4.6981   4.2290  18.2054   0.0000   0.0000   0.0000
    4706  -4.7600   4.0641  17.8203   0.0000   0.0000   0.0000
    4707  -4.8649   4.6153  17.2311   0.0000   0.0000   0.0000
    4708  -5.1082   4.8515  15.4919   0.0000   0.0000   0.0000
    4709  -5.2066   5.6164  15.7013   0.0000   0.0000   0.0000
    4710  -5.0746   5.7465  15.8640   0.0000   0.0000   0.0000
    4711  -4.0278   5.1808  15.3607   0.0000   0.0000   0.0000
    4712  -4.5391   4.9072  14.5577   0.0000   0.0000   0.0000
    4713  -5.1783   5.2037  15.6561   0.0000   0.0000   0.0000
    4714  -3.8705   4.9716  15.0043   0.0000   0.0000   0.0000
    4715  -5.7718   4.7973  15.1330   0.0000   0.0000   0.0000
    4716  -5.2930   4.6062  15.4311   0.0000   0.0000   0.0000
    4717  -4.6252   5.1422  15.8936   0.0000   0.0000   0.0000
    4718  -3.5576   5.1935  15.8041   0.0000   0.0000   0.0000
    4719  -5.0545   4.5520  17.2428   0.0000   0.0000   0.0000
    4720  -5.4867   4.2242  16.9036   0.0000   0.0000   0.0000
    4721  -4.5236   4.9851  16.6250   0.0000   0.0000   0.0000
    4722  -5.1659   5.9090  17.5419   0.0000   0.0000   0.0000
    4723  -6.4330   5.2343  16.6459   0.0000   0.0000   0.0000
    4724  -6.5713   4.8882  16.7000   0.0000   0.0000   0.0000
    4725  -5.4420   4.4071  16.8852   0.0000   0.0000   0.0000
    4726  -5.9120   4.2010  17.3298   0.0000   0.0000   0.0000
    4727  -6.0328   4.2880  16.6621   0.0000   0.0000   0.0000
    4728  -6.0738   4.6814  16.7778   0.0000   0.0000   0.0000
    4729  -5.5840   5.1036  17.3145   0.0000   0.0000   0.0000
    4730  -6.5838   6.4633  16.6477   0.0000   0.0000   0.0000
    4731  -7.3035   5.2000  17.2564   0.0000   0.0000   0.0000
    4732  -7.5565   5.4788  17.1399   0.0000   0.0000   0.0000
    4733  -6.9911   5.6847  17.9054   0.0000   0.0000   0.0000
    4734  -7.2733   5.2355  18.5757   0.0000   0.0000   0.0000
    4735  -6.8003   5.6421  17.9583   0.0000   0.0000   0.0000
    4736  -6.8623   5.3234  18.2512   0.0000   0.0000   0.0000
    4737  -6.0834   5.0652  17.5805   0.0000   0.0000   0.0000
    4738  -6.2188   5.6855  18.5616   0.0000   0.0000   0.0000
    4739  -5.7396   5.4516  17.8696   0.0000   0.0000   0.0000
    4740  -4.9635   5.3192  18.2784   0.0000   0.0000   0.0000
    4741  -4.6301   4.3562  18.4745   0.0000   0.0000   0.0000
    4742  -5.2313   5.2307  17.5915   0.0000   0.0000   0.0000
    4743  -3.3344   5.5539  15.3755   0.0000   0.0000   0.0000
    4744  -4.2598   5.4483  17.0726   0.0000   0.0000   0.0000
    4745  -4.5148   4.8256  16.6522   0.0000   0.0000   0.0000
    4746  -4.4618   5.7807  17.0807   0.0000   0.0000   0.0000
    4747  -4.3283   5.2057  16.5636   0.0000   0.0000   0.0000
    4748  -4.7477   4.6110  17.3586   0.0000   0.0000   0.0000
    4749  -5.1587   6.2453  17.0613   0.0000   0.0000   0.0000
    4750  -5.5319   6.0038  16.8931   0.0000   0.0000   0.0000
    4751  -5.1085   6.2987  16.4919   0.0000   0.0000   0.0000
    4752  -5.1135   5.8051  16.5754   0.0000   0.0000   0.0000
    4753  -5.3442   5.1969  17.3699   0.0000   0.0000   0.0000
    4754  -5.6269   5.4328  15.4804   0.0000   0.0000   0.0000
    4755  -3.4106   6.8067  15.5627   0.0000   0.0000   0.0000
    4756  -5.1628   6.3886  17.9983   0.0000   0.0000   0.0000
    4757  -4.4741   5.8086  15.7729   0.0000   0.0000   0.0000
    4758  -5.4255   6.8406  16.8815   0.0000   0.0000   0.0000
    4759  -5.5876   5.7885  15.8678   0.0000   0.0000   0.0000
    4760  -5.4960   5.3457  16.8835   0.0000   0.0000   0.0000
    4761  -5.5813   6.5057  16.6683   0.0000   0.0000   0.0000
    4762  -5.7218   5.9120  17.7868   0.0000   0.0000   0.0000
    4763  -5.6661   6.6787  16.6555   0.0000   0.0000   0.0000
    4764  -6.1851   6.2632  16.0198   0.0000   0.0000   0.0000
    4765  -4.6861   6.3278  15.5338   0.0000   0.0000   0.0000
    4766  -4.7111   6.4453  14.2725   0.0000   0.0000   0.0000
    4767  -4.2175   5.9382  15.0751   0.0000   0.0000   0.0000
    4768  -4.0982   5.9814  14.8550   0.0000   0.0000   0.0000
    4769  -4.7110   6.0558  14.4565   0.0000   0.0000   0.0000
    4770  -4.5797   6.4537  14.5625   0.0000   0.0000   0.0000
    4771  -3.5015   4.9874  15.4541   0.0000   0.0000   0.0000
    4772  -4.3772   5.6315  14.7619   0.0000   0.0000   0.0000
    4773  -4.2572   5.4648  15.5043   0.0000   0.0000   0.0000
    4774  -5.0024   6.8750  15.2603   0.0000   0.0000   0.0000
    4775  -4.6961   6.2865  15.2339   0.0000   0.0000   0.0000
    4776  -5.3431   6.3764  15.6498   0.0000   0.0000   0.0000
    4777  -5.6472   5.8412  15.9753   0.0000   0.0000   0.0000
    4778  -4.6421   6.4610  15.3350   0.0000   0.0000   0.0000
    4779  -4.6320   5.4515  14.6443   0.0000   0.0000   0.0000
    4780  -4.2934   5.9288  14.7782   0.0000   0.0000   0.0000
    4781  -5.4001   5.8202  14.3991   0.0000   0.0000   0.0000
    4782  -4.8833   6.2781  14.8897   0.0000   0.0000   0.0000
    4783  -5.0680   5.6137  13.9816   0.0000   0.0000   0.0000
    4784  -4.0806   5.9610  14.4813   0.0000   0.0000   0.0000
    4785  -4.4357   5.6323  13.5858   0.0000   0.0000   0.0000
    4786  -5.4834   6.0602  13.7345   0.0000   0.0000   0.0000
    4787  -4.4085   5.8177  13.6252   0.0000   0.0000   0.0000
    4788  -5.1124   5.7153  14.8446   0.0000   0.0000   0.0000
    4789  -4.7452   5.3722  14.5065   0.0000   0.0000   0.0000
    4790  -4.4817   5.8656  14.3015   0.0000   0.0000   0.0000
    4791  -4.2756   5.6882  13.2019   0.0000   0.0000   0.0000
    4792  -3.5235   6.2720  14.2420   0.0000   0.0000   0.0000
    4793  -4.6599   5.8832  15.3263   0.0000   0.0000   0.0000
    4794  -4.0386   5.1301  14.2315   0.0000   0.0000   0.0000
    4795  -4.1153   6.1662  14.9490   0.0000   0.0000   0.0000
    4796  -3.2082   5.7432  14.9486   0.0000   0.0000   0.0000
    4797  -4.4717   5.6129  16.0975   0.0000   0.0000   0.0000
    4798  -4.8822   5.1406  15.4483   0.0000   0.0000   0.0000
    4799  -5.0964   5.0175  14.9091   0.0000   0.0000   0.0000
    4800  -4.9856   5.0402  15.1453   0.0000   0.0000   0.0000
    4801  -3.9464   5.4304  15.6537   0.0000   0.0000   0.0000
    4802  -5.0852   5.4459  15.8302   0.0000   0.0000   0.0000
    4803  -4.5724   5.4654  15.4625   0.0000   0.0000   0.0000
    4804  -4.5686   4.5932  15.9535   0.0000   0.0000   0.0000
    4805  -5.3490   4.8848  15.0362   0.0000   0.0000   0.0000
    4806  -5.3807   4.9081  15.8225   0.0000   0.0000   0.0000
    4807  -5.0342   4.9500  15.7260   0.0000   0.0000   0.0000
    4808  -5.1664   6.2708  15.1933   0.0000   0.0000   0.0000
    4809  -5.6848   4.9637  16.4125   0.0000   0.0000   0.0000
    4810  -5.7634   4.6953  15.8498   0.0000   0.0000   0.0000
    4811  -6.3654   5.6028  16.3825   0.0000   0.0000   0.0000
    4812  -4.9809   4.7161  15.9618   0.0000   0.0000   0.0000
    4813  -4.9932   5.2937  16.6905   0.0000   0.0000   0.0000
    4814  -4.2891   4.9047  16.7292   0.0000   0.0000   0.0000
    4815  -5.4992   4.6913  15.5582   0.0000   0.0000   0.0000
    4816  -5.3200   5.3190  16.6227   0.0000   0.0000   0.0000
    4817  -5.0528   5.4836  16.6206   0.0000   0.0000   0.0000
    4818  -5.7059   5.2126  16.5500   0.0000   0.0000   0.0000
    4819  -5.2678   5.6206  16.7714   0.0000   0.0000   0.0000
    4820  -4.8895   5.7376  16.9361   0.0000   0.0000   0.0000
    4821  -4.0700   4.7981  17.0886   0.0000   0.0000   0.0000
    4822  -4.0546   5.1507  16.3588   0.0000   0.0000   0.0000
    4823  -4.8289   4.9455  16.6186   0.0000   0.0000   0.0000
    4824  -4.4465   4.6323  16.9082   0.0000   0.0000   0.0000
    4825  -3.1288   5.1291  17.1192   0.0000   0.0000   0.0000
    4826  -3.7071   4.9854  18.0940   0.0000   0.0000   0.0000
    4827  -4.4170   6.4428  17.2517   0.0000   0.0000   0.0000
    4828  -3.0126   5.8465  17.0412   0.0000   0.0000   0.0000
    4829  -4.4063   5.2660  17.8428   0.0000   0.0000   0.0000
    4830  -4.6931   5.5257  18.4047   0.0000   0.0000   0.0000
    4831  -3.3836   4.3391  17.9341   0.0000   0.0000   0.0000
    4832  -3.2881   4.7071  17.3827   0.0000   0.0000   0.0000
    4833  -4.4320   5.0945  17.9603   0.0000   0.0000   0.0000
    4834  -4.0099   5.3324  18.0314   0.0000   0.0000   0.0000
    4835  -3.4593   4.6134  17.2930   0.0000   0.0000   0.0000
    4836  -4.4117   5.2484  17.2201   0.0000   0.0000   0.0000
    4837  -3.9115   4.6121  17.4459   0.0000   0.0000   0.0000
    4838  -4.5922   5.1586  17.1932   0.0000   0.0000   0.0000
    4839  -5.0889   5.4207  16.7656   0.0000   0.0000   0.0000
    4840  -4.9013   5.5613  17.6585   0.0000   0.0000   0.0000
    4841  -5.5392   6.1251  17.5331   0.0000   0.0000   0.0000
    4842  -4.6622   6.0510  16.6147   0.0000   0.0000   0.0000
    4843  -5.3074   5.9641  17.2680   0.0000   0.0000   0.0000
    4844  -5.2612   4.8931  17.1878   0.0000   0.0000   0.0000
    4845  -4.4736   3.8783  18.3697   0.0000   0.0000   0.0000
    4846  -4.5951   5.0792  18.2444   0.0000   0.0000   0.0000
    4847  -5.2014   5.1120  18.4494   0.0000   0.0000   0.0000
    4848  -4.6191   4.8145  17.0135   0.0000   0.0000   0.0000
    4849  -3.8734   4.1808  16.5982   0.0000   0.0000   0.0000
    4850  -4.4415   3.8162  17.8822   0.0000   0.0000   0.0000
    4851  -4.9317   4.2518  17.8457   0.0000   0.0000   0.0000
    4852  -4.4307   3.5326  17.9649   0.0000   0.0000   0.0000
    4853  -3.8410   4.0738  17.1742   0.0000   0.0000   0.0000
    4854  -3.1840   3.6411  18.6349   0.0000   0.0000   0.0000
    4855  -4.0257   3.4073  17.3840   0.0000   0.0000   0.0000
    4856  -4.6033   4.2983  16.9477   0.0000   0.0000   0.0000
    4857  -4.3689   3.9314  17.2929   0.0000   0.0000   0.0000
    4858  -3.8701   4.0174  17.6126   0.0000   0.0000   0.0000
    4859  -4.4412   3.7738  16.7607   0.0000   0.0000   0.0000
    4860  -5.9535   4.9298  16.9049   0.0000   0.0000   0.0000
    4861  -4.6845   4.5187  18.0678   0.0000   0.0000   0.0000
    4862  -4.0571   4.8549  16.4463   0.0000   0.0000   0.0000
    4863  -4.0418   5.0677  16.6493   0.0000   0.0000   0.0000
    4864  -3.8599   4.0557  15.7249   0.0000   0.0000   0.0000
    4865  -3.6646   4.1927  16.2095   0.0000   0.0000   0.0000
    4866  -4.4901   4.5366  17.0473   0.0000   0.0000   0.0000
    4867  -4.2216   4.6866  16.0873   0.0000   0.0000   0.0000
    4868  -3.3720   5.3804  16.8073   0.0000   0.0000   0.0000
    4869  -4.2212   4.2685  16.9647   0.0000   0.0000   0.0000
    4870  -3.4672   3.5449  16.4267   0.0000   0.0000   0.0000
    4871  -4.4345   2.4140  17.1235   0.0000   0.0000   0.0000
    4872  -5.4184   3.6804  17.6179   0.0000   0.0000   0.0000
    4873  -5.1480   3.3625  18.1847   0.0000   0.0000   0.0000
    4874  -5.0073   2.8934  18.2292   0.0000   0.0000   0.0000
    4875  -3.9818   3.0080  18.1430   0.0000   0.0000   0.0000
    4876  -4.2876   4.2232  17.5132   0.0000   0.0000   0.0000
    4877  -5.6801   4.0780  17.2935   0.0000   0.0000   0.0000
    4878  -5.6978   3.4064  18.0312   0.0000   0.0000   0.0000
    4879  -5.3154   4.0327  17.6956   0.0000   0.0000   0.0000
    4880  -3.9025   3.8963  15.5415   0.0000   0.0000   0.0000
    4881  -5.0643   4.5198  16.0680   0.0000   0.0000   0.0000
    4882  -4.9747   3.7904  16.4455   0.0000   0.0000   0.0000
    4883  -4.4556   4.6770  17.0737   0.0000   0.0000   0.0000
    4884  -4.8782   4.4056  17.0402   0.0000   0.0000   0.0000
    4885  -4.9101   5.1931  16.7350   0.0000   0.0000   0.0000
    4886  -4.4453   4.8973  16.5108   0.0000   0.0000   0.0000
    4887  -4.5408   4.5992  16.7979   0.0000   0.0000   0.0000
    4888  -4.2704   3.9825  17.6630   0.0000   0.0000   0.0000
    4889  -4.3096   3.6399  16.4925   0.0000   0.0000   0.0000
    4890  -5.2124   3.3830  16.6603   0.0000   0.0000   0.0000
    4891  -3.3420   3.2260  17.0601   0.0000   0.0000   0.0000
    4892  -3.2706   3.1338  17.3215   0.0000   0.0000   0.0000
    4893  -5.5765   3.1617  17.7090   0.0000   0.0000   0.0000
    4894  -5.9429   3.4020  18.7050   0.0000   0.0000   0.0000
    4895  -4.3562   4.5457  14.8789   0.0000   0.0000   0.0000
    4896  -4.6076   3.9406  15.4002   0.0000   0.0000   0.0000
    4897  -4.7417   4.0638  14.5997   0.0000   0.0000   0.0000
    4898  -4.0578   3.8648  15.2749   0.0000   0.0000   0.0000
    4899  -5.4967   4.9812  16.8821   0.0000   0.0000   0.0000
    4900  -5.9505   4.2986  17.2199   0.0000   0.0000   0.0000
    4901  -6.1890   3.9909  15.7088   0.0000   0.0000   0.0000
    4902  -5.8025   4.8554  17.1152   0.0000   0.0000   0.0000
    4903  -5.4228   4.1354  17.3075   0.0000   0.0000   0.0000
    4904  -4.6689   3.9844  17.2134   0.0000   0.0000   0.0000
    4905  -4.8995   4.4008  15.5664   0.0000   0.0000   0.0000
    4906  -6.1644   4.1169  15.6274   0.0000   0.0000   0.0000
    4907  -6.2975   2.9646  15.1850   0.0000   0.0000   0.0000
    4908  -5.8543   3.6103  16.5599   0.0000   0.0000   0.0000
    4909  -4.9500   2.9419  16.7436   0.0000   0.0000   0.0000
    4910  -6.3244   4.8342  16.5583   0.0000   0.0000   0.0000
    4911  -6.0937   4.0711  16.2869   0.0000   0.0000   0.0000
    4912  -4.8857   3.5385  15.6092   0.0000   0.0000   0.0000
    4913  -5.9580   4.4763  16.6086   0.0000   0.0000   0.0000
    4914  -4.9933   4.1105  16.9022   0.0000   0.0000   0.0000
    4915  -5.8485   4.7740  16.0142   0.0000   0.0000   0.0000
    4916  -5.0148   4.3777  15.9720   0.0000   0.0000   0.0000
    4917  -7.2080   5.3411  16.4209   0.0000   0.0000   0.0000
    4918  -7.3254   4.7124  16.1860   0.0000   0.0000   0.0000
    4919  -6.1546   4.0155  15.8390   0.0000   0.0000   0.0000
    4920  -7.3411   4.7480  17.7388   0.0000   0.0000   0.0000
    4921  -6.2767   4.3042  15.9403   0.0000   0.0000   0.0000
    4922  -5.9927   4.2220  15.8093   0.0000   0.0000   0.0000
    4923  -5.9423   4.1370  15.2691   0.0000   0.0000   0.0000
    4924  -5.3005   3.3962  15.6173   0.0000   0.0000   0.0000
    4925  -7.0095   4.1038  16.6259   0.0000   0.0000   0.0000
    4926  -5.8811   4.0203  15.4687   0.0000   0.0000   0.0000
    4927  -5.6778   4.1124  16.4776   0.0000   0.0000   0.0000
    4928  -6.9763   4.1490  16.4574   0.0000   0.0000   0.0000
    4929  -6.0972   4.0825  16.7922   0.0000   0.0000   0.0000
    4930  -7.6897   4.0583  17.5214   0.0000   0.0000   0.0000
    4931  -7.2679   3.4664  17.9804   0.0000   0.0000   0.0000
    4932  -6.1676   3.2619  17.1885   0.0000   0.0000   0.0000
    4933  -7.3878   3.7302  17.7371   0.0000   0.0000   0.0000
    4934  -6.4131   3.6812  16.8012   0.0000   0.0000   0.0000
    4935  -7.1010   3.7884  17.2260   0.0000   0.0000   0.0000
    4936  -6.6886   3.1250  18.4065   0.0000   0.0000   0.0000
    4937  -6.5862   3.4549  17.9693   0.0000   0.0000   0.0000
    4938  -5.6061   4.0958  17.7993   0.0000   0.0000   0.0000
    4939  -6.3213   4.2296  16.6134   0.0000   0.0000   0.0000
    4940  -6.4924   4.0173  18.3060   0.0000   0.0000   0.0000
    4941  -8.6284   4.1171  18.0817   0.0000   0.0000   0.0000
    4942  -7.6850   4.3952  17.6099   0.0000   0.0000   0.0000
    4943  -7.7098   3.0238  17.4760   0.0000   0.0000   0.0000
    4944  -7.4569   3.6156  16.9508   0.0000   0.0000   0.0000
    4945  -6.3152   4.1421  17.7921   0.0000   0.0000   0.0000
    4946  -6.1262   4.5856  17.2937   0.0000   0.0000   0.0000
    4947  -6.6882   4.3487  16.1779   0.0000   0.0000   0.0000
    4948  -5.6555   4.2717  17.4219   0.0000   0.0000   0.0000
    4949  -6.1186   3.7656  16.4500   0.0000   0.0000   0.0000
    4950  -6.2347   4.4454  17.6513   0.0000   0.0000   0.0000
    4951  -6.4287   5.4095  17.0462   0.0000   0.0000   0.0000
    4952  -6.1521   4.2953  16.4808   0.0000   0.0000   0.0000
    4953  -5.2867   4.7848  15.4661   0.0000   0.0000   0.0000
    4954  -5.5108   4.4698  16.7827   0.0000   0.0000   0.0000
    4955  -7.2778   4.2189  18.6478   0.0000   0.0000   0.0000
    4956  -6.1955   3.9604  18.3268   0.0000   0.0000   0.0000
    4957  -7.6165   4.1525  16.7594   0.0000   0.0000   0.0000
    4958  -5.9113   4.4993  16.5020   0.0000   0.0000   0.0000
    4959  -5.9034   3.9299  15.8659   0.0000   0.0000   0.0000
    4960  -5.7873   4.0988  16.7610   0.0000   0.0000   0.0000
    4961  -5.7927   3.8246  17.0296   0.0000   0.0000   0.0000
    4962  -6.0644   4.4570  17.6237   0.0000   0.0000   0.0000
    4963  -6.1312   4.1869  17.5759   0.0000   0.0000   0.0000
    4964  -5.8494   4.7319  16.8358   0.0000   0.0000   0.0000
    4965  -5.2664   4.1769  16.4652   0.0000   0.0000   0.0000
    4966  -4.5726   4.4038  15.1104   0.0000   0.0000   0.0000
    4967  -4.8696   4.4028  16.7226   0.0000   0.0000   0.0000
    4968  -5.9352   4.7742  15.5098   0.0000   0.0000   0.0000
    4969  -6.3882   4.6206  16.2142   0.0000   0.0000   0.0000
    4970  -6.1363   4.7963  16.3714   0.0000   0.0000   0.0000
    4971  -7.0345   4.8037  15.8697   0.0000   0.0000   0.0000
    4972  -5.5411   5.0757  16.3517   0.0000   0.0000   0.0000
    4973  -6.0407   5.6874  16.0189   0.0000   0.0000   0.0000
    4974  -6.0773   5.2038  15.8194   0.0000   0.0000   0.0000
    4975  -5.1468   5.2026  17.1952   0.0000   0.0000   0.0000
    4976  -6.7230   4.6458  16.3849   0.0000   0.0000   0.0000
    4977  -6.4768   5.4188  16.9780   0.0000   0.0000   0.0000
    4978  -6.2603   5.8394  16.9498   0.0000   0.0000   0.0000
    4979  -6.9175   4.4366  16.8342   0.0000   0.0000   0.0000
    4980  -6.1447   5.2092  16.9147   0.0000   0.0000   0.0000
    4981  -6.0876   5.5655  16.6074   0.0000   0.0000   0.0000
    4982  -5.7903   4.7868  17.8288   0.0000   0.0000   0.0000
    4983  -6.8683   4.7251  17.0541   0.0000   0.0000   0.0000
    4984  -6.6232   5.0296  16.2924   0.0000   0.0000   0.0000
    4985  -6.7861   4.1627  17.2158   0.0000   0.0000   0.0000
    4986  -6.9497   4.1761  17.2092   0.0000   0.0000   0.0000
    4987  -6.3752   4.5175  17.8063   0.0000   0.0000   0.0000
    4988  -6.1895   4.3352  18.2567   0.0000   0.0000   0.0000
    4989  -7.2753   3.7279  18.5236   0.0000   0.0000   0.0000
    4990  -7.1470   4.2618  18.2080   0.0000   0.0000   0.0000
    4991  -6.5005   4.2150  17.3434   0.0000   0.0000   0.0000
    4992  -6.0195   4.7607  17.6973   0.0000   0.0000   0.0000
    4993  -6.2831   5.6513  16.3764   0.0000   0.0000   0.0000
    4994  -6.2369   5.2066  17.2730   0.0000   0.0000   0.0000
    4995  -6.3861   4.2526  18.4438   0.0000   0.0000   0.0000
    4996  -6.3739   4.6699  17.7651   0.0000   0.0000   0.0000
    4997  -6.4717   4.7622  16.6054   0.0000   0.0000   0.0000
    4998  -7.8006   4.3930  19.1452   0.0000   0.0000   0.0000
    4999  -5.4647   4.4814  17.1763   0.0000   0.0000   0.0000
    5000  -6.2296   3.9408  15.3406   0.0000   0.0000   0.0000
    5001  -6.0054   3.7596  17.3508   0.0000   0.0000   0.0000
    5002  -6.9130   4.0038  16.1606   0.0000   0.0000   0.0000
    5003  -7.8423   3.5470  17.4649   0.0000   0.0000   0.0000
    5004  -4.6797   3.2444  17.0057   0.0000   0.0000   0.0000
    5005  -5.7864   3.2093  18.0880   0.0000   0.0000   0.0000
    5006  -6.5636   3.7805  16.9256   0.0000   0.0000   0.0000
    5007  -6.6444   4.0642  16.4669   0.0000   0.0000   0.0000
    5008  -5.8117   4.1125  16.5079   0.0000   0.0000   0.0000
    5009  -6.4430   2.8860  17.4185   0.0000   0.0000   0.0000
    5010  -6.0582   4.3587  17.6944   0.0000   0.0000   0.0000
    5011  -5.5921   4.0876  17.5341   0.0000   0.0000   0.0000
    5012  -6.0796   4.2412  16.8758   0.0000   0.0000   0.0000
    5013  -6.3846   3.8706  17.0965   0.0000   0.0000   0.0000
    5014  -5.7120   3.5671  17.5274   0.0000   0.0000   0.0000
    5015  -5.7430   3.7989  17.4886   0.0000   0.0000   0.0000
    5016  -5.1264   4.7322  16.9815   0.0000   0.0000   0.0000
    5017  -4.9869   4.4376  18.2278   0.0000   0.0000   0.0000
    5018  -5.7364   4.3183  18.6423   0.0000   0.0000   0.0000
    5019  -7.1843   5.0611  18.6147   0.0000   0.0000   0.0000
    5020  -6.5895   4.2258  18.7868   0.0000   0.0000   0.0000
    5021  -6.3808   3.8039  18.4337   0.0000   0.0000   0.0000
    5022  -6.0097   3.3939  18.6735   0.0000   0.0000   0.0000
    5023  -5.8671   4.1820  17.6246   0.0000   0.0000   0.0000
    5024  -6.1035   4.7450  17.9733   0.0000   0.0000   0.0000
    5025  -6.2129   4.4564  18.5117   0.0000   0.0000   0.0000
    5026  -7.1399   3.9204  17.0094   0.0000   0.0000   0.0000
    5027  -6.3479   3.9021  17.8550   0.0000   0.0000   0.0000
    5028  -6.7411   4.0240  17.6013   0.0000   0.0000   0.0000
    5029  -7.0566   4.5500  17.4449   0.0000   0.0000   0.0000
    5030  -6.5198   4.8393  16.6722   0.0000   0.0000   0.0000
    5031  -7.4982   4.4243  17.5593   0.0000   0.0000   0.0000
    5032  -7.7888   4.6051  18.9963   0.0000   0.0000   0.0000
    5033  -6.6847   4.0766  17.0740   0.0000   0.0000   0.0000
    5034  -6.0997   4.2490  16.4230   0.0000   0.0000   0.0000
    5035  -5.9735   4.7917  17.4541   0.0000   0.0000   0.0000
    5036  -4.2986   4.2291  16.6079   0.0000   0.0000   0.0000
    5037  -5.3306   4.2334  17.2376   0.0000   0.0000   0.0000
    5038  -4.7242   4.8830  16.3273   0.0000   0.0000   0.0000
    5039  -4.8473   4.0772  16.2053   0.0000   0.0000   0.0000
    5040  -6.4195   4.2101  15.8380   0.0000   0.0000   0.0000
    5041  -5.8117   3.8603  16.7440   0.0000   0.0000   0.0000
    5042  -5.9146   4.5389  16.3421   0.0000   0.0000   0.0000
    5043  -5.2596   4.6650  15.5005   0.0000   0.0000   0.0000
    5044  -5.7086   4.3794  16.4794   0.0000   0.0000   0.0000
    5045  -6.0498   3.2098  16.4975   0.0000   0.0000   0.0000
    5046  -6.6742   3.4374  15.4105   0.0000   0.0000   0.0000
    5047  -5.9846   3.5344  14.3862   0.0000   0.0000   0.0000
    5048  -6.8844   4.8769  15.6230   0.0000   0.0000   0.0000
    5049  -7.0577   3.9359  15.1715   0.0000   0.0000   0.0000
    5050  -6.8840   4.1502  16.3189   0.0000   0.0000   0.0000
    5051  -6.6644   4.6691  15.2510   0.0000   0.0000   0.0000
    5052  -6.8196   5.0821  15.6654   0.0000   0.0000   0.0000
    5053  -5.9800   4.0222  17.4999   0.0000   0.0000   0.0000
    5054  -5.3131   4.3908  15.7491   0.0000   0.0000   0.0000
    5055  -5.7774   5.5665  14.8674   0.0000   0.0000   0.0000
    5056  -6.9983   5.8460  16.5262   0.0000   0.0000   0.0000
    5057  -7.6828   6.0957  15.8571   0.0000   0.0000   0.0000
    5058  -6.7061   6.6296  15.1470   0.0000   0.0000   0.0000
    5059  -7.8616   7.3911  14.0455   0.0000   0.0000   0.0000
    5060  -8.0947   6.6368  15.3523   0.0000   0.0000   0.0000
    5061  -7.5216   6.0570  16.0566   0.0000   0.0000   0.0000
    5062  -6.9926   6.1733  14.2532   0.0000   0.0000   0.0000
    5063  -7.1581   6.8597  15.6331   0.0000   0.0000   0.0000
    5064  -7.3499   6.3456  14.9725   0.0000   0.0000   0.0000
    5065  -7.2323   6.0175  15.9596   0.0000   0.0000   0.0000
    5066  -7.4348   5.7747  14.2928   0.0000   0.0000   0.0000
    5067  -7.4928   5.4986  15.1591   0.0000   0.0000   0.0000
    5068  -7.3484   5.1341  14.5164   0.0000   0.0000   0.0000
    5069  -7.9913   5.4945  13.8977   0.0000   0.0000   0.0000
    5070  -6.9390   4.8145  14.6015   0.0000   0.0000   0.0000
    5071  -7.1008   4.7090  15.1651   0.0000   0.0000   0.0000
    5072  -7.8795   5.0481  14.6001   0.0000   0.0000   0.0000
    5073  -8.6733   5.2805  16.5135   0.0000   0.0000   0.0000
    5074  -6.1846   5.9364  16.1385   0.0000   0.0000   0.0000
    5075  -7.3469   5.2634  16.2489   0.0000   0.0000   0.0000
    5076  -7.4901   5.7859  17.0712   0.0000   0.0000   0.0000
    5077  -7.2364   5.7985  15.5600   0.0000   0.0000   0.0000
    5078  -7.8352   5.9621  16.2257   0.0000   0.0000   0.0000
    5079  -7.5624   5.8687  15.9406   0.0000   0.0000   0.0000
    5080  -7.4375   4.8814  16.4211   0.0000   0.0000   0.0000
    5081  -8.3230   7.0202  16.0491   0.0000   0.0000   0.0000
    5082  -6.5877   5.6014  17.0662   0.0000   0.0000   0.0000
    5083  -6.7171   5.8477  17.7927   0.0000   0.0000   0.0000
    5084  -7.0157   4.7887  18.0106   0.0000   0.0000   0.0000
    5085  -7.0145   5.4468  16.6818   0.0000   0.0000   0.0000
    5086  -7.0493   5.5763  16.4859   0.0000   0.0000   0.0000
    5087  -6.6335   5.1049  17.2359   0.0000   0.0000   0.0000
    5088  -6.9095   4.7313  17.1645   0.0000   0.0000   0.0000
    5089  -7.1064   3.8492  16.5753   0.0000   0.0000   0.0000
    5090  -6.3701   4.9275  17.0229   0.0000   0.0000   0.0000
    5091  -7.4786   4.7775  17.2741   0.0000   0.0000   0.0000
    5092  -7.7877   4.6925  18.0177   0.0000   0.0000   0.0000
    5093  -7.7806   4.5336  17.2443   0.0000   0.0000   0.0000
    5094  -7.5788   4.8181  16.4349   0.0000   0.0000   0.0000
    5095  -7.1037   5.3873  16.3247   0.0000   0.0000   0.0000
    5096  -6.9990   6.0904  16.4691   0.0000   0.0000   0.0000
    5097  -7.3307   6.1465  16.3995   0.0000   0.0000   0.0000
    5098  -6.5410   4.9614  16.7963   0.0000   0.0000   0.0000
    5099  -7.5426   4.4451  17.9051   0.0000   0.0000   0.0000
    5100  -6.9141   4.8089  18.1101   0.0000   0.0000   0.0000
    5101  -7.5047   4.8623  17.9081   0.0000   0.0000   0.0000
    5102  -7.2254   5.4490  17.5997   0.0000   0.0000   0.0000
    5103  -6.6419   4.8984  16.6476   0.0000   0.0000   0.0000
    5104  -6.5445   4.5255  17.7127   0.0000   0.0000   0.0000
    5105  -6.5086   5.2877  17.9116   0.0000   0.0000   0.0000
    5106  -5.5270   5.5493  16.3726   0.0000   0.0000   0.0000
    5107  -6.1799   4.9192  15.7438   0.0000   0.0000   0.0000
    5108  -6.6144   5.5849  16.8258   0.0000   0.0000   0.0000
    5109  -5.9313   5.5597  16.5729   0.0000   0.0000   0.0000
    5110  -5.6215   5.7090  17.8845   0.0000   0.0000   0.0000
    5111  -5.6106   4.4120  18.3727   0.0000   0.0000   0.0000
    5112  -5.5692   4.5752  18.8667   0.0000   0.0000   0.0000
    5113  -7.3342   4.2723  19.7146   0.0000   0.0000   0.0000
    5114  -6.5034   4.0388  20.4018   0.0000   0.0000   0.0000
    5115  -5.6523   4.7828  19.3624   0.0000   0.0000   0.0000
    5116  -5.2558   5.2501  19.4452   0.0000   0.0000   0.0000
    5117  -5.2922   4.8455  19.8619   0.0000   0.0000   0.0000
    5118  -5.3473   5.2825  19.5472   0.0000   0.0000   0.0000
    5119  -4.9425   4.6848  19.6407   0.0000   0.0000   0.0000
    5120  -5.4782   4.6684  20.7480   0.0000   0.0000   0.0000
    5121  -4.7601   5.7056  19.9483   0.0000   0.0000   0.0000
    5122  -4.4557   5.5792  19.7138   0.0000   0.0000   0.0000
    5123  -4.9963   6.0902  19.5394   0.0000   0.0000   0.0000
    5124  -4.1856   5.3818  19.5286   0.0000   0.0000   0.0000
    5125  -5.3015   4.9570  20.6297   0.0000   0.0000   0.0000
    5126  -4.0425   6.3152  19.6213   0.0000   0.0000   0.0000
    5127  -5.1215   4.8640  21.5271   0.0000   0.0000   0.0000
    5128  -5.3161   5.4425  22.7799   0.0000   0.0000   0.0000
    5129  -5.0593   4.4949  20.6992   0.0000   0.0000   0.0000
    5130  -3.8751   5.2423  21.1020   0.0000   0.0000   0.0000
    5131  -4.7841   4.6536  20.0337   0.0000   0.0000   0.0000
    5132  -5.7535   4.9793  23.0575   0.0000   0.0000   0.0000
    5133  -5.8357   3.6660  20.7962   0.0000   0.0000   0.0000
    5134  -6.1392   4.8223  23.1962   0.0000   0.0000   0.0000
    5135  -5.7703   4.2849  21.5738   0.0000   0.0000   0.0000
    5136  -5.3128   5.1080  20.1824   0.0000   0.0000   0.0000
    5137  -4.9716   4.8247  20.2862   0.0000   0.0000   0.0000
    5138  -5.5546   4.7909  20.7414   0.0000   0.0000   0.0000
    5139  -5.3809   4.5109  20.6261   0.0000   0.0000   0.0000
    5140  -5.0514   4.7669  20.5708   0.0000   0.0000   0.0000
    5141  -5.2537   3.3830  20.5675   0.0000   0.0000   0.0000
    5142  -4.5442   4.3248  20.7067   0.0000   0.0000   0.0000
    5143  -5.3521   4.1190  19.0016   0.0000   0.0000   0.0000
    5144  -5.2098   5.0168  19.5815   0.0000   0.0000   0.0000
    5145  -3.0276   5.1266  18.6429   0.0000   0.0000   0.0000
    5146  -4.2130   4.2027  19.8008   0.0000   0.0000   0.0000
    5147  -5.5600   4.2294  19.0782   0.0000   0.0000   0.0000
    5148  -5.4337   4.8715  19.4223   0.0000   0.0000   0.0000
    5149  -5.6189   3.7648  17.9125   0.0000   0.0000   0.0000
    5150  -4.5240   4.9078  18.3999   0.0000   0.0000   0.0000
    5151  -5.1693   3.4680  19.9190   0.0000   0.0000   0.0000
    5152  -3.6663   5.1437  18.5314   0.0000   0.0000   0.0000
    5153  -3.4159   5.5721  18.3618   0.0000   0.0000   0.0000
    5154  -3.3018   4.4520  19.9692   0.0000   0.0000   0.0000
    5155  -5.4703   5.4919  18.6626   0.0000   0.0000   0.0000
    5156  -4.7149   5.5019  19.0786   0.0000   0.0000   0.0000
    5157  -4.7822   5.5268  19.3798   0.0000   0.0000   0.0000
    5158  -5.2964   4.7174  19.0604   0.0000   0.0000   0.0000
    5159  -4.1423   4.1644  18.6601   0.0000   0.0000   0.0000
    5160  -6.0189   5.6083  18.2305   0.0000   0.0000   0.0000
    5161  -4.6947   5.0675  17.9131   0.0000   0.0000   0.0000
    5162  -4.8826   5.2286  18.7313   0.0000   0.0000   0.0000
    5163  -4.9651   5.8707  17.4557   0.0000   0.0000   0.0000
    5164  -4.5900   6.0306  17.0708   0.0000   0.0000   0.0000
    5165  -4.6516   6.7018  16.9799   0.0000   0.0000   0.0000
    5166  -4.6710   7.1313  17.3237   0.0000   0.0000   0.0000
    5167  -4.8861   6.4344  17.1963   0.0000   0.0000   0.0000
    5168  -4.3115   6.9648  17.7919   0.0000   0.0000   0.0000
    5169  -4.7436   7.3161  16.8944   0.0000   0.0000   0.0000
    5170  -5.4826   7.5482  16.9518   0.0000   0.0000   0.0000
    5171  -3.6418   7.1751  17.3722   0.0000   0.0000   0.0000
    5172  -3.0470   7.3195  18.0119   0.0000   0.0000   0.0000
    5173  -4.4691   7.2381  17.8283   0.0000   0.0000   0.0000
    5174  -4.0997   6.9228  17.9915   0.0000   0.0000   0.0000
    5175  -4.0616   7.3631  18.8399   0.0000   0.0000   0.0000
    5176  -3.6729   7.6133  17.9910   0.0000   0.0000   0.0000
    5177  -3.6073   7.9058  18.6877   0.0000   0.0000   0.0000
    5178  -3.8063   8.0505  19.9112   0.0000   0.0000   0.0000
    5179  -4.3488   8.0667  18.7772   0.0000   0.0000   0.0000
    5180  -3.8288   7.8652  19.1189   0.0000   0.0000   0.0000
    5181  -3.2030   9.1207  18.3000   0.0000   0.0000   0.0000
    5182  -3.5345   8.4806  19.1447   0.0000   0.0000   0.0000
    5183  -4.5376   9.1309  20.8904   0.0000   0.0000   0.0000
    5184  -5.1926   8.1038  20.0110   0.0000   0.0000   0.0000
    5185  -5.1405   8.6566  21.1616   0.0000   0.0000   0.0000
    5186  -3.9935   8.7127  19.9069   0.0000   0.0000   0.0000
    5187  -3.8953   7.8666  19.7895   0.0000   0.0000   0.0000
    5188  -3.4879   8.6240  19.3067   0.0000   0.0000   0.0000
    5189  -3.7950   7.0686  18.5897   0.0000   0.0000   0.0000
    5190  -3.0228   8.2891  19.0996   0.0000   0.0000   0.0000
    5191  -3.9676   8.0929  19.4992   0.0000   0.0000   0.0000
    5192  -3.3434   8.7794  17.8843   0.0000   0.0000   0.0000
    5193  -3.0744   8.4264  19.1630   0.0000   0.0000   0.0000
    5194  -2.5404   7.7699  19.9270   0.0000   0.0000   0.0000
    5195  -2.7815   7.3068  19.6525   0.0000   0.0000   0.0000
    5196  -4.2428   7.2903  18.2799   0.0000   0.0000   0.0000
    5197  -3.9378   6.3990  18.9613   0.0000   0.0000   0.0000
    5198  -3.3078   7.5928  17.8200   0.0000   0.0000   0.0000
    5199  -2.7892   6.9851  19.1100   0.0000   0.0000   0.0000
    5200  -2.5465   6.6575  19.3492   0.0000   0.0000   0.0000
    5201  -3.0358   6.6571  17.8790   0.0000   0.0000   0.0000
    5202  -3.2863   6.6888  17.7084   0.0000   0.0000   0.0000
    5203  -4.4649   6.9612  18.1898   0.0000   0.0000   0.0000
    5204  -4.5932   5.8959  17.3516   0.0000   0.0000   0.0000
    5205  -4.1382   5.2610  17.8261   0.0000   0.0000   0.0000
    5206  -4.5004   5.9578  16.9567   0.0000   0.0000   0.0000
    5207  -3.7917   6.2825  17.5463   0.0000   0.0000   0.0000
    5208  -3.6728   6.6385  18.0333   0.0000   0.0000   0.0000
    5209  -5.0987   7.7086  17.9446   0.0000   0.0000   0.0000
    5210  -3.8361   6.8272  17.8236   0.0000   0.0000   0.0000
    5211  -3.9842   5.8751  18.5173   0.0000   0.0000   0.0000
    5212  -2.5589   6.2648  17.9809   0.0000   0.0000   0.0000
    5213  -3.4638   5.4998  17.6069   0.0000   0.0000   0.0000
    5214  -3.6022   6.2466  17.8805   0.0000   0.0000   0.0000
    5215  -4.5037   7.0182  17.4848   0.0000   0.0000   0.0000
    5216  -3.1938   6.5236  17.5340   0.0000   0.0000   0.0000
    5217  -3.6448   7.1364  18.7616   0.0000   0.0000   0.0000
    5218  -3.1497   6.6275  17.6200   0.0000   0.0000   0.0000
    5219  -4.1011   7.4634  19.3948   0.0000   0.0000   0.0000
    5220  -4.6130   6.3595  17.7111   0.0000   0.0000   0.0000
    5221  -3.8881   6.1503  18.3145   0.0000   0.0000   0.0000
    5222  -5.4460   6.1856  19.3458   0.0000   0.0000   0.0000
    5223  -3.1699   7.7172  18.6248   0.0000   0.0000   0.0000
    5224  -3.5994   6.3535  18.1515   0.0000   0.0000   0.0000
    5225  -4.6896   6.4838  19.6991   0.0000   0.0000   0.0000
    5226  -3.8644   6.6083  19.2510   0.0000   0.0000   0.0000
    5227  -4.0283   5.5678  18.8844   0.0000   0.0000   0.0000
    5228  -3.5104   6.0986  19.7452   0.0000   0.0000   0.0000
    5229  -2.8135   5.8051  18.1592   0.0000   0.0000   0.0000
    5230  -3.3513   5.8656  18.5052   0.0000   0.0000   0.0000
    5231  -3.6040   6.6737  17.4357   0.0000   0.0000   0.0000
    5232  -3.0018   6.0183  18.4713   0.0000   0.0000   0.0000
    5233  -3.6021   6.7817  17.3875   0.0000   0.0000   0.0000
    5234  -3.6807   6.4251  17.7750   0.0000   0.0000   0.0000
    5235  -3.7914   6.8548  16.7924   0.0000   0.0000   0.0000
    5236  -3.4282   6.0648  16.0562   0.0000   0.0000   0.0000
    5237  -3.6227   7.0416  17.1306   0.0000   0.0000   0.0000
    5238  -3.5591   6.4952  17.6600   0.0000   0.0000   0.0000
    5239  -4.4849   4.9596  16.8984   0.0000   0.0000   0.0000
    5240  -5.1775   5.0825  17.6334   0.0000   0.0000   0.0000
    5241  -5.7879   5.6048  16.8359   0.0000   0.0000   0.0000
    5242  -5.0310   5.0073  17.9768   0.0000   0.0000   0.0000
    5243  -4.2047   5.3730  17.8143   0.0000   0.0000   0.0000
    5244  -4.2113   5.7436  17.6231   0.0000   0.0000   0.0000
    5245  -4.8995   5.8882  17.2247   0.0000   0.0000   0.0000
    5246  -4.1256   5.6291  17.5232   0.0000   0.0000   0.0000
    5247  -4.5768   6.0676  18.0177   0.0000   0.0000   0.0000
    5248  -4.3680   5.8606  19.3531   0.0000   0.0000   0.0000
    5249  -5.0241   6.1833  18.3264   0.0000   0.0000   0.0000
    5250  -6.3493   5.1270  18.8076   0.0000   0.0000   0.0000
    5251  -5.3214   5.2309  18.5969   0.0000   0.0000   0.0000
    5252  -6.4274   4.8713  18.7521   0.0000   0.0000   0.0000
    5253  -5.6633   5.2625  19.3902   0.0000   0.0000   0.0000
    5254  -4.3116   5.3578  17.0256   0.0000   0.0000   0.0000
    5255  -4.8643   4.5616  17.8300   0.0000   0.0000   0.0000
    5256  -4.8841   4.2894  19.5369   0.0000   0.0000   0.0000
    5257  -5.4320   5.2065  19.7004   0.0000   0.0000   0.0000
    5258  -6.8208   5.0639  18.3668   0.0000   0.0000   0.0000
    5259  -6.7801   4.9855  19.6078   0.0000   0.0000   0.0000
    5260  -6.0219   5.5750  20.6388   0.0000   0.0000   0.0000
    5261  -7.8738   5.3749  21.4954   0.0000   0.0000   0.0000
    5262  -5.8677   5.1853  19.0383   0.0000   0.0000   0.0000
    5263  -6.3554   5.4434  18.5553   0.0000   0.0000   0.0000
    5264  -5.7339   4.6438  19.1469   0.0000   0.0000   0.0000
    5265  -5.2845   5.3036  20.1413   0.0000   0.0000   0.0000
    5266  -4.9415   4.6760  19.5426   0.0000   0.0000   0.0000
    5267  -4.9488   3.9298  18.4675   0.0000   0.0000   0.0000
    5268  -5.8495   3.9466  19.6697   0.0000   0.0000   0.0000
    5269  -5.4803   4.4183  19.0220   0.0000   0.0000   0.0000
    5270  -5.3918   4.9129  19.3476   0.0000   0.0000   0.0000
    5271  -5.7299   4.3088  19.4581   0.0000   0.0000   0.0000
    5272  -7.7223   5.8287  18.8015   0.0000   0.0000   0.0000
    5273  -7.2161   5.1847  18.8236   0.0000   0.0000   0.0000
    5274  -6.8533   5.7606  18.8599   0.0000   0.0000   0.0000
    5275  -7.3000   6.1304  19.4455   0.0000   0.0000   0.0000
    5276  -6.3725   5.9156  18.8452   0.0000   0.0000   0.0000
    5277  -7.0921   5.7824  17.3348   0.0000   0.0000   0.0000
    5278  -6.5465   5.8280  18.6993   0.0000   0.0000   0.0000
    5279  -6.4120   6.0554  17.1156   0.0000   0.0000   0.0000
    5280  -6.4644   5.4482  19.6215   0.0000   0.0000   0.0000
    5281  -7.1302   5.7054  18.7364   0.0000   0.0000   0.0000
    5282  -6.0848   6.5952  18.4332   0.0000   0.0000   0.0000
    5283  -5.9136   5.6479  18.5302   0.0000   0.0000   0.0000
    5284  -6.5054   6.0256  18.6853   0.0000   0.0000   0.0000
    5285  -7.0103   5.9932  19.5381   0.0000   0.0000   0.0000
    5286  -5.9284   6.1495  18.4261   0.0000   0.0000   0.0000
    5287  -6.1834   6.3452  18.0414   0.0000   0.0000   0.0000
    5288  -5.9287   5.5012  19.1132   0.0000   0.0000   0.0000
    5289  -5.6651   5.9019  18.8476   0.0000   0.0000   0.0000
    5290  -6.4675   6.1444  18.8676   0.0000   0.0000   0.0000
    5291  -6.1308   5.9693  17.9475   0.0000   0.0000   0.0000
    5292  -4.8196   6.0822  17.9797   0.0000   0.0000   0.0000
    5293  -5.2788   6.8608  18.3606   0.0000   0.0000   0.0000
    5294  -5.0533   6.3432  18.7876   0.0000   0.0000   0.0000
    5295  -6.4830   6.1803  19.2417   0.0000   0.0000   0.0000
    5296  -4.4790   6.3952  18.3824   0.0000   0.0000   0.0000
    5297  -4.6988   6.4219  17.2617   0.0000   0.0000   0.0000
    5298  -5.3101   5.7793  17.1173   0.0000   0.0000   0.0000
    5299  -5.0970   6.3371  17.4772   0.0000   0.0000   0.0000
    5300  -6.3912   7.2441  17.0222   0.0000   0.0000   0.0000
    5301  -3.8386   6.7302  17.9630   0.0000   0.0000   0.0000
    5302  -5.9107   5.7923  17.9658   0.0000   0.0000   0.0000
    5303  -5.0694   7.0354  17.7050   0.0000   0.0000   0.0000
    5304  -6.2899   7.1261  17.9263   0.0000   0.0000   0.0000
    5305  -4.9866   6.3405  18.4276   0.0000   0.0000   0.0000
    5306  -5.4649   6.4588  19.2806   0.0000   0.0000   0.0000
    5307  -5.3818   6.8689  18.7170   0.0000   0.0000   0.0000
    5308  -6.3788   7.3209  18.4778   0.0000   0.0000   0.0000
    5309  -6.8957   7.7843  19.0867   0.0000   0.0000   0.0000
    5310  -6.4223   7.0679  18.0429   0.0000   0.0000   0.0000
    5311  -7.0113   6.0025  17.8269   0.0000   0.0000   0.0000
    5312  -6.1119   7.9139  17.6237   0.0000   0.0000   0.0000
    5313  -5.9901   7.1506  18.3110   0.0000   0.0000   0.0000
    5314  -5.5829   6.6095  17.5013   0.0000   0.0000   0.0000
    5315  -7.0534   6.0639  18.8776   0.0000   0.0000   0.0000
    5316  -5.5820   6.2039  19.8479   0.0000   0.0000   0.0000
    5317  -5.8929   6.6918  18.6733   0.0000   0.0000   0.0000
    5318  -4.8440   6.1683  18.7070   0.0000   0.0000   0.0000
    5319  -6.7559   6.7226  18.8780   0.0000   0.0000   0.0000
    5320  -5.9833   6.8239  18.1340   0.0000   0.0000   0.0000
    5321  -6.1939   6.4172  19.7600   0.0000   0.0000   0.0000
    5322  -6.4294   6.1084  19.2185   0.0000   0.0000   0.0000
    5323  -7.9141   5.3905  18.1167   0.0000   0.0000   0.0000
    5324  -6.8022   5.6065  18.6774   0.0000   0.0000   0.0000
    5325  -7.2365   5.8661  19.0967   0.0000   0.0000   0.0000
    5326  -6.6160   5.9821  18.6770   0.0000   0.0000   0.0000
    5327  -5.5431   5.4151  18.5990   0.0000   0.0000   0.0000
    5328  -7.0186   5.9109  18.6326   0.0000   0.0000   0.0000
    5329  -6.3102   5.4161  18.7848   0.0000   0.0000   0.0000
    5330  -5.3590   4.7667  19.0977   0.0000   0.0000   0.0000
    5331  -5.6935   5.2917  18.1193   0.0000   0.0000   0.0000
    5332  -6.5797   5.3184  18.1296   0.0000   0.0000   0.0000
    5333  -6.8647   4.4638  18.8343   0.0000   0.0000   0.0000
    5334  -5.9979   4.2679  18.8396   0.0000   0.0000   0.0000
    5335  -6.4418   5.6284  19.3584   0.0000   0.0000   0.0000
    5336  -6.4878   5.8138  17.8797   0.0000   0.0000   0.0000
    5337  -5.2871   6.5186  18.2555   0.0000   0.0000   0.0000
    5338  -5.4984   6.0810  18.4794   0.0000   0.0000   0.0000
    5339  -6.2258   5.9642  18.1941   0.0000   0.0000   0.0000
    5340  -4.9156   6.0519  18.7746   0.0000   0.0000   0.0000
    5341  -4.8169   5.9279  17.9901   0.0000   0.0000   0.0000
    5342  -4.7339   6.0372  17.8986   0.0000   0.0000   0.0000
    5343  -4.7377   5.6981  16.9404   0.0000   0.0000   0.0000
    5344  -4.5309   4.9326  17.0825   0.0000   0.0000   0.0000
    5345  -5.4647   5.4160  17.9903   0.0000   0.0000   0.0000
    5346  -5.4372   5.1743  17.9424   0.0000   0.0000   0.0000
    5347  -6.9053   5.0852  18.3374   0.0000   0.0000   0.0000
    5348  -3.6002   5.5937  18.0151   0.0000   0.0000   0.0000
    5349  -6.1649   6.0645  18.1208   0.0000   0.0000   0.0000
    5350  -4.9862   6.6017  19.3885   0.0000   0.0000   0.0000
    5351  -4.1540   5.1778  18.9579   0.0000   0.0000   0.0000
    5352  -4.7574   5.4513  19.2741   0.0000   0.0000   0.0000
    5353  -5.6073   5.1928  19.3413   0.0000   0.0000   0.0000
    5354  -6.0240   5.2944  18.6619   0.0000   0.0000   0.0000
    5355  -6.3799   5.4681  17.6771   0.0000   0.0000   0.0000
    5356  -6.2585   5.4882  17.8991   0.0000   0.0000   0.0000
    5357  -5.0319   5.3097  18.3615   0.0000   0.0000   0.0000
    5358  -6.8505   5.2302  18.1938   0.0000   0.0000   0.0000
    5359  -6.2883   5.9088  17.5724   0.0000   0.0000   0.0000
    5360  -6.3087   5.7687  17.8089   0.0000   0.0000   0.0000
    5361  -6.9851   4.9630  18.3386   0.0000   0.0000   0.0000
    5362  -5.9494   5.0233  19.3087   0.0000   0.0000   0.0000
    5363  -6.0396   5.2741  18.4514   0.0000   0.0000   0.0000
    5364  -5.9924   6.2844  17.3618   0.0000   0.0000   0.0000
    5365  -5.3938   5.9180  17.7840   0.0000   0.0000   0.0000
    5366  -4.6420   6.7409  19.5102   0.0000   0.0000   0.0000
    5367  -5.3385   5.3839  18.5357   0.0000   0.0000   0.0000
    5368  -4.2860   5.9983  17.7354   0.0000   0.0000   0.0000
    5369  -4.2017   5.0948  18.0441   0.0000   0.0000   0.0000
    5370  -4.4334   5.2759  19.1662   0.0000   0.0000   0.0000
    5371  -4.3315   4.7722  19.0520   0.0000   0.0000   0.0000
    5372  -3.9681   5.4489  20.1861   0.0000   0.0000   0.0000
    5373  -5.1080   4.1182  19.4918   0.0000   0.0000   0.0000
    5374  -4.7884   5.2589  19.4371   0.0000   0.0000   0.0000
    5375  -4.3385   4.4569  18.6855   0.0000   0.0000   0.0000
    5376  -4.9372   4.8282  18.7905   0.0000   0.0000   0.0000
    5377  -5.1566   5.1810  18.7667   0.0000   0.0000   0.0000
    5378  -5.0630   4.4612  19.2987   0.0000   0.0000   0.0000
    5379  -5.4862   5.0148  19.3033   0.0000   0.0000   0.0000
    5380  -5.5781   4.7149  18.8024   0.0000   0.0000   0.0000
    5381  -4.8688   6.0766  18.8850   0.0000   0.0000   0.0000
    5382  -5.1294   5.3409  18.8506   0.0000   0.0000   0.0000
    5383  -5.3417   5.9460  19.2923   0.0000   0.0000   0.0000
    5384  -4.8264   5.9781  19.1151   0.0000   0.0000   0.0000
    5385  -5.2096   6.8009  18.9583   0.0000   0.0000   0.0000
    5386  -6.4186   6.6310  18.5954   0.0000   0.0000   0.0000
    5387  -6.1963   6.9596  18.7703   0.0000   0.0000   0.0000
    5388  -4.4914   6.4563  19.5650   0.0000   0.0000   0.0000
    5389  -5.9264   5.8789  18.5605   0.0000   0.0000   0.0000
    5390  -6.6023   6.8174  18.8448   0.0000   0.0000   0.0000
    5391  -6.1603   6.2360  18.4753   0.0000   0.0000   0.0000
    5392  -5.3104   6.6027  18.2923   0.0000   0.0000   0.0000
    5393  -5.7938   6.3348  18.5177   0.0000   0.0000   0.0000
    5394  -6.4123   7.3504  18.1693   0.0000   0.0000   0.0000
    5395  -5.7888   7.3744  19.6213   0.0000   0.0000   0.0000
    5396  -5.9195   6.4599  18.2309   0.0000   0.0000   0.0000
    5397  -5.6352   6.9697  18.8406   0.0000   0.0000   0.0000
    5398  -4.9598   6.2723  19.3268   0.0000   0.0000   0.0000
    5399  -5.0942   6.0834  19.0469   0.0000   0.0000   0.0000
    5400  -6.3684   7.2178  19.7078   0.0000   0.0000   0.0000
    5401  -7.3324   7.0128  20.0089   0.0000   0.0000   0.0000
    5402  -6.1436   6.8555  20.4113   0.0000   0.0000   0.0000
    5403  -7.3585   6.0765  19.8340   0.0000   0.0000   0.0000
    5404  -6.9613   6.5525  19.8489   0.0000   0.0000   0.0000
    5405  -5.8559   6.9682  18.9502   0.0000   0.0000   0.0000
    5406  -6.7752   6.3045  19.1037   0.0000   0.0000   0.0000
    5407  -6.3551   6.2166  18.7519   0.0000   0.0000   0.0000
    5408  -6.9732   5.7155  19.8941   0.0000   0.0000   0.0000
    5409  -7.8212   5.5955  19.9341   0.0000   0.0000   0.0000
    5410  -6.5121   4.6775  20.3635   0.0000   0.0000   0.0000
    5411  -7.1662   4.9805  20.3433   0.0000   0.0000   0.0000
    5412  -7.3784   4.9261  18.2304   0.0000   0.0000   0.0000
    5413  -6.0444   5.2906  17.6011   0.0000   0.0000   0.0000
    5414  -5.9339   5.4892  17.3274   0.0000   0.0000   0.0000
    5415  -6.9400   4.7294  18.3216   0.0000   0.0000   0.0000
    5416  -5.1178   4.9111  19.1595   0.0000   0.0000   0.0000
    5417  -5.6735   4.0741  18.6666   0.0000   0.0000   0.0000
    5418  -5.5531   4.4986  19.5588   0.0000   0.0000   0.0000
    5419  -4.3855   4.9374  19.2467   0.0000   0.0000   0.0000
    5420  -5.9484   5.1487  20.1595   0.0000   0.0000   0.0000
    5421  -5.9495   4.4523  20.9220   0.0000   0.0000   0.0000
    5422  -5.0050   4.0669  21.4803   0.0000   0.0000   0.0000
    5423  -5.5198   4.4933  20.7657   0.0000   0.0000   0.0000
    5424  -5.9440   4.4275  19.8315   0.0000   0.0000   0.0000
    5425  -5.3561   4.4636  19.2631   0.0000   0.0000   0.0000
    5426  -6.2742   4.7100  19.6568   0.0000   0.0000   0.0000
    5427  -5.0162   4.6294  20.5838   0.0000   0.0000   0.0000
    5428  -4.4735   4.2641  19.5090   0.0000   0.0000   0.0000
    5429  -5.8204   4.6130  18.6018   0.0000   0.0000   0.0000
    5430  -5.4500   4.4311  20.7509   0.0000   0.0000   0.0000
    5431  -5.2157   5.2979  19.4363   0.0000   0.0000   0.0000
    5432  -5.8385   5.2970  19.8738   0.0000   0.0000   0.0000
    5433  -6.4410   4.4157  18.5869   0.0000   0.0000   0.0000
    5434  -4.6598   5.1187  20.1741   0.0000   0.0000   0.0000
    5435  -6.5041   5.2269  18.9870   0.0000   0.0000   0.0000
    5436  -4.5870   4.8121  20.5554   0.0000   0.0000   0.0000
    5437  -3.7927   4.3517  20.3973   0.0000   0.0000   0.0000
    5438  -4.5479   4.3157  19.3127   0.0000   0.0000   0.0000
    5439  -4.8610   4.1904  20.4095   0.0000   0.0000   0.0000
    5440  -4.4631   4.7287  20.8460   0.0000   0.0000   0.0000
    5441  -4.2445   5.1460  20.6865   0.0000   0.0000   0.0000
    5442  -4.6731   6.2873  19.6429   0.0000   0.0000   0.0000
    5443  -4.1232   5.1788  19.8028   0.0000   0.0000   0.0000
    5444  -4.4306   4.8290  19.7966   0.0000   0.0000   0.0000
    5445  -4.1969   5.7073  20.2894   0.0000   0.0000   0.0000
    5446  -3.9893   6.2656  19.7591   0.0000   0.0000   0.0000
    5447  -4.4228   6.4000  19.9972   0.0000   0.0000   0.0000
    5448  -4.3724   6.0589  18.8151   0.0000   0.0000   0.0000
    5449  -5.3947   6.3235  20.4933   0.0000   0.0000   0.0000
    5450  -2.9060   6.2226  20.5268   0.0000   0.0000   0.0000
    5451  -4.2774   5.6466  19.8788   0.0000   0.0000   0.0000
    5452  -4.4058   5.9978  19.2360   0.0000   0.0000   0.0000
    5453  -3.8052   5.7671  19.3120   0.0000   0.0000   0.0000
    5454  -3.2941   6.8238  19.1139   0.0000   0.0000   0.0000
    5455  -3.6221   6.9385  20.0780   0.0000   0.0000   0.0000
    5456  -3.2197   5.5241  20.3578   0.0000   0.0000   0.0000
    5457  -3.7929   6.7425  19.5631   0.0000   0.0000   0.0000
    5458  -4.4429   6.2772  19.0904   0.0000   0.0000   0.0000
    5459  -3.1241   6.4720  19.4919   0.0000   0.0000   0.0000
    5460  -3.5181   5.8543  20.3021   0.0000   0.0000   0.0000
    5461  -2.6591   6.1849  20.7565   0.0000   0.0000   0.0000
    5462  -3.1414   5.9466  20.7186   0.0000   0.0000   0.0000
    5463  -4.2491   5.5520  22.5375   0.0000   0.0000   0.0000
    5464  -3.1307   5.6727  21.3076   0.0000   0.0000   0.0000
    5465  -2.9732   5.8170  20.2769   0.0000   0.0000   0.0000
    5466  -2.6208   6.0762  20.5128   0.0000   0.0000   0.0000
    5467  -3.8758   6.3996  20.4367   0.0000   0.0000   0.0000
    5468  -3.1166   6.1045  20.9578   0.0000   0.0000   0.0000
    5469  -3.4978   5.8788  21.3259   0.0000   0.0000   0.0000
    5470  -4.0625   5.6230  20.8488   0.0000   0.0000   0.0000
    5471  -3.6136   6.4929  21.0962   0.0000   0.0000   0.0000
    5472  -3.1773   6.2602  21.2657   0.0000   0.0000   0.0000
    5473  -3.4682   6.2653  21.4650   0.0000   0.0000   0.0000
    5474  -2.9974   6.3993  20.6337   0.0000   0.0000   0.0000
    5475  -3.5529   6.5758  21.9035   0.0000   0.0000   0.0000
    5476  -3.0740   5.6881  20.5623   0.0000   0.0000   0.0000
    5477  -2.7272   5.7380  20.4725   0.0000   0.0000   0.0000
    5478  -3.4803   5.6952  19.9771   0.0000   0.0000   0.0000
    5479  -3.6315   5.7572  20.8294   0.0000   0.0000   0.0000
    5480  -4.4524   6.1006  22.2030   0.0000   0.0000   0.0000
    5481  -4.6033   5.4669  20.9662   0.0000   0.0000   0.0000
    5482  -4.7086   6.6838  20.4987   0.0000   0.0000   0.0000
    5483  -4.3767   6.1679  20.8589   0.0000   0.0000   0.0000
    5484  -6.0519   7.2539  21.0615   0.0000   0.0000   0.0000
    5485  -3.1838   7.3118  19.7220   0.0000   0.0000   0.0000
    5486  -4.7659   6.3510  19.2616   0.0000   0.0000   0.0000
    5487  -4.1760   6.4743  19.6264   0.0000   0.0000   0.0000
    5488  -3.1168   6.9491  19.9614   0.0000   0.0000   0.0000
    5489  -4.0579   6.9575  20.9638   0.0000   0.0000   0.0000
    5490  -3.6421   7.0812  21.2899   0.0000   0.0000   0.0000
    5491  -4.2751   7.0531  21.4631   0.0000   0.0000   0.0000
    5492  -2.8568   7.8611  19.5033   0.0000   0.0000   0.0000
    5493  -3.3810   6.7686  20.8320   0.0000   0.0000   0.0000
    5494  -2.9224   7.7206  20.2351   0.0000   0.0000   0.0000
    5495  -4.2614   6.6854  19.9781   0.0000   0.0000   0.0000
    5496  -3.9620   6.7008  21.1684   0.0000   0.0000   0.0000
    5497  -3.6533   7.0648  19.8339   0.0000   0.0000   0.0000
    5498  -3.8263   6.1148  20.4889   0.0000   0.0000   0.0000
    5499  -3.0141   6.6581  21.1151   0.0000   0.0000   0.0000
    5500  -4.0599   6.7105  20.8516   0.0000   0.0000   0.0000
    5501  -3.0957   6.4071  20.7559   0.0000   0.0000   0.0000
    5502  -2.4121   6.7173  20.7447   0.0000   0.0000   0.0000
    5503  -2.1292   6.1981  20.2356   0.0000   0.0000   0.0000
    5504  -2.0146   6.4560  20.8381   0.0000   0.0000   0.0000
    5505  -2.6451   6.4642  20.2841   0.0000   0.0000   0.0000
    5506  -3.7301   6.4123  19.6222   0.0000   0.0000   0.0000
    5507  -3.0233   6.7898  20.1906   0.0000   0.0000   0.0000
    5508  -3.2135   7.0945  19.9487   0.0000   0.0000   0.0000
    5509  -2.2811   6.1475  19.3264   0.0000   0.0000   0.0000
    5510  -3.5406   7.0186  19.1762   0.0000   0.0000   0.0000
    5511  -2.9751   6.0927  19.6711   0.0000   0.0000   0.0000
    5512  -3.7561   6.7067  20.1425   0.0000   0.0000   0.0000
    5513  -2.6693   6.8070  19.6260   0.0000   0.0000   0.0000
    5514  -3.2585   6.3657  20.0413   0.0000   0.0000   0.0000
    5515  -1.6147   6.8095  19.9358   0.0000   0.0000   0.0000
    5516  -1.6226   6.7499  21.3722   0.0000   0.0000   0.0000
    5517  -1.3586   7.1389  19.7522   0.0000   0.0000   0.0000
    5518  -2.1564   7.1980  18.6808   0.0000   0.0000   0.0000
    5519  -1.8218   7.1625  19.4658   0.0000   0.0000   0.0000
    5520  -2.7985   6.5470  21.0191   0.0000   0.0000   0.0000
    5521  -2.5083   7.6145  20.8039   0.0000   0.0000   0.0000
    5522  -2.5797   7.0478  21.7542   0.0000   0.0000   0.0000
    5523  -2.1244   7.5844  19.0258   0.0000   0.0000   0.0000
    5524  -1.9827   8.5404  19.7982   0.0000   0.0000   0.0000
    5525  -2.2716   7.6853  19.2968   0.0000   0.0000   0.0000
    5526  -0.9119   8.4961  19.0136   0.0000   0.0000   0.0000
    5527  -1.6000   7.7041  20.8420   0.0000   0.0000   0.0000
    5528  -2.4061   7.5514  20.0654   0.0000   0.0000   0.0000
    5529  -2.6981   7.6005  21.3135   0.0000   0.0000   0.0000
    5530  -2.4877   7.4382  20.1962   0.0000   0.0000   0.0000
    5531  -1.5775   8.1635  20.2126   0.0000   0.0000   0.0000
    5532  -2.6142   7.0697  19.7959   0.0000   0.0000   0.0000
    5533  -2.7027   6.7168  20.7145   0.0000   0.0000   0.0000
    5534  -2.5150   7.9200  20.0106   0.0000   0.0000   0.0000
    5535  -2.4789   7.5857  19.7674   0.0000   0.0000   0.0000
    5536  -2.5068   6.5323  19.4567   0.0000   0.0000   0.0000
    5537  -1.9432   7.0598  17.4931   0.0000   0.0000   0.0000
    5538  -2.6023   7.2409  19.1156   0.0000   0.0000   0.0000
    5539  -2.0972   7.3566  18.6225   0.0000   0.0000   0.0000
    5540  -1.5926   6.4820  18.7320   0.0000   0.0000   0.0000
    5541  -2.3853   7.6299  20.9885   0.0000   0.0000   0.0000
    5542  -1.5577   7.2053  20.2941   0.0000   0.0000   0.0000
    5543  -1.6830   6.4640  20.3960   0.0000   0.0000   0.0000
    5544  -1.8308   6.2532  19.5834   0.0000   0.0000   0.0000
    5545  -0.1383   6.5442  19.1323   0.0000   0.0000   0.0000
    5546  -0.7084   7.7973  18.9018   0.0000   0.0000   0.0000
    5547  -1.2433   8.4152  19.7328   0.0000   0.0000   0.0000
    5548  -1.5067   7.5632  19.0596   0.0000   0.0000   0.0000
    5549  -1.2655   6.6483  19.6643   0.0000   0.0000   0.0000
    5550  -1.1593   7.3291  18.2216   0.0000   0.0000   0.0000
    5551  -2.0396   6.1175  19.5883   0.0000   0.0000   0.0000
    5552  -1.6223   6.2345  19.9123   0.0000   0.0000   0.0000
    5553  -3.0633   6.1689  19.0425   0.0000   0.0000   0.0000
    5554  -2.2848   5.3764  19.0374   0.0000   0.0000   0.0000
    5555  -1.0654   6.8237  18.5506   0.0000   0.0000   0.0000
    5556  -2.8337   6.7455  18.3639   0.0000   0.0000   0.0000
    5557  -2.8762   5.7553  18.1225   0.0000   0.0000   0.0000
    5558  -2.0044   4.6078  18.9345   0.0000   0.0000   0.0000
    5559  -3.1793   5.1145  20.4900   0.0000   0.0000   0.0000
    5560  -2.8464   4.7126  20.6418   0.0000   0.0000   0.0000
    5561  -2.1459   4.9743  19.2136   0.0000   0.0000   0.0000
    5562  -2.1834   5.7608  17.8230   0.0000   0.0000   0.0000
    5563  -2.5750   7.2991  17.4039   0.0000   0.0000   0.0000
    5564  -2.9943   5.8399  17.1201   0.0000   0.0000   0.0000
    5565  -2.3326   6.6927  17.2814   0.0000   0.0000   0.0000
    5566  -2.4311   5.1537  17.1241   0.0000   0.0000   0.0000
    5567  -3.3412   5.5871  16.7264   0.0000   0.0000   0.0000
    5568  -2.5675   5.9972  17.3232   0.0000   0.0000   0.0000
    5569  -2.1131   4.3561  17.5788   0.0000   0.0000   0.0000
    5570  -2.5173   4.9394  17.0274   0.0000   0.0000   0.0000
    5571  -2.1506   5.8996  16.5474   0.0000   0.0000   0.0000
    5572  -3.3621   6.0436  16.8023   0.0000   0.0000   0.0000
    5573  -3.0999   5.6434  16.1058   0.0000   0.0000   0.0000
    5574  -2.8647   5.9454  16.1811   0.0000   0.0000   0.0000
    5575  -2.9806   5.9436  15.8462   0.0000   0.0000   0.0000
    5576  -3.4535   5.4881  15.6327   0.0000   0.0000   0.0000
    5577  -3.8619   5.3692  15.5366   0.0000   0.0000   0.0000
    5578  -3.6130   5.7189  15.4386   0.0000   0.0000   0.0000
    5579  -3.2986   5.2527  16.2490   0.0000   0.0000   0.0000
    5580  -3.2594   5.6263  16.5086   0.0000   0.0000   0.0000
    5581  -3.4312   5.5999  15.8344   0.0000   0.0000   0.0000
    5582  -2.8140   6.2923  16.2937   0.0000   0.0000   0.0000
    5583  -3.8564   6.7021  15.6143   0.0000   0.0000   0.0000
    5584  -3.7008   6.0799  14.9275   0.0000   0.0000   0.0000
    5585  -3.3618   6.1260  15.1859   0.0000   0.0000   0.0000
    5586  -4.0302   6.0985  16.1040   0.0000   0.0000   0.0000
    5587  -4.2088   6.3816  15.6426   0.0000   0.0000   0.0000
    5588  -2.6094   6.0664  16.9873   0.0000   0.0000   0.0000
    5589  -2.6048   4.7121  15.9288   0.0000   0.0000   0.0000
    5590  -2.9283   6.5883  16.4763   0.0000   0.0000   0.0000
    5591  -1.7263   6.0414  16.9900   0.0000   0.0000   0.0000
    5592  -2.5745   6.0700  17.1080   0.0000   0.0000   0.0000
    5593  -1.7961   6.2350  16.0328   0.0000   0.0000   0.0000
    5594  -0.2145   5.8110  16.7921   0.0000   0.0000   0.0000
    5595  -1.7577   7.0525  17.1188   0.0000   0.0000   0.0000
    5596  -1.3061   7.4015  16.1190   0.0000   0.0000   0.0000
    5597  -2.4868   6.6540  16.1198   0.0000   0.0000   0.0000
    5598  -3.8028   7.4350  17.3490   0.0000   0.0000   0.0000
    5599  -2.9792   5.8215  16.5477   0.0000   0.0000   0.0000
    5600  -3.5155   6.6518  16.7350   0.0000   0.0000   0.0000
    5601  -3.8014   6.3990  16.6097   0.0000   0.0000   0.0000
    5602  -3.8845   6.6454  15.7422   0.0000   0.0000   0.0000
    5603  -3.8202   6.2665  16.3923   0.0000   0.0000   0.0000
    5604  -2.8579   6.7114  15.5614   0.0000   0.0000   0.0000
    5605  -3.3557   6.2824  15.3196   0.0000   0.0000   0.0000
    5606  -2.9647   6.1041  15.0623   0.0000   0.0000   0.0000
    5607  -3.1101   6.2381  14.7235   0.0000   0.0000   0.0000
    5608  -3.7054   7.1103  16.2169   0.0000   0.0000   0.0000
    5609  -3.0413   6.7393  15.2369   0.0000   0.0000   0.0000
    5610  -3.0189   8.2504  15.3892   0.0000   0.0000   0.0000
    5611  -3.3255   7.9098  15.7194   0.0000   0.0000   0.0000
    5612  -3.2612   7.0407  16.3879   0.0000   0.0000   0.0000
    5613  -3.9943   6.6524  15.2422   0.0000   0.0000   0.0000
    5614  -2.7466   7.6232  16.1037   0.0000   0.0000   0.0000
    5615  -4.6150   6.7537  18.2569   0.0000   0.0000   0.0000
    5616  -3.5642   6.5064  16.2374   0.0000   0.0000   0.0000
    5617  -3.6200   6.8854  15.8224   0.0000   0.0000   0.0000
    5618  -3.5863   6.1184  15.5108   0.0000   0.0000   0.0000
    5619  -4.2754   5.6508  15.9603   0.0000   0.0000   0.0000
    5620  -3.8140   6.4340  15.7629   0.0000   0.0000   0.0000
    5621  -3.8910   7.0154  15.0054   0.0000   0.0000   0.0000
    5622  -3.6309   6.5348  16.2003   0.0000   0.0000   0.0000
    5623  -2.6840   6.5224  15.9004   0.0000   0.0000   0.0000
    5624  -3.3072   6.9226  15.4356   0.0000   0.0000   0.0000
    5625  -2.6250   6.7872  15.9813   0.0000   0.0000   0.0000
    5626  -2.3580   7.0499  15.5120   0.0000   0.0000   0.0000
    5627  -2.3577   7.5201  15.9158   0.0000   0.0000   0.0000
    5628  -1.8377   7.5397  15.8336   0.0000   0.0000   0.0000
    5629  -2.1957   8.7009  15.7699   0.0000   0.0000   0.0000
    5630  -2.7404   7.6246  16.5356   0.0000   0.0000   0.0000
    5631  -2.5013   7.3450  16.4137   0.0000   0.0000   0.0000
    5632  -2.4506   7.1345  15.4825   0.0000   0.0000   0.0000
    5633  -2.0214   8.0410  15.6568   0.0000   0.0000   0.0000
    5634  -1.9974   7.4200  16.2835   0.0000   0.0000   0.0000
    5635  -2.8300   7.1390  16.2187   0.0000   0.0000   0.0000
    5636  -2.2495   7.2499  16.2150   0.0000   0.0000   0.0000
    5637  -1.8976   6.9349  16.4134   0.0000   0.0000   0.0000
    5638  -2.6620   8.0203  17.4467   0.0000   0.0000   0.0000
    5639  -1.6673   7.6368  17.1857   0.0000   0.0000   0.0000
    5640  -3.3675   7.2362  17.9671   0.0000   0.0000   0.0000
    5641  -2.8604   7.2325  17.7774   0.0000   0.0000   0.0000
    5642  -1.8660   6.7931  15.6394   0.0000   0.0000   0.0000
    5643  -2.3066   7.9259  15.4390   0.0000   0.0000   0.0000
    5644  -1.4073   7.1172  15.7176   0.0000   0.0000   0.0000
    5645  -1.5208   7.4016  16.6560   0.0000   0.0000   0.0000
    5646  -2.3545   7.0096  17.5804   0.0000   0.0000   0.0000
    5647  -2.1373   7.6394  17.4307   0.0000   0.0000   0.0000
    5648  -0.9599   7.5383  17.5983   0.0000   0.0000   0.0000
    5649  -1.6132   7.0272  18.7941   0.0000   0.0000   0.0000
    5650  -2.5779   7.0293  17.6646   0.0000   0.0000   0.0000
    5651  -1.1301   7.2218  18.2291   0.0000   0.0000   0.0000
    5652  -2.0650   8.2273  16.3072   0.0000   0.0000   0.0000
    5653  -1.8884   7.5882  16.7369   0.0000   0.0000   0.0000
    5654  -2.1983   6.7550  16.4141   0.0000   0.0000   0.0000
    5655  -2.4869   7.1747  16.2389   0.0000   0.0000   0.0000
    5656  -2.9515   7.8541  16.7193   0.0000   0.0000   0.0000
    5657  -3.2428   7.2579  15.7178   0.0000   0.0000   0.0000
    5658  -2.6114   7.3958  15.9863   0.0000   0.0000   0.0000
    5659  -3.4255   6.9232  15.8918   0.0000   0.0000   0.0000
    5660  -3.8098   7.3397  15.6528   0.0000   0.0000   0.0000
    5661  -2.8918   6.9069  15.7155   0.0000   0.0000   0.0000
    5662  -3.0564   7.0062  16.6295   0.0000   0.0000   0.0000
    5663  -2.9050   7.1090  16.8844   0.0000   0.0000   0.0000
    5664  -2.9328   6.3392  16.1190   0.0000   0.0000   0.0000
    5665  -3.1483   6.3355  16.1924   0.0000   0.0000   0.0000
    5666  -4.5598   5.4889  15.9903   0.0000   0.0000   0.0000
    5667  -3.9976   5.0430  17.0866   0.0000   0.0000   0.0000
    5668  -3.6199   5.6612  15.8869   0.0000   0.0000   0.0000
    5669  -2.6914   5.3190  16.4616   0.0000   0.0000   0.0000
    5670  -3.8734   5.8218  16.9029   0.0000   0.0000   0.0000
    5671  -3.3966   6.5245  15.9733   0.0000   0.0000   0.0000
    5672  -4.2175   5.4341  17.3116   0.0000   0.0000   0.0000
    5673  -4.3643   5.7942  15.9646   0.0000   0.0000   0.0000
    5674  -3.4412   5.5729  16.3834   0.0000   0.0000   0.0000
    5675  -4.6562   6.0007  16.2928   0.0000   0.0000   0.0000
    5676  -4.6434   6.2839  15.5741   0.0000   0.0000   0.0000
    5677  -3.8011   6.1243  16.3408   0.0000   0.0000   0.0000
    5678  -4.4336   6.4583  17.0143   0.0000   0.0000   0.0000
    5679  -4.1127   7.5289  16.7110   0.0000   0.0000   0.0000
    5680  -3.7910   7.0543  16.3615   0.0000   0.0000   0.0000
    5681  -4.2617   7.2864  16.6836   0.0000   0.0000   0.0000
    5682  -4.2125   6.7730  17.3621   0.0000   0.0000   0.0000
    5683  -4.4734   6.1590  16.4613   0.0000   0.0000   0.0000
    5684  -4.1279   7.4912  15.7454   0.0000   0.0000   0.0000
    5685  -4.0526   7.0260  15.4166   0.0000   0.0000   0.0000
    5686  -3.6604   7.9392  16.7127   0.0000   0.0000   0.0000
    5687  -4.0177   8.1325  17.1672   0.0000   0.0000   0.0000
    5688  -4.0656   7.8397  17.2033   0.0000   0.0000   0.0000
    5689  -4.3384   8.0358  16.5621   0.0000   0.0000   0.0000
    5690  -4.3138   6.4514  16.9212   0.0000   0.0000   0.0000
    5691  -3.5731   6.8443  17.5320   0.0000   0.0000   0.0000
    5692  -2.6941   6.3435  16.2589   0.0000   0.0000   0.0000
    5693  -2.7630   6.7365  16.7484   0.0000   0.0000   0.0000
    5694  -2.6763   6.4924  17.5685   0.0000   0.0000   0.0000
    5695  -4.1273   6.6400  17.1632   0.0000   0.0000   0.0000
    5696  -2.8786   6.2745  16.9518   0.0000   0.0000   0.0000
    5697  -2.0833   5.3551  16.1265   0.0000   0.0000   0.0000
    5698  -3.0109   7.0326  17.0013   0.0000   0.0000   0.0000
    5699  -1.4672   5.8287  17.1188   0.0000   0.0000   0.0000
    5700  -2.3292   6.5465  17.4333   0.0000   0.0000   0.0000
    5701  -2.2730   7.2660  17.6676   0.0000   0.0000   0.0000
    5702  -2.6370   7.2725  17.2260   0.0000   0.0000   0.0000
    5703  -2.8655   6.8578  17.6521   0.0000   0.0000   0.0000
    5704  -1.7988   6.8888  17.7998   0.0000   0.0000   0.0000
    5705  -2.2688   6.5500  17.1964   0.0000   0.0000   0.0000
    5706  -2.9271   6.2561  17.0032   0.0000   0.0000   0.0000
    5707  -3.1357   6.2832  17.0052   0.0000   0.0000   0.0000
    5708  -3.4148   6.5298  18.1280   0.0000   0.0000   0.0000
    5709  -2.3420   6.2307  17.8743   0.0000   0.0000   0.0000
    5710  -2.0252   5.9124  17.0312   0.0000   0.0000   0.0000
    5711  -2.3882   6.1260  17.3916   0.0000   0.0000   0.0000
    5712  -2.1554   6.1484  17.6484   0.0000   0.0000   0.0000
    5713  -2.6348   6.4128  18.1107   0.0000   0.0000   0.0000
    5714  -1.6281   6.3604  17.4401   0.0000   0.0000   0.0000
    5715  -1.9499   6.4040  17.0666   0.0000   0.0000   0.0000
    5716  -2.9038   6.6513  17.2716   0.0000   0.0000   0.0000
    5717  -3.0663   6.8894  17.7516   0.0000   0.0000   0.0000
    5718  -2.9038   8.5070  17.9802   0.0000   0.0000   0.0000
    5719  -2.6684   7.6148  18.5376   0.0000   0.0000   0.0000
    5720  -2.9615   7.2409  18.2436   0.0000   0.0000   0.0000
    5721  -2.9159   6.8678  17.5602   0.0000   0.0000   0.0000
    5722  -2.8799   6.2032  18.0009   0.0000   0.0000   0.0000
    5723  -1.7549   6.2859  17.5236   0.0000   0.0000   0.0000
    5724  -2.6748   6.9467  18.1515   0.0000   0.0000   0.0000
    5725  -1.9614   7.2829  17.6104   0.0000   0.0000   0.0000
    5726  -2.1613   7.4250  17.7185   0.0000   0.0000   0.0000
    5727  -1.9353   7.1296  17.5177   0.0000   0.0000   0.0000
    5728  -2.8694   7.3208  18.0595   0.0000   0.0000   0.0000
    5729  -1.8382   7.2795  17.5470   0.0000   0.0000   0.0000
    5730  -2.3837   7.2934  17.9336   0.0000   0.0000   0.0000
    5731  -1.3693   6.6389  17.2724   0.0000   0.0000   0.0000
    5732  -1.0915   7.2669  17.2146   0.0000   0.0000   0.0000
    5733  -0.8096   7.5177  16.9775   0.0000   0.0000   0.0000
    5734  -1.5727   6.8325  18.3247   0.0000   0.0000   0.0000
    5735  -2.5468   7.7939  18.2047   0.0000   0.0000   0.0000
    5736  -2.5219   7.3802  18.3081   0.0000   0.0000   0.0000
    5737  -2.7338   8.2334  19.2879   0.0000   0.0000   0.0000
    5738  -3.7230   8.2928  18.8511   0.0000   0.0000   0.0000
    5739  -2.7756   7.2283  18.0905   0.0000   0.0000   0.0000
    5740  -1.8811   7.6358  19.2009   0.0000   0.0000   0.0000
    5741  -2.6080   8.2056  18.7619   0.0000   0.0000   0.0000
    5742  -0.4596   8.0931  18.3336   0.0000   0.0000   0.0000
    5743  -1.3833   7.4843  17.0800   0.0000   0.0000   0.0000
    5744  -2.9011   8.1828  22.2479   0.0000   0.0000   0.0000
    5745  -3.6081   7.4143  21.8013   0.0000   0.0000   0.0000
    5746   0.3305   6.6824  17.2563   0.0000   0.0000   0.0000
    5747  -1.2789   5.6214  18.6779   0.0000   0.0000   0.0000
    5748  -0.3424   6.5117  17.5107   0.0000   0.0000   0.0000
    5749  -0.8944   6.7812  16.4584   0.0000   0.0000   0.0000
    5750  -0.9836   6.8386  16.2921   0.0000   0.0000   0.0000
    5751  -0.4122   7.8620  16.3432   0.0000   0.0000   0.0000
    5752  -0.2543   8.7366  16.6145   0.0000   0.0000   0.0000
    5753  -1.1484   6.6694  19.4224   0.0000   0.0000   0.0000
    5754  -1.0997   7.0695  17.5249   0.0000   0.0000   0.0000
    5755  -1.8042   6.0156  19.5944   0.0000   0.0000   0.0000
    5756  -1.6825   6.2000  18.9029   0.0000   0.0000   0.0000
    5757  -2.7930   6.0235  20.1631   0.0000   0.0000   0.0000
    5758  -3.1889   5.5768  19.5167   0.0000   0.0000   0.0000
    5759  -2.5385   6.8576  21.2422   0.0000   0.0000   0.0000
    5760  -2.7275   5.8018  19.5772   0.0000   0.0000   0.0000
    5761  -2.2917   6.4918  20.1830   0.0000   0.0000   0.0000
    5762  -0.3153   6.8241  17.1469   0.0000   0.0000   0.0000
    5763  -0.4140   6.4497  17.6342   0.0000   0.0000   0.0000
    5764  -0.8089   6.0609  17.6702   0.0000   0.0000   0.0000
    5765  -1.2594   6.0968  17.9360   0.0000   0.0000   0.0000
    5766  -0.8440   5.3524  19.5988   0.0000   0.0000   0.0000
    5767  -1.5493   5.2168  20.3012   0.0000   0.0000   0.0000
    5768  -0.8019   5.0695  18.9016   0.0000   0.0000   0.0000
    5769  -0.3169   6.6092  18.8113   0.0000   0.0000   0.0000
    5770  -2.4651   7.2188  18.9730   0.0000   0.0000   0.0000
    5771  -2.4211   6.8758  17.9564   0.0000   0.0000   0.0000
    5772  -2.2517   6.5470  17.7953   0.0000   0.0000   0.0000
    5773  -1.5450   6.6311  18.5116   0.0000   0.0000   0.0000
    5774  -0.8489   6.5811  17.8387   0.0000   0.0000   0.0000
    5775  -1.7451   5.6588  18.6877   0.0000   0.0000   0.0000
    5776  -2.2032   5.7439  18.7883   0.0000   0.0000   0.0000
    5777  -2.4726   6.2641  20.8399   0.0000   0.0000   0.0000
    5778  -1.9594   6.9104  19.5278   0.0000   0.0000   0.0000
    5779  -2.6327   5.5089  19.2042   0.0000   0.0000   0.0000
    5780  -1.8199   6.8473  19.6557   0.0000   0.0000   0.0000
    5781  -2.4040   6.8526  20.3232   0.0000   0.0000   0.0000
    5782  -3.4927   6.4597  20.3069   0.0000   0.0000   0.0000
    5783  -2.6644   7.0289  20.3196   0.0000   0.0000   0.0000
    5784  -1.7208   6.9008  19.6729   0.0000   0.0000   0.0000
    5785  -3.2189   8.0207  19.4754   0.0000   0.0000   0.0000
    5786  -2.5456   7.3558  21.2897   0.0000   0.0000   0.0000
    5787  -2.8874   7.4658  19.3337   0.0000   0.0000   0.0000
    5788  -3.2572   7.9452  19.1318   0.0000   0.0000   0.0000
    5789  -2.8007   7.1514  17.9330   0.0000   0.0000   0.0000
    5790  -2.1860   7.0237  16.8896   0.0000   0.0000   0.0000
    5791  -2.8131   6.7523  18.7679   0.0000   0.0000   0.0000
    5792  -2.9168   7.6107  19.3083   0.0000   0.0000   0.0000
    5793  -3.5219   6.9956  20.2471   0.0000   0.0000   0.0000
    5794  -2.8824   6.5226  19.2948   0.0000   0.0000   0.0000
    5795  -1.7263   7.2817  18.1389   0.0000   0.0000   0.0000
    5796  -3.0256   7.4842  19.0951   0.0000   0.0000   0.0000
    5797  -2.9259   7.9102  18.4637   0.0000   0.0000   0.0000
    5798  -2.6577   7.5507  18.6773   0.0000   0.0000   0.0000
    5799  -2.6933   7.8970  18.3357   0.0000   0.0000   0.0000
    5800  -2.5781   7.1211  18.6265   0.0000   0.0000   0.0000
    5801  -3.1501   8.5053  19.3145   0.0000   0.0000   0.0000
    5802  -2.9239   6.3470  18.9587   0.0000   0.0000   0.0000
    5803  -2.6155   7.7405  18.6803   0.0000   0.0000   0.0000
    5804  -2.9052   7.5308  19.3194   0.0000   0.0000   0.0000
    5805  -3.2321   7.1640  19.2048   0.0000   0.0000   0.0000
    5806  -2.7402   7.2175  18.9305   0.0000   0.0000   0.0000
    5807  -3.6354   7.2220  17.5991   0.0000   0.0000   0.0000
    5808  -3.5846   7.3053  18.6960   0.0000   0.0000   0.0000
    5809  -2.4915   7.7387  17.4070   0.0000   0.0000   0.0000
    5810  -3.3112   7.2079  16.6863   0.0000   0.0000   0.0000
    5811  -3.1574   7.1125  16.2719   0.0000   0.0000   0.0000
    5812  -2.9895   7.5888  16.4649   0.0000   0.0000   0.0000
    5813  -2.5609   6.9677  17.3186   0.0000   0.0000   0.0000
    5814  -3.2924   6.6547  17.9410   0.0000   0.0000   0.0000
    5815  -3.3317   7.5632  17.8526   0.0000   0.0000   0.0000
    5816  -2.8202   7.5035  17.0173   0.0000   0.0000   0.0000
    5817  -3.6059   7.4270  17.3482   0.0000   0.0000   0.0000
    5818  -2.6607   7.3949  16.9925   0.0000   0.0000   0.0000
    5819  -3.4659   7.4615  18.0442   0.0000   0.0000   0.0000
    5820  -3.3918   7.2774  18.4209   0.0000   0.0000   0.0000
    5821  -3.3896   8.0065  17.7294   0.0000   0.0000   0.0000
    5822  -3.0496   8.1508  17.5624   0.0000   0.0000   0.0000
    5823  -3.0824   8.5399  17.1364   0.0000   0.0000   0.0000
    5824  -3.0446   7.8296  17.9511   0.0000   0.0000   0.0000
    5825  -2.8723   8.1542  17.1437   0.0000   0.0000   0.0000
    5826  -2.3575   7.6547  17.3618   0.0000   0.0000   0.0000
    5827  -2.1793   7.4087  17.4987   0.0000   0.0000   0.0000
    5828  -2.9176   7.6307  16.9143   0.0000   0.0000   0.0000
    5829  -1.8447   8.6551  17.8874   0.0000   0.0000   0.0000
    5830  -2.0675   8.0655  18.2402   0.0000   0.0000   0.0000
    5831  -2.4537   7.7880  18.1530   0.0000   0.0000   0.0000
    5832  -1.6060   8.6864  17.8283   0.0000   0.0000   0.0000
    5833  -3.1465   8.3044  18.9364   0.0000   0.0000   0.0000
    5834  -2.0561   9.6628  20.5692   0.0000   0.0000   0.0000
    5835  -1.8755   8.6851  19.0874   0.0000   0.0000   0.0000
    5836  -1.4896   8.0583  19.6466   0.0000   0.0000   0.0000
    5837  -2.7344   7.5252  19.0143   0.0000   0.0000   0.0000
    5838  -2.1776   7.9261  19.0029   0.0000   0.0000   0.0000
    5839  -1.9889   8.2890  19.3067   0.0000   0.0000   0.0000
    5840  -1.2769   7.7108  18.8892   0.0000   0.0000   0.0000
    5841  -2.4754   7.7104  20.2662   0.0000   0.0000   0.0000
    5842  -1.5499   8.1197  19.7203   0.0000   0.0000   0.0000
    5843  -1.1899   7.9106  19.6005   0.0000   0.0000   0.0000
    5844  -1.6974   7.8853  20.3359   0.0000   0.0000   0.0000
    5845  -2.4933   8.1879  19.9806   0.0000   0.0000   0.0000
    5846  -2.0579   8.4516  20.2046   0.0000   0.0000   0.0000
    5847  -2.6396   8.2821  20.3802   0.0000   0.0000   0.0000
    5848  -2.9877   7.7782  20.9586   0.0000   0.0000   0.0000
    5849  -2.7764   8.1871  20.3401   0.0000   0.0000   0.0000
    5850  -3.5861   7.5351  21.0703   0.0000   0.0000   0.0000
    5851  -2.5963   6.9591  20.7565   0.0000   0.0000   0.0000
    5852  -3.3492   8.1910  20.7841   0.0000   0.0000   0.0000
    5853  -3.1030   7.4435  20.6858   0.0000   0.0000   0.0000
    5854  -4.1909   7.5566  19.9605   0.0000   0.0000   0.0000
    5855  -2.5361   7.2683  20.7522   0.0000   0.0000   0.0000
    5856  -3.2424   7.9371  20.8628   0.0000   0.0000   0.0000
    5857  -3.6652   8.1170  21.3132   0.0000   0.0000   0.0000
    5858  -3.1172   7.8638  21.5774   0.0000   0.0000   0.0000
    5859  -2.2834   8.3795  20.9146   0.0000   0.0000   0.0000
    5860  -3.3912   8.4121  20.1958   0.0000   0.0000   0.0000
    5861  -3.8789   8.5250  20.2383   0.0000   0.0000   0.0000
    5862  -2.8650   8.6927  20.1536   0.0000   0.0000   0.0000
    5863  -3.8634   8.7857  20.0506   0.0000   0.0000   0.0000
    5864  -3.5179   8.8925  20.0151   0.0000   0.0000   0.0000
    5865  -3.3347   9.2935  21.0558   0.0000   0.0000   0.0000
    5866  -3.3740   8.7655  22.0740   0.0000   0.0000   0.0000
    5867  -2.4592   7.6684  20.7673   0.0000   0.0000   0.0000
    5868  -2.6994   8.0133  20.5624   0.0000   0.0000   0.0000
    5869  -2.8782   8.1588  20.7843   0.0000   0.0000   0.0000
    5870  -3.0623   7.5789  20.8965   0.0000   0.0000   0.0000
    5871  -2.2434   8.5639  19.7506   0.0000   0.0000   0.0000
    5872  -1.5231   8.0942  19.4242   0.0000   0.0000   0.0000
    5873  -1.5942   7.4765  19.7495   0.0000   0.0000   0.0000
    5874  -2.5480   6.9192  18.8533   0.0000   0.0000   0.0000
    5875  -1.8871   7.1788  22.0225   0.0000   0.0000   0.0000
    5876  -2.3432   7.0214  19.3116   0.0000   0.0000   0.0000
    5877  -2.0080   6.2998  20.6459   0.0000   0.0000   0.0000
    5878  -1.7316   6.5984  19.4715   0.0000   0.0000   0.0000
    5879  -1.7112   6.9903  19.3840   0.0000   0.0000   0.0000
    5880  -2.5827   6.3993  18.6842   0.0000   0.0000   0.0000
    5881  -2.4242   6.4306  19.6945   0.0000   0.0000   0.0000
    5882  -2.1492   6.5490  19.9877   0.0000   0.0000   0.0000
    5883  -2.4707   5.4473  19.1369   0.0000   0.0000   0.0000
    5884  -1.8543   5.1546  19.8485   0.0000   0.0000   0.0000
    5885  -1.5207   5.0264  19.7914   0.0000   0.0000   0.0000
    5886  -1.8305   5.8611  20.4529   0.0000   0.0000   0.0000
    5887  -1.8639   4.9559  19.4365   0.0000   0.0000   0.0000
    5888  -1.9612   4.7569  20.3733   0.0000   0.0000   0.0000
    5889  -2.9995   5.7363  20.4559   0.0000   0.0000   0.0000
    5890  -2.1687   6.0587  20.1982   0.0000   0.0000   0.0000
    5891  -1.3025   6.3874  20.0247   0.0000   0.0000   0.0000
    5892  -1.8371   6.6961  19.4794   0.0000   0.0000   0.0000
    5893  -3.0013   6.0596  19.1109   0.0000   0.0000   0.0000
    5894  -4.4465   5.4753  19.9573   0.0000   0.0000   0.0000
    5895  -3.2753   6.3063  19.7349   0.0000   0.0000   0.0000
    5896  -3.6506   6.5893  18.9741   0.0000   0.0000   0.0000
    5897  -3.2984   6.5714  19.7756   0.0000   0.0000   0.0000
    5898  -3.0650   6.2426  20.3687   0.0000   0.0000   0.0000
    5899  -2.9329   6.4020  20.2239   0.0000   0.0000   0.0000
    5900  -2.7477   6.2993  19.5433   0.0000   0.0000   0.0000
    5901  -3.1906   6.8672  19.7252   0.0000   0.0000   0.0000
    5902  -4.4721   6.4311  20.2374   0.0000   0.0000   0.0000
    5903  -3.4205   6.2644  20.8352   0.0000   0.0000   0.0000
    5904  -4.4337   6.9051  22.1347   0.0000   0.0000   0.0000
    5905  -3.4951   6.4755  21.6697   0.0000   0.0000   0.0000
    5906  -6.3023   6.2276  20.5899   0.0000   0.0000   0.0000
    5907  -4.4937   5.6562  21.1631   0.0000   0.0000   0.0000
    5908  -3.7546   6.1616  20.3203   0.0000   0.0000   0.0000
    5909  -4.5014   6.6936  22.0738   0.0000   0.0000   0.0000
    5910  -6.4136   6.4092  20.9162   0.0000   0.0000   0.0000
    5911  -3.9641   6.7805  21.5710   0.0000   0.0000   0.0000
    5912  -4.3956   6.8033  20.4333   0.0000   0.0000   0.0000
    5913  -5.0766   5.2458  21.0775   0.0000   0.0000   0.0000
    5914  -5.0281   5.8631  21.5969   0.0000   0.0000   0.0000
    5915  -3.8293   5.8975  20.7982   0.0000   0.0000   0.0000
    5916  -3.8414   5.6120  20.4387   0.0000   0.0000   0.0000
    5917  -3.4851   5.6720  20.0763   0.0000   0.0000   0.0000
    5918  -3.1266   5.4392  19.1346   0.0000   0.0000   0.0000
    5919  -4.7658   6.4256  18.6243   0.0000   0.0000   0.0000
    5920  -3.9074   6.1501  19.4706   0.0000   0.0000   0.0000
    5921  -4.1395   6.6425  20.4117   0.0000   0.0000   0.0000
    5922  -5.4234   6.2472  19.8013   0.0000   0.0000   0.0000
    5923  -4.2897   6.0336  19.4096   0.0000   0.0000   0.0000
    5924  -4.6073   6.9092  19.5665   0.0000   0.0000   0.0000
    5925  -4.4569   6.7692  20.9063   0.0000   0.0000   0.0000
    5926  -4.8487   6.5929  21.8833   0.0000   0.0000   0.0000
    5927  -2.9898   6.8713  20.6086   0.0000   0.0000   0.0000
    5928  -3.8115   6.0791  20.7235   0.0000   0.0000   0.0000
    5929  -3.4599   6.6924  18.6352   0.0000   0.0000   0.0000
    5930  -3.9605   6.9019  19.1078   0.0000   0.0000   0.0000
    5931  -5.7462   6.2451  19.6750   0.0000   0.0000   0.0000
    5932  -4.4753   7.1581  19.3258   0.0000   0.0000   0.0000
    5933  -3.4313   6.7089  20.4653   0.0000   0.0000   0.0000
    5934  -4.1432   6.9672  19.8596   0.0000   0.0000   0.0000
    5935  -3.3368   6.7219  20.2147   0.0000   0.0000   0.0000
    5936  -4.1899   6.1165  19.6927   0.0000   0.0000   0.0000
    5937  -3.9444   6.3252  19.6061   0.0000   0.0000   0.0000
    5938  -3.2327   6.3720  19.8802   0.0000   0.0000   0.0000
    5939  -3.1861   6.3962  19.7629   0.0000   0.0000   0.0000
    5940  -2.8217   6.4382  18.6908   0.0000   0.0000   0.0000
    5941  -4.0800   5.3742  18.7785   0.0000   0.0000   0.0000
    5942  -4.4903   6.4781  20.0678   0.0000   0.0000   0.0000
    5943  -4.1366   5.9002  20.1171   0.0000   0.0000   0.0000
    5944  -5.0436   6.4704  18.9331   0.0000   0.0000   0.0000
    5945  -4.9876   5.7996  19.3344   0.0000   0.0000   0.0000
    5946  -3.1360   5.1867  19.1327   0.0000   0.0000   0.0000
    5947  -3.6016   5.2299  19.2118   0.0000   0.0000   0.0000
    5948  -3.8939   5.4961  19.9086   0.0000   0.0000   0.0000
    5949  -4.6660   5.5274  20.1099   0.0000   0.0000   0.0000
    5950  -4.0835   4.9133  19.8975   0.0000   0.0000   0.0000
    5951  -5.0303   6.1408  19.7168   0.0000   0.0000   0.0000
    5952  -4.3850   5.2794  19.1252   0.0000   0.0000   0.0000
    5953  -3.6773   4.9944  19.1918   0.0000   0.0000   0.0000
    5954  -5.4154   5.4878  19.4491   0.0000   0.0000   0.0000
    5955  -4.3260   5.2269  19.9612   0.0000   0.0000   0.0000
    5956  -3.1117   5.1145  20.3101   0.0000   0.0000   0.0000
    5957  -2.3526   5.3690  19.3644   0.0000   0.0000   0.0000
    5958  -3.9621   4.3024  19.6789   0.0000   0.0000   0.0000
    5959  -2.7157   4.9931  20.0866   0.0000   0.0000   0.0000
    5960  -3.4738   5.6027  19.3927   0.0000   0.0000   0.0000
    5961  -3.1638   4.9575  19.5104   0.0000   0.0000   0.0000
    5962  -3.3038   4.8060  19.1130   0.0000   0.0000   0.0000
    5963  -3.3994   4.3177  20.1380   0.0000   0.0000   0.0000
    5964  -3.4099   4.3184  20.1364   0.0000   0.0000   0.0000
    5965  -3.7352   5.3721  19.7645   0.0000   0.0000   0.0000
    5966  -3.4013   4.7410  19.8985   0.0000   0.0000   0.0000
    5967  -3.5957   4.1772  19.3520   0.0000   0.0000   0.0000
    5968  -2.2196   4.6898  19.0029   0.0000   0.0000   0.0000
    5969  -2.4103   4.2456  19.4539   0.0000   0.0000   0.0000
    5970  -2.8409   4.0843  19.6594   0.0000   0.0000   0.0000
    5971  -1.2492   5.5342  18.8652   0.0000   0.0000   0.0000
    5972  -1.6335   4.6325  19.7624   0.0000   0.0000   0.0000
    5973  -1.3041   4.8146  19.4277   0.0000   0.0000   0.0000
    5974  -2.1458   3.8428  19.7206   0.0000   0.0000   0.0000
    5975  -1.0203   3.8811  19.6827   0.0000   0.0000   0.0000
    5976  -1.7338   3.9670  19.6385   0.0000   0.0000   0.0000
    5977  -1.3575   2.9696  20.5458   0.0000   0.0000   0.0000
    5978  -1.4858   3.2236  20.3705   0.0000   0.0000   0.0000
    5979  -1.7204   3.4372  20.4356   0.0000   0.0000   0.0000
    5980  -2.3466   3.4383  19.7299   0.0000   0.0000   0.0000
    5981  -1.7196   3.6362  19.6371   0.0000   0.0000   0.0000
    5982  -2.2951   4.2228  19.6926   0.0000   0.0000   0.0000
    5983  -0.6845   4.2604  19.6638   0.0000   0.0000   0.0000
    5984  -2.5884   4.1251  19.8517   0.0000   0.0000   0.0000
    5985  -1.8208   3.2833  19.9525   0.0000   0.0000   0.0000
    5986  -1.6514   3.0804  19.4392   0.0000   0.0000   0.0000
    5987  -2.0688   3.9602  19.1239   0.0000   0.0000   0.0000
    5988  -3.2036   4.1672  20.1788   0.0000   0.0000   0.0000
    5989  -3.2656   3.6458  19.0875   0.0000   0.0000   0.0000
    5990  -2.7873   3.9810  20.0929   0.0000   0.0000   0.0000
    5991  -2.0833   3.2684  20.0362   0.0000   0.0000   0.0000
    5992  -2.7486   4.1425  20.2468   0.0000   0.0000   0.0000
    5993  -2.4036   4.0478  20.7444   0.0000   0.0000   0.0000
    5994  -2.0716   3.9385  20.3483   0.0000   0.0000   0.0000
    5995  -2.8957   4.6532  20.4190   0.0000   0.0000   0.0000
    5996  -2.8410   3.9768  19.7414   0.0000   0.0000   0.0000
    5997  -2.9345   3.8464  18.8162   0.0000   0.0000   0.0000
    5998  -3.2592   4.1667  19.3183   0.0000   0.0000   0.0000
    5999  -4.0839   4.2188  19.1582   0.0000   0.0000   0.0000
    6000  -2.9737   4.8700  19.0987   0.0000   0.0000   0.0000
