#Frame                                                     D36
       1  -1.8198   4.2717  11.9755   0.0000   0.0000   0.0000
       2  -1.3367   3.9817  12.8209   0.0000   0.0000   0.0000
       3  -1.4743   4.0006  12.7965   0.0000   0.0000   0.0000
       4  -2.2056   4.6648  12.7613   0.0000   0.0000   0.0000
       5  -2.0325   4.1944  11.8495   0.0000   0.0000   0.0000
       6  -2.8299   3.2984  11.9153   0.0000   0.0000   0.0000
       7  -3.0872   3.6278  11.5496   0.0000   0.0000   0.0000
       8  -2.8733   4.2390  11.7420   0.0000   0.0000   0.0000
       9  -3.5373   3.8359  11.4388   0.0000   0.0000   0.0000
      10  -3.0809   4.1678  12.1390   0.0000   0.0000   0.0000
      11  -2.3348   3.3402  11.5807   0.0000   0.0000   0.0000
      12  -2.7818   4.3239  11.9222   0.0000   0.0000   0.0000
      13  -2.7078   6.1465  11.5864   0.0000   0.0000   0.0000
      14  -2.3699   5.6689  11.5210   0.0000   0.0000   0.0000
      15  -2.8196   4.9989  11.4761   0.0000   0.0000   0.0000
      16  -2.2671   4.6168  11.8166   0.0000   0.0000   0.0000
      17  -2.2974   4.3756  12.0714   0.0000   0.0000   0.0000
      18  -1.8236   4.8420  12.2514   0.0000   0.0000   0.0000
      19  -1.7749   5.3448  12.0280   0.0000   0.0000   0.0000
      20  -2.2912   4.6877  11.3809   0.0000   0.0000   0.0000
      21  -1.6571   5.4367  11.8163   0.0000   0.0000   0.0000
      22  -1.7449   5.8289  12.1804   0.0000   0.0000   0.0000
      23  -2.0701   5.9685  11.5146   0.0000   0.0000   0.0000
      24  -2.0867   6.0551  11.6858   0.0000   0.0000   0.0000
      25  -1.8242   6.6904  12.3217   0.0000   0.0000   0.0000
      26  -1.9745   6.3997  11.4687   0.0000   0.0000   0.0000
      27  -1.8575   7.2692  11.1705   0.0000   0.0000   0.0000
      28  -2.6483   6.4578  11.7734   0.0000   0.0000   0.0000
      29  -1.5636   6.7193  12.5963   0.0000   0.0000   0.0000
      30  -2.6020   5.5878  11.9397   0.0000   0.0000   0.0000
      31  -1.8802   6.0199  11.1715   0.0000   0.0000   0.0000
      32  -1.9462   5.7485  11.2718   0.0000   0.0000   0.0000
      33  -1.1190   6.2422  11.0647   0.0000   0.0000   0.0000
      34  -2.1863   5.2300  10.8845   0.0000   0.0000   0.0000
      35  -1.8752   6.1182  11.4989   0.0000   0.0000   0.0000
      36  -2.8674   5.4121  11.0751   0.0000   0.0000   0.0000
      37  -2.9453   5.5117  11.7553   0.0000   0.0000   0.0000
      38  -1.8782   4.6138  12.2505   0.0000   0.0000   0.0000
      39  -1.6096   5.9811  11.6856   0.0000   0.0000   0.0000
      40  -1.0888   4.6812  12.3323   0.0000   0.0000   0.0000
      41  -1.1940   4.6336  10.8782   0.0000   0.0000   0.0000
      42  -1.6310   4.3424  12.3400   0.0000   0.0000   0.0000
      43  -0.9960   5.1664  11.7032   0.0000   0.0000   0.0000
      44  -1.3893   4.3115  12.3946   0.0000   0.0000   0.0000
      45  -2.0530   4.9716  12.4221   0.0000   0.0000   0.0000
      46  -2.0628   4.7975  11.7164   0.0000   0.0000   0.0000
      47  -2.0761   3.9987  11.2297   0.0000   0.0000   0.0000
      48  -2.1140   4.0098  11.8473   0.0000   0.0000   0.0000
      49  -2.0144   3.3110  11.9821   0.0000   0.0000   0.0000
      50  -2.0892   4.3316  11.5809   0.0000   0.0000   0.0000
      51  -2.5346   4.2550  10.6863   0.0000   0.0000   0.0000
      52  -1.9074   4.1726  10.9675   0.0000   0.0000   0.0000
      53  -1.7338   3.8209  11.3459   0.0000   0.0000   0.0000
      54  -1.6460   5.0723  10.6615   0.0000   0.0000   0.0000
      55  -0.9141   4.9907  10.9101   0.0000   0.0000   0.0000
      56  -1.6260   4.0627  12.1019   0.0000   0.0000   0.0000
      57  -2.1653   3.8914  11.5421   0.0000   0.0000   0.0000
      58  -2.3941   4.4617  11.3464   0.0000   0.0000   0.0000
      59  -1.5171   4.4063  11.6620   0.0000   0.0000   0.0000
      60  -2.5884   3.4851  11.5121   0.0000   0.0000   0.0000
      61  -1.6682   3.5720  11.1094   0.0000   0.0000   0.0000
      62  -2.0805   4.5450  11.0898   0.0000   0.0000   0.0000
      63  -1.8665   3.8895  11.3579   0.0000   0.0000   0.0000
      64  -1.8332   4.1267  11.1922   0.0000   0.0000   0.0000
      65  -2.3708   4.0325  11.3807   0.0000   0.0000   0.0000
      66  -2.2723   4.0073  11.3215   0.0000   0.0000   0.0000
      67  -2.6366   3.7286  12.2402   0.0000   0.0000   0.0000
      68  -2.0468   3.4769  11.7804   0.0000   0.0000   0.0000
      69  -2.1619   3.4964  12.0742   0.0000   0.0000   0.0000
      70  -3.3183   3.0733  11.4304   0.0000   0.0000   0.0000
      71  -1.6485   2.9928  11.4117   0.0000   0.0000   0.0000
      72  -1.8566   3.9439  11.5431   0.0000   0.0000   0.0000
      73  -2.0875   3.8194  10.6121   0.0000   0.0000   0.0000
      74  -1.8496   3.6203  10.8815   0.0000   0.0000   0.0000
      75  -2.1348   3.5365  10.4600   0.0000   0.0000   0.0000
      76  -2.5733   3.4819  10.5817   0.0000   0.0000   0.0000
      77  -2.8091   4.2219  10.6861   0.0000   0.0000   0.0000
      78  -2.7993   4.6319  10.7533   0.0000   0.0000   0.0000
      79  -2.3807   4.4403  10.4351   0.0000   0.0000   0.0000
      80  -2.7968   4.3056  10.7128   0.0000   0.0000   0.0000
      81  -3.0037   4.1630  10.9288   0.0000   0.0000   0.0000
      82  -3.2750   4.9193  10.7818   0.0000   0.0000   0.0000
      83  -3.5462   4.4505  10.0458   0.0000   0.0000   0.0000
      84  -2.4141   4.9841  11.6104   0.0000   0.0000   0.0000
      85  -2.6390   4.7367  10.7252   0.0000   0.0000   0.0000
      86  -2.3890   4.2218  11.0335   0.0000   0.0000   0.0000
      87  -2.2733   4.4647  10.9230   0.0000   0.0000   0.0000
      88  -2.3636   3.7830  10.9594   0.0000   0.0000   0.0000
      89  -2.6278   3.7873  10.3381   0.0000   0.0000   0.0000
      90  -3.2957   3.7937  10.0037   0.0000   0.0000   0.0000
      91  -2.5759   3.2478  10.3220   0.0000   0.0000   0.0000
      92  -2.6810   2.9978   9.5633   0.0000   0.0000   0.0000
      93  -2.7387   3.6000  10.5574   0.0000   0.0000   0.0000
      94  -3.4865   3.7341  10.6173   0.0000   0.0000   0.0000
      95  -2.8381   4.2840  10.4779   0.0000   0.0000   0.0000
      96  -3.3065   3.6927  10.0693   0.0000   0.0000   0.0000
      97  -3.0738   4.1368   9.9238   0.0000   0.0000   0.0000
      98  -2.1593   3.7853   9.9840   0.0000   0.0000   0.0000
      99  -2.1290   3.9360   9.7105   0.0000   0.0000   0.0000
     100  -2.3513   3.1788   9.9259   0.0000   0.0000   0.0000
     101  -2.4974   4.0754   9.4150   0.0000   0.0000   0.0000
     102  -1.5724   3.9482   8.8772   0.0000   0.0000   0.0000
     103  -1.5566   4.2053   8.8717   0.0000   0.0000   0.0000
     104  -2.1911   4.3180   8.6743   0.0000   0.0000   0.0000
     105  -1.7886   4.6299   8.6227   0.0000   0.0000   0.0000
     106  -1.1419   4.6535   8.8774   0.0000   0.0000   0.0000
     107  -0.9199   3.5334   8.8412   0.0000   0.0000   0.0000
     108  -1.7935   3.8191   9.5993   0.0000   0.0000   0.0000
     109  -0.6780   4.2464   9.2023   0.0000   0.0000   0.0000
     110  -1.1572   3.4684   8.3505   0.0000   0.0000   0.0000
     111  -0.9076   4.0599   8.1442   0.0000   0.0000   0.0000
     112  -1.1398   3.8341   8.4090   0.0000   0.0000   0.0000
     113  -0.4691   4.1892   8.6793   0.0000   0.0000   0.0000
     114  -0.6823   4.0994   9.1094   0.0000   0.0000   0.0000
     115  -1.3754   4.8597   9.9091   0.0000   0.0000   0.0000
     116  -0.2020   4.4586   9.3163   0.0000   0.0000   0.0000
     117   0.0351   5.1406   9.7250   0.0000   0.0000   0.0000
     118  -0.8270   4.5431   9.3583   0.0000   0.0000   0.0000
     119  -0.8224   4.1384  10.0539   0.0000   0.0000   0.0000
     120  -0.4577   4.5647  10.4008   0.0000   0.0000   0.0000
     121  -0.0906   3.8432   9.9068   0.0000   0.0000   0.0000
     122  -0.2149   4.9642  10.3854   0.0000   0.0000   0.0000
     123   0.3777   4.0027  11.0961   0.0000   0.0000   0.0000
     124   0.6245   4.3293  11.5778   0.0000   0.0000   0.0000
     125   0.9541   4.4030  11.8821   0.0000   0.0000   0.0000
     126   0.3122   4.8528  11.1640   0.0000   0.0000   0.0000
     127   0.5178   5.0237  11.5964   0.0000   0.0000   0.0000
     128   0.9196   5.1138  11.2193   0.0000   0.0000   0.0000
     129   0.6113   5.0127  10.8365   0.0000   0.0000   0.0000
     130   0.8212   5.6138  10.6149   0.0000   0.0000   0.0000
     131   0.7554   4.8266  11.3917   0.0000   0.0000   0.0000
     132   0.0703   4.5708  10.8077   0.0000   0.0000   0.0000
     133   0.3597   4.8286  10.3304   0.0000   0.0000   0.0000
     134  -0.1325   4.4229  10.5335   0.0000   0.0000   0.0000
     135  -0.7869   5.0193  10.2677   0.0000   0.0000   0.0000
     136  -0.5864   4.3461  10.5080   0.0000   0.0000   0.0000
     137  -1.1728   4.0269  10.3148   0.0000   0.0000   0.0000
     138  -1.4135   3.7255  10.3568   0.0000   0.0000   0.0000
     139  -1.8111   3.7582  10.0655   0.0000   0.0000   0.0000
     140  -0.6490   4.1283   9.9034   0.0000   0.0000   0.0000
     141  -0.6021   4.8688   9.7347   0.0000   0.0000   0.0000
     142  -0.9501   4.5975  10.1058   0.0000   0.0000   0.0000
     143  -0.0375   4.7574  10.2345   0.0000   0.0000   0.0000
     144  -0.6298   3.5022  10.7004   0.0000   0.0000   0.0000
     145  -1.0363   3.8597  10.2605   0.0000   0.0000   0.0000
     146  -1.7954   4.7110  10.5861   0.0000   0.0000   0.0000
     147  -0.8703   4.5424  10.2465   0.0000   0.0000   0.0000
     148  -0.8311   5.2989   9.4902   0.0000   0.0000   0.0000
     149  -0.1482   5.4825   9.5962   0.0000   0.0000   0.0000
     150  -0.9003   5.4995   9.5080   0.0000   0.0000   0.0000
     151  -1.0541   5.2583   9.8404   0.0000   0.0000   0.0000
     152  -1.4977   5.5406   9.6355   0.0000   0.0000   0.0000
     153  -1.7579   5.5549  10.3612   0.0000   0.0000   0.0000
     154  -1.6211   5.5837   9.9463   0.0000   0.0000   0.0000
     155  -2.4881   5.1327  10.1461   0.0000   0.0000   0.0000
     156  -1.6281   5.6962  10.3972   0.0000   0.0000   0.0000
     157  -1.3511   4.6628   9.8879   0.0000   0.0000   0.0000
     158  -1.1972   5.2596  10.1007   0.0000   0.0000   0.0000
     159  -1.2076   6.1302  10.8840   0.0000   0.0000   0.0000
     160  -0.7227   5.4805  11.7008   0.0000   0.0000   0.0000
     161  -0.9613   4.9945  11.1564   0.0000   0.0000   0.0000
     162  -1.3553   5.4735  11.2777   0.0000   0.0000   0.0000
     163  -2.1984   4.8836  10.9663   0.0000   0.0000   0.0000
     164  -0.9068   4.9401  10.8977   0.0000   0.0000   0.0000
     165  -0.5029   5.4273  11.0783   0.0000   0.0000   0.0000
     166  -0.5518   4.8676  11.1117   0.0000   0.0000   0.0000
     167  -0.2234   5.4500  11.4739   0.0000   0.0000   0.0000
     168  -1.0636   4.8239  11.1689   0.0000   0.0000   0.0000
     169   0.0208   5.5968  11.0440   0.0000   0.0000   0.0000
     170  -0.2797   5.3107  10.8038   0.0000   0.0000   0.0000
     171   0.3686   5.0470  11.4000   0.0000   0.0000   0.0000
     172  -0.2606   5.3495  11.6156   0.0000   0.0000   0.0000
     173  -1.0540   5.3467  11.6336   0.0000   0.0000   0.0000
     174  -1.4865   5.5911  11.4195   0.0000   0.0000   0.0000
     175  -0.4750   5.4332  11.2468   0.0000   0.0000   0.0000
     176   0.0293   5.9862  10.9655   0.0000   0.0000   0.0000
     177  -0.1852   5.8586  10.7476   0.0000   0.0000   0.0000
     178  -0.3465   6.5739  11.4834   0.0000   0.0000   0.0000
     179  -0.1015   5.9010  11.0937   0.0000   0.0000   0.0000
     180   0.6768   5.6707  11.2039   0.0000   0.0000   0.0000
     181  -1.0310   6.2518  12.1035   0.0000   0.0000   0.0000
     182  -0.0261   5.5932  11.0954   0.0000   0.0000   0.0000
     183  -0.1858   4.9652  11.1186   0.0000   0.0000   0.0000
     184  -0.9803   4.4295  10.6916   0.0000   0.0000   0.0000
     185  -0.1989   4.1759  10.2813   0.0000   0.0000   0.0000
     186  -0.4983   5.1554  10.3270   0.0000   0.0000   0.0000
     187  -0.1183   5.4009  10.3703   0.0000   0.0000   0.0000
     188   0.8377   5.7944  10.4296   0.0000   0.0000   0.0000
     189   0.0627   5.2217  10.9823   0.0000   0.0000   0.0000
     190   0.2184   5.7274  11.3316   0.0000   0.0000   0.0000
     191   0.8860   4.9376  11.5952   0.0000   0.0000   0.0000
     192   0.0046   5.3471  11.5545   0.0000   0.0000   0.0000
     193  -0.3335   5.9894  12.1536   0.0000   0.0000   0.0000
     194  -0.4062   5.6960  11.3372   0.0000   0.0000   0.0000
     195  -0.8239   5.0645  11.8540   0.0000   0.0000   0.0000
     196  -0.9459   6.6150  11.0856   0.0000   0.0000   0.0000
     197  -1.0626   6.1619  10.9010   0.0000   0.0000   0.0000
     198  -1.7530   6.6014  11.0916   0.0000   0.0000   0.0000
     199  -1.0434   4.9759  11.7227   0.0000   0.0000   0.0000
     200  -1.1000   5.6378  11.1597   0.0000   0.0000   0.0000
     201  -2.0115   4.6838  10.2649   0.0000   0.0000   0.0000
     202  -1.5426   4.6644  10.7837   0.0000   0.0000   0.0000
     203  -2.3886   5.5231  10.7643   0.0000   0.0000   0.0000
     204  -2.1018   4.2107  10.9024   0.0000   0.0000   0.0000
     205  -1.6605   4.9511  10.6072   0.0000   0.0000   0.0000
     206  -1.5835   4.8043  11.2031   0.0000   0.0000   0.0000
     207  -1.5037   5.2440  10.4440   0.0000   0.0000   0.0000
     208  -1.4033   5.3131  11.0980   0.0000   0.0000   0.0000
     209  -0.9592   4.2159  11.8827   0.0000   0.0000   0.0000
     210  -0.8885   4.6680  11.8910   0.0000   0.0000   0.0000
     211  -0.8593   4.2698  12.0460   0.0000   0.0000   0.0000
     212  -0.1073   4.5023  11.8946   0.0000   0.0000   0.0000
     213  -0.2737   3.5368  11.2964   0.0000   0.0000   0.0000
     214  -0.3367   4.3211  11.0160   0.0000   0.0000   0.0000
     215  -0.2516   4.7519  11.2659   0.0000   0.0000   0.0000
     216  -1.3250   4.6153  10.6301   0.0000   0.0000   0.0000
     217  -1.3848   5.3637   9.9792   0.0000   0.0000   0.0000
     218  -1.2827   5.6442  10.4967   0.0000   0.0000   0.0000
     219  -1.6178   5.1749  10.7336   0.0000   0.0000   0.0000
     220  -1.4320   5.1946  10.6605   0.0000   0.0000   0.0000
     221  -1.1935   4.0558  11.3065   0.0000   0.0000   0.0000
     222  -1.6642   3.2717  11.0169   0.0000   0.0000   0.0000
     223  -0.3188   3.3258  11.8088   0.0000   0.0000   0.0000
     224  -0.3986   4.5322  11.7203   0.0000   0.0000   0.0000
     225  -1.2761   4.3475  11.2761   0.0000   0.0000   0.0000
     226  -0.5601   3.6865  11.7541   0.0000   0.0000   0.0000
     227  -0.2715   4.6803  11.7280   0.0000   0.0000   0.0000
     228  -0.4373   4.1991  11.7457   0.0000   0.0000   0.0000
     229  -0.2494   4.3587  11.4211   0.0000   0.0000   0.0000
     230  -0.2942   4.3687  11.4661   0.0000   0.0000   0.0000
     231  -0.2048   4.2705  11.2681   0.0000   0.0000   0.0000
     232  -0.3298   4.0557  11.0709   0.0000   0.0000   0.0000
     233   0.0123   4.9414  10.6843   0.0000   0.0000   0.0000
     234  -0.3767   3.8829  11.2424   0.0000   0.0000   0.0000
     235   0.0714   4.4228  11.6454   0.0000   0.0000   0.0000
     236  -1.1357   4.6383  11.4321   0.0000   0.0000   0.0000
     237  -0.1754   3.8915  11.6118   0.0000   0.0000   0.0000
     238   0.3801   3.9615  11.5690   0.0000   0.0000   0.0000
     239  -0.0131   4.0600  11.1588   0.0000   0.0000   0.0000
     240  -0.7065   3.5153  12.2223   0.0000   0.0000   0.0000
     241  -0.6564   3.3262  12.7204   0.0000   0.0000   0.0000
     242  -0.2955   3.5964  12.6022   0.0000   0.0000   0.0000
     243  -0.4161   3.2482  12.0571   0.0000   0.0000   0.0000
     244  -0.0216   4.0984  12.0173   0.0000   0.0000   0.0000
     245  -0.3712   3.3386  12.2440   0.0000   0.0000   0.0000
     246  -0.5495   3.7788  11.9669   0.0000   0.0000   0.0000
     247  -0.9858   4.0608  12.2991   0.0000   0.0000   0.0000
     248  -0.7655   3.3580  11.8625   0.0000   0.0000   0.0000
     249  -1.1868   4.3034  11.5079   0.0000   0.0000   0.0000
     250  -0.6039   4.0036  11.6424   0.0000   0.0000   0.0000
     251  -2.4686   1.1310  14.4524   0.0000   0.0000   0.0000
     252  -4.1305   1.9084  14.8507   0.0000   0.0000   0.0000
     253  -3.6619   1.2354  14.3595   0.0000   0.0000   0.0000
     254  -3.9590   1.8299  15.1039   0.0000   0.0000   0.0000
     255  -4.5347   2.0865  15.3297   0.0000   0.0000   0.0000
     256  -3.3546   1.4380  15.5137   0.0000   0.0000   0.0000
     257  -3.9726   2.4128  14.7988   0.0000   0.0000   0.0000
     258  -3.7788   1.8597  15.7794   0.0000   0.0000   0.0000
     259  -3.9936   2.4169  14.9907   0.0000   0.0000   0.0000
     260  -2.6589   1.3423  15.6336   0.0000   0.0000   0.0000
     261  -3.3643   1.0105  15.2513   0.0000   0.0000   0.0000
     262  -3.5075   2.7209  14.4390   0.0000   0.0000   0.0000
     263  -3.8313   1.6914  14.9461   0.0000   0.0000   0.0000
     264  -3.6640   1.7833  15.4347   0.0000   0.0000   0.0000
     265  -3.5977   2.4914  15.2837   0.0000   0.0000   0.0000
     266  -3.5098   2.0948  15.1825   0.0000   0.0000   0.0000
     267  -3.0033   2.6917  15.6914   0.0000   0.0000   0.0000
     268  -3.4273   2.4473  16.1474   0.0000   0.0000   0.0000
     269  -3.4432   2.2082  16.4768   0.0000   0.0000   0.0000
     270  -4.2867   2.8670  15.1680   0.0000   0.0000   0.0000
     271  -3.5791   2.6506  14.7563   0.0000   0.0000   0.0000
     272  -3.8776   4.0470  15.5525   0.0000   0.0000   0.0000
     273  -4.3583   3.3175  15.4684   0.0000   0.0000   0.0000
     274  -4.7505   3.0009  15.5893   0.0000   0.0000   0.0000
     275  -3.5109   2.6338  16.1550   0.0000   0.0000   0.0000
     276  -3.1533   3.8597  15.8233   0.0000   0.0000   0.0000
     277  -4.2007   3.7046  15.3766   0.0000   0.0000   0.0000
     278  -3.7406   3.2313  15.1829   0.0000   0.0000   0.0000
     279  -3.0884   2.9365  14.9317   0.0000   0.0000   0.0000
     280  -2.7780   3.6554  15.6673   0.0000   0.0000   0.0000
     281  -2.8506   3.4739  16.0162   0.0000   0.0000   0.0000
     282  -2.6656   4.1338  14.9744   0.0000   0.0000   0.0000
     283  -3.2112   2.6124  14.7125   0.0000   0.0000   0.0000
     284  -3.6390   3.3239  14.2600   0.0000   0.0000   0.0000
     285  -3.3499   3.1923  14.6050   0.0000   0.0000   0.0000
     286  -3.9386   3.9284  13.6756   0.0000   0.0000   0.0000
     287  -3.3607   4.2757  14.1618   0.0000   0.0000   0.0000
     288  -3.5843   4.2887  14.5951   0.0000   0.0000   0.0000
     289  -3.8181   3.3240  14.8728   0.0000   0.0000   0.0000
     290  -2.9693   3.6256  14.7479   0.0000   0.0000   0.0000
     291  -3.4233   3.8812  14.2857   0.0000   0.0000   0.0000
     292  -3.0841   3.7695  14.4345   0.0000   0.0000   0.0000
     293  -3.9878   3.8954  13.9325   0.0000   0.0000   0.0000
     294  -3.8100   3.1323  15.0740   0.0000   0.0000   0.0000
     295  -3.8592   3.3485  15.3047   0.0000   0.0000   0.0000
     296  -4.2579   2.7371  15.5601   0.0000   0.0000   0.0000
     297  -4.7929   3.3474  15.2040   0.0000   0.0000   0.0000
     298  -4.3151   3.2648  14.7540   0.0000   0.0000   0.0000
     299  -4.0093   3.6320  15.3776   0.0000   0.0000   0.0000
     300  -4.5297   3.4811  15.5798   0.0000   0.0000   0.0000
     301  -4.5299   3.5680  15.9951   0.0000   0.0000   0.0000
     302  -4.7308   2.3520  15.9834   0.0000   0.0000   0.0000
     303  -4.1126   2.7910  15.7781   0.0000   0.0000   0.0000
     304  -4.8740   3.2363  16.4215   0.0000   0.0000   0.0000
     305  -4.5613   3.1462  16.5296   0.0000   0.0000   0.0000
     306  -4.6132   2.4191  16.9943   0.0000   0.0000   0.0000
     307  -4.5885   2.3119  16.7768   0.0000   0.0000   0.0000
     308  -4.1026   2.4521  17.0243   0.0000   0.0000   0.0000
     309  -3.3964   2.1498  16.4715   0.0000   0.0000   0.0000
     310  -3.9761   2.8863  17.3303   0.0000   0.0000   0.0000
     311  -4.3669   2.6731  16.5003   0.0000   0.0000   0.0000
     312  -3.8891   2.3269  16.8734   0.0000   0.0000   0.0000
     313  -3.5307   2.9127  16.4764   0.0000   0.0000   0.0000
     314  -4.3028   2.7024  16.9428   0.0000   0.0000   0.0000
     315  -3.4666   2.8240  17.3350   0.0000   0.0000   0.0000
     316  -4.1526   2.4670  17.3867   0.0000   0.0000   0.0000
     317  -3.6407   3.0297  16.9442   0.0000   0.0000   0.0000
     318  -4.0807   2.1416  16.9373   0.0000   0.0000   0.0000
     319  -4.6912   1.9434  16.3299   0.0000   0.0000   0.0000
     320  -4.0098   1.6383  15.8796   0.0000   0.0000   0.0000
     321  -3.9784   2.5791  16.1471   0.0000   0.0000   0.0000
     322  -5.2607   2.2574  15.5069   0.0000   0.0000   0.0000
     323  -4.6238   1.7242  15.8217   0.0000   0.0000   0.0000
     324  -3.8826   0.7679  16.0168   0.0000   0.0000   0.0000
     325  -4.6657   1.3254  16.5474   0.0000   0.0000   0.0000
     326  -4.2664   2.0957  16.0177   0.0000   0.0000   0.0000
     327  -4.3364   1.2765  15.9964   0.0000   0.0000   0.0000
     328  -5.2319   1.3460  16.4639   0.0000   0.0000   0.0000
     329  -5.0352   1.4400  16.0097   0.0000   0.0000   0.0000
     330  -4.2564   2.2618  15.9818   0.0000   0.0000   0.0000
     331  -4.9844   1.4817  15.6463   0.0000   0.0000   0.0000
     332  -3.7227   2.2303  15.9431   0.0000   0.0000   0.0000
     333  -4.6204   2.2314  15.9381   0.0000   0.0000   0.0000
     334  -4.4023   1.8792  15.9418   0.0000   0.0000   0.0000
     335  -3.4664   2.1677  16.0659   0.0000   0.0000   0.0000
     336  -4.6582   2.6260  16.7743   0.0000   0.0000   0.0000
     337  -5.1665   1.0613  16.7548   0.0000   0.0000   0.0000
     338  -4.8638   1.1177  16.1228   0.0000   0.0000   0.0000
     339  -4.2253   2.0237  16.1748   0.0000   0.0000   0.0000
     340  -4.4435   1.6482  16.5155   0.0000   0.0000   0.0000
     341  -4.5229   1.3094  16.6933   0.0000   0.0000   0.0000
     342  -3.0272   0.3544  16.6007   0.0000   0.0000   0.0000
     343  -4.3470   1.1373  16.7502   0.0000   0.0000   0.0000
     344  -4.6235   1.2341  16.7034   0.0000   0.0000   0.0000
     345  -4.6659   1.4298  16.5054   0.0000   0.0000   0.0000
     346  -4.8724   1.0185  17.2936   0.0000   0.0000   0.0000
     347  -4.5254   1.4059  17.1446   0.0000   0.0000   0.0000
     348  -4.5910   1.0553  16.6796   0.0000   0.0000   0.0000
     349  -4.5279   1.5492  17.0065   0.0000   0.0000   0.0000
     350  -4.4155   1.2966  17.5249   0.0000   0.0000   0.0000
     351  -3.8192   1.4679  17.1415   0.0000   0.0000   0.0000
     352  -4.0920   1.3401  16.4561   0.0000   0.0000   0.0000
     353  -4.4269   0.6533  16.7313   0.0000   0.0000   0.0000
     354  -5.5857   1.2100  16.5851   0.0000   0.0000   0.0000
     355  -5.3572   1.3892  16.8833   0.0000   0.0000   0.0000
     356  -5.1380   2.0758  16.7143   0.0000   0.0000   0.0000
     357  -5.1638   0.9702  16.6864   0.0000   0.0000   0.0000
     358  -5.2992   1.3771  16.9466   0.0000   0.0000   0.0000
     359  -5.1956   1.0695  16.4443   0.0000   0.0000   0.0000
     360  -4.8942   0.7094  16.8585   0.0000   0.0000   0.0000
     361  -4.8513   0.2460  16.8979   0.0000   0.0000   0.0000
     362  -4.5260   1.1454  16.3533   0.0000   0.0000   0.0000
     363  -4.2933   0.7709  16.3487   0.0000   0.0000   0.0000
     364  -4.6329   1.0809  15.4440   0.0000   0.0000   0.0000
     365  -4.7895   2.2294  16.2507   0.0000   0.0000   0.0000
     366  -5.3393   1.2654  15.9502   0.0000   0.0000   0.0000
     367  -4.9749   0.3825  16.4780   0.0000   0.0000   0.0000
     368  -4.8104   0.9778  16.4869   0.0000   0.0000   0.0000
     369  -5.1889   0.7220  16.6207   0.0000   0.0000   0.0000
     370  -4.5141   0.8826  16.4666   0.0000   0.0000   0.0000
     371  -4.5154   0.9208  16.0352   0.0000   0.0000   0.0000
     372  -4.6333   0.3888  16.7488   0.0000   0.0000   0.0000
     373  -4.5439   0.7025  16.5209   0.0000   0.0000   0.0000
     374  -4.7543   0.6403  16.3135   0.0000   0.0000   0.0000
     375  -4.0266   0.3874  15.5973   0.0000   0.0000   0.0000
     376  -5.2959   0.5118  15.6206   0.0000   0.0000   0.0000
     377  -5.3934   0.8446  14.9925   0.0000   0.0000   0.0000
     378  -4.1930   0.0200  15.2478   0.0000   0.0000   0.0000
     379  -3.9822   1.2063  15.2502   0.0000   0.0000   0.0000
     380  -3.6456   1.5255  15.0297   0.0000   0.0000   0.0000
     381  -3.9897   0.3625  13.9900   0.0000   0.0000   0.0000
     382  -4.9335   0.1742  13.7732   0.0000   0.0000   0.0000
     383  -4.5734   1.1148  14.1195   0.0000   0.0000   0.0000
     384  -4.5233   1.0706  14.0301   0.0000   0.0000   0.0000
     385  -4.6230   0.9663  14.2508   0.0000   0.0000   0.0000
     386  -5.3698   0.8237  15.0012   0.0000   0.0000   0.0000
     387  -5.1157   1.0886  14.9059   0.0000   0.0000   0.0000
     388  -5.0587   1.2796  14.9772   0.0000   0.0000   0.0000
     389  -5.1670   0.6956  14.5581   0.0000   0.0000   0.0000
     390  -4.8281   2.0583  14.9719   0.0000   0.0000   0.0000
     391  -4.0711   1.5454  14.6072   0.0000   0.0000   0.0000
     392  -4.5985   0.9299  15.1598   0.0000   0.0000   0.0000
     393  -3.8459   1.4288  14.3182   0.0000   0.0000   0.0000
     394  -4.2395   0.9162  15.3418   0.0000   0.0000   0.0000
     395  -4.0112   0.5016  15.0523   0.0000   0.0000   0.0000
     396  -3.5837  -0.0789  15.8169   0.0000   0.0000   0.0000
     397  -4.1570   0.0903  15.3574   0.0000   0.0000   0.0000
     398  -4.3402   0.1971  15.4480   0.0000   0.0000   0.0000
     399  -3.9130   0.4740  15.6308   0.0000   0.0000   0.0000
     400  -4.1485   1.5087  15.6371   0.0000   0.0000   0.0000
     401  -3.6756   0.9840  15.0601   0.0000   0.0000   0.0000
     402  -4.0315   0.8657  16.0339   0.0000   0.0000   0.0000
     403  -3.8958   0.3181  16.0991   0.0000   0.0000   0.0000
     404  -4.1982   0.2914  15.9658   0.0000   0.0000   0.0000
     405  -3.8659   0.5639  15.4344   0.0000   0.0000   0.0000
     406  -4.0583   0.5885  15.0804   0.0000   0.0000   0.0000
     407  -4.1009   0.8866  15.3183   0.0000   0.0000   0.0000
     408  -3.9973   0.8771  15.1095   0.0000   0.0000   0.0000
     409  -4.5221   0.0889  14.8318   0.0000   0.0000   0.0000
     410  -5.2206   0.3107  14.9209   0.0000   0.0000   0.0000
     411  -4.8102   0.1477  15.7320   0.0000   0.0000   0.0000
     412  -4.5417  -0.5797  15.6312   0.0000   0.0000   0.0000
     413  -4.6030   0.9339  16.0193   0.0000   0.0000   0.0000
     414  -4.2139   0.4792  15.6588   0.0000   0.0000   0.0000
     415  -4.0330   0.1002  15.2628   0.0000   0.0000   0.0000
     416  -3.7137   0.2811  15.0976   0.0000   0.0000   0.0000
     417  -4.4205   0.1630  15.1071   0.0000   0.0000   0.0000
     418  -4.6416   0.9184  14.9556   0.0000   0.0000   0.0000
     419  -5.3527   0.8797  15.2673   0.0000   0.0000   0.0000
     420  -5.2348   0.0761  15.0767   0.0000   0.0000   0.0000
     421  -4.0139   0.5107  15.0471   0.0000   0.0000   0.0000
     422  -4.3120   0.2330  15.0053   0.0000   0.0000   0.0000
     423  -4.0504   0.3367  14.7769   0.0000   0.0000   0.0000
     424  -5.1703   0.6993  14.8388   0.0000   0.0000   0.0000
     425  -4.4465   1.1247  15.0710   0.0000   0.0000   0.0000
     426  -4.9237   0.7104  15.4682   0.0000   0.0000   0.0000
     427  -4.9290   1.0213  15.4936   0.0000   0.0000   0.0000
     428  -5.1018   1.1335  15.7118   0.0000   0.0000   0.0000
     429  -4.9672   0.6224  14.9759   0.0000   0.0000   0.0000
     430  -5.1276   0.9703  14.7146   0.0000   0.0000   0.0000
     431  -4.9407   1.3103  15.0319   0.0000   0.0000   0.0000
     432  -5.8101   1.0362  14.6564   0.0000   0.0000   0.0000
     433  -5.4898   0.7514  14.9643   0.0000   0.0000   0.0000
     434  -4.7303   0.4892  15.3964   0.0000   0.0000   0.0000
     435  -4.8316   1.0794  15.5203   0.0000   0.0000   0.0000
     436  -5.0263   1.1776  15.4377   0.0000   0.0000   0.0000
     437  -5.3538   0.4396  14.6473   0.0000   0.0000   0.0000
     438  -5.8768   0.8963  15.3817   0.0000   0.0000   0.0000
     439  -5.1463   0.6451  15.5377   0.0000   0.0000   0.0000
     440  -4.4708   1.1594  16.0567   0.0000   0.0000   0.0000
     441  -5.9358   0.9689  16.3604   0.0000   0.0000   0.0000
     442  -5.2659   0.8765  16.2213   0.0000   0.0000   0.0000
     443  -5.0352   0.6167  15.7498   0.0000   0.0000   0.0000
     444  -4.9867   0.0952  15.4304   0.0000   0.0000   0.0000
     445  -4.7494   0.2279  15.1790   0.0000   0.0000   0.0000
     446  -4.6160  -0.5661  16.1183   0.0000   0.0000   0.0000
     447  -4.3675   0.3516  15.7411   0.0000   0.0000   0.0000
     448  -4.1443   0.3626  16.4860   0.0000   0.0000   0.0000
     449  -4.2515  -0.2600  16.9965   0.0000   0.0000   0.0000
     450  -4.1065   0.7450  16.6680   0.0000   0.0000   0.0000
     451  -3.6526   1.4854  17.2334   0.0000   0.0000   0.0000
     452  -3.8552   0.9222  17.0471   0.0000   0.0000   0.0000
     453  -3.1079   0.7735  16.6977   0.0000   0.0000   0.0000
     454  -3.6413   0.8809  16.5459   0.0000   0.0000   0.0000
     455  -3.0257   0.9013  17.0191   0.0000   0.0000   0.0000
     456  -4.1415   1.8214  17.4406   0.0000   0.0000   0.0000
     457  -4.3339   1.6633  17.6901   0.0000   0.0000   0.0000
     458  -3.7640   1.7379  17.5549   0.0000   0.0000   0.0000
     459  -4.2235   2.3493  17.5872   0.0000   0.0000   0.0000
     460  -4.6649   1.8437  17.0912   0.0000   0.0000   0.0000
     461  -5.0725   1.7825  17.5357   0.0000   0.0000   0.0000
     462  -4.4810   1.9636  17.4115   0.0000   0.0000   0.0000
     463  -4.0318   1.3996  17.7075   0.0000   0.0000   0.0000
     464  -4.2690   1.3106  16.9326   0.0000   0.0000   0.0000
     465  -4.2484   0.8438  16.6213   0.0000   0.0000   0.0000
     466  -4.6073   0.2310  16.9697   0.0000   0.0000   0.0000
     467  -3.5703   0.8231  16.7752   0.0000   0.0000   0.0000
     468  -3.4358   1.3677  16.8489   0.0000   0.0000   0.0000
     469  -3.5484   0.6764  16.1556   0.0000   0.0000   0.0000
     470  -3.5478   0.9161  16.3767   0.0000   0.0000   0.0000
     471  -3.4582   1.3627  16.3080   0.0000   0.0000   0.0000
     472  -3.0025   2.2601  16.1242   0.0000   0.0000   0.0000
     473  -3.6248   1.4246  16.4885   0.0000   0.0000   0.0000
     474  -3.4754   2.0856  16.5359   0.0000   0.0000   0.0000
     475  -3.7498   2.2407  17.1877   0.0000   0.0000   0.0000
     476  -3.2129   2.0643  16.3643   0.0000   0.0000   0.0000
     477  -3.1728   2.3099  16.5625   0.0000   0.0000   0.0000
     478  -3.2705   1.6347  16.5525   0.0000   0.0000   0.0000
     479  -3.6779   2.2963  16.1075   0.0000   0.0000   0.0000
     480  -3.9726   2.7327  15.8343   0.0000   0.0000   0.0000
     481  -4.7349   2.0517  15.2243   0.0000   0.0000   0.0000
     482  -5.1078   1.9272  15.8541   0.0000   0.0000   0.0000
     483  -5.9633   2.2747  15.0657   0.0000   0.0000   0.0000
     484  -4.4064   2.0522  15.1720   0.0000   0.0000   0.0000
     485  -5.1253   1.5716  14.9198   0.0000   0.0000   0.0000
     486  -5.3166   2.2648  15.3306   0.0000   0.0000   0.0000
     487  -4.8275   2.1865  15.5991   0.0000   0.0000   0.0000
     488  -4.6949   1.7731  15.2498   0.0000   0.0000   0.0000
     489  -4.9364   1.7257  15.2453   0.0000   0.0000   0.0000
     490  -4.0498   2.1581  16.3246   0.0000   0.0000   0.0000
     491  -5.5203   2.2320  16.6560   0.0000   0.0000   0.0000
     492  -4.3816   2.0538  15.8818   0.0000   0.0000   0.0000
     493  -4.6300   2.5789  15.9872   0.0000   0.0000   0.0000
     494  -4.1031   2.0993  16.1106   0.0000   0.0000   0.0000
     495  -3.2438   1.4549  16.0365   0.0000   0.0000   0.0000
     496  -3.6959   1.1420  15.7652   0.0000   0.0000   0.0000
     497  -4.8478   1.3695  15.7255   0.0000   0.0000   0.0000
     498  -4.9761   1.9144  16.2506   0.0000   0.0000   0.0000
     499  -3.9581   1.0361  15.9991   0.0000   0.0000   0.0000
     500  -4.0423   1.3665  16.0410   0.0000   0.0000   0.0000
     501  -3.6014   1.1575  15.8829   0.0000   0.0000   0.0000
     502  -4.3088   0.7545  15.7086   0.0000   0.0000   0.0000
     503  -3.5467   1.3453  15.8050   0.0000   0.0000   0.0000
     504  -3.3266   1.9662  15.1432   0.0000   0.0000   0.0000
     505  -4.1483   1.4720  15.5242   0.0000   0.0000   0.0000
     506  -3.9406   1.3412  15.5064   0.0000   0.0000   0.0000
     507  -3.3727   1.1674  15.7874   0.0000   0.0000   0.0000
     508  -3.5095   1.9608  16.1677   0.0000   0.0000   0.0000
     509  -4.2527   1.5391  16.2890   0.0000   0.0000   0.0000
     510  -4.0485   1.2105  15.9440   0.0000   0.0000   0.0000
     511  -4.1659   1.8756  16.1742   0.0000   0.0000   0.0000
     512  -3.9285   1.9774  16.0263   0.0000   0.0000   0.0000
     513  -2.8560   2.0891  15.0922   0.0000   0.0000   0.0000
     514  -3.1017   1.6518  15.7106   0.0000   0.0000   0.0000
     515  -3.4786   1.4310  14.8840   0.0000   0.0000   0.0000
     516  -4.1998   1.3224  15.3241   0.0000   0.0000   0.0000
     517  -3.5157   1.1806  15.2429   0.0000   0.0000   0.0000
     518  -3.8324   1.5054  15.2270   0.0000   0.0000   0.0000
     519  -4.2400   1.3611  15.7411   0.0000   0.0000   0.0000
     520  -3.7724   1.6021  14.7790   0.0000   0.0000   0.0000
     521  -3.1209   0.8261  14.2802   0.0000   0.0000   0.0000
     522  -4.5287   0.5146  14.9556   0.0000   0.0000   0.0000
     523  -4.3865   0.7124  15.5496   0.0000   0.0000   0.0000
     524  -3.7525   1.2840  15.1587   0.0000   0.0000   0.0000
     525  -3.8936   1.0302  15.6347   0.0000   0.0000   0.0000
     526  -3.7921   0.9316  15.2481   0.0000   0.0000   0.0000
     527  -4.0512   1.2359  15.9568   0.0000   0.0000   0.0000
     528  -3.6989   0.5960  16.1023   0.0000   0.0000   0.0000
     529  -3.4014   0.8350  15.7892   0.0000   0.0000   0.0000
     530  -3.8926   0.1911  15.3124   0.0000   0.0000   0.0000
     531  -3.8450   0.3010  15.0483   0.0000   0.0000   0.0000
     532  -3.2799   0.9070  15.8769   0.0000   0.0000   0.0000
     533  -4.0921   0.0519  15.0654   0.0000   0.0000   0.0000
     534  -3.6436   0.6502  15.2613   0.0000   0.0000   0.0000
     535  -3.7983   0.1566  15.1304   0.0000   0.0000   0.0000
     536  -3.9813   0.4709  15.3386   0.0000   0.0000   0.0000
     537  -2.7974   0.8582  15.2353   0.0000   0.0000   0.0000
     538  -2.8982   0.5689  15.7504   0.0000   0.0000   0.0000
     539  -2.9339   0.0906  16.2080   0.0000   0.0000   0.0000
     540  -3.3988  -0.0747  15.1763   0.0000   0.0000   0.0000
     541  -3.6711  -0.2646  14.9333   0.0000   0.0000   0.0000
     542  -3.5457   0.2617  14.6304   0.0000   0.0000   0.0000
     543  -4.4012   0.1406  15.0979   0.0000   0.0000   0.0000
     544  -3.8021   0.0142  15.0732   0.0000   0.0000   0.0000
     545  -4.2640   0.1035  14.8894   0.0000   0.0000   0.0000
     546  -4.6853   0.0234  14.8826   0.0000   0.0000   0.0000
     547  -4.2934  -0.1147  15.2263   0.0000   0.0000   0.0000
     548  -2.8822   0.8404  14.7073   0.0000   0.0000   0.0000
     549  -4.2757  -0.0866  14.5755   0.0000   0.0000   0.0000
     550  -4.2443   0.4261  15.4109   0.0000   0.0000   0.0000
     551  -3.3079  -0.3632  15.1447   0.0000   0.0000   0.0000
     552  -3.6939   1.0731  15.2240   0.0000   0.0000   0.0000
     553  -4.8324   1.1102  15.4119   0.0000   0.0000   0.0000
     554  -4.1268   0.3060  15.7419   0.0000   0.0000   0.0000
     555  -4.3370   0.9082  15.9665   0.0000   0.0000   0.0000
     556  -4.2135  -0.1230  15.0345   0.0000   0.0000   0.0000
     557  -4.3039   0.7798  15.3425   0.0000   0.0000   0.0000
     558  -4.4720   0.7091  15.1769   0.0000   0.0000   0.0000
     559  -4.5366   0.7110  14.7025   0.0000   0.0000   0.0000
     560  -4.2415   0.2127  14.8586   0.0000   0.0000   0.0000
     561  -4.0734   0.0001  15.0721   0.0000   0.0000   0.0000
     562  -4.2436   0.3403  15.1010   0.0000   0.0000   0.0000
     563  -3.4000   0.2281  14.6475   0.0000   0.0000   0.0000
     564  -3.7343   0.4020  15.0981   0.0000   0.0000   0.0000
     565  -3.4059   0.4001  15.1874   0.0000   0.0000   0.0000
     566  -3.6838   0.5570  15.0740   0.0000   0.0000   0.0000
     567  -3.7973   1.1641  14.9422   0.0000   0.0000   0.0000
     568  -3.2643   0.8534  14.6765   0.0000   0.0000   0.0000
     569  -4.7695   1.7192  15.0722   0.0000   0.0000   0.0000
     570  -2.7997   0.6693  14.5843   0.0000   0.0000   0.0000
     571  -3.6937   0.5553  14.8166   0.0000   0.0000   0.0000
     572  -3.7795   0.1237  15.3859   0.0000   0.0000   0.0000
     573  -3.3771   0.9209  15.2741   0.0000   0.0000   0.0000
     574  -3.9698   0.8906  15.2099   0.0000   0.0000   0.0000
     575  -3.4469   0.6866  14.8561   0.0000   0.0000   0.0000
     576  -3.8418   0.7878  15.1728   0.0000   0.0000   0.0000
     577  -3.5472   1.1580  15.4083   0.0000   0.0000   0.0000
     578  -3.8381   0.9052  15.0414   0.0000   0.0000   0.0000
     579  -3.7498  -0.0480  15.0779   0.0000   0.0000   0.0000
     580  -3.9302   0.7485  15.1381   0.0000   0.0000   0.0000
     581  -3.6884   0.7390  14.6038   0.0000   0.0000   0.0000
     582  -4.3672   0.0739  14.9550   0.0000   0.0000   0.0000
     583  -4.1550  -0.0655  14.4256   0.0000   0.0000   0.0000
     584  -3.7424  -0.3199  14.4116   0.0000   0.0000   0.0000
     585  -4.4193   0.7339  14.3654   0.0000   0.0000   0.0000
     586  -3.5349   0.7792  14.7608   0.0000   0.0000   0.0000
     587  -4.0552   0.8494  15.0294   0.0000   0.0000   0.0000
     588  -3.6397   0.3781  15.6114   0.0000   0.0000   0.0000
     589  -4.2365   0.5166  15.0778   0.0000   0.0000   0.0000
     590  -3.9744   0.6849  15.9592   0.0000   0.0000   0.0000
     591  -3.9902   0.7981  15.1334   0.0000   0.0000   0.0000
     592  -3.8067   1.2562  15.8559   0.0000   0.0000   0.0000
     593  -3.2609   1.4835  15.2601   0.0000   0.0000   0.0000
     594  -4.1560   0.9593  15.6096   0.0000   0.0000   0.0000
     595  -3.4980   0.4078  15.4756   0.0000   0.0000   0.0000
     596  -3.6016   0.7913  15.2829   0.0000   0.0000   0.0000
     597  -4.0544   1.0132  15.4116   0.0000   0.0000   0.0000
     598  -3.6741   1.1830  15.6997   0.0000   0.0000   0.0000
     599  -4.0616   0.9859  16.1516   0.0000   0.0000   0.0000
     600  -3.8273   0.3152  15.0941   0.0000   0.0000   0.0000
     601  -3.9151   0.4338  15.3248   0.0000   0.0000   0.0000
     602  -4.8620   1.0025  15.9556   0.0000   0.0000   0.0000
     603  -3.9359  -0.2406  15.9824   0.0000   0.0000   0.0000
     604  -3.2174   0.7389  16.0924   0.0000   0.0000   0.0000
     605  -3.8064   0.6888  15.6373   0.0000   0.0000   0.0000
     606  -3.2488   0.6576  15.6869   0.0000   0.0000   0.0000
     607  -2.9493   0.8518  15.4309   0.0000   0.0000   0.0000
     608  -2.6671   0.9070  15.3370   0.0000   0.0000   0.0000
     609  -4.0169   1.0282  15.3332   0.0000   0.0000   0.0000
     610  -4.1560   0.8382  15.5576   0.0000   0.0000   0.0000
     611  -3.8380   0.9380  15.7019   0.0000   0.0000   0.0000
     612  -3.5547   1.5537  15.1995   0.0000   0.0000   0.0000
     613  -2.3352   0.9241  14.9209   0.0000   0.0000   0.0000
     614  -2.8268   0.6520  15.3164   0.0000   0.0000   0.0000
     615  -2.7809   0.6379  14.7851   0.0000   0.0000   0.0000
     616  -3.3306   0.8613  14.6443   0.0000   0.0000   0.0000
     617  -3.3571   1.9252  15.8707   0.0000   0.0000   0.0000
     618  -3.4247   1.3541  15.8152   0.0000   0.0000   0.0000
     619  -3.3026   1.0076  15.4744   0.0000   0.0000   0.0000
     620  -3.8854   1.5093  15.7238   0.0000   0.0000   0.0000
     621  -3.7346   1.0017  15.6430   0.0000   0.0000   0.0000
     622  -3.0292   1.3953  15.5245   0.0000   0.0000   0.0000
     623  -3.2932   1.3567  15.6492   0.0000   0.0000   0.0000
     624  -3.3432   1.8889  15.4272   0.0000   0.0000   0.0000
     625  -3.6715   1.2970  15.3095   0.0000   0.0000   0.0000
     626  -3.2989   1.1574  15.4881   0.0000   0.0000   0.0000
     627  -3.8433   1.3797  15.6643   0.0000   0.0000   0.0000
     628  -3.4530   1.5145  15.9306   0.0000   0.0000   0.0000
     629  -4.0555   1.3385  15.6365   0.0000   0.0000   0.0000
     630  -3.1925   1.1941  15.3736   0.0000   0.0000   0.0000
     631  -3.0452   0.5421  14.9409   0.0000   0.0000   0.0000
     632  -4.0860   0.3042  15.4209   0.0000   0.0000   0.0000
     633  -3.6275   1.0489  15.5396   0.0000   0.0000   0.0000
     634  -3.1604   0.5009  15.7888   0.0000   0.0000   0.0000
     635  -3.1893   1.8513  16.2846   0.0000   0.0000   0.0000
     636  -3.3012   0.3417  15.8415   0.0000   0.0000   0.0000
     637  -3.7910   1.2388  16.5465   0.0000   0.0000   0.0000
     638  -3.8463   1.6157  16.6825   0.0000   0.0000   0.0000
     639  -3.7752   0.6895  16.4458   0.0000   0.0000   0.0000
     640  -4.8495   1.0061  16.1197   0.0000   0.0000   0.0000
     641  -4.9513   0.8953  15.9587   0.0000   0.0000   0.0000
     642  -4.3193   1.2898  15.7630   0.0000   0.0000   0.0000
     643  -4.4761   1.5949  16.0623   0.0000   0.0000   0.0000
     644  -4.2042   1.1997  16.2239   0.0000   0.0000   0.0000
     645  -4.1728   1.4168  14.4726   0.0000   0.0000   0.0000
     646  -4.1589   1.8395  15.1599   0.0000   0.0000   0.0000
     647  -3.7453   2.0210  15.7358   0.0000   0.0000   0.0000
     648  -3.9031   2.1603  15.5470   0.0000   0.0000   0.0000
     649  -3.6938   1.7159  15.8373   0.0000   0.0000   0.0000
     650  -3.6118   1.6781  15.1799   0.0000   0.0000   0.0000
     651  -3.2412   1.0249  14.8354   0.0000   0.0000   0.0000
     652  -3.1300   1.0120  15.0399   0.0000   0.0000   0.0000
     653  -3.3416   1.2557  15.1406   0.0000   0.0000   0.0000
     654  -3.1646   1.7392  15.5290   0.0000   0.0000   0.0000
     655  -3.8074   1.5615  15.7136   0.0000   0.0000   0.0000
     656  -3.6450   1.6389  15.5094   0.0000   0.0000   0.0000
     657  -3.4939   1.4130  15.4597   0.0000   0.0000   0.0000
     658  -4.0677   0.9181  16.3721   0.0000   0.0000   0.0000
     659  -2.8062   0.6969  15.8425   0.0000   0.0000   0.0000
     660  -3.8658   0.6378  15.8092   0.0000   0.0000   0.0000
     661  -2.9332   1.6096  15.7345   0.0000   0.0000   0.0000
     662  -3.5011   0.1528  16.1576   0.0000   0.0000   0.0000
     663  -3.0902   0.4893  16.4411   0.0000   0.0000   0.0000
     664  -3.7081   1.3909  16.1693   0.0000   0.0000   0.0000
     665  -3.8755   0.5252  16.5343   0.0000   0.0000   0.0000
     666  -3.2619   1.4269  15.5674   0.0000   0.0000   0.0000
     667  -3.3903   1.0345  16.2706   0.0000   0.0000   0.0000
     668  -3.1171   0.9790  16.1081   0.0000   0.0000   0.0000
     669  -3.1252   1.3987  15.9421   0.0000   0.0000   0.0000
     670  -2.8928   1.5769  16.3499   0.0000   0.0000   0.0000
     671  -2.2847   1.4467  16.4634   0.0000   0.0000   0.0000
     672  -2.3922   1.6509  16.5017   0.0000   0.0000   0.0000
     673  -2.8075   1.3984  16.7545   0.0000   0.0000   0.0000
     674  -2.5709   1.0840  17.2161   0.0000   0.0000   0.0000
     675  -3.0390   1.8956  17.0672   0.0000   0.0000   0.0000
     676  -3.3322   1.8129  16.4284   0.0000   0.0000   0.0000
     677  -3.0137   2.4267  16.8419   0.0000   0.0000   0.0000
     678  -2.9803   2.9661  16.5902   0.0000   0.0000   0.0000
     679  -2.9945   3.3945  16.8639   0.0000   0.0000   0.0000
     680  -3.3052   2.0314  16.2026   0.0000   0.0000   0.0000
     681  -2.9794   2.2136  16.6592   0.0000   0.0000   0.0000
     682  -3.1779   2.2424  15.9103   0.0000   0.0000   0.0000
     683  -2.6490   1.8096  15.7640   0.0000   0.0000   0.0000
     684  -2.4658   2.8724  15.5493   0.0000   0.0000   0.0000
     685  -2.5661   2.5523  15.8882   0.0000   0.0000   0.0000
     686  -3.4324   2.3376  16.6119   0.0000   0.0000   0.0000
     687  -3.0853   2.8437  16.3701   0.0000   0.0000   0.0000
     688  -3.8307   2.0531  16.9183   0.0000   0.0000   0.0000
     689  -3.7221   2.9727  16.4435   0.0000   0.0000   0.0000
     690  -3.1764   2.1545  16.5264   0.0000   0.0000   0.0000
     691  -4.2603   1.7144  16.2797   0.0000   0.0000   0.0000
     692  -4.1543   2.4920  16.6580   0.0000   0.0000   0.0000
     693  -3.9154   2.4874  16.0153   0.0000   0.0000   0.0000
     694  -4.3072   2.7442  15.5557   0.0000   0.0000   0.0000
     695  -3.6366   2.3447  16.0215   0.0000   0.0000   0.0000
     696  -3.3498   2.9241  15.8761   0.0000   0.0000   0.0000
     697  -3.2538   2.0686  15.8706   0.0000   0.0000   0.0000
     698  -3.8110   3.0718  16.3202   0.0000   0.0000   0.0000
     699  -4.8909   3.3909  15.3404   0.0000   0.0000   0.0000
     700  -3.7931   3.7256  15.3120   0.0000   0.0000   0.0000
     701  -4.2923   3.6407  15.9105   0.0000   0.0000   0.0000
     702  -4.7479   3.2396  16.0025   0.0000   0.0000   0.0000
     703  -5.1443   3.5542  15.4238   0.0000   0.0000   0.0000
     704  -4.3008   3.3269  16.1034   0.0000   0.0000   0.0000
     705  -5.1296   2.9625  15.8318   0.0000   0.0000   0.0000
     706  -5.1900   3.4500  15.8016   0.0000   0.0000   0.0000
     707  -5.0966   2.8073  15.9047   0.0000   0.0000   0.0000
     708  -4.6735   3.8373  15.4526   0.0000   0.0000   0.0000
     709  -4.1258   3.0032  15.5892   0.0000   0.0000   0.0000
     710  -4.4688   3.4515  16.0042   0.0000   0.0000   0.0000
     711  -4.1320   2.8719  15.7051   0.0000   0.0000   0.0000
     712  -3.5087   3.4154  15.8184   0.0000   0.0000   0.0000
     713  -3.7782   2.9612  15.9604   0.0000   0.0000   0.0000
     714  -3.5544   2.2710  16.0851   0.0000   0.0000   0.0000
     715  -3.3268   3.3620  16.0580   0.0000   0.0000   0.0000
     716  -3.7965   2.4906  16.6854   0.0000   0.0000   0.0000
     717  -3.1173   2.9087  16.0522   0.0000   0.0000   0.0000
     718  -2.9815   3.3414  15.3862   0.0000   0.0000   0.0000
     719  -2.3905   2.4226  16.5469   0.0000   0.0000   0.0000
     720  -3.3085   2.6763  15.5276   0.0000   0.0000   0.0000
     721  -2.9953   2.9494  15.5710   0.0000   0.0000   0.0000
     722  -3.5273   2.2774  16.6870   0.0000   0.0000   0.0000
     723  -3.7718   2.6203  16.6241   0.0000   0.0000   0.0000
     724  -3.1600   2.0632  16.5213   0.0000   0.0000   0.0000
     725  -2.7968   2.2964  16.5539   0.0000   0.0000   0.0000
     726  -2.2197   2.1922  16.5829   0.0000   0.0000   0.0000
     727  -2.0392   2.3385  16.1130   0.0000   0.0000   0.0000
     728  -2.0698   2.4924  15.5508   0.0000   0.0000   0.0000
     729  -2.3213   2.2574  15.9996   0.0000   0.0000   0.0000
     730  -2.6069   1.8616  16.2440   0.0000   0.0000   0.0000
     731  -2.7942   2.0395  16.1931   0.0000   0.0000   0.0000
     732  -2.8039   2.8122  16.2664   0.0000   0.0000   0.0000
     733  -2.6049   2.5506  15.8483   0.0000   0.0000   0.0000
     734  -2.5346   2.7937  16.6739   0.0000   0.0000   0.0000
     735  -3.3313   3.0310  16.3039   0.0000   0.0000   0.0000
     736  -3.0557   3.7004  16.0583   0.0000   0.0000   0.0000
     737  -2.1122   2.5943  16.6504   0.0000   0.0000   0.0000
     738  -3.4427   3.1475  16.2623   0.0000   0.0000   0.0000
     739  -3.6027   3.6261  17.2810   0.0000   0.0000   0.0000
     740  -2.7887   3.0010  16.4697   0.0000   0.0000   0.0000
     741  -3.2377   3.8580  17.1985   0.0000   0.0000   0.0000
     742  -2.4340   2.4651  16.6008   0.0000   0.0000   0.0000
     743  -2.4911   3.7989  16.9271   0.0000   0.0000   0.0000
     744  -2.1562   3.1572  16.9307   0.0000   0.0000   0.0000
     745  -1.7226   3.3978  16.5436   0.0000   0.0000   0.0000
     746  -2.1475   3.7483  16.4420   0.0000   0.0000   0.0000
     747  -2.3060   3.5385  16.1564   0.0000   0.0000   0.0000
     748  -2.0184   2.7416  15.7422   0.0000   0.0000   0.0000
     749  -2.4609   2.7691  16.5964   0.0000   0.0000   0.0000
     750  -2.8091   2.8537  16.4296   0.0000   0.0000   0.0000
     751  -2.3270   2.7434  16.2950   0.0000   0.0000   0.0000
     752  -2.4298   3.0628  16.7101   0.0000   0.0000   0.0000
     753  -2.3790   3.2412  16.7236   0.0000   0.0000   0.0000
     754  -3.1835   3.4738  17.2674   0.0000   0.0000   0.0000
     755  -2.8474   3.1570  16.3741   0.0000   0.0000   0.0000
     756  -2.3510   3.7330  16.7528   0.0000   0.0000   0.0000
     757  -2.4635   3.4763  15.8807   0.0000   0.0000   0.0000
     758  -2.2686   3.2222  16.2191   0.0000   0.0000   0.0000
     759  -1.6700   2.5070  16.4026   0.0000   0.0000   0.0000
     760  -1.9462   3.0001  16.0957   0.0000   0.0000   0.0000
     761  -2.0753   2.7378  16.6140   0.0000   0.0000   0.0000
     762  -2.7660   3.1257  16.4578   0.0000   0.0000   0.0000
     763  -2.6211   2.6159  15.5330   0.0000   0.0000   0.0000
     764  -1.8480   2.7756  16.7876   0.0000   0.0000   0.0000
     765  -2.3139   3.0161  16.7401   0.0000   0.0000   0.0000
     766  -1.8874   2.8571  16.5827   0.0000   0.0000   0.0000
     767  -1.5109   2.9135  16.8061   0.0000   0.0000   0.0000
     768  -1.7475   2.8893  17.2366   0.0000   0.0000   0.0000
     769  -2.3546   3.8274  17.0447   0.0000   0.0000   0.0000
     770  -2.4280   4.1830  17.4343   0.0000   0.0000   0.0000
     771  -2.4239   3.9224  17.2492   0.0000   0.0000   0.0000
     772  -1.9595   4.1960  17.6334   0.0000   0.0000   0.0000
     773  -3.1957   3.6700  17.8354   0.0000   0.0000   0.0000
     774  -3.9197   3.2138  16.9840   0.0000   0.0000   0.0000
     775  -2.6778   2.8976  17.9252   0.0000   0.0000   0.0000
     776  -2.1554   3.4203  17.5888   0.0000   0.0000   0.0000
     777  -2.3314   4.1463  17.7035   0.0000   0.0000   0.0000
     778  -2.2093   3.7723  16.9774   0.0000   0.0000   0.0000
     779  -1.7781   3.9734  16.3711   0.0000   0.0000   0.0000
     780  -2.0493   4.6006  15.9893   0.0000   0.0000   0.0000
     781  -2.0358   4.4835  15.8168   0.0000   0.0000   0.0000
     782  -1.2873   4.1005  16.7218   0.0000   0.0000   0.0000
     783  -1.8235   3.6063  16.9708   0.0000   0.0000   0.0000
     784  -1.9966   4.1231  16.4078   0.0000   0.0000   0.0000
     785  -2.0892   3.7153  16.9907   0.0000   0.0000   0.0000
     786  -1.8689   4.3066  17.1468   0.0000   0.0000   0.0000
     787  -2.2732   4.2081  17.2355   0.0000   0.0000   0.0000
     788  -2.9074   4.2562  16.7367   0.0000   0.0000   0.0000
     789  -1.4669   3.5192  16.7899   0.0000   0.0000   0.0000
     790  -1.3246   3.4473  16.2989   0.0000   0.0000   0.0000
     791  -1.6239   3.5177  17.1560   0.0000   0.0000   0.0000
     792  -1.3269   3.9134  16.7425   0.0000   0.0000   0.0000
     793  -2.0733   3.9978  16.8171   0.0000   0.0000   0.0000
     794  -2.8700   3.8557  16.5068   0.0000   0.0000   0.0000
     795  -3.1959   3.3288  16.7921   0.0000   0.0000   0.0000
     796  -3.1623   3.2430  18.1301   0.0000   0.0000   0.0000
     797  -2.6116   3.0634  17.1346   0.0000   0.0000   0.0000
     798  -2.2132   3.6828  16.7236   0.0000   0.0000   0.0000
     799  -2.9064   3.7661  16.4039   0.0000   0.0000   0.0000
     800  -1.7700   3.9354  16.8620   0.0000   0.0000   0.0000
     801  -1.9024   3.6633  16.0515   0.0000   0.0000   0.0000
     802  -0.9005   3.9012  16.9022   0.0000   0.0000   0.0000
     803  -2.0019   3.5286  16.5449   0.0000   0.0000   0.0000
     804  -1.6266   3.7347  16.4225   0.0000   0.0000   0.0000
     805  -1.7708   3.9845  16.4868   0.0000   0.0000   0.0000
     806  -1.2904   3.9137  16.1331   0.0000   0.0000   0.0000
     807  -2.6562   3.9993  16.8105   0.0000   0.0000   0.0000
     808  -2.0332   3.6511  16.3716   0.0000   0.0000   0.0000
     809  -1.9665   3.4310  16.0656   0.0000   0.0000   0.0000
     810  -2.3915   3.9510  16.4491   0.0000   0.0000   0.0000
     811  -1.8011   3.4634  16.0325   0.0000   0.0000   0.0000
     812  -1.3670   2.5107  16.3113   0.0000   0.0000   0.0000
     813  -1.9041   3.4065  16.0664   0.0000   0.0000   0.0000
     814  -2.5181   2.9611  16.7195   0.0000   0.0000   0.0000
     815  -2.0930   2.9046  16.7290   0.0000   0.0000   0.0000
     816  -1.6164   3.0368  17.2041   0.0000   0.0000   0.0000
     817  -1.6397   2.5394  17.2270   0.0000   0.0000   0.0000
     818  -2.0973   2.2873  17.6514   0.0000   0.0000   0.0000
     819  -3.6984   3.5216  16.8088   0.0000   0.0000   0.0000
     820  -2.5441   2.1533  16.8320   0.0000   0.0000   0.0000
     821  -2.8502   2.6154  16.5445   0.0000   0.0000   0.0000
     822  -2.2454   3.0213  16.4555   0.0000   0.0000   0.0000
     823  -2.5103   3.2072  15.8549   0.0000   0.0000   0.0000
     824  -2.8346   3.0309  15.3554   0.0000   0.0000   0.0000
     825  -2.2784   2.8225  15.1636   0.0000   0.0000   0.0000
     826  -2.2807   2.9528  14.8701   0.0000   0.0000   0.0000
     827  -1.8043   3.1205  14.8742   0.0000   0.0000   0.0000
     828  -1.4332   2.9622  15.4302   0.0000   0.0000   0.0000
     829  -0.7556   4.0674  16.4496   0.0000   0.0000   0.0000
     830  -0.9281   3.0220  16.2170   0.0000   0.0000   0.0000
     831  -1.6985   3.2567  16.0303   0.0000   0.0000   0.0000
     832  -2.7016   4.1840  15.7683   0.0000   0.0000   0.0000
     833  -2.4880   3.2093  15.7752   0.0000   0.0000   0.0000
     834  -1.6266   4.3623  15.0890   0.0000   0.0000   0.0000
     835  -2.7264   2.9789  15.4145   0.0000   0.0000   0.0000
     836  -2.2566   3.9382  15.6888   0.0000   0.0000   0.0000
     837  -3.6387   4.0311  15.5867   0.0000   0.0000   0.0000
     838  -3.4116   3.9736  15.5783   0.0000   0.0000   0.0000
     839  -3.0488   3.6622  15.6629   0.0000   0.0000   0.0000
     840  -3.4477   3.2004  15.9463   0.0000   0.0000   0.0000
     841  -2.9855   3.5326  16.7828   0.0000   0.0000   0.0000
     842  -2.7221   3.2151  15.9982   0.0000   0.0000   0.0000
     843  -1.7300   3.0682  16.2396   0.0000   0.0000   0.0000
     844  -1.3283   3.8449  16.1672   0.0000   0.0000   0.0000
     845  -1.4679   4.0203  15.3713   0.0000   0.0000   0.0000
     846  -1.2914   3.9251  16.1756   0.0000   0.0000   0.0000
     847  -1.8157   3.4295  16.0227   0.0000   0.0000   0.0000
     848  -1.6013   3.6610  16.2998   0.0000   0.0000   0.0000
     849  -2.1153   2.8803  16.5345   0.0000   0.0000   0.0000
     850  -0.9842   3.2005  16.2531   0.0000   0.0000   0.0000
     851  -1.4148   2.4022  16.7229   0.0000   0.0000   0.0000
     852  -1.2782   2.8220  16.4509   0.0000   0.0000   0.0000
     853  -1.7342   3.4825  16.6943   0.0000   0.0000   0.0000
     854  -1.2028   3.1779  16.3178   0.0000   0.0000   0.0000
     855  -1.3871   3.1453  16.2466   0.0000   0.0000   0.0000
     856  -1.6415   3.2529  16.3978   0.0000   0.0000   0.0000
     857  -1.7414   3.4252  16.3522   0.0000   0.0000   0.0000
     858  -2.0115   4.1572  16.1622   0.0000   0.0000   0.0000
     859  -1.0897   3.5875  16.8040   0.0000   0.0000   0.0000
     860  -1.1881   4.1381  16.7920   0.0000   0.0000   0.0000
     861  -1.0975   3.7302  16.7104   0.0000   0.0000   0.0000
     862  -1.4435   3.6338  16.8819   0.0000   0.0000   0.0000
     863  -0.9432   3.7663  16.5255   0.0000   0.0000   0.0000
     864  -2.0372   3.1609  16.8242   0.0000   0.0000   0.0000
     865  -1.3779   3.0594  16.1874   0.0000   0.0000   0.0000
     866  -2.0644   4.0268  16.7634   0.0000   0.0000   0.0000
     867  -1.7996   2.6122  17.0359   0.0000   0.0000   0.0000
     868  -1.0506   3.1887  16.9099   0.0000   0.0000   0.0000
     869  -1.1467   2.8520  16.4361   0.0000   0.0000   0.0000
     870  -1.3581   2.4435  16.9192   0.0000   0.0000   0.0000
     871  -1.1008   3.1807  16.3915   0.0000   0.0000   0.0000
     872  -1.2648   2.4849  16.4564   0.0000   0.0000   0.0000
     873  -0.7971   3.7646  15.8086   0.0000   0.0000   0.0000
     874  -0.9532   3.6932  15.7844   0.0000   0.0000   0.0000
     875  -1.3368   3.9686  15.9195   0.0000   0.0000   0.0000
     876  -1.3320   3.8649  15.3746   0.0000   0.0000   0.0000
     877  -1.6599   4.1425  15.2820   0.0000   0.0000   0.0000
     878  -0.9464   3.6918  15.2769   0.0000   0.0000   0.0000
     879  -0.7517   3.5840  15.3728   0.0000   0.0000   0.0000
     880  -0.5473   4.0545  14.9425   0.0000   0.0000   0.0000
     881  -0.7794   3.8348  15.1636   0.0000   0.0000   0.0000
     882  -0.2875   4.1094  15.4724   0.0000   0.0000   0.0000
     883  -0.0452   4.2395  15.1666   0.0000   0.0000   0.0000
     884  -0.1593   4.0040  14.7221   0.0000   0.0000   0.0000
     885  -0.0939   4.4310  14.8463   0.0000   0.0000   0.0000
     886  -0.4777   4.5075  15.6004   0.0000   0.0000   0.0000
     887   0.2270   4.7132  15.3429   0.0000   0.0000   0.0000
     888  -0.5267   4.5930  15.8344   0.0000   0.0000   0.0000
     889  -0.0977   5.1153  15.3183   0.0000   0.0000   0.0000
     890  -1.6875   4.4522  15.7172   0.0000   0.0000   0.0000
     891  -2.1389   4.2628  15.4408   0.0000   0.0000   0.0000
     892  -1.7310   4.8486  15.5175   0.0000   0.0000   0.0000
     893  -2.0616   4.3625  16.0215   0.0000   0.0000   0.0000
     894  -1.2005   4.7682  15.9644   0.0000   0.0000   0.0000
     895  -1.1031   4.1935  16.1899   0.0000   0.0000   0.0000
     896  -0.4552   4.7845  16.2000   0.0000   0.0000   0.0000
     897  -1.0658   5.0035  15.8590   0.0000   0.0000   0.0000
     898  -1.4657   6.0083  15.8340   0.0000   0.0000   0.0000
     899  -0.7739   5.0342  15.7301   0.0000   0.0000   0.0000
     900  -1.5173   5.6527  16.1136   0.0000   0.0000   0.0000
     901  -1.1776   5.8100  15.8287   0.0000   0.0000   0.0000
     902  -1.8560   6.1265  16.2905   0.0000   0.0000   0.0000
     903  -1.4455   5.4758  15.6611   0.0000   0.0000   0.0000
     904  -2.4245   5.2993  16.3679   0.0000   0.0000   0.0000
     905  -2.3490   5.3928  16.4622   0.0000   0.0000   0.0000
     906  -1.7058   5.5061  17.0709   0.0000   0.0000   0.0000
     907  -1.4226   5.2138  16.9911   0.0000   0.0000   0.0000
     908  -1.4911   5.4620  17.1300   0.0000   0.0000   0.0000
     909  -1.0862   4.4168  16.6434   0.0000   0.0000   0.0000
     910  -0.5581   4.1208  16.8486   0.0000   0.0000   0.0000
     911  -0.9233   5.0915  16.5312   0.0000   0.0000   0.0000
     912  -1.4729   5.5367  15.7633   0.0000   0.0000   0.0000
     913  -1.7712   5.1357  16.0887   0.0000   0.0000   0.0000
     914  -1.0942   5.0925  16.8489   0.0000   0.0000   0.0000
     915  -0.7483   4.7264  16.1633   0.0000   0.0000   0.0000
     916  -1.2617   4.8107  16.3230   0.0000   0.0000   0.0000
     917  -1.9878   5.2020  15.9999   0.0000   0.0000   0.0000
     918  -1.5909   6.3349  16.1595   0.0000   0.0000   0.0000
     919  -0.9766   5.9729  16.8020   0.0000   0.0000   0.0000
     920  -0.9262   6.0266  16.3209   0.0000   0.0000   0.0000
     921  -0.5889   5.2796  16.3586   0.0000   0.0000   0.0000
     922  -1.3313   5.8252  17.6263   0.0000   0.0000   0.0000
     923  -1.4161   5.4312  17.3472   0.0000   0.0000   0.0000
     924  -1.1623   5.4650  17.1762   0.0000   0.0000   0.0000
     925  -1.0867   6.2868  16.5991   0.0000   0.0000   0.0000
     926  -1.1239   5.9214  16.9609   0.0000   0.0000   0.0000
     927  -1.8997   5.2792  16.3556   0.0000   0.0000   0.0000
     928  -1.8577   5.5555  17.5163   0.0000   0.0000   0.0000
     929  -1.7895   5.3518  16.8946   0.0000   0.0000   0.0000
     930  -1.3099   4.3510  17.1856   0.0000   0.0000   0.0000
     931  -1.8997   5.0683  16.6759   0.0000   0.0000   0.0000
     932  -1.2366   4.7025  16.2122   0.0000   0.0000   0.0000
     933  -1.4810   4.8293  16.5154   0.0000   0.0000   0.0000
     934  -1.2657   5.0774  16.4450   0.0000   0.0000   0.0000
     935  -1.2326   5.4340  15.7020   0.0000   0.0000   0.0000
     936  -1.7335   5.2225  16.8455   0.0000   0.0000   0.0000
     937  -1.7026   4.6191  16.3422   0.0000   0.0000   0.0000
     938  -1.0716   5.8651  16.6512   0.0000   0.0000   0.0000
     939  -1.8217   5.2794  16.1106   0.0000   0.0000   0.0000
     940  -0.4480   5.5198  16.1157   0.0000   0.0000   0.0000
     941  -1.5755   4.7216  16.3421   0.0000   0.0000   0.0000
     942  -1.2821   5.4245  16.6526   0.0000   0.0000   0.0000
     943  -2.4180   4.7895  17.8365   0.0000   0.0000   0.0000
     944  -2.4169   5.1585  17.2079   0.0000   0.0000   0.0000
     945  -2.3871   5.3195  16.6664   0.0000   0.0000   0.0000
     946  -1.9348   4.7561  15.9763   0.0000   0.0000   0.0000
     947  -1.2210   4.8813  15.6068   0.0000   0.0000   0.0000
     948  -1.1281   4.4539  15.3646   0.0000   0.0000   0.0000
     949  -1.9484   5.2984  15.4368   0.0000   0.0000   0.0000
     950  -1.9007   5.5984  15.5907   0.0000   0.0000   0.0000
     951  -1.3865   6.0713  15.1055   0.0000   0.0000   0.0000
     952  -1.3881   5.8767  14.8515   0.0000   0.0000   0.0000
     953  -1.3344   4.9858  14.6515   0.0000   0.0000   0.0000
     954  -0.7247   5.5394  14.6960   0.0000   0.0000   0.0000
     955  -0.2178   5.5269  15.3021   0.0000   0.0000   0.0000
     956  -0.4036   4.8898  14.7833   0.0000   0.0000   0.0000
     957   0.2046   4.7826  14.6328   0.0000   0.0000   0.0000
     958  -0.7268   4.8413  14.3191   0.0000   0.0000   0.0000
     959   0.0142   4.4553  15.6199   0.0000   0.0000   0.0000
     960  -0.4460   5.0103  15.1400   0.0000   0.0000   0.0000
     961  -0.7956   4.1396  15.4020   0.0000   0.0000   0.0000
     962  -0.8781   3.8379  15.8078   0.0000   0.0000   0.0000
     963  -0.5761   4.0555  15.0922   0.0000   0.0000   0.0000
     964   0.1107   4.0772  15.6061   0.0000   0.0000   0.0000
     965  -0.4769   4.4035  15.6274   0.0000   0.0000   0.0000
     966  -1.0733   5.1078  14.9376   0.0000   0.0000   0.0000
     967  -0.5946   5.5386  15.5246   0.0000   0.0000   0.0000
     968  -1.2705   5.4039  15.1324   0.0000   0.0000   0.0000
     969  -1.3787   6.2726  14.7592   0.0000   0.0000   0.0000
     970  -0.1092   5.4979  14.2725   0.0000   0.0000   0.0000
     971  -1.5199   4.8588  14.4848   0.0000   0.0000   0.0000
     972  -1.4166   5.3288  15.3921   0.0000   0.0000   0.0000
     973  -0.7532   4.7689  14.4849   0.0000   0.0000   0.0000
     974  -1.3698   4.0884  15.2963   0.0000   0.0000   0.0000
     975  -1.0871   3.7507  14.9277   0.0000   0.0000   0.0000
     976  -1.2681   4.0475  15.1648   0.0000   0.0000   0.0000
     977  -1.4499   5.0169  15.2986   0.0000   0.0000   0.0000
     978  -1.9474   5.0236  15.2291   0.0000   0.0000   0.0000
     979  -1.5229   5.1093  15.0864   0.0000   0.0000   0.0000
     980  -2.1503   5.0965  15.3342   0.0000   0.0000   0.0000
     981  -2.4638   5.0595  15.9045   0.0000   0.0000   0.0000
     982  -1.9538   4.6658  15.8785   0.0000   0.0000   0.0000
     983  -1.8507   5.0131  15.9526   0.0000   0.0000   0.0000
     984  -1.7698   6.3348  16.7634   0.0000   0.0000   0.0000
     985  -1.6188   5.5316  16.7982   0.0000   0.0000   0.0000
     986  -1.7500   4.6035  16.0523   0.0000   0.0000   0.0000
     987  -1.5396   4.4323  14.7611   0.0000   0.0000   0.0000
     988  -1.6232   5.0340  15.4252   0.0000   0.0000   0.0000
     989  -1.4444   5.3123  15.5064   0.0000   0.0000   0.0000
     990  -1.2436   5.9437  15.5248   0.0000   0.0000   0.0000
     991  -0.9692   5.7948  15.7622   0.0000   0.0000   0.0000
     992  -1.6329   4.6704  16.1975   0.0000   0.0000   0.0000
     993  -1.4991   5.8985  15.2881   0.0000   0.0000   0.0000
     994  -1.4594   6.4764  15.0423   0.0000   0.0000   0.0000
     995  -1.9556   6.4581  15.5296   0.0000   0.0000   0.0000
     996  -1.5039   5.5660  15.3214   0.0000   0.0000   0.0000
     997  -0.7523   5.6177  16.1581   0.0000   0.0000   0.0000
     998  -1.6971   5.3333  15.5908   0.0000   0.0000   0.0000
     999  -1.8020   6.1192  15.1795   0.0000   0.0000   0.0000
    1000  -1.4002   5.7296  15.8395   0.0000   0.0000   0.0000
    1001  -1.1819   5.7342  14.6665   0.0000   0.0000   0.0000
    1002  -0.6928   5.2451  15.1335   0.0000   0.0000   0.0000
    1003  -1.9253   5.3594  15.1689   0.0000   0.0000   0.0000
    1004  -1.7430   4.1457  15.6876   0.0000   0.0000   0.0000
    1005  -1.6637   4.7916  15.1110   0.0000   0.0000   0.0000
    1006  -1.4345   5.0542  14.2297   0.0000   0.0000   0.0000
    1007  -1.0764   5.4796  14.7368   0.0000   0.0000   0.0000
    1008  -0.8855   5.6606  14.4643   0.0000   0.0000   0.0000
    1009  -1.4004   5.6413  14.7774   0.0000   0.0000   0.0000
    1010  -1.7441   5.7472  15.0306   0.0000   0.0000   0.0000
    1011  -0.9947   5.7087  15.3291   0.0000   0.0000   0.0000
    1012  -0.5331   5.8899  15.5797   0.0000   0.0000   0.0000
    1013  -0.3592   5.4834  15.5378   0.0000   0.0000   0.0000
    1014  -0.9754   5.8112  14.9753   0.0000   0.0000   0.0000
    1015  -0.8687   5.4307  15.2798   0.0000   0.0000   0.0000
    1016  -0.3124   5.2598  14.9532   0.0000   0.0000   0.0000
    1017  -0.1087   4.9755  14.6706   0.0000   0.0000   0.0000
    1018  -0.4139   5.0652  14.3021   0.0000   0.0000   0.0000
    1019  -0.5320   4.9939  14.5442   0.0000   0.0000   0.0000
    1020  -0.0665   4.9952  14.4830   0.0000   0.0000   0.0000
    1021  -0.2000   4.3667  14.9167   0.0000   0.0000   0.0000
    1022  -0.5114   3.9436  15.4596   0.0000   0.0000   0.0000
    1023  -1.4624   4.8200  15.2281   0.0000   0.0000   0.0000
    1024  -1.1840   3.7229  14.9341   0.0000   0.0000   0.0000
    1025  -1.4835   4.5552  15.0639   0.0000   0.0000   0.0000
    1026  -1.1881   4.4745  15.1000   0.0000   0.0000   0.0000
    1027  -1.2005   3.9001  15.4066   0.0000   0.0000   0.0000
    1028  -1.5723   3.9864  16.1576   0.0000   0.0000   0.0000
    1029  -1.5542   3.6576  15.9962   0.0000   0.0000   0.0000
    1030  -1.8712   3.1297  16.4947   0.0000   0.0000   0.0000
    1031  -1.3642   4.1690  16.2357   0.0000   0.0000   0.0000
    1032  -1.6803   3.8111  16.1608   0.0000   0.0000   0.0000
    1033  -1.5877   4.1149  16.3554   0.0000   0.0000   0.0000
    1034  -1.3407   4.0869  15.9142   0.0000   0.0000   0.0000
    1035  -1.4349   4.5333  16.6665   0.0000   0.0000   0.0000
    1036  -1.4151   4.2423  16.9482   0.0000   0.0000   0.0000
    1037  -1.7098   3.4387  16.3008   0.0000   0.0000   0.0000
    1038  -2.4398   3.8539  16.5005   0.0000   0.0000   0.0000
    1039  -2.0025   3.0508  16.2671   0.0000   0.0000   0.0000
    1040  -2.0040   3.9920  15.4878   0.0000   0.0000   0.0000
    1041  -2.1478   4.0605  15.5334   0.0000   0.0000   0.0000
    1042  -2.5459   2.8629  15.5891   0.0000   0.0000   0.0000
    1043  -1.9968   3.8773  16.0376   0.0000   0.0000   0.0000
    1044  -1.8278   3.1799  15.8219   0.0000   0.0000   0.0000
    1045  -2.5263   3.8268  15.7153   0.0000   0.0000   0.0000
    1046  -1.8032   3.5175  15.9096   0.0000   0.0000   0.0000
    1047  -2.7637   4.0340  15.5251   0.0000   0.0000   0.0000
    1048  -2.5053   3.3577  15.8068   0.0000   0.0000   0.0000
    1049  -1.0651   3.4121  16.4922   0.0000   0.0000   0.0000
    1050  -0.8779   3.1677  15.7664   0.0000   0.0000   0.0000
    1051  -1.1027   1.9778  16.1612   0.0000   0.0000   0.0000
    1052  -0.8437   3.0477  16.1252   0.0000   0.0000   0.0000
    1053  -1.8011   2.6720  16.1257   0.0000   0.0000   0.0000
    1054  -1.1782   2.6827  16.4510   0.0000   0.0000   0.0000
    1055  -0.8548   1.9470  16.1346   0.0000   0.0000   0.0000
    1056  -1.6007   2.3882  15.8004   0.0000   0.0000   0.0000
    1057  -0.9355   3.0320  15.7927   0.0000   0.0000   0.0000
    1058  -1.8562   2.8960  16.0646   0.0000   0.0000   0.0000
    1059  -1.4053   3.8614  15.6449   0.0000   0.0000   0.0000
    1060  -1.1255   3.4531  16.5101   0.0000   0.0000   0.0000
    1061  -1.7892   3.4721  16.0763   0.0000   0.0000   0.0000
    1062  -1.9815   4.2860  15.6810   0.0000   0.0000   0.0000
    1063  -2.2470   4.4536  14.9053   0.0000   0.0000   0.0000
    1064  -2.3557   3.9413  15.4361   0.0000   0.0000   0.0000
    1065  -1.9708   4.5919  15.0827   0.0000   0.0000   0.0000
    1066  -1.7377   4.6718  14.7242   0.0000   0.0000   0.0000
    1067  -1.7421   5.0522  15.1397   0.0000   0.0000   0.0000
    1068  -2.2240   4.9083  14.8665   0.0000   0.0000   0.0000
    1069  -1.9470   5.7482  15.2592   0.0000   0.0000   0.0000
    1070  -2.4489   4.9293  15.5270   0.0000   0.0000   0.0000
    1071  -2.2385   4.4456  14.7898   0.0000   0.0000   0.0000
    1072  -1.6061   3.8238  15.2159   0.0000   0.0000   0.0000
    1073  -2.0663   3.8676  15.1044   0.0000   0.0000   0.0000
    1074  -2.2817   4.7675  14.8048   0.0000   0.0000   0.0000
    1075  -2.3595   4.9049  14.8830   0.0000   0.0000   0.0000
    1076  -3.1806   5.0749  15.3621   0.0000   0.0000   0.0000
    1077  -3.3212   4.9347  14.7599   0.0000   0.0000   0.0000
    1078  -2.9499   4.9443  15.2548   0.0000   0.0000   0.0000
    1079  -3.5709   5.2803  14.7486   0.0000   0.0000   0.0000
    1080  -4.1675   5.7433  15.4089   0.0000   0.0000   0.0000
    1081  -3.9115   4.9974  14.9349   0.0000   0.0000   0.0000
    1082  -2.8440   4.9676  15.1225   0.0000   0.0000   0.0000
    1083  -2.5547   5.0067  15.9231   0.0000   0.0000   0.0000
    1084  -2.8570   5.7885  16.1579   0.0000   0.0000   0.0000
    1085  -2.6428   5.0028  15.0112   0.0000   0.0000   0.0000
    1086  -2.2289   5.1963  14.8793   0.0000   0.0000   0.0000
    1087  -3.7324   5.5583  14.1707   0.0000   0.0000   0.0000
    1088  -3.0697   5.5332  14.0816   0.0000   0.0000   0.0000
    1089  -3.8974   5.9926  14.4945   0.0000   0.0000   0.0000
    1090  -3.1630   5.3222  14.9184   0.0000   0.0000   0.0000
    1091  -3.4745   4.6617  15.4514   0.0000   0.0000   0.0000
    1092  -3.0026   6.2477  14.6328   0.0000   0.0000   0.0000
    1093  -3.2024   6.2614  13.7912   0.0000   0.0000   0.0000
    1094  -3.2807   5.8839  14.1645   0.0000   0.0000   0.0000
    1095  -3.9158   6.1690  14.0756   0.0000   0.0000   0.0000
    1096  -2.7562   5.5513  13.8361   0.0000   0.0000   0.0000
    1097  -3.1268   5.7776  14.5109   0.0000   0.0000   0.0000
    1098  -3.0244   6.0248  14.3218   0.0000   0.0000   0.0000
    1099  -2.4338   6.1298  14.5473   0.0000   0.0000   0.0000
    1100  -2.4020   5.7767  15.2397   0.0000   0.0000   0.0000
    1101  -3.5200   5.6571  15.8447   0.0000   0.0000   0.0000
    1102  -2.7376   5.9131  15.5421   0.0000   0.0000   0.0000
    1103  -2.8583   6.4160  15.3474   0.0000   0.0000   0.0000
    1104  -2.7901   5.9110  14.6355   0.0000   0.0000   0.0000
    1105  -3.1272   5.5991  15.1110   0.0000   0.0000   0.0000
    1106  -3.9042   5.3334  14.6868   0.0000   0.0000   0.0000
    1107  -3.4515   5.3996  14.5137   0.0000   0.0000   0.0000
    1108  -2.8895   5.2711  14.5925   0.0000   0.0000   0.0000
    1109  -3.0481   4.9554  13.8753   0.0000   0.0000   0.0000
    1110  -3.1207   5.0191  14.0842   0.0000   0.0000   0.0000
    1111  -2.9952   4.8493  13.6571   0.0000   0.0000   0.0000
    1112  -2.4411   4.3615  14.0846   0.0000   0.0000   0.0000
    1113  -1.8297   4.3882  14.0882   0.0000   0.0000   0.0000
    1114  -3.3411   4.8718  13.7198   0.0000   0.0000   0.0000
    1115  -3.1159   5.3583  14.0331   0.0000   0.0000   0.0000
    1116  -3.1169   5.1651  13.8046   0.0000   0.0000   0.0000
    1117  -3.0123   5.0503  14.0421   0.0000   0.0000   0.0000
    1118  -2.4692   3.8494  13.8441   0.0000   0.0000   0.0000
    1119  -3.3266   4.0143  13.9899   0.0000   0.0000   0.0000
    1120  -1.7643   5.1039  13.8588   0.0000   0.0000   0.0000
    1121  -2.3675   5.2564  13.2814   0.0000   0.0000   0.0000
    1122  -2.2369   5.1155  13.5479   0.0000   0.0000   0.0000
    1123  -3.8877   4.9391  13.7554   0.0000   0.0000   0.0000
    1124  -2.7276   4.7413  14.5179   0.0000   0.0000   0.0000
    1125  -2.0864   4.2640  14.1572   0.0000   0.0000   0.0000
    1126  -3.0609   4.2525  14.5740   0.0000   0.0000   0.0000
    1127  -3.3345   4.5167  14.3060   0.0000   0.0000   0.0000
    1128  -2.3424   4.2632  14.0387   0.0000   0.0000   0.0000
    1129  -2.7438   3.9553  13.4504   0.0000   0.0000   0.0000
    1130  -1.7965   3.7658  13.9741   0.0000   0.0000   0.0000
    1131  -1.7561   3.9002  13.6114   0.0000   0.0000   0.0000
    1132  -1.5868   3.4920  13.4929   0.0000   0.0000   0.0000
    1133  -2.3161   4.6857  13.5638   0.0000   0.0000   0.0000
    1134  -2.6781   4.1384  13.5657   0.0000   0.0000   0.0000
    1135  -2.6300   4.9009  13.2992   0.0000   0.0000   0.0000
    1136  -2.2798   4.3488  13.7682   0.0000   0.0000   0.0000
    1137  -1.9973   5.9160  13.4054   0.0000   0.0000   0.0000
    1138  -2.9573   4.8793  12.4677   0.0000   0.0000   0.0000
    1139  -2.9620   4.7644  12.3578   0.0000   0.0000   0.0000
    1140  -3.0395   4.7699  12.5823   0.0000   0.0000   0.0000
    1141  -2.4471   4.3704  11.9099   0.0000   0.0000   0.0000
    1142  -2.8703   5.0346  11.7101   0.0000   0.0000   0.0000
    1143  -3.0515   4.6294  12.6952   0.0000   0.0000   0.0000
    1144  -3.1121   4.6504  12.3585   0.0000   0.0000   0.0000
    1145  -2.2095   5.2252  12.5009   0.0000   0.0000   0.0000
    1146  -1.1226   4.4128  12.5340   0.0000   0.0000   0.0000
    1147  -1.9495   3.5084  11.9874   0.0000   0.0000   0.0000
    1148  -1.3498   3.7270  12.7179   0.0000   0.0000   0.0000
    1149  -1.3889   3.5254  12.1195   0.0000   0.0000   0.0000
    1150  -2.1362   4.1245  13.1007   0.0000   0.0000   0.0000
    1151  -2.2955   3.6204  13.2731   0.0000   0.0000   0.0000
    1152  -2.7388   3.7752  13.1040   0.0000   0.0000   0.0000
    1153  -2.6699   3.8285  12.8525   0.0000   0.0000   0.0000
    1154  -2.0987   3.2163  13.2552   0.0000   0.0000   0.0000
    1155  -2.4307   3.8690  13.5035   0.0000   0.0000   0.0000
    1156  -2.2390   4.0428  13.3758   0.0000   0.0000   0.0000
    1157  -1.7170   4.8608  13.9344   0.0000   0.0000   0.0000
    1158  -2.3378   4.5003  13.6023   0.0000   0.0000   0.0000
    1159  -1.9372   4.3635  13.2171   0.0000   0.0000   0.0000
    1160  -2.2271   3.7310  13.0192   0.0000   0.0000   0.0000
    1161  -2.2615   4.2204  13.4658   0.0000   0.0000   0.0000
    1162  -2.4122   4.5621  13.6876   0.0000   0.0000   0.0000
    1163  -1.7082   3.8130  13.4225   0.0000   0.0000   0.0000
    1164  -2.5263   4.9179  13.8550   0.0000   0.0000   0.0000
    1165  -2.2087   4.5909  13.2301   0.0000   0.0000   0.0000
    1166  -2.3327   4.6802  12.8959   0.0000   0.0000   0.0000
    1167  -2.3948   5.2333  13.6238   0.0000   0.0000   0.0000
    1168  -2.9921   4.9527  13.6453   0.0000   0.0000   0.0000
    1169  -2.1062   5.4554  13.6456   0.0000   0.0000   0.0000
    1170  -3.3190   5.1634  13.9644   0.0000   0.0000   0.0000
    1171  -2.5441   4.5330  13.6116   0.0000   0.0000   0.0000
    1172  -2.7972   3.9161  13.6413   0.0000   0.0000   0.0000
    1173  -2.5611   4.1036  14.7958   0.0000   0.0000   0.0000
    1174  -2.6894   3.9500  14.6691   0.0000   0.0000   0.0000
    1175  -2.5008   3.8495  14.5821   0.0000   0.0000   0.0000
    1176  -3.8847   4.2881  14.3706   0.0000   0.0000   0.0000
    1177  -3.6207   4.7996  14.5228   0.0000   0.0000   0.0000
    1178  -2.7172   5.1634  14.0038   0.0000   0.0000   0.0000
    1179  -2.5420   4.6699  14.5323   0.0000   0.0000   0.0000
    1180  -2.7874   5.2935  14.2679   0.0000   0.0000   0.0000
    1181  -3.3017   4.8217  14.6756   0.0000   0.0000   0.0000
    1182  -3.4334   4.1738  14.4345   0.0000   0.0000   0.0000
    1183  -3.1488   4.5735  14.0838   0.0000   0.0000   0.0000
    1184  -3.7957   4.8924  14.2299   0.0000   0.0000   0.0000
    1185  -3.4911   4.7969  13.5566   0.0000   0.0000   0.0000
    1186  -2.4014   4.0270  13.5299   0.0000   0.0000   0.0000
    1187  -1.6512   4.4948  14.3330   0.0000   0.0000   0.0000
    1188  -2.5915   4.9175  13.8337   0.0000   0.0000   0.0000
    1189  -2.9889   3.9442  13.6096   0.0000   0.0000   0.0000
    1190  -1.8745   3.9949  12.4885   0.0000   0.0000   0.0000
    1191  -2.7988   5.0171  13.8910   0.0000   0.0000   0.0000
    1192  -1.9812   3.7923  13.8246   0.0000   0.0000   0.0000
    1193  -2.3685   3.9178  13.2443   0.0000   0.0000   0.0000
    1194  -2.4970   4.6172  13.1624   0.0000   0.0000   0.0000
    1195  -2.3310   4.5662  13.7101   0.0000   0.0000   0.0000
    1196  -2.1308   4.7681  14.3633   0.0000   0.0000   0.0000
    1197  -2.0939   4.0426  14.0217   0.0000   0.0000   0.0000
    1198  -2.4045   4.2248  14.0814   0.0000   0.0000   0.0000
    1199  -2.4554   4.8689  14.2308   0.0000   0.0000   0.0000
    1200  -1.7527   4.3559  14.3652   0.0000   0.0000   0.0000
    1201  -2.7088   5.1724  13.6481   0.0000   0.0000   0.0000
    1202  -2.5418   4.9290  13.2873   0.0000   0.0000   0.0000
    1203  -2.7201   4.4157  14.1521   0.0000   0.0000   0.0000
    1204  -2.3974   4.9631  13.7491   0.0000   0.0000   0.0000
    1205  -3.2990   4.6393  14.5618   0.0000   0.0000   0.0000
    1206  -3.1875   4.3752  14.2327   0.0000   0.0000   0.0000
    1207  -3.9369   3.4947  13.9647   0.0000   0.0000   0.0000
    1208  -3.2210   3.7861  14.3016   0.0000   0.0000   0.0000
    1209  -3.7120   4.0172  14.4470   0.0000   0.0000   0.0000
    1210  -2.8786   3.2521  14.6173   0.0000   0.0000   0.0000
    1211  -2.6623   4.0305  14.4447   0.0000   0.0000   0.0000
    1212  -2.4153   3.4424  13.9502   0.0000   0.0000   0.0000
    1213  -2.3136   4.3414  13.9485   0.0000   0.0000   0.0000
    1214  -2.2766   3.5008  13.7970   0.0000   0.0000   0.0000
    1215  -1.3660   3.9098  15.3179   0.0000   0.0000   0.0000
    1216  -2.0550   4.0339  14.5581   0.0000   0.0000   0.0000
    1217  -2.0778   3.9466  14.1501   0.0000   0.0000   0.0000
    1218  -1.9445   3.9109  13.5442   0.0000   0.0000   0.0000
    1219  -1.2758   3.1975  14.0128   0.0000   0.0000   0.0000
    1220  -2.3302   3.0638  13.8991   0.0000   0.0000   0.0000
    1221  -1.8970   3.5367  13.5975   0.0000   0.0000   0.0000
    1222  -2.2174   4.2732  14.7000   0.0000   0.0000   0.0000
    1223  -2.3071   3.4813  14.4493   0.0000   0.0000   0.0000
    1224  -3.1443   3.8781  14.4420   0.0000   0.0000   0.0000
    1225  -2.5955   3.7347  14.9760   0.0000   0.0000   0.0000
    1226  -2.5461   2.7740  15.3982   0.0000   0.0000   0.0000
    1227  -2.6290   2.7511  15.0627   0.0000   0.0000   0.0000
    1228  -2.1063   2.8563  15.1597   0.0000   0.0000   0.0000
    1229  -2.1150   2.4566  14.4949   0.0000   0.0000   0.0000
    1230  -2.2451   2.4307  15.2362   0.0000   0.0000   0.0000
    1231  -2.8978   2.4552  14.5733   0.0000   0.0000   0.0000
    1232  -2.9371   2.5592  15.0915   0.0000   0.0000   0.0000
    1233  -3.5095   2.3389  14.9235   0.0000   0.0000   0.0000
    1234  -3.3548   1.9733  15.4109   0.0000   0.0000   0.0000
    1235  -2.9837   2.1080  14.3956   0.0000   0.0000   0.0000
    1236  -2.9434   1.8899  14.4565   0.0000   0.0000   0.0000
    1237  -2.8093   1.7302  14.4540   0.0000   0.0000   0.0000
    1238  -3.2946   1.7405  14.8389   0.0000   0.0000   0.0000
    1239  -3.3090   2.2042  14.5247   0.0000   0.0000   0.0000
    1240  -2.6726   2.0158  15.2159   0.0000   0.0000   0.0000
    1241  -1.8529   2.1557  14.6367   0.0000   0.0000   0.0000
    1242  -1.8441   2.8867  14.9327   0.0000   0.0000   0.0000
    1243  -2.0212   2.5410  14.9086   0.0000   0.0000   0.0000
    1244  -3.3088   2.6957  14.7306   0.0000   0.0000   0.0000
    1245  -2.9672   2.6435  15.2485   0.0000   0.0000   0.0000
    1246  -3.0456   1.8244  14.8824   0.0000   0.0000   0.0000
    1247  -2.5607   2.6011  14.3013   0.0000   0.0000   0.0000
    1248  -2.5027   2.6306  13.8931   0.0000   0.0000   0.0000
    1249  -2.8080   2.0449  13.2110   0.0000   0.0000   0.0000
    1250  -2.9176   2.1318  13.7225   0.0000   0.0000   0.0000
    1251  -2.5247   2.2064  14.2232   0.0000   0.0000   0.0000
    1252  -2.6325   2.9062  14.3304   0.0000   0.0000   0.0000
    1253  -2.8644   2.3501  13.9774   0.0000   0.0000   0.0000
    1254  -3.0328   2.6958  14.4012   0.0000   0.0000   0.0000
    1255  -2.7193   3.1800  14.5477   0.0000   0.0000   0.0000
    1256  -2.6298   3.3275  14.4799   0.0000   0.0000   0.0000
    1257  -1.7173   3.1829  15.5620   0.0000   0.0000   0.0000
    1258  -0.9921   2.4840  14.4568   0.0000   0.0000   0.0000
    1259  -0.8944   2.0742  14.5530   0.0000   0.0000   0.0000
    1260  -0.4124   2.7350  14.9730   0.0000   0.0000   0.0000
    1261  -0.7548   2.3671  14.1311   0.0000   0.0000   0.0000
    1262  -1.0192   2.5091  14.7540   0.0000   0.0000   0.0000
    1263  -0.2458   3.7112  14.1742   0.0000   0.0000   0.0000
    1264  -1.3478   3.3617  14.2969   0.0000   0.0000   0.0000
    1265  -0.9793   2.1093  14.4821   0.0000   0.0000   0.0000
    1266  -1.0420   2.9170  14.9433   0.0000   0.0000   0.0000
    1267  -0.6097   2.6608  15.1046   0.0000   0.0000   0.0000
    1268  -1.3205   2.3067  14.8012   0.0000   0.0000   0.0000
    1269  -1.4375   2.7193  16.2765   0.0000   0.0000   0.0000
    1270  -2.4319   2.7028  16.1238   0.0000   0.0000   0.0000
    1271  -1.3159   3.2164  15.7808   0.0000   0.0000   0.0000
    1272  -0.7640   3.0353  15.0022   0.0000   0.0000   0.0000
    1273  -2.0649   2.3119  15.1009   0.0000   0.0000   0.0000
    1274  -1.5892   3.0322  14.5579   0.0000   0.0000   0.0000
    1275  -1.3399   2.5823  15.0693   0.0000   0.0000   0.0000
    1276  -1.5991   1.7213  15.0809   0.0000   0.0000   0.0000
    1277  -1.0195   2.8283  14.4728   0.0000   0.0000   0.0000
    1278  -1.2247   3.1184  14.4617   0.0000   0.0000   0.0000
    1279  -1.4172   2.7837  14.2417   0.0000   0.0000   0.0000
    1280  -0.3873   2.7661  14.1310   0.0000   0.0000   0.0000
    1281  -0.2952   3.0561  13.6901   0.0000   0.0000   0.0000
    1282  -1.2897   3.3347  14.2609   0.0000   0.0000   0.0000
    1283  -1.3614   3.0193  13.5900   0.0000   0.0000   0.0000
    1284  -1.1660   2.6734  13.6269   0.0000   0.0000   0.0000
    1285  -1.9608   3.3551  13.3473   0.0000   0.0000   0.0000
    1286  -0.7539   3.9595  13.3414   0.0000   0.0000   0.0000
    1287  -1.2309   3.6951  13.1653   0.0000   0.0000   0.0000
    1288  -0.6157   3.0873  13.1698   0.0000   0.0000   0.0000
    1289  -1.0892   3.2733  13.3664   0.0000   0.0000   0.0000
    1290  -1.6089   3.7772  13.3708   0.0000   0.0000   0.0000
    1291  -1.6457   3.9769  13.5104   0.0000   0.0000   0.0000
    1292  -1.7370   3.2416  13.6164   0.0000   0.0000   0.0000
    1293  -1.7019   3.2381  13.6419   0.0000   0.0000   0.0000
    1294  -1.2986   3.3357  13.3462   0.0000   0.0000   0.0000
    1295  -1.7883   3.0677  13.9555   0.0000   0.0000   0.0000
    1296  -1.2778   3.1806  13.4023   0.0000   0.0000   0.0000
    1297  -1.6680   2.5577  13.6463   0.0000   0.0000   0.0000
    1298  -1.4609   3.2941  13.2312   0.0000   0.0000   0.0000
    1299  -1.4668   4.1267  12.5656   0.0000   0.0000   0.0000
    1300  -1.1569   4.0626  12.8864   0.0000   0.0000   0.0000
    1301  -1.0052   4.0849  12.9710   0.0000   0.0000   0.0000
    1302  -1.1791   3.7819  12.5827   0.0000   0.0000   0.0000
    1303  -1.0885   2.6521  12.7422   0.0000   0.0000   0.0000
    1304  -1.4306   2.9932  12.7226   0.0000   0.0000   0.0000
    1305  -1.4953   3.3644  12.7268   0.0000   0.0000   0.0000
    1306  -1.8372   2.8677  13.3988   0.0000   0.0000   0.0000
    1307  -1.2131   3.4497  13.4285   0.0000   0.0000   0.0000
    1308  -1.6344   3.8220  13.7863   0.0000   0.0000   0.0000
    1309  -2.0757   3.5302  13.3877   0.0000   0.0000   0.0000
    1310  -1.7173   3.3592  13.4243   0.0000   0.0000   0.0000
    1311  -2.4154   3.8403  14.1208   0.0000   0.0000   0.0000
    1312  -1.7072   3.3843  14.1608   0.0000   0.0000   0.0000
    1313  -2.2174   4.0583  13.8538   0.0000   0.0000   0.0000
    1314  -1.7603   3.8495  13.8918   0.0000   0.0000   0.0000
    1315  -0.8762   3.8261  13.6264   0.0000   0.0000   0.0000
    1316  -1.9073   3.8775  13.1580   0.0000   0.0000   0.0000
    1317  -1.8889   4.1263  13.6202   0.0000   0.0000   0.0000
    1318  -2.2944   4.3127  12.8170   0.0000   0.0000   0.0000
    1319  -1.3347   2.9668  12.6782   0.0000   0.0000   0.0000
    1320  -1.4841   3.9371  12.7380   0.0000   0.0000   0.0000
    1321  -1.0397   3.0411  13.1500   0.0000   0.0000   0.0000
    1322  -1.5524   3.9733  12.5105   0.0000   0.0000   0.0000
    1323  -1.5203   3.7334  13.3392   0.0000   0.0000   0.0000
    1324  -1.8469   4.6808  12.9563   0.0000   0.0000   0.0000
    1325  -1.4443   4.2864  14.1943   0.0000   0.0000   0.0000
    1326  -1.4966   4.2685  13.3798   0.0000   0.0000   0.0000
    1327  -1.7348   3.6482  13.0945   0.0000   0.0000   0.0000
    1328  -1.5981   4.2157  12.3934   0.0000   0.0000   0.0000
    1329  -2.1829   3.6696  13.1156   0.0000   0.0000   0.0000
    1330  -1.7218   4.2312  12.6666   0.0000   0.0000   0.0000
    1331  -2.3146   3.6347  12.5876   0.0000   0.0000   0.0000
    1332  -2.2007   3.9548  13.5167   0.0000   0.0000   0.0000
    1333  -2.6088   3.8633  13.0328   0.0000   0.0000   0.0000
    1334  -2.0132   3.6633  13.6771   0.0000   0.0000   0.0000
    1335  -1.9291   3.8473  13.1933   0.0000   0.0000   0.0000
    1336  -2.7869   4.4036  13.6494   0.0000   0.0000   0.0000
    1337  -2.2641   3.7073  13.7526   0.0000   0.0000   0.0000
    1338  -2.2857   3.1586  13.8205   0.0000   0.0000   0.0000
    1339  -2.0573   3.0210  14.5343   0.0000   0.0000   0.0000
    1340  -2.9423   3.7003  14.5270   0.0000   0.0000   0.0000
    1341  -3.4141   3.0995  14.1738   0.0000   0.0000   0.0000
    1342  -2.1845   3.5378  14.8009   0.0000   0.0000   0.0000
    1343  -2.7998   2.9478  14.4790   0.0000   0.0000   0.0000
    1344  -3.1360   2.7522  14.9539   0.0000   0.0000   0.0000
    1345  -1.5705   3.6005  14.7561   0.0000   0.0000   0.0000
    1346  -2.6267   4.0658  15.2275   0.0000   0.0000   0.0000
    1347  -3.2776   3.3887  14.5572   0.0000   0.0000   0.0000
    1348  -1.7714   3.2098  14.8416   0.0000   0.0000   0.0000
    1349  -3.0540   2.6683  15.0202   0.0000   0.0000   0.0000
    1350  -2.0123   2.7787  15.0921   0.0000   0.0000   0.0000
    1351  -2.0843   3.0597  14.2351   0.0000   0.0000   0.0000
    1352  -2.3494   3.5932  14.6441   0.0000   0.0000   0.0000
    1353  -2.0655   3.3482  14.8129   0.0000   0.0000   0.0000
    1354  -2.9796   3.9147  14.3010   0.0000   0.0000   0.0000
    1355  -2.4276   4.3793  15.1135   0.0000   0.0000   0.0000
    1356  -2.7939   4.3249  14.6329   0.0000   0.0000   0.0000
    1357  -2.1534   4.7936  14.6765   0.0000   0.0000   0.0000
    1358  -2.2413   4.2187  15.1568   0.0000   0.0000   0.0000
    1359  -2.0127   4.5385  15.2480   0.0000   0.0000   0.0000
    1360  -1.8935   4.2842  15.3347   0.0000   0.0000   0.0000
    1361  -1.7218   4.5051  15.6810   0.0000   0.0000   0.0000
    1362  -1.9193   4.2518  15.1541   0.0000   0.0000   0.0000
    1363  -2.8807   4.6944  15.2896   0.0000   0.0000   0.0000
    1364  -2.6280   4.4014  14.8842   0.0000   0.0000   0.0000
    1365  -2.7486   4.6035  15.0616   0.0000   0.0000   0.0000
    1366  -1.8289   3.1041  14.4426   0.0000   0.0000   0.0000
    1367  -1.8682   3.5149  14.9553   0.0000   0.0000   0.0000
    1368  -2.0762   3.0499  15.0446   0.0000   0.0000   0.0000
    1369  -1.0762   4.0108  15.3448   0.0000   0.0000   0.0000
    1370  -1.0087   3.6633  14.8523   0.0000   0.0000   0.0000
    1371  -0.6448   4.2338  15.4293   0.0000   0.0000   0.0000
    1372  -1.8418   3.8877  15.5971   0.0000   0.0000   0.0000
    1373  -1.6179   3.0682  15.6488   0.0000   0.0000   0.0000
    1374  -1.5017   3.5696  15.8330   0.0000   0.0000   0.0000
    1375  -0.9163   3.9984  16.4265   0.0000   0.0000   0.0000
    1376  -1.4525   3.8673  15.8181   0.0000   0.0000   0.0000
    1377  -1.5477   3.3778  15.3930   0.0000   0.0000   0.0000
    1378  -1.5442   3.7033  14.4688   0.0000   0.0000   0.0000
    1379  -1.2710   3.6799  14.5171   0.0000   0.0000   0.0000
    1380  -1.3057   3.9655  14.7642   0.0000   0.0000   0.0000
    1381  -1.0000   3.7977  14.3417   0.0000   0.0000   0.0000
    1382  -0.9230   4.3720  14.2400   0.0000   0.0000   0.0000
    1383  -0.9412   4.2007  14.7891   0.0000   0.0000   0.0000
    1384  -0.5318   3.6766  13.8171   0.0000   0.0000   0.0000
    1385  -1.6367   3.7033  14.5087   0.0000   0.0000   0.0000
    1386  -1.0124   4.2194  14.6048   0.0000   0.0000   0.0000
    1387  -0.5696   3.0800  15.1211   0.0000   0.0000   0.0000
    1388  -1.2398   3.7925  13.9889   0.0000   0.0000   0.0000
    1389  -1.1552   2.8795  14.6224   0.0000   0.0000   0.0000
    1390  -1.3479   3.4894  14.3079   0.0000   0.0000   0.0000
    1391  -1.4442   4.1298  15.2852   0.0000   0.0000   0.0000
    1392  -2.5392   3.7923  14.8895   0.0000   0.0000   0.0000
    1393  -2.3696   3.3624  15.0918   0.0000   0.0000   0.0000
    1394  -1.9986   3.1701  14.9690   0.0000   0.0000   0.0000
    1395  -2.6564   3.0521  14.7444   0.0000   0.0000   0.0000
    1396  -1.9946   3.8300  14.4194   0.0000   0.0000   0.0000
    1397  -1.1641   4.1141  14.3216   0.0000   0.0000   0.0000
    1398  -1.4647   4.7307  14.4248   0.0000   0.0000   0.0000
    1399  -0.8395   4.3280  14.0945   0.0000   0.0000   0.0000
    1400  -2.0334   4.6452  13.7739   0.0000   0.0000   0.0000
    1401  -1.6727   5.6212  13.4205   0.0000   0.0000   0.0000
    1402  -1.6289   5.3155  13.6730   0.0000   0.0000   0.0000
    1403  -1.2929   4.7536  13.4114   0.0000   0.0000   0.0000
    1404  -1.1546   5.1164  13.2656   0.0000   0.0000   0.0000
    1405  -1.0345   3.5290  14.2666   0.0000   0.0000   0.0000
    1406  -1.4912   3.5191  14.0837   0.0000   0.0000   0.0000
    1407  -0.2214   3.9127  13.6064   0.0000   0.0000   0.0000
    1408  -0.4844   3.6056  13.9797   0.0000   0.0000   0.0000
    1409  -0.4174   3.0539  14.7772   0.0000   0.0000   0.0000
    1410  -1.0652   3.7089  14.8412   0.0000   0.0000   0.0000
    1411  -0.9558   3.4663  13.7462   0.0000   0.0000   0.0000
    1412  -0.6631   4.2795  13.7654   0.0000   0.0000   0.0000
    1413  -0.1442   3.8791  14.0228   0.0000   0.0000   0.0000
    1414  -0.0049   3.0255  13.6247   0.0000   0.0000   0.0000
    1415   0.2282   2.9442  14.0462   0.0000   0.0000   0.0000
    1416  -0.1800   3.5962  14.4211   0.0000   0.0000   0.0000
    1417  -0.3350   3.1934  14.3259   0.0000   0.0000   0.0000
    1418  -1.0069   2.9575  13.1575   0.0000   0.0000   0.0000
    1419  -0.6022   2.6263  12.7270   0.0000   0.0000   0.0000
    1420   0.0837   2.6876  13.8959   0.0000   0.0000   0.0000
    1421  -0.3846   3.3262  13.9123   0.0000   0.0000   0.0000
    1422  -0.8493   3.9593  13.7881   0.0000   0.0000   0.0000
    1423  -1.2635   3.0257  13.7268   0.0000   0.0000   0.0000
    1424  -1.3647   4.1194  13.8404   0.0000   0.0000   0.0000
    1425  -0.8345   4.4508  14.2330   0.0000   0.0000   0.0000
    1426  -0.9733   4.1612  13.3630   0.0000   0.0000   0.0000
    1427  -0.9331   3.0877  14.0261   0.0000   0.0000   0.0000
    1428  -0.6304   3.2919  13.2728   0.0000   0.0000   0.0000
    1429  -0.6919   3.3927  13.6333   0.0000   0.0000   0.0000
    1430  -0.7854   3.2383  12.8501   0.0000   0.0000   0.0000
    1431  -1.0113   3.3644  13.0080   0.0000   0.0000   0.0000
    1432  -0.5635   3.6543  12.7206   0.0000   0.0000   0.0000
    1433  -1.4123   3.7741  12.4626   0.0000   0.0000   0.0000
    1434  -0.8232   3.7276  13.0012   0.0000   0.0000   0.0000
    1435  -0.2946   3.9464  12.0826   0.0000   0.0000   0.0000
    1436  -1.1536   4.8838  12.7813   0.0000   0.0000   0.0000
    1437  -0.9658   3.3517  13.1916   0.0000   0.0000   0.0000
    1438  -0.7415   2.9602  12.7652   0.0000   0.0000   0.0000
    1439  -0.1855   4.5206  12.6859   0.0000   0.0000   0.0000
    1440  -1.0547   4.2906  12.7542   0.0000   0.0000   0.0000
    1441  -0.8835   4.8144  11.9345   0.0000   0.0000   0.0000
    1442  -1.1095   4.2423  11.8584   0.0000   0.0000   0.0000
    1443  -1.9902   4.2430  12.3576   0.0000   0.0000   0.0000
    1444  -1.5969   5.0051  13.2563   0.0000   0.0000   0.0000
    1445  -2.2534   4.8759  12.6565   0.0000   0.0000   0.0000
    1446  -1.7689   5.2997  12.7997   0.0000   0.0000   0.0000
    1447  -1.0869   4.3020  12.6677   0.0000   0.0000   0.0000
    1448  -1.7509   4.8442  12.4303   0.0000   0.0000   0.0000
    1449  -1.7920   4.5974  12.7427   0.0000   0.0000   0.0000
    1450  -1.0278   4.0274  13.1447   0.0000   0.0000   0.0000
    1451  -1.9114   4.3788  12.8093   0.0000   0.0000   0.0000
    1452  -2.2481   3.6800  11.9018   0.0000   0.0000   0.0000
    1453  -1.9987   4.4686  12.2640   0.0000   0.0000   0.0000
    1454  -2.2027   5.1962  12.6651   0.0000   0.0000   0.0000
    1455  -2.7578   5.1156  12.3627   0.0000   0.0000   0.0000
    1456  -2.6303   3.8592  13.0954   0.0000   0.0000   0.0000
    1457  -1.9358   3.9853  12.7191   0.0000   0.0000   0.0000
    1458  -1.6249   4.0389  13.1083   0.0000   0.0000   0.0000
    1459  -1.2264   2.4615  13.3368   0.0000   0.0000   0.0000
    1460  -1.1074   3.3481  13.2170   0.0000   0.0000   0.0000
    1461  -1.9412   3.4359  12.9817   0.0000   0.0000   0.0000
    1462  -1.3234   2.4484  12.6715   0.0000   0.0000   0.0000
    1463  -2.1918   2.3193  12.9142   0.0000   0.0000   0.0000
    1464  -1.8574   2.7207  12.6661   0.0000   0.0000   0.0000
    1465  -0.7163   3.2688  13.2667   0.0000   0.0000   0.0000
    1466  -1.3933   2.7967  12.1624   0.0000   0.0000   0.0000
    1467  -1.9830   2.5035  12.3052   0.0000   0.0000   0.0000
    1468  -1.2089   2.8626  12.9564   0.0000   0.0000   0.0000
    1469  -0.8289   3.1960  13.2310   0.0000   0.0000   0.0000
    1470  -1.6611   2.2578  13.5331   0.0000   0.0000   0.0000
    1471  -1.2519   3.6331  12.7842   0.0000   0.0000   0.0000
    1472  -1.2205   3.6415  13.7926   0.0000   0.0000   0.0000
    1473  -0.4556   3.4918  14.5354   0.0000   0.0000   0.0000
    1474  -0.7930   3.7180  13.4417   0.0000   0.0000   0.0000
    1475  -0.6831   3.5051  13.3747   0.0000   0.0000   0.0000
    1476  -0.9639   3.2585  14.5090   0.0000   0.0000   0.0000
    1477  -1.9232   3.2584  15.0214   0.0000   0.0000   0.0000
    1478  -2.4612   2.6348  14.2344   0.0000   0.0000   0.0000
    1479  -1.6609   2.9509  13.9064   0.0000   0.0000   0.0000
    1480  -1.8922   3.8970  13.7681   0.0000   0.0000   0.0000
    1481  -2.2468   3.9000  14.1688   0.0000   0.0000   0.0000
    1482  -1.8385   3.1159  13.9943   0.0000   0.0000   0.0000
    1483  -1.9852   3.6442  13.1702   0.0000   0.0000   0.0000
    1484  -2.0201   2.9312  13.5829   0.0000   0.0000   0.0000
    1485  -1.9550   2.5396  13.1166   0.0000   0.0000   0.0000
    1486  -1.7100   2.6329  13.4776   0.0000   0.0000   0.0000
    1487  -1.0657   3.8912  13.6507   0.0000   0.0000   0.0000
    1488  -1.0094   4.8280  12.9258   0.0000   0.0000   0.0000
    1489  -1.8949   3.1522  13.2692   0.0000   0.0000   0.0000
    1490  -0.9407   4.1091  13.1617   0.0000   0.0000   0.0000
    1491  -1.9098   3.4470  13.3751   0.0000   0.0000   0.0000
    1492  -2.0094   3.9956  14.9389   0.0000   0.0000   0.0000
    1493  -2.1210   2.9348  13.8985   0.0000   0.0000   0.0000
    1494  -2.4056   3.0211  13.2076   0.0000   0.0000   0.0000
    1495  -2.2629   3.5131  12.7121   0.0000   0.0000   0.0000
    1496  -2.0738   4.2154  12.5831   0.0000   0.0000   0.0000
    1497  -2.9054   4.1082  13.4796   0.0000   0.0000   0.0000
    1498  -2.7777   3.2265  13.1614   0.0000   0.0000   0.0000
    1499  -2.7286   2.7800  13.2228   0.0000   0.0000   0.0000
    1500  -2.6985   3.6396  14.0440   0.0000   0.0000   0.0000
    1501  -3.0390   3.5414  13.8431   0.0000   0.0000   0.0000
    1502  -2.9804   3.7983  13.3923   0.0000   0.0000   0.0000
    1503  -2.6597   3.1010  13.3991   0.0000   0.0000   0.0000
    1504  -3.4596   3.1099  13.7021   0.0000   0.0000   0.0000
    1505  -3.1738   3.4892  13.6208   0.0000   0.0000   0.0000
    1506  -3.3890   3.9659  12.7806   0.0000   0.0000   0.0000
    1507  -3.4120   3.5733  13.1877   0.0000   0.0000   0.0000
    1508  -2.8598   3.4163  13.4962   0.0000   0.0000   0.0000
    1509  -2.8033   3.7614  13.4990   0.0000   0.0000   0.0000
    1510  -2.7549   4.1847  13.3928   0.0000   0.0000   0.0000
    1511  -3.5168   4.3373  12.9560   0.0000   0.0000   0.0000
    1512  -2.6015   4.1221  12.7243   0.0000   0.0000   0.0000
    1513  -2.1176   4.2468  13.0296   0.0000   0.0000   0.0000
    1514  -2.7195   2.9453  13.6547   0.0000   0.0000   0.0000
    1515  -2.7817   2.8370  13.7908   0.0000   0.0000   0.0000
    1516  -3.6704   1.8317  14.1830   0.0000   0.0000   0.0000
    1517  -3.2077   2.2492  14.4058   0.0000   0.0000   0.0000
    1518  -3.4811   2.6249  13.9113   0.0000   0.0000   0.0000
    1519  -3.0760   2.6650  14.4651   0.0000   0.0000   0.0000
    1520  -3.4783   2.6864  14.2918   0.0000   0.0000   0.0000
    1521  -3.9567   2.9804  14.0148   0.0000   0.0000   0.0000
    1522  -3.6633   3.2347  14.5422   0.0000   0.0000   0.0000
    1523  -2.8035   2.5503  13.7651   0.0000   0.0000   0.0000
    1524  -3.1302   2.9553  13.4906   0.0000   0.0000   0.0000
    1525  -3.3661   3.8449  13.8612   0.0000   0.0000   0.0000
    1526  -3.3689   3.0211  13.5637   0.0000   0.0000   0.0000
    1527  -2.1415   3.0775  13.4322   0.0000   0.0000   0.0000
    1528  -2.5499   3.1573  13.4773   0.0000   0.0000   0.0000
    1529  -3.0875   2.7174  13.9497   0.0000   0.0000   0.0000
    1530  -3.6403   2.9990  13.4555   0.0000   0.0000   0.0000
    1531  -3.5430   3.7181  14.5508   0.0000   0.0000   0.0000
    1532  -3.4209   3.5029  13.9051   0.0000   0.0000   0.0000
    1533  -3.2224   3.1868  14.2619   0.0000   0.0000   0.0000
    1534  -3.5755   2.8743  13.5460   0.0000   0.0000   0.0000
    1535  -3.2432   3.1746  13.8037   0.0000   0.0000   0.0000
    1536  -2.5185   3.1858  13.6757   0.0000   0.0000   0.0000
    1537  -2.7064   2.7101  14.5295   0.0000   0.0000   0.0000
    1538  -2.0606   3.1711  13.5317   0.0000   0.0000   0.0000
    1539  -2.3838   2.7575  13.2771   0.0000   0.0000   0.0000
    1540  -2.0552   2.3575  13.8885   0.0000   0.0000   0.0000
    1541  -2.3884   2.9202  13.8831   0.0000   0.0000   0.0000
    1542  -2.0077   3.1709  14.4325   0.0000   0.0000   0.0000
    1543  -2.2434   2.9067  14.1547   0.0000   0.0000   0.0000
    1544  -1.7381   2.5307  14.1998   0.0000   0.0000   0.0000
    1545  -2.4706   3.1731  13.9371   0.0000   0.0000   0.0000
    1546  -2.1734   2.7788  13.5862   0.0000   0.0000   0.0000
    1547  -2.0303   2.9388  13.7332   0.0000   0.0000   0.0000
    1548  -2.0336   2.6095  13.8500   0.0000   0.0000   0.0000
    1549  -2.5835   3.1125  13.8601   0.0000   0.0000   0.0000
    1550  -2.4084   3.2995  14.0742   0.0000   0.0000   0.0000
    1551  -2.3159   3.0374  13.6060   0.0000   0.0000   0.0000
    1552  -2.0173   1.9075  14.4426   0.0000   0.0000   0.0000
    1553  -2.4406   2.3857  14.2065   0.0000   0.0000   0.0000
    1554  -2.1903   2.7914  15.1499   0.0000   0.0000   0.0000
    1555  -1.8366   2.4040  14.2971   0.0000   0.0000   0.0000
    1556  -2.5810   3.1606  14.1748   0.0000   0.0000   0.0000
    1557  -2.0342   2.3830  14.9666   0.0000   0.0000   0.0000
    1558  -2.7999   3.4804  14.4037   0.0000   0.0000   0.0000
    1559  -3.3810   3.4141  14.2466   0.0000   0.0000   0.0000
    1560  -2.6355   3.0157  13.9217   0.0000   0.0000   0.0000
    1561  -2.8724   3.5843  14.7788   0.0000   0.0000   0.0000
    1562  -2.7071   3.2706  14.2680   0.0000   0.0000   0.0000
    1563  -2.3702   3.7202  14.3037   0.0000   0.0000   0.0000
    1564  -2.3216   3.3187  13.9802   0.0000   0.0000   0.0000
    1565  -2.9066   3.8282  14.6013   0.0000   0.0000   0.0000
    1566  -1.9286   3.9292  14.3878   0.0000   0.0000   0.0000
    1567  -1.5770   4.5542  14.2896   0.0000   0.0000   0.0000
    1568  -3.3337   4.0903  14.3525   0.0000   0.0000   0.0000
    1569  -2.1376   4.0034  13.9718   0.0000   0.0000   0.0000
    1570  -3.0368   4.1640  14.5746   0.0000   0.0000   0.0000
    1571  -2.6743   4.2751  14.7007   0.0000   0.0000   0.0000
    1572  -3.1340   3.8673  14.2082   0.0000   0.0000   0.0000
    1573  -2.5009   4.3881  14.3863   0.0000   0.0000   0.0000
    1574  -2.8777   5.2537  13.2774   0.0000   0.0000   0.0000
    1575  -2.2252   3.7483  14.2081   0.0000   0.0000   0.0000
    1576  -2.1999   4.8316  13.4372   0.0000   0.0000   0.0000
    1577  -3.0872   4.2481  13.1611   0.0000   0.0000   0.0000
    1578  -2.7635   4.8539  12.5514   0.0000   0.0000   0.0000
    1579  -2.8200   3.6979  13.0800   0.0000   0.0000   0.0000
    1580  -2.5754   4.0780  13.1620   0.0000   0.0000   0.0000
    1581  -2.7283   3.4367  13.1218   0.0000   0.0000   0.0000
    1582  -2.9369   3.0080  13.8123   0.0000   0.0000   0.0000
    1583  -3.2301   2.9793  12.7486   0.0000   0.0000   0.0000
    1584  -2.4933   2.9802  13.7111   0.0000   0.0000   0.0000
    1585  -2.7334   2.7293  13.4842   0.0000   0.0000   0.0000
    1586  -3.2965   3.3815  12.7175   0.0000   0.0000   0.0000
    1587  -2.8902   3.8125  13.0391   0.0000   0.0000   0.0000
    1588  -2.6774   4.3322  13.1014   0.0000   0.0000   0.0000
    1589  -2.3883   3.7850  12.7724   0.0000   0.0000   0.0000
    1590  -3.2475   4.5311  12.1413   0.0000   0.0000   0.0000
    1591  -2.9285   3.8736  12.4464   0.0000   0.0000   0.0000
    1592  -3.1180   4.0942  12.0308   0.0000   0.0000   0.0000
    1593  -2.8466   3.3248  12.7949   0.0000   0.0000   0.0000
    1594  -2.0862   4.4954  13.1701   0.0000   0.0000   0.0000
    1595  -1.8080   3.0681  13.4567   0.0000   0.0000   0.0000
    1596  -1.6581   3.8835  13.8053   0.0000   0.0000   0.0000
    1597  -1.9165   3.5077  13.1410   0.0000   0.0000   0.0000
    1598  -2.4243   2.5910  12.9940   0.0000   0.0000   0.0000
    1599  -2.1080   1.6870  12.8304   0.0000   0.0000   0.0000
    1600  -3.0754   1.8266  13.6156   0.0000   0.0000   0.0000
    1601  -2.8241   2.5867  13.3599   0.0000   0.0000   0.0000
    1602  -2.6664   3.1580  13.0346   0.0000   0.0000   0.0000
    1603  -2.3148   3.0617  13.6215   0.0000   0.0000   0.0000
    1604  -1.7575   3.1898  13.2300   0.0000   0.0000   0.0000
    1605  -2.3377   3.7919  13.9681   0.0000   0.0000   0.0000
    1606  -2.8607   3.3077  14.6415   0.0000   0.0000   0.0000
    1607  -3.0153   3.5300  13.7910   0.0000   0.0000   0.0000
    1608  -2.7658   4.2473  13.2333   0.0000   0.0000   0.0000
    1609  -3.0096   3.5555  13.4490   0.0000   0.0000   0.0000
    1610  -3.4447   3.5449  13.5771   0.0000   0.0000   0.0000
    1611  -2.7167   3.3020  13.6806   0.0000   0.0000   0.0000
    1612  -3.1482   3.3952  13.9907   0.0000   0.0000   0.0000
    1613  -2.9425   3.4581  14.1304   0.0000   0.0000   0.0000
    1614  -3.0462   3.3208  13.6636   0.0000   0.0000   0.0000
    1615  -2.4939   2.9104  13.8086   0.0000   0.0000   0.0000
    1616  -2.4458   3.2987  13.8518   0.0000   0.0000   0.0000
    1617  -2.5890   2.8169  13.3540   0.0000   0.0000   0.0000
    1618  -2.5537   2.9298  13.1100   0.0000   0.0000   0.0000
    1619  -2.7751   3.5880  12.9196   0.0000   0.0000   0.0000
    1620  -3.5423   4.0767  13.1857   0.0000   0.0000   0.0000
    1621  -3.8960   3.7348  13.0801   0.0000   0.0000   0.0000
    1622  -3.3675   3.4842  13.3154   0.0000   0.0000   0.0000
    1623  -3.7222   4.1171  13.6158   0.0000   0.0000   0.0000
    1624  -4.5417   3.8806  12.7494   0.0000   0.0000   0.0000
    1625  -4.0892   3.6868  12.8700   0.0000   0.0000   0.0000
    1626  -4.0071   4.0677  13.0379   0.0000   0.0000   0.0000
    1627  -3.9220   3.6171  12.9946   0.0000   0.0000   0.0000
    1628  -3.8539   3.1469  13.0748   0.0000   0.0000   0.0000
    1629  -3.2265   3.6423  13.6729   0.0000   0.0000   0.0000
    1630  -3.4453   2.2505  13.1288   0.0000   0.0000   0.0000
    1631  -2.8123   2.2755  13.7827   0.0000   0.0000   0.0000
    1632  -3.1206   2.0805  13.6683   0.0000   0.0000   0.0000
    1633  -2.9482   2.4721  13.6734   0.0000   0.0000   0.0000
    1634  -2.9150   2.3343  13.7598   0.0000   0.0000   0.0000
    1635  -3.8495   2.2675  14.1298   0.0000   0.0000   0.0000
    1636  -4.0299   2.7323  14.3267   0.0000   0.0000   0.0000
    1637  -4.4183   2.6069  14.3357   0.0000   0.0000   0.0000
    1638  -4.2706   3.0474  13.8356   0.0000   0.0000   0.0000
    1639  -3.9533   3.3344  13.8977   0.0000   0.0000   0.0000
    1640  -4.1685   4.0694  14.6303   0.0000   0.0000   0.0000
    1641  -2.8096   3.3549  13.9595   0.0000   0.0000   0.0000
    1642  -4.0394   3.4010  14.3816   0.0000   0.0000   0.0000
    1643  -2.9904   3.6574  13.4627   0.0000   0.0000   0.0000
    1644  -4.0368   3.2706  13.4786   0.0000   0.0000   0.0000
    1645  -3.6519   2.9363  13.1507   0.0000   0.0000   0.0000
    1646  -3.9734   2.4851  13.3578   0.0000   0.0000   0.0000
    1647  -4.8971   2.9062  12.8875   0.0000   0.0000   0.0000
    1648  -3.7287   2.6236  13.6013   0.0000   0.0000   0.0000
    1649  -4.1344   2.6433  13.3079   0.0000   0.0000   0.0000
    1650  -4.0106   3.8942  13.9879   0.0000   0.0000   0.0000
    1651  -4.4621   3.1683  14.0010   0.0000   0.0000   0.0000
    1652  -3.6244   3.6839  13.8725   0.0000   0.0000   0.0000
    1653  -3.2986   3.9752  14.5762   0.0000   0.0000   0.0000
    1654  -3.4088   4.1690  14.2521   0.0000   0.0000   0.0000
    1655  -4.2744   4.1008  13.3429   0.0000   0.0000   0.0000
    1656  -3.5908   4.1719  13.5246   0.0000   0.0000   0.0000
    1657  -3.6128   3.9346  13.5939   0.0000   0.0000   0.0000
    1658  -4.2076   4.1293  13.6021   0.0000   0.0000   0.0000
    1659  -3.4508   3.2909  13.5706   0.0000   0.0000   0.0000
    1660  -2.9406   3.1853  13.0027   0.0000   0.0000   0.0000
    1661  -3.1278   3.5092  13.2386   0.0000   0.0000   0.0000
    1662  -2.9403   3.1613  12.7845   0.0000   0.0000   0.0000
    1663  -3.2992   3.4979  12.5273   0.0000   0.0000   0.0000
    1664  -3.0821   2.7998  13.3953   0.0000   0.0000   0.0000
    1665  -4.3578   2.8146  13.2209   0.0000   0.0000   0.0000
    1666  -3.4593   3.0639  12.6597   0.0000   0.0000   0.0000
    1667  -4.1060   3.3740  12.5129   0.0000   0.0000   0.0000
    1668  -4.2922   4.1203  12.3038   0.0000   0.0000   0.0000
    1669  -2.8867   3.4981  12.2195   0.0000   0.0000   0.0000
    1670  -3.6169   3.4311  12.0369   0.0000   0.0000   0.0000
    1671  -4.0581   3.7189  11.8984   0.0000   0.0000   0.0000
    1672  -3.6211   4.5257  11.8877   0.0000   0.0000   0.0000
    1673  -4.0410   4.4593  12.2692   0.0000   0.0000   0.0000
    1674  -4.0591   4.1918  12.1819   0.0000   0.0000   0.0000
    1675  -3.5745   4.5189  11.9027   0.0000   0.0000   0.0000
    1676  -3.6283   3.8447  12.0116   0.0000   0.0000   0.0000
    1677  -4.0129   4.3390  12.5398   0.0000   0.0000   0.0000
    1678  -3.7435   3.3079  13.1787   0.0000   0.0000   0.0000
    1679  -4.5390   4.8381  12.1540   0.0000   0.0000   0.0000
    1680  -4.0843   4.6478  12.0121   0.0000   0.0000   0.0000
    1681  -3.9833   4.3063  12.3489   0.0000   0.0000   0.0000
    1682  -5.1786   4.6674  11.9663   0.0000   0.0000   0.0000
    1683  -5.4594   4.5000  12.3056   0.0000   0.0000   0.0000
    1684  -4.3691   4.7664  12.5289   0.0000   0.0000   0.0000
    1685  -4.9552   4.2176  13.0531   0.0000   0.0000   0.0000
    1686  -4.1950   4.8311  12.7123   0.0000   0.0000   0.0000
    1687  -4.0012   4.5121  12.6252   0.0000   0.0000   0.0000
    1688  -4.2547   3.7503  12.9172   0.0000   0.0000   0.0000
    1689  -4.4025   3.2844  13.4029   0.0000   0.0000   0.0000
    1690  -3.8556   3.7220  12.9154   0.0000   0.0000   0.0000
    1691  -4.1501   3.4515  13.7584   0.0000   0.0000   0.0000
    1692  -4.3550   3.8757  12.9270   0.0000   0.0000   0.0000
    1693  -4.7334   3.4330  12.1624   0.0000   0.0000   0.0000
    1694  -5.1794   3.5704  13.1160   0.0000   0.0000   0.0000
    1695  -5.0383   3.5525  13.4513   0.0000   0.0000   0.0000
    1696  -5.6362   3.6491  12.9363   0.0000   0.0000   0.0000
    1697  -5.4480   3.6811  12.3232   0.0000   0.0000   0.0000
    1698  -5.6315   3.6755  12.9082   0.0000   0.0000   0.0000
    1699  -5.1050   3.5997  12.3806   0.0000   0.0000   0.0000
    1700  -4.3695   4.0325  12.4623   0.0000   0.0000   0.0000
    1701  -3.6582   2.8462  13.1889   0.0000   0.0000   0.0000
    1702  -4.2353   3.4113  12.9955   0.0000   0.0000   0.0000
    1703  -4.0281   3.3466  13.5925   0.0000   0.0000   0.0000
    1704  -2.9080   2.2431  13.6277   0.0000   0.0000   0.0000
    1705  -3.8913   2.1745  13.2247   0.0000   0.0000   0.0000
    1706  -3.4080   2.2795  13.2437   0.0000   0.0000   0.0000
    1707  -3.7827   1.8937  13.5714   0.0000   0.0000   0.0000
    1708  -4.4224   2.2268  13.5484   0.0000   0.0000   0.0000
    1709  -4.2544   2.2469  13.6353   0.0000   0.0000   0.0000
    1710  -4.0832   3.0522  13.3034   0.0000   0.0000   0.0000
    1711  -4.3649   4.0530  13.3227   0.0000   0.0000   0.0000
    1712  -4.9009   3.2343  13.2693   0.0000   0.0000   0.0000
    1713  -4.5667   3.7181  13.3851   0.0000   0.0000   0.0000
    1714  -4.3400   3.1552  13.3763   0.0000   0.0000   0.0000
    1715  -4.2102   4.5408  12.7422   0.0000   0.0000   0.0000
    1716  -4.4573   4.4749  12.8991   0.0000   0.0000   0.0000
    1717  -4.6964   3.9447  12.9293   0.0000   0.0000   0.0000
    1718  -3.7639   4.4497  12.5432   0.0000   0.0000   0.0000
    1719  -4.7632   4.3133  12.6279   0.0000   0.0000   0.0000
    1720  -4.8005   4.1879  12.5935   0.0000   0.0000   0.0000
    1721  -4.0453   5.2480  12.2238   0.0000   0.0000   0.0000
    1722  -4.8996   4.3859  12.1870   0.0000   0.0000   0.0000
    1723  -4.3307   3.7080  12.5269   0.0000   0.0000   0.0000
    1724  -3.6749   4.5193  11.6313   0.0000   0.0000   0.0000
    1725  -4.0487   4.7528  11.7207   0.0000   0.0000   0.0000
    1726  -4.9407   4.1550  11.6416   0.0000   0.0000   0.0000
    1727  -4.0280   4.4120  11.8657   0.0000   0.0000   0.0000
    1728  -3.8217   5.1933  12.1621   0.0000   0.0000   0.0000
    1729  -3.5707   3.9729  11.9382   0.0000   0.0000   0.0000
    1730  -3.9282   3.9369  11.2175   0.0000   0.0000   0.0000
    1731  -3.8095   4.1137  12.0944   0.0000   0.0000   0.0000
    1732  -4.5066   4.4734  11.6548   0.0000   0.0000   0.0000
    1733  -3.5312   4.1127  12.0452   0.0000   0.0000   0.0000
    1734  -3.8660   3.9118  11.9377   0.0000   0.0000   0.0000
    1735  -4.5454   3.6171  12.0157   0.0000   0.0000   0.0000
    1736  -5.6126   3.4901  11.8045   0.0000   0.0000   0.0000
    1737  -4.8955   3.1690  12.2908   0.0000   0.0000   0.0000
    1738  -4.5330   3.7536  12.2406   0.0000   0.0000   0.0000
    1739  -4.4400   3.3317  12.0640   0.0000   0.0000   0.0000
    1740  -3.9072   3.5268  12.7682   0.0000   0.0000   0.0000
    1741  -3.8383   3.1117  13.2067   0.0000   0.0000   0.0000
    1742  -4.6261   3.5442  12.2526   0.0000   0.0000   0.0000
    1743  -3.7676   3.1497  12.7781   0.0000   0.0000   0.0000
    1744  -4.2932   3.2259  12.9593   0.0000   0.0000   0.0000
    1745  -4.2370   3.8802  13.2120   0.0000   0.0000   0.0000
    1746  -4.1127   2.8532  13.5144   0.0000   0.0000   0.0000
    1747  -4.4016   4.2069  13.5317   0.0000   0.0000   0.0000
    1748  -3.9944   3.0436  13.1624   0.0000   0.0000   0.0000
    1749  -3.7085   3.5461  13.4378   0.0000   0.0000   0.0000
    1750  -3.3972   3.0625  13.4437   0.0000   0.0000   0.0000
    1751  -3.8298   3.6448  12.6435   0.0000   0.0000   0.0000
    1752  -2.9577   2.8707  12.9185   0.0000   0.0000   0.0000
    1753  -2.7166   2.5244  13.6583   0.0000   0.0000   0.0000
    1754  -3.9950   2.6918  13.2058   0.0000   0.0000   0.0000
    1755  -3.8646   3.1119  13.6181   0.0000   0.0000   0.0000
    1756  -5.2115   3.3725  13.6250   0.0000   0.0000   0.0000
    1757  -5.2209   3.1384  13.6466   0.0000   0.0000   0.0000
    1758  -4.5475   3.0840  13.3869   0.0000   0.0000   0.0000
    1759  -4.3331   2.4334  13.4959   0.0000   0.0000   0.0000
    1760  -4.1702   2.4712  13.4122   0.0000   0.0000   0.0000
    1761  -4.4456   2.3802  13.7193   0.0000   0.0000   0.0000
    1762  -3.6383   2.3408  13.4553   0.0000   0.0000   0.0000
    1763  -3.9596   3.0059  13.4479   0.0000   0.0000   0.0000
    1764  -5.0513   3.2316  13.9055   0.0000   0.0000   0.0000
    1765  -5.4720   3.3449  13.5074   0.0000   0.0000   0.0000
    1766  -5.4108   3.3040  14.1046   0.0000   0.0000   0.0000
    1767  -3.7832   2.8293  13.9522   0.0000   0.0000   0.0000
    1768  -3.7499   3.1779  13.1808   0.0000   0.0000   0.0000
    1769  -4.4549   3.5217  13.1914   0.0000   0.0000   0.0000
    1770  -4.6015   3.1966  12.8026   0.0000   0.0000   0.0000
    1771  -5.4421   2.8472  13.1986   0.0000   0.0000   0.0000
    1772  -4.8486   3.1371  12.8990   0.0000   0.0000   0.0000
    1773  -4.8152   2.5414  12.7240   0.0000   0.0000   0.0000
    1774  -4.5711   3.4914  12.6701   0.0000   0.0000   0.0000
    1775  -5.1982   2.8409  13.0793   0.0000   0.0000   0.0000
    1776  -3.7665   3.4957  12.8505   0.0000   0.0000   0.0000
    1777  -4.0209   3.0007  12.4238   0.0000   0.0000   0.0000
    1778  -5.1346   2.9780  12.2319   0.0000   0.0000   0.0000
    1779  -4.2200   3.5484  12.6178   0.0000   0.0000   0.0000
    1780  -4.1176   3.3250  12.1833   0.0000   0.0000   0.0000
    1781  -4.6791   3.2222  12.3094   0.0000   0.0000   0.0000
    1782  -5.4535   3.5456  12.0564   0.0000   0.0000   0.0000
    1783  -5.9606   3.0435  12.0663   0.0000   0.0000   0.0000
    1784  -5.9188   3.1546  12.0284   0.0000   0.0000   0.0000
    1785  -5.4854   3.9372  12.4567   0.0000   0.0000   0.0000
    1786  -4.9067   2.9611  11.9010   0.0000   0.0000   0.0000
    1787  -4.9335   3.8237  11.7196   0.0000   0.0000   0.0000
    1788  -5.0450   2.8866  12.0597   0.0000   0.0000   0.0000
    1789  -4.7811   3.5425  11.6717   0.0000   0.0000   0.0000
    1790  -5.3313   3.1059  11.8052   0.0000   0.0000   0.0000
    1791  -3.9997   2.9151  12.0471   0.0000   0.0000   0.0000
    1792  -4.0160   3.2769  11.8474   0.0000   0.0000   0.0000
    1793  -3.5398   3.2154  11.6881   0.0000   0.0000   0.0000
    1794  -3.4654   2.3503  11.9761   0.0000   0.0000   0.0000
    1795  -3.1919   2.5105  13.1625   0.0000   0.0000   0.0000
    1796  -4.2423   2.4544  12.9972   0.0000   0.0000   0.0000
    1797  -4.7986   2.9087  12.4333   0.0000   0.0000   0.0000
    1798  -4.0395   1.8976  12.0042   0.0000   0.0000   0.0000
    1799  -4.6514   2.8755  12.2037   0.0000   0.0000   0.0000
    1800  -3.9326   2.4187  12.7177   0.0000   0.0000   0.0000
    1801  -3.8955   3.1003  11.8429   0.0000   0.0000   0.0000
    1802  -4.1855   2.6667  12.1029   0.0000   0.0000   0.0000
    1803  -4.5858   2.4472  12.5890   0.0000   0.0000   0.0000
    1804  -4.0597   2.2994  13.3313   0.0000   0.0000   0.0000
    1805  -4.0648   2.1782  13.1247   0.0000   0.0000   0.0000
    1806  -3.4428   2.2736  13.4623   0.0000   0.0000   0.0000
    1807  -3.7566   2.8852  13.6425   0.0000   0.0000   0.0000
    1808  -3.9685   2.8306  13.9169   0.0000   0.0000   0.0000
    1809  -3.4934   2.5336  13.5649   0.0000   0.0000   0.0000
    1810  -3.0877   2.7112  13.3696   0.0000   0.0000   0.0000
    1811  -3.2137   3.0289  13.2968   0.0000   0.0000   0.0000
    1812  -3.4627   3.0365  13.1591   0.0000   0.0000   0.0000
    1813  -2.9314   3.0446  13.5271   0.0000   0.0000   0.0000
    1814  -4.2772   2.3312  13.2948   0.0000   0.0000   0.0000
    1815  -2.9048   1.7021  14.1251   0.0000   0.0000   0.0000
    1816  -3.4179   1.9708  14.4978   0.0000   0.0000   0.0000
    1817  -3.9392   2.2498  14.8545   0.0000   0.0000   0.0000
    1818  -4.2788   2.2007  14.5987   0.0000   0.0000   0.0000
    1819  -3.5745   2.2977  14.6009   0.0000   0.0000   0.0000
    1820  -3.7011   2.5456  14.2915   0.0000   0.0000   0.0000
    1821  -4.7793   2.7992  12.7251   0.0000   0.0000   0.0000
    1822  -3.7622   2.1774  13.2845   0.0000   0.0000   0.0000
    1823  -2.8122   2.7255  13.1112   0.0000   0.0000   0.0000
    1824  -3.5464   2.4044  13.8152   0.0000   0.0000   0.0000
    1825  -3.7820   2.5126  13.6455   0.0000   0.0000   0.0000
    1826  -3.6027   3.0275  13.8316   0.0000   0.0000   0.0000
    1827  -4.6407   2.2121  13.6856   0.0000   0.0000   0.0000
    1828  -4.0811   2.9934  13.6672   0.0000   0.0000   0.0000
    1829  -4.1858   2.7592  13.1514   0.0000   0.0000   0.0000
    1830  -3.8699   2.5619  14.2195   0.0000   0.0000   0.0000
    1831  -3.6986   3.0169  13.5402   0.0000   0.0000   0.0000
    1832  -3.2745   2.1966  14.0048   0.0000   0.0000   0.0000
    1833  -2.8871   2.8328  14.1371   0.0000   0.0000   0.0000
    1834  -3.7458   3.2568  14.7265   0.0000   0.0000   0.0000
    1835  -4.1468   3.4246  14.2528   0.0000   0.0000   0.0000
    1836  -3.0881   2.5068  15.0271   0.0000   0.0000   0.0000
    1837  -3.6421   3.6290  14.0264   0.0000   0.0000   0.0000
    1838  -3.5059   3.4527  13.7842   0.0000   0.0000   0.0000
    1839  -4.3176   4.1633  13.7214   0.0000   0.0000   0.0000
    1840  -3.6933   4.0052  13.2505   0.0000   0.0000   0.0000
    1841  -3.8780   3.9692  13.9434   0.0000   0.0000   0.0000
    1842  -4.3266   3.6845  13.4725   0.0000   0.0000   0.0000
    1843  -3.6288   3.6727  13.9000   0.0000   0.0000   0.0000
    1844  -4.1114   3.0428  13.1844   0.0000   0.0000   0.0000
    1845  -3.4941   3.6532  12.6723   0.0000   0.0000   0.0000
    1846  -3.6531   3.6260  13.0656   0.0000   0.0000   0.0000
    1847  -3.6086   3.1463  12.9122   0.0000   0.0000   0.0000
    1848  -3.0633   2.7181  12.8526   0.0000   0.0000   0.0000
    1849  -3.3914   3.3667  12.7180   0.0000   0.0000   0.0000
    1850  -3.8514   2.8443  12.6908   0.0000   0.0000   0.0000
    1851  -3.9503   2.9143  12.6260   0.0000   0.0000   0.0000
    1852  -2.7920   2.3792  12.6849   0.0000   0.0000   0.0000
    1853  -3.4070   2.6293  12.9967   0.0000   0.0000   0.0000
    1854  -3.2059   3.3507  11.9819   0.0000   0.0000   0.0000
    1855  -2.9020   2.9699  11.9873   0.0000   0.0000   0.0000
    1856  -3.1237   3.6151  12.0726   0.0000   0.0000   0.0000
    1857  -2.9295   2.8284  12.4542   0.0000   0.0000   0.0000
    1858  -3.0003   2.6970  12.0535   0.0000   0.0000   0.0000
    1859  -2.9776   1.6156  13.6616   0.0000   0.0000   0.0000
    1860  -2.6565   2.3111  13.5205   0.0000   0.0000   0.0000
    1861  -2.5995   2.5449  13.4229   0.0000   0.0000   0.0000
    1862  -2.3472   2.0403  14.0479   0.0000   0.0000   0.0000
    1863  -1.9126   2.2973  13.9877   0.0000   0.0000   0.0000
    1864  -1.4732   2.9042  14.4584   0.0000   0.0000   0.0000
    1865  -2.3597   2.5021  13.9975   0.0000   0.0000   0.0000
    1866  -2.5288   2.7079  13.8536   0.0000   0.0000   0.0000
    1867  -2.9356   2.3119  14.2986   0.0000   0.0000   0.0000
    1868  -3.1402   2.3272  13.6586   0.0000   0.0000   0.0000
    1869  -3.3636   2.1380  13.2345   0.0000   0.0000   0.0000
    1870  -3.0653   1.6471  13.7395   0.0000   0.0000   0.0000
    1871  -3.2946   3.0139  12.6783   0.0000   0.0000   0.0000
    1872  -1.9974   2.9966  12.9550   0.0000   0.0000   0.0000
    1873  -3.1463   2.4641  13.6929   0.0000   0.0000   0.0000
    1874  -2.9685   2.7325  13.1088   0.0000   0.0000   0.0000
    1875  -2.0839   2.8993  13.3759   0.0000   0.0000   0.0000
    1876  -2.9139   2.6697  13.0644   0.0000   0.0000   0.0000
    1877  -2.6368   3.0497  13.6311   0.0000   0.0000   0.0000
    1878  -2.5061   2.0482  13.5199   0.0000   0.0000   0.0000
    1879  -2.4230   3.1794  13.6141   0.0000   0.0000   0.0000
    1880  -3.7181   3.7779  13.4454   0.0000   0.0000   0.0000
    1881  -3.4891   2.9979  14.0680   0.0000   0.0000   0.0000
    1882  -3.6789   2.6990  13.8859   0.0000   0.0000   0.0000
    1883  -3.5387   2.5143  13.9083   0.0000   0.0000   0.0000
    1884  -2.9371   3.2540  13.8818   0.0000   0.0000   0.0000
    1885  -3.7590   2.7436  14.7781   0.0000   0.0000   0.0000
    1886  -4.0512   2.7152  13.2927   0.0000   0.0000   0.0000
    1887  -3.5672   2.8601  13.4039   0.0000   0.0000   0.0000
    1888  -4.2379   2.7538  13.6105   0.0000   0.0000   0.0000
    1889  -4.2690   3.7454  13.5930   0.0000   0.0000   0.0000
    1890  -4.2636   2.8650  12.9554   0.0000   0.0000   0.0000
    1891  -3.5342   3.4788  13.5793   0.0000   0.0000   0.0000
    1892  -3.3756   3.5674  13.1678   0.0000   0.0000   0.0000
    1893  -3.8433   2.7198  13.4348   0.0000   0.0000   0.0000
    1894  -3.2371   2.8360  13.3976   0.0000   0.0000   0.0000
    1895  -3.0703   3.0732  13.7755   0.0000   0.0000   0.0000
    1896  -3.2669   2.9546  12.7178   0.0000   0.0000   0.0000
    1897  -3.8042   3.1481  13.8843   0.0000   0.0000   0.0000
    1898  -3.6340   2.7635  13.8050   0.0000   0.0000   0.0000
    1899  -3.7665   2.6979  14.4720   0.0000   0.0000   0.0000
    1900  -4.3119   2.8335  14.2569   0.0000   0.0000   0.0000
    1901  -3.7772   2.6371  13.8736   0.0000   0.0000   0.0000
    1902  -3.6309   4.0064  13.8703   0.0000   0.0000   0.0000
    1903  -3.9333   4.6314  13.3243   0.0000   0.0000   0.0000
    1904  -4.0159   4.2003  13.7716   0.0000   0.0000   0.0000
    1905  -4.7052   4.1721  13.3031   0.0000   0.0000   0.0000
    1906  -4.9258   4.3182  13.2601   0.0000   0.0000   0.0000
    1907  -4.1893   3.7255  13.4546   0.0000   0.0000   0.0000
    1908  -4.5707   4.4293  13.4513   0.0000   0.0000   0.0000
    1909  -4.1230   3.6954  13.5725   0.0000   0.0000   0.0000
    1910  -5.2504   4.2117  13.2552   0.0000   0.0000   0.0000
    1911  -4.6639   3.9785  13.1168   0.0000   0.0000   0.0000
    1912  -4.6056   3.6582  12.5281   0.0000   0.0000   0.0000
    1913  -3.9763   4.1517  12.5957   0.0000   0.0000   0.0000
    1914  -3.3071   4.3513  13.2545   0.0000   0.0000   0.0000
    1915  -3.7980   3.3313  12.1512   0.0000   0.0000   0.0000
    1916  -3.0907   3.0523  13.2903   0.0000   0.0000   0.0000
    1917  -3.8994   3.7957  13.0098   0.0000   0.0000   0.0000
    1918  -3.2831   3.6210  13.6878   0.0000   0.0000   0.0000
    1919  -3.0662   3.4486  13.1395   0.0000   0.0000   0.0000
    1920  -3.1843   3.8228  13.1305   0.0000   0.0000   0.0000
    1921  -3.1003   3.4875  12.7376   0.0000   0.0000   0.0000
    1922  -3.8126   3.6376  12.4566   0.0000   0.0000   0.0000
    1923  -2.8891   3.0842  13.5345   0.0000   0.0000   0.0000
    1924  -3.6912   4.1818  12.7917   0.0000   0.0000   0.0000
    1925  -3.3639   4.1757  12.4222   0.0000   0.0000   0.0000
    1926  -3.3329   3.6616  12.1605   0.0000   0.0000   0.0000
    1927  -2.3692   4.8036  11.9751   0.0000   0.0000   0.0000
    1928  -3.2504   3.7621  11.8638   0.0000   0.0000   0.0000
    1929  -2.7371   3.9110  11.7252   0.0000   0.0000   0.0000
    1930  -2.8584   4.0309  12.6951   0.0000   0.0000   0.0000
    1931  -2.7610   4.6225  13.2826   0.0000   0.0000   0.0000
    1932  -2.3929   4.0892  13.6463   0.0000   0.0000   0.0000
    1933  -2.2501   3.6674  12.7247   0.0000   0.0000   0.0000
    1934  -3.1945   3.8089  12.6166   0.0000   0.0000   0.0000
    1935  -2.8753   4.6538  12.9853   0.0000   0.0000   0.0000
    1936  -2.3275   4.7999  14.1351   0.0000   0.0000   0.0000
    1937  -2.5147   4.0372  12.7878   0.0000   0.0000   0.0000
    1938  -3.4688   3.8162  12.5859   0.0000   0.0000   0.0000
    1939  -4.3621   2.8207  12.7944   0.0000   0.0000   0.0000
    1940  -3.1271   3.5596  14.3628   0.0000   0.0000   0.0000
    1941  -3.9504   3.0430  13.7066   0.0000   0.0000   0.0000
    1942  -2.8137   4.2796  12.8399   0.0000   0.0000   0.0000
    1943  -3.6521   3.5479  11.9880   0.0000   0.0000   0.0000
    1944  -3.1432   3.7221  11.9126   0.0000   0.0000   0.0000
    1945  -3.2818   3.2310  11.2538   0.0000   0.0000   0.0000
    1946  -2.7104   2.8342  11.8086   0.0000   0.0000   0.0000
    1947  -2.7173   3.1823  11.8577   0.0000   0.0000   0.0000
    1948  -2.9169   2.9874  12.1679   0.0000   0.0000   0.0000
    1949  -3.1115   2.2699  12.3462   0.0000   0.0000   0.0000
    1950  -2.3941   1.4945  12.5256   0.0000   0.0000   0.0000
    1951  -3.4640   2.4951  12.2506   0.0000   0.0000   0.0000
    1952  -2.8538   2.7952  12.2473   0.0000   0.0000   0.0000
    1953  -3.1174   2.3097  11.7614   0.0000   0.0000   0.0000
    1954  -3.4489   2.7976  12.1297   0.0000   0.0000   0.0000
    1955  -3.3035   2.4818  11.0195   0.0000   0.0000   0.0000
    1956  -2.7929   2.4869  10.5557   0.0000   0.0000   0.0000
    1957  -2.8484   2.7711  10.8379   0.0000   0.0000   0.0000
    1958  -2.4648   2.4429  11.0520   0.0000   0.0000   0.0000
    1959  -3.0278   2.4152  10.9984   0.0000   0.0000   0.0000
    1960  -3.5517   2.2822  11.0459   0.0000   0.0000   0.0000
    1961  -3.0443   2.0466  11.7549   0.0000   0.0000   0.0000
    1962  -3.2237   2.3328  11.6314   0.0000   0.0000   0.0000
    1963  -2.9781   2.2224  10.8646   0.0000   0.0000   0.0000
    1964  -3.3577   3.7596  11.3758   0.0000   0.0000   0.0000
    1965  -3.3685   3.2204  11.7786   0.0000   0.0000   0.0000
    1966  -3.1195   4.5119  11.9070   0.0000   0.0000   0.0000
    1967  -3.1250   3.7860  11.2479   0.0000   0.0000   0.0000
    1968  -3.5172   3.8244  11.7031   0.0000   0.0000   0.0000
    1969  -2.8424   3.6281  12.0245   0.0000   0.0000   0.0000
    1970  -3.9909   3.4329  11.8695   0.0000   0.0000   0.0000
    1971  -4.0722   4.0445  12.1165   0.0000   0.0000   0.0000
    1972  -3.3928   4.2138  12.6384   0.0000   0.0000   0.0000
    1973  -3.2238   4.2128  12.7118   0.0000   0.0000   0.0000
    1974  -3.3949   3.1426  12.5085   0.0000   0.0000   0.0000
    1975  -3.4233   2.8474  12.8761   0.0000   0.0000   0.0000
    1976  -3.0243   2.5144  13.4101   0.0000   0.0000   0.0000
    1977  -3.5779   2.7917  13.1347   0.0000   0.0000   0.0000
    1978  -3.2116   4.3341  12.4647   0.0000   0.0000   0.0000
    1979  -3.9067   3.4209  13.0831   0.0000   0.0000   0.0000
    1980  -3.9239   2.5461  13.8292   0.0000   0.0000   0.0000
    1981  -3.9019   3.7060  12.6752   0.0000   0.0000   0.0000
    1982  -3.1360   4.2898  13.5411   0.0000   0.0000   0.0000
    1983  -2.9806   4.2187  13.1037   0.0000   0.0000   0.0000
    1984  -3.1204   4.1683  13.0020   0.0000   0.0000   0.0000
    1985  -2.8912   4.0328  13.5008   0.0000   0.0000   0.0000
    1986  -3.2684   4.1023  13.1938   0.0000   0.0000   0.0000
    1987  -3.4668   4.2099  13.5905   0.0000   0.0000   0.0000
    1988  -3.6841   4.3563  13.6643   0.0000   0.0000   0.0000
    1989  -4.0534   4.4494  14.4975   0.0000   0.0000   0.0000
    1990  -3.0597   3.9536  14.3063   0.0000   0.0000   0.0000
    1991  -3.4138   4.9833  13.6792   0.0000   0.0000   0.0000
    1992  -3.6263   4.6663  14.2159   0.0000   0.0000   0.0000
    1993  -3.0216   5.2876  13.7037   0.0000   0.0000   0.0000
    1994  -3.3216   4.6736  13.6416   0.0000   0.0000   0.0000
    1995  -3.6461   5.2087  13.9595   0.0000   0.0000   0.0000
    1996  -3.6075   4.4245  14.4794   0.0000   0.0000   0.0000
    1997  -3.7171   4.8070  13.9184   0.0000   0.0000   0.0000
    1998  -3.3605   4.3194  14.1019   0.0000   0.0000   0.0000
    1999  -3.0317   3.6833  14.6870   0.0000   0.0000   0.0000
    2000  -3.9681   4.2642  13.7747   0.0000   0.0000   0.0000
    2001  -4.3075   4.2171  14.1030   0.0000   0.0000   0.0000
    2002  -3.7140   4.6561  13.7717   0.0000   0.0000   0.0000
    2003  -3.2910   3.4328  15.0470   0.0000   0.0000   0.0000
    2004  -3.0572   5.6967  14.4585   0.0000   0.0000   0.0000
    2005  -2.6126   4.9528  15.5047   0.0000   0.0000   0.0000
    2006  -3.0801   5.1632  15.9559   0.0000   0.0000   0.0000
    2007  -3.1163   5.3628  15.3171   0.0000   0.0000   0.0000
    2008  -3.7118   5.0582  14.2551   0.0000   0.0000   0.0000
    2009  -3.2943   5.5202  14.1362   0.0000   0.0000   0.0000
    2010  -3.9418   4.8861  14.4092   0.0000   0.0000   0.0000
    2011  -3.1150   5.1739  13.7239   0.0000   0.0000   0.0000
    2012  -3.8794   4.5124  13.7634   0.0000   0.0000   0.0000
    2013  -4.7777   4.8926  13.7850   0.0000   0.0000   0.0000
    2014  -3.9557   4.2235  13.7763   0.0000   0.0000   0.0000
    2015  -3.7813   4.2224  13.5938   0.0000   0.0000   0.0000
    2016  -4.3152   3.8137  13.4429   0.0000   0.0000   0.0000
    2017  -4.3007   4.6890  13.2979   0.0000   0.0000   0.0000
    2018  -4.7543   4.9364  13.2832   0.0000   0.0000   0.0000
    2019  -4.5798   5.0088  14.1788   0.0000   0.0000   0.0000
    2020  -3.9879   4.2959  13.7976   0.0000   0.0000   0.0000
    2021  -3.5221   4.3452  15.4347   0.0000   0.0000   0.0000
    2022  -4.4978   4.5654  15.0608   0.0000   0.0000   0.0000
    2023  -3.5619   4.6320  14.8641   0.0000   0.0000   0.0000
    2024  -2.8650   5.2205  14.4575   0.0000   0.0000   0.0000
    2025  -3.7632   5.6996  14.0541   0.0000   0.0000   0.0000
    2026  -3.3620   5.6725  14.4083   0.0000   0.0000   0.0000
    2027  -4.2911   6.1616  14.4378   0.0000   0.0000   0.0000
    2028  -4.0041   5.1581  13.4463   0.0000   0.0000   0.0000
    2029  -3.6638   5.0251  14.2271   0.0000   0.0000   0.0000
    2030  -3.9153   5.5668  13.6804   0.0000   0.0000   0.0000
    2031  -3.3396   5.5819  13.9395   0.0000   0.0000   0.0000
    2032  -3.8107   5.8019  13.7666   0.0000   0.0000   0.0000
    2033  -4.0077   5.7898  13.5954   0.0000   0.0000   0.0000
    2034  -3.7678   6.2424  13.6761   0.0000   0.0000   0.0000
    2035  -3.6978   4.8848  13.0319   0.0000   0.0000   0.0000
    2036  -3.5257   5.4908  12.7149   0.0000   0.0000   0.0000
    2037  -4.4824   6.1851  13.0988   0.0000   0.0000   0.0000
    2038  -4.3068   5.7881  12.8748   0.0000   0.0000   0.0000
    2039  -4.1367   5.8860  13.0818   0.0000   0.0000   0.0000
    2040  -4.5547   5.4493  13.3819   0.0000   0.0000   0.0000
    2041  -4.0394   5.2862  13.6352   0.0000   0.0000   0.0000
    2042  -3.2369   5.3892  14.0469   0.0000   0.0000   0.0000
    2043  -2.6444   5.2280  14.3839   0.0000   0.0000   0.0000
    2044  -2.7859   4.7144  14.0576   0.0000   0.0000   0.0000
    2045  -2.8305   4.5481  14.1779   0.0000   0.0000   0.0000
    2046  -2.9313   4.2470  14.0750   0.0000   0.0000   0.0000
    2047  -3.8891   4.5140  14.0342   0.0000   0.0000   0.0000
    2048  -3.4200   4.8942  14.7339   0.0000   0.0000   0.0000
    2049  -3.4123   4.9426  14.0541   0.0000   0.0000   0.0000
    2050  -3.2640   6.2130  13.5985   0.0000   0.0000   0.0000
    2051  -3.5916   5.4829  13.5395   0.0000   0.0000   0.0000
    2052  -2.4979   5.3661  13.6206   0.0000   0.0000   0.0000
    2053  -2.8776   5.9125  13.2730   0.0000   0.0000   0.0000
    2054  -3.5674   5.1899  13.9749   0.0000   0.0000   0.0000
    2055  -3.3073   4.4206  14.4695   0.0000   0.0000   0.0000
    2056  -3.5508   5.5092  14.6334   0.0000   0.0000   0.0000
    2057  -3.3189   6.0189  14.3897   0.0000   0.0000   0.0000
    2058  -3.0169   5.4842  14.8429   0.0000   0.0000   0.0000
    2059  -3.0117   5.9229  14.4271   0.0000   0.0000   0.0000
    2060  -2.6590   5.3660  14.2225   0.0000   0.0000   0.0000
    2061  -3.3663   5.0709  14.9587   0.0000   0.0000   0.0000
    2062  -3.5332   4.8848  14.3167   0.0000   0.0000   0.0000
    2063  -2.3388   5.6949  13.6873   0.0000   0.0000   0.0000
    2064  -3.9094   5.8709  13.8450   0.0000   0.0000   0.0000
    2065  -3.6769   5.6247  14.1370   0.0000   0.0000   0.0000
    2066  -3.7604   6.5034  13.6725   0.0000   0.0000   0.0000
    2067  -3.7810   5.8819  14.3272   0.0000   0.0000   0.0000
    2068  -4.0698   6.3216  15.0192   0.0000   0.0000   0.0000
    2069  -2.6484   5.6007  15.0065   0.0000   0.0000   0.0000
    2070  -3.6628   4.9604  16.2743   0.0000   0.0000   0.0000
    2071  -3.2614   4.7029  15.9911   0.0000   0.0000   0.0000
    2072  -3.8509   5.6710  15.1362   0.0000   0.0000   0.0000
    2073  -3.4589   5.3279  14.7124   0.0000   0.0000   0.0000
    2074  -3.7561   6.1839  14.8202   0.0000   0.0000   0.0000
    2075  -3.9499   6.5002  14.7960   0.0000   0.0000   0.0000
    2076  -3.5330   6.4308  15.9144   0.0000   0.0000   0.0000
    2077  -3.9204   5.7797  15.1714   0.0000   0.0000   0.0000
    2078  -3.9885   6.5510  15.5463   0.0000   0.0000   0.0000
    2079  -3.9384   6.8609  14.8899   0.0000   0.0000   0.0000
    2080  -3.2770   6.4663  16.0206   0.0000   0.0000   0.0000
    2081  -3.7146   6.8800  14.8414   0.0000   0.0000   0.0000
    2082  -3.2307   6.4727  14.7956   0.0000   0.0000   0.0000
    2083  -3.1466   7.2206  14.9189   0.0000   0.0000   0.0000
    2084  -3.3501   5.6606  14.5546   0.0000   0.0000   0.0000
    2085  -3.1282   6.5653  14.5770   0.0000   0.0000   0.0000
    2086  -3.5491   6.6519  15.1161   0.0000   0.0000   0.0000
    2087  -2.8673   5.9373  15.1745   0.0000   0.0000   0.0000
    2088  -3.5020   6.2548  15.0536   0.0000   0.0000   0.0000
    2089  -3.3440   6.1079  14.8557   0.0000   0.0000   0.0000
    2090  -3.2595   6.4724  14.5470   0.0000   0.0000   0.0000
    2091  -2.9733   5.9325  15.1163   0.0000   0.0000   0.0000
    2092  -3.3279   5.6208  14.5020   0.0000   0.0000   0.0000
    2093  -3.2458   6.2451  15.7408   0.0000   0.0000   0.0000
    2094  -3.3820   4.7234  15.4435   0.0000   0.0000   0.0000
    2095  -3.0211   5.1214  15.4302   0.0000   0.0000   0.0000
    2096  -3.4441   5.1747  15.4960   0.0000   0.0000   0.0000
    2097  -3.4486   5.6436  14.8850   0.0000   0.0000   0.0000
    2098  -3.3656   5.6085  15.1627   0.0000   0.0000   0.0000
    2099  -3.5252   5.4745  14.9504   0.0000   0.0000   0.0000
    2100  -3.0196   5.2828  14.8936   0.0000   0.0000   0.0000
    2101  -3.3931   5.6150  14.8195   0.0000   0.0000   0.0000
    2102  -3.0240   5.9026  14.9503   0.0000   0.0000   0.0000
    2103  -2.7157   5.8706  14.6427   0.0000   0.0000   0.0000
    2104  -3.0822   5.9489  14.2642   0.0000   0.0000   0.0000
    2105  -3.0223   6.2827  13.6331   0.0000   0.0000   0.0000
    2106  -3.3407   5.5470  14.5994   0.0000   0.0000   0.0000
    2107  -3.6212   6.8724  13.9844   0.0000   0.0000   0.0000
    2108  -3.9639   6.3150  14.1944   0.0000   0.0000   0.0000
    2109  -3.6233   6.1799  14.2115   0.0000   0.0000   0.0000
    2110  -4.0058   5.8841  14.0231   0.0000   0.0000   0.0000
    2111  -4.6245   5.9661  14.5080   0.0000   0.0000   0.0000
    2112  -3.7892   6.3430  14.4768   0.0000   0.0000   0.0000
    2113  -3.8666   5.9304  14.2834   0.0000   0.0000   0.0000
    2114  -3.7221   5.9321  14.1901   0.0000   0.0000   0.0000
    2115  -3.0116   6.5033  14.8941   0.0000   0.0000   0.0000
    2116  -4.3284   6.3608  15.0954   0.0000   0.0000   0.0000
    2117  -3.6854   5.6906  15.1608   0.0000   0.0000   0.0000
    2118  -4.4942   5.7109  15.0666   0.0000   0.0000   0.0000
    2119  -4.2187   5.4153  13.9543   0.0000   0.0000   0.0000
    2120  -3.7671   6.0059  14.9534   0.0000   0.0000   0.0000
    2121  -3.9627   5.4838  15.1121   0.0000   0.0000   0.0000
    2122  -3.6492   5.6216  15.1464   0.0000   0.0000   0.0000
    2123  -3.8091   5.7368  14.7604   0.0000   0.0000   0.0000
    2124  -3.6719   5.0977  15.6447   0.0000   0.0000   0.0000
    2125  -3.3223   5.7704  15.3107   0.0000   0.0000   0.0000
    2126  -3.4282   6.4063  14.1515   0.0000   0.0000   0.0000
    2127  -3.2345   5.6213  14.6986   0.0000   0.0000   0.0000
    2128  -3.7125   6.2283  14.3970   0.0000   0.0000   0.0000
    2129  -3.4420   5.8189  14.8145   0.0000   0.0000   0.0000
    2130  -3.7402   5.1520  14.6360   0.0000   0.0000   0.0000
    2131  -3.6415   5.2014  15.1167   0.0000   0.0000   0.0000
    2132  -3.9981   5.9237  14.6242   0.0000   0.0000   0.0000
    2133  -3.8606   5.2516  15.2160   0.0000   0.0000   0.0000
    2134  -4.8450   5.4288  14.0946   0.0000   0.0000   0.0000
    2135  -3.6335   6.0118  13.9277   0.0000   0.0000   0.0000
    2136  -4.4812   5.4369  13.9625   0.0000   0.0000   0.0000
    2137  -4.0087   5.8259  14.7135   0.0000   0.0000   0.0000
    2138  -4.7405   6.3443  14.5550   0.0000   0.0000   0.0000
    2139  -4.3614   5.5804  14.2981   0.0000   0.0000   0.0000
    2140  -3.7189   5.3810  13.9036   0.0000   0.0000   0.0000
    2141  -4.3357   6.1093  13.8033   0.0000   0.0000   0.0000
    2142  -4.3846   5.7029  13.8974   0.0000   0.0000   0.0000
    2143  -3.5360   5.7826  13.4758   0.0000   0.0000   0.0000
    2144  -4.4949   5.8155  14.0856   0.0000   0.0000   0.0000
    2145  -4.0190   5.4461  14.1344   0.0000   0.0000   0.0000
    2146  -3.9698   5.5328  13.2888   0.0000   0.0000   0.0000
    2147  -3.5106   5.2508  13.0822   0.0000   0.0000   0.0000
    2148  -3.4587   5.9297  13.8001   0.0000   0.0000   0.0000
    2149  -3.7918   5.0867  13.9862   0.0000   0.0000   0.0000
    2150  -3.6875   4.9328  14.5409   0.0000   0.0000   0.0000
    2151  -3.4818   5.3240  14.4289   0.0000   0.0000   0.0000
    2152  -3.1051   4.7917  15.4522   0.0000   0.0000   0.0000
    2153  -3.7925   4.2884  14.9482   0.0000   0.0000   0.0000
    2154  -3.4635   5.4864  14.5606   0.0000   0.0000   0.0000
    2155  -4.5256   5.5415  14.3095   0.0000   0.0000   0.0000
    2156  -3.0589   5.3050  14.2361   0.0000   0.0000   0.0000
    2157  -2.9283   4.3751  14.0344   0.0000   0.0000   0.0000
    2158  -3.9575   5.5902  14.5138   0.0000   0.0000   0.0000
    2159  -3.7762   5.2363  13.9977   0.0000   0.0000   0.0000
    2160  -3.4975   4.7155  14.1557   0.0000   0.0000   0.0000
    2161  -3.5640   5.0822  14.2752   0.0000   0.0000   0.0000
    2162  -3.7913   5.1712  13.5557   0.0000   0.0000   0.0000
    2163  -3.4097   6.1400  13.8936   0.0000   0.0000   0.0000
    2164  -3.7191   5.2521  13.5384   0.0000   0.0000   0.0000
    2165  -5.0402   5.6785  13.8840   0.0000   0.0000   0.0000
    2166  -4.3078   5.6442  14.0033   0.0000   0.0000   0.0000
    2167  -4.7468   5.5847  14.2589   0.0000   0.0000   0.0000
    2168  -4.9884   6.4632  14.1757   0.0000   0.0000   0.0000
    2169  -4.6620   5.9470  14.1951   0.0000   0.0000   0.0000
    2170  -5.3233   5.6249  13.9938   0.0000   0.0000   0.0000
    2171  -5.2159   5.4406  14.5103   0.0000   0.0000   0.0000
    2172  -5.1689   6.2086  13.6405   0.0000   0.0000   0.0000
    2173  -4.6525   6.6030  13.8129   0.0000   0.0000   0.0000
    2174  -5.1580   6.2435  14.1425   0.0000   0.0000   0.0000
    2175  -4.6193   6.1835  13.2649   0.0000   0.0000   0.0000
    2176  -3.8764   6.5856  13.1780   0.0000   0.0000   0.0000
    2177  -4.3233   6.0869  13.5814   0.0000   0.0000   0.0000
    2178  -4.3564   6.2103  13.5324   0.0000   0.0000   0.0000
    2179  -3.5414   5.8678  13.2941   0.0000   0.0000   0.0000
    2180  -5.0077   6.9167  13.0680   0.0000   0.0000   0.0000
    2181  -4.3363   7.3769  12.9114   0.0000   0.0000   0.0000
    2182  -3.7595   6.6961  13.3638   0.0000   0.0000   0.0000
    2183  -5.0338   6.4577  13.3662   0.0000   0.0000   0.0000
    2184  -4.9834   6.3206  13.7173   0.0000   0.0000   0.0000
    2185  -5.1545   6.3163  13.9028   0.0000   0.0000   0.0000
    2186  -4.9513   6.5898  13.9124   0.0000   0.0000   0.0000
    2187  -3.9506   7.1103  14.1299   0.0000   0.0000   0.0000
    2188  -5.0563   7.2841  14.3501   0.0000   0.0000   0.0000
    2189  -4.5875   6.8895  13.7849   0.0000   0.0000   0.0000
    2190  -3.8387   6.5884  13.5067   0.0000   0.0000   0.0000
    2191  -4.1548   6.5644  14.0615   0.0000   0.0000   0.0000
    2192  -4.0684   7.4666  13.8342   0.0000   0.0000   0.0000
    2193  -4.2692   6.5795  14.2684   0.0000   0.0000   0.0000
    2194  -3.6878   6.6448  13.9707   0.0000   0.0000   0.0000
    2195  -3.7001   6.2636  14.3393   0.0000   0.0000   0.0000
    2196  -4.4822   6.8867  14.1449   0.0000   0.0000   0.0000
    2197  -4.7527   7.1401  13.6621   0.0000   0.0000   0.0000
    2198  -4.1999   7.0365  13.9156   0.0000   0.0000   0.0000
    2199  -4.6985   7.3460  14.3608   0.0000   0.0000   0.0000
    2200  -5.0956   6.9272  14.1495   0.0000   0.0000   0.0000
    2201  -4.0598   6.6470  13.4633   0.0000   0.0000   0.0000
    2202  -3.8063   6.8012  13.7073   0.0000   0.0000   0.0000
    2203  -4.0913   7.7294  13.3901   0.0000   0.0000   0.0000
    2204  -3.0436   6.2795  13.8221   0.0000   0.0000   0.0000
    2205  -4.2911   6.1038  14.4208   0.0000   0.0000   0.0000
    2206  -3.7186   6.8513  13.7735   0.0000   0.0000   0.0000
    2207  -4.3368   7.6864  14.2100   0.0000   0.0000   0.0000
    2208  -4.0777   7.0382  13.3465   0.0000   0.0000   0.0000
    2209  -4.2458   7.4939  13.1259   0.0000   0.0000   0.0000
    2210  -3.8830   8.2743  13.4584   0.0000   0.0000   0.0000
    2211  -2.9659   7.3544  12.8989   0.0000   0.0000   0.0000
    2212  -3.9439   7.6714  12.6207   0.0000   0.0000   0.0000
    2213  -4.3988   6.7937  12.3615   0.0000   0.0000   0.0000
    2214  -4.2083   6.9803  12.5976   0.0000   0.0000   0.0000
    2215  -3.6501   7.2798  12.8070   0.0000   0.0000   0.0000
    2216  -4.2119   7.4631  12.7496   0.0000   0.0000   0.0000
    2217  -3.8255   6.7180  12.9000   0.0000   0.0000   0.0000
    2218  -3.8289   6.8322  12.5069   0.0000   0.0000   0.0000
    2219  -3.2825   6.4529  13.3698   0.0000   0.0000   0.0000
    2220  -2.9175   6.5886  13.5757   0.0000   0.0000   0.0000
    2221  -2.7126   6.9945  13.2025   0.0000   0.0000   0.0000
    2222  -3.3287   6.7202  13.7079   0.0000   0.0000   0.0000
    2223  -3.6599   6.8714  13.7812   0.0000   0.0000   0.0000
    2224  -3.1537   6.5797  13.6743   0.0000   0.0000   0.0000
    2225  -3.1848   7.0071  13.9744   0.0000   0.0000   0.0000
    2226  -3.1802   6.4584  13.3615   0.0000   0.0000   0.0000
    2227  -3.8536   6.7668  12.6359   0.0000   0.0000   0.0000
    2228  -3.4359   6.2952  13.0209   0.0000   0.0000   0.0000
    2229  -4.2636   6.0651  12.9802   0.0000   0.0000   0.0000
    2230  -3.7521   5.6710  13.8709   0.0000   0.0000   0.0000
    2231  -3.3004   5.6651  14.1806   0.0000   0.0000   0.0000
    2232  -4.0907   6.4121  14.6568   0.0000   0.0000   0.0000
    2233  -4.0490   6.4370  14.0518   0.0000   0.0000   0.0000
    2234  -3.9315   5.9484  14.5296   0.0000   0.0000   0.0000
    2235  -3.9726   5.9998  14.8110   0.0000   0.0000   0.0000
    2236  -4.1148   5.2567  14.2302   0.0000   0.0000   0.0000
    2237  -4.4959   6.1758  14.3264   0.0000   0.0000   0.0000
    2238  -4.1540   5.8592  14.1296   0.0000   0.0000   0.0000
    2239  -4.2947   5.7492  14.7036   0.0000   0.0000   0.0000
    2240  -4.1153   4.9190  14.5710   0.0000   0.0000   0.0000
    2241  -3.9914   5.1155  14.5308   0.0000   0.0000   0.0000
    2242  -4.2709   5.4275  14.1520   0.0000   0.0000   0.0000
    2243  -3.8635   4.3008  13.9505   0.0000   0.0000   0.0000
    2244  -4.0951   5.2114  13.8097   0.0000   0.0000   0.0000
    2245  -3.8192   6.0004  13.8900   0.0000   0.0000   0.0000
    2246  -3.4089   6.3999  12.7042   0.0000   0.0000   0.0000
    2247  -4.3864   6.4226  13.2235   0.0000   0.0000   0.0000
    2248  -3.3046   5.8607  11.9494   0.0000   0.0000   0.0000
    2249  -3.4296   5.7370  12.8733   0.0000   0.0000   0.0000
    2250  -2.9563   5.8571  13.2915   0.0000   0.0000   0.0000
    2251  -3.5328   4.7761  13.6056   0.0000   0.0000   0.0000
    2252  -3.0498   4.8249  13.2744   0.0000   0.0000   0.0000
    2253  -3.0494   4.7649  13.3042   0.0000   0.0000   0.0000
    2254  -3.1470   6.3420  12.6507   0.0000   0.0000   0.0000
    2255  -2.9210   7.2287  13.8928   0.0000   0.0000   0.0000
    2256  -3.2922   7.0381  14.1729   0.0000   0.0000   0.0000
    2257  -3.9178   6.7084  14.2805   0.0000   0.0000   0.0000
    2258  -2.8192   6.3670  13.8748   0.0000   0.0000   0.0000
    2259  -3.8851   5.9007  13.5678   0.0000   0.0000   0.0000
    2260  -3.0820   5.6913  14.5181   0.0000   0.0000   0.0000
    2261  -3.0024   5.1616  15.3797   0.0000   0.0000   0.0000
    2262  -3.3478   5.3098  14.9982   0.0000   0.0000   0.0000
    2263  -3.7661   6.0516  15.2296   0.0000   0.0000   0.0000
    2264  -3.8968   5.7556  14.9029   0.0000   0.0000   0.0000
    2265  -3.1949   5.7304  14.8972   0.0000   0.0000   0.0000
    2266  -3.6299   5.7969  14.7364   0.0000   0.0000   0.0000
    2267  -2.6108   5.5626  14.5007   0.0000   0.0000   0.0000
    2268  -3.0884   5.5897  14.2634   0.0000   0.0000   0.0000
    2269  -2.3137   4.5083  14.6746   0.0000   0.0000   0.0000
    2270  -2.0222   5.2622  14.6575   0.0000   0.0000   0.0000
    2271  -2.3875   6.1806  14.1393   0.0000   0.0000   0.0000
    2272  -2.1045   6.2761  14.4745   0.0000   0.0000   0.0000
    2273  -1.9077   5.3241  14.2749   0.0000   0.0000   0.0000
    2274  -1.8342   6.0434  13.5413   0.0000   0.0000   0.0000
    2275  -1.8546   5.4541  14.2075   0.0000   0.0000   0.0000
    2276  -1.7011   5.6703  13.5621   0.0000   0.0000   0.0000
    2277  -1.7732   5.4591  13.7188   0.0000   0.0000   0.0000
    2278  -1.3406   5.8544  13.9055   0.0000   0.0000   0.0000
    2279  -1.3064   6.2055  14.5146   0.0000   0.0000   0.0000
    2280  -1.9837   5.3360  14.3122   0.0000   0.0000   0.0000
    2281  -1.1055   5.8242  14.0010   0.0000   0.0000   0.0000
    2282  -1.1735   6.5485  14.2862   0.0000   0.0000   0.0000
    2283  -1.2219   6.6959  13.9607   0.0000   0.0000   0.0000
    2284  -1.6890   6.9947  14.3945   0.0000   0.0000   0.0000
    2285  -1.1631   6.7403  14.3965   0.0000   0.0000   0.0000
    2286  -1.5952   6.3376  13.9460   0.0000   0.0000   0.0000
    2287  -1.5694   6.8730  12.6597   0.0000   0.0000   0.0000
    2288  -1.5176   7.1139  13.1251   0.0000   0.0000   0.0000
    2289  -2.2774   6.9531  13.3315   0.0000   0.0000   0.0000
    2290  -1.5249   5.9931  13.4051   0.0000   0.0000   0.0000
    2291  -1.3892   6.9783  13.0077   0.0000   0.0000   0.0000
    2292  -1.4817   6.7135  12.8642   0.0000   0.0000   0.0000
    2293  -0.6262   6.7493  13.4325   0.0000   0.0000   0.0000
    2294  -0.9525   5.6285  13.1601   0.0000   0.0000   0.0000
    2295  -1.3905   5.9812  12.9126   0.0000   0.0000   0.0000
    2296  -2.4419   6.3230  13.0989   0.0000   0.0000   0.0000
    2297  -2.7905   6.6763  12.9041   0.0000   0.0000   0.0000
    2298  -2.2494   7.0830  13.1519   0.0000   0.0000   0.0000
    2299  -1.9845   5.7680  13.6669   0.0000   0.0000   0.0000
    2300  -2.2994   6.2863  13.1767   0.0000   0.0000   0.0000
    2301  -1.7206   5.8896  13.6025   0.0000   0.0000   0.0000
    2302  -1.7968   6.5061  12.3884   0.0000   0.0000   0.0000
    2303  -2.0608   6.5499  12.7402   0.0000   0.0000   0.0000
    2304  -2.3641   6.2887  12.7490   0.0000   0.0000   0.0000
    2305  -1.3647   6.3988  12.8104   0.0000   0.0000   0.0000
    2306  -1.6132   5.3768  13.5710   0.0000   0.0000   0.0000
    2307  -1.7114   5.2777  13.0873   0.0000   0.0000   0.0000
    2308  -1.4165   6.6839  13.0744   0.0000   0.0000   0.0000
    2309  -1.6237   6.9605  13.2856   0.0000   0.0000   0.0000
    2310  -2.2302   6.7974  12.0196   0.0000   0.0000   0.0000
    2311  -1.0504   7.0641  12.5154   0.0000   0.0000   0.0000
    2312  -1.0608   7.9604  12.5135   0.0000   0.0000   0.0000
    2313  -2.2500   7.8915  13.0971   0.0000   0.0000   0.0000
    2314  -1.4809   7.2821  12.4294   0.0000   0.0000   0.0000
    2315  -1.4941   7.1528  13.0325   0.0000   0.0000   0.0000
    2316  -0.9085   7.8677  12.3957   0.0000   0.0000   0.0000
    2317  -2.1682   8.5238  12.7033   0.0000   0.0000   0.0000
    2318  -0.9437   7.3739  12.7477   0.0000   0.0000   0.0000
    2319  -1.2383   7.4149  12.5686   0.0000   0.0000   0.0000
    2320  -0.7149   6.6940  13.5287   0.0000   0.0000   0.0000
    2321  -1.3750   7.6642  11.8867   0.0000   0.0000   0.0000
    2322  -0.8837   7.5642  12.3752   0.0000   0.0000   0.0000
    2323  -1.0290   7.2781  12.7919   0.0000   0.0000   0.0000
    2324  -1.1991   7.1957  13.2383   0.0000   0.0000   0.0000
    2325  -1.4645   6.9316  12.8550   0.0000   0.0000   0.0000
    2326  -1.2094   6.9827  12.3218   0.0000   0.0000   0.0000
    2327  -0.7324   7.3915  12.9570   0.0000   0.0000   0.0000
    2328  -0.6032   7.1535  13.6753   0.0000   0.0000   0.0000
    2329  -0.5563   6.7817  12.8383   0.0000   0.0000   0.0000
    2330  -1.0928   6.6395  13.0030   0.0000   0.0000   0.0000
    2331  -1.4781   7.7130  12.0722   0.0000   0.0000   0.0000
    2332  -1.0634   6.5022  13.0135   0.0000   0.0000   0.0000
    2333  -1.2561   7.4746  12.6355   0.0000   0.0000   0.0000
    2334  -1.1953   7.2951  12.6143   0.0000   0.0000   0.0000
    2335  -0.8069   6.9629  12.9705   0.0000   0.0000   0.0000
    2336  -1.0002   7.7130  12.2769   0.0000   0.0000   0.0000
    2337  -0.5689   7.0216  12.7885   0.0000   0.0000   0.0000
    2338  -0.3722   7.0361  12.6984   0.0000   0.0000   0.0000
    2339  -1.3291   7.2375  12.5350   0.0000   0.0000   0.0000
    2340  -0.9228   6.9588  13.1634   0.0000   0.0000   0.0000
    2341  -1.1159   7.0472  12.8093   0.0000   0.0000   0.0000
    2342  -1.0117   7.0408  12.9044   0.0000   0.0000   0.0000
    2343  -1.2544   7.6311  12.3341   0.0000   0.0000   0.0000
    2344  -1.2669   6.7426  12.6210   0.0000   0.0000   0.0000
    2345  -1.9413   6.6330  13.2680   0.0000   0.0000   0.0000
    2346  -1.4902   7.0755  12.4926   0.0000   0.0000   0.0000
    2347  -2.2807   7.9866  12.6893   0.0000   0.0000   0.0000
    2348  -1.6191   8.4122  12.7506   0.0000   0.0000   0.0000
    2349  -1.9583   8.0643  13.2505   0.0000   0.0000   0.0000
    2350  -0.9806   7.9147  13.4531   0.0000   0.0000   0.0000
    2351  -1.4510   7.9797  13.2387   0.0000   0.0000   0.0000
    2352  -1.0404   7.5427  13.4522   0.0000   0.0000   0.0000
    2353  -0.7704   7.7804  13.3942   0.0000   0.0000   0.0000
    2354  -0.9899   7.7343  13.4062   0.0000   0.0000   0.0000
    2355  -1.4593   7.9231  13.6558   0.0000   0.0000   0.0000
    2356  -1.9042   7.2797  13.8370   0.0000   0.0000   0.0000
    2357  -2.6801   7.5596  14.1865   0.0000   0.0000   0.0000
    2358  -1.7429   7.4687  13.6572   0.0000   0.0000   0.0000
    2359  -1.7551   7.3897  13.8551   0.0000   0.0000   0.0000
    2360  -2.6114   7.0898  13.0928   0.0000   0.0000   0.0000
    2361  -2.4410   7.4942  13.9719   0.0000   0.0000   0.0000
    2362  -1.2119   8.3491  13.9804   0.0000   0.0000   0.0000
    2363  -1.5709   8.3231  14.4437   0.0000   0.0000   0.0000
    2364  -1.7114   7.4249  15.0389   0.0000   0.0000   0.0000
    2365  -2.6219   8.1196  14.7321   0.0000   0.0000   0.0000
    2366  -1.9422   7.6512  14.9056   0.0000   0.0000   0.0000
    2367  -2.8286   7.6441  13.9750   0.0000   0.0000   0.0000
    2368  -2.8901   7.8881  14.6158   0.0000   0.0000   0.0000
    2369  -1.9581   7.6773  14.2144   0.0000   0.0000   0.0000
    2370  -2.2371   6.8134  13.7246   0.0000   0.0000   0.0000
    2371  -2.4511   8.0728  14.0075   0.0000   0.0000   0.0000
    2372  -2.0720   7.3448  14.2297   0.0000   0.0000   0.0000
    2373  -2.3372   7.4627  13.6086   0.0000   0.0000   0.0000
    2374  -1.8801   7.1674  14.1329   0.0000   0.0000   0.0000
    2375  -1.3744   7.8567  13.7971   0.0000   0.0000   0.0000
    2376  -2.5415   6.8811  14.0390   0.0000   0.0000   0.0000
    2377  -2.0682   7.5002  14.6313   0.0000   0.0000   0.0000
    2378  -2.1513   7.2994  14.4098   0.0000   0.0000   0.0000
    2379  -2.9701   6.7877  14.0758   0.0000   0.0000   0.0000
    2380  -3.1487   6.7943  14.0732   0.0000   0.0000   0.0000
    2381  -3.8983   7.0865  14.0428   0.0000   0.0000   0.0000
    2382  -3.1832   7.8809  13.9511   0.0000   0.0000   0.0000
    2383  -3.0645   7.2941  13.6562   0.0000   0.0000   0.0000
    2384  -2.5888   8.0664  13.4401   0.0000   0.0000   0.0000
    2385  -2.7866   7.6294  13.7152   0.0000   0.0000   0.0000
    2386  -2.9464   7.7721  14.5722   0.0000   0.0000   0.0000
    2387  -2.7322   7.7210  14.0123   0.0000   0.0000   0.0000
    2388  -3.4539   7.8790  13.6099   0.0000   0.0000   0.0000
    2389  -3.0674   8.0580  13.9391   0.0000   0.0000   0.0000
    2390  -2.8980   8.2501  14.3899   0.0000   0.0000   0.0000
    2391  -3.2322   8.6660  14.1659   0.0000   0.0000   0.0000
    2392  -2.3556   8.2137  14.1844   0.0000   0.0000   0.0000
    2393  -2.8663   8.9524  14.7600   0.0000   0.0000   0.0000
    2394  -1.9278   8.1156  14.3231   0.0000   0.0000   0.0000
    2395  -2.2783   8.7463  13.7176   0.0000   0.0000   0.0000
    2396  -2.3747   8.6389  13.5588   0.0000   0.0000   0.0000
    2397  -2.2712   8.2850  14.3410   0.0000   0.0000   0.0000
    2398  -1.0909   7.9263  13.9080   0.0000   0.0000   0.0000
    2399  -1.7614   7.6911  14.6213   0.0000   0.0000   0.0000
    2400  -2.0337   7.9738  13.8791   0.0000   0.0000   0.0000
    2401  -2.2152   7.5430  14.0298   0.0000   0.0000   0.0000
    2402  -2.7717   7.7947  14.1042   0.0000   0.0000   0.0000
    2403  -3.1777   7.7620  14.0024   0.0000   0.0000   0.0000
    2404  -2.8983   7.7973  14.2455   0.0000   0.0000   0.0000
    2405  -3.3942   8.2518  14.2458   0.0000   0.0000   0.0000
    2406  -4.1281   7.9643  14.2809   0.0000   0.0000   0.0000
    2407  -3.0727   7.2120  13.4679   0.0000   0.0000   0.0000
    2408  -3.2484   8.1328  13.9910   0.0000   0.0000   0.0000
    2409  -2.7930   8.3395  14.2304   0.0000   0.0000   0.0000
    2410  -3.8176   8.3521  13.8083   0.0000   0.0000   0.0000
    2411  -2.7709   8.3129  14.4393   0.0000   0.0000   0.0000
    2412  -2.4768   8.1311  14.5113   0.0000   0.0000   0.0000
    2413  -2.5627   8.5026  14.1007   0.0000   0.0000   0.0000
    2414  -3.0395   8.3775  14.4535   0.0000   0.0000   0.0000
    2415  -3.8406   7.8634  15.2610   0.0000   0.0000   0.0000
    2416  -2.7205   7.2883  14.7099   0.0000   0.0000   0.0000
    2417  -2.1274   7.5395  15.1533   0.0000   0.0000   0.0000
    2418  -1.9229   7.4584  14.7597   0.0000   0.0000   0.0000
    2419  -1.3376   7.4304  14.3604   0.0000   0.0000   0.0000
    2420  -2.1558   7.3287  14.1065   0.0000   0.0000   0.0000
    2421  -1.2809   8.4742  14.1281   0.0000   0.0000   0.0000
    2422  -1.5894   8.4496  14.5027   0.0000   0.0000   0.0000
    2423  -2.6244   7.1924  14.3266   0.0000   0.0000   0.0000
    2424  -1.7857   7.8224  15.1521   0.0000   0.0000   0.0000
    2425  -1.5261   7.8893  14.2249   0.0000   0.0000   0.0000
    2426  -2.4468   8.0322  14.6785   0.0000   0.0000   0.0000
    2427  -1.8018   7.6573  14.8223   0.0000   0.0000   0.0000
    2428  -1.7034   6.6587  15.1819   0.0000   0.0000   0.0000
    2429  -2.4690   7.3375  16.2267   0.0000   0.0000   0.0000
    2430  -2.3892   7.2467  15.4469   0.0000   0.0000   0.0000
    2431  -0.6389   8.2751  14.8504   0.0000   0.0000   0.0000
    2432  -1.6073   8.1824  14.8057   0.0000   0.0000   0.0000
    2433  -1.4720   7.3650  15.4533   0.0000   0.0000   0.0000
    2434  -0.9922   7.9362  15.0566   0.0000   0.0000   0.0000
    2435  -1.1419   7.5520  14.9560   0.0000   0.0000   0.0000
    2436  -2.7348   7.4780  15.6035   0.0000   0.0000   0.0000
    2437  -1.7148   7.0204  15.2199   0.0000   0.0000   0.0000
    2438  -2.9708   7.0183  15.4129   0.0000   0.0000   0.0000
    2439  -2.4850   6.2062  15.3845   0.0000   0.0000   0.0000
    2440  -2.7589   5.6703  15.2318   0.0000   0.0000   0.0000
    2441  -2.3537   6.9254  15.8285   0.0000   0.0000   0.0000
    2442  -2.6704   6.1364  16.6248   0.0000   0.0000   0.0000
    2443  -2.5372   6.8858  15.7985   0.0000   0.0000   0.0000
    2444  -2.7754   6.3767  15.6693   0.0000   0.0000   0.0000
    2445  -3.1829   7.2152  16.0159   0.0000   0.0000   0.0000
    2446  -2.8551   6.9199  16.0658   0.0000   0.0000   0.0000
    2447  -3.0174   7.2358  15.9698   0.0000   0.0000   0.0000
    2448  -2.4430   6.3558  16.2213   0.0000   0.0000   0.0000
    2449  -2.4864   6.0553  15.5491   0.0000   0.0000   0.0000
    2450  -2.0020   6.5694  15.3963   0.0000   0.0000   0.0000
    2451  -2.0024   6.1525  15.5285   0.0000   0.0000   0.0000
    2452  -1.4605   6.5605  15.9500   0.0000   0.0000   0.0000
    2453  -1.6384   7.0780  16.0707   0.0000   0.0000   0.0000
    2454  -1.6314   6.5333  15.9226   0.0000   0.0000   0.0000
    2455  -1.5181   7.2628  15.6609   0.0000   0.0000   0.0000
    2456  -1.8093   6.5059  15.9331   0.0000   0.0000   0.0000
    2457  -1.9193   6.4121  15.6653   0.0000   0.0000   0.0000
    2458  -1.8048   6.8560  15.7883   0.0000   0.0000   0.0000
    2459  -1.7637   6.3392  16.1751   0.0000   0.0000   0.0000
    2460  -2.3671   5.6178  15.8964   0.0000   0.0000   0.0000
    2461  -2.4108   7.2367  16.0695   0.0000   0.0000   0.0000
    2462  -3.4065   6.1150  15.9713   0.0000   0.0000   0.0000
    2463  -2.8137   6.4341  15.4222   0.0000   0.0000   0.0000
    2464  -2.1708   7.0184  15.6172   0.0000   0.0000   0.0000
    2465  -2.6789   6.6950  15.2568   0.0000   0.0000   0.0000
    2466  -2.2097   7.4730  15.3729   0.0000   0.0000   0.0000
    2467  -2.8378   6.8733  14.9995   0.0000   0.0000   0.0000
    2468  -3.6325   6.6250  15.2289   0.0000   0.0000   0.0000
    2469  -4.2686   7.3469  15.3601   0.0000   0.0000   0.0000
    2470  -3.3996   7.2530  15.3127   0.0000   0.0000   0.0000
    2471  -2.7584   6.6111  15.6978   0.0000   0.0000   0.0000
    2472  -3.0145   7.2131  16.5600   0.0000   0.0000   0.0000
    2473  -2.8463   6.8889  16.6061   0.0000   0.0000   0.0000
    2474  -3.4239   7.3435  17.0260   0.0000   0.0000   0.0000
    2475  -3.6116   6.7948  16.7202   0.0000   0.0000   0.0000
    2476  -3.1278   7.0166  16.4185   0.0000   0.0000   0.0000
    2477  -3.1370   7.3580  16.5096   0.0000   0.0000   0.0000
    2478  -3.5490   7.2257  16.4593   0.0000   0.0000   0.0000
    2479  -2.9067   5.8897  16.2379   0.0000   0.0000   0.0000
    2480  -2.6574   6.8813  15.1057   0.0000   0.0000   0.0000
    2481  -2.1942   6.0482  15.7947   0.0000   0.0000   0.0000
    2482  -2.8092   6.3716  15.7884   0.0000   0.0000   0.0000
    2483  -2.8644   7.3668  15.4816   0.0000   0.0000   0.0000
    2484  -3.2827   6.2840  15.3246   0.0000   0.0000   0.0000
    2485  -3.0848   6.6945  15.8763   0.0000   0.0000   0.0000
    2486  -2.2754   7.4312  15.5647   0.0000   0.0000   0.0000
    2487  -3.6020   6.1312  15.9865   0.0000   0.0000   0.0000
    2488  -3.5277   6.3261  15.1445   0.0000   0.0000   0.0000
    2489  -3.6032   6.2602  15.3664   0.0000   0.0000   0.0000
    2490  -2.8785   6.8440  15.5607   0.0000   0.0000   0.0000
    2491  -2.9252   6.3926  15.6834   0.0000   0.0000   0.0000
    2492  -3.5135   6.3898  15.7547   0.0000   0.0000   0.0000
    2493  -3.4967   6.9369  15.3307   0.0000   0.0000   0.0000
    2494  -4.3893   6.9012  15.0020   0.0000   0.0000   0.0000
    2495  -4.0962   7.3021  15.3567   0.0000   0.0000   0.0000
    2496  -4.2498   7.1353  14.5435   0.0000   0.0000   0.0000
    2497  -3.2877   6.2524  14.9682   0.0000   0.0000   0.0000
    2498  -3.0574   7.1739  14.9992   0.0000   0.0000   0.0000
    2499  -3.2813   7.2201  15.6693   0.0000   0.0000   0.0000
    2500  -2.4643   7.2899  15.3800   0.0000   0.0000   0.0000
    2501  -3.2017   5.9660  15.7314   0.0000   0.0000   0.0000
    2502  -2.7122   6.7071  16.2446   0.0000   0.0000   0.0000
    2503  -3.5277   6.8684  15.4644   0.0000   0.0000   0.0000
    2504  -3.1059   6.4869  15.7790   0.0000   0.0000   0.0000
    2505  -3.5988   6.8909  15.1544   0.0000   0.0000   0.0000
    2506  -3.7798   7.5352  15.1025   0.0000   0.0000   0.0000
    2507  -3.6754   6.6620  15.7745   0.0000   0.0000   0.0000
    2508  -3.8435   6.0139  15.6592   0.0000   0.0000   0.0000
    2509  -2.7144   7.0048  15.0182   0.0000   0.0000   0.0000
    2510  -3.6577   6.7600  16.1079   0.0000   0.0000   0.0000
    2511  -3.2878   7.1321  16.1221   0.0000   0.0000   0.0000
    2512  -3.4646   6.7515  15.7070   0.0000   0.0000   0.0000
    2513  -3.7968   5.9698  15.4725   0.0000   0.0000   0.0000
    2514  -3.8565   6.9573  16.0374   0.0000   0.0000   0.0000
    2515  -3.9392   6.9976  16.3005   0.0000   0.0000   0.0000
    2516  -4.5068   7.2388  15.9688   0.0000   0.0000   0.0000
    2517  -4.0433   7.5545  16.2313   0.0000   0.0000   0.0000
    2518  -4.3338   6.8516  16.5140   0.0000   0.0000   0.0000
    2519  -4.8057   7.1432  16.0686   0.0000   0.0000   0.0000
    2520  -4.8583   6.6735  15.8398   0.0000   0.0000   0.0000
    2521  -4.5613   6.3778  15.3628   0.0000   0.0000   0.0000
    2522  -4.5827   5.9665  15.8560   0.0000   0.0000   0.0000
    2523  -5.0128   6.6917  16.0381   0.0000   0.0000   0.0000
    2524  -5.2247   7.0778  15.9092   0.0000   0.0000   0.0000
    2525  -4.9344   6.5698  14.5574   0.0000   0.0000   0.0000
    2526  -4.9413   5.5103  15.2881   0.0000   0.0000   0.0000
    2527  -5.7903   6.0819  15.4788   0.0000   0.0000   0.0000
    2528  -5.6281   6.6495  15.9977   0.0000   0.0000   0.0000
    2529  -5.6858   6.1105  16.0954   0.0000   0.0000   0.0000
    2530  -5.5959   6.9222  17.3222   0.0000   0.0000   0.0000
    2531  -6.1461   6.8422  16.6993   0.0000   0.0000   0.0000
    2532  -5.9897   6.6711  16.1099   0.0000   0.0000   0.0000
    2533  -5.9401   7.1939  16.5380   0.0000   0.0000   0.0000
    2534  -5.6479   7.3885  16.3344   0.0000   0.0000   0.0000
    2535  -5.6295   8.1555  16.1033   0.0000   0.0000   0.0000
    2536  -6.0112   7.4909  16.1736   0.0000   0.0000   0.0000
    2537  -6.0566   7.6109  15.7974   0.0000   0.0000   0.0000
    2538  -5.6954   6.4434  16.2803   0.0000   0.0000   0.0000
    2539  -5.4156   8.1857  15.9681   0.0000   0.0000   0.0000
    2540  -4.6360   7.2893  15.5561   0.0000   0.0000   0.0000
    2541  -4.5489   7.7930  15.7726   0.0000   0.0000   0.0000
    2542  -4.9920   8.1244  15.3242   0.0000   0.0000   0.0000
    2543  -5.6963   7.1881  15.5874   0.0000   0.0000   0.0000
    2544  -5.9352   7.1280  14.5310   0.0000   0.0000   0.0000
    2545  -5.7929   7.0412  14.7701   0.0000   0.0000   0.0000
    2546  -5.8281   6.9184  14.2065   0.0000   0.0000   0.0000
    2547  -5.1182   8.4786  14.2378   0.0000   0.0000   0.0000
    2548  -5.3307   6.3924  14.5632   0.0000   0.0000   0.0000
    2549  -4.2912   6.1311  13.9911   0.0000   0.0000   0.0000
    2550  -5.4064   6.5562  14.5816   0.0000   0.0000   0.0000
    2551  -5.3530   7.8440  13.8941   0.0000   0.0000   0.0000
    2552  -5.2779   6.1514  14.2346   0.0000   0.0000   0.0000
    2553  -5.2471   6.1552  14.4968   0.0000   0.0000   0.0000
    2554  -5.2002   7.1314  14.6744   0.0000   0.0000   0.0000
    2555  -5.3703   6.6972  14.5669   0.0000   0.0000   0.0000
    2556  -4.4303   6.8900  14.5305   0.0000   0.0000   0.0000
    2557  -5.5658   6.1301  14.3569   0.0000   0.0000   0.0000
    2558  -5.3428   5.9665  14.5235   0.0000   0.0000   0.0000
    2559  -5.9258   6.5025  14.1120   0.0000   0.0000   0.0000
    2560  -4.7820   6.1208  13.9366   0.0000   0.0000   0.0000
    2561  -4.8898   6.9904  14.0609   0.0000   0.0000   0.0000
    2562  -5.3446   6.3053  14.1118   0.0000   0.0000   0.0000
    2563  -5.3753   6.9849  14.3520   0.0000   0.0000   0.0000
    2564  -5.4275   6.9618  15.0287   0.0000   0.0000   0.0000
    2565  -5.3092   6.7930  15.6397   0.0000   0.0000   0.0000
    2566  -5.3648   6.5024  15.7056   0.0000   0.0000   0.0000
    2567  -5.3994   5.7164  15.5448   0.0000   0.0000   0.0000
    2568  -5.7697   6.8518  15.6590   0.0000   0.0000   0.0000
    2569  -4.8466   6.5782  15.0958   0.0000   0.0000   0.0000
    2570  -5.4243   6.9871  15.7030   0.0000   0.0000   0.0000
    2571  -5.1734   6.8108  16.0791   0.0000   0.0000   0.0000
    2572  -5.4773   7.3127  15.6593   0.0000   0.0000   0.0000
    2573  -5.0207   6.7954  15.8727   0.0000   0.0000   0.0000
    2574  -5.4822   6.4540  15.9458   0.0000   0.0000   0.0000
    2575  -5.1265   7.1801  15.3749   0.0000   0.0000   0.0000
    2576  -5.8142   6.9720  15.4195   0.0000   0.0000   0.0000
    2577  -6.4418   6.9530  15.6053   0.0000   0.0000   0.0000
    2578  -5.5549   6.8420  15.2401   0.0000   0.0000   0.0000
    2579  -6.4801   7.0600  16.0793   0.0000   0.0000   0.0000
    2580  -6.7661   6.1017  15.6219   0.0000   0.0000   0.0000
    2581  -5.0399   6.3872  15.3863   0.0000   0.0000   0.0000
    2582  -5.2634   5.8935  15.4886   0.0000   0.0000   0.0000
    2583  -5.4588   6.9564  16.0404   0.0000   0.0000   0.0000
    2584  -5.4704   6.2316  16.5109   0.0000   0.0000   0.0000
    2585  -5.4259   7.3191  16.1366   0.0000   0.0000   0.0000
    2586  -6.0249   6.8855  15.5903   0.0000   0.0000   0.0000
    2587  -5.9314   6.7468  15.0920   0.0000   0.0000   0.0000
    2588  -6.2125   6.5092  15.4434   0.0000   0.0000   0.0000
    2589  -6.4070   6.4368  15.3171   0.0000   0.0000   0.0000
    2590  -6.8484   6.9498  15.1934   0.0000   0.0000   0.0000
    2591  -5.6203   7.6491  14.7179   0.0000   0.0000   0.0000
    2592  -6.5532   6.5641  14.4846   0.0000   0.0000   0.0000
    2593  -6.4011   6.9884  14.8946   0.0000   0.0000   0.0000
    2594  -5.7219   7.4621  14.2780   0.0000   0.0000   0.0000
    2595  -5.7644   6.8884  13.7050   0.0000   0.0000   0.0000
    2596  -5.3189   6.7810  13.8972   0.0000   0.0000   0.0000
    2597  -5.0227   6.6212  14.3670   0.0000   0.0000   0.0000
    2598  -5.9065   6.3525  13.9328   0.0000   0.0000   0.0000
    2599  -5.2786   6.5115  14.6846   0.0000   0.0000   0.0000
    2600  -6.1442   7.5696  14.1673   0.0000   0.0000   0.0000
    2601  -5.7074   6.7437  14.5544   0.0000   0.0000   0.0000
    2602  -6.5038   6.9099  13.7985   0.0000   0.0000   0.0000
    2603  -5.7622   6.7843  13.7907   0.0000   0.0000   0.0000
    2604  -5.3961   6.9473  14.3995   0.0000   0.0000   0.0000
    2605  -4.4347   6.4227  15.0401   0.0000   0.0000   0.0000
    2606  -4.2142   6.5256  14.9457   0.0000   0.0000   0.0000
    2607  -5.0783   7.3180  14.7590   0.0000   0.0000   0.0000
    2608  -4.0733   6.5597  14.7644   0.0000   0.0000   0.0000
    2609  -3.4393   6.5250  15.0116   0.0000   0.0000   0.0000
    2610  -4.1056   6.4885  15.2640   0.0000   0.0000   0.0000
    2611  -3.8344   6.8185  15.2751   0.0000   0.0000   0.0000
    2612  -4.3554   6.8966  15.6492   0.0000   0.0000   0.0000
    2613  -4.3756   7.2168  15.4401   0.0000   0.0000   0.0000
    2614  -4.2123   6.6746  15.7178   0.0000   0.0000   0.0000
    2615  -4.3585   7.2665  14.9629   0.0000   0.0000   0.0000
    2616  -4.2504   6.8196  14.6708   0.0000   0.0000   0.0000
    2617  -4.0607   6.8106  15.2299   0.0000   0.0000   0.0000
    2618  -4.1461   6.5053  14.9754   0.0000   0.0000   0.0000
    2619  -3.9666   6.6764  15.1902   0.0000   0.0000   0.0000
    2620  -4.5045   6.0714  15.6750   0.0000   0.0000   0.0000
    2621  -4.0256   6.1802  14.0820   0.0000   0.0000   0.0000
    2622  -4.0464   6.7397  14.9409   0.0000   0.0000   0.0000
    2623  -4.0127   6.8219  14.6180   0.0000   0.0000   0.0000
    2624  -4.0582   4.6351  14.5506   0.0000   0.0000   0.0000
    2625  -4.0679   5.8008  14.2017   0.0000   0.0000   0.0000
    2626  -4.1414   5.3342  14.0683   0.0000   0.0000   0.0000
    2627  -3.7433   6.2601  14.6526   0.0000   0.0000   0.0000
    2628  -4.1628   6.1327  14.1288   0.0000   0.0000   0.0000
    2629  -4.4146   5.8742  13.5387   0.0000   0.0000   0.0000
    2630  -4.4262   6.5390  13.4220   0.0000   0.0000   0.0000
    2631  -4.5504   6.7124  13.7961   0.0000   0.0000   0.0000
    2632  -4.3677   5.7657  12.9888   0.0000   0.0000   0.0000
    2633  -4.6514   6.2920  13.1842   0.0000   0.0000   0.0000
    2634  -4.6521   6.2124  13.8799   0.0000   0.0000   0.0000
    2635  -4.9922   6.6209  13.0910   0.0000   0.0000   0.0000
    2636  -5.9880   6.6950  12.7583   0.0000   0.0000   0.0000
    2637  -5.3941   6.3615  13.6279   0.0000   0.0000   0.0000
    2638  -5.0705   6.2823  13.4310   0.0000   0.0000   0.0000
    2639  -3.9592   5.8931  13.3863   0.0000   0.0000   0.0000
    2640  -4.8578   6.4048  13.8120   0.0000   0.0000   0.0000
    2641  -4.4420   5.9458  13.8077   0.0000   0.0000   0.0000
    2642  -4.3890   6.2801  13.2378   0.0000   0.0000   0.0000
    2643  -4.5722   6.1160  13.2792   0.0000   0.0000   0.0000
    2644  -4.4408   6.6407  14.2916   0.0000   0.0000   0.0000
    2645  -4.6334   5.7797  13.9819   0.0000   0.0000   0.0000
    2646  -3.3135   5.8315  13.3684   0.0000   0.0000   0.0000
    2647  -5.3384   6.5163  13.6411   0.0000   0.0000   0.0000
    2648  -4.3169   5.8930  13.9251   0.0000   0.0000   0.0000
    2649  -4.6141   5.3488  14.1422   0.0000   0.0000   0.0000
    2650  -5.1581   5.4137  14.3419   0.0000   0.0000   0.0000
    2651  -3.5598   6.2636  14.9871   0.0000   0.0000   0.0000
    2652  -3.5686   5.2777  14.9279   0.0000   0.0000   0.0000
    2653  -3.6470   5.6097  14.2645   0.0000   0.0000   0.0000
    2654  -3.9200   6.5987  14.5753   0.0000   0.0000   0.0000
    2655  -3.2771   5.6149  15.5117   0.0000   0.0000   0.0000
    2656  -3.4652   5.9474  14.7154   0.0000   0.0000   0.0000
    2657  -3.7032   5.8030  15.7849   0.0000   0.0000   0.0000
    2658  -3.0576   6.5633  15.2780   0.0000   0.0000   0.0000
    2659  -3.5166   5.5846  14.8009   0.0000   0.0000   0.0000
    2660  -4.4104   5.6086  15.4506   0.0000   0.0000   0.0000
    2661  -4.1809   5.2980  14.8786   0.0000   0.0000   0.0000
    2662  -5.1531   5.2434  14.7358   0.0000   0.0000   0.0000
    2663  -4.1783   5.3604  15.2104   0.0000   0.0000   0.0000
    2664  -3.6086   5.5728  14.9400   0.0000   0.0000   0.0000
    2665  -3.4950   6.1758  14.6310   0.0000   0.0000   0.0000
    2666  -3.7053   5.5874  14.8690   0.0000   0.0000   0.0000
    2667  -3.9832   6.0811  14.8736   0.0000   0.0000   0.0000
    2668  -3.7819   6.3120  13.8954   0.0000   0.0000   0.0000
    2669  -3.8164   5.6475  14.0298   0.0000   0.0000   0.0000
    2670  -3.7812   5.5039  14.1320   0.0000   0.0000   0.0000
    2671  -4.3584   5.8734  14.4795   0.0000   0.0000   0.0000
    2672  -4.9525   4.7314  14.5684   0.0000   0.0000   0.0000
    2673  -4.5383   4.8514  14.7569   0.0000   0.0000   0.0000
    2674  -4.2931   5.5838  14.5958   0.0000   0.0000   0.0000
    2675  -4.6276   4.5250  14.8091   0.0000   0.0000   0.0000
    2676  -5.2917   4.6882  15.1482   0.0000   0.0000   0.0000
    2677  -4.8279   6.3253  14.7544   0.0000   0.0000   0.0000
    2678  -5.5044   6.1756  14.8293   0.0000   0.0000   0.0000
    2679  -5.9526   6.3485  14.0368   0.0000   0.0000   0.0000
    2680  -5.5587   6.1494  15.2441   0.0000   0.0000   0.0000
    2681  -5.4199   6.7288  14.8770   0.0000   0.0000   0.0000
    2682  -6.0332   6.4891  14.9442   0.0000   0.0000   0.0000
    2683  -6.0406   6.6078  15.5162   0.0000   0.0000   0.0000
    2684  -5.0756   6.6771  15.5984   0.0000   0.0000   0.0000
    2685  -5.2504   7.8520  15.9777   0.0000   0.0000   0.0000
    2686  -4.6889   7.0799  16.0430   0.0000   0.0000   0.0000
    2687  -4.3107   6.7702  15.8666   0.0000   0.0000   0.0000
    2688  -5.8620   6.3066  15.6586   0.0000   0.0000   0.0000
    2689  -5.3676   6.7566  15.2183   0.0000   0.0000   0.0000
    2690  -5.0405   6.2233  15.5036   0.0000   0.0000   0.0000
    2691  -5.8727   6.0650  15.3680   0.0000   0.0000   0.0000
    2692  -5.7193   5.7799  16.1759   0.0000   0.0000   0.0000
    2693  -5.5303   6.5099  15.5015   0.0000   0.0000   0.0000
    2694  -5.1764   6.0732  14.9170   0.0000   0.0000   0.0000
    2695  -4.2036   6.6354  15.6603   0.0000   0.0000   0.0000
    2696  -4.6451   6.7284  15.0808   0.0000   0.0000   0.0000
    2697  -4.2156   6.5752  14.9831   0.0000   0.0000   0.0000
    2698  -5.3289   6.7349  14.6689   0.0000   0.0000   0.0000
    2699  -4.1183   6.4844  14.9981   0.0000   0.0000   0.0000
    2700  -4.5012   7.0004  14.7952   0.0000   0.0000   0.0000
    2701  -4.3860   6.4289  15.2011   0.0000   0.0000   0.0000
    2702  -4.2130   6.6314  15.0174   0.0000   0.0000   0.0000
    2703  -3.8706   5.7650  15.1670   0.0000   0.0000   0.0000
    2704  -4.2424   5.7594  13.9839   0.0000   0.0000   0.0000
    2705  -3.7962   5.7951  14.0972   0.0000   0.0000   0.0000
    2706  -3.9299   5.9795  14.3913   0.0000   0.0000   0.0000
    2707  -4.4766   6.1207  14.1540   0.0000   0.0000   0.0000
    2708  -4.5079   5.8629  14.3215   0.0000   0.0000   0.0000
    2709  -4.5808   5.5397  14.5823   0.0000   0.0000   0.0000
    2710  -4.3592   5.9333  14.2232   0.0000   0.0000   0.0000
    2711  -3.9667   6.3299  14.3328   0.0000   0.0000   0.0000
    2712  -3.9807   5.6774  13.7350   0.0000   0.0000   0.0000
    2713  -4.3867   5.0040  14.6973   0.0000   0.0000   0.0000
    2714  -4.3350   5.4276  14.5064   0.0000   0.0000   0.0000
    2715  -4.1051   4.9320  14.1896   0.0000   0.0000   0.0000
    2716  -4.1041   5.3853  14.5640   0.0000   0.0000   0.0000
    2717  -3.6679   5.1128  15.2248   0.0000   0.0000   0.0000
    2718  -3.7655   6.0746  15.4127   0.0000   0.0000   0.0000
    2719  -3.9713   5.1635  15.3167   0.0000   0.0000   0.0000
    2720  -4.1666   5.2525  14.5417   0.0000   0.0000   0.0000
    2721  -3.1417   4.8518  14.8470   0.0000   0.0000   0.0000
    2722  -3.2862   4.8457  14.8027   0.0000   0.0000   0.0000
    2723  -3.4060   5.1686  14.4109   0.0000   0.0000   0.0000
    2724  -4.1223   5.3942  14.7112   0.0000   0.0000   0.0000
    2725  -4.2242   5.2975  14.8610   0.0000   0.0000   0.0000
    2726  -4.5727   5.6591  14.6553   0.0000   0.0000   0.0000
    2727  -4.8346   6.1716  14.4612   0.0000   0.0000   0.0000
    2728  -4.3989   5.3558  13.6100   0.0000   0.0000   0.0000
    2729  -3.7093   5.7926  13.0790   0.0000   0.0000   0.0000
    2730  -3.4737   6.7555  13.0811   0.0000   0.0000   0.0000
    2731  -3.8589   6.5903  12.9954   0.0000   0.0000   0.0000
    2732  -4.1574   6.3704  12.4072   0.0000   0.0000   0.0000
    2733  -4.2572   6.4525  12.9789   0.0000   0.0000   0.0000
    2734  -4.0692   6.4188  12.7607   0.0000   0.0000   0.0000
    2735  -4.4446   5.7600  13.1497   0.0000   0.0000   0.0000
    2736  -4.1164   5.5796  14.0108   0.0000   0.0000   0.0000
    2737  -2.9620   5.1231  14.4457   0.0000   0.0000   0.0000
    2738  -3.3676   5.7331  13.8621   0.0000   0.0000   0.0000
    2739  -2.2138   6.2920  13.4103   0.0000   0.0000   0.0000
    2740  -2.7577   5.8268  13.2689   0.0000   0.0000   0.0000
    2741  -2.2649   6.7206  12.9747   0.0000   0.0000   0.0000
    2742  -2.6162   6.6443  12.8274   0.0000   0.0000   0.0000
    2743  -2.6022   6.7549  13.2333   0.0000   0.0000   0.0000
    2744  -1.6922   6.3878  13.4715   0.0000   0.0000   0.0000
    2745  -2.3862   6.7300  13.7203   0.0000   0.0000   0.0000
    2746  -3.0372   7.6208  13.8743   0.0000   0.0000   0.0000
    2747  -2.3162   6.7265  14.1447   0.0000   0.0000   0.0000
    2748  -3.8690   6.3352  14.4891   0.0000   0.0000   0.0000
    2749  -3.6285   7.0523  14.4724   0.0000   0.0000   0.0000
    2750  -3.0227   7.0448  14.4507   0.0000   0.0000   0.0000
    2751  -2.6103   6.5746  14.4436   0.0000   0.0000   0.0000
    2752  -2.7983   6.1656  13.9474   0.0000   0.0000   0.0000
    2753  -2.6665   6.4948  14.5286   0.0000   0.0000   0.0000
    2754  -2.5275   6.5955  14.5273   0.0000   0.0000   0.0000
    2755  -2.4831   6.2328  14.1268   0.0000   0.0000   0.0000
    2756  -3.3119   6.7188  14.0328   0.0000   0.0000   0.0000
    2757  -1.7711   6.9113  13.6686   0.0000   0.0000   0.0000
    2758  -1.5810   6.4342  14.3899   0.0000   0.0000   0.0000
    2759  -3.0004   6.5177  13.9164   0.0000   0.0000   0.0000
    2760  -2.9738   5.7884  13.9247   0.0000   0.0000   0.0000
    2761  -2.7219   6.4254  14.1879   0.0000   0.0000   0.0000
    2762  -3.0395   6.9067  14.2087   0.0000   0.0000   0.0000
    2763  -3.1518   6.2335  14.1332   0.0000   0.0000   0.0000
    2764  -3.8542   6.5292  13.9948   0.0000   0.0000   0.0000
    2765  -4.2188   5.9369  13.1648   0.0000   0.0000   0.0000
    2766  -2.7207   5.7337  13.8317   0.0000   0.0000   0.0000
    2767  -3.8414   6.9701  14.2076   0.0000   0.0000   0.0000
    2768  -3.8781   7.4282  13.7723   0.0000   0.0000   0.0000
    2769  -4.4381   7.3941  13.6907   0.0000   0.0000   0.0000
    2770  -3.7580   7.1981  12.7532   0.0000   0.0000   0.0000
    2771  -3.5835   6.8772  12.3356   0.0000   0.0000   0.0000
    2772  -3.7658   6.5897  12.9354   0.0000   0.0000   0.0000
    2773  -3.7097   6.8812  13.6942   0.0000   0.0000   0.0000
    2774  -3.4462   7.8059  13.1109   0.0000   0.0000   0.0000
    2775  -3.7798   6.6615  13.0495   0.0000   0.0000   0.0000
    2776  -4.2621   5.5081  13.4138   0.0000   0.0000   0.0000
    2777  -4.1871   6.4183  13.7876   0.0000   0.0000   0.0000
    2778  -3.5873   7.7288  13.6111   0.0000   0.0000   0.0000
    2779  -3.4616   6.8175  13.7136   0.0000   0.0000   0.0000
    2780  -3.6498   5.8011  13.7959   0.0000   0.0000   0.0000
    2781  -2.5498   6.0329  14.2166   0.0000   0.0000   0.0000
    2782  -2.7439   7.2822  13.8732   0.0000   0.0000   0.0000
    2783  -3.1217   7.0977  13.8721   0.0000   0.0000   0.0000
    2784  -2.9385   6.6955  13.9040   0.0000   0.0000   0.0000
    2785  -3.3920   6.0688  13.4481   0.0000   0.0000   0.0000
    2786  -2.8725   5.9639  13.8552   0.0000   0.0000   0.0000
    2787  -2.6508   6.2061  13.2550   0.0000   0.0000   0.0000
    2788  -3.2697   6.1160  12.9267   0.0000   0.0000   0.0000
    2789  -2.8426   5.8460  13.2114   0.0000   0.0000   0.0000
    2790  -2.8665   6.0639  13.5632   0.0000   0.0000   0.0000
    2791  -3.5469   6.1316  13.7749   0.0000   0.0000   0.0000
    2792  -2.9327   6.1680  13.6644   0.0000   0.0000   0.0000
    2793  -3.6339   6.9961  13.7173   0.0000   0.0000   0.0000
    2794  -3.7359   7.1017  14.4507   0.0000   0.0000   0.0000
    2795  -3.3529   6.4624  14.1226   0.0000   0.0000   0.0000
    2796  -2.9313   7.4564  14.6791   0.0000   0.0000   0.0000
    2797  -2.7357   7.2257  13.6725   0.0000   0.0000   0.0000
    2798  -3.1601   7.1462  13.4315   0.0000   0.0000   0.0000
    2799  -3.2647   7.6451  13.6680   0.0000   0.0000   0.0000
    2800  -2.9762   7.0919  13.9344   0.0000   0.0000   0.0000
    2801  -3.1296   6.8470  14.3683   0.0000   0.0000   0.0000
    2802  -2.8891   7.3475  14.3176   0.0000   0.0000   0.0000
    2803  -2.7380   6.9529  13.5248   0.0000   0.0000   0.0000
    2804  -2.7802   6.8675  13.1861   0.0000   0.0000   0.0000
    2805  -2.5333   7.1756  14.0047   0.0000   0.0000   0.0000
    2806  -2.5390   6.3244  13.5870   0.0000   0.0000   0.0000
    2807  -1.9505   5.8769  13.3145   0.0000   0.0000   0.0000
    2808  -2.5339   6.6061  13.5972   0.0000   0.0000   0.0000
    2809  -2.9172   7.2067  13.3648   0.0000   0.0000   0.0000
    2810  -3.3509   6.5413  13.2545   0.0000   0.0000   0.0000
    2811  -3.1267   6.4557  12.8228   0.0000   0.0000   0.0000
    2812  -3.1576   6.2279  13.0192   0.0000   0.0000   0.0000
    2813  -2.3096   7.2603  13.9812   0.0000   0.0000   0.0000
    2814  -3.1478   6.6157  13.1506   0.0000   0.0000   0.0000
    2815  -3.1924   6.3574  13.5540   0.0000   0.0000   0.0000
    2816  -2.8837   5.4126  13.8754   0.0000   0.0000   0.0000
    2817  -3.2892   5.6022  13.7851   0.0000   0.0000   0.0000
    2818  -2.8994   6.1543  13.2933   0.0000   0.0000   0.0000
    2819  -3.3682   6.1753  13.3263   0.0000   0.0000   0.0000
    2820  -3.5361   6.3245  13.0264   0.0000   0.0000   0.0000
    2821  -3.5380   6.5776  13.0088   0.0000   0.0000   0.0000
    2822  -3.5633   6.4065  11.8538   0.0000   0.0000   0.0000
    2823  -3.1658   7.2399  13.0006   0.0000   0.0000   0.0000
    2824  -2.8356   6.8810  14.1635   0.0000   0.0000   0.0000
    2825  -2.7850   7.4433  13.5386   0.0000   0.0000   0.0000
    2826  -2.4131   7.3159  13.6267   0.0000   0.0000   0.0000
    2827  -3.1391   7.6914  13.2653   0.0000   0.0000   0.0000
    2828  -2.5591   8.8952  13.3254   0.0000   0.0000   0.0000
    2829  -3.4243   8.2165  13.2297   0.0000   0.0000   0.0000
    2830  -3.6971   7.5365  12.6883   0.0000   0.0000   0.0000
    2831  -3.3789   7.0110  13.3001   0.0000   0.0000   0.0000
    2832  -2.4777   8.2414  13.8787   0.0000   0.0000   0.0000
    2833  -2.7672   7.6406  14.0979   0.0000   0.0000   0.0000
    2834  -2.7330   7.1471  14.6200   0.0000   0.0000   0.0000
    2835  -2.5490   7.5792  13.6618   0.0000   0.0000   0.0000
    2836  -2.5203   6.7520  14.1080   0.0000   0.0000   0.0000
    2837  -3.9306   6.4397  13.8783   0.0000   0.0000   0.0000
    2838  -3.2905   7.0304  13.2116   0.0000   0.0000   0.0000
    2839  -4.4112   6.9432  13.6200   0.0000   0.0000   0.0000
    2840  -3.6427   7.2580  14.1691   0.0000   0.0000   0.0000
    2841  -3.1174   7.6243  14.5285   0.0000   0.0000   0.0000
    2842  -3.7565   7.4612  14.3822   0.0000   0.0000   0.0000
    2843  -4.0471   6.4119  14.2224   0.0000   0.0000   0.0000
    2844  -3.4117   7.1261  13.1439   0.0000   0.0000   0.0000
    2845  -3.5407   6.8931  14.1839   0.0000   0.0000   0.0000
    2846  -3.1930   6.6455  14.4365   0.0000   0.0000   0.0000
    2847  -3.1084   6.6894  14.6557   0.0000   0.0000   0.0000
    2848  -2.7454   6.4227  15.1236   0.0000   0.0000   0.0000
    2849  -2.8392   5.2876  14.3603   0.0000   0.0000   0.0000
    2850  -3.5488   6.9151  13.9641   0.0000   0.0000   0.0000
    2851  -3.1869   6.1950  14.2548   0.0000   0.0000   0.0000
    2852  -3.7590   6.3367  14.0177   0.0000   0.0000   0.0000
    2853  -3.4061   6.5090  13.7623   0.0000   0.0000   0.0000
    2854  -3.7844   6.4625  13.8762   0.0000   0.0000   0.0000
    2855  -4.6718   6.8850  13.4867   0.0000   0.0000   0.0000
    2856  -3.7586   6.2504  13.4767   0.0000   0.0000   0.0000
    2857  -3.7236   6.3868  14.5316   0.0000   0.0000   0.0000
    2858  -3.5487   6.0737  13.8803   0.0000   0.0000   0.0000
    2859  -3.9731   6.2560  14.6475   0.0000   0.0000   0.0000
    2860  -3.6312   6.3367  14.1982   0.0000   0.0000   0.0000
    2861  -3.6211   6.5558  13.9177   0.0000   0.0000   0.0000
    2862  -2.6119   6.7095  14.0968   0.0000   0.0000   0.0000
    2863  -2.7235   7.1063  14.0297   0.0000   0.0000   0.0000
    2864  -3.5850   5.9653  14.3898   0.0000   0.0000   0.0000
    2865  -3.6471   6.8768  14.6553   0.0000   0.0000   0.0000
    2866  -3.0518   6.7922  14.5900   0.0000   0.0000   0.0000
    2867  -3.4795   5.8559  14.1997   0.0000   0.0000   0.0000
    2868  -3.8159   5.9153  13.9946   0.0000   0.0000   0.0000
    2869  -3.8497   6.4062  13.8647   0.0000   0.0000   0.0000
    2870  -4.0560   5.7833  13.9076   0.0000   0.0000   0.0000
    2871  -4.2074   6.4422  13.3129   0.0000   0.0000   0.0000
    2872  -3.1396   6.4860  13.5219   0.0000   0.0000   0.0000
    2873  -4.1349   6.1996  13.2501   0.0000   0.0000   0.0000
    2874  -3.8468   6.2467  13.0237   0.0000   0.0000   0.0000
    2875  -3.0801   6.1239  12.9753   0.0000   0.0000   0.0000
    2876  -4.0131   6.2030  13.4724   0.0000   0.0000   0.0000
    2877  -3.4870   6.1190  13.6817   0.0000   0.0000   0.0000
    2878  -4.0433   6.2293  13.6971   0.0000   0.0000   0.0000
    2879  -3.8892   5.1938  14.3259   0.0000   0.0000   0.0000
    2880  -3.5999   5.5230  13.0611   0.0000   0.0000   0.0000
    2881  -3.6170   5.9480  13.0302   0.0000   0.0000   0.0000
    2882  -3.8098   5.1730  13.1962   0.0000   0.0000   0.0000
    2883  -3.1325   5.2939  13.4374   0.0000   0.0000   0.0000
    2884  -4.3561   5.4763  12.3326   0.0000   0.0000   0.0000
    2885  -4.1572   5.8497  12.2428   0.0000   0.0000   0.0000
    2886  -4.0774   5.3313  12.2515   0.0000   0.0000   0.0000
    2887  -3.4536   5.0836  12.0862   0.0000   0.0000   0.0000
    2888  -3.4266   4.9075  12.7279   0.0000   0.0000   0.0000
    2889  -3.0592   4.9309  12.5426   0.0000   0.0000   0.0000
    2890  -2.4721   5.2646  12.7856   0.0000   0.0000   0.0000
    2891  -3.7117   4.9175  12.0427   0.0000   0.0000   0.0000
    2892  -3.8580   4.7308  11.6613   0.0000   0.0000   0.0000
    2893  -3.5929   4.7754  12.3288   0.0000   0.0000   0.0000
    2894  -3.5374   4.6076  12.0614   0.0000   0.0000   0.0000
    2895  -3.9313   5.4257  12.2279   0.0000   0.0000   0.0000
    2896  -3.5989   5.7643  12.8294   0.0000   0.0000   0.0000
    2897  -3.6806   5.8567  12.1122   0.0000   0.0000   0.0000
    2898  -3.2539   5.8320  13.3971   0.0000   0.0000   0.0000
    2899  -3.8056   5.0237  12.4567   0.0000   0.0000   0.0000
    2900  -3.0483   6.1021  13.8295   0.0000   0.0000   0.0000
    2901  -3.3788   6.0258  13.6397   0.0000   0.0000   0.0000
    2902  -3.3791   5.5810  13.1819   0.0000   0.0000   0.0000
    2903  -3.9012   4.8440  12.8161   0.0000   0.0000   0.0000
    2904  -3.6010   6.3375  12.5408   0.0000   0.0000   0.0000
    2905  -4.0539   5.5510  12.8049   0.0000   0.0000   0.0000
    2906  -3.9175   5.0297  12.6476   0.0000   0.0000   0.0000
    2907  -4.4948   4.8034  12.8717   0.0000   0.0000   0.0000
    2908  -4.0290   4.6712  12.2537   0.0000   0.0000   0.0000
    2909  -4.2518   5.0529  11.8455   0.0000   0.0000   0.0000
    2910  -5.1470   4.5425  11.9856   0.0000   0.0000   0.0000
    2911  -5.2279   5.1468  11.9785   0.0000   0.0000   0.0000
    2912  -4.4563   5.6019  11.9182   0.0000   0.0000   0.0000
    2913  -5.2321   5.6772  11.8130   0.0000   0.0000   0.0000
    2914  -4.5182   5.1187  11.4458   0.0000   0.0000   0.0000
    2915  -3.6471   5.5308  11.5324   0.0000   0.0000   0.0000
    2916  -4.6457   5.5731  12.2170   0.0000   0.0000   0.0000
    2917  -4.1989   4.6028  11.9539   0.0000   0.0000   0.0000
    2918  -4.4636   5.5167  11.8836   0.0000   0.0000   0.0000
    2919  -4.0433   5.5825  12.2944   0.0000   0.0000   0.0000
    2920  -4.2115   6.1695  12.5334   0.0000   0.0000   0.0000
    2921  -3.6507   5.4673  12.3864   0.0000   0.0000   0.0000
    2922  -4.1816   5.9143  11.7971   0.0000   0.0000   0.0000
    2923  -3.9752   5.6525  12.2558   0.0000   0.0000   0.0000
    2924  -3.8666   5.9376  11.8368   0.0000   0.0000   0.0000
    2925  -4.0112   6.0854  12.1276   0.0000   0.0000   0.0000
    2926  -4.5137   5.8106  12.8713   0.0000   0.0000   0.0000
    2927  -4.1499   5.6933  12.1902   0.0000   0.0000   0.0000
    2928  -4.5782   5.6139  11.3641   0.0000   0.0000   0.0000
    2929  -4.1678   5.6153  12.2774   0.0000   0.0000   0.0000
    2930  -4.5447   5.9020  11.0799   0.0000   0.0000   0.0000
    2931  -4.0786   6.2876  11.4295   0.0000   0.0000   0.0000
    2932  -4.2626   5.6545  11.5502   0.0000   0.0000   0.0000
    2933  -3.7242   5.9905  11.4810   0.0000   0.0000   0.0000
    2934  -4.1195   6.5135  11.0199   0.0000   0.0000   0.0000
    2935  -4.1947   6.1580  11.1008   0.0000   0.0000   0.0000
    2936  -4.0401   6.1583  11.1382   0.0000   0.0000   0.0000
    2937  -4.1706   6.3275  10.9502   0.0000   0.0000   0.0000
    2938  -3.0605   5.9430  10.4483   0.0000   0.0000   0.0000
    2939  -4.1079   6.0800  10.3466   0.0000   0.0000   0.0000
    2940  -3.0369   6.3501  11.2937   0.0000   0.0000   0.0000
    2941  -3.0970   5.7764  11.2636   0.0000   0.0000   0.0000
    2942  -3.4949   6.6487  10.3375   0.0000   0.0000   0.0000
    2943  -3.8655   6.4168  10.7933   0.0000   0.0000   0.0000
    2944  -3.8391   6.5428  11.2528   0.0000   0.0000   0.0000
    2945  -4.1452   7.1344  11.1222   0.0000   0.0000   0.0000
    2946  -3.8876   6.6913  12.6694   0.0000   0.0000   0.0000
    2947  -3.3725   6.9367  11.5419   0.0000   0.0000   0.0000
    2948  -3.3509   6.6802  11.8391   0.0000   0.0000   0.0000
    2949  -4.1962   6.4020  11.5191   0.0000   0.0000   0.0000
    2950  -3.1029   6.2612  10.8353   0.0000   0.0000   0.0000
    2951  -4.3372   6.4890  11.1076   0.0000   0.0000   0.0000
    2952  -3.9975   5.9133  11.0659   0.0000   0.0000   0.0000
    2953  -3.9579   6.2464  11.0820   0.0000   0.0000   0.0000
    2954  -4.5788   6.2095  10.9980   0.0000   0.0000   0.0000
    2955  -4.6854   6.8364  10.4998   0.0000   0.0000   0.0000
    2956  -4.6013   5.7645  11.0402   0.0000   0.0000   0.0000
    2957  -5.2387   6.2103  10.4952   0.0000   0.0000   0.0000
    2958  -4.7511   6.9936  11.1947   0.0000   0.0000   0.0000
    2959  -4.6950   7.0680  11.4452   0.0000   0.0000   0.0000
    2960  -3.7308   7.1125  11.3842   0.0000   0.0000   0.0000
    2961  -4.5050   6.2142  11.0490   0.0000   0.0000   0.0000
    2962  -3.6479   6.7624  10.6641   0.0000   0.0000   0.0000
    2963  -4.0682   7.2356  10.3032   0.0000   0.0000   0.0000
    2964  -4.6300   6.7348  10.1913   0.0000   0.0000   0.0000
    2965  -4.0180   6.3305  10.6335   0.0000   0.0000   0.0000
    2966  -4.9828   6.0479   9.9789   0.0000   0.0000   0.0000
    2967  -3.1270   6.0213  11.3949   0.0000   0.0000   0.0000
    2968  -4.2721   5.6902   9.7873   0.0000   0.0000   0.0000
    2969  -4.1056   5.2197  10.0051   0.0000   0.0000   0.0000
    2970  -4.6533   4.6763  10.0490   0.0000   0.0000   0.0000
    2971  -4.4340   5.4651  10.3078   0.0000   0.0000   0.0000
    2972  -5.1540   6.1866  10.2195   0.0000   0.0000   0.0000
    2973  -4.7002   5.6707  10.0876   0.0000   0.0000   0.0000
    2974  -4.7586   4.9963   9.5639   0.0000   0.0000   0.0000
    2975  -4.4802   4.5804   9.3596   0.0000   0.0000   0.0000
    2976  -5.1939   4.4535  10.0642   0.0000   0.0000   0.0000
    2977  -4.8853   5.4419  10.4891   0.0000   0.0000   0.0000
    2978  -5.0233   5.3925  10.6262   0.0000   0.0000   0.0000
    2979  -6.0630   5.7564   9.9888   0.0000   0.0000   0.0000
    2980  -6.0358   5.6553  10.4697   0.0000   0.0000   0.0000
    2981  -5.1634   6.2318  10.3355   0.0000   0.0000   0.0000
    2982  -5.2396   6.0319  11.0847   0.0000   0.0000   0.0000
    2983  -5.5948   6.6242  11.9378   0.0000   0.0000   0.0000
    2984  -4.6512   5.7557  11.6892   0.0000   0.0000   0.0000
    2985  -4.9967   5.7792  12.1769   0.0000   0.0000   0.0000
    2986  -5.5555   4.6987  11.2665   0.0000   0.0000   0.0000
    2987  -4.8840   4.7428  11.5189   0.0000   0.0000   0.0000
    2988  -4.5939   4.0479  12.0215   0.0000   0.0000   0.0000
    2989  -4.5783   5.1422  12.1216   0.0000   0.0000   0.0000
    2990  -4.6700   4.0718  12.3815   0.0000   0.0000   0.0000
    2991  -3.8608   4.5121  12.8408   0.0000   0.0000   0.0000
    2992  -3.7299   4.6355  12.4786   0.0000   0.0000   0.0000
    2993  -3.4499   5.2619  12.5245   0.0000   0.0000   0.0000
    2994  -3.2142   5.0082  12.0593   0.0000   0.0000   0.0000
    2995  -3.6849   4.9628  11.6294   0.0000   0.0000   0.0000
    2996  -3.2476   4.6027  11.3329   0.0000   0.0000   0.0000
    2997  -3.8814   4.1708  12.2319   0.0000   0.0000   0.0000
    2998  -3.2328   5.1760  11.9760   0.0000   0.0000   0.0000
    2999  -3.7918   4.5119  12.1706   0.0000   0.0000   0.0000
    3000  -3.8314   4.3364  12.6403   0.0000   0.0000   0.0000
    3001  -3.7455   4.8630  11.2085   0.0000   0.0000   0.0000
    3002  -3.6471   4.7902  11.7238   0.0000   0.0000   0.0000
    3003  -4.0306   4.8070  11.3934   0.0000   0.0000   0.0000
    3004  -4.0619   4.9874  11.1782   0.0000   0.0000   0.0000
    3005  -3.8890   3.4966  11.5353   0.0000   0.0000   0.0000
    3006  -4.6146   4.4604  11.3365   0.0000   0.0000   0.0000
    3007  -4.7882   4.5998  11.3999   0.0000   0.0000   0.0000
    3008  -3.3108   5.4380  13.1866   0.0000   0.0000   0.0000
    3009  -4.2442   4.6725  12.7748   0.0000   0.0000   0.0000
    3010  -3.6329   4.2543  13.0213   0.0000   0.0000   0.0000
    3011  -3.6166   4.4245  13.8163   0.0000   0.0000   0.0000
    3012  -4.2375   4.8364  13.5264   0.0000   0.0000   0.0000
    3013  -3.5906   5.1405  13.5982   0.0000   0.0000   0.0000
    3014  -4.3402   5.1465  13.4070   0.0000   0.0000   0.0000
    3015  -3.7446   5.9101  13.7393   0.0000   0.0000   0.0000
    3016  -3.4395   4.9535  13.6410   0.0000   0.0000   0.0000
    3017  -2.9709   5.2020  13.5202   0.0000   0.0000   0.0000
    3018  -2.2974   5.9864  13.6024   0.0000   0.0000   0.0000
    3019  -3.2599   5.6401  13.3427   0.0000   0.0000   0.0000
    3020  -2.7830   6.0331  13.4032   0.0000   0.0000   0.0000
    3021  -2.6909   5.8229  14.0975   0.0000   0.0000   0.0000
    3022  -2.3738   5.9366  14.3284   0.0000   0.0000   0.0000
    3023  -2.9191   6.4668  13.4200   0.0000   0.0000   0.0000
    3024  -2.8051   6.2787  14.0515   0.0000   0.0000   0.0000
    3025  -2.0303   6.9037  14.1666   0.0000   0.0000   0.0000
    3026  -1.8561   6.6344  13.8058   0.0000   0.0000   0.0000
    3027  -2.0949   6.7129  14.3203   0.0000   0.0000   0.0000
    3028  -1.0363   5.8322  14.4705   0.0000   0.0000   0.0000
    3029  -2.3349   6.1635  14.2488   0.0000   0.0000   0.0000
    3030  -2.0859   6.7295  14.5517   0.0000   0.0000   0.0000
    3031  -2.6787   5.9349  14.0949   0.0000   0.0000   0.0000
    3032  -3.3074   5.4176  14.2751   0.0000   0.0000   0.0000
    3033  -2.1582   4.9352  14.2178   0.0000   0.0000   0.0000
    3034  -2.6200   5.3222  14.4828   0.0000   0.0000   0.0000
    3035  -2.7539   6.3350  14.0775   0.0000   0.0000   0.0000
    3036  -3.2097   5.6135  14.3373   0.0000   0.0000   0.0000
    3037  -2.8098   6.2179  13.5624   0.0000   0.0000   0.0000
    3038  -2.6352   6.0787  14.5482   0.0000   0.0000   0.0000
    3039  -3.5004   5.9974  14.3188   0.0000   0.0000   0.0000
    3040  -3.8792   5.7715  13.6421   0.0000   0.0000   0.0000
    3041  -3.9050   5.6778  14.4451   0.0000   0.0000   0.0000
    3042  -4.3273   6.3706  15.0338   0.0000   0.0000   0.0000
    3043  -2.9160   6.3799  14.2585   0.0000   0.0000   0.0000
    3044  -4.0373   6.8364  14.8072   0.0000   0.0000   0.0000
    3045  -3.5312   6.5336  14.9084   0.0000   0.0000   0.0000
    3046  -3.9755   6.4048  14.4927   0.0000   0.0000   0.0000
    3047  -4.1721   6.1278  13.9551   0.0000   0.0000   0.0000
    3048  -5.2410   5.8000  13.3917   0.0000   0.0000   0.0000
    3049  -4.0128   5.8163  14.4966   0.0000   0.0000   0.0000
    3050  -3.9125   6.0776  14.7545   0.0000   0.0000   0.0000
    3051  -3.7713   5.4258  15.0852   0.0000   0.0000   0.0000
    3052  -3.6344   5.2821  14.5189   0.0000   0.0000   0.0000
    3053  -3.6330   5.0154  14.5981   0.0000   0.0000   0.0000
    3054  -3.5361   5.7969  15.1788   0.0000   0.0000   0.0000
    3055  -2.8135   5.4431  14.7873   0.0000   0.0000   0.0000
    3056  -4.5312   6.3405  15.4171   0.0000   0.0000   0.0000
    3057  -3.7548   6.2189  15.6689   0.0000   0.0000   0.0000
    3058  -4.2248   5.6084  15.3706   0.0000   0.0000   0.0000
    3059  -4.0640   5.5214  14.7446   0.0000   0.0000   0.0000
    3060  -4.9544   5.4114  14.8549   0.0000   0.0000   0.0000
    3061  -5.0922   5.3384  14.9454   0.0000   0.0000   0.0000
    3062  -5.0096   4.8638  15.5860   0.0000   0.0000   0.0000
    3063  -4.6808   4.2598  14.9310   0.0000   0.0000   0.0000
    3064  -3.6494   4.7661  14.8169   0.0000   0.0000   0.0000
    3065  -3.6863   4.1243  14.5030   0.0000   0.0000   0.0000
    3066  -3.5809   3.3930  14.1323   0.0000   0.0000   0.0000
    3067  -3.4335   3.9384  14.4288   0.0000   0.0000   0.0000
    3068  -3.3152   3.3579  14.8056   0.0000   0.0000   0.0000
    3069  -2.8947   4.9053  15.2335   0.0000   0.0000   0.0000
    3070  -4.3081   5.0658  14.7452   0.0000   0.0000   0.0000
    3071  -3.9100   4.5658  14.6992   0.0000   0.0000   0.0000
    3072  -2.8762   4.2699  14.6699   0.0000   0.0000   0.0000
    3073  -3.4989   5.2405  14.3246   0.0000   0.0000   0.0000
    3074  -4.0453   4.8279  15.4165   0.0000   0.0000   0.0000
    3075  -4.0992   4.7546  15.0609   0.0000   0.0000   0.0000
    3076  -4.0980   4.8918  14.2945   0.0000   0.0000   0.0000
    3077  -3.7586   5.5000  13.9624   0.0000   0.0000   0.0000
    3078  -3.9635   5.8751  14.7292   0.0000   0.0000   0.0000
    3079  -3.4685   5.3907  14.0661   0.0000   0.0000   0.0000
    3080  -3.7785   5.5453  14.1238   0.0000   0.0000   0.0000
    3081  -3.6383   5.3150  13.4289   0.0000   0.0000   0.0000
    3082  -4.0568   5.4832  14.2402   0.0000   0.0000   0.0000
    3083  -3.5899   5.1779  15.5806   0.0000   0.0000   0.0000
    3084  -3.6737   4.3433  15.3658   0.0000   0.0000   0.0000
    3085  -3.1711   5.3399  14.4829   0.0000   0.0000   0.0000
    3086  -3.2053   5.0208  14.6020   0.0000   0.0000   0.0000
    3087  -3.1048   4.5168  13.2465   0.0000   0.0000   0.0000
    3088  -2.9448   3.9329  12.9387   0.0000   0.0000   0.0000
    3089  -3.1036   4.1419  13.3325   0.0000   0.0000   0.0000
    3090  -3.4971   4.1369  14.0699   0.0000   0.0000   0.0000
    3091  -3.9493   3.4630  13.5949   0.0000   0.0000   0.0000
    3092  -4.1114   4.6729  13.6576   0.0000   0.0000   0.0000
    3093  -4.0351   3.5838  14.0338   0.0000   0.0000   0.0000
    3094  -3.4687   4.2078  13.6552   0.0000   0.0000   0.0000
    3095  -4.2912   4.2774  13.8055   0.0000   0.0000   0.0000
    3096  -3.7275   4.6950  14.3733   0.0000   0.0000   0.0000
    3097  -4.1208   5.8822  14.3461   0.0000   0.0000   0.0000
    3098  -3.2435   4.3991  13.4963   0.0000   0.0000   0.0000
    3099  -2.9538   4.7779  14.2570   0.0000   0.0000   0.0000
    3100  -5.0034   5.0749  14.9110   0.0000   0.0000   0.0000
    3101  -4.6324   4.7719  14.5190   0.0000   0.0000   0.0000
    3102  -5.5894   4.6461  14.4390   0.0000   0.0000   0.0000
    3103  -5.2763   5.3709  14.6521   0.0000   0.0000   0.0000
    3104  -4.9067   4.9002  14.7964   0.0000   0.0000   0.0000
    3105  -5.8761   5.2995  14.7712   0.0000   0.0000   0.0000
    3106  -5.3158   5.7257  14.2731   0.0000   0.0000   0.0000
    3107  -4.9045   5.3577  14.6074   0.0000   0.0000   0.0000
    3108  -5.5194   5.6404  15.0179   0.0000   0.0000   0.0000
    3109  -4.9287   5.4647  15.3574   0.0000   0.0000   0.0000
    3110  -5.4431   6.1466  14.8925   0.0000   0.0000   0.0000
    3111  -4.5007   5.7144  15.5833   0.0000   0.0000   0.0000
    3112  -3.7943   5.5770  14.9111   0.0000   0.0000   0.0000
    3113  -5.0066   4.9245  14.8639   0.0000   0.0000   0.0000
    3114  -4.6227   4.9389  14.7127   0.0000   0.0000   0.0000
    3115  -3.6321   4.5047  14.5645   0.0000   0.0000   0.0000
    3116  -4.7229   5.9123  14.5947   0.0000   0.0000   0.0000
    3117  -3.9347   5.0696  15.2837   0.0000   0.0000   0.0000
    3118  -4.0866   4.8138  14.6333   0.0000   0.0000   0.0000
    3119  -4.3187   4.0579  14.8549   0.0000   0.0000   0.0000
    3120  -4.1859   4.3205  15.1127   0.0000   0.0000   0.0000
    3121  -4.6676   3.7919  14.2437   0.0000   0.0000   0.0000
    3122  -4.9783   3.7154  15.1205   0.0000   0.0000   0.0000
    3123  -4.1407   5.0624  14.6322   0.0000   0.0000   0.0000
    3124  -4.2105   5.4747  14.6381   0.0000   0.0000   0.0000
    3125  -4.1725   5.5726  14.2437   0.0000   0.0000   0.0000
    3126  -4.8772   4.0788  14.6612   0.0000   0.0000   0.0000
    3127  -5.4024   3.9374  14.3676   0.0000   0.0000   0.0000
    3128  -4.7498   4.6346  14.2323   0.0000   0.0000   0.0000
    3129  -4.6255   4.6921  14.5965   0.0000   0.0000   0.0000
    3130  -5.2856   4.3549  15.0706   0.0000   0.0000   0.0000
    3131  -5.2863   4.4785  14.3742   0.0000   0.0000   0.0000
    3132  -5.0191   4.2734  14.1084   0.0000   0.0000   0.0000
    3133  -4.7660   3.9437  14.3929   0.0000   0.0000   0.0000
    3134  -4.7616   3.8059  13.9604   0.0000   0.0000   0.0000
    3135  -4.9713   4.2898  14.2617   0.0000   0.0000   0.0000
    3136  -4.4880   4.0066  14.3587   0.0000   0.0000   0.0000
    3137  -4.6901   4.1772  14.5578   0.0000   0.0000   0.0000
    3138  -4.5915   4.5253  13.8386   0.0000   0.0000   0.0000
    3139  -4.3477   3.4191  14.4922   0.0000   0.0000   0.0000
    3140  -4.4937   4.4787  13.8335   0.0000   0.0000   0.0000
    3141  -4.8809   4.7778  14.4651   0.0000   0.0000   0.0000
    3142  -5.3233   4.1450  13.8715   0.0000   0.0000   0.0000
    3143  -4.0324   4.0060  13.9851   0.0000   0.0000   0.0000
    3144  -3.1721   4.7242  13.9581   0.0000   0.0000   0.0000
    3145  -4.2545   4.8267  14.1882   0.0000   0.0000   0.0000
    3146  -4.4530   4.5671  13.7554   0.0000   0.0000   0.0000
    3147  -3.3521   4.6307  13.5767   0.0000   0.0000   0.0000
    3148  -2.8788   4.3717  14.3840   0.0000   0.0000   0.0000
    3149  -3.7944   4.5587  13.1800   0.0000   0.0000   0.0000
    3150  -4.3223   4.0138  13.5565   0.0000   0.0000   0.0000
    3151  -4.3869   4.5051  13.4420   0.0000   0.0000   0.0000
    3152  -3.7058   3.9938  12.9748   0.0000   0.0000   0.0000
    3153  -3.8717   4.5797  13.2535   0.0000   0.0000   0.0000
    3154  -4.1643   3.6958  13.4021   0.0000   0.0000   0.0000
    3155  -4.9058   3.9041  13.7191   0.0000   0.0000   0.0000
    3156  -4.4998   3.7842  13.7009   0.0000   0.0000   0.0000
    3157  -4.2428   3.9075  13.3288   0.0000   0.0000   0.0000
    3158  -4.3438   3.6366  12.4753   0.0000   0.0000   0.0000
    3159  -5.9048   3.8195  12.7570   0.0000   0.0000   0.0000
    3160  -4.3135   3.3843  13.2075   0.0000   0.0000   0.0000
    3161  -4.2767   3.5729  13.2031   0.0000   0.0000   0.0000
    3162  -4.4430   3.8879  13.6013   0.0000   0.0000   0.0000
    3163  -4.4381   3.8633  13.1413   0.0000   0.0000   0.0000
    3164  -4.2306   3.2616  13.0893   0.0000   0.0000   0.0000
    3165  -4.2459   3.8852  13.4087   0.0000   0.0000   0.0000
    3166  -3.8041   3.0510  14.0099   0.0000   0.0000   0.0000
    3167  -4.5003   3.4286  13.9562   0.0000   0.0000   0.0000
    3168  -4.7842   3.5719  14.4691   0.0000   0.0000   0.0000
    3169  -3.8531   3.9521  14.3688   0.0000   0.0000   0.0000
    3170  -4.8939   3.9852  14.2224   0.0000   0.0000   0.0000
    3171  -5.4303   3.3891  14.6355   0.0000   0.0000   0.0000
    3172  -4.8387   3.4874  13.8084   0.0000   0.0000   0.0000
    3173  -4.3212   3.2087  14.1216   0.0000   0.0000   0.0000
    3174  -4.1287   3.3370  14.2314   0.0000   0.0000   0.0000
    3175  -4.1464   3.5865  14.5669   0.0000   0.0000   0.0000
    3176  -4.4405   3.8771  13.7094   0.0000   0.0000   0.0000
    3177  -4.4711   3.6699  13.3795   0.0000   0.0000   0.0000
    3178  -4.2855   3.4124  13.5400   0.0000   0.0000   0.0000
    3179  -4.5979   3.4441  12.6448   0.0000   0.0000   0.0000
    3180  -4.7672   4.1488  13.4179   0.0000   0.0000   0.0000
    3181  -3.7845   4.6485  13.2376   0.0000   0.0000   0.0000
    3182  -4.6464   4.3688  13.1615   0.0000   0.0000   0.0000
    3183  -5.2843   4.3828  12.6841   0.0000   0.0000   0.0000
    3184  -4.6631   4.1970  12.7295   0.0000   0.0000   0.0000
    3185  -4.7805   4.5626  12.9218   0.0000   0.0000   0.0000
    3186  -5.5042   4.8830  12.0731   0.0000   0.0000   0.0000
    3187  -4.8643   4.5412  12.1501   0.0000   0.0000   0.0000
    3188  -4.3211   4.2934  12.5578   0.0000   0.0000   0.0000
    3189  -4.9654   4.1240  12.7189   0.0000   0.0000   0.0000
    3190  -4.1131   4.1499  12.6496   0.0000   0.0000   0.0000
    3191  -4.4909   3.6894  12.8600   0.0000   0.0000   0.0000
    3192  -3.7207   5.4244  13.2494   0.0000   0.0000   0.0000
    3193  -3.8762   5.7214  12.7598   0.0000   0.0000   0.0000
    3194  -4.1347   5.5199  12.6585   0.0000   0.0000   0.0000
    3195  -3.8138   4.9783  12.9711   0.0000   0.0000   0.0000
    3196  -4.5680   5.1900  13.2416   0.0000   0.0000   0.0000
    3197  -5.4398   4.7650  12.7957   0.0000   0.0000   0.0000
    3198  -4.1288   4.5015  13.3653   0.0000   0.0000   0.0000
    3199  -4.4959   4.7915  12.8101   0.0000   0.0000   0.0000
    3200  -4.6693   4.9240  13.5579   0.0000   0.0000   0.0000
    3201  -4.8329   5.3497  13.3125   0.0000   0.0000   0.0000
    3202  -5.0067   5.0470  13.2774   0.0000   0.0000   0.0000
    3203  -4.0361   4.9821  13.3686   0.0000   0.0000   0.0000
    3204  -4.1374   5.5317  12.6239   0.0000   0.0000   0.0000
    3205  -5.3204   4.8342  13.9559   0.0000   0.0000   0.0000
    3206  -5.2344   4.6572  13.2368   0.0000   0.0000   0.0000
    3207  -4.9153   4.1459  13.4001   0.0000   0.0000   0.0000
    3208  -5.0318   4.1397  13.2652   0.0000   0.0000   0.0000
    3209  -5.0126   3.6344  13.8132   0.0000   0.0000   0.0000
    3210  -5.7019   3.9982  13.9063   0.0000   0.0000   0.0000
    3211  -5.4165   3.8692  13.8259   0.0000   0.0000   0.0000
    3212  -6.3540   3.2974  14.2048   0.0000   0.0000   0.0000
    3213  -5.7106   3.3596  13.1784   0.0000   0.0000   0.0000
    3214  -5.2161   3.4334  12.9595   0.0000   0.0000   0.0000
    3215  -5.5048   3.6490  13.3724   0.0000   0.0000   0.0000
    3216  -5.4813   3.9020  13.0477   0.0000   0.0000   0.0000
    3217  -5.9185   4.1273  13.4779   0.0000   0.0000   0.0000
    3218  -6.4492   4.1227  12.9991   0.0000   0.0000   0.0000
    3219  -5.9710   4.0067  13.9562   0.0000   0.0000   0.0000
    3220  -5.0135   4.2582  13.6859   0.0000   0.0000   0.0000
    3221  -5.9802   4.1369  13.5710   0.0000   0.0000   0.0000
    3222  -4.3049   4.0186  14.2638   0.0000   0.0000   0.0000
    3223  -4.5965   5.4665  13.9671   0.0000   0.0000   0.0000
    3224  -4.4411   5.2446  14.4968   0.0000   0.0000   0.0000
    3225  -4.9889   4.6269  14.7526   0.0000   0.0000   0.0000
    3226  -5.0511   4.9569  13.9726   0.0000   0.0000   0.0000
    3227  -3.8361   5.6385  14.8147   0.0000   0.0000   0.0000
    3228  -5.4454   5.3939  14.3854   0.0000   0.0000   0.0000
    3229  -5.3873   5.7446  15.3358   0.0000   0.0000   0.0000
    3230  -5.3025   5.1045  14.6208   0.0000   0.0000   0.0000
    3231  -5.0097   4.9087  15.4981   0.0000   0.0000   0.0000
    3232  -5.8008   4.9219  14.9845   0.0000   0.0000   0.0000
    3233  -5.6568   5.6388  15.3426   0.0000   0.0000   0.0000
    3234  -5.4586   5.5481  15.1212   0.0000   0.0000   0.0000
    3235  -6.1799   5.7915  14.8952   0.0000   0.0000   0.0000
    3236  -4.4360   5.3785  15.3374   0.0000   0.0000   0.0000
    3237  -5.7129   5.1830  14.2979   0.0000   0.0000   0.0000
    3238  -4.9773   5.4600  14.7615   0.0000   0.0000   0.0000
    3239  -4.8598   4.5317  14.3940   0.0000   0.0000   0.0000
    3240  -5.5205   5.0305  14.5603   0.0000   0.0000   0.0000
    3241  -4.9886   4.7770  15.0578   0.0000   0.0000   0.0000
    3242  -5.0946   4.7953  14.1158   0.0000   0.0000   0.0000
    3243  -5.5368   5.2143  13.9436   0.0000   0.0000   0.0000
    3244  -5.3420   4.4431  13.6759   0.0000   0.0000   0.0000
    3245  -4.4855   4.7841  13.6360   0.0000   0.0000   0.0000
    3246  -4.9524   5.3028  13.4764   0.0000   0.0000   0.0000
    3247  -4.3267   4.6746  13.9945   0.0000   0.0000   0.0000
    3248  -4.0844   5.1247  13.3518   0.0000   0.0000   0.0000
    3249  -4.2491   5.1709  12.9707   0.0000   0.0000   0.0000
    3250  -3.9040   5.7307  13.8124   0.0000   0.0000   0.0000
    3251  -3.6597   5.6176  13.7799   0.0000   0.0000   0.0000
    3252  -3.9929   5.0493  13.8758   0.0000   0.0000   0.0000
    3253  -3.5079   5.4795  13.4231   0.0000   0.0000   0.0000
    3254  -3.5606   5.1287  13.6003   0.0000   0.0000   0.0000
    3255  -2.9317   5.0202  14.7388   0.0000   0.0000   0.0000
    3256  -3.5662   5.6852  13.7455   0.0000   0.0000   0.0000
    3257  -3.0233   5.3339  14.2982   0.0000   0.0000   0.0000
    3258  -2.3508   4.6391  13.8900   0.0000   0.0000   0.0000
    3259  -3.2580   4.8548  13.6945   0.0000   0.0000   0.0000
    3260  -3.0027   5.2996  13.6933   0.0000   0.0000   0.0000
    3261  -3.0794   5.2576  13.6658   0.0000   0.0000   0.0000
    3262  -3.6808   5.0273  12.8993   0.0000   0.0000   0.0000
    3263  -3.3870   4.7201  13.4414   0.0000   0.0000   0.0000
    3264  -3.5660   5.1395  13.5260   0.0000   0.0000   0.0000
    3265  -3.4980   5.3272  14.2401   0.0000   0.0000   0.0000
    3266  -3.4746   4.6155  14.2236   0.0000   0.0000   0.0000
    3267  -3.9836   4.7830  13.8566   0.0000   0.0000   0.0000
    3268  -3.8597   4.3222  14.0369   0.0000   0.0000   0.0000
    3269  -3.5296   4.2286  14.3141   0.0000   0.0000   0.0000
    3270  -3.7466   4.4081  14.1263   0.0000   0.0000   0.0000
    3271  -3.7521   3.7541  13.8653   0.0000   0.0000   0.0000
    3272  -4.0089   3.7900  14.5926   0.0000   0.0000   0.0000
    3273  -3.9614   4.7015  14.6095   0.0000   0.0000   0.0000
    3274  -2.7947   4.6231  14.7170   0.0000   0.0000   0.0000
    3275  -4.0430   5.3380  15.5581   0.0000   0.0000   0.0000
    3276  -4.5237   4.9726  15.0067   0.0000   0.0000   0.0000
    3277  -4.4397   4.9554  14.7558   0.0000   0.0000   0.0000
    3278  -4.6045   5.0621  14.0697   0.0000   0.0000   0.0000
    3279  -4.2234   5.0510  14.8142   0.0000   0.0000   0.0000
    3280  -4.1153   3.9155  14.9822   0.0000   0.0000   0.0000
    3281  -4.5309   4.1246  14.5628   0.0000   0.0000   0.0000
    3282  -3.8248   4.1680  14.7398   0.0000   0.0000   0.0000
    3283  -4.1377   4.9604  15.4752   0.0000   0.0000   0.0000
    3284  -3.2254   3.5382  15.3524   0.0000   0.0000   0.0000
    3285  -3.9043   3.5197  15.0314   0.0000   0.0000   0.0000
    3286  -3.7829   4.9166  14.7054   0.0000   0.0000   0.0000
    3287  -4.1645   3.7772  14.3409   0.0000   0.0000   0.0000
    3288  -4.3664   3.5209  13.9170   0.0000   0.0000   0.0000
    3289  -2.8224   2.5671  14.4724   0.0000   0.0000   0.0000
    3290  -2.8806   4.0624  14.1615   0.0000   0.0000   0.0000
    3291  -2.7426   2.7687  14.4006   0.0000   0.0000   0.0000
    3292  -2.3424   3.7126  14.5978   0.0000   0.0000   0.0000
    3293  -3.4902   2.9542  13.9732   0.0000   0.0000   0.0000
    3294  -4.0543   2.7651  14.5874   0.0000   0.0000   0.0000
    3295  -4.4395   4.0337  14.5634   0.0000   0.0000   0.0000
    3296  -4.4397   3.7183  15.0657   0.0000   0.0000   0.0000
    3297  -3.9604   3.2837  14.7768   0.0000   0.0000   0.0000
    3298  -4.5374   3.6138  14.4337   0.0000   0.0000   0.0000
    3299  -4.8041   4.2567  14.8194   0.0000   0.0000   0.0000
    3300  -3.5226   4.5082  14.6244   0.0000   0.0000   0.0000
    3301  -4.5726   4.3522  14.9311   0.0000   0.0000   0.0000
    3302  -3.4574   3.7618  15.6838   0.0000   0.0000   0.0000
    3303  -5.2486   3.9030  15.2457   0.0000   0.0000   0.0000
    3304  -4.0284   4.0861  14.3772   0.0000   0.0000   0.0000
    3305  -4.0779   3.7989  14.8772   0.0000   0.0000   0.0000
    3306  -4.0613   3.7257  14.3422   0.0000   0.0000   0.0000
    3307  -4.0244   4.5410  14.2174   0.0000   0.0000   0.0000
    3308  -3.6414   5.1729  13.9471   0.0000   0.0000   0.0000
    3309  -3.0917   4.0227  14.6860   0.0000   0.0000   0.0000
    3310  -4.3272   4.9800  14.6044   0.0000   0.0000   0.0000
    3311  -4.1680   5.2945  14.9790   0.0000   0.0000   0.0000
    3312  -3.6209   3.8501  14.9902   0.0000   0.0000   0.0000
    3313  -3.0877   4.7886  14.8204   0.0000   0.0000   0.0000
    3314  -3.5873   4.4939  15.0878   0.0000   0.0000   0.0000
    3315  -3.5047   3.7606  14.9791   0.0000   0.0000   0.0000
    3316  -3.9927   4.9729  14.6552   0.0000   0.0000   0.0000
    3317  -4.5145   4.2109  14.0298   0.0000   0.0000   0.0000
    3318  -3.8834   4.0542  14.2502   0.0000   0.0000   0.0000
    3319  -4.7029   4.6585  14.2261   0.0000   0.0000   0.0000
    3320  -5.0463   4.2466  13.9931   0.0000   0.0000   0.0000
    3321  -4.5475   3.9672  14.1500   0.0000   0.0000   0.0000
    3322  -5.5035   3.8041  14.5517   0.0000   0.0000   0.0000
    3323  -6.3110   3.7620  14.3130   0.0000   0.0000   0.0000
    3324  -5.7829   4.1011  14.5851   0.0000   0.0000   0.0000
    3325  -5.3410   3.8376  14.4639   0.0000   0.0000   0.0000
    3326  -5.4213   3.0849  14.8403   0.0000   0.0000   0.0000
    3327  -5.7983   3.1204  14.6409   0.0000   0.0000   0.0000
    3328  -5.1663   4.1051  14.3676   0.0000   0.0000   0.0000
    3329  -4.9553   2.9331  14.7262   0.0000   0.0000   0.0000
    3330  -5.2451   3.6802  14.9518   0.0000   0.0000   0.0000
    3331  -5.0598   3.6526  13.7136   0.0000   0.0000   0.0000
    3332  -5.4454   3.7646  14.0987   0.0000   0.0000   0.0000
    3333  -4.1864   3.8905  13.9960   0.0000   0.0000   0.0000
    3334  -5.5074   3.9041  13.8000   0.0000   0.0000   0.0000
    3335  -5.9615   3.8949  13.3684   0.0000   0.0000   0.0000
    3336  -5.3804   3.4742  13.0865   0.0000   0.0000   0.0000
    3337  -5.6494   4.1594  12.7204   0.0000   0.0000   0.0000
    3338  -5.6237   3.5026  13.7629   0.0000   0.0000   0.0000
    3339  -5.5471   3.1294  12.7898   0.0000   0.0000   0.0000
    3340  -4.3634   3.7061  12.9636   0.0000   0.0000   0.0000
    3341  -4.5114   3.8595  12.9549   0.0000   0.0000   0.0000
    3342  -5.2566   4.3004  12.5610   0.0000   0.0000   0.0000
    3343  -5.5717   3.9608  13.3279   0.0000   0.0000   0.0000
    3344  -5.0646   4.2122  13.3817   0.0000   0.0000   0.0000
    3345  -5.1564   4.3894  13.8212   0.0000   0.0000   0.0000
    3346  -5.0149   4.1886  13.8755   0.0000   0.0000   0.0000
    3347  -4.7610   5.0829  13.2418   0.0000   0.0000   0.0000
    3348  -4.5309   4.3166  13.9160   0.0000   0.0000   0.0000
    3349  -5.1022   4.3544  13.8141   0.0000   0.0000   0.0000
    3350  -5.8120   4.6483  14.0154   0.0000   0.0000   0.0000
    3351  -6.0484   5.3842  13.8559   0.0000   0.0000   0.0000
    3352  -5.9530   4.5610  14.2003   0.0000   0.0000   0.0000
    3353  -5.7589   4.4933  13.8307   0.0000   0.0000   0.0000
    3354  -5.6246   4.5934  13.2480   0.0000   0.0000   0.0000
    3355  -4.7320   4.4837  13.4432   0.0000   0.0000   0.0000
    3356  -4.2901   4.3301  13.2220   0.0000   0.0000   0.0000
    3357  -4.4814   3.8942  12.7480   0.0000   0.0000   0.0000
    3358  -4.3649   3.7311  13.1365   0.0000   0.0000   0.0000
    3359  -4.5047   3.8496  12.9685   0.0000   0.0000   0.0000
    3360  -4.4178   2.9886  13.2225   0.0000   0.0000   0.0000
    3361  -5.0245   2.8064  12.9947   0.0000   0.0000   0.0000
    3362  -4.9960   3.8948  13.1190   0.0000   0.0000   0.0000
    3363  -4.7548   4.2916  13.7711   0.0000   0.0000   0.0000
    3364  -4.0014   4.6210  13.4518   0.0000   0.0000   0.0000
    3365  -4.1897   4.5550  13.1913   0.0000   0.0000   0.0000
    3366  -4.8595   3.9630  13.7890   0.0000   0.0000   0.0000
    3367  -4.8757   4.4524  13.4787   0.0000   0.0000   0.0000
    3368  -4.2083   4.0225  13.5207   0.0000   0.0000   0.0000
    3369  -5.1702   4.8836  13.9443   0.0000   0.0000   0.0000
    3370  -5.3895   4.6839  14.2369   0.0000   0.0000   0.0000
    3371  -4.4404   4.1302  14.7412   0.0000   0.0000   0.0000
    3372  -5.1861   2.9803  13.6791   0.0000   0.0000   0.0000
    3373  -5.1593   3.1126  14.0647   0.0000   0.0000   0.0000
    3374  -5.4825   3.0487  13.7063   0.0000   0.0000   0.0000
    3375  -5.2207   2.7245  14.8407   0.0000   0.0000   0.0000
    3376  -4.8880   3.3815  14.4939   0.0000   0.0000   0.0000
    3377  -4.9184   3.3784  13.7643   0.0000   0.0000   0.0000
    3378  -5.5149   3.1353  14.1045   0.0000   0.0000   0.0000
    3379  -5.6219   3.4811  14.5170   0.0000   0.0000   0.0000
    3380  -5.4261   3.7163  13.9412   0.0000   0.0000   0.0000
    3381  -4.9170   3.5364  14.1468   0.0000   0.0000   0.0000
    3382  -5.6160   3.2357  14.3012   0.0000   0.0000   0.0000
    3383  -5.8370   3.2368  15.0253   0.0000   0.0000   0.0000
    3384  -5.0021   3.0395  14.6484   0.0000   0.0000   0.0000
    3385  -4.9743   3.3615  14.3177   0.0000   0.0000   0.0000
    3386  -5.5420   2.3095  15.1104   0.0000   0.0000   0.0000
    3387  -5.5387   3.2382  15.0384   0.0000   0.0000   0.0000
    3388  -6.9578   2.9502  15.0264   0.0000   0.0000   0.0000
    3389  -5.5099   2.8800  14.8990   0.0000   0.0000   0.0000
    3390  -5.4476   3.1862  14.9318   0.0000   0.0000   0.0000
    3391  -6.8795   3.2735  14.6227   0.0000   0.0000   0.0000
    3392  -5.1456   2.4603  14.5105   0.0000   0.0000   0.0000
    3393  -5.6220   2.9510  13.8898   0.0000   0.0000   0.0000
    3394  -6.1884   3.4706  14.2365   0.0000   0.0000   0.0000
    3395  -6.0891   2.7923  14.6453   0.0000   0.0000   0.0000
    3396  -6.8324   3.1602  14.2208   0.0000   0.0000   0.0000
    3397  -7.1933   3.2929  14.5469   0.0000   0.0000   0.0000
    3398  -7.5117   2.9406  15.0322   0.0000   0.0000   0.0000
    3399  -6.4471   3.1908  14.6248   0.0000   0.0000   0.0000
    3400  -6.4896   3.4432  15.2343   0.0000   0.0000   0.0000
    3401  -6.2252   3.3016  14.8336   0.0000   0.0000   0.0000
    3402  -5.3923   3.6964  15.1532   0.0000   0.0000   0.0000
    3403  -5.9366   3.0115  15.3432   0.0000   0.0000   0.0000
    3404  -5.8426   3.0612  15.0174   0.0000   0.0000   0.0000
    3405  -5.8865   3.9927  15.1509   0.0000   0.0000   0.0000
    3406  -6.3364   3.7710  15.1230   0.0000   0.0000   0.0000
    3407  -6.1030   3.6616  14.6903   0.0000   0.0000   0.0000
    3408  -6.3287   3.6802  14.2582   0.0000   0.0000   0.0000
    3409  -5.8532   3.7519  14.1565   0.0000   0.0000   0.0000
    3410  -6.0330   3.5317  13.4325   0.0000   0.0000   0.0000
    3411  -6.6711   2.8087  13.7776   0.0000   0.0000   0.0000
    3412  -5.7487   3.2656  13.5971   0.0000   0.0000   0.0000
    3413  -5.5903   3.1392  13.1033   0.0000   0.0000   0.0000
    3414  -5.6402   2.7773  13.3031   0.0000   0.0000   0.0000
    3415  -5.6965   2.6697  13.6025   0.0000   0.0000   0.0000
    3416  -4.7678   3.1291  13.7253   0.0000   0.0000   0.0000
    3417  -5.0211   2.4174  14.0466   0.0000   0.0000   0.0000
    3418  -4.2545   3.3320  13.7731   0.0000   0.0000   0.0000
    3419  -5.2735   2.4652  13.3576   0.0000   0.0000   0.0000
    3420  -5.9157   2.8905  13.9461   0.0000   0.0000   0.0000
    3421  -6.2770   3.1794  13.7773   0.0000   0.0000   0.0000
    3422  -6.0961   3.1076  13.7320   0.0000   0.0000   0.0000
    3423  -5.2639   2.7611  13.4861   0.0000   0.0000   0.0000
    3424  -6.5190   1.3209  13.6295   0.0000   0.0000   0.0000
    3425  -6.1963   2.3570  13.4106   0.0000   0.0000   0.0000
    3426  -6.1860   2.6069  13.7342   0.0000   0.0000   0.0000
    3427  -6.3997   2.5285  13.6525   0.0000   0.0000   0.0000
    3428  -6.0370   3.1778  13.4431   0.0000   0.0000   0.0000
    3429  -6.0824   2.4520  14.2260   0.0000   0.0000   0.0000
    3430  -5.4692   3.2675  12.7852   0.0000   0.0000   0.0000
    3431  -5.6232   3.1269  13.1151   0.0000   0.0000   0.0000
    3432  -6.2976   3.4093  13.2466   0.0000   0.0000   0.0000
    3433  -6.2089   2.9813  13.2174   0.0000   0.0000   0.0000
    3434  -5.9806   3.6511  13.4156   0.0000   0.0000   0.0000
    3435  -7.0140   3.3150  12.9460   0.0000   0.0000   0.0000
    3436  -6.2462   3.8483  12.7844   0.0000   0.0000   0.0000
    3437  -6.7421   3.5519  12.4329   0.0000   0.0000   0.0000
    3438  -7.0885   3.1822  12.9032   0.0000   0.0000   0.0000
    3439  -6.3626   2.4936  13.0443   0.0000   0.0000   0.0000
    3440  -6.8717   2.8034  13.7569   0.0000   0.0000   0.0000
    3441  -6.0297   2.4031  13.4870   0.0000   0.0000   0.0000
    3442  -6.3105   1.7379  13.2114   0.0000   0.0000   0.0000
    3443  -5.6520   3.2412  12.8618   0.0000   0.0000   0.0000
    3444  -5.3558   2.7107  12.3941   0.0000   0.0000   0.0000
    3445  -4.1084   3.0324  14.0158   0.0000   0.0000   0.0000
    3446  -5.3524   2.8323  13.9462   0.0000   0.0000   0.0000
    3447  -5.7029   3.2421  13.9124   0.0000   0.0000   0.0000
    3448  -5.2355   3.6140  14.2219   0.0000   0.0000   0.0000
    3449  -5.5498   3.8820  14.3725   0.0000   0.0000   0.0000
    3450  -5.3195   4.0571  14.3543   0.0000   0.0000   0.0000
    3451  -5.6377   3.5821  13.4424   0.0000   0.0000   0.0000
    3452  -6.1126   3.9205  13.3981   0.0000   0.0000   0.0000
    3453  -5.9107   3.3464  13.6659   0.0000   0.0000   0.0000
    3454  -5.2364   2.8569  13.4787   0.0000   0.0000   0.0000
    3455  -5.5790   3.0480  13.5171   0.0000   0.0000   0.0000
    3456  -5.6351   2.6538  14.0724   0.0000   0.0000   0.0000
    3457  -5.3016   3.1874  14.2682   0.0000   0.0000   0.0000
    3458  -6.1296   3.4164  14.5606   0.0000   0.0000   0.0000
    3459  -5.9068   2.7695  14.7005   0.0000   0.0000   0.0000
    3460  -5.8135   3.5381  14.9901   0.0000   0.0000   0.0000
    3461  -5.8101   3.2518  15.0667   0.0000   0.0000   0.0000
    3462  -6.0327   4.1671  14.9350   0.0000   0.0000   0.0000
    3463  -5.5200   3.5842  15.2865   0.0000   0.0000   0.0000
    3464  -5.7869   3.4461  13.9159   0.0000   0.0000   0.0000
    3465  -5.2877   3.6380  14.0876   0.0000   0.0000   0.0000
    3466  -4.7426   3.1325  14.3657   0.0000   0.0000   0.0000
    3467  -5.4793   3.2465  14.5866   0.0000   0.0000   0.0000
    3468  -4.6374   4.0171  14.0345   0.0000   0.0000   0.0000
    3469  -5.5271   4.1589  14.3755   0.0000   0.0000   0.0000
    3470  -5.6783   3.8581  14.6004   0.0000   0.0000   0.0000
    3471  -7.0632   4.3888  14.3763   0.0000   0.0000   0.0000
    3472  -4.8253   4.1477  14.5884   0.0000   0.0000   0.0000
    3473  -4.8450   4.2064  14.5066   0.0000   0.0000   0.0000
    3474  -4.8174   4.2592  14.3186   0.0000   0.0000   0.0000
    3475  -4.9718   3.9707  14.7266   0.0000   0.0000   0.0000
    3476  -5.0651   4.6913  13.9733   0.0000   0.0000   0.0000
    3477  -6.1088   4.4161  13.6050   0.0000   0.0000   0.0000
    3478  -5.4931   4.2005  14.2573   0.0000   0.0000   0.0000
    3479  -4.0966   3.8896  14.0820   0.0000   0.0000   0.0000
    3480  -5.7757   3.6665  13.2018   0.0000   0.0000   0.0000
    3481  -5.3337   4.0984  13.5993   0.0000   0.0000   0.0000
    3482  -4.6973   3.7579  13.1632   0.0000   0.0000   0.0000
    3483  -4.2422   3.3807  13.2452   0.0000   0.0000   0.0000
    3484  -4.4439   4.2266  13.1692   0.0000   0.0000   0.0000
    3485  -4.7492   4.1932  13.9687   0.0000   0.0000   0.0000
    3486  -4.8482   3.6559  13.4093   0.0000   0.0000   0.0000
    3487  -4.2570   3.2173  14.3398   0.0000   0.0000   0.0000
    3488  -5.5227   3.0281  14.7570   0.0000   0.0000   0.0000
    3489  -4.3462   4.6403  14.2460   0.0000   0.0000   0.0000
    3490  -4.8719   4.3194  14.8253   0.0000   0.0000   0.0000
    3491  -4.5930   4.3328  14.3645   0.0000   0.0000   0.0000
    3492  -5.4253   3.4703  14.8456   0.0000   0.0000   0.0000
    3493  -4.7721   4.0258  14.6976   0.0000   0.0000   0.0000
    3494  -4.8995   3.6659  14.3401   0.0000   0.0000   0.0000
    3495  -5.7149   4.2346  14.0311   0.0000   0.0000   0.0000
    3496  -5.1703   3.6983  14.3788   0.0000   0.0000   0.0000
    3497  -4.7923   2.9243  14.7332   0.0000   0.0000   0.0000
    3498  -5.4105   4.3839  14.6624   0.0000   0.0000   0.0000
    3499  -5.3407   3.7154  14.5603   0.0000   0.0000   0.0000
    3500  -4.9821   3.6796  14.0374   0.0000   0.0000   0.0000
    3501  -4.6027   3.7581  14.2114   0.0000   0.0000   0.0000
    3502  -4.7706   3.9368  14.9863   0.0000   0.0000   0.0000
    3503  -4.9918   4.0111  14.5955   0.0000   0.0000   0.0000
    3504  -5.3713   2.9961  14.9103   0.0000   0.0000   0.0000
    3505  -4.4264   3.0549  14.4116   0.0000   0.0000   0.0000
    3506  -4.8389   3.3745  14.5505   0.0000   0.0000   0.0000
    3507  -6.0141   3.5437  15.3554   0.0000   0.0000   0.0000
    3508  -5.6388   3.4783  15.0700   0.0000   0.0000   0.0000
    3509  -5.2201   3.7175  15.0969   0.0000   0.0000   0.0000
    3510  -5.2018   3.0685  15.1904   0.0000   0.0000   0.0000
    3511  -5.9370   2.7306  15.4886   0.0000   0.0000   0.0000
    3512  -5.9801   2.8852  14.9301   0.0000   0.0000   0.0000
    3513  -4.5359   3.2392  15.6913   0.0000   0.0000   0.0000
    3514  -5.2265   3.0548  15.5549   0.0000   0.0000   0.0000
    3515  -5.6442   3.5155  15.1937   0.0000   0.0000   0.0000
    3516  -5.2156   3.2445  15.2720   0.0000   0.0000   0.0000
    3517  -5.2095   2.3107  15.4975   0.0000   0.0000   0.0000
    3518  -5.8008   2.1257  15.0734   0.0000   0.0000   0.0000
    3519  -5.3127   2.2849  14.9478   0.0000   0.0000   0.0000
    3520  -5.5889   2.3088  14.6201   0.0000   0.0000   0.0000
    3521  -6.5506   1.8729  15.0641   0.0000   0.0000   0.0000
    3522  -5.7157   2.4532  15.0355   0.0000   0.0000   0.0000
    3523  -5.5629   1.8036  15.5381   0.0000   0.0000   0.0000
    3524  -6.1306   1.5828  15.0084   0.0000   0.0000   0.0000
    3525  -5.9252   2.4680  14.5619   0.0000   0.0000   0.0000
    3526  -5.4905   2.1505  14.3723   0.0000   0.0000   0.0000
    3527  -4.5680   2.0354  15.2454   0.0000   0.0000   0.0000
    3528  -5.1274   2.4461  15.4106   0.0000   0.0000   0.0000
    3529  -5.4629   3.4511  15.4383   0.0000   0.0000   0.0000
    3530  -5.1515   1.7294  15.6268   0.0000   0.0000   0.0000
    3531  -4.9814   2.0823  15.2300   0.0000   0.0000   0.0000
    3532  -5.3868   1.7672  16.3099   0.0000   0.0000   0.0000
    3533  -4.5071   2.1896  15.6683   0.0000   0.0000   0.0000
    3534  -5.3573   1.6879  15.3183   0.0000   0.0000   0.0000
    3535  -5.1812   1.4925  15.4844   0.0000   0.0000   0.0000
    3536  -5.1090   1.8052  15.4982   0.0000   0.0000   0.0000
    3537  -6.1661   2.3323  14.9351   0.0000   0.0000   0.0000
    3538  -6.3739   1.5054  14.7648   0.0000   0.0000   0.0000
    3539  -5.9092   1.5711  15.2486   0.0000   0.0000   0.0000
    3540  -5.5735   1.6310  14.6522   0.0000   0.0000   0.0000
    3541  -5.7695   0.9535  14.8289   0.0000   0.0000   0.0000
    3542  -6.2660   1.5503  15.1191   0.0000   0.0000   0.0000
    3543  -6.2920   1.5645  15.1438   0.0000   0.0000   0.0000
    3544  -5.5425   1.8333  15.1279   0.0000   0.0000   0.0000
    3545  -5.8207   1.5072  14.9477   0.0000   0.0000   0.0000
    3546  -5.7751   1.3603  16.0297   0.0000   0.0000   0.0000
    3547  -6.2642   0.7470  14.9227   0.0000   0.0000   0.0000
    3548  -5.9175   1.1901  14.9885   0.0000   0.0000   0.0000
    3549  -5.4830   0.9287  14.2407   0.0000   0.0000   0.0000
    3550  -5.7533   0.2353  14.6643   0.0000   0.0000   0.0000
    3551  -6.7139   1.1977  14.4483   0.0000   0.0000   0.0000
    3552  -6.1523   1.4448  15.0695   0.0000   0.0000   0.0000
    3553  -6.9651   1.3107  15.5395   0.0000   0.0000   0.0000
    3554  -5.7549   1.6680  15.3785   0.0000   0.0000   0.0000
    3555  -6.1179   1.8919  14.6059   0.0000   0.0000   0.0000
    3556  -6.1739   2.0441  15.1051   0.0000   0.0000   0.0000
    3557  -6.1674   3.1605  15.7366   0.0000   0.0000   0.0000
    3558  -5.8469   2.1255  15.1409   0.0000   0.0000   0.0000
    3559  -6.9301   3.1246  15.5603   0.0000   0.0000   0.0000
    3560  -5.3379   2.8823  14.9192   0.0000   0.0000   0.0000
    3561  -4.1627   3.5554  15.3399   0.0000   0.0000   0.0000
    3562  -5.0217   2.6610  15.9218   0.0000   0.0000   0.0000
    3563  -5.2754   3.4238  14.9583   0.0000   0.0000   0.0000
    3564  -5.8008   2.9955  16.2844   0.0000   0.0000   0.0000
    3565  -5.4846   2.5324  16.0747   0.0000   0.0000   0.0000
    3566  -5.4152   2.6631  16.0092   0.0000   0.0000   0.0000
    3567  -5.5564   2.0076  16.1252   0.0000   0.0000   0.0000
    3568  -5.3007   2.6987  15.9414   0.0000   0.0000   0.0000
    3569  -5.4929   2.4374  16.1603   0.0000   0.0000   0.0000
    3570  -6.0889   2.5948  16.1401   0.0000   0.0000   0.0000
    3571  -5.0539   3.1798  16.4114   0.0000   0.0000   0.0000
    3572  -5.2582   2.5978  16.1371   0.0000   0.0000   0.0000
    3573  -4.8695   2.7114  16.4605   0.0000   0.0000   0.0000
    3574  -4.8547   2.3713  16.9500   0.0000   0.0000   0.0000
    3575  -4.8204   1.6398  16.5090   0.0000   0.0000   0.0000
    3576  -5.1433   3.0855  16.1523   0.0000   0.0000   0.0000
    3577  -4.7874   2.4829  15.4409   0.0000   0.0000   0.0000
    3578  -4.9757   2.5034  16.0910   0.0000   0.0000   0.0000
    3579  -5.3368   2.3998  16.2976   0.0000   0.0000   0.0000
    3580  -5.5329   2.7754  15.5686   0.0000   0.0000   0.0000
    3581  -4.8784   2.6674  15.4191   0.0000   0.0000   0.0000
    3582  -5.8900   1.9484  14.7109   0.0000   0.0000   0.0000
    3583  -5.3488   2.6343  14.9585   0.0000   0.0000   0.0000
    3584  -6.5323   1.5089  14.9495   0.0000   0.0000   0.0000
    3585  -5.7534   1.6598  15.0874   0.0000   0.0000   0.0000
    3586  -5.8658   1.9646  14.3376   0.0000   0.0000   0.0000
    3587  -4.9732   2.5252  14.6536   0.0000   0.0000   0.0000
    3588  -5.3279   2.5338  15.5183   0.0000   0.0000   0.0000
    3589  -4.9694   1.6192  14.5701   0.0000   0.0000   0.0000
    3590  -5.2281   1.7486  14.8063   0.0000   0.0000   0.0000
    3591  -5.1785   2.6345  14.4932   0.0000   0.0000   0.0000
    3592  -5.2067   2.3913  15.8280   0.0000   0.0000   0.0000
    3593  -5.5420   2.3115  14.8941   0.0000   0.0000   0.0000
    3594  -6.4709   1.8042  15.3961   0.0000   0.0000   0.0000
    3595  -6.1729   2.2884  15.5814   0.0000   0.0000   0.0000
    3596  -5.2444   2.5454  15.3782   0.0000   0.0000   0.0000
    3597  -5.6285   2.8487  14.8796   0.0000   0.0000   0.0000
    3598  -6.1668   2.0735  15.1798   0.0000   0.0000   0.0000
    3599  -5.6777   1.6074  14.1753   0.0000   0.0000   0.0000
    3600  -5.4975   1.6425  14.2766   0.0000   0.0000   0.0000
    3601  -5.4473   2.7231  15.0985   0.0000   0.0000   0.0000
    3602  -5.5207   1.3487  14.6806   0.0000   0.0000   0.0000
    3603  -5.8533   2.7931  15.0169   0.0000   0.0000   0.0000
    3604  -4.9734   1.9477  15.3996   0.0000   0.0000   0.0000
    3605  -5.3907   1.4470  14.8161   0.0000   0.0000   0.0000
    3606  -5.7311   2.1616  15.3316   0.0000   0.0000   0.0000
    3607  -5.5177   2.5569  15.2503   0.0000   0.0000   0.0000
    3608  -6.1544   2.1231  15.2001   0.0000   0.0000   0.0000
    3609  -5.9257   2.6884  14.7901   0.0000   0.0000   0.0000
    3610  -5.4591   3.1371  15.2544   0.0000   0.0000   0.0000
    3611  -5.6344   3.0351  15.8015   0.0000   0.0000   0.0000
    3612  -5.9149   2.7939  15.1685   0.0000   0.0000   0.0000
    3613  -5.7761   3.7087  15.7285   0.0000   0.0000   0.0000
    3614  -6.2984   4.0594  15.1561   0.0000   0.0000   0.0000
    3615  -6.3357   2.9909  15.6838   0.0000   0.0000   0.0000
    3616  -6.3537   2.7760  15.8826   0.0000   0.0000   0.0000
    3617  -6.4523   2.7874  16.3534   0.0000   0.0000   0.0000
    3618  -6.3913   2.8096  16.1185   0.0000   0.0000   0.0000
    3619  -6.1950   3.4636  15.6240   0.0000   0.0000   0.0000
    3620  -5.9698   2.9953  15.7523   0.0000   0.0000   0.0000
    3621  -6.8454   2.6026  16.4372   0.0000   0.0000   0.0000
    3622  -6.7819   3.2990  16.4228   0.0000   0.0000   0.0000
    3623  -6.3453   2.7273  16.3685   0.0000   0.0000   0.0000
    3624  -5.8679   3.0988  16.7280   0.0000   0.0000   0.0000
    3625  -6.1409   3.0558  16.4676   0.0000   0.0000   0.0000
    3626  -6.4622   3.1082  16.1425   0.0000   0.0000   0.0000
    3627  -6.9763   2.1703  16.2672   0.0000   0.0000   0.0000
    3628  -5.9647   2.6734  16.1505   0.0000   0.0000   0.0000
    3629  -6.3053   2.1035  15.9772   0.0000   0.0000   0.0000
    3630  -5.5815   1.3310  16.0508   0.0000   0.0000   0.0000
    3631  -5.6489   1.2552  16.2484   0.0000   0.0000   0.0000
    3632  -5.7754   1.0234  16.1602   0.0000   0.0000   0.0000
    3633  -6.4143   1.3568  15.9943   0.0000   0.0000   0.0000
    3634  -7.0342   1.0640  15.0508   0.0000   0.0000   0.0000
    3635  -6.1880   2.1470  15.2750   0.0000   0.0000   0.0000
    3636  -5.7128   2.8316  16.3846   0.0000   0.0000   0.0000
    3637  -6.5123   1.4633  16.9215   0.0000   0.0000   0.0000
    3638  -6.4004   1.1476  17.1731   0.0000   0.0000   0.0000
    3639  -6.2790   1.9377  17.3892   0.0000   0.0000   0.0000
    3640  -6.9696   1.6123  17.2847   0.0000   0.0000   0.0000
    3641  -6.2732   0.3370  16.8074   0.0000   0.0000   0.0000
    3642  -7.6702   0.4921  16.1834   0.0000   0.0000   0.0000
    3643  -7.0122   0.2233  16.3549   0.0000   0.0000   0.0000
    3644  -6.2174   0.4620  16.6914   0.0000   0.0000   0.0000
    3645  -6.8104   1.3657  16.8719   0.0000   0.0000   0.0000
    3646  -6.8960   1.1042  17.6259   0.0000   0.0000   0.0000
    3647  -7.1134   1.2620  17.1057   0.0000   0.0000   0.0000
    3648  -7.4260   1.1003  16.7752   0.0000   0.0000   0.0000
    3649  -6.6702   1.3339  16.9865   0.0000   0.0000   0.0000
    3650  -6.4130   1.7327  16.5142   0.0000   0.0000   0.0000
    3651  -6.0598   2.0601  16.6806   0.0000   0.0000   0.0000
    3652  -6.3617   2.2783  16.7921   0.0000   0.0000   0.0000
    3653  -6.6448   1.3145  16.7550   0.0000   0.0000   0.0000
    3654  -5.7506   1.1878  17.0567   0.0000   0.0000   0.0000
    3655  -5.5243   1.7270  16.2357   0.0000   0.0000   0.0000
    3656  -5.7141   1.6599  16.7407   0.0000   0.0000   0.0000
    3657  -6.3407   1.4877  16.2369   0.0000   0.0000   0.0000
    3658  -6.3411   0.9676  16.0339   0.0000   0.0000   0.0000
    3659  -6.3557   0.7589  15.5593   0.0000   0.0000   0.0000
    3660  -6.4345   1.1125  16.6340   0.0000   0.0000   0.0000
    3661  -5.9739   0.9298  16.6297   0.0000   0.0000   0.0000
    3662  -6.5388   1.8957  16.4046   0.0000   0.0000   0.0000
    3663  -6.6296   1.4340  15.7300   0.0000   0.0000   0.0000
    3664  -5.9174   1.2086  15.5526   0.0000   0.0000   0.0000
    3665  -5.5803   2.2230  14.9532   0.0000   0.0000   0.0000
    3666  -5.7565   2.7094  15.8427   0.0000   0.0000   0.0000
    3667  -6.1310   2.3103  16.3660   0.0000   0.0000   0.0000
    3668  -7.1209   2.3188  16.4387   0.0000   0.0000   0.0000
    3669  -5.7377   2.6266  15.3673   0.0000   0.0000   0.0000
    3670  -7.2212   2.8382  14.7430   0.0000   0.0000   0.0000
    3671  -7.0224   2.6272  14.7343   0.0000   0.0000   0.0000
    3672  -6.6449   2.2533  15.5344   0.0000   0.0000   0.0000
    3673  -5.6713   2.8231  15.5236   0.0000   0.0000   0.0000
    3674  -6.3043   2.2778  15.6346   0.0000   0.0000   0.0000
    3675  -6.5273   1.9687  16.5789   0.0000   0.0000   0.0000
    3676  -6.3065   2.2627  16.2864   0.0000   0.0000   0.0000
    3677  -6.6065   2.2986  16.1300   0.0000   0.0000   0.0000
    3678  -6.1006   1.3302  15.9802   0.0000   0.0000   0.0000
    3679  -6.0168   2.3689  15.7400   0.0000   0.0000   0.0000
    3680  -6.3553   2.2763  15.3484   0.0000   0.0000   0.0000
    3681  -6.5768   2.1806  15.1347   0.0000   0.0000   0.0000
    3682  -6.3179   2.4586  16.0895   0.0000   0.0000   0.0000
    3683  -7.1209   2.2392  16.0477   0.0000   0.0000   0.0000
    3684  -7.2384   1.2686  16.2549   0.0000   0.0000   0.0000
    3685  -6.5215   0.7844  15.7303   0.0000   0.0000   0.0000
    3686  -5.7433   1.4466  16.0139   0.0000   0.0000   0.0000
    3687  -6.6940   1.0501  15.4950   0.0000   0.0000   0.0000
    3688  -6.3743   1.2359  16.2947   0.0000   0.0000   0.0000
    3689  -7.3233   1.6482  16.0483   0.0000   0.0000   0.0000
    3690  -6.9417   1.2438  15.8855   0.0000   0.0000   0.0000
    3691  -6.0969   2.4082  15.3104   0.0000   0.0000   0.0000
    3692  -5.3815   2.0168  15.4460   0.0000   0.0000   0.0000
    3693  -5.7396   1.5248  15.2317   0.0000   0.0000   0.0000
    3694  -6.3197   1.4886  14.8709   0.0000   0.0000   0.0000
    3695  -5.4017   2.1407  15.5448   0.0000   0.0000   0.0000
    3696  -5.0823   2.2011  16.0299   0.0000   0.0000   0.0000
    3697  -5.3529   2.3046  15.9741   0.0000   0.0000   0.0000
    3698  -5.4285   3.1305  16.1181   0.0000   0.0000   0.0000
    3699  -5.3159   2.8293  15.6936   0.0000   0.0000   0.0000
    3700  -5.4437   2.4320  15.6863   0.0000   0.0000   0.0000
    3701  -6.0804   1.7107  15.5068   0.0000   0.0000   0.0000
    3702  -6.6175   2.4393  15.4350   0.0000   0.0000   0.0000
    3703  -6.3365   2.7523  15.8246   0.0000   0.0000   0.0000
    3704  -5.8931   2.7418  15.7171   0.0000   0.0000   0.0000
    3705  -5.5366   2.1784  15.2925   0.0000   0.0000   0.0000
    3706  -6.2622   2.1248  15.8889   0.0000   0.0000   0.0000
    3707  -5.6529   2.4585  15.8644   0.0000   0.0000   0.0000
    3708  -5.8896   2.2385  15.3661   0.0000   0.0000   0.0000
    3709  -6.1207   1.8565  15.2156   0.0000   0.0000   0.0000
    3710  -6.5166   1.4324  15.2418   0.0000   0.0000   0.0000
    3711  -5.8251   1.7987  15.1905   0.0000   0.0000   0.0000
    3712  -5.7978   1.6940  14.8780   0.0000   0.0000   0.0000
    3713  -6.4592   2.0075  15.0369   0.0000   0.0000   0.0000
    3714  -6.0468   1.5324  14.8399   0.0000   0.0000   0.0000
    3715  -6.8124   2.3023  14.6320   0.0000   0.0000   0.0000
    3716  -6.3326   1.5974  15.0013   0.0000   0.0000   0.0000
    3717  -7.1562   2.3309  14.7685   0.0000   0.0000   0.0000
    3718  -6.6368   2.3865  15.3865   0.0000   0.0000   0.0000
    3719  -6.4208   2.3446  15.3309   0.0000   0.0000   0.0000
    3720  -5.7563   2.5513  15.1815   0.0000   0.0000   0.0000
    3721  -6.7532   1.7197  15.0759   0.0000   0.0000   0.0000
    3722  -6.9897   2.2901  14.6025   0.0000   0.0000   0.0000
    3723  -6.8545   1.8578  15.3798   0.0000   0.0000   0.0000
    3724  -6.2811   1.5551  16.0267   0.0000   0.0000   0.0000
    3725  -6.6084   1.7309  15.5091   0.0000   0.0000   0.0000
    3726  -7.0711   2.0497  14.8853   0.0000   0.0000   0.0000
    3727  -7.0726   2.1189  15.0906   0.0000   0.0000   0.0000
    3728  -6.2497   1.7220  15.2907   0.0000   0.0000   0.0000
    3729  -7.1356   1.9200  14.4357   0.0000   0.0000   0.0000
    3730  -6.6475   2.6251  14.8234   0.0000   0.0000   0.0000
    3731  -7.2268   2.1802  14.4186   0.0000   0.0000   0.0000
    3732  -6.7103   2.6225  14.3250   0.0000   0.0000   0.0000
    3733  -6.6094   2.2283  14.8135   0.0000   0.0000   0.0000
    3734  -6.9830   1.5586  14.4098   0.0000   0.0000   0.0000
    3735  -8.1917   1.8592  15.0677   0.0000   0.0000   0.0000
    3736  -7.9798   2.4595  14.3605   0.0000   0.0000   0.0000
    3737  -7.5489   1.7462  14.2365   0.0000   0.0000   0.0000
    3738  -6.9977   1.3510  13.8672   0.0000   0.0000   0.0000
    3739  -6.9046   1.4688  14.0904   0.0000   0.0000   0.0000
    3740  -6.8579   1.1840  14.0715   0.0000   0.0000   0.0000
    3741  -5.6478   1.2275  13.6260   0.0000   0.0000   0.0000
    3742  -6.4626   1.5857  13.3014   0.0000   0.0000   0.0000
    3743  -6.7031   1.8657  13.6853   0.0000   0.0000   0.0000
    3744  -7.2905   1.0696  13.3861   0.0000   0.0000   0.0000
    3745  -7.6091   0.9799  13.6134   0.0000   0.0000   0.0000
    3746  -7.2707   0.6462  14.0771   0.0000   0.0000   0.0000
    3747  -7.9140   1.3424  13.6700   0.0000   0.0000   0.0000
    3748  -7.6790   1.0697  14.0161   0.0000   0.0000   0.0000
    3749  -7.2839   0.9252  13.7447   0.0000   0.0000   0.0000
    3750  -6.7716  -0.0475  13.5334   0.0000   0.0000   0.0000
    3751  -7.6356  -0.0097  13.7462   0.0000   0.0000   0.0000
    3752  -8.4177   0.3894  14.3954   0.0000   0.0000   0.0000
    3753  -8.3243   1.0788  14.5980   0.0000   0.0000   0.0000
    3754  -7.9166   1.1727  14.6290   0.0000   0.0000   0.0000
    3755  -7.4528   0.6575  14.6235   0.0000   0.0000   0.0000
    3756  -8.3613   0.4938  16.0512   0.0000   0.0000   0.0000
    3757  -8.3047   0.4316  15.2701   0.0000   0.0000   0.0000
    3758  -7.8037   1.0448  14.9693   0.0000   0.0000   0.0000
    3759  -7.4675   0.3539  15.0443   0.0000   0.0000   0.0000
    3760  -7.8945   1.2698  15.5638   0.0000   0.0000   0.0000
    3761  -7.5412   0.8051  15.1965   0.0000   0.0000   0.0000
    3762  -7.7807   1.5290  15.4790   0.0000   0.0000   0.0000
    3763  -8.0817   1.1741  14.6406   0.0000   0.0000   0.0000
    3764  -7.9447   0.8118  14.8660   0.0000   0.0000   0.0000
    3765  -7.2761   0.2014  15.7526   0.0000   0.0000   0.0000
    3766  -7.9976   1.2937  15.8266   0.0000   0.0000   0.0000
    3767  -7.4812   0.9439  16.4091   0.0000   0.0000   0.0000
    3768  -7.5598   1.1945  15.6697   0.0000   0.0000   0.0000
    3769  -7.1368   0.5603  16.5750   0.0000   0.0000   0.0000
    3770  -8.2436   1.1356  15.1950   0.0000   0.0000   0.0000
    3771  -7.1697   1.3368  16.7782   0.0000   0.0000   0.0000
    3772  -7.3184   1.7035  16.2559   0.0000   0.0000   0.0000
    3773  -8.7157   0.9135  15.6536   0.0000   0.0000   0.0000
    3774  -7.0653   0.5577  14.8694   0.0000   0.0000   0.0000
    3775  -7.2558   1.2626  14.8663   0.0000   0.0000   0.0000
    3776  -7.2782   1.7921  15.2098   0.0000   0.0000   0.0000
    3777  -7.9816   2.1712  15.3295   0.0000   0.0000   0.0000
    3778  -7.3443   1.6080  14.7746   0.0000   0.0000   0.0000
    3779  -7.1124   2.8512  15.2299   0.0000   0.0000   0.0000
    3780  -6.6067   2.5272  15.6451   0.0000   0.0000   0.0000
    3781  -6.9614   2.3793  15.5246   0.0000   0.0000   0.0000
    3782  -6.9655   1.4067  15.3792   0.0000   0.0000   0.0000
    3783  -6.1258   3.0084  14.7636   0.0000   0.0000   0.0000
    3784  -6.2280   2.4832  14.7531   0.0000   0.0000   0.0000
    3785  -5.8600   2.7508  14.3777   0.0000   0.0000   0.0000
    3786  -6.5479   2.0917  14.3059   0.0000   0.0000   0.0000
    3787  -6.0910   2.2119  14.7186   0.0000   0.0000   0.0000
    3788  -5.1115   1.8694  15.3971   0.0000   0.0000   0.0000
    3789  -5.3269   2.3643  15.1659   0.0000   0.0000   0.0000
    3790  -6.0348   2.6599  14.6105   0.0000   0.0000   0.0000
    3791  -6.0481   1.6861  15.0210   0.0000   0.0000   0.0000
    3792  -5.8949   1.0051  14.8787   0.0000   0.0000   0.0000
    3793  -6.5291   1.6014  15.3116   0.0000   0.0000   0.0000
    3794  -6.2763   2.0347  15.0302   0.0000   0.0000   0.0000
    3795  -7.6707   1.7212  14.5894   0.0000   0.0000   0.0000
    3796  -6.3052   1.9410  15.0531   0.0000   0.0000   0.0000
    3797  -6.3948   2.1179  15.5539   0.0000   0.0000   0.0000
    3798  -6.3275   1.9733  14.9945   0.0000   0.0000   0.0000
    3799  -6.9921   1.3518  14.9475   0.0000   0.0000   0.0000
    3800  -7.2700   1.2640  14.1706   0.0000   0.0000   0.0000
    3801  -6.4223   1.7375  15.1188   0.0000   0.0000   0.0000
    3802  -7.0295   2.7043  14.9900   0.0000   0.0000   0.0000
    3803  -7.7152   1.3174  14.2947   0.0000   0.0000   0.0000
    3804  -6.6730   2.4898  14.0423   0.0000   0.0000   0.0000
    3805  -6.8400   3.3550  13.8092   0.0000   0.0000   0.0000
    3806  -7.2033   3.1679  14.4977   0.0000   0.0000   0.0000
    3807  -6.9214   2.7914  13.5095   0.0000   0.0000   0.0000
    3808  -6.3571   2.8102  13.6470   0.0000   0.0000   0.0000
    3809  -6.6053   1.6894  14.3085   0.0000   0.0000   0.0000
    3810  -7.0805   2.3050  14.3812   0.0000   0.0000   0.0000
    3811  -7.5190   3.1416  14.3467   0.0000   0.0000   0.0000
    3812  -7.1832   3.6138  14.4606   0.0000   0.0000   0.0000
    3813  -7.1016   3.1983  14.5235   0.0000   0.0000   0.0000
    3814  -6.3986   2.9455  14.9790   0.0000   0.0000   0.0000
    3815  -6.2631   3.3914  14.3699   0.0000   0.0000   0.0000
    3816  -6.8645   2.2439  14.6643   0.0000   0.0000   0.0000
    3817  -5.8920   1.6878  15.6608   0.0000   0.0000   0.0000
    3818  -6.9089   1.9421  15.3846   0.0000   0.0000   0.0000
    3819  -6.2289   2.2936  14.9681   0.0000   0.0000   0.0000
    3820  -7.0840   1.5351  14.7773   0.0000   0.0000   0.0000
    3821  -6.2044   1.7311  15.0191   0.0000   0.0000   0.0000
    3822  -5.7332   2.6328  14.9646   0.0000   0.0000   0.0000
    3823  -5.5954   2.1566  15.1806   0.0000   0.0000   0.0000
    3824  -5.6941   2.5336  15.2293   0.0000   0.0000   0.0000
    3825  -5.5085   1.5190  15.0226   0.0000   0.0000   0.0000
    3826  -5.9333   2.2053  15.3970   0.0000   0.0000   0.0000
    3827  -6.2275   2.3814  14.3341   0.0000   0.0000   0.0000
    3828  -6.1078   2.8927  14.5643   0.0000   0.0000   0.0000
    3829  -6.0384   2.6097  14.7071   0.0000   0.0000   0.0000
    3830  -5.1162   3.0692  15.4361   0.0000   0.0000   0.0000
    3831  -5.3809   3.2344  15.5138   0.0000   0.0000   0.0000
    3832  -5.2372   3.2503  15.5158   0.0000   0.0000   0.0000
    3833  -5.3991   3.3936  15.1451   0.0000   0.0000   0.0000
    3834  -5.7431   2.3898  15.9897   0.0000   0.0000   0.0000
    3835  -5.3468   3.1358  14.7728   0.0000   0.0000   0.0000
    3836  -5.6577   4.1138  15.6144   0.0000   0.0000   0.0000
    3837  -5.3982   3.6489  15.4445   0.0000   0.0000   0.0000
    3838  -6.0533   3.0891  15.5412   0.0000   0.0000   0.0000
    3839  -5.6990   3.7687  15.4716   0.0000   0.0000   0.0000
    3840  -4.9427   3.5629  14.4833   0.0000   0.0000   0.0000
    3841  -7.0150   4.3879  14.9702   0.0000   0.0000   0.0000
    3842  -5.5441   3.9236  15.5174   0.0000   0.0000   0.0000
    3843  -5.9668   3.4582  15.7048   0.0000   0.0000   0.0000
    3844  -4.9896   2.9755  16.5100   0.0000   0.0000   0.0000
    3845  -5.3695   3.4176  15.9030   0.0000   0.0000   0.0000
    3846  -5.5200   3.1892  16.4642   0.0000   0.0000   0.0000
    3847  -4.9395   2.8584  16.7071   0.0000   0.0000   0.0000
    3848  -6.0824   3.3331  15.9137   0.0000   0.0000   0.0000
    3849  -6.3531   3.1985  16.2962   0.0000   0.0000   0.0000
    3850  -6.4253   3.7759  15.7937   0.0000   0.0000   0.0000
    3851  -6.3085   3.3383  16.5361   0.0000   0.0000   0.0000
    3852  -5.9500   3.2918  16.6318   0.0000   0.0000   0.0000
    3853  -6.0587   2.9722  17.4777   0.0000   0.0000   0.0000
    3854  -6.4309   2.2314  17.0465   0.0000   0.0000   0.0000
    3855  -6.3660   2.8968  17.4156   0.0000   0.0000   0.0000
    3856  -6.4842   2.7215  17.0767   0.0000   0.0000   0.0000
    3857  -5.3634   3.4279  17.0011   0.0000   0.0000   0.0000
    3858  -6.0203   2.2119  17.5871   0.0000   0.0000   0.0000
    3859  -6.4143   3.1543  17.1303   0.0000   0.0000   0.0000
    3860  -5.5656   2.0576  17.1277   0.0000   0.0000   0.0000
    3861  -5.8802   2.0991  16.8887   0.0000   0.0000   0.0000
    3862  -6.4289   1.9509  17.2603   0.0000   0.0000   0.0000
    3863  -6.2127   2.1430  17.2529   0.0000   0.0000   0.0000
    3864  -6.3446   2.5445  17.4054   0.0000   0.0000   0.0000
    3865  -7.0844   3.0147  17.8140   0.0000   0.0000   0.0000
    3866  -6.9527   2.7286  17.9841   0.0000   0.0000   0.0000
    3867  -7.1716   3.3299  17.1770   0.0000   0.0000   0.0000
    3868  -6.7203   2.8381  17.5362   0.0000   0.0000   0.0000
    3869  -6.1971   2.4490  16.6667   0.0000   0.0000   0.0000
    3870  -6.0249   3.2876  16.9709   0.0000   0.0000   0.0000
    3871  -6.7981   3.0928  17.2563   0.0000   0.0000   0.0000
    3872  -6.7434   2.8922  17.4428   0.0000   0.0000   0.0000
    3873  -7.0353   2.2847  17.1967   0.0000   0.0000   0.0000
    3874  -7.0303   2.4892  16.6468   0.0000   0.0000   0.0000
    3875  -7.1060   2.9904  17.4327   0.0000   0.0000   0.0000
    3876  -6.5691   2.4140  16.5801   0.0000   0.0000   0.0000
    3877  -6.9669   2.8739  16.4197   0.0000   0.0000   0.0000
    3878  -6.3247   2.6700  16.7939   0.0000   0.0000   0.0000
    3879  -6.7525   2.6032  15.6075   0.0000   0.0000   0.0000
    3880  -7.3435   2.2811  15.7856   0.0000   0.0000   0.0000
    3881  -7.7230   2.6650  16.6617   0.0000   0.0000   0.0000
    3882  -7.9607   1.8087  16.3563   0.0000   0.0000   0.0000
    3883  -8.1968   2.4677  16.0110   0.0000   0.0000   0.0000
    3884  -8.6348   2.4270  16.4774   0.0000   0.0000   0.0000
    3885  -8.5357   2.8606  15.9952   0.0000   0.0000   0.0000
    3886  -7.8919   2.6230  16.2874   0.0000   0.0000   0.0000
    3887  -8.3943   3.1421  16.6482   0.0000   0.0000   0.0000
    3888  -8.5519   1.9673  16.9506   0.0000   0.0000   0.0000
    3889  -7.6696   2.6738  16.5476   0.0000   0.0000   0.0000
    3890  -7.8916   3.6680  16.4980   0.0000   0.0000   0.0000
    3891  -6.6225   3.9741  16.9697   0.0000   0.0000   0.0000
    3892  -7.6129   2.6408  16.6829   0.0000   0.0000   0.0000
    3893  -7.6568   2.3757  16.5888   0.0000   0.0000   0.0000
    3894  -6.9071   2.2710  17.4662   0.0000   0.0000   0.0000
    3895  -6.0848   2.2888  17.2679   0.0000   0.0000   0.0000
    3896  -7.0336   1.8799  16.1129   0.0000   0.0000   0.0000
    3897  -6.5895   1.9907  16.4028   0.0000   0.0000   0.0000
    3898  -6.5183   2.1307  16.2871   0.0000   0.0000   0.0000
    3899  -6.5028   1.6101  16.5568   0.0000   0.0000   0.0000
    3900  -7.2322   1.8711  16.1603   0.0000   0.0000   0.0000
    3901  -7.1142   2.3563  15.4806   0.0000   0.0000   0.0000
    3902  -6.5086   2.8239  16.3309   0.0000   0.0000   0.0000
    3903  -6.9185   2.5214  15.6658   0.0000   0.0000   0.0000
    3904  -6.8477   2.0394  15.6893   0.0000   0.0000   0.0000
    3905  -6.9681   2.6522  16.1093   0.0000   0.0000   0.0000
    3906  -7.2852   2.5175  16.1879   0.0000   0.0000   0.0000
    3907  -6.8140   3.4386  16.5357   0.0000   0.0000   0.0000
    3908  -6.9356   3.3347  15.8425   0.0000   0.0000   0.0000
    3909  -7.3882   2.8040  16.2291   0.0000   0.0000   0.0000
    3910  -7.2131   3.6558  15.1355   0.0000   0.0000   0.0000
    3911  -7.6355   2.8969  16.2605   0.0000   0.0000   0.0000
    3912  -7.0332   1.6161  16.5881   0.0000   0.0000   0.0000
    3913  -8.0903   2.1421  16.4687   0.0000   0.0000   0.0000
    3914  -8.5030   2.6119  16.5183   0.0000   0.0000   0.0000
    3915  -8.2152   3.4618  16.4398   0.0000   0.0000   0.0000
    3916  -7.9707   2.5657  16.1561   0.0000   0.0000   0.0000
    3917  -7.8747   3.0519  15.7934   0.0000   0.0000   0.0000
    3918  -7.8740   2.0043  15.9040   0.0000   0.0000   0.0000
    3919  -8.0321   2.4567  16.2261   0.0000   0.0000   0.0000
    3920  -7.5701   3.2553  15.8184   0.0000   0.0000   0.0000
    3921  -7.5090   2.7942  15.6754   0.0000   0.0000   0.0000
    3922  -8.1895   3.0812  16.0329   0.0000   0.0000   0.0000
    3923  -8.4797   3.2107  15.6434   0.0000   0.0000   0.0000
    3924  -8.9085   2.7464  15.4914   0.0000   0.0000   0.0000
    3925  -7.8517   2.5809  15.0667   0.0000   0.0000   0.0000
    3926  -8.6240   2.5859  15.1104   0.0000   0.0000   0.0000
    3927  -7.6032   3.6673  15.2872   0.0000   0.0000   0.0000
    3928  -6.5810   4.2366  15.4448   0.0000   0.0000   0.0000
    3929  -7.1876   3.3521  15.1501   0.0000   0.0000   0.0000
    3930  -6.3921   3.4591  15.7044   0.0000   0.0000   0.0000
    3931  -5.9894   2.6169  15.4356   0.0000   0.0000   0.0000
    3932  -6.5271   3.2367  15.4397   0.0000   0.0000   0.0000
    3933  -6.9935   3.2300  15.7736   0.0000   0.0000   0.0000
    3934  -7.3550   2.9512  15.9752   0.0000   0.0000   0.0000
    3935  -7.0980   3.3857  15.5427   0.0000   0.0000   0.0000
    3936  -7.2827   4.0965  15.9367   0.0000   0.0000   0.0000
    3937  -7.6944   3.2637  15.1825   0.0000   0.0000   0.0000
    3938  -7.2497   3.4304  15.4716   0.0000   0.0000   0.0000
    3939  -6.5497   3.7901  15.1174   0.0000   0.0000   0.0000
    3940  -8.1101   3.4983  16.1576   0.0000   0.0000   0.0000
    3941  -8.0038   3.6539  16.1807   0.0000   0.0000   0.0000
    3942  -7.6977   2.9362  15.9046   0.0000   0.0000   0.0000
    3943  -7.3177   2.6168  16.0337   0.0000   0.0000   0.0000
    3944  -7.8892   2.5016  15.4831   0.0000   0.0000   0.0000
    3945  -7.0537   2.8373  15.0907   0.0000   0.0000   0.0000
    3946  -7.2933   3.0573  15.4680   0.0000   0.0000   0.0000
    3947  -7.4131   2.0682  15.3918   0.0000   0.0000   0.0000
    3948  -7.9830   2.9626  14.8784   0.0000   0.0000   0.0000
    3949  -7.1410   1.2712  15.1760   0.0000   0.0000   0.0000
    3950  -7.2155   1.5695  15.2205   0.0000   0.0000   0.0000
    3951  -7.5056   2.5468  16.2567   0.0000   0.0000   0.0000
    3952  -8.1340   2.0882  15.4590   0.0000   0.0000   0.0000
    3953  -6.8584   2.7136  15.1980   0.0000   0.0000   0.0000
    3954  -7.0577   3.2656  14.5408   0.0000   0.0000   0.0000
    3955  -7.6619   1.8955  14.5536   0.0000   0.0000   0.0000
    3956  -7.9865   3.5317  15.2700   0.0000   0.0000   0.0000
    3957  -7.9303   2.5961  14.9667   0.0000   0.0000   0.0000
    3958  -7.2852   3.7848  14.6102   0.0000   0.0000   0.0000
    3959  -7.2788   3.4269  14.6510   0.0000   0.0000   0.0000
    3960  -7.5427   3.6640  14.8894   0.0000   0.0000   0.0000
    3961  -8.0067   2.9452  15.4795   0.0000   0.0000   0.0000
    3962  -7.2679   2.6856  14.6469   0.0000   0.0000   0.0000
    3963  -7.2114   3.0199  14.1784   0.0000   0.0000   0.0000
    3964  -7.7982   3.5130  14.1227   0.0000   0.0000   0.0000
    3965  -6.9028   3.8891  14.7061   0.0000   0.0000   0.0000
    3966  -7.7050   3.2025  14.0445   0.0000   0.0000   0.0000
    3967  -7.0854   2.6957  14.6970   0.0000   0.0000   0.0000
    3968  -8.0161   3.0881  14.3519   0.0000   0.0000   0.0000
    3969  -7.8839   3.2302  14.1412   0.0000   0.0000   0.0000
    3970  -7.0078   3.4425  14.0094   0.0000   0.0000   0.0000
    3971  -7.3859   2.7258  14.2922   0.0000   0.0000   0.0000
    3972  -7.7171   3.0179  14.2618   0.0000   0.0000   0.0000
    3973  -7.6895   3.5091  13.9601   0.0000   0.0000   0.0000
    3974  -8.0549   3.6149  14.5741   0.0000   0.0000   0.0000
    3975  -8.3253   3.7652  14.0936   0.0000   0.0000   0.0000
    3976  -8.4019   4.4948  14.0277   0.0000   0.0000   0.0000
    3977  -8.2348   4.4150  14.0453   0.0000   0.0000   0.0000
    3978  -8.4699   5.1489  13.6291   0.0000   0.0000   0.0000
    3979  -8.2919   4.0752  13.1695   0.0000   0.0000   0.0000
    3980  -7.6416   3.5832  12.9917   0.0000   0.0000   0.0000
    3981  -7.0656   3.1748  13.5785   0.0000   0.0000   0.0000
    3982  -7.6155   3.7345  13.6031   0.0000   0.0000   0.0000
    3983  -7.8148   4.6532  13.1005   0.0000   0.0000   0.0000
    3984  -8.0646   3.9366  13.8532   0.0000   0.0000   0.0000
    3985  -7.9115   4.0909  14.3934   0.0000   0.0000   0.0000
    3986  -7.5821   3.1099  14.2618   0.0000   0.0000   0.0000
    3987  -7.5916   3.9196  14.0039   0.0000   0.0000   0.0000
    3988  -8.1394   4.2504  14.8741   0.0000   0.0000   0.0000
    3989  -8.5557   4.6779  14.7054   0.0000   0.0000   0.0000
    3990  -8.5736   3.9949  14.9034   0.0000   0.0000   0.0000
    3991  -8.1405   4.6702  14.3922   0.0000   0.0000   0.0000
    3992  -8.9096   4.1299  15.0879   0.0000   0.0000   0.0000
    3993  -7.7214   4.9218  15.5529   0.0000   0.0000   0.0000
    3994  -7.8009   4.2038  15.6506   0.0000   0.0000   0.0000
    3995  -8.3327   4.6548  15.7035   0.0000   0.0000   0.0000
    3996  -8.5910   4.7240  15.5949   0.0000   0.0000   0.0000
    3997  -8.5323   4.4025  15.5751   0.0000   0.0000   0.0000
    3998  -8.4051   4.3183  16.0372   0.0000   0.0000   0.0000
    3999  -8.1604   4.6747  15.7654   0.0000   0.0000   0.0000
    4000  -7.7664   5.3767  15.9010   0.0000   0.0000   0.0000
    4001  -7.7931   5.3563  15.5324   0.0000   0.0000   0.0000
    4002  -8.5174   5.0259  15.3343   0.0000   0.0000   0.0000
    4003  -8.7903   5.0690  15.2840   0.0000   0.0000   0.0000
    4004  -8.7366   5.1793  15.0450   0.0000   0.0000   0.0000
    4005  -9.1804   5.0023  15.3905   0.0000   0.0000   0.0000
    4006  -9.0388   5.9836  14.3825   0.0000   0.0000   0.0000
    4007  -8.4056   5.5747  13.8993   0.0000   0.0000   0.0000
    4008  -8.9654   5.2837  14.2253   0.0000   0.0000   0.0000
    4009  -8.6877   4.8380  14.8724   0.0000   0.0000   0.0000
    4010  -9.0891   5.3577  14.7147   0.0000   0.0000   0.0000
    4011  -8.5259   4.7524  14.4276   0.0000   0.0000   0.0000
    4012  -8.7547   4.3088  14.6063   0.0000   0.0000   0.0000
    4013  -9.1596   4.5945  15.1432   0.0000   0.0000   0.0000
    4014  -9.1287   4.3482  14.8425   0.0000   0.0000   0.0000
    4015  -8.7403   4.6829  14.6277   0.0000   0.0000   0.0000
    4016  -9.0839   4.3172  14.8426   0.0000   0.0000   0.0000
    4017  -8.6302   5.2080  15.0303   0.0000   0.0000   0.0000
    4018  -8.3074   4.2292  14.7032   0.0000   0.0000   0.0000
    4019  -7.9843   4.4438  13.9318   0.0000   0.0000   0.0000
    4020  -7.9895   4.3580  14.0354   0.0000   0.0000   0.0000
    4021  -7.9928   4.4288  13.8736   0.0000   0.0000   0.0000
    4022  -8.1003   4.7620  14.0693   0.0000   0.0000   0.0000
    4023  -7.9494   5.3248  14.3830   0.0000   0.0000   0.0000
    4024  -7.5542   4.2960  13.0547   0.0000   0.0000   0.0000
    4025  -7.8695   4.5600  13.8207   0.0000   0.0000   0.0000
    4026  -8.2648   4.2726  14.2283   0.0000   0.0000   0.0000
    4027  -8.6400   4.0379  14.2940   0.0000   0.0000   0.0000
    4028  -8.5968   4.0520  14.9395   0.0000   0.0000   0.0000
    4029  -9.0314   3.6225  15.2497   0.0000   0.0000   0.0000
    4030  -8.2280   3.6254  14.9904   0.0000   0.0000   0.0000
    4031  -7.7994   3.7634  15.0289   0.0000   0.0000   0.0000
    4032  -8.0190   3.4869  14.3262   0.0000   0.0000   0.0000
    4033  -8.2095   3.5489  13.2704   0.0000   0.0000   0.0000
    4034  -7.7811   3.3774  13.4234   0.0000   0.0000   0.0000
    4035  -8.0473   3.5779  14.3746   0.0000   0.0000   0.0000
    4036  -8.6582   4.0394  14.3484   0.0000   0.0000   0.0000
    4037  -7.9603   3.4924  13.8179   0.0000   0.0000   0.0000
    4038  -7.9900   3.6402  14.0394   0.0000   0.0000   0.0000
    4039  -8.0443   3.8898  14.4471   0.0000   0.0000   0.0000
    4040  -8.0369   4.0316  14.1295   0.0000   0.0000   0.0000
    4041  -8.4522   3.9919  13.7280   0.0000   0.0000   0.0000
    4042  -8.7641   3.9411  13.2960   0.0000   0.0000   0.0000
    4043  -7.8366   4.3918  13.3827   0.0000   0.0000   0.0000
    4044  -8.6001   4.9212  13.5853   0.0000   0.0000   0.0000
    4045  -8.6678   5.1079  13.6545   0.0000   0.0000   0.0000
    4046  -8.4780   5.2594  13.1581   0.0000   0.0000   0.0000
    4047  -7.8960   4.6290  14.1561   0.0000   0.0000   0.0000
    4048  -8.0439   5.0456  13.7352   0.0000   0.0000   0.0000
    4049  -8.6112   5.4576  13.7143   0.0000   0.0000   0.0000
    4050  -8.8607   4.8876  13.9235   0.0000   0.0000   0.0000
    4051  -9.6163   5.6871  13.7144   0.0000   0.0000   0.0000
    4052  -9.2602   4.8208  13.9797   0.0000   0.0000   0.0000
    4053  -8.3738   5.3219  14.0583   0.0000   0.0000   0.0000
    4054  -9.1311   4.3246  13.7915   0.0000   0.0000   0.0000
    4055  -8.1362   4.7134  12.9242   0.0000   0.0000   0.0000
    4056  -9.0984   3.9451  12.4264   0.0000   0.0000   0.0000
    4057  -9.6330   4.6596  12.5485   0.0000   0.0000   0.0000
    4058  -9.1017   4.2368  12.9406   0.0000   0.0000   0.0000
    4059  -8.9748   4.0671  13.0750   0.0000   0.0000   0.0000
    4060  -8.5724   4.0321  13.3740   0.0000   0.0000   0.0000
    4061  -8.6709   4.4047  12.8997   0.0000   0.0000   0.0000
    4062  -7.9360   5.0420  13.0374   0.0000   0.0000   0.0000
    4063  -8.5963   4.2447  13.2636   0.0000   0.0000   0.0000
    4064  -8.8219   5.0283  13.5812   0.0000   0.0000   0.0000
    4065  -8.9346   4.9841  13.6300   0.0000   0.0000   0.0000
    4066  -9.5030   4.4851  13.8953   0.0000   0.0000   0.0000
    4067  -8.7431   4.6756  12.4941   0.0000   0.0000   0.0000
    4068  -8.4945   4.7616  13.2428   0.0000   0.0000   0.0000
    4069  -9.0317   4.3975  13.0147   0.0000   0.0000   0.0000
    4070  -8.7557   4.0663  13.6686   0.0000   0.0000   0.0000
    4071  -8.4581   4.5608  13.8115   0.0000   0.0000   0.0000
    4072  -8.2799   3.9151  13.5798   0.0000   0.0000   0.0000
    4073  -8.4399   5.1564  13.5159   0.0000   0.0000   0.0000
    4074  -8.0124   4.2046  14.1231   0.0000   0.0000   0.0000
    4075  -8.0441   5.2352  14.1061   0.0000   0.0000   0.0000
    4076  -8.1830   5.6732  14.0564   0.0000   0.0000   0.0000
    4077  -8.1596   5.5068  14.6206   0.0000   0.0000   0.0000
    4078  -8.7552   6.6874  14.2884   0.0000   0.0000   0.0000
    4079  -8.4762   5.7024  15.0859   0.0000   0.0000   0.0000
    4080  -8.0031   5.4830  14.6744   0.0000   0.0000   0.0000
    4081  -7.9654   4.9666  15.1678   0.0000   0.0000   0.0000
    4082  -8.8812   5.9895  15.0958   0.0000   0.0000   0.0000
    4083  -8.8089   5.1290  15.1391   0.0000   0.0000   0.0000
    4084  -9.2357   5.3343  14.7440   0.0000   0.0000   0.0000
    4085  -9.3052   4.6321  15.4250   0.0000   0.0000   0.0000
    4086  -9.0517   5.2680  15.3627   0.0000   0.0000   0.0000
    4087  -9.3610   5.4692  14.8421   0.0000   0.0000   0.0000
    4088  -8.2190   4.9635  14.9708   0.0000   0.0000   0.0000
    4089  -9.0546   4.4029  14.1951   0.0000   0.0000   0.0000
    4090  -8.5190   4.9328  14.7813   0.0000   0.0000   0.0000
    4091  -8.1868   4.3298  14.9852   0.0000   0.0000   0.0000
    4092  -8.1764   4.5022  13.8554   0.0000   0.0000   0.0000
    4093  -8.5588   4.8595  14.3169   0.0000   0.0000   0.0000
    4094  -8.2082   5.2122  14.6457   0.0000   0.0000   0.0000
    4095  -9.2186   5.0200  13.6829   0.0000   0.0000   0.0000
    4096  -9.4095   5.8402  13.5155   0.0000   0.0000   0.0000
    4097  -8.9379   5.0772  13.9331   0.0000   0.0000   0.0000
    4098  -9.0026   4.6245  14.1991   0.0000   0.0000   0.0000
    4099  -8.9272   5.2781  14.3891   0.0000   0.0000   0.0000
    4100  -9.8170   5.1283  14.0570   0.0000   0.0000   0.0000
    4101  -9.4770   4.9530  14.7415   0.0000   0.0000   0.0000
    4102  -8.9429   4.1758  14.9474   0.0000   0.0000   0.0000
    4103  -8.7738   4.9500  14.2957   0.0000   0.0000   0.0000
    4104  -8.7131   3.9539  15.4166   0.0000   0.0000   0.0000
    4105  -8.6218   3.6398  15.3084   0.0000   0.0000   0.0000
    4106  -8.7825   4.6691  14.8136   0.0000   0.0000   0.0000
    4107  -8.7796   4.2338  14.9707   0.0000   0.0000   0.0000
    4108  -9.0515   4.0888  15.4246   0.0000   0.0000   0.0000
    4109  -9.7440   4.0028  15.8068   0.0000   0.0000   0.0000
    4110 -10.0115   3.9196  15.1407   0.0000   0.0000   0.0000
    4111  -9.0473   4.6668  15.7376   0.0000   0.0000   0.0000
    4112  -8.9620   4.6114  15.5564   0.0000   0.0000   0.0000
    4113  -9.5060   4.1965  15.6451   0.0000   0.0000   0.0000
    4114  -8.6579   4.0131  16.1054   0.0000   0.0000   0.0000
    4115  -8.5222   4.1277  16.2191   0.0000   0.0000   0.0000
    4116  -8.4220   3.5333  15.3457   0.0000   0.0000   0.0000
    4117  -8.8034   4.2587  15.5229   0.0000   0.0000   0.0000
    4118  -8.4710   4.4901  14.6689   0.0000   0.0000   0.0000
    4119  -8.7801   4.1666  15.1838   0.0000   0.0000   0.0000
    4120  -8.6256   4.4557  14.9970   0.0000   0.0000   0.0000
    4121  -7.9238   4.4156  14.6863   0.0000   0.0000   0.0000
    4122  -7.8424   4.0946  15.2859   0.0000   0.0000   0.0000
    4123  -7.6288   4.4795  14.9783   0.0000   0.0000   0.0000
    4124  -7.6050   4.2750  14.9785   0.0000   0.0000   0.0000
    4125  -7.5638   4.1422  15.2962   0.0000   0.0000   0.0000
    4126  -7.7399   4.1876  14.9896   0.0000   0.0000   0.0000
    4127  -7.5801   3.9042  15.8452   0.0000   0.0000   0.0000
    4128  -8.2201   3.8006  15.1153   0.0000   0.0000   0.0000
    4129  -7.2659   3.9956  14.8119   0.0000   0.0000   0.0000
    4130  -8.1722   4.1040  14.4281   0.0000   0.0000   0.0000
    4131  -8.0483   4.3844  15.7276   0.0000   0.0000   0.0000
    4132  -8.3443   3.8236  15.8028   0.0000   0.0000   0.0000
    4133  -7.5125   3.8778  14.5565   0.0000   0.0000   0.0000
    4134  -8.0960   3.4901  15.1710   0.0000   0.0000   0.0000
    4135  -8.5731   3.6611  15.1164   0.0000   0.0000   0.0000
    4136  -8.4864   3.7290  14.6791   0.0000   0.0000   0.0000
    4137  -8.4365   3.4636  15.2460   0.0000   0.0000   0.0000
    4138  -8.5875   4.7568  14.7558   0.0000   0.0000   0.0000
    4139  -8.5558   5.2795  15.1360   0.0000   0.0000   0.0000
    4140  -8.1559   4.9855  15.2670   0.0000   0.0000   0.0000
    4141  -8.4281   4.9219  15.8597   0.0000   0.0000   0.0000
    4142  -8.0469   3.6617  15.3070   0.0000   0.0000   0.0000
    4143  -8.1031   3.6936  15.3614   0.0000   0.0000   0.0000
    4144  -7.9737   3.2472  15.4751   0.0000   0.0000   0.0000
    4145  -7.8470   3.3054  14.8514   0.0000   0.0000   0.0000
    4146  -8.0062   3.5102  14.9183   0.0000   0.0000   0.0000
    4147  -8.2566   3.0758  15.1505   0.0000   0.0000   0.0000
    4148  -8.0665   2.5353  15.2446   0.0000   0.0000   0.0000
    4149  -8.6593   3.7800  15.2967   0.0000   0.0000   0.0000
    4150  -8.5886   2.4100  15.2566   0.0000   0.0000   0.0000
    4151  -8.3162   3.0638  14.7867   0.0000   0.0000   0.0000
    4152  -8.7148   2.9460  15.4411   0.0000   0.0000   0.0000
    4153  -8.9398   3.6745  14.7868   0.0000   0.0000   0.0000
    4154  -8.7752   3.7223  15.0836   0.0000   0.0000   0.0000
    4155  -8.5114   3.1928  14.5743   0.0000   0.0000   0.0000
    4156  -8.5119   3.0827  14.9062   0.0000   0.0000   0.0000
    4157  -8.3142   3.9657  15.1762   0.0000   0.0000   0.0000
    4158  -8.8253   3.4121  14.1381   0.0000   0.0000   0.0000
    4159  -7.9973   3.3098  14.6251   0.0000   0.0000   0.0000
    4160  -8.0786   2.7303  15.0356   0.0000   0.0000   0.0000
    4161  -7.7160   2.9247  14.9851   0.0000   0.0000   0.0000
    4162  -8.0747   2.7878  15.1994   0.0000   0.0000   0.0000
    4163  -7.5391   2.9224  15.3090   0.0000   0.0000   0.0000
    4164  -7.6112   3.0424  15.1290   0.0000   0.0000   0.0000
    4165  -7.2938   2.2839  15.0611   0.0000   0.0000   0.0000
    4166  -7.5150   3.2527  15.3782   0.0000   0.0000   0.0000
    4167  -7.4099   3.0592  15.5919   0.0000   0.0000   0.0000
    4168  -8.0609   3.0764  15.0571   0.0000   0.0000   0.0000
    4169  -8.2993   3.1322  15.4817   0.0000   0.0000   0.0000
    4170  -8.1925   2.7647  14.9422   0.0000   0.0000   0.0000
    4171  -8.1182   3.3989  15.0232   0.0000   0.0000   0.0000
    4172  -7.9140   4.2353  15.2407   0.0000   0.0000   0.0000
    4173  -7.2429   3.2692  15.5488   0.0000   0.0000   0.0000
    4174  -7.6373   3.2309  14.7722   0.0000   0.0000   0.0000
    4175  -7.6966   3.7631  14.7514   0.0000   0.0000   0.0000
    4176  -8.1484   3.7247  14.4328   0.0000   0.0000   0.0000
    4177  -8.7750   4.5499  14.6122   0.0000   0.0000   0.0000
    4178  -7.7128   3.9660  14.8334   0.0000   0.0000   0.0000
    4179  -9.1417   3.7202  14.5457   0.0000   0.0000   0.0000
    4180  -8.6579   4.3739  14.9665   0.0000   0.0000   0.0000
    4181  -8.9541   3.1790  14.6315   0.0000   0.0000   0.0000
    4182  -8.7405   3.8559  14.5157   0.0000   0.0000   0.0000
    4183  -8.5112   2.9850  14.0459   0.0000   0.0000   0.0000
    4184  -8.8343   3.2228  15.1982   0.0000   0.0000   0.0000
    4185  -8.5554   3.4133  15.1706   0.0000   0.0000   0.0000
    4186  -8.3175   4.0694  15.0714   0.0000   0.0000   0.0000
    4187  -7.5218   3.4772  15.1771   0.0000   0.0000   0.0000
    4188  -7.9899   3.9344  14.3081   0.0000   0.0000   0.0000
    4189  -8.1445   3.6084  14.2911   0.0000   0.0000   0.0000
    4190  -8.5307   3.9884  13.8068   0.0000   0.0000   0.0000
    4191  -8.7119   4.4437  13.2218   0.0000   0.0000   0.0000
    4192  -8.6186   3.3612  14.1770   0.0000   0.0000   0.0000
    4193  -8.2703   3.6876  13.4583   0.0000   0.0000   0.0000
    4194  -8.3050   4.5227  13.5257   0.0000   0.0000   0.0000
    4195  -8.3635   3.9112  14.4306   0.0000   0.0000   0.0000
    4196  -8.4957   3.7635  14.0630   0.0000   0.0000   0.0000
    4197  -8.4691   3.6227  14.2233   0.0000   0.0000   0.0000
    4198  -8.2389   3.7879  13.9290   0.0000   0.0000   0.0000
    4199  -8.9056   3.7928  14.0175   0.0000   0.0000   0.0000
    4200  -8.9070   3.4850  14.5305   0.0000   0.0000   0.0000
    4201  -8.0801   3.9764  14.6448   0.0000   0.0000   0.0000
    4202  -8.3769   3.9048  14.3548   0.0000   0.0000   0.0000
    4203  -9.2369   4.6941  14.2749   0.0000   0.0000   0.0000
    4204  -8.7254   4.6314  15.1429   0.0000   0.0000   0.0000
    4205  -8.7780   4.8498  15.2623   0.0000   0.0000   0.0000
    4206  -9.0584   4.7095  14.4279   0.0000   0.0000   0.0000
    4207  -9.0721   5.0286  14.2335   0.0000   0.0000   0.0000
    4208  -8.8452   4.9859  15.5808   0.0000   0.0000   0.0000
    4209  -8.6197   4.1773  14.6825   0.0000   0.0000   0.0000
    4210  -8.9948   3.9059  15.1630   0.0000   0.0000   0.0000
    4211  -8.4288   4.7705  15.0974   0.0000   0.0000   0.0000
    4212  -8.7727   4.6740  15.4273   0.0000   0.0000   0.0000
    4213  -9.6079   4.6473  14.9318   0.0000   0.0000   0.0000
    4214  -9.1573   3.6947  15.8655   0.0000   0.0000   0.0000
    4215 -10.3984   4.4780  15.4820   0.0000   0.0000   0.0000
    4216  -9.7819   4.1383  15.4871   0.0000   0.0000   0.0000
    4217  -9.9876   4.1828  15.0914   0.0000   0.0000   0.0000
    4218  -9.5418   4.5836  15.2545   0.0000   0.0000   0.0000
    4219  -9.4361   3.7870  15.7406   0.0000   0.0000   0.0000
    4220  -9.4046   4.1712  15.2301   0.0000   0.0000   0.0000
    4221  -9.1571   4.0197  15.6397   0.0000   0.0000   0.0000
    4222  -9.3189   4.2150  15.5087   0.0000   0.0000   0.0000
    4223  -9.6795   4.0257  15.3960   0.0000   0.0000   0.0000
    4224 -10.1029   4.0411  15.5799   0.0000   0.0000   0.0000
    4225  -9.2852   4.6710  16.0722   0.0000   0.0000   0.0000
    4226  -9.3901   4.2842  16.0933   0.0000   0.0000   0.0000
    4227  -9.5178   4.6998  14.9801   0.0000   0.0000   0.0000
    4228  -9.2825   4.6192  15.9163   0.0000   0.0000   0.0000
    4229  -9.3312   5.1487  15.5724   0.0000   0.0000   0.0000
    4230  -9.5843   4.7165  15.2205   0.0000   0.0000   0.0000
    4231  -9.9312   4.7243  14.8865   0.0000   0.0000   0.0000
    4232  -9.9077   4.6626  15.3312   0.0000   0.0000   0.0000
    4233  -9.2900   5.1239  14.6049   0.0000   0.0000   0.0000
    4234  -8.7670   4.2683  14.7456   0.0000   0.0000   0.0000
    4235  -9.4391   4.8503  14.6056   0.0000   0.0000   0.0000
    4236  -9.4317   4.4006  14.8778   0.0000   0.0000   0.0000
    4237  -9.6663   4.6537  14.4959   0.0000   0.0000   0.0000
    4238  -9.0864   4.9460  14.6745   0.0000   0.0000   0.0000
    4239  -9.5467   4.4470  14.3588   0.0000   0.0000   0.0000
    4240 -10.7116   4.5565  14.6813   0.0000   0.0000   0.0000
    4241  -9.1580   4.5870  14.5197   0.0000   0.0000   0.0000
    4242  -8.3608   3.9704  15.1385   0.0000   0.0000   0.0000
    4243  -8.7027   3.9855  14.6898   0.0000   0.0000   0.0000
    4244  -9.3279   4.8488  14.8913   0.0000   0.0000   0.0000
    4245  -9.1841   3.8851  14.7723   0.0000   0.0000   0.0000
    4246  -9.5599   4.7207  15.2531   0.0000   0.0000   0.0000
    4247  -8.9203   4.3204  13.9702   0.0000   0.0000   0.0000
    4248  -8.5840   3.9013  14.9055   0.0000   0.0000   0.0000
    4249  -9.4066   3.8534  15.4301   0.0000   0.0000   0.0000
    4250  -9.4799   3.7863  14.7466   0.0000   0.0000   0.0000
    4251  -8.8577   3.6731  14.3582   0.0000   0.0000   0.0000
    4252 -10.1040   3.9426  13.8589   0.0000   0.0000   0.0000
    4253  -9.6467   3.8008  13.7147   0.0000   0.0000   0.0000
    4254  -9.7929   4.0267  12.9676   0.0000   0.0000   0.0000
    4255  -9.0909   3.8498  14.0308   0.0000   0.0000   0.0000
    4256  -9.5500   3.9063  13.0691   0.0000   0.0000   0.0000
    4257 -10.1918   3.6458  13.4617   0.0000   0.0000   0.0000
    4258 -10.2630   3.9164  13.3265   0.0000   0.0000   0.0000
    4259  -9.8035   3.8132  13.0148   0.0000   0.0000   0.0000
    4260  -9.9499   4.1220  13.5660   0.0000   0.0000   0.0000
    4261  -9.8149   4.4460  12.7742   0.0000   0.0000   0.0000
    4262 -10.8213   4.3294  12.6991   0.0000   0.0000   0.0000
    4263 -10.7250   4.2390  12.6689   0.0000   0.0000   0.0000
    4264 -10.6142   3.6364  12.9704   0.0000   0.0000   0.0000
    4265 -10.9042   3.2582  13.2685   0.0000   0.0000   0.0000
    4266 -10.4294   3.8629  13.2467   0.0000   0.0000   0.0000
    4267 -10.5485   3.9896  14.1186   0.0000   0.0000   0.0000
    4268 -10.7432   4.1307  14.1654   0.0000   0.0000   0.0000
    4269 -11.1036   3.5293  13.7611   0.0000   0.0000   0.0000
    4270 -11.0191   3.8236  13.7926   0.0000   0.0000   0.0000
    4271 -11.5901   3.9846  14.6137   0.0000   0.0000   0.0000
    4272 -11.7181   3.7891  14.6581   0.0000   0.0000   0.0000
    4273 -11.0189   4.5670  14.3552   0.0000   0.0000   0.0000
    4274 -10.9757   4.5975  14.6405   0.0000   0.0000   0.0000
    4275 -10.7809   3.5772  14.8201   0.0000   0.0000   0.0000
    4276 -10.6896   3.8068  14.4240   0.0000   0.0000   0.0000
    4277 -10.9740   3.7168  13.6895   0.0000   0.0000   0.0000
    4278 -10.6284   3.2928  14.1580   0.0000   0.0000   0.0000
    4279 -10.2283   3.3033  14.9776   0.0000   0.0000   0.0000
    4280 -10.2756   3.5066  14.5823   0.0000   0.0000   0.0000
    4281  -9.6251   3.8115  15.0009   0.0000   0.0000   0.0000
    4282 -10.3086   3.5749  14.2979   0.0000   0.0000   0.0000
    4283  -9.6043   3.3393  13.7920   0.0000   0.0000   0.0000
    4284 -10.2717   3.4432  13.8319   0.0000   0.0000   0.0000
    4285 -11.0551   4.2416  14.2095   0.0000   0.0000   0.0000
    4286 -10.4156   4.0000  14.2047   0.0000   0.0000   0.0000
    4287 -10.1621   3.3672  14.8889   0.0000   0.0000   0.0000
    4288  -9.7198   3.5350  14.6850   0.0000   0.0000   0.0000
    4289  -9.8095   2.9861  14.0741   0.0000   0.0000   0.0000
    4290 -10.3777   3.1598  13.9098   0.0000   0.0000   0.0000
    4291 -10.6158   3.3509  13.9803   0.0000   0.0000   0.0000
    4292 -11.1126   3.1232  14.3697   0.0000   0.0000   0.0000
    4293 -10.0298   2.9560  13.9457   0.0000   0.0000   0.0000
    4294 -10.5708   2.7962  14.0499   0.0000   0.0000   0.0000
    4295 -10.0004   3.5676  14.5093   0.0000   0.0000   0.0000
    4296 -10.5760   2.2791  13.3991   0.0000   0.0000   0.0000
    4297 -10.0856   2.7935  14.0754   0.0000   0.0000   0.0000
    4298  -9.3021   3.0247  13.5653   0.0000   0.0000   0.0000
    4299 -10.2299   3.0709  14.2185   0.0000   0.0000   0.0000
    4300 -10.8008   2.9132  13.8593   0.0000   0.0000   0.0000
    4301  -9.7138   2.5323  13.6194   0.0000   0.0000   0.0000
    4302 -10.1133   2.2835  14.0830   0.0000   0.0000   0.0000
    4303  -9.8674   3.0126  14.3978   0.0000   0.0000   0.0000
    4304 -10.6358   2.7220  14.0384   0.0000   0.0000   0.0000
    4305 -10.1707   2.6792  14.4819   0.0000   0.0000   0.0000
    4306 -10.4545   2.0701  14.3359   0.0000   0.0000   0.0000
    4307 -10.3553   2.2585  14.2038   0.0000   0.0000   0.0000
    4308  -9.6568   2.8219  14.2281   0.0000   0.0000   0.0000
    4309  -9.5088   1.8496  13.9236   0.0000   0.0000   0.0000
    4310  -9.3531   2.1114  14.2412   0.0000   0.0000   0.0000
    4311  -9.1755   2.2149  13.8184   0.0000   0.0000   0.0000
    4312  -9.2679   1.3861  13.9721   0.0000   0.0000   0.0000
    4313  -8.7979   2.2733  14.3263   0.0000   0.0000   0.0000
    4314  -8.3611   2.6857  14.4133   0.0000   0.0000   0.0000
    4315  -8.1370   2.2714  14.6239   0.0000   0.0000   0.0000
    4316  -8.6015   2.5656  14.3190   0.0000   0.0000   0.0000
    4317  -8.9753   2.2169  14.1174   0.0000   0.0000   0.0000
    4318  -8.5932   2.2981  14.1181   0.0000   0.0000   0.0000
    4319  -8.4348   3.0377  14.5964   0.0000   0.0000   0.0000
    4320  -8.8987   2.3151  14.2398   0.0000   0.0000   0.0000
    4321  -8.3278   2.4639  14.2368   0.0000   0.0000   0.0000
    4322  -8.4099   1.9937  13.9018   0.0000   0.0000   0.0000
    4323  -9.1129   2.2851  14.1526   0.0000   0.0000   0.0000
    4324  -8.7330   2.1094  14.5315   0.0000   0.0000   0.0000
    4325  -9.5479   2.7429  14.0813   0.0000   0.0000   0.0000
    4326  -8.5813   2.3095  14.3975   0.0000   0.0000   0.0000
    4327  -8.2243   2.0497  14.3423   0.0000   0.0000   0.0000
    4328  -8.7416   2.9819  13.6592   0.0000   0.0000   0.0000
    4329  -8.9039   3.0828  13.8808   0.0000   0.0000   0.0000
    4330  -9.8534   3.2621  14.2103   0.0000   0.0000   0.0000
    4331 -10.1396   4.3911  13.8871   0.0000   0.0000   0.0000
    4332  -9.2489   4.1586  14.3302   0.0000   0.0000   0.0000
    4333 -10.0212   4.0197  13.9019   0.0000   0.0000   0.0000
    4334  -9.4413   4.1611  14.0294   0.0000   0.0000   0.0000
    4335  -9.5770   4.1511  14.3899   0.0000   0.0000   0.0000
    4336  -9.4368   3.4270  14.3356   0.0000   0.0000   0.0000
    4337  -9.1895   3.5078  14.8740   0.0000   0.0000   0.0000
    4338 -10.0128   3.2989  15.1327   0.0000   0.0000   0.0000
    4339  -9.2182   3.5873  14.3554   0.0000   0.0000   0.0000
    4340  -9.3200   2.9411  14.4775   0.0000   0.0000   0.0000
    4341  -9.1667   2.9134  14.9299   0.0000   0.0000   0.0000
    4342  -9.2515   4.0791  15.3779   0.0000   0.0000   0.0000
    4343 -10.2109   3.8586  14.4756   0.0000   0.0000   0.0000
    4344 -10.0143   3.3473  15.0599   0.0000   0.0000   0.0000
    4345 -11.1507   3.0485  14.7379   0.0000   0.0000   0.0000
    4346 -11.1601   3.1717  14.5974   0.0000   0.0000   0.0000
    4347 -10.3674   3.2500  14.6893   0.0000   0.0000   0.0000
    4348 -10.0465   2.7058  14.0940   0.0000   0.0000   0.0000
    4349 -10.5787   2.7177  13.4103   0.0000   0.0000   0.0000
    4350 -10.0489   2.6666  14.4931   0.0000   0.0000   0.0000
    4351 -10.8567   3.1256  14.0264   0.0000   0.0000   0.0000
    4352 -10.6549   3.2075  13.8671   0.0000   0.0000   0.0000
    4353 -10.8430   3.0177  13.9603   0.0000   0.0000   0.0000
    4354 -10.3436   2.7841  14.4682   0.0000   0.0000   0.0000
    4355 -10.3558   3.5253  13.7699   0.0000   0.0000   0.0000
    4356  -9.2293   3.9272  13.7421   0.0000   0.0000   0.0000
    4357 -10.0066   3.2822  13.8683   0.0000   0.0000   0.0000
    4358  -9.6643   2.7118  14.6576   0.0000   0.0000   0.0000
    4359 -10.4675   3.2552  13.8780   0.0000   0.0000   0.0000
    4360  -9.7846   2.4429  13.9604   0.0000   0.0000   0.0000
    4361  -9.6147   3.3346  13.7939   0.0000   0.0000   0.0000
    4362 -10.3842   3.0594  14.3408   0.0000   0.0000   0.0000
    4363 -10.3541   2.7521  13.8402   0.0000   0.0000   0.0000
    4364 -10.0837   3.2943  13.9358   0.0000   0.0000   0.0000
    4365 -10.5119   3.2107  13.1721   0.0000   0.0000   0.0000
    4366  -9.9467   2.8275  13.4168   0.0000   0.0000   0.0000
    4367 -10.2822   3.7461  13.0243   0.0000   0.0000   0.0000
    4368  -9.2814   2.4896  13.5941   0.0000   0.0000   0.0000
    4369  -9.6121   2.9242  14.3540   0.0000   0.0000   0.0000
    4370  -9.6388   2.4356  13.9754   0.0000   0.0000   0.0000
    4371  -9.0658   2.8147  14.2963   0.0000   0.0000   0.0000
    4372  -9.8373   2.7630  13.7767   0.0000   0.0000   0.0000
    4373 -10.0794   1.8335  14.0938   0.0000   0.0000   0.0000
    4374  -9.6265   2.7890  14.5251   0.0000   0.0000   0.0000
    4375 -10.1916   3.0397  13.7778   0.0000   0.0000   0.0000
    4376 -10.1417   3.4205  13.8776   0.0000   0.0000   0.0000
    4377 -10.8866   3.1752  14.4199   0.0000   0.0000   0.0000
    4378 -10.0298   2.6631  15.1506   0.0000   0.0000   0.0000
    4379 -10.6120   3.2508  14.4273   0.0000   0.0000   0.0000
    4380 -10.7643   2.6443  14.7018   0.0000   0.0000   0.0000
    4381 -11.3358   2.6108  14.8035   0.0000   0.0000   0.0000
    4382 -10.6363   2.8917  14.3002   0.0000   0.0000   0.0000
    4383 -11.2819   2.5638  13.9100   0.0000   0.0000   0.0000
    4384 -10.8032   3.3553  13.6376   0.0000   0.0000   0.0000
    4385 -11.2219   3.5369  13.9558   0.0000   0.0000   0.0000
    4386 -11.0641   3.0665  14.3997   0.0000   0.0000   0.0000
    4387 -11.6605   3.2833  14.3268   0.0000   0.0000   0.0000
    4388 -11.3913   3.1941  14.7603   0.0000   0.0000   0.0000
    4389 -10.9468   3.4130  14.5296   0.0000   0.0000   0.0000
    4390 -10.9987   3.5294  14.7716   0.0000   0.0000   0.0000
    4391 -11.1584   3.3281  15.0545   0.0000   0.0000   0.0000
    4392 -10.6869   2.9978  14.7264   0.0000   0.0000   0.0000
    4393  -9.9114   3.9483  14.9124   0.0000   0.0000   0.0000
    4394 -10.6469   4.1041  14.8480   0.0000   0.0000   0.0000
    4395 -10.4142   4.3879  14.9047   0.0000   0.0000   0.0000
    4396 -10.5984   3.2854  14.5012   0.0000   0.0000   0.0000
    4397 -11.0403   3.9523  13.6284   0.0000   0.0000   0.0000
    4398 -10.1629   3.3736  14.0872   0.0000   0.0000   0.0000
    4399 -10.5459   3.0734  13.5376   0.0000   0.0000   0.0000
    4400 -10.5611   2.4785  14.2983   0.0000   0.0000   0.0000
    4401 -11.0460   3.8487  14.0345   0.0000   0.0000   0.0000
    4402  -9.8881   3.1610  13.7957   0.0000   0.0000   0.0000
    4403 -10.8102   3.0574  13.8815   0.0000   0.0000   0.0000
    4404 -10.7894   3.3438  12.7872   0.0000   0.0000   0.0000
    4405 -10.5981   4.1382  13.3669   0.0000   0.0000   0.0000
    4406 -11.3458   3.4813  13.3339   0.0000   0.0000   0.0000
    4407 -10.4151   3.2685  12.6178   0.0000   0.0000   0.0000
    4408 -10.5638   3.0550  13.0906   0.0000   0.0000   0.0000
    4409 -10.9645   3.9909  12.8017   0.0000   0.0000   0.0000
    4410 -10.9511   2.7470  13.7171   0.0000   0.0000   0.0000
    4411 -11.0944   3.4301  13.5152   0.0000   0.0000   0.0000
    4412 -11.9687   3.9935  13.2773   0.0000   0.0000   0.0000
    4413 -10.6359   4.1827  13.8988   0.0000   0.0000   0.0000
    4414 -11.5916   4.2295  13.5135   0.0000   0.0000   0.0000
    4415 -10.9635   4.1387  13.6286   0.0000   0.0000   0.0000
    4416 -11.5228   3.8540  13.5810   0.0000   0.0000   0.0000
    4417 -11.3618   3.3757  13.8515   0.0000   0.0000   0.0000
    4418 -11.8467   3.3391  13.1745   0.0000   0.0000   0.0000
    4419 -12.5501   3.4196  12.7637   0.0000   0.0000   0.0000
    4420 -12.1619   3.1691  12.7128   0.0000   0.0000   0.0000
    4421 -11.9239   3.8502  12.6476   0.0000   0.0000   0.0000
    4422 -11.8212   3.7284  12.8102   0.0000   0.0000   0.0000
    4423 -10.9100   4.4268  12.8625   0.0000   0.0000   0.0000
    4424 -11.2713   3.7506  12.6091   0.0000   0.0000   0.0000
    4425 -11.6131   4.6908  12.2182   0.0000   0.0000   0.0000
    4426 -11.3722   4.0504  12.7127   0.0000   0.0000   0.0000
    4427 -12.3002   4.6763  12.5503   0.0000   0.0000   0.0000
    4428 -11.2249   4.6564  12.6278   0.0000   0.0000   0.0000
    4429 -11.0280   4.5437  12.8748   0.0000   0.0000   0.0000
    4430 -12.0941   4.5306  12.2930   0.0000   0.0000   0.0000
    4431 -11.3374   4.7362  12.4904   0.0000   0.0000   0.0000
    4432 -10.7976   3.9041  11.9841   0.0000   0.0000   0.0000
    4433 -11.7210   4.3695  11.9107   0.0000   0.0000   0.0000
    4434 -11.3920   4.0333  12.6462   0.0000   0.0000   0.0000
    4435 -11.1148   4.0757  11.5838   0.0000   0.0000   0.0000
    4436 -11.1345   4.2314  11.8884   0.0000   0.0000   0.0000
    4437 -11.9132   4.5596  12.5142   0.0000   0.0000   0.0000
    4438 -11.3306   4.6897  12.3830   0.0000   0.0000   0.0000
    4439 -10.9574   4.8301  12.2872   0.0000   0.0000   0.0000
    4440 -10.6322   4.7954  11.9527   0.0000   0.0000   0.0000
    4441 -10.9222   4.4971  11.9042   0.0000   0.0000   0.0000
    4442 -10.2183   4.4118  12.3659   0.0000   0.0000   0.0000
    4443  -9.9150   4.4617  11.7012   0.0000   0.0000   0.0000
    4444  -9.7307   4.0560  12.1026   0.0000   0.0000   0.0000
    4445  -9.3350   5.4984  11.8522   0.0000   0.0000   0.0000
    4446 -10.4059   4.4944  11.4927   0.0000   0.0000   0.0000
    4447 -10.7658   3.9750  12.7786   0.0000   0.0000   0.0000
    4448  -9.9034   3.7977  12.8534   0.0000   0.0000   0.0000
    4449 -10.2016   3.2456  12.3865   0.0000   0.0000   0.0000
    4450  -9.6904   4.0371  12.6836   0.0000   0.0000   0.0000
    4451 -10.4838   4.1845  12.0657   0.0000   0.0000   0.0000
    4452  -9.9030   3.8600  12.0420   0.0000   0.0000   0.0000
    4453  -9.7696   4.2367  12.6543   0.0000   0.0000   0.0000
    4454  -9.5764   3.7271  12.5060   0.0000   0.0000   0.0000
    4455  -9.5505   4.0711  12.4918   0.0000   0.0000   0.0000
    4456 -10.3365   3.2477  12.9114   0.0000   0.0000   0.0000
    4457 -10.2783   4.3536  11.9710   0.0000   0.0000   0.0000
    4458 -11.0969   3.6861  12.0756   0.0000   0.0000   0.0000
    4459 -10.7874   3.1477  11.7398   0.0000   0.0000   0.0000
    4460  -9.9977   2.7249  11.6008   0.0000   0.0000   0.0000
    4461  -9.9684   3.1207  12.0727   0.0000   0.0000   0.0000
    4462 -10.1133   3.2135  11.8660   0.0000   0.0000   0.0000
    4463  -9.7451   3.8359  11.9114   0.0000   0.0000   0.0000
    4464  -9.1881   3.7737  11.8515   0.0000   0.0000   0.0000
    4465  -9.8010   2.9623  12.6171   0.0000   0.0000   0.0000
    4466  -9.8694   3.6511  11.8942   0.0000   0.0000   0.0000
    4467 -10.3982   3.1612  11.5957   0.0000   0.0000   0.0000
    4468 -10.9753   3.4607  12.4201   0.0000   0.0000   0.0000
    4469 -10.1982   2.8268  12.2790   0.0000   0.0000   0.0000
    4470 -10.5763   2.7909  12.2133   0.0000   0.0000   0.0000
    4471 -10.5044   2.6418  12.3949   0.0000   0.0000   0.0000
    4472 -10.6521   3.8534  12.9918   0.0000   0.0000   0.0000
    4473 -11.4102   2.8781  12.7986   0.0000   0.0000   0.0000
    4474 -11.2120   2.4328  13.0244   0.0000   0.0000   0.0000
    4475 -11.0094   2.9078  13.5000   0.0000   0.0000   0.0000
    4476 -10.7444   3.4853  12.7546   0.0000   0.0000   0.0000
    4477 -10.3214   2.6479  13.5515   0.0000   0.0000   0.0000
    4478 -10.3451   3.1807  12.8580   0.0000   0.0000   0.0000
    4479 -10.5823   3.1517  12.5905   0.0000   0.0000   0.0000
    4480 -10.4246   3.6862  13.2984   0.0000   0.0000   0.0000
    4481 -10.7341   3.5348  12.7744   0.0000   0.0000   0.0000
    4482 -11.4835   3.7284  11.9208   0.0000   0.0000   0.0000
    4483 -10.7184   4.4297  12.2874   0.0000   0.0000   0.0000
    4484 -10.7812   3.0724  12.6899   0.0000   0.0000   0.0000
    4485 -10.5648   4.6664  12.7524   0.0000   0.0000   0.0000
    4486 -10.0007   3.8227  12.8066   0.0000   0.0000   0.0000
    4487  -9.6149   3.9547  13.2863   0.0000   0.0000   0.0000
    4488 -10.1507   5.4315  13.5574   0.0000   0.0000   0.0000
    4489  -9.8356   4.8166  13.5860   0.0000   0.0000   0.0000
    4490 -10.6124   4.6201  12.8990   0.0000   0.0000   0.0000
    4491  -9.8998   5.6370  12.7531   0.0000   0.0000   0.0000
    4492 -10.4403   4.4926  12.7555   0.0000   0.0000   0.0000
    4493  -9.5653   4.4689  12.8245   0.0000   0.0000   0.0000
    4494 -10.3432   4.7668  12.8905   0.0000   0.0000   0.0000
    4495 -11.0883   4.7649  12.8364   0.0000   0.0000   0.0000
    4496 -10.7474   4.4410  13.0113   0.0000   0.0000   0.0000
    4497 -11.2692   4.9262  13.0755   0.0000   0.0000   0.0000
    4498 -10.4355   4.5038  12.6785   0.0000   0.0000   0.0000
    4499 -10.8793   5.7073  13.0628   0.0000   0.0000   0.0000
    4500 -11.3354   5.2422  13.9982   0.0000   0.0000   0.0000
    4501 -10.9409   4.0173  12.9465   0.0000   0.0000   0.0000
    4502 -11.1288   4.7567  13.3259   0.0000   0.0000   0.0000
    4503 -11.5454   4.7708  13.1244   0.0000   0.0000   0.0000
    4504 -11.6449   4.3846  13.1264   0.0000   0.0000   0.0000
    4505 -11.5451   3.7833  13.1427   0.0000   0.0000   0.0000
    4506 -11.4462   4.1106  13.4119   0.0000   0.0000   0.0000
    4507 -10.5479   4.4644  13.1083   0.0000   0.0000   0.0000
    4508 -11.2666   4.0870  13.2899   0.0000   0.0000   0.0000
    4509 -10.7174   4.2132  13.0833   0.0000   0.0000   0.0000
    4510 -10.8952   4.5802  12.9693   0.0000   0.0000   0.0000
    4511 -10.8354   4.5540  12.6689   0.0000   0.0000   0.0000
    4512  -9.7056   4.8245  13.2179   0.0000   0.0000   0.0000
    4513 -11.4455   4.2239  13.3867   0.0000   0.0000   0.0000
    4514 -11.4540   3.8989  13.2713   0.0000   0.0000   0.0000
    4515 -11.0844   4.4624  14.2783   0.0000   0.0000   0.0000
    4516 -11.6243   4.0568  13.4464   0.0000   0.0000   0.0000
    4517 -10.9511   3.4723  13.2694   0.0000   0.0000   0.0000
    4518 -10.6707   4.2574  12.6438   0.0000   0.0000   0.0000
    4519 -10.8333   3.6685  13.2074   0.0000   0.0000   0.0000
    4520 -11.4235   2.6482  13.0524   0.0000   0.0000   0.0000
    4521 -10.0274   3.1863  13.3078   0.0000   0.0000   0.0000
    4522 -10.2361   2.8482  13.3999   0.0000   0.0000   0.0000
    4523 -10.6388   3.2648  13.0106   0.0000   0.0000   0.0000
    4524 -11.5519   4.2892  13.3743   0.0000   0.0000   0.0000
    4525 -11.3163   3.8509  13.3332   0.0000   0.0000   0.0000
    4526 -10.4315   3.5086  13.3767   0.0000   0.0000   0.0000
    4527 -10.3675   4.4310  13.2304   0.0000   0.0000   0.0000
    4528 -10.1692   4.5299  13.1732   0.0000   0.0000   0.0000
    4529 -10.1926   4.6270  13.7104   0.0000   0.0000   0.0000
    4530 -10.3698   5.2478  13.9826   0.0000   0.0000   0.0000
    4531 -10.5984   5.6267  13.4606   0.0000   0.0000   0.0000
    4532 -11.1690   4.7186  13.5530   0.0000   0.0000   0.0000
    4533 -10.4885   4.8687  13.2354   0.0000   0.0000   0.0000
    4534 -10.9394   4.9528  13.4615   0.0000   0.0000   0.0000
    4535 -10.1928   4.4317  13.4281   0.0000   0.0000   0.0000
    4536 -10.4996   3.6841  13.5889   0.0000   0.0000   0.0000
    4537 -10.4898   4.1249  13.2383   0.0000   0.0000   0.0000
    4538 -10.9218   4.0347  13.2967   0.0000   0.0000   0.0000
    4539  -9.9828   4.4475  12.4940   0.0000   0.0000   0.0000
    4540 -10.5840   3.2617  12.4387   0.0000   0.0000   0.0000
    4541 -10.1495   4.8281  12.6136   0.0000   0.0000   0.0000
    4542 -10.3931   4.4339  12.6241   0.0000   0.0000   0.0000
    4543 -10.9574   5.0875  12.6774   0.0000   0.0000   0.0000
    4544  -9.9355   4.6061  12.4834   0.0000   0.0000   0.0000
    4545  -9.5914   3.7992  12.0840   0.0000   0.0000   0.0000
    4546 -10.5533   4.7921  12.7283   0.0000   0.0000   0.0000
    4547 -10.9386   4.5831  12.9426   0.0000   0.0000   0.0000
    4548 -10.5531   4.5215  13.0849   0.0000   0.0000   0.0000
    4549 -10.4754   3.8714  13.8926   0.0000   0.0000   0.0000
    4550 -10.3107   3.5317  13.5793   0.0000   0.0000   0.0000
    4551 -10.1483   2.9109  13.5143   0.0000   0.0000   0.0000
    4552 -10.2409   3.4126  14.0664   0.0000   0.0000   0.0000
    4553 -10.1300   3.7235  13.3130   0.0000   0.0000   0.0000
    4554 -10.4484   4.2952  14.0563   0.0000   0.0000   0.0000
    4555 -10.8407   4.5331  13.8227   0.0000   0.0000   0.0000
    4556 -10.3688   4.1532  13.3353   0.0000   0.0000   0.0000
    4557 -10.3890   3.8680  14.3185   0.0000   0.0000   0.0000
    4558 -10.1956   4.0071  13.5962   0.0000   0.0000   0.0000
    4559 -10.7172   4.2499  13.8504   0.0000   0.0000   0.0000
    4560 -10.2575   4.8307  13.7511   0.0000   0.0000   0.0000
    4561 -10.2322   4.2434  13.6609   0.0000   0.0000   0.0000
    4562 -10.6364   4.5288  14.2805   0.0000   0.0000   0.0000
    4563 -11.7466   4.0921  13.5489   0.0000   0.0000   0.0000
    4564 -10.9661   3.4445  14.1803   0.0000   0.0000   0.0000
    4565 -11.4975   3.1077  14.3194   0.0000   0.0000   0.0000
    4566 -10.6593   3.7275  13.7580   0.0000   0.0000   0.0000
    4567 -10.2231   4.0425  14.0503   0.0000   0.0000   0.0000
    4568 -10.3602   3.4530  14.3627   0.0000   0.0000   0.0000
    4569 -10.8004   3.6182  14.0498   0.0000   0.0000   0.0000
    4570 -10.8027   3.5592  14.7570   0.0000   0.0000   0.0000
    4571  -9.6128   3.3384  15.0132   0.0000   0.0000   0.0000
    4572  -9.7475   2.5274  15.3095   0.0000   0.0000   0.0000
    4573 -11.4097   3.1471  14.5148   0.0000   0.0000   0.0000
    4574  -9.8239   2.8312  15.1018   0.0000   0.0000   0.0000
    4575  -9.8711   2.3396  14.8973   0.0000   0.0000   0.0000
    4576 -11.2423   3.0892  14.5466   0.0000   0.0000   0.0000
    4577 -10.0597   2.3875  14.7283   0.0000   0.0000   0.0000
    4578  -9.8541   3.8764  14.8041   0.0000   0.0000   0.0000
    4579  -9.4255   3.1984  14.5244   0.0000   0.0000   0.0000
    4580  -9.4537   2.6468  15.0603   0.0000   0.0000   0.0000
    4581  -9.4429   4.0472  14.1717   0.0000   0.0000   0.0000
    4582  -9.5380   3.7755  14.1712   0.0000   0.0000   0.0000
    4583  -9.4934   3.4503  13.6840   0.0000   0.0000   0.0000
    4584  -8.9947   3.4753  14.0400   0.0000   0.0000   0.0000
    4585  -8.4819   4.0701  14.6843   0.0000   0.0000   0.0000
    4586  -8.4995   3.6390  14.2945   0.0000   0.0000   0.0000
    4587  -8.8389   3.9037  14.3521   0.0000   0.0000   0.0000
    4588  -8.9996   4.3955  13.9360   0.0000   0.0000   0.0000
    4589  -8.5407   4.2833  14.4325   0.0000   0.0000   0.0000
    4590  -8.2555   4.1666  14.7643   0.0000   0.0000   0.0000
    4591  -9.2660   4.2249  14.5012   0.0000   0.0000   0.0000
    4592  -9.1893   3.4713  13.4975   0.0000   0.0000   0.0000
    4593  -9.3579   3.7341  14.5252   0.0000   0.0000   0.0000
    4594  -9.7700   4.1676  14.8572   0.0000   0.0000   0.0000
    4595  -9.0996   4.1882  14.1859   0.0000   0.0000   0.0000
    4596  -8.8181   3.8203  14.7613   0.0000   0.0000   0.0000
    4597  -8.4640   3.6378  14.3151   0.0000   0.0000   0.0000
    4598  -8.8401   4.3390  13.5862   0.0000   0.0000   0.0000
    4599  -8.6147   4.2760  13.8945   0.0000   0.0000   0.0000
    4600  -9.7152   3.6759  14.1252   0.0000   0.0000   0.0000
    4601  -9.1280   4.2051  14.2959   0.0000   0.0000   0.0000
    4602  -8.3427   3.2230  14.7318   0.0000   0.0000   0.0000
    4603  -8.4350   3.8267  14.4295   0.0000   0.0000   0.0000
    4604  -8.9631   3.6329  14.0393   0.0000   0.0000   0.0000
    4605  -8.8619   3.6141  14.6204   0.0000   0.0000   0.0000
    4606  -9.2337   4.2339  14.4093   0.0000   0.0000   0.0000
    4607  -9.8057   4.2918  14.0042   0.0000   0.0000   0.0000
    4608  -9.5807   4.3280  13.1622   0.0000   0.0000   0.0000
    4609  -9.1093   4.8525  12.6564   0.0000   0.0000   0.0000
    4610  -9.4822   5.0480  13.2952   0.0000   0.0000   0.0000
    4611  -9.3827   4.5145  12.8215   0.0000   0.0000   0.0000
    4612  -9.5617   5.3017  13.2605   0.0000   0.0000   0.0000
    4613  -9.4999   5.3043  12.8639   0.0000   0.0000   0.0000
    4614  -9.8934   4.8367  12.9105   0.0000   0.0000   0.0000
    4615 -10.2847   5.3497  13.1936   0.0000   0.0000   0.0000
    4616  -9.6894   3.8648  13.0117   0.0000   0.0000   0.0000
    4617  -8.9112   3.3981  13.9454   0.0000   0.0000   0.0000
    4618  -9.5585   4.0894  13.0751   0.0000   0.0000   0.0000
    4619  -9.4728   4.5506  13.0665   0.0000   0.0000   0.0000
    4620  -8.5804   4.6238  12.9630   0.0000   0.0000   0.0000
    4621  -8.7253   4.5555  12.6792   0.0000   0.0000   0.0000
    4622  -9.3816   4.4544  12.6321   0.0000   0.0000   0.0000
    4623  -9.3590   4.3693  12.9258   0.0000   0.0000   0.0000
    4624  -9.8459   4.6231  12.4643   0.0000   0.0000   0.0000
    4625 -10.2525   4.1861  13.7178   0.0000   0.0000   0.0000
    4626 -10.0958   4.7737  13.2850   0.0000   0.0000   0.0000
    4627  -9.5121   5.3171  12.6079   0.0000   0.0000   0.0000
    4628  -9.2889   5.0550  12.2758   0.0000   0.0000   0.0000
    4629  -9.5696   4.7096  12.3858   0.0000   0.0000   0.0000
    4630  -9.2479   4.2805  12.7752   0.0000   0.0000   0.0000
    4631  -9.4351   4.4053  12.7648   0.0000   0.0000   0.0000
    4632 -10.0301   4.1414  13.3282   0.0000   0.0000   0.0000
    4633 -10.0473   4.6678  12.5098   0.0000   0.0000   0.0000
    4634  -9.0607   4.4386  13.2367   0.0000   0.0000   0.0000
    4635  -9.3624   4.9442  13.3660   0.0000   0.0000   0.0000
    4636  -8.5595   4.3764  13.6771   0.0000   0.0000   0.0000
    4637  -9.3956   4.2228  13.5817   0.0000   0.0000   0.0000
    4638  -9.1912   3.4099  13.8001   0.0000   0.0000   0.0000
    4639  -9.1511   3.5056  13.6307   0.0000   0.0000   0.0000
    4640  -9.1436   4.4012  13.2703   0.0000   0.0000   0.0000
    4641  -8.3507   3.8495  13.1434   0.0000   0.0000   0.0000
    4642  -8.2042   3.8927  13.0972   0.0000   0.0000   0.0000
    4643  -8.3296   4.4580  13.8014   0.0000   0.0000   0.0000
    4644  -8.9391   4.5145  13.4963   0.0000   0.0000   0.0000
    4645  -8.4125   3.7291  13.8575   0.0000   0.0000   0.0000
    4646  -8.3557   3.9260  13.2256   0.0000   0.0000   0.0000
    4647  -8.9305   4.8382  13.0665   0.0000   0.0000   0.0000
    4648  -9.0625   4.6964  13.3529   0.0000   0.0000   0.0000
    4649  -9.0759   5.0002  13.3956   0.0000   0.0000   0.0000
    4650  -8.9471   4.8160  13.6442   0.0000   0.0000   0.0000
    4651  -8.6385   4.4406  13.4581   0.0000   0.0000   0.0000
    4652  -9.4558   4.7992  13.3301   0.0000   0.0000   0.0000
    4653  -7.9344   4.6097  14.1203   0.0000   0.0000   0.0000
    4654  -8.5628   4.2088  13.0728   0.0000   0.0000   0.0000
    4655  -9.2820   4.9297  13.0842   0.0000   0.0000   0.0000
    4656 -10.1606   4.9534  13.2773   0.0000   0.0000   0.0000
    4657  -9.9271   4.8829  12.9063   0.0000   0.0000   0.0000
    4658  -9.5471   5.8764  12.9203   0.0000   0.0000   0.0000
    4659  -9.7437   5.3873  12.7220   0.0000   0.0000   0.0000
    4660  -9.8192   5.9428  13.2703   0.0000   0.0000   0.0000
    4661  -9.5698   4.9991  12.5590   0.0000   0.0000   0.0000
    4662  -9.7075   5.1557  12.1696   0.0000   0.0000   0.0000
    4663  -9.0877   4.7164  12.7412   0.0000   0.0000   0.0000
    4664  -9.2505   4.3036  13.0844   0.0000   0.0000   0.0000
    4665  -9.0618   4.1729  12.1885   0.0000   0.0000   0.0000
    4666  -9.2080   5.0663  13.0710   0.0000   0.0000   0.0000
    4667  -9.0684   4.1125  13.5821   0.0000   0.0000   0.0000
    4668  -9.5507   4.3540  13.5226   0.0000   0.0000   0.0000
    4669  -9.2612   4.2801  12.7108   0.0000   0.0000   0.0000
    4670  -9.6573   4.0624  13.0756   0.0000   0.0000   0.0000
    4671  -9.6675   4.0056  12.9661   0.0000   0.0000   0.0000
    4672  -9.7978   4.2741  12.7016   0.0000   0.0000   0.0000
    4673 -10.2604   4.0262  12.6181   0.0000   0.0000   0.0000
    4674 -11.0149   4.0572  12.3756   0.0000   0.0000   0.0000
    4675 -10.1325   4.2853  12.8557   0.0000   0.0000   0.0000
    4676 -10.1164   4.0573  12.4456   0.0000   0.0000   0.0000
    4677  -9.6756   3.8407  12.9309   0.0000   0.0000   0.0000
    4678 -10.2605   5.1547  12.9628   0.0000   0.0000   0.0000
    4679  -9.5514   5.5915  12.6136   0.0000   0.0000   0.0000
    4680  -9.2610   5.9366  12.9093   0.0000   0.0000   0.0000
    4681 -10.7840   6.0490  12.9261   0.0000   0.0000   0.0000
    4682  -9.6080   4.6906  13.0612   0.0000   0.0000   0.0000
    4683  -9.7423   4.5436  12.4034   0.0000   0.0000   0.0000
    4684  -8.9603   4.4846  13.1672   0.0000   0.0000   0.0000
    4685  -9.0090   4.2986  13.2023   0.0000   0.0000   0.0000
    4686  -9.6931   4.6789  13.2199   0.0000   0.0000   0.0000
    4687  -9.6832   4.5849  12.7039   0.0000   0.0000   0.0000
    4688  -9.3176   4.8777  12.2676   0.0000   0.0000   0.0000
    4689  -9.1936   5.5804  12.3829   0.0000   0.0000   0.0000
    4690  -8.5127   4.9846  12.4291   0.0000   0.0000   0.0000
    4691  -8.8124   3.7970  11.7881   0.0000   0.0000   0.0000
    4692  -8.3305   4.6379  12.1258   0.0000   0.0000   0.0000
    4693  -7.9755   4.7318  12.3675   0.0000   0.0000   0.0000
    4694  -8.4869   4.7465  11.9378   0.0000   0.0000   0.0000
    4695  -8.6724   5.0582  12.8571   0.0000   0.0000   0.0000
    4696  -9.2207   5.1146  13.3726   0.0000   0.0000   0.0000
    4697  -8.5388   4.9402  12.3246   0.0000   0.0000   0.0000
    4698  -8.9579   5.6602  12.6086   0.0000   0.0000   0.0000
    4699  -8.0263   4.4665  13.3657   0.0000   0.0000   0.0000
    4700  -7.9174   3.9226  13.8387   0.0000   0.0000   0.0000
    4701  -8.0303   4.5522  13.9885   0.0000   0.0000   0.0000
    4702  -8.1813   4.5095  14.1671   0.0000   0.0000   0.0000
    4703  -7.5406   5.1267  13.0739   0.0000   0.0000   0.0000
    4704  -7.8406   5.5919  13.6761   0.0000   0.0000   0.0000
    4705  -7.5980   5.8603  13.7209   0.0000   0.0000   0.0000
    4706  -7.0599   5.2956  13.1817   0.0000   0.0000   0.0000
    4707  -6.7338   5.4741  13.1709   0.0000   0.0000   0.0000
    4708  -7.1419   5.2716  12.8543   0.0000   0.0000   0.0000
    4709  -7.9880   5.3661  13.1402   0.0000   0.0000   0.0000
    4710  -7.7227   5.7035  13.2229   0.0000   0.0000   0.0000
    4711  -7.6414   5.4928  12.6813   0.0000   0.0000   0.0000
    4712  -8.2465   5.0109  12.6147   0.0000   0.0000   0.0000
    4713  -8.1061   4.6996  12.5910   0.0000   0.0000   0.0000
    4714  -8.9647   5.1137  12.2930   0.0000   0.0000   0.0000
    4715  -8.8606   4.3925  12.7043   0.0000   0.0000   0.0000
    4716  -9.9152   3.9057  12.8687   0.0000   0.0000   0.0000
    4717  -8.5042   4.9054  12.8560   0.0000   0.0000   0.0000
    4718  -9.1064   4.1172  12.3441   0.0000   0.0000   0.0000
    4719  -8.7590   4.0171  12.8815   0.0000   0.0000   0.0000
    4720  -8.4430   3.8034  13.2067   0.0000   0.0000   0.0000
    4721  -8.7263   3.5908  13.0386   0.0000   0.0000   0.0000
    4722  -9.4127   4.1225  12.9531   0.0000   0.0000   0.0000
    4723  -9.1476   3.6541  12.9202   0.0000   0.0000   0.0000
    4724  -8.8190   4.0993  12.1942   0.0000   0.0000   0.0000
    4725  -8.9545   3.7823  12.7585   0.0000   0.0000   0.0000
    4726  -8.8908   4.4631  12.8153   0.0000   0.0000   0.0000
    4727  -9.5391   3.7321  11.9347   0.0000   0.0000   0.0000
    4728  -9.0298   3.2877  12.2767   0.0000   0.0000   0.0000
    4729  -9.3517   4.0019  12.1941   0.0000   0.0000   0.0000
    4730  -9.2518   4.0890  11.8718   0.0000   0.0000   0.0000
    4731  -9.2997   3.9980  11.7969   0.0000   0.0000   0.0000
    4732  -9.1928   3.6987  12.0875   0.0000   0.0000   0.0000
    4733  -9.0102   4.2397  11.9880   0.0000   0.0000   0.0000
    4734  -9.8955   4.7661  12.1833   0.0000   0.0000   0.0000
    4735 -10.4851   5.1135  12.0162   0.0000   0.0000   0.0000
    4736  -9.6511   4.3505  12.0635   0.0000   0.0000   0.0000
    4737  -8.7983   4.8672  12.9669   0.0000   0.0000   0.0000
    4738  -9.5738   5.1394  12.2414   0.0000   0.0000   0.0000
    4739  -9.7411   4.1337  13.1914   0.0000   0.0000   0.0000
    4740  -8.6669   4.4571  13.0967   0.0000   0.0000   0.0000
    4741  -8.5169   5.3933  12.8864   0.0000   0.0000   0.0000
    4742  -8.7325   5.6508  13.1400   0.0000   0.0000   0.0000
    4743  -8.7684   5.7436  13.0643   0.0000   0.0000   0.0000
    4744  -9.2398   4.6863  13.2612   0.0000   0.0000   0.0000
    4745  -9.0046   4.1500  13.3805   0.0000   0.0000   0.0000
    4746  -9.3528   4.6890  12.9693   0.0000   0.0000   0.0000
    4747  -9.3527   4.7184  13.7311   0.0000   0.0000   0.0000
    4748  -9.5088   4.6410  13.5749   0.0000   0.0000   0.0000
    4749  -9.2996   5.2226  12.9898   0.0000   0.0000   0.0000
    4750  -8.9897   5.2263  13.0844   0.0000   0.0000   0.0000
    4751  -9.3933   4.2718  12.6428   0.0000   0.0000   0.0000
    4752  -9.1108   4.8397  12.6798   0.0000   0.0000   0.0000
    4753  -9.2454   4.8778  12.6255   0.0000   0.0000   0.0000
    4754  -9.2329   4.8436  12.7229   0.0000   0.0000   0.0000
    4755  -9.3762   4.9800  13.3976   0.0000   0.0000   0.0000
    4756  -8.6121   4.7946  12.5305   0.0000   0.0000   0.0000
    4757  -9.2967   5.5541  12.2212   0.0000   0.0000   0.0000
    4758  -8.6213   4.3529  12.1299   0.0000   0.0000   0.0000
    4759  -8.7441   5.6225  12.8171   0.0000   0.0000   0.0000
    4760  -8.1410   5.3967  12.9016   0.0000   0.0000   0.0000
    4761  -8.5303   4.8610  13.1454   0.0000   0.0000   0.0000
    4762  -8.3724   5.6123  12.9093   0.0000   0.0000   0.0000
    4763  -8.3511   5.3753  12.6791   0.0000   0.0000   0.0000
    4764  -7.9467   4.7906  12.1997   0.0000   0.0000   0.0000
    4765  -7.4851   5.4169  13.4929   0.0000   0.0000   0.0000
    4766  -8.3104   5.1952  13.3522   0.0000   0.0000   0.0000
    4767  -8.2168   5.1295  13.5647   0.0000   0.0000   0.0000
    4768  -7.9225   4.7267  12.8936   0.0000   0.0000   0.0000
    4769  -8.0430   4.9050  13.5352   0.0000   0.0000   0.0000
    4770  -7.3395   4.7604  13.7691   0.0000   0.0000   0.0000
    4771  -7.8291   5.0794  13.4814   0.0000   0.0000   0.0000
    4772  -7.6104   5.7159  13.0214   0.0000   0.0000   0.0000
    4773  -7.9618   4.8151  13.3500   0.0000   0.0000   0.0000
    4774  -7.6635   4.9899  13.0683   0.0000   0.0000   0.0000
    4775  -7.2627   4.7446  13.8069   0.0000   0.0000   0.0000
    4776  -7.3182   4.5429  14.2956   0.0000   0.0000   0.0000
    4777  -7.8536   5.0458  13.0909   0.0000   0.0000   0.0000
    4778  -7.9206   5.2173  13.2600   0.0000   0.0000   0.0000
    4779  -8.2438   5.7688  13.1195   0.0000   0.0000   0.0000
    4780  -7.6220   5.3557  12.6094   0.0000   0.0000   0.0000
    4781  -7.8676   5.3512  11.8147   0.0000   0.0000   0.0000
    4782  -7.5116   5.2650  12.0312   0.0000   0.0000   0.0000
    4783  -7.4045   5.1629  12.8319   0.0000   0.0000   0.0000
    4784  -7.5688   4.9667  13.5818   0.0000   0.0000   0.0000
    4785  -6.6398   4.8842  12.3533   0.0000   0.0000   0.0000
    4786  -7.7395   4.8959  13.2156   0.0000   0.0000   0.0000
    4787  -7.5558   4.7739  12.9174   0.0000   0.0000   0.0000
    4788  -7.5652   4.6327  12.8748   0.0000   0.0000   0.0000
    4789  -7.6983   5.8266  12.9937   0.0000   0.0000   0.0000
    4790  -7.9766   5.0509  12.9757   0.0000   0.0000   0.0000
    4791  -7.3195   5.6324  13.3705   0.0000   0.0000   0.0000
    4792  -7.7844   5.1401  13.2338   0.0000   0.0000   0.0000
    4793  -8.3587   5.0253  13.1243   0.0000   0.0000   0.0000
    4794  -8.6932   4.3764  12.7117   0.0000   0.0000   0.0000
    4795  -8.0997   5.2350  12.9537   0.0000   0.0000   0.0000
    4796  -8.2131   4.2237  13.4242   0.0000   0.0000   0.0000
    4797  -7.5143   5.8297  13.5581   0.0000   0.0000   0.0000
    4798  -8.1077   4.7992  13.7216   0.0000   0.0000   0.0000
    4799  -8.0846   4.9998  12.9732   0.0000   0.0000   0.0000
    4800  -8.2735   5.3240  13.8859   0.0000   0.0000   0.0000
    4801  -8.2761   5.2351  13.4567   0.0000   0.0000   0.0000
    4802  -8.9103   5.6501  12.7612   0.0000   0.0000   0.0000
    4803  -8.2764   5.6082  13.3270   0.0000   0.0000   0.0000
    4804  -8.1414   5.8448  13.3406   0.0000   0.0000   0.0000
    4805  -7.0567   5.7560  12.7823   0.0000   0.0000   0.0000
    4806  -8.4517   4.7905  12.8582   0.0000   0.0000   0.0000
    4807  -9.0345   5.6140  13.2698   0.0000   0.0000   0.0000
    4808  -9.5095   4.6026  12.2678   0.0000   0.0000   0.0000
    4809  -7.5751   4.5282  13.1894   0.0000   0.0000   0.0000
    4810  -8.4603   4.1602  12.4766   0.0000   0.0000   0.0000
    4811  -8.5885   5.3703  12.6729   0.0000   0.0000   0.0000
    4812  -9.3777   4.7399  13.1824   0.0000   0.0000   0.0000
    4813  -8.1430   4.7995  12.8178   0.0000   0.0000   0.0000
    4814  -8.0282   4.6687  13.1803   0.0000   0.0000   0.0000
    4815  -8.0047   4.1987  13.2584   0.0000   0.0000   0.0000
    4816  -7.6008   4.4451  13.2205   0.0000   0.0000   0.0000
    4817  -7.9023   4.2640  13.6949   0.0000   0.0000   0.0000
    4818  -7.9719   4.9080  14.5263   0.0000   0.0000   0.0000
    4819  -7.7732   4.7806  14.5183   0.0000   0.0000   0.0000
    4820  -7.7973   4.4168  14.5351   0.0000   0.0000   0.0000
    4821  -8.2308   4.4796  14.7743   0.0000   0.0000   0.0000
    4822  -7.9070   5.0923  14.4471   0.0000   0.0000   0.0000
    4823  -8.2403   4.8765  14.2534   0.0000   0.0000   0.0000
    4824  -7.0969   4.8059  14.3926   0.0000   0.0000   0.0000
    4825  -6.8156   4.4785  15.0644   0.0000   0.0000   0.0000
    4826  -6.7206   5.5190  14.5467   0.0000   0.0000   0.0000
    4827  -6.9199   5.5495  15.4160   0.0000   0.0000   0.0000
    4828  -7.0137   5.0249  15.1575   0.0000   0.0000   0.0000
    4829  -7.4368   4.9620  14.4961   0.0000   0.0000   0.0000
    4830  -7.5274   5.1957  14.6358   0.0000   0.0000   0.0000
    4831  -7.6966   4.4514  14.9412   0.0000   0.0000   0.0000
    4832  -7.6127   4.4712  15.0008   0.0000   0.0000   0.0000
    4833  -7.8948   5.2096  15.7250   0.0000   0.0000   0.0000
    4834  -8.1660   4.3719  15.4677   0.0000   0.0000   0.0000
    4835  -7.6213   4.5118  14.7758   0.0000   0.0000   0.0000
    4836  -7.3954   4.7548  15.2483   0.0000   0.0000   0.0000
    4837  -7.8583   5.1563  15.6937   0.0000   0.0000   0.0000
    4838  -7.5938   4.3915  16.1845   0.0000   0.0000   0.0000
    4839  -7.4271   4.7095  16.4312   0.0000   0.0000   0.0000
    4840  -7.5731   5.3659  16.3821   0.0000   0.0000   0.0000
    4841  -7.5506   5.6191  16.3131   0.0000   0.0000   0.0000
    4842  -7.4749   4.7456  15.9371   0.0000   0.0000   0.0000
    4843  -8.0379   4.0270  16.0802   0.0000   0.0000   0.0000
    4844  -7.1617   4.6179  15.3849   0.0000   0.0000   0.0000
    4845  -7.7099   3.9582  16.2378   0.0000   0.0000   0.0000
    4846  -7.2770   4.0988  15.7648   0.0000   0.0000   0.0000
    4847  -7.8949   4.7280  15.3737   0.0000   0.0000   0.0000
    4848  -7.9126   4.6072  15.4470   0.0000   0.0000   0.0000
    4849  -7.2399   4.5649  15.6494   0.0000   0.0000   0.0000
    4850  -7.7657   4.6460  16.2964   0.0000   0.0000   0.0000
    4851  -7.0052   4.6061  16.4145   0.0000   0.0000   0.0000
    4852  -6.3070   5.0493  15.5530   0.0000   0.0000   0.0000
    4853  -7.1749   3.7801  15.9764   0.0000   0.0000   0.0000
    4854  -7.0913   4.3345  16.7235   0.0000   0.0000   0.0000
    4855  -7.0043   3.7154  16.2156   0.0000   0.0000   0.0000
    4856  -6.6458   4.1640  16.0464   0.0000   0.0000   0.0000
    4857  -7.0244   5.3346  16.3065   0.0000   0.0000   0.0000
    4858  -7.4039   4.0834  16.2740   0.0000   0.0000   0.0000
    4859  -7.8932   4.6336  16.0924   0.0000   0.0000   0.0000
    4860  -8.1735   4.6591  16.3018   0.0000   0.0000   0.0000
    4861  -6.9324   4.7180  15.9866   0.0000   0.0000   0.0000
    4862  -6.9211   4.7952  16.9862   0.0000   0.0000   0.0000
    4863  -6.7507   4.5023  16.3443   0.0000   0.0000   0.0000
    4864  -7.1904   4.6628  15.3734   0.0000   0.0000   0.0000
    4865  -6.9366   4.7620  16.5636   0.0000   0.0000   0.0000
    4866  -7.4979   4.6569  16.4409   0.0000   0.0000   0.0000
    4867  -6.9144   3.9471  16.5166   0.0000   0.0000   0.0000
    4868  -6.2993   3.5824  16.8493   0.0000   0.0000   0.0000
    4869  -5.5561   3.5684  16.8626   0.0000   0.0000   0.0000
    4870  -6.6479   5.0612  16.3189   0.0000   0.0000   0.0000
    4871  -5.8891   4.3521  16.3795   0.0000   0.0000   0.0000
    4872  -6.2314   5.1080  15.4705   0.0000   0.0000   0.0000
    4873  -7.0962   4.8803  16.1576   0.0000   0.0000   0.0000
    4874  -6.2053   5.2611  16.5826   0.0000   0.0000   0.0000
    4875  -5.9793   4.1483  16.5061   0.0000   0.0000   0.0000
    4876  -6.9592   3.9455  16.8057   0.0000   0.0000   0.0000
    4877  -7.3653   4.1693  16.7638   0.0000   0.0000   0.0000
    4878  -7.4652   3.8208  16.3822   0.0000   0.0000   0.0000
    4879  -8.0618   4.2111  16.3254   0.0000   0.0000   0.0000
    4880  -8.6050   4.2391  17.0262   0.0000   0.0000   0.0000
    4881  -7.6389   4.7734  16.4788   0.0000   0.0000   0.0000
    4882  -6.6689   3.5695  16.2718   0.0000   0.0000   0.0000
    4883  -7.3941   2.7206  17.2235   0.0000   0.0000   0.0000
    4884  -7.5780   3.3565  16.1800   0.0000   0.0000   0.0000
    4885  -6.2452   4.1015  16.8612   0.0000   0.0000   0.0000
    4886  -6.9778   4.2132  17.2287   0.0000   0.0000   0.0000
    4887  -7.0522   3.2747  16.8012   0.0000   0.0000   0.0000
    4888  -6.3700   4.3319  17.1149   0.0000   0.0000   0.0000
    4889  -6.3802   4.1424  16.7847   0.0000   0.0000   0.0000
    4890  -5.6123   3.6557  17.1133   0.0000   0.0000   0.0000
    4891  -6.6962   3.1648  17.0891   0.0000   0.0000   0.0000
    4892  -6.3514   3.1302  16.2926   0.0000   0.0000   0.0000
    4893  -6.8971   2.9901  17.1328   0.0000   0.0000   0.0000
    4894  -6.2921   2.8424  16.3586   0.0000   0.0000   0.0000
    4895  -6.8267   3.0878  15.9584   0.0000   0.0000   0.0000
    4896  -6.4196   3.4945  16.3388   0.0000   0.0000   0.0000
    4897  -6.3130   3.4504  16.4091   0.0000   0.0000   0.0000
    4898  -7.0821   3.9927  16.5662   0.0000   0.0000   0.0000
    4899  -6.6179   4.4455  15.5876   0.0000   0.0000   0.0000
    4900  -8.0783   3.6133  15.2379   0.0000   0.0000   0.0000
    4901  -6.8790   4.0088  15.5019   0.0000   0.0000   0.0000
    4902  -7.0683   4.0010  15.8972   0.0000   0.0000   0.0000
    4903  -7.5812   3.5887  16.2286   0.0000   0.0000   0.0000
    4904  -7.2669   3.1585  16.0786   0.0000   0.0000   0.0000
    4905  -7.3640   3.8322  15.6434   0.0000   0.0000   0.0000
    4906  -8.0954   4.3150  15.7594   0.0000   0.0000   0.0000
    4907  -7.7884   4.0393  15.6466   0.0000   0.0000   0.0000
    4908  -8.3854   4.7602  16.0990   0.0000   0.0000   0.0000
    4909  -8.1253   4.1168  15.6229   0.0000   0.0000   0.0000
    4910  -7.6910   4.1675  16.5189   0.0000   0.0000   0.0000
    4911  -7.7859   4.1859  15.4172   0.0000   0.0000   0.0000
    4912  -7.7399   4.0675  16.0066   0.0000   0.0000   0.0000
    4913  -6.9128   3.8977  16.2205   0.0000   0.0000   0.0000
    4914  -8.8451   4.1716  16.5572   0.0000   0.0000   0.0000
    4915  -6.9024   4.8907  15.9918   0.0000   0.0000   0.0000
    4916  -7.1929   4.0907  15.8178   0.0000   0.0000   0.0000
    4917  -7.6207   3.9818  15.8490   0.0000   0.0000   0.0000
    4918  -7.4358   2.6638  16.3300   0.0000   0.0000   0.0000
    4919  -7.1359   3.1915  16.8844   0.0000   0.0000   0.0000
    4920  -7.2414   2.8123  16.5112   0.0000   0.0000   0.0000
    4921  -7.4516   2.4849  16.4101   0.0000   0.0000   0.0000
    4922  -6.3858   2.7052  16.3745   0.0000   0.0000   0.0000
    4923  -7.4982   1.8120  16.6473   0.0000   0.0000   0.0000
    4924  -6.5356   2.3779  17.0168   0.0000   0.0000   0.0000
    4925  -7.7201   2.9443  16.8230   0.0000   0.0000   0.0000
    4926  -7.3588   2.9683  17.0144   0.0000   0.0000   0.0000
    4927  -6.5626   2.6681  16.9633   0.0000   0.0000   0.0000
    4928  -7.2882   2.4649  16.9094   0.0000   0.0000   0.0000
    4929  -6.5816   3.0018  17.2326   0.0000   0.0000   0.0000
    4930  -6.1022   2.4665  16.5688   0.0000   0.0000   0.0000
    4931  -5.5844   2.3764  16.5405   0.0000   0.0000   0.0000
    4932  -6.1573   2.1929  16.7282   0.0000   0.0000   0.0000
    4933  -6.7083   2.7256  16.7958   0.0000   0.0000   0.0000
    4934  -5.5070   2.1877  17.2840   0.0000   0.0000   0.0000
    4935  -5.2739   2.7246  16.9832   0.0000   0.0000   0.0000
    4936  -5.8915   2.4965  16.0353   0.0000   0.0000   0.0000
    4937  -6.3308   3.3658  17.4537   0.0000   0.0000   0.0000
    4938  -5.5396   2.9415  16.6553   0.0000   0.0000   0.0000
    4939  -7.0531   4.0270  16.5915   0.0000   0.0000   0.0000
    4940  -6.3573   4.8225  17.4771   0.0000   0.0000   0.0000
    4941  -6.1192   3.9766  17.4535   0.0000   0.0000   0.0000
    4942  -6.1388   3.9500  17.1240   0.0000   0.0000   0.0000
    4943  -6.7947   3.2684  17.1353   0.0000   0.0000   0.0000
    4944  -6.7656   2.9230  17.3323   0.0000   0.0000   0.0000
    4945  -5.8381   3.8040  17.7349   0.0000   0.0000   0.0000
    4946  -6.9659   3.7969  18.2351   0.0000   0.0000   0.0000
    4947  -7.4856   3.6758  17.8030   0.0000   0.0000   0.0000
    4948  -7.6231   3.1912  17.6865   0.0000   0.0000   0.0000
    4949  -6.7226   3.3120  17.7716   0.0000   0.0000   0.0000
    4950  -6.6234   3.3037  17.1395   0.0000   0.0000   0.0000
    4951  -6.0029   3.6126  16.9028   0.0000   0.0000   0.0000
    4952  -5.7624   4.0321  16.8884   0.0000   0.0000   0.0000
    4953  -6.0805   3.7724  16.9406   0.0000   0.0000   0.0000
    4954  -7.0405   3.2070  16.7527   0.0000   0.0000   0.0000
    4955  -6.5954   3.4005  17.1834   0.0000   0.0000   0.0000
    4956  -6.3479   2.5754  17.0409   0.0000   0.0000   0.0000
    4957  -7.3291   3.4000  16.5014   0.0000   0.0000   0.0000
    4958  -6.6256   3.2752  16.7020   0.0000   0.0000   0.0000
    4959  -6.7534   3.7479  17.0009   0.0000   0.0000   0.0000
    4960  -5.7458   3.3349  17.1295   0.0000   0.0000   0.0000
    4961  -6.0451   3.0182  16.8801   0.0000   0.0000   0.0000
    4962  -5.7579   2.9000  15.9533   0.0000   0.0000   0.0000
    4963  -5.7404   2.7768  16.6448   0.0000   0.0000   0.0000
    4964  -5.3617   3.0451  16.6308   0.0000   0.0000   0.0000
    4965  -5.3407   3.4345  16.6590   0.0000   0.0000   0.0000
    4966  -5.6272   2.3426  17.2762   0.0000   0.0000   0.0000
    4967  -6.0575   3.0587  16.6552   0.0000   0.0000   0.0000
    4968  -6.0731   2.9382  17.0842   0.0000   0.0000   0.0000
    4969  -6.3347   3.3129  16.9950   0.0000   0.0000   0.0000
    4970  -6.1684   3.2133  16.9341   0.0000   0.0000   0.0000
    4971  -6.3201   3.2616  16.9957   0.0000   0.0000   0.0000
    4972  -5.3716   2.9413  17.1445   0.0000   0.0000   0.0000
    4973  -5.3913   2.5802  16.6800   0.0000   0.0000   0.0000
    4974  -5.4406   2.4637  17.3025   0.0000   0.0000   0.0000
    4975  -5.9801   3.3499  16.7691   0.0000   0.0000   0.0000
    4976  -5.7395   3.1075  17.4447   0.0000   0.0000   0.0000
    4977  -6.7362   2.3943  18.0039   0.0000   0.0000   0.0000
    4978  -6.8472   3.1800  16.9865   0.0000   0.0000   0.0000
    4979  -6.3167   3.5187  16.5512   0.0000   0.0000   0.0000
    4980  -6.0486   2.8730  16.1434   0.0000   0.0000   0.0000
    4981  -5.6606   2.9579  16.9652   0.0000   0.0000   0.0000
    4982  -6.3965   3.0917  16.6381   0.0000   0.0000   0.0000
    4983  -6.5617   3.4004  16.8666   0.0000   0.0000   0.0000
    4984  -6.6513   2.8802  16.3999   0.0000   0.0000   0.0000
    4985  -6.8691   3.9319  16.3617   0.0000   0.0000   0.0000
    4986  -5.7731   3.9308  16.9899   0.0000   0.0000   0.0000
    4987  -6.4887   4.0366  16.3068   0.0000   0.0000   0.0000
    4988  -6.7765   3.9916  16.1078   0.0000   0.0000   0.0000
    4989  -6.8191   4.1909  16.0785   0.0000   0.0000   0.0000
    4990  -7.1856   3.4972  15.5383   0.0000   0.0000   0.0000
    4991  -6.6616   3.4346  15.5448   0.0000   0.0000   0.0000
    4992  -7.1076   3.6893  15.3366   0.0000   0.0000   0.0000
    4993  -6.9649   3.8040  16.0710   0.0000   0.0000   0.0000
    4994  -7.3207   3.0142  15.6626   0.0000   0.0000   0.0000
    4995  -7.4253   3.0226  15.8923   0.0000   0.0000   0.0000
    4996  -7.6784   3.6556  15.8020   0.0000   0.0000   0.0000
    4997  -7.5348   3.7205  16.5680   0.0000   0.0000   0.0000
    4998  -7.0870   3.2199  15.5822   0.0000   0.0000   0.0000
    4999  -7.3134   2.6124  15.8918   0.0000   0.0000   0.0000
    5000  -7.4644   3.3056  16.6602   0.0000   0.0000   0.0000
    5001  -6.6195   3.3024  16.9529   0.0000   0.0000   0.0000
    5002  -6.2094   2.7635  17.0080   0.0000   0.0000   0.0000
    5003  -6.4478   2.5686  16.3210   0.0000   0.0000   0.0000
    5004  -6.1151   2.4299  16.9055   0.0000   0.0000   0.0000
    5005  -6.6685   3.2283  16.8057   0.0000   0.0000   0.0000
    5006  -6.6684   3.6147  16.2906   0.0000   0.0000   0.0000
    5007  -6.7589   3.3196  16.6114   0.0000   0.0000   0.0000
    5008  -5.5848   2.6270  16.6327   0.0000   0.0000   0.0000
    5009  -5.5406   3.0762  15.8250   0.0000   0.0000   0.0000
    5010  -6.0840   2.6552  16.1824   0.0000   0.0000   0.0000
    5011  -6.5596   3.7930  16.0633   0.0000   0.0000   0.0000
    5012  -7.5897   3.1547  16.1454   0.0000   0.0000   0.0000
    5013  -7.5873   2.8848  15.7303   0.0000   0.0000   0.0000
    5014  -7.3339   2.0434  15.5925   0.0000   0.0000   0.0000
    5015  -6.8157   2.8900  15.8791   0.0000   0.0000   0.0000
    5016  -7.5644   3.1161  16.1916   0.0000   0.0000   0.0000
    5017  -7.0132   2.3792  15.7862   0.0000   0.0000   0.0000
    5018  -6.4864   1.8854  16.1751   0.0000   0.0000   0.0000
    5019  -7.5082   2.3939  16.6173   0.0000   0.0000   0.0000
    5020  -7.5671   2.3421  16.2445   0.0000   0.0000   0.0000
    5021  -6.5930   2.1661  16.5449   0.0000   0.0000   0.0000
    5022  -6.1166   2.6794  17.5960   0.0000   0.0000   0.0000
    5023  -5.8849   2.2853  17.1257   0.0000   0.0000   0.0000
    5024  -5.7851   2.2988  17.6444   0.0000   0.0000   0.0000
    5025  -7.1919   1.9152  17.6411   0.0000   0.0000   0.0000
    5026  -6.4793   1.4859  17.4846   0.0000   0.0000   0.0000
    5027  -6.6048   2.0680  17.3561   0.0000   0.0000   0.0000
    5028  -6.5707   1.5056  17.6216   0.0000   0.0000   0.0000
    5029  -7.1543   1.2453  17.7085   0.0000   0.0000   0.0000
    5030  -7.2989   1.4240  17.4671   0.0000   0.0000   0.0000
    5031  -6.9458   2.3871  16.9193   0.0000   0.0000   0.0000
    5032  -7.1028   1.7038  16.9822   0.0000   0.0000   0.0000
    5033  -6.4744   1.2273  16.7650   0.0000   0.0000   0.0000
    5034  -6.8325   1.5385  16.3911   0.0000   0.0000   0.0000
    5035  -6.0884   1.8479  17.5519   0.0000   0.0000   0.0000
    5036  -7.3064   1.8635  16.9985   0.0000   0.0000   0.0000
    5037  -7.0088   1.5518  16.1269   0.0000   0.0000   0.0000
    5038  -7.8310   1.4667  15.9631   0.0000   0.0000   0.0000
    5039  -7.7517   2.5643  16.0157   0.0000   0.0000   0.0000
    5040  -8.2288   2.6030  15.6805   0.0000   0.0000   0.0000
    5041  -7.6689   2.1346  15.9772   0.0000   0.0000   0.0000
    5042  -7.6702   2.5033  15.4691   0.0000   0.0000   0.0000
    5043  -7.5437   2.3245  15.5747   0.0000   0.0000   0.0000
    5044  -7.2051   1.8495  15.8574   0.0000   0.0000   0.0000
    5045  -7.6200   2.4386  16.1412   0.0000   0.0000   0.0000
    5046  -7.1394   2.4122  15.3143   0.0000   0.0000   0.0000
    5047  -6.9121   2.7079  15.6224   0.0000   0.0000   0.0000
    5048  -7.0495   2.2270  16.6887   0.0000   0.0000   0.0000
    5049  -7.4387   1.7900  16.7946   0.0000   0.0000   0.0000
    5050  -7.3381   2.0471  16.3703   0.0000   0.0000   0.0000
    5051  -7.9841   1.2842  16.4444   0.0000   0.0000   0.0000
    5052  -7.3059   1.8706  16.5652   0.0000   0.0000   0.0000
    5053  -6.7153   1.1210  16.6427   0.0000   0.0000   0.0000
    5054  -7.1123   1.5989  16.7029   0.0000   0.0000   0.0000
    5055  -6.7159   1.2715  16.7944   0.0000   0.0000   0.0000
    5056  -6.1569   1.2807  16.5120   0.0000   0.0000   0.0000
    5057  -6.9412   1.4885  16.3678   0.0000   0.0000   0.0000
    5058  -7.1753   1.3853  16.3156   0.0000   0.0000   0.0000
    5059  -7.1322   1.4108  16.6210   0.0000   0.0000   0.0000
    5060  -6.8364   1.6283  16.2680   0.0000   0.0000   0.0000
    5061  -7.3365   1.3890  15.9806   0.0000   0.0000   0.0000
    5062  -6.7283   1.8349  15.3533   0.0000   0.0000   0.0000
    5063  -5.9058   1.8511  16.5096   0.0000   0.0000   0.0000
    5064  -6.4084   1.4634  16.6453   0.0000   0.0000   0.0000
    5065  -7.4133   1.7487  16.3162   0.0000   0.0000   0.0000
    5066  -8.1496   2.0831  16.5585   0.0000   0.0000   0.0000
    5067  -7.5648   2.3732  16.2599   0.0000   0.0000   0.0000
    5068  -7.7343   1.9627  16.2844   0.0000   0.0000   0.0000
    5069  -8.1462   1.7761  15.7858   0.0000   0.0000   0.0000
    5070  -8.1847   1.6731  15.4182   0.0000   0.0000   0.0000
    5071  -7.7553   1.4941  16.1669   0.0000   0.0000   0.0000
    5072  -7.8350   1.4504  16.1491   0.0000   0.0000   0.0000
    5073  -8.1285   1.8465  16.1760   0.0000   0.0000   0.0000
    5074  -8.2131   1.7613  16.4667   0.0000   0.0000   0.0000
    5075  -8.5642   1.4301  16.9057   0.0000   0.0000   0.0000
    5076  -8.8594   1.6790  16.0752   0.0000   0.0000   0.0000
    5077  -8.3109   0.6336  15.7206   0.0000   0.0000   0.0000
    5078  -8.9115   1.0068  15.7606   0.0000   0.0000   0.0000
    5079  -8.1939   1.4811  15.7256   0.0000   0.0000   0.0000
    5080  -6.4176   1.3995  15.8505   0.0000   0.0000   0.0000
    5081  -7.3766   0.4271  16.0590   0.0000   0.0000   0.0000
    5082  -8.0836   1.3846  14.4378   0.0000   0.0000   0.0000
    5083  -7.1474   1.0540  15.2879   0.0000   0.0000   0.0000
    5084  -7.3992   0.6690  14.9472   0.0000   0.0000   0.0000
    5085  -7.7856   0.9185  15.4701   0.0000   0.0000   0.0000
    5086  -7.5812   2.3008  15.4668   0.0000   0.0000   0.0000
    5087  -7.5310   1.9107  15.0064   0.0000   0.0000   0.0000
    5088  -7.2712   0.8441  16.0242   0.0000   0.0000   0.0000
    5089  -7.3937   2.0343  15.3940   0.0000   0.0000   0.0000
    5090  -7.4060   1.8248  15.1250   0.0000   0.0000   0.0000
    5091  -6.8058   1.7457  15.3343   0.0000   0.0000   0.0000
    5092  -6.6227   2.2110  15.4077   0.0000   0.0000   0.0000
    5093  -7.0000   2.0404  15.0367   0.0000   0.0000   0.0000
    5094  -6.9440   1.6297  14.7720   0.0000   0.0000   0.0000
    5095  -7.4397   1.9451  14.5211   0.0000   0.0000   0.0000
    5096  -7.1408   0.5426  14.5638   0.0000   0.0000   0.0000
    5097  -6.7623   1.6956  15.1163   0.0000   0.0000   0.0000
    5098  -6.9096   1.2722  15.1007   0.0000   0.0000   0.0000
    5099  -6.4782   0.8302  15.0835   0.0000   0.0000   0.0000
    5100  -6.7961   0.6113  14.5603   0.0000   0.0000   0.0000
    5101  -7.2946   0.8318  14.5045   0.0000   0.0000   0.0000
    5102  -6.8251   1.2324  14.9638   0.0000   0.0000   0.0000
    5103  -6.9337   0.3927  14.6869   0.0000   0.0000   0.0000
    5104  -6.5263  -0.7000  14.9316   0.0000   0.0000   0.0000
    5105  -6.7989  -0.6437  14.2588   0.0000   0.0000   0.0000
    5106  -6.5257  -0.4907  14.6968   0.0000   0.0000   0.0000
    5107  -6.8623  -0.2598  14.3253   0.0000   0.0000   0.0000
    5108  -7.2610  -1.3443  13.3943   0.0000   0.0000   0.0000
    5109  -6.0931  -0.8388  13.3491   0.0000   0.0000   0.0000
    5110  -7.1513  -0.2843  14.1039   0.0000   0.0000   0.0000
    5111  -7.5729  -0.6298  13.8104   0.0000   0.0000   0.0000
    5112  -6.7278   0.2531  14.3677   0.0000   0.0000   0.0000
    5113  -6.4466   0.3609  14.2246   0.0000   0.0000   0.0000
    5114  -6.5929   0.4960  14.2194   0.0000   0.0000   0.0000
    5115  -6.5888   0.3214  14.0251   0.0000   0.0000   0.0000
    5116  -7.0232  -0.0343  13.6436   0.0000   0.0000   0.0000
    5117  -6.2668   0.2807  13.4795   0.0000   0.0000   0.0000
    5118  -5.7089  -0.3217  13.5334   0.0000   0.0000   0.0000
    5119  -6.9241  -0.3544  13.5956   0.0000   0.0000   0.0000
    5120  -6.1655  -0.3288  13.5698   0.0000   0.0000   0.0000
    5121  -6.6510  -0.6884  14.1844   0.0000   0.0000   0.0000
    5122  -7.0982  -0.2970  13.8903   0.0000   0.0000   0.0000
    5123  -7.1188  -0.7778  13.9854   0.0000   0.0000   0.0000
    5124  -7.0672  -0.6189  14.2398   0.0000   0.0000   0.0000
    5125  -7.3118  -0.7447  13.5678   0.0000   0.0000   0.0000
    5126  -7.1463  -1.0675  13.7429   0.0000   0.0000   0.0000
    5127  -6.9705  -0.6538  14.1232   0.0000   0.0000   0.0000
    5128  -7.1026  -0.1083  13.8265   0.0000   0.0000   0.0000
    5129  -7.3041   0.7359  14.5470   0.0000   0.0000   0.0000
    5130  -7.2027   0.5697  14.3696   0.0000   0.0000   0.0000
    5131  -6.7484  -0.1375  13.6585   0.0000   0.0000   0.0000
    5132  -7.5772   1.7194  13.8463   0.0000   0.0000   0.0000
    5133  -7.0499   0.6826  14.5933   0.0000   0.0000   0.0000
    5134  -6.2049   0.4388  14.2985   0.0000   0.0000   0.0000
    5135  -6.7595   0.0870  14.1302   0.0000   0.0000   0.0000
    5136  -5.9026   0.7177  14.5918   0.0000   0.0000   0.0000
    5137  -6.0225   0.6415  14.9391   0.0000   0.0000   0.0000
    5138  -5.6783   0.4860  15.1888   0.0000   0.0000   0.0000
    5139  -4.9593   0.9515  15.2820   0.0000   0.0000   0.0000
    5140  -5.8009   0.7814  16.2315   0.0000   0.0000   0.0000
    5141  -6.6194   1.1290  15.8016   0.0000   0.0000   0.0000
    5142  -7.3829   0.6171  15.3805   0.0000   0.0000   0.0000
    5143  -6.8469   0.3681  16.2826   0.0000   0.0000   0.0000
    5144  -7.1028   0.0748  14.7645   0.0000   0.0000   0.0000
    5145  -6.5161   0.3015  15.2831   0.0000   0.0000   0.0000
    5146  -6.5351   0.1241  14.6400   0.0000   0.0000   0.0000
    5147  -6.1414   0.1207  15.1825   0.0000   0.0000   0.0000
    5148  -6.8842   0.2104  14.6024   0.0000   0.0000   0.0000
    5149  -7.0087   0.0099  15.1575   0.0000   0.0000   0.0000
    5150  -6.5647   0.2050  15.1671   0.0000   0.0000   0.0000
    5151  -7.1571  -0.5980  14.8002   0.0000   0.0000   0.0000
    5152  -6.3032   0.0084  14.5739   0.0000   0.0000   0.0000
    5153  -7.0736  -0.5461  14.2434   0.0000   0.0000   0.0000
    5154  -5.9732  -0.2586  14.8798   0.0000   0.0000   0.0000
    5155  -5.0907   0.3336  14.7352   0.0000   0.0000   0.0000
    5156  -5.9123   0.7043  14.4090   0.0000   0.0000   0.0000
    5157  -5.4025   0.7360  14.7114   0.0000   0.0000   0.0000
    5158  -5.2496   0.7917  14.7440   0.0000   0.0000   0.0000
    5159  -5.8271   1.5535  14.0135   0.0000   0.0000   0.0000
    5160  -5.1125   0.8338  14.8590   0.0000   0.0000   0.0000
    5161  -5.6528   0.7639  14.9430   0.0000   0.0000   0.0000
    5162  -6.8085   0.2822  15.2958   0.0000   0.0000   0.0000
    5163  -6.7790   0.8507  14.8161   0.0000   0.0000   0.0000
    5164  -5.8355   0.8796  15.1451   0.0000   0.0000   0.0000
    5165  -6.6597  -0.2523  14.2560   0.0000   0.0000   0.0000
    5166  -7.1164  -0.4043  14.6243   0.0000   0.0000   0.0000
    5167  -6.9894  -0.3327  13.9984   0.0000   0.0000   0.0000
    5168  -7.8406   0.2824  14.2424   0.0000   0.0000   0.0000
    5169  -7.3763   0.2175  13.9790   0.0000   0.0000   0.0000
    5170  -6.7491   0.2978  14.6281   0.0000   0.0000   0.0000
    5171  -7.4274   0.8666  13.2617   0.0000   0.0000   0.0000
    5172  -7.5034   0.5393  13.4531   0.0000   0.0000   0.0000
    5173  -7.3367   0.9337  13.8715   0.0000   0.0000   0.0000
    5174  -7.5857  -0.0357  14.1015   0.0000   0.0000   0.0000
    5175  -7.3461   0.8943  13.5960   0.0000   0.0000   0.0000
    5176  -7.7841   0.4519  13.7493   0.0000   0.0000   0.0000
    5177  -7.4176   0.3989  13.5811   0.0000   0.0000   0.0000
    5178  -6.9001   0.1245  13.7763   0.0000   0.0000   0.0000
    5179  -7.5435   0.4391  14.1580   0.0000   0.0000   0.0000
    5180  -7.9698  -0.4876  14.6283   0.0000   0.0000   0.0000
    5181  -7.6445  -0.4204  14.1921   0.0000   0.0000   0.0000
    5182  -7.6673  -0.8813  14.4698   0.0000   0.0000   0.0000
    5183  -7.7964  -0.9033  14.9434   0.0000   0.0000   0.0000
    5184  -7.9477  -0.4346  14.0382   0.0000   0.0000   0.0000
    5185  -7.7824   0.0671  13.4589   0.0000   0.0000   0.0000
    5186  -7.6304   0.6729  13.6365   0.0000   0.0000   0.0000
    5187  -7.4968   0.3824  14.4834   0.0000   0.0000   0.0000
    5188  -6.8685   0.5961  14.4475   0.0000   0.0000   0.0000
    5189  -7.9157  -0.3720  14.3033   0.0000   0.0000   0.0000
    5190  -8.2222  -0.2756  14.0432   0.0000   0.0000   0.0000
    5191  -8.2166   0.0961  14.0095   0.0000   0.0000   0.0000
    5192  -7.6417   0.4697  14.0957   0.0000   0.0000   0.0000
    5193  -7.5832   0.2003  14.7397   0.0000   0.0000   0.0000
    5194  -7.8658   0.4856  14.3561   0.0000   0.0000   0.0000
    5195  -7.2928   0.2384  14.6334   0.0000   0.0000   0.0000
    5196  -7.3815  -0.2333  14.8686   0.0000   0.0000   0.0000
    5197  -7.2408   0.1782  13.7843   0.0000   0.0000   0.0000
    5198  -7.6615   0.3623  14.4788   0.0000   0.0000   0.0000
    5199  -7.3002   0.0652  13.7732   0.0000   0.0000   0.0000
    5200  -6.9425  -0.0252  13.3568   0.0000   0.0000   0.0000
    5201  -7.9042   0.9904  14.0201   0.0000   0.0000   0.0000
    5202  -7.7900   0.8445  13.6310   0.0000   0.0000   0.0000
    5203  -8.1001   1.5504  13.2804   0.0000   0.0000   0.0000
    5204  -8.9486   0.8392  13.3038   0.0000   0.0000   0.0000
    5205  -8.5105   1.0669  13.2568   0.0000   0.0000   0.0000
    5206  -8.0286   1.2061  12.4121   0.0000   0.0000   0.0000
    5207  -7.6657   0.4485  12.8952   0.0000   0.0000   0.0000
    5208  -8.2741   0.8485  13.0973   0.0000   0.0000   0.0000
    5209  -8.5222   1.2703  13.3990   0.0000   0.0000   0.0000
    5210  -9.2562   1.0897  13.0821   0.0000   0.0000   0.0000
    5211  -9.2675   0.9444  13.4961   0.0000   0.0000   0.0000
    5212  -9.2461   0.7200  13.7026   0.0000   0.0000   0.0000
    5213  -9.0592   0.2178  14.6286   0.0000   0.0000   0.0000
    5214  -8.1217   0.3809  14.3308   0.0000   0.0000   0.0000
    5215  -8.6818   0.2013  13.7560   0.0000   0.0000   0.0000
    5216  -8.7664   1.4462  13.7779   0.0000   0.0000   0.0000
    5217  -8.6297   0.4187  12.8225   0.0000   0.0000   0.0000
    5218  -8.8347   0.8241  13.2970   0.0000   0.0000   0.0000
    5219  -8.8585   2.2374  13.2068   0.0000   0.0000   0.0000
    5220  -8.7089   1.4300  13.6566   0.0000   0.0000   0.0000
    5221  -8.0714   1.0958  13.7463   0.0000   0.0000   0.0000
    5222  -8.1586   1.2730  13.6874   0.0000   0.0000   0.0000
    5223  -8.3458   1.1366  13.9656   0.0000   0.0000   0.0000
    5224  -7.9082   0.8982  13.1605   0.0000   0.0000   0.0000
    5225  -7.3949   0.2813  12.3471   0.0000   0.0000   0.0000
    5226  -8.5247   0.2724  12.3315   0.0000   0.0000   0.0000
    5227  -8.1123  -0.2218  13.0395   0.0000   0.0000   0.0000
    5228  -8.0853  -0.1222  13.2819   0.0000   0.0000   0.0000
    5229  -7.8613   0.3563  13.4681   0.0000   0.0000   0.0000
    5230  -7.6268   0.6140  12.9149   0.0000   0.0000   0.0000
    5231  -8.9644  -0.7581  13.7288   0.0000   0.0000   0.0000
    5232  -9.0883  -0.0789  13.0838   0.0000   0.0000   0.0000
    5233  -8.9456  -0.2823  12.2436   0.0000   0.0000   0.0000
    5234  -7.4074  -0.0324  12.5856   0.0000   0.0000   0.0000
    5235  -7.1022   0.1114  12.9894   0.0000   0.0000   0.0000
    5236  -6.8606  -0.0854  12.9554   0.0000   0.0000   0.0000
    5237  -7.5091  -1.0182  13.0188   0.0000   0.0000   0.0000
    5238  -7.0818   0.3887  13.8965   0.0000   0.0000   0.0000
    5239  -6.6588  -0.9125  13.6723   0.0000   0.0000   0.0000
    5240  -6.9554  -0.0873  14.0812   0.0000   0.0000   0.0000
    5241  -7.9737  -0.3486  13.7412   0.0000   0.0000   0.0000
    5242  -7.4623  -0.6143  13.8675   0.0000   0.0000   0.0000
    5243  -7.6865  -1.5316  14.0803   0.0000   0.0000   0.0000
    5244  -7.1554  -1.6625  14.1198   0.0000   0.0000   0.0000
    5245  -7.8976  -1.4004  13.7727   0.0000   0.0000   0.0000
    5246  -7.4475  -1.3118  13.2117   0.0000   0.0000   0.0000
    5247  -7.9385  -1.1047  14.1840   0.0000   0.0000   0.0000
    5248  -7.8408  -0.1751  13.7807   0.0000   0.0000   0.0000
    5249  -7.8013  -0.0961  13.6766   0.0000   0.0000   0.0000
    5250  -7.9039  -0.8293  14.0232   0.0000   0.0000   0.0000
    5251  -7.9224  -1.0950  13.7797   0.0000   0.0000   0.0000
    5252  -7.7014  -1.2276  14.5990   0.0000   0.0000   0.0000
    5253  -7.2082  -1.2075  14.5142   0.0000   0.0000   0.0000
    5254  -8.1288  -1.2917  14.0462   0.0000   0.0000   0.0000
    5255  -7.9944  -0.4178  14.6056   0.0000   0.0000   0.0000
    5256  -7.6048  -1.0219  13.8186   0.0000   0.0000   0.0000
    5257  -7.9351   0.0114  14.2661   0.0000   0.0000   0.0000
    5258  -7.4000  -0.2589  14.2466   0.0000   0.0000   0.0000
    5259  -6.9251  -0.4716  14.2221   0.0000   0.0000   0.0000
    5260  -7.7180  -0.4065  14.6448   0.0000   0.0000   0.0000
    5261  -8.2460  -0.8532  14.6831   0.0000   0.0000   0.0000
    5262  -8.2238  -0.5790  15.1059   0.0000   0.0000   0.0000
    5263  -8.0464  -0.8575  14.8438   0.0000   0.0000   0.0000
    5264  -8.2999  -0.1926  14.9765   0.0000   0.0000   0.0000
    5265  -8.3899   0.3368  15.1797   0.0000   0.0000   0.0000
    5266  -7.8595   0.4785  14.6800   0.0000   0.0000   0.0000
    5267  -7.4171   0.3877  14.9545   0.0000   0.0000   0.0000
    5268  -8.2518  -0.5991  15.2418   0.0000   0.0000   0.0000
    5269  -7.9052  -1.6323  15.2472   0.0000   0.0000   0.0000
    5270  -7.2755  -1.6326  15.1019   0.0000   0.0000   0.0000
    5271  -7.1242  -0.0552  14.7899   0.0000   0.0000   0.0000
    5272  -6.9230  -0.9817  15.5491   0.0000   0.0000   0.0000
    5273  -8.0609  -0.8538  15.1687   0.0000   0.0000   0.0000
    5274  -7.1466  -1.0823  15.0697   0.0000   0.0000   0.0000
    5275  -7.0333  -0.7586  15.4638   0.0000   0.0000   0.0000
    5276  -7.5748  -0.1508  15.1115   0.0000   0.0000   0.0000
    5277  -7.1792  -0.7033  15.1985   0.0000   0.0000   0.0000
    5278  -6.7221  -1.0064  15.0654   0.0000   0.0000   0.0000
    5279  -6.6733  -1.5214  14.9295   0.0000   0.0000   0.0000
    5280  -6.5393  -1.2412  14.8765   0.0000   0.0000   0.0000
    5281  -6.5712  -1.9410  14.9181   0.0000   0.0000   0.0000
    5282  -7.2776  -1.1311  15.7593   0.0000   0.0000   0.0000
    5283  -6.5220  -1.8667  15.6914   0.0000   0.0000   0.0000
    5284  -6.2103  -0.7506  15.1809   0.0000   0.0000   0.0000
    5285  -7.0778  -0.2438  14.4666   0.0000   0.0000   0.0000
    5286  -7.5972  -0.8138  14.7890   0.0000   0.0000   0.0000
    5287  -7.7737  -0.8242  14.5727   0.0000   0.0000   0.0000
    5288  -7.6106  -1.3395  14.6129   0.0000   0.0000   0.0000
    5289  -7.3998  -0.4316  14.5585   0.0000   0.0000   0.0000
    5290  -6.9438  -0.7056  14.7280   0.0000   0.0000   0.0000
    5291  -7.3895  -1.1304  14.6104   0.0000   0.0000   0.0000
    5292  -6.8635  -0.0608  14.8620   0.0000   0.0000   0.0000
    5293  -6.5099  -0.5070  15.0601   0.0000   0.0000   0.0000
    5294  -7.1092  -0.5971  14.9162   0.0000   0.0000   0.0000
    5295  -7.0374  -1.2111  14.3005   0.0000   0.0000   0.0000
    5296  -7.3699  -0.5145  14.2583   0.0000   0.0000   0.0000
    5297  -7.3228  -1.0671  14.0760   0.0000   0.0000   0.0000
    5298  -7.1505  -0.4290  14.5943   0.0000   0.0000   0.0000
    5299  -6.8321   0.2339  14.6210   0.0000   0.0000   0.0000
    5300  -7.1908   0.2775  15.3133   0.0000   0.0000   0.0000
    5301  -7.3211  -0.2512  15.7232   0.0000   0.0000   0.0000
    5302  -8.2335  -0.2804  15.3901   0.0000   0.0000   0.0000
    5303  -8.1111   0.3295  14.6120   0.0000   0.0000   0.0000
    5304  -6.9384  -0.4565  14.2049   0.0000   0.0000   0.0000
    5305  -8.1280  -0.7967  14.1406   0.0000   0.0000   0.0000
    5306  -8.2337  -0.9122  14.4524   0.0000   0.0000   0.0000
    5307  -8.0333  -0.3141  14.8183   0.0000   0.0000   0.0000
    5308  -7.5184   0.0851  15.0685   0.0000   0.0000   0.0000
    5309  -7.2749   0.3294  14.9068   0.0000   0.0000   0.0000
    5310  -7.6065   0.2420  15.2027   0.0000   0.0000   0.0000
    5311  -7.2042  -0.1999  15.2368   0.0000   0.0000   0.0000
    5312  -7.1892   0.4431  15.1787   0.0000   0.0000   0.0000
    5313  -6.8227   0.8208  15.2950   0.0000   0.0000   0.0000
    5314  -7.3439   0.5575  15.3564   0.0000   0.0000   0.0000
    5315  -6.9452   0.5712  15.4215   0.0000   0.0000   0.0000
    5316  -6.8426   0.0308  14.9274   0.0000   0.0000   0.0000
    5317  -6.5044   0.4487  15.0629   0.0000   0.0000   0.0000
    5318  -5.5409   0.1099  15.1299   0.0000   0.0000   0.0000
    5319  -6.5669   0.1270  15.2617   0.0000   0.0000   0.0000
    5320  -6.4570   0.1935  14.6606   0.0000   0.0000   0.0000
    5321  -5.8122  -0.2952  15.1150   0.0000   0.0000   0.0000
    5322  -5.5976   0.5188  15.1797   0.0000   0.0000   0.0000
    5323  -6.2774  -0.1965  15.8882   0.0000   0.0000   0.0000
    5324  -6.6498   0.3340  15.4839   0.0000   0.0000   0.0000
    5325  -6.5516  -0.0020  15.0444   0.0000   0.0000   0.0000
    5326  -6.1360  -0.2520  14.7970   0.0000   0.0000   0.0000
    5327  -7.0772  -0.3502  15.2278   0.0000   0.0000   0.0000
    5328  -7.5860  -0.0218  14.8608   0.0000   0.0000   0.0000
    5329  -7.3008   0.6521  15.1029   0.0000   0.0000   0.0000
    5330  -7.3081   0.3925  14.8264   0.0000   0.0000   0.0000
    5331  -7.8237   0.1405  14.9605   0.0000   0.0000   0.0000
    5332  -7.4054   0.2308  14.4242   0.0000   0.0000   0.0000
    5333  -7.0456   0.4674  14.2771   0.0000   0.0000   0.0000
    5334  -7.1900   0.8262  14.3612   0.0000   0.0000   0.0000
    5335  -7.6381   0.4492  15.1692   0.0000   0.0000   0.0000
    5336  -6.3220   0.8734  14.6765   0.0000   0.0000   0.0000
    5337  -6.4977   0.4263  15.3135   0.0000   0.0000   0.0000
    5338  -6.9157   0.4444  14.3738   0.0000   0.0000   0.0000
    5339  -6.9832   1.4833  15.2745   0.0000   0.0000   0.0000
    5340  -6.6529   1.2972  13.8199   0.0000   0.0000   0.0000
    5341  -6.9442   0.7010  14.9482   0.0000   0.0000   0.0000
    5342  -7.0150   0.9612  14.6418   0.0000   0.0000   0.0000
    5343  -6.9333   1.2901  14.7921   0.0000   0.0000   0.0000
    5344  -6.4216   0.8253  13.8694   0.0000   0.0000   0.0000
    5345  -7.2681   1.5275  13.6858   0.0000   0.0000   0.0000
    5346  -8.2694   1.0311  14.9216   0.0000   0.0000   0.0000
    5347  -7.5361   0.7116  14.6840   0.0000   0.0000   0.0000
    5348  -7.6261   0.9358  14.6556   0.0000   0.0000   0.0000
    5349  -6.5313   0.2010  14.6482   0.0000   0.0000   0.0000
    5350  -6.9501   0.6352  14.4791   0.0000   0.0000   0.0000
    5351  -6.8402  -0.5496  13.5456   0.0000   0.0000   0.0000
    5352  -6.6341   0.0623  14.4657   0.0000   0.0000   0.0000
    5353  -5.7833   0.7572  14.4746   0.0000   0.0000   0.0000
    5354  -5.6829   1.0989  13.9264   0.0000   0.0000   0.0000
    5355  -6.1472   0.5748  14.2474   0.0000   0.0000   0.0000
    5356  -5.8007   2.2018  14.5960   0.0000   0.0000   0.0000
    5357  -4.8631   1.6837  14.7436   0.0000   0.0000   0.0000
    5358  -6.1738   1.1471  14.6918   0.0000   0.0000   0.0000
    5359  -6.0325   1.6017  14.5510   0.0000   0.0000   0.0000
    5360  -6.0180   1.5136  14.0748   0.0000   0.0000   0.0000
    5361  -6.5103   0.8647  13.8901   0.0000   0.0000   0.0000
    5362  -6.3334   1.1657  13.8398   0.0000   0.0000   0.0000
    5363  -6.3862   1.2793  14.0423   0.0000   0.0000   0.0000
    5364  -5.9959   1.1391  14.0892   0.0000   0.0000   0.0000
    5365  -6.0992   1.6379  14.9198   0.0000   0.0000   0.0000
    5366  -6.1235   1.7418  14.5155   0.0000   0.0000   0.0000
    5367  -5.7257   1.3885  14.2062   0.0000   0.0000   0.0000
    5368  -6.0186   1.0522  14.3078   0.0000   0.0000   0.0000
    5369  -5.4351   2.3489  14.3567   0.0000   0.0000   0.0000
    5370  -6.0141   0.7721  14.6143   0.0000   0.0000   0.0000
    5371  -5.8971   1.1746  13.8300   0.0000   0.0000   0.0000
    5372  -6.5813   0.7927  14.6233   0.0000   0.0000   0.0000
    5373  -5.6396   1.4246  13.4388   0.0000   0.0000   0.0000
    5374  -6.2143   1.7745  13.8692   0.0000   0.0000   0.0000
    5375  -5.9408   1.2378  13.9541   0.0000   0.0000   0.0000
    5376  -6.6452   1.5523  14.4183   0.0000   0.0000   0.0000
    5377  -6.2427   1.8585  14.7464   0.0000   0.0000   0.0000
    5378  -5.6602   1.5773  14.0316   0.0000   0.0000   0.0000
    5379  -6.4883   1.6053  14.2961   0.0000   0.0000   0.0000
    5380  -6.4580   1.2909  14.0513   0.0000   0.0000   0.0000
    5381  -6.0689   1.5227  14.5904   0.0000   0.0000   0.0000
    5382  -6.2572   1.8617  14.1038   0.0000   0.0000   0.0000
    5383  -6.0226   1.2398  14.2702   0.0000   0.0000   0.0000
    5384  -7.0277   1.2201  13.8497   0.0000   0.0000   0.0000
    5385  -6.3687   1.8109  13.4989   0.0000   0.0000   0.0000
    5386  -5.6448   1.2688  14.2804   0.0000   0.0000   0.0000
    5387  -6.7454   0.7713  12.8502   0.0000   0.0000   0.0000
    5388  -6.7674   1.0097  13.3152   0.0000   0.0000   0.0000
    5389  -7.1248   1.9224  12.9515   0.0000   0.0000   0.0000
    5390  -7.8431   1.8478  12.1268   0.0000   0.0000   0.0000
    5391  -6.8247   0.9835  13.1774   0.0000   0.0000   0.0000
    5392  -7.1159   1.7417  13.2878   0.0000   0.0000   0.0000
    5393  -7.4167   1.9288  13.1947   0.0000   0.0000   0.0000
    5394  -7.8496   1.4326  12.9370   0.0000   0.0000   0.0000
    5395  -7.1532   0.9281  12.6346   0.0000   0.0000   0.0000
    5396  -7.5085   0.6562  12.2481   0.0000   0.0000   0.0000
    5397  -8.2271   1.2079  11.7176   0.0000   0.0000   0.0000
    5398  -7.1976   1.7274  12.1647   0.0000   0.0000   0.0000
    5399  -6.9184   2.0865  11.6914   0.0000   0.0000   0.0000
    5400  -6.7434   2.4135  12.2149   0.0000   0.0000   0.0000
    5401  -7.4605   2.1268  12.2355   0.0000   0.0000   0.0000
    5402  -7.2521   2.1068  12.1605   0.0000   0.0000   0.0000
    5403  -7.0914   1.9364  12.4511   0.0000   0.0000   0.0000
    5404  -6.7508   1.6414  12.0208   0.0000   0.0000   0.0000
    5405  -6.4485   1.1190  12.2606   0.0000   0.0000   0.0000
    5406  -7.4695   1.8757  12.3457   0.0000   0.0000   0.0000
    5407  -6.8431   1.1147  12.1215   0.0000   0.0000   0.0000
    5408  -6.4170   1.9557  12.2153   0.0000   0.0000   0.0000
    5409  -6.1749   1.5182  12.3070   0.0000   0.0000   0.0000
    5410  -6.5383   1.0736  12.7108   0.0000   0.0000   0.0000
    5411  -6.7858   1.1660  12.6671   0.0000   0.0000   0.0000
    5412  -7.3394   1.9949  12.9366   0.0000   0.0000   0.0000
    5413  -6.9838   1.0172  13.0292   0.0000   0.0000   0.0000
    5414  -6.5712   1.2457  12.8510   0.0000   0.0000   0.0000
    5415  -6.9019   1.3764  12.9656   0.0000   0.0000   0.0000
    5416  -7.3617   1.0571  12.4587   0.0000   0.0000   0.0000
    5417  -6.6462   0.9937  13.2446   0.0000   0.0000   0.0000
    5418  -6.9114   1.3244  13.7853   0.0000   0.0000   0.0000
    5419  -6.6779   0.8455  13.9875   0.0000   0.0000   0.0000
    5420  -7.1395   1.4250  14.0729   0.0000   0.0000   0.0000
    5421  -6.7832   0.9545  13.9180   0.0000   0.0000   0.0000
    5422  -6.6381   1.3993  13.9527   0.0000   0.0000   0.0000
    5423  -6.5190   0.9966  13.8357   0.0000   0.0000   0.0000
    5424  -6.7277   0.7369  13.9091   0.0000   0.0000   0.0000
    5425  -6.9863   0.8348  13.8486   0.0000   0.0000   0.0000
    5426  -7.4220   0.7525  13.6419   0.0000   0.0000   0.0000
    5427  -7.0938  -0.3267  13.9937   0.0000   0.0000   0.0000
    5428  -6.5747   0.4543  13.6588   0.0000   0.0000   0.0000
    5429  -7.7819   0.2500  13.7566   0.0000   0.0000   0.0000
    5430  -7.2884  -0.3378  13.8690   0.0000   0.0000   0.0000
    5431  -6.4588   0.2760  13.5711   0.0000   0.0000   0.0000
    5432  -6.5037   0.4961  13.0651   0.0000   0.0000   0.0000
    5433  -6.7109   0.5876  12.7449   0.0000   0.0000   0.0000
    5434  -7.6256   0.5798  12.7339   0.0000   0.0000   0.0000
    5435  -6.5221   1.4392  13.5155   0.0000   0.0000   0.0000
    5436  -6.1113   0.8514  13.3024   0.0000   0.0000   0.0000
    5437  -7.2044   0.9169  13.2442   0.0000   0.0000   0.0000
    5438  -6.1054   0.2574  12.9598   0.0000   0.0000   0.0000
    5439  -6.1190   0.6698  12.5132   0.0000   0.0000   0.0000
    5440  -7.2759   1.2320  13.2179   0.0000   0.0000   0.0000
    5441  -8.4369   1.0123  13.4400   0.0000   0.0000   0.0000
    5442  -7.7343   1.0794  13.4712   0.0000   0.0000   0.0000
    5443  -8.1637   0.7827  13.2150   0.0000   0.0000   0.0000
    5444  -7.6127   0.8861  13.3318   0.0000   0.0000   0.0000
    5445  -7.5461   1.0990  13.6387   0.0000   0.0000   0.0000
    5446  -7.1908   1.2549  13.8239   0.0000   0.0000   0.0000
    5447  -8.2274   0.7864  13.5947   0.0000   0.0000   0.0000
    5448  -7.8685   0.9013  13.0232   0.0000   0.0000   0.0000
    5449  -8.5034   0.9122  12.5385   0.0000   0.0000   0.0000
    5450  -7.8738   0.6563  12.5537   0.0000   0.0000   0.0000
    5451  -7.4590   0.2950  12.0562   0.0000   0.0000   0.0000
    5452  -7.9332   0.7122  12.0466   0.0000   0.0000   0.0000
    5453  -7.7567   0.1061  11.6281   0.0000   0.0000   0.0000
    5454  -7.9232   0.5407  12.5425   0.0000   0.0000   0.0000
    5455  -6.5355  -0.2364  12.2309   0.0000   0.0000   0.0000
    5456  -7.4990   0.4983  12.2918   0.0000   0.0000   0.0000
    5457  -7.6486   0.5192  12.9824   0.0000   0.0000   0.0000
    5458  -7.0472   0.2101  13.0966   0.0000   0.0000   0.0000
    5459  -7.3544  -0.1984  12.9328   0.0000   0.0000   0.0000
    5460  -6.8846  -0.0811  12.9469   0.0000   0.0000   0.0000
    5461  -7.3380  -0.0031  13.1249   0.0000   0.0000   0.0000
    5462  -7.5656   0.6512  13.2672   0.0000   0.0000   0.0000
    5463  -8.0808   0.0436  12.8866   0.0000   0.0000   0.0000
    5464  -7.5179  -0.1881  13.0542   0.0000   0.0000   0.0000
    5465  -7.4748   0.1175  12.7087   0.0000   0.0000   0.0000
    5466  -7.6360   0.8220  12.9102   0.0000   0.0000   0.0000
    5467  -7.7816   0.4134  12.6200   0.0000   0.0000   0.0000
    5468  -7.8233  -0.0756  12.2797   0.0000   0.0000   0.0000
    5469  -7.7079   0.4034  12.5760   0.0000   0.0000   0.0000
    5470  -6.9538   0.6470  12.3460   0.0000   0.0000   0.0000
    5471  -6.7888   0.2495  12.3307   0.0000   0.0000   0.0000
    5472  -7.1638   0.9032  12.5671   0.0000   0.0000   0.0000
    5473  -6.8878   1.3682  12.6786   0.0000   0.0000   0.0000
    5474  -7.4728   1.9986  12.2507   0.0000   0.0000   0.0000
    5475  -7.4436   0.7573  13.0022   0.0000   0.0000   0.0000
    5476  -7.1953   1.3937  12.9216   0.0000   0.0000   0.0000
    5477  -7.3714   0.7918  13.2411   0.0000   0.0000   0.0000
    5478  -7.2176   1.5888  12.9888   0.0000   0.0000   0.0000
    5479  -7.2656   1.3260  12.6774   0.0000   0.0000   0.0000
    5480  -7.2419   1.4343  13.0929   0.0000   0.0000   0.0000
    5481  -7.7171   0.7726  12.6786   0.0000   0.0000   0.0000
    5482  -6.9501   0.0118  12.5596   0.0000   0.0000   0.0000
    5483  -7.4701   0.1066  12.6651   0.0000   0.0000   0.0000
    5484  -7.2156   0.0859  11.8289   0.0000   0.0000   0.0000
    5485  -7.3032   0.3574  12.0815   0.0000   0.0000   0.0000
    5486  -7.4450  -0.0953  12.6713   0.0000   0.0000   0.0000
    5487  -7.8020   0.6731  13.2959   0.0000   0.0000   0.0000
    5488  -7.4427  -0.2917  12.6337   0.0000   0.0000   0.0000
    5489  -8.2354   0.2900  12.7984   0.0000   0.0000   0.0000
    5490  -6.8543  -0.1021  12.8870   0.0000   0.0000   0.0000
    5491  -7.6492   0.1382  13.1411   0.0000   0.0000   0.0000
    5492  -7.3115   0.5397  12.8072   0.0000   0.0000   0.0000
    5493  -7.8064   0.1219  13.0715   0.0000   0.0000   0.0000
    5494  -7.2614  -0.1046  13.5861   0.0000   0.0000   0.0000
    5495  -6.7837  -0.1902  13.5242   0.0000   0.0000   0.0000
    5496  -6.4516  -0.3200  13.9616   0.0000   0.0000   0.0000
    5497  -7.5307   0.2511  13.3297   0.0000   0.0000   0.0000
    5498  -7.2643   0.3667  13.5502   0.0000   0.0000   0.0000
    5499  -7.7447  -1.2053  14.1819   0.0000   0.0000   0.0000
    5500  -8.3447  -0.8425  14.0055   0.0000   0.0000   0.0000
    5501  -7.9214   0.3626  13.5078   0.0000   0.0000   0.0000
    5502  -8.0434  -0.2595  13.3705   0.0000   0.0000   0.0000
    5503  -8.3703  -0.0797  13.6258   0.0000   0.0000   0.0000
    5504  -7.7947  -0.8316  13.9558   0.0000   0.0000   0.0000
    5505  -7.5309  -0.1606  13.9977   0.0000   0.0000   0.0000
    5506  -7.5328   0.3134  13.5398   0.0000   0.0000   0.0000
    5507  -7.6047  -0.1267  13.2887   0.0000   0.0000   0.0000
    5508  -7.9178   0.0903  12.7311   0.0000   0.0000   0.0000
    5509  -7.2615   0.6683  12.9948   0.0000   0.0000   0.0000
    5510  -7.9870   0.8904  12.7367   0.0000   0.0000   0.0000
    5511  -8.9084   0.9553  13.2215   0.0000   0.0000   0.0000
    5512  -8.4954   0.5508  12.6622   0.0000   0.0000   0.0000
    5513  -8.2303   0.0760  12.2140   0.0000   0.0000   0.0000
    5514  -9.0004  -0.3777  12.1996   0.0000   0.0000   0.0000
    5515  -8.4635   0.0404  12.5180   0.0000   0.0000   0.0000
    5516  -7.6001  -1.0012  12.1184   0.0000   0.0000   0.0000
    5517  -7.3495  -0.5861  12.6827   0.0000   0.0000   0.0000
    5518  -7.8919  -0.2533  12.6352   0.0000   0.0000   0.0000
    5519  -7.9946  -1.1338  12.5467   0.0000   0.0000   0.0000
    5520  -8.3187  -0.7903  12.5142   0.0000   0.0000   0.0000
    5521  -7.9538  -0.7662  12.5908   0.0000   0.0000   0.0000
    5522  -7.9417  -0.2197  12.6790   0.0000   0.0000   0.0000
    5523  -8.0355  -0.2307  12.0457   0.0000   0.0000   0.0000
    5524  -7.8725   0.3472  11.8395   0.0000   0.0000   0.0000
    5525  -7.9580  -0.2569  12.3557   0.0000   0.0000   0.0000
    5526  -7.9854  -0.3562  12.3624   0.0000   0.0000   0.0000
    5527  -7.0774  -1.3784  11.9356   0.0000   0.0000   0.0000
    5528  -8.0673  -0.2624  12.7210   0.0000   0.0000   0.0000
    5529  -7.9842  -1.0520  12.6309   0.0000   0.0000   0.0000
    5530  -8.5706  -0.7439  12.5358   0.0000   0.0000   0.0000
    5531  -8.8035  -0.7530  12.5830   0.0000   0.0000   0.0000
    5532  -9.3908  -0.6544  12.5500   0.0000   0.0000   0.0000
    5533  -8.4275   0.0085  12.8576   0.0000   0.0000   0.0000
    5534  -8.4042  -0.3925  12.7543   0.0000   0.0000   0.0000
    5535  -7.7102  -0.5370  13.0377   0.0000   0.0000   0.0000
    5536  -7.1968  -0.8312  12.9786   0.0000   0.0000   0.0000
    5537  -7.9297   0.1024  13.0080   0.0000   0.0000   0.0000
    5538  -7.4638  -0.2652  12.9256   0.0000   0.0000   0.0000
    5539  -7.2794   0.0662  14.0717   0.0000   0.0000   0.0000
    5540  -7.5417   0.3630  13.8789   0.0000   0.0000   0.0000
    5541  -7.1751   0.8079  13.6475   0.0000   0.0000   0.0000
    5542  -6.8475   0.1236  12.8998   0.0000   0.0000   0.0000
    5543  -6.9556   1.1840  13.4626   0.0000   0.0000   0.0000
    5544  -6.7883   0.8502  13.6949   0.0000   0.0000   0.0000
    5545  -7.1563   1.5870  13.0326   0.0000   0.0000   0.0000
    5546  -8.1165   1.6352  11.6654   0.0000   0.0000   0.0000
    5547  -8.0684   0.5735  12.8159   0.0000   0.0000   0.0000
    5548  -7.8105   1.3482  11.9671   0.0000   0.0000   0.0000
    5549  -7.5580   0.8113  12.5820   0.0000   0.0000   0.0000
    5550  -7.6750   1.6714  12.0673   0.0000   0.0000   0.0000
    5551  -8.5923   1.7123  12.5508   0.0000   0.0000   0.0000
    5552  -8.4334   2.2356  12.0289   0.0000   0.0000   0.0000
    5553  -8.6503   1.5643  12.0710   0.0000   0.0000   0.0000
    5554  -8.5416   1.4501  12.0568   0.0000   0.0000   0.0000
    5555  -7.1207   1.4951  12.3084   0.0000   0.0000   0.0000
    5556  -7.8606   1.4419  12.7909   0.0000   0.0000   0.0000
    5557  -7.8241   1.5459  12.6894   0.0000   0.0000   0.0000
    5558  -7.8709   1.3500  13.3087   0.0000   0.0000   0.0000
    5559  -7.7972   1.0816  13.7592   0.0000   0.0000   0.0000
    5560  -8.5073   0.3044  12.6865   0.0000   0.0000   0.0000
    5561  -8.4482  -0.1757  12.9149   0.0000   0.0000   0.0000
    5562  -9.1330   0.6249  13.7007   0.0000   0.0000   0.0000
    5563  -7.6383   0.9209  13.7194   0.0000   0.0000   0.0000
    5564  -9.2318   1.0064  13.8932   0.0000   0.0000   0.0000
    5565  -8.8739   0.5301  13.4437   0.0000   0.0000   0.0000
    5566  -9.1590   1.3532  14.8693   0.0000   0.0000   0.0000
    5567  -8.5594   1.4702  14.3048   0.0000   0.0000   0.0000
    5568  -9.2604   1.1434  14.3039   0.0000   0.0000   0.0000
    5569  -8.4817   0.7414  14.4044   0.0000   0.0000   0.0000
    5570  -8.8402   1.1395  14.4396   0.0000   0.0000   0.0000
    5571  -8.1126   0.3071  14.6016   0.0000   0.0000   0.0000
    5572  -8.6192   0.9838  14.1387   0.0000   0.0000   0.0000
    5573  -9.1318   1.3811  14.5957   0.0000   0.0000   0.0000
    5574  -8.1538   0.9907  14.6135   0.0000   0.0000   0.0000
    5575  -8.4469   1.4715  14.3886   0.0000   0.0000   0.0000
    5576  -8.5646   0.6567  14.2773   0.0000   0.0000   0.0000
    5577  -9.1773   1.0712  13.6442   0.0000   0.0000   0.0000
    5578  -8.9484   1.8102  13.9271   0.0000   0.0000   0.0000
    5579  -8.6218   1.1421  13.7461   0.0000   0.0000   0.0000
    5580  -9.2393   1.6505  14.4363   0.0000   0.0000   0.0000
    5581  -8.6810   1.2622  14.2914   0.0000   0.0000   0.0000
    5582  -8.7743   0.9664  13.8242   0.0000   0.0000   0.0000
    5583  -7.3669   1.0028  14.2506   0.0000   0.0000   0.0000
    5584  -8.2822   0.9706  13.6473   0.0000   0.0000   0.0000
    5585  -8.0536   1.8234  13.7611   0.0000   0.0000   0.0000
    5586  -9.0102   1.4734  13.6122   0.0000   0.0000   0.0000
    5587  -8.0570   1.0765  13.1429   0.0000   0.0000   0.0000
    5588  -8.1367   1.8744  13.3279   0.0000   0.0000   0.0000
    5589  -7.6540   1.4410  13.2305   0.0000   0.0000   0.0000
    5590  -8.1061   1.6090  12.6064   0.0000   0.0000   0.0000
    5591  -8.6293   0.2669  13.8492   0.0000   0.0000   0.0000
    5592  -8.0288   0.7901  12.5651   0.0000   0.0000   0.0000
    5593  -8.2623   0.8335  12.7659   0.0000   0.0000   0.0000
    5594  -8.6849   0.9700  13.5077   0.0000   0.0000   0.0000
    5595  -8.4320   0.9142  13.9499   0.0000   0.0000   0.0000
    5596  -8.5913   1.3297  14.1740   0.0000   0.0000   0.0000
    5597  -8.4395   0.3950  14.4039   0.0000   0.0000   0.0000
    5598  -8.5359   0.4410  14.3083   0.0000   0.0000   0.0000
    5599  -8.6332   0.9412  14.2891   0.0000   0.0000   0.0000
    5600  -7.8047   0.6405  13.7590   0.0000   0.0000   0.0000
    5601  -8.2322   0.6669  14.4373   0.0000   0.0000   0.0000
    5602  -8.0833   1.2972  14.2195   0.0000   0.0000   0.0000
    5603  -7.6415   1.0963  14.7814   0.0000   0.0000   0.0000
    5604  -8.0862   1.4179  14.1577   0.0000   0.0000   0.0000
    5605  -8.2496   0.2403  14.8603   0.0000   0.0000   0.0000
    5606  -7.5689   0.8552  15.6368   0.0000   0.0000   0.0000
    5607  -7.1307   0.9046  15.2285   0.0000   0.0000   0.0000
    5608  -7.1786   0.3109  14.2308   0.0000   0.0000   0.0000
    5609  -7.7355   1.3168  15.4789   0.0000   0.0000   0.0000
    5610  -7.8940   0.9951  15.3538   0.0000   0.0000   0.0000
    5611  -8.2363   0.9672  15.5652   0.0000   0.0000   0.0000
    5612  -7.1966   1.3962  15.5593   0.0000   0.0000   0.0000
    5613  -8.7610   1.0498  16.6567   0.0000   0.0000   0.0000
    5614  -8.9561   1.2232  15.8592   0.0000   0.0000   0.0000
    5615  -8.7299   1.3409  15.3130   0.0000   0.0000   0.0000
    5616  -8.8708   1.1487  15.7243   0.0000   0.0000   0.0000
    5617  -8.9748   0.6320  15.5653   0.0000   0.0000   0.0000
    5618  -8.8602   1.7826  15.1002   0.0000   0.0000   0.0000
    5619  -7.8897   1.9203  15.8154   0.0000   0.0000   0.0000
    5620  -9.0390   1.0786  15.8969   0.0000   0.0000   0.0000
    5621  -8.9967   0.9482  16.4572   0.0000   0.0000   0.0000
    5622  -8.7331   1.1928  16.3980   0.0000   0.0000   0.0000
    5623  -8.9921   1.1321  16.2038   0.0000   0.0000   0.0000
    5624  -9.3316   0.8864  15.5932   0.0000   0.0000   0.0000
    5625  -8.8726   0.1434  15.0490   0.0000   0.0000   0.0000
    5626  -9.0090  -0.0545  15.2695   0.0000   0.0000   0.0000
    5627  -9.2642   0.6341  14.9533   0.0000   0.0000   0.0000
    5628  -8.1567   0.4101  14.5922   0.0000   0.0000   0.0000
    5629  -9.3370   1.1795  13.8568   0.0000   0.0000   0.0000
    5630  -9.6486   1.7971  15.0773   0.0000   0.0000   0.0000
    5631  -9.7482   0.6743  14.4021   0.0000   0.0000   0.0000
    5632  -9.8922   1.2254  14.7499   0.0000   0.0000   0.0000
    5633  -9.4432   1.3691  14.7961   0.0000   0.0000   0.0000
    5634  -9.0153   2.0079  14.9134   0.0000   0.0000   0.0000
    5635  -8.9858   1.2816  14.7208   0.0000   0.0000   0.0000
    5636  -8.9288   0.6548  14.6070   0.0000   0.0000   0.0000
    5637  -8.4018   1.0430  14.7300   0.0000   0.0000   0.0000
    5638  -8.9718   1.4605  14.6668   0.0000   0.0000   0.0000
    5639  -9.0487   0.4704  14.3728   0.0000   0.0000   0.0000
    5640  -9.5570   1.0666  14.3448   0.0000   0.0000   0.0000
    5641  -9.1106   1.9040  15.4555   0.0000   0.0000   0.0000
    5642 -10.2287   1.3659  15.5458   0.0000   0.0000   0.0000
    5643  -9.9603   1.4331  15.5382   0.0000   0.0000   0.0000
    5644 -10.0414   1.3385  15.7211   0.0000   0.0000   0.0000
    5645  -9.8404   1.5538  14.8464   0.0000   0.0000   0.0000
    5646  -9.7743   1.3018  15.1017   0.0000   0.0000   0.0000
    5647  -9.7990   1.1536  15.1956   0.0000   0.0000   0.0000
    5648 -10.0885   1.3675  14.9772   0.0000   0.0000   0.0000
    5649  -9.4127   1.3821  15.6170   0.0000   0.0000   0.0000
    5650  -9.2072   1.3807  15.2567   0.0000   0.0000   0.0000
    5651  -9.0685   1.4140  15.6364   0.0000   0.0000   0.0000
    5652  -9.3823   0.9782  15.2977   0.0000   0.0000   0.0000
    5653  -9.1654   1.4960  15.7683   0.0000   0.0000   0.0000
    5654  -9.3272   0.8836  15.3211   0.0000   0.0000   0.0000
    5655  -8.9123   1.3007  16.1261   0.0000   0.0000   0.0000
    5656  -8.4117   0.9850  16.0346   0.0000   0.0000   0.0000
    5657  -8.5995   1.1605  15.7078   0.0000   0.0000   0.0000
    5658  -9.0556   1.0287  15.4022   0.0000   0.0000   0.0000
    5659  -9.4901   1.6602  14.6870   0.0000   0.0000   0.0000
    5660 -10.1970   1.1104  14.6967   0.0000   0.0000   0.0000
    5661  -8.4772   1.5143  15.2324   0.0000   0.0000   0.0000
    5662  -9.3416   1.6937  14.9544   0.0000   0.0000   0.0000
    5663  -8.9377   0.6146  15.5078   0.0000   0.0000   0.0000
    5664  -8.8024   1.1492  15.4390   0.0000   0.0000   0.0000
    5665  -9.3653   0.8491  15.3417   0.0000   0.0000   0.0000
    5666  -9.4398   2.1408  15.3915   0.0000   0.0000   0.0000
    5667  -7.8180   1.2288  15.0672   0.0000   0.0000   0.0000
    5668  -8.2073   1.3991  15.3504   0.0000   0.0000   0.0000
    5669  -8.5587   1.4255  15.2035   0.0000   0.0000   0.0000
    5670  -8.3340   0.8194  14.9552   0.0000   0.0000   0.0000
    5671  -8.5671   2.2336  16.0473   0.0000   0.0000   0.0000
    5672  -8.2326   1.1499  15.9312   0.0000   0.0000   0.0000
    5673  -7.7597   1.3731  16.6692   0.0000   0.0000   0.0000
    5674  -8.6127   0.9985  15.9786   0.0000   0.0000   0.0000
    5675  -8.0114   1.5819  15.9128   0.0000   0.0000   0.0000
    5676  -7.8482   1.3698  15.6849   0.0000   0.0000   0.0000
    5677  -7.9827   1.2783  15.6528   0.0000   0.0000   0.0000
    5678  -8.1059   1.5776  15.3443   0.0000   0.0000   0.0000
    5679  -8.2382   0.4741  15.5768   0.0000   0.0000   0.0000
    5680  -8.4005   0.7783  15.7727   0.0000   0.0000   0.0000
    5681  -8.0318   0.4982  15.6168   0.0000   0.0000   0.0000
    5682  -8.7129   0.8681  15.0160   0.0000   0.0000   0.0000
    5683  -8.9074   0.0975  14.9598   0.0000   0.0000   0.0000
    5684  -8.8462   0.7337  15.3256   0.0000   0.0000   0.0000
    5685  -9.1119   0.6640  14.9652   0.0000   0.0000   0.0000
    5686  -8.7535   0.9858  15.7378   0.0000   0.0000   0.0000
    5687  -8.9425  -0.0750  16.0438   0.0000   0.0000   0.0000
    5688  -8.9814   1.2101  15.5147   0.0000   0.0000   0.0000
    5689  -8.9188   0.9863  15.2859   0.0000   0.0000   0.0000
    5690  -8.6191   0.3971  14.9386   0.0000   0.0000   0.0000
    5691  -8.5314   0.5709  15.1472   0.0000   0.0000   0.0000
    5692  -8.7832   0.4573  15.0398   0.0000   0.0000   0.0000
    5693  -9.5806   0.0237  16.5224   0.0000   0.0000   0.0000
    5694  -9.1969   0.8503  16.5276   0.0000   0.0000   0.0000
    5695  -8.7112   0.4377  15.4263   0.0000   0.0000   0.0000
    5696  -9.0739  -0.5688  15.5534   0.0000   0.0000   0.0000
    5697  -9.0077   0.0661  15.7330   0.0000   0.0000   0.0000
    5698  -8.7480   0.5381  16.7766   0.0000   0.0000   0.0000
    5699  -8.5097  -0.1522  15.9586   0.0000   0.0000   0.0000
    5700  -8.9351  -0.1436  16.8034   0.0000   0.0000   0.0000
    5701  -8.2022  -0.3017  16.8592   0.0000   0.0000   0.0000
    5702  -9.0402   0.1339  16.4633   0.0000   0.0000   0.0000
    5703  -8.4009   0.6109  16.4871   0.0000   0.0000   0.0000
    5704  -9.0007  -0.0276  16.7906   0.0000   0.0000   0.0000
    5705  -9.1280  -0.2495  16.2727   0.0000   0.0000   0.0000
    5706  -8.8130  -0.4247  16.6743   0.0000   0.0000   0.0000
    5707  -8.2518  -0.3166  16.4746   0.0000   0.0000   0.0000
    5708  -9.9373  -0.3432  16.2273   0.0000   0.0000   0.0000
    5709  -9.2178  -0.4580  16.5282   0.0000   0.0000   0.0000
    5710  -9.3584  -0.5500  16.3107   0.0000   0.0000   0.0000
    5711  -9.1817  -0.4673  16.0579   0.0000   0.0000   0.0000
    5712  -9.0052  -1.1399  15.7672   0.0000   0.0000   0.0000
    5713  -9.0524  -0.9632  15.7196   0.0000   0.0000   0.0000
    5714  -9.6607  -0.3944  15.4575   0.0000   0.0000   0.0000
    5715  -9.2845  -0.7415  15.8495   0.0000   0.0000   0.0000
    5716  -8.8125  -0.4244  15.6862   0.0000   0.0000   0.0000
    5717 -10.2651  -0.2800  15.4979   0.0000   0.0000   0.0000
    5718  -9.8253  -0.5945  15.9738   0.0000   0.0000   0.0000
    5719 -10.0001  -0.5489  16.0215   0.0000   0.0000   0.0000
    5720 -10.6449  -0.1035  16.1552   0.0000   0.0000   0.0000
    5721 -10.4179  -0.4944  15.1735   0.0000   0.0000   0.0000
    5722 -10.6693  -0.3015  15.2505   0.0000   0.0000   0.0000
    5723 -10.1350  -0.1042  15.0742   0.0000   0.0000   0.0000
    5724 -10.1296   0.6962  15.3427   0.0000   0.0000   0.0000
    5725 -10.5461   0.6777  15.6080   0.0000   0.0000   0.0000
    5726 -10.4541   0.4632  15.0556   0.0000   0.0000   0.0000
    5727 -10.2208  -0.7128  14.8758   0.0000   0.0000   0.0000
    5728  -9.2392  -0.6947  15.6018   0.0000   0.0000   0.0000
    5729  -9.6561  -0.0173  15.3461   0.0000   0.0000   0.0000
    5730  -9.3311  -0.2200  14.8606   0.0000   0.0000   0.0000
    5731  -9.8681  -0.8662  15.0382   0.0000   0.0000   0.0000
    5732  -8.4179  -0.1896  14.8645   0.0000   0.0000   0.0000
    5733  -8.8818  -0.2295  14.6938   0.0000   0.0000   0.0000
    5734  -9.3341   0.1541  14.9449   0.0000   0.0000   0.0000
    5735  -9.4497   0.0328  15.2482   0.0000   0.0000   0.0000
    5736  -9.1951   0.3752  14.6850   0.0000   0.0000   0.0000
    5737  -8.9330  -0.0001  15.1434   0.0000   0.0000   0.0000
    5738  -9.8360   0.7034  14.3851   0.0000   0.0000   0.0000
    5739  -9.3068   0.4202  14.4072   0.0000   0.0000   0.0000
    5740  -9.3012   0.5861  14.8065   0.0000   0.0000   0.0000
    5741  -8.9107   0.7449  14.2600   0.0000   0.0000   0.0000
    5742  -8.6192   0.7783  14.4988   0.0000   0.0000   0.0000
    5743  -8.9840   0.3063  14.3366   0.0000   0.0000   0.0000
    5744  -9.6644   0.3403  14.3999   0.0000   0.0000   0.0000
    5745 -10.2367  -0.0588  14.2420   0.0000   0.0000   0.0000
    5746 -10.7793  -0.0360  14.9315   0.0000   0.0000   0.0000
    5747 -10.5786  -0.8015  14.4962   0.0000   0.0000   0.0000
    5748  -9.7802  -1.0154  15.7207   0.0000   0.0000   0.0000
    5749  -9.8645   0.3559  14.4191   0.0000   0.0000   0.0000
    5750  -9.4317   0.0545  14.5727   0.0000   0.0000   0.0000
    5751  -9.1098  -0.1250  14.4998   0.0000   0.0000   0.0000
    5752  -9.0377   0.0298  14.8914   0.0000   0.0000   0.0000
    5753  -9.3955   0.1213  14.8912   0.0000   0.0000   0.0000
    5754  -9.5114  -0.2762  14.3112   0.0000   0.0000   0.0000
    5755  -9.2318  -0.7217  14.6362   0.0000   0.0000   0.0000
    5756  -9.5384  -0.4790  14.7223   0.0000   0.0000   0.0000
    5757  -9.4824  -0.7881  14.4418   0.0000   0.0000   0.0000
    5758  -9.3536  -0.5058  14.4874   0.0000   0.0000   0.0000
    5759  -9.6782  -0.5037  14.5161   0.0000   0.0000   0.0000
    5760  -9.0269  -0.8167  14.6955   0.0000   0.0000   0.0000
    5761  -8.8560  -0.6830  14.9441   0.0000   0.0000   0.0000
    5762  -9.2327  -0.5147  15.0799   0.0000   0.0000   0.0000
    5763  -9.4653  -1.7673  14.8891   0.0000   0.0000   0.0000
    5764  -9.8557  -0.4145  14.9378   0.0000   0.0000   0.0000
    5765  -9.4729  -0.5977  14.8351   0.0000   0.0000   0.0000
    5766  -9.0417  -0.0168  14.7382   0.0000   0.0000   0.0000
    5767  -8.9815  -1.2071  15.5139   0.0000   0.0000   0.0000
    5768  -9.4803  -0.7764  15.7589   0.0000   0.0000   0.0000
    5769 -10.3599  -0.3694  15.0797   0.0000   0.0000   0.0000
    5770 -10.5917  -0.9228  15.1155   0.0000   0.0000   0.0000
    5771 -10.4187  -0.3707  15.4188   0.0000   0.0000   0.0000
    5772 -10.3870  -1.2250  15.3378   0.0000   0.0000   0.0000
    5773 -10.8656  -0.0492  14.9202   0.0000   0.0000   0.0000
    5774 -10.5299  -0.2484  14.9911   0.0000   0.0000   0.0000
    5775  -9.6875  -0.7200  14.1480   0.0000   0.0000   0.0000
    5776  -9.7634  -0.9228  13.9644   0.0000   0.0000   0.0000
    5777  -9.6472  -0.2885  14.2948   0.0000   0.0000   0.0000
    5778 -10.1149  -0.7004  14.6788   0.0000   0.0000   0.0000
    5779  -9.0171  -0.2523  14.2603   0.0000   0.0000   0.0000
    5780  -8.8536  -0.1710  14.3453   0.0000   0.0000   0.0000
    5781  -8.7406  -0.0509  15.5075   0.0000   0.0000   0.0000
    5782  -8.6269   1.0276  15.5854   0.0000   0.0000   0.0000
    5783  -9.4581   1.1139  14.3438   0.0000   0.0000   0.0000
    5784  -9.0322   0.3072  14.8731   0.0000   0.0000   0.0000
    5785  -8.7122   0.7108  14.3528   0.0000   0.0000   0.0000
    5786  -9.1268   0.8154  13.7941   0.0000   0.0000   0.0000
    5787  -8.8743   0.7248  14.9054   0.0000   0.0000   0.0000
    5788  -8.7324   1.2603  14.2375   0.0000   0.0000   0.0000
    5789  -8.7336   0.4828  13.7063   0.0000   0.0000   0.0000
    5790  -8.8420   0.8702  14.8223   0.0000   0.0000   0.0000
    5791  -9.3857   1.9124  14.2837   0.0000   0.0000   0.0000
    5792  -9.4120   1.6984  14.5455   0.0000   0.0000   0.0000
    5793  -9.4906   0.9692  14.9142   0.0000   0.0000   0.0000
    5794  -9.6366   0.8505  14.6257   0.0000   0.0000   0.0000
    5795  -9.6012   1.2075  14.1067   0.0000   0.0000   0.0000
    5796  -9.8113  -0.0783  15.1164   0.0000   0.0000   0.0000
    5797  -9.6848   0.4360  14.9028   0.0000   0.0000   0.0000
    5798  -9.3973   1.3216  14.1541   0.0000   0.0000   0.0000
    5799  -9.4949   0.6869  14.3211   0.0000   0.0000   0.0000
    5800  -9.2571   0.8902  14.8074   0.0000   0.0000   0.0000
    5801  -9.0530   0.4928  14.4892   0.0000   0.0000   0.0000
    5802  -9.6916   0.0685  14.9051   0.0000   0.0000   0.0000
    5803  -9.4074   0.0435  14.7937   0.0000   0.0000   0.0000
    5804  -8.9650   0.2184  15.4055   0.0000   0.0000   0.0000
    5805  -8.8663   0.5807  14.7095   0.0000   0.0000   0.0000
    5806  -9.1272  -0.3770  15.5145   0.0000   0.0000   0.0000
    5807  -9.0867  -0.0858  14.3990   0.0000   0.0000   0.0000
    5808  -9.6424   0.4886  14.2583   0.0000   0.0000   0.0000
    5809 -10.1331   0.3054  14.7398   0.0000   0.0000   0.0000
    5810  -9.0524  -0.6116  15.4226   0.0000   0.0000   0.0000
    5811  -8.7391  -1.0509  15.1525   0.0000   0.0000   0.0000
    5812  -7.9635  -0.2228  14.8853   0.0000   0.0000   0.0000
    5813  -8.8656  -1.2858  15.9333   0.0000   0.0000   0.0000
    5814  -8.3781  -1.2793  15.9936   0.0000   0.0000   0.0000
    5815  -8.3698  -0.4638  16.1448   0.0000   0.0000   0.0000
    5816  -9.3555  -0.2714  16.2235   0.0000   0.0000   0.0000
    5817  -8.8910  -0.7173  15.9375   0.0000   0.0000   0.0000
    5818  -9.3634  -0.0784  15.8868   0.0000   0.0000   0.0000
    5819  -8.7932  -0.4085  15.8387   0.0000   0.0000   0.0000
    5820  -8.4630  -0.0078  16.3814   0.0000   0.0000   0.0000
    5821  -8.5806  -0.0217  16.1506   0.0000   0.0000   0.0000
    5822  -8.4739   0.9312  16.6083   0.0000   0.0000   0.0000
    5823  -8.2259   0.5629  16.2951   0.0000   0.0000   0.0000
    5824  -9.1679   0.8112  16.0036   0.0000   0.0000   0.0000
    5825  -8.9323   0.8083  16.2195   0.0000   0.0000   0.0000
    5826  -8.6904   0.7464  15.9880   0.0000   0.0000   0.0000
    5827  -9.3540  -0.1094  16.3318   0.0000   0.0000   0.0000
    5828  -8.9845   0.5071  15.6119   0.0000   0.0000   0.0000
    5829  -9.1134   0.4168  15.7956   0.0000   0.0000   0.0000
    5830  -9.0630  -0.0838  15.8411   0.0000   0.0000   0.0000
    5831  -9.6966   0.1879  15.8020   0.0000   0.0000   0.0000
    5832  -9.4030   0.5480  16.5647   0.0000   0.0000   0.0000
    5833  -8.3110   0.4231  16.4036   0.0000   0.0000   0.0000
    5834  -8.6379   0.7015  15.5779   0.0000   0.0000   0.0000
    5835  -9.7222   0.7391  16.1827   0.0000   0.0000   0.0000
    5836  -9.3496   0.7589  15.6856   0.0000   0.0000   0.0000
    5837  -8.7003  -0.4887  15.8968   0.0000   0.0000   0.0000
    5838  -8.3102   0.2117  16.3673   0.0000   0.0000   0.0000
    5839  -8.8832   0.8748  16.2379   0.0000   0.0000   0.0000
    5840  -8.4097   0.4751  16.3379   0.0000   0.0000   0.0000
    5841  -8.7995  -0.2693  15.7183   0.0000   0.0000   0.0000
    5842  -9.0232   0.6011  15.1638   0.0000   0.0000   0.0000
    5843  -9.1978  -0.0551  15.4231   0.0000   0.0000   0.0000
    5844  -9.2870  -0.3193  14.5369   0.0000   0.0000   0.0000
    5845  -9.0740  -0.1092  14.2765   0.0000   0.0000   0.0000
    5846  -8.5567  -0.6229  15.1842   0.0000   0.0000   0.0000
    5847  -8.1714  -0.0505  15.0668   0.0000   0.0000   0.0000
    5848  -8.7982  -0.7744  14.3873   0.0000   0.0000   0.0000
    5849  -9.7853  -1.1478  14.5559   0.0000   0.0000   0.0000
    5850 -10.3544  -0.3879  14.8693   0.0000   0.0000   0.0000
    5851  -9.8074   0.1045  14.2591   0.0000   0.0000   0.0000
    5852  -9.6853  -0.9523  13.7444   0.0000   0.0000   0.0000
    5853  -9.3289  -0.5490  14.8429   0.0000   0.0000   0.0000
    5854  -9.4276  -0.1050  14.7555   0.0000   0.0000   0.0000
    5855  -9.1451   0.1332  14.3212   0.0000   0.0000   0.0000
    5856  -9.1492   0.2605  14.5206   0.0000   0.0000   0.0000
    5857  -9.3970  -0.4134  14.1372   0.0000   0.0000   0.0000
    5858  -8.8984   0.0519  14.6685   0.0000   0.0000   0.0000
    5859  -9.7023  -0.0423  14.0151   0.0000   0.0000   0.0000
    5860  -8.8066   0.4539  14.2469   0.0000   0.0000   0.0000
    5861  -8.9582  -0.0551  14.2942   0.0000   0.0000   0.0000
    5862  -7.8431  -0.0864  13.5804   0.0000   0.0000   0.0000
    5863  -8.0892   0.7332  13.7060   0.0000   0.0000   0.0000
    5864  -8.1569   0.5959  14.0583   0.0000   0.0000   0.0000
    5865  -9.4143   0.7891  14.1356   0.0000   0.0000   0.0000
    5866  -8.6435   0.5440  14.4547   0.0000   0.0000   0.0000
    5867  -9.4569  -0.1316  14.0022   0.0000   0.0000   0.0000
    5868  -9.0241  -0.5349  13.7321   0.0000   0.0000   0.0000
    5869  -8.7420   0.1647  14.0221   0.0000   0.0000   0.0000
    5870  -9.0036  -0.1667  13.7770   0.0000   0.0000   0.0000
    5871  -8.1154  -0.2691  13.4045   0.0000   0.0000   0.0000
    5872  -8.3942   0.2838  13.7582   0.0000   0.0000   0.0000
    5873  -7.6222  -0.3680  13.9408   0.0000   0.0000   0.0000
    5874  -8.4058   0.7468  14.3328   0.0000   0.0000   0.0000
    5875  -8.3255  -0.5138  14.8865   0.0000   0.0000   0.0000
    5876  -8.5975  -0.7047  15.1326   0.0000   0.0000   0.0000
    5877  -8.7049  -0.1859  14.5224   0.0000   0.0000   0.0000
    5878  -9.1296  -0.8573  15.0389   0.0000   0.0000   0.0000
    5879  -8.6132   0.1612  14.7949   0.0000   0.0000   0.0000
    5880  -9.1871   1.0927  15.0000   0.0000   0.0000   0.0000
    5881  -9.1377  -0.5450  14.9342   0.0000   0.0000   0.0000
    5882  -9.3317   0.1459  15.7388   0.0000   0.0000   0.0000
    5883  -8.6114  -0.0037  15.6967   0.0000   0.0000   0.0000
    5884  -9.1704  -0.2768  14.6488   0.0000   0.0000   0.0000
    5885  -8.3577  -0.3484  14.6034   0.0000   0.0000   0.0000
    5886  -7.9556  -0.5310  15.3708   0.0000   0.0000   0.0000
    5887  -8.2253  -0.4276  14.7690   0.0000   0.0000   0.0000
    5888  -8.7127   0.1196  14.2857   0.0000   0.0000   0.0000
    5889  -8.2263   0.3845  14.7198   0.0000   0.0000   0.0000
    5890  -7.9024  -0.6716  14.7178   0.0000   0.0000   0.0000
    5891  -8.3083   0.1792  14.7237   0.0000   0.0000   0.0000
    5892  -7.6898  -0.7227  14.3517   0.0000   0.0000   0.0000
    5893  -8.4372  -0.6353  15.6324   0.0000   0.0000   0.0000
    5894  -7.8649  -0.4817  14.9767   0.0000   0.0000   0.0000
    5895  -7.6861  -0.1390  15.7730   0.0000   0.0000   0.0000
    5896  -8.1608   0.1873  15.1187   0.0000   0.0000   0.0000
    5897  -8.5179   0.9558  15.1677   0.0000   0.0000   0.0000
    5898  -8.5225   0.4048  15.8711   0.0000   0.0000   0.0000
    5899  -8.7165   0.9691  14.9597   0.0000   0.0000   0.0000
    5900  -8.1144   1.9324  14.2849   0.0000   0.0000   0.0000
    5901  -7.9695   1.4161  14.8107   0.0000   0.0000   0.0000
    5902  -8.5638   1.6838  14.2669   0.0000   0.0000   0.0000
    5903  -7.1238   0.9208  14.9118   0.0000   0.0000   0.0000
    5904  -8.9424   0.8635  14.7459   0.0000   0.0000   0.0000
    5905  -8.2232   0.3022  14.7921   0.0000   0.0000   0.0000
    5906  -8.4117  -0.4847  14.8464   0.0000   0.0000   0.0000
    5907  -8.2983  -0.4210  15.3367   0.0000   0.0000   0.0000
    5908  -8.3329  -1.1717  15.6662   0.0000   0.0000   0.0000
    5909  -8.0154  -0.5458  15.0849   0.0000   0.0000   0.0000
    5910  -8.2374  -0.3156  15.2377   0.0000   0.0000   0.0000
    5911  -8.9153  -1.0042  15.2152   0.0000   0.0000   0.0000
    5912  -8.8266  -0.5992  15.7547   0.0000   0.0000   0.0000
    5913  -8.7456   0.6228  15.1906   0.0000   0.0000   0.0000
    5914  -8.6152   0.5556  15.2400   0.0000   0.0000   0.0000
    5915  -8.4197   0.6152  14.5570   0.0000   0.0000   0.0000
    5916  -8.2760   1.5839  14.2362   0.0000   0.0000   0.0000
    5917  -7.9585   1.7821  14.7995   0.0000   0.0000   0.0000
    5918  -8.1680   1.1297  15.1878   0.0000   0.0000   0.0000
    5919  -8.2960   1.8596  15.1253   0.0000   0.0000   0.0000
    5920  -8.8797   1.5250  15.2126   0.0000   0.0000   0.0000
    5921  -9.4974   0.2546  15.3685   0.0000   0.0000   0.0000
    5922  -9.9541   0.8473  14.7153   0.0000   0.0000   0.0000
    5923 -10.1516   0.8874  14.9974   0.0000   0.0000   0.0000
    5924  -9.4151   0.2764  14.9695   0.0000   0.0000   0.0000
    5925  -8.7646   0.6426  14.5862   0.0000   0.0000   0.0000
    5926  -8.4049   1.1036  14.9661   0.0000   0.0000   0.0000
    5927  -8.8692   0.6015  13.9828   0.0000   0.0000   0.0000
    5928  -9.4604   0.5866  13.7131   0.0000   0.0000   0.0000
    5929  -8.7330   0.4805  13.6510   0.0000   0.0000   0.0000
    5930  -8.1339   0.0609  15.2620   0.0000   0.0000   0.0000
    5931  -8.4239   0.9533  14.8483   0.0000   0.0000   0.0000
    5932  -8.7553   1.3254  14.5446   0.0000   0.0000   0.0000
    5933  -8.9941   1.2839  14.8698   0.0000   0.0000   0.0000
    5934  -8.8266   1.1599  14.8738   0.0000   0.0000   0.0000
    5935  -8.8547   0.9322  14.6654   0.0000   0.0000   0.0000
    5936  -7.8279   0.5110  14.7072   0.0000   0.0000   0.0000
    5937  -8.2298   0.7654  14.7057   0.0000   0.0000   0.0000
    5938  -8.7731   0.6646  14.6495   0.0000   0.0000   0.0000
    5939  -8.4689   0.6220  14.9223   0.0000   0.0000   0.0000
    5940  -8.4966   0.8185  14.3472   0.0000   0.0000   0.0000
    5941  -8.1275   0.8717  14.7859   0.0000   0.0000   0.0000
    5942  -8.7903  -0.0130  14.6512   0.0000   0.0000   0.0000
    5943  -8.8371   0.4151  13.8200   0.0000   0.0000   0.0000
    5944  -8.5467   0.4271  14.6255   0.0000   0.0000   0.0000
    5945  -9.0418   1.0951  14.1379   0.0000   0.0000   0.0000
