#Frame                                                     D36
       1  -2.6671   5.1846  12.1245   0.0000   0.0000   0.0000
       2  -3.4527   4.8580  12.8267   0.0000   0.0000   0.0000
       3  -3.0709   5.1889  11.8972   0.0000   0.0000   0.0000
       4  -2.9113   4.8964  11.8440   0.0000   0.0000   0.0000
       5  -3.0162   6.2013  11.7811   0.0000   0.0000   0.0000
       6  -3.1787   5.0471  11.5675   0.0000   0.0000   0.0000
       7  -3.6205   5.6496  11.9825   0.0000   0.0000   0.0000
       8  -3.2744   6.3323  11.7762   0.0000   0.0000   0.0000
       9  -3.6744   5.3844  11.5781   0.0000   0.0000   0.0000
      10  -3.4845   4.7959  11.2822   0.0000   0.0000   0.0000
      11  -3.0459   6.1781  11.7331   0.0000   0.0000   0.0000
      12  -3.3658   6.0151  11.4236   0.0000   0.0000   0.0000
      13  -3.7158   6.1384  11.9281   0.0000   0.0000   0.0000
      14  -2.9435   4.3651  11.5962   0.0000   0.0000   0.0000
      15  -2.2809   5.1450  11.8975   0.0000   0.0000   0.0000
      16  -2.5702   5.6795  11.6472   0.0000   0.0000   0.0000
      17  -2.4901   5.4502  11.6161   0.0000   0.0000   0.0000
      18  -1.7793   5.2920  11.9591   0.0000   0.0000   0.0000
      19  -1.9416   5.2353  11.7753   0.0000   0.0000   0.0000
      20  -2.1090   5.2748  11.3827   0.0000   0.0000   0.0000
      21  -2.0099   5.2058  11.1290   0.0000   0.0000   0.0000
      22  -2.2978   4.5910  10.8699   0.0000   0.0000   0.0000
      23  -2.1162   4.5660  10.8773   0.0000   0.0000   0.0000
      24  -2.1705   4.4072  10.8400   0.0000   0.0000   0.0000
      25  -2.3197   3.8005  10.7152   0.0000   0.0000   0.0000
      26  -2.3335   4.5630  10.3143   0.0000   0.0000   0.0000
      27  -2.5432   4.7186  10.0631   0.0000   0.0000   0.0000
      28  -2.8335   5.1211  10.6409   0.0000   0.0000   0.0000
      29  -1.6378   4.9370  10.4036   0.0000   0.0000   0.0000
      30  -2.4766   3.9020  10.6467   0.0000   0.0000   0.0000
      31  -3.0007   4.7657  11.2432   0.0000   0.0000   0.0000
      32  -2.5956   4.8895  10.9731   0.0000   0.0000   0.0000
      33  -2.6686   4.9582  11.4507   0.0000   0.0000   0.0000
      34  -1.9635   4.3705  10.7159   0.0000   0.0000   0.0000
      35  -2.7490   4.8291  10.9209   0.0000   0.0000   0.0000
      36  -3.2160   4.2870  11.6580   0.0000   0.0000   0.0000
      37  -3.1504   4.6633  11.5340   0.0000   0.0000   0.0000
      38  -2.7608   4.6450  11.1878   0.0000   0.0000   0.0000
      39  -2.7647   5.1475  10.9983   0.0000   0.0000   0.0000
      40  -3.2038   5.2093  10.5396   0.0000   0.0000   0.0000
      41  -3.1815   5.2196  10.8401   0.0000   0.0000   0.0000
      42  -2.4812   5.3169  10.8317   0.0000   0.0000   0.0000
      43  -2.3356   4.9640  10.5900   0.0000   0.0000   0.0000
      44  -3.3365   5.6361  10.9795   0.0000   0.0000   0.0000
      45  -3.3451   4.9173  10.8752   0.0000   0.0000   0.0000
      46  -1.7479   6.6184  11.4537   0.0000   0.0000   0.0000
      47  -1.9412   5.1606  12.0192   0.0000   0.0000   0.0000
      48  -3.3792   4.7169  11.4009   0.0000   0.0000   0.0000
      49  -3.4882   5.0772  12.4454   0.0000   0.0000   0.0000
      50  -3.2191   4.9889  11.7868   0.0000   0.0000   0.0000
      51  -2.2204   5.1408  11.7086   0.0000   0.0000   0.0000
      52  -3.7879   4.7584  11.4473   0.0000   0.0000   0.0000
      53  -3.4014   5.3437  12.0148   0.0000   0.0000   0.0000
      54  -3.9388   5.8023  11.4898   0.0000   0.0000   0.0000
      55  -3.4128   5.6063  11.8385   0.0000   0.0000   0.0000
      56  -2.8560   5.6516  11.3693   0.0000   0.0000   0.0000
      57  -2.7530   5.8061  11.5833   0.0000   0.0000   0.0000
      58  -4.0172   5.5990  11.3626   0.0000   0.0000   0.0000
      59  -3.4553   5.2198  11.4154   0.0000   0.0000   0.0000
      60  -3.4274   5.7125  11.4635   0.0000   0.0000   0.0000
      61  -2.9039   5.1456  11.5839   0.0000   0.0000   0.0000
      62  -3.0306   5.5854  11.1651   0.0000   0.0000   0.0000
      63  -2.9187   4.9774  10.4757   0.0000   0.0000   0.0000
      64  -3.6978   5.5625  10.1859   0.0000   0.0000   0.0000
      65  -3.5871   5.8249  10.2465   0.0000   0.0000   0.0000
      66  -4.0365   5.7369  10.5252   0.0000   0.0000   0.0000
      67  -3.2141   4.9544  10.2691   0.0000   0.0000   0.0000
      68  -3.1501   5.8023  10.5956   0.0000   0.0000   0.0000
      69  -2.5083   5.4890  10.5053   0.0000   0.0000   0.0000
      70  -3.1141   4.8687  10.2893   0.0000   0.0000   0.0000
      71  -2.9274   5.2922  10.7090   0.0000   0.0000   0.0000
      72  -3.5461   5.1379  10.1304   0.0000   0.0000   0.0000
      73  -3.3274   6.0235  10.2976   0.0000   0.0000   0.0000
      74  -3.6545   5.4497  10.5751   0.0000   0.0000   0.0000
      75  -3.6776   5.1142  10.4370   0.0000   0.0000   0.0000
      76  -3.5514   5.3299  10.1720   0.0000   0.0000   0.0000
      77  -3.6653   5.8654   9.5726   0.0000   0.0000   0.0000
      78  -2.5871   5.0541  10.0127   0.0000   0.0000   0.0000
      79  -2.5778   6.0233   9.9996   0.0000   0.0000   0.0000
      80  -2.2530   5.5303  10.5338   0.0000   0.0000   0.0000
      81  -2.4548   5.3335  11.3566   0.0000   0.0000   0.0000
      82  -2.4213   5.6251  10.9812   0.0000   0.0000   0.0000
      83  -2.1277   5.1360  10.8983   0.0000   0.0000   0.0000
      84  -2.8576   5.6439  10.9517   0.0000   0.0000   0.0000
      85  -2.1512   5.4349  10.9598   0.0000   0.0000   0.0000
      86  -2.2907   5.5985  11.3763   0.0000   0.0000   0.0000
      87  -2.2944   5.1719  11.5052   0.0000   0.0000   0.0000
      88  -3.0775   4.9720  11.5173   0.0000   0.0000   0.0000
      89  -2.0958   4.8664  11.3637   0.0000   0.0000   0.0000
      90  -2.0388   4.2531  11.2366   0.0000   0.0000   0.0000
      91  -3.0816   4.7593  11.2720   0.0000   0.0000   0.0000
      92  -3.3854   4.5992  11.5364   0.0000   0.0000   0.0000
      93  -2.6284   4.9571  11.7304   0.0000   0.0000   0.0000
      94  -1.7137   4.8150  12.3164   0.0000   0.0000   0.0000
      95  -2.6471   4.8794  11.6156   0.0000   0.0000   0.0000
      96  -2.3558   5.2551  12.1599   0.0000   0.0000   0.0000
      97  -2.0363   5.7797  12.2746   0.0000   0.0000   0.0000
      98  -2.7969   5.1328  12.2665   0.0000   0.0000   0.0000
      99  -2.4919   4.9903  11.7898   0.0000   0.0000   0.0000
     100  -3.1447   5.1657  12.3392   0.0000   0.0000   0.0000
     101  -4.0055   5.1837  11.9340   0.0000   0.0000   0.0000
     102  -3.5351   5.0736  11.4584   0.0000   0.0000   0.0000
     103  -3.2325   4.7371  11.9151   0.0000   0.0000   0.0000
     104  -3.2423   5.4792  11.3807   0.0000   0.0000   0.0000
     105  -2.6488   4.5615  11.9031   0.0000   0.0000   0.0000
     106  -3.0689   4.6971  12.0224   0.0000   0.0000   0.0000
     107  -2.2930   5.0531  12.0632   0.0000   0.0000   0.0000
     108  -2.6821   5.3632  11.8125   0.0000   0.0000   0.0000
     109  -3.6639   6.1197  12.4985   0.0000   0.0000   0.0000
     110  -3.4025   5.6200  12.3648   0.0000   0.0000   0.0000
     111  -2.9386   5.2193  12.7746   0.0000   0.0000   0.0000
     112  -3.8180   5.6079  13.1855   0.0000   0.0000   0.0000
     113  -2.7832   4.9013  12.2934   0.0000   0.0000   0.0000
     114  -3.1745   5.0097  12.2114   0.0000   0.0000   0.0000
     115  -3.9913   6.3017  12.4639   0.0000   0.0000   0.0000
     116  -4.2664   6.0883  12.8207   0.0000   0.0000   0.0000
     117  -3.8049   5.8222  12.2840   0.0000   0.0000   0.0000
     118  -4.4361   5.8580  11.4465   0.0000   0.0000   0.0000
     119  -4.4069   5.4366  12.5502   0.0000   0.0000   0.0000
     120  -3.8050   5.2095  12.6956   0.0000   0.0000   0.0000
     121  -4.1979   4.8255  12.3311   0.0000   0.0000   0.0000
     122  -3.3929   5.7469  11.7089   0.0000   0.0000   0.0000
     123  -3.4497   4.5041  11.7982   0.0000   0.0000   0.0000
     124  -4.3320   5.3758  11.4030   0.0000   0.0000   0.0000
     125  -3.5202   4.6393  11.5400   0.0000   0.0000   0.0000
     126  -4.7224   4.0034  11.4091   0.0000   0.0000   0.0000
     127  -3.6593   4.5377  11.2096   0.0000   0.0000   0.0000
     128  -4.5380   4.6672  11.6260   0.0000   0.0000   0.0000
     129  -4.3648   4.7055  11.8937   0.0000   0.0000   0.0000
     130  -4.0896   4.6728  12.3227   0.0000   0.0000   0.0000
     131  -3.5348   5.1369  11.3326   0.0000   0.0000   0.0000
     132  -4.2011   4.7370  11.8776   0.0000   0.0000   0.0000
     133  -4.3696   4.6764  11.7936   0.0000   0.0000   0.0000
     134  -4.0707   4.3726  11.3184   0.0000   0.0000   0.0000
     135  -4.1667   4.8365  11.7047   0.0000   0.0000   0.0000
     136  -3.9260   4.2729  12.5997   0.0000   0.0000   0.0000
     137  -3.5725   4.5778  12.5560   0.0000   0.0000   0.0000
     138  -3.3694   5.1652  12.4031   0.0000   0.0000   0.0000
     139  -3.1145   5.3799  12.4414   0.0000   0.0000   0.0000
     140  -3.8645   5.0791  11.4239   0.0000   0.0000   0.0000
     141  -4.1532   5.0443  11.5945   0.0000   0.0000   0.0000
     142  -3.6483   5.1602  12.2707   0.0000   0.0000   0.0000
     143  -3.8004   4.5612  12.1146   0.0000   0.0000   0.0000
     144  -4.1058   4.8700  11.8579   0.0000   0.0000   0.0000
     145  -4.0613   5.1125  11.4896   0.0000   0.0000   0.0000
     146  -4.2478   4.7769  10.7988   0.0000   0.0000   0.0000
     147  -3.8765   3.7684  11.7606   0.0000   0.0000   0.0000
     148  -4.0740   4.2913  11.6517   0.0000   0.0000   0.0000
     149  -4.0319   3.4004  12.0221   0.0000   0.0000   0.0000
     150  -4.5790   3.9990  12.2350   0.0000   0.0000   0.0000
     151  -3.5600   4.2077  11.5772   0.0000   0.0000   0.0000
     152  -4.0525   5.0116  11.6371   0.0000   0.0000   0.0000
     153  -3.7384   3.3532  12.0768   0.0000   0.0000   0.0000
     154  -3.8668   4.1577  11.2934   0.0000   0.0000   0.0000
     155  -3.4909   4.5507  11.3197   0.0000   0.0000   0.0000
     156  -3.2947   4.2961  11.8768   0.0000   0.0000   0.0000
     157  -3.5385   4.4053  12.1096   0.0000   0.0000   0.0000
     158  -3.7131   4.4672  11.2468   0.0000   0.0000   0.0000
     159  -3.7239   5.4945  11.8733   0.0000   0.0000   0.0000
     160  -2.7098   5.6448  12.1808   0.0000   0.0000   0.0000
     161  -3.4526   5.7137  11.8872   0.0000   0.0000   0.0000
     162  -2.7906   5.3913  12.2824   0.0000   0.0000   0.0000
     163  -2.3833   5.3277  11.4497   0.0000   0.0000   0.0000
     164  -2.5012   4.9717  11.2899   0.0000   0.0000   0.0000
     165  -2.1588   5.0437  11.3945   0.0000   0.0000   0.0000
     166  -1.9193   4.8668  11.8725   0.0000   0.0000   0.0000
     167  -2.4804   5.1663  12.3802   0.0000   0.0000   0.0000
     168  -2.4147   5.3180  11.0652   0.0000   0.0000   0.0000
     169  -1.6241   4.9861  11.5979   0.0000   0.0000   0.0000
     170  -2.0169   4.6857  11.7524   0.0000   0.0000   0.0000
     171  -1.6573   4.2568  11.9036   0.0000   0.0000   0.0000
     172  -2.0093   4.3542  12.6159   0.0000   0.0000   0.0000
     173  -2.1374   4.2943  12.1689   0.0000   0.0000   0.0000
     174  -2.0742   4.3998  12.2131   0.0000   0.0000   0.0000
     175  -1.5743   4.3491  11.7503   0.0000   0.0000   0.0000
     176  -1.5820   3.7812  11.5802   0.0000   0.0000   0.0000
     177  -2.0932   3.9366  11.9790   0.0000   0.0000   0.0000
     178  -2.1116   3.5410  12.0110   0.0000   0.0000   0.0000
     179  -3.4810   3.7454  11.5134   0.0000   0.0000   0.0000
     180  -2.3322   4.1830  11.7147   0.0000   0.0000   0.0000
     181  -3.1983   3.3936  10.9949   0.0000   0.0000   0.0000
     182  -3.5108   4.1898  11.1990   0.0000   0.0000   0.0000
     183  -3.1955   3.8865  11.3341   0.0000   0.0000   0.0000
     184  -3.6997   3.3045  11.3782   0.0000   0.0000   0.0000
     185  -3.6338   3.9749  11.5081   0.0000   0.0000   0.0000
     186  -3.2257   3.5345  11.0832   0.0000   0.0000   0.0000
     187  -2.6937   4.1810  11.3462   0.0000   0.0000   0.0000
     188  -2.6014   3.8054  11.7771   0.0000   0.0000   0.0000
     189  -2.7677   3.8302  11.6986   0.0000   0.0000   0.0000
     190  -2.3714   4.4192  12.0816   0.0000   0.0000   0.0000
     191  -3.3187   3.4314  11.8748   0.0000   0.0000   0.0000
     192  -2.4134   4.2459  12.9050   0.0000   0.0000   0.0000
     193  -2.8356   4.3665  12.7536   0.0000   0.0000   0.0000
     194  -2.3590   4.0698  12.3482   0.0000   0.0000   0.0000
     195  -1.8415   4.1112  11.9628   0.0000   0.0000   0.0000
     196  -2.3976   3.3803  12.3167   0.0000   0.0000   0.0000
     197  -1.6935   3.2644  12.7671   0.0000   0.0000   0.0000
     198  -1.9664   4.5652  11.6317   0.0000   0.0000   0.0000
     199  -1.8568   4.5044  12.0217   0.0000   0.0000   0.0000
     200  -1.8626   3.9034  12.0394   0.0000   0.0000   0.0000
     201  -2.6268   4.3932  11.6691   0.0000   0.0000   0.0000
     202  -2.0233   4.5701  11.8786   0.0000   0.0000   0.0000
     203  -2.3956   4.7483  12.3266   0.0000   0.0000   0.0000
     204  -2.3216   5.1381  12.4689   0.0000   0.0000   0.0000
     205  -2.6903   4.0262  12.3344   0.0000   0.0000   0.0000
     206  -2.1030   4.4931  12.4015   0.0000   0.0000   0.0000
     207  -2.2363   5.1134  11.7722   0.0000   0.0000   0.0000
     208  -2.5322   5.3772  12.2813   0.0000   0.0000   0.0000
     209  -2.0543   4.4359  11.4949   0.0000   0.0000   0.0000
     210  -1.8771   4.6218  12.0696   0.0000   0.0000   0.0000
     211  -2.5611   4.9368  11.8668   0.0000   0.0000   0.0000
     212  -1.7916   5.4011  11.9330   0.0000   0.0000   0.0000
     213  -2.0423   5.0457  11.8749   0.0000   0.0000   0.0000
     214  -2.2446   4.5553  11.6534   0.0000   0.0000   0.0000
     215  -1.7351   5.6336  11.6200   0.0000   0.0000   0.0000
     216  -2.1041   5.1931  11.1740   0.0000   0.0000   0.0000
     217  -2.1613   4.9997  11.8243   0.0000   0.0000   0.0000
     218  -1.3449   5.0359  11.5119   0.0000   0.0000   0.0000
     219  -1.5950   5.9651  10.9435   0.0000   0.0000   0.0000
     220  -1.7735   5.9323  10.4620   0.0000   0.0000   0.0000
     221  -1.6887   5.3643  10.7250   0.0000   0.0000   0.0000
     222  -2.0326   4.7888  10.5192   0.0000   0.0000   0.0000
     223  -3.1381   5.3054  10.5416   0.0000   0.0000   0.0000
     224  -2.7684   5.3737  11.0506   0.0000   0.0000   0.0000
     225  -2.7233   5.6681  10.5998   0.0000   0.0000   0.0000
     226  -2.4325   5.5353  10.3227   0.0000   0.0000   0.0000
     227  -1.8780   5.4548  10.2503   0.0000   0.0000   0.0000
     228  -1.7201   5.2896   9.6067   0.0000   0.0000   0.0000
     229  -2.7504   5.3824   8.8817   0.0000   0.0000   0.0000
     230  -2.6051   5.3812   9.3755   0.0000   0.0000   0.0000
     231  -2.5958   5.3311   9.6785   0.0000   0.0000   0.0000
     232  -3.0975   4.7515   9.8103   0.0000   0.0000   0.0000
     233  -2.5011   4.3665  10.2435   0.0000   0.0000   0.0000
     234  -2.6969   4.8231  10.1306   0.0000   0.0000   0.0000
     235  -2.6915   4.6964  10.6640   0.0000   0.0000   0.0000
     236  -2.6356   3.9494  10.6468   0.0000   0.0000   0.0000
     237  -3.0549   4.5959  10.5525   0.0000   0.0000   0.0000
     238  -2.8892   5.1384  10.7570   0.0000   0.0000   0.0000
     239  -2.4686   4.7784   9.9190   0.0000   0.0000   0.0000
     240  -2.4957   5.0714  10.5867   0.0000   0.0000   0.0000
     241  -2.7568   4.5395  10.6169   0.0000   0.0000   0.0000
     242  -2.3944   3.5168  11.0721   0.0000   0.0000   0.0000
     243  -3.2563   4.3294  10.6039   0.0000   0.0000   0.0000
     244  -2.0029   4.1811  10.9158   0.0000   0.0000   0.0000
     245  -2.2348   4.5047  11.1104   0.0000   0.0000   0.0000
     246  -2.7779   4.1795  10.7803   0.0000   0.0000   0.0000
     247  -2.8834   4.1355  10.5524   0.0000   0.0000   0.0000
     248  -3.1147   4.7066  10.7873   0.0000   0.0000   0.0000
     249  -3.6587   4.4911  11.1909   0.0000   0.0000   0.0000
     250  -2.7024   4.6539  10.7866   0.0000   0.0000   0.0000
     251  -3.6788   5.1031  10.4237   0.0000   0.0000   0.0000
     252  -3.0093   5.4679  10.5186   0.0000   0.0000   0.0000
     253  -3.2478   5.3648  10.3564   0.0000   0.0000   0.0000
     254  -3.1756   4.8691   9.8030   0.0000   0.0000   0.0000
     255  -2.9660   4.8161  10.1077   0.0000   0.0000   0.0000
     256  -3.1547   4.3285  10.3390   0.0000   0.0000   0.0000
     257  -3.1381   4.6274  10.6671   0.0000   0.0000   0.0000
     258  -2.8800   4.7694  10.7945   0.0000   0.0000   0.0000
     259  -3.6805   4.5413  10.8059   0.0000   0.0000   0.0000
     260  -3.0142   4.9544  11.0452   0.0000   0.0000   0.0000
     261  -3.8564   5.4148  11.3348   0.0000   0.0000   0.0000
     262  -3.7605   5.3288  10.7477   0.0000   0.0000   0.0000
     263  -4.0577   4.7044  11.9933   0.0000   0.0000   0.0000
     264  -4.1177   3.9503  11.6254   0.0000   0.0000   0.0000
     265  -4.5394   3.9710  11.5578   0.0000   0.0000   0.0000
     266  -3.9514   5.1557  11.1468   0.0000   0.0000   0.0000
     267  -4.1646   5.1523  11.8402   0.0000   0.0000   0.0000
     268  -3.9791   5.0799  11.8601   0.0000   0.0000   0.0000
     269  -3.5608   4.5497  12.1358   0.0000   0.0000   0.0000
     270  -4.3389   4.2336  11.3434   0.0000   0.0000   0.0000
     271  -3.5146   4.3502  11.7185   0.0000   0.0000   0.0000
     272  -3.8940   4.5902  11.7406   0.0000   0.0000   0.0000
     273  -4.1470   4.7201  11.5192   0.0000   0.0000   0.0000
     274  -3.1673   5.2228  11.4807   0.0000   0.0000   0.0000
     275  -3.2248   4.7608  10.6679   0.0000   0.0000   0.0000
     276  -2.9203   4.5969  11.4223   0.0000   0.0000   0.0000
     277  -2.7524   5.3280  11.0977   0.0000   0.0000   0.0000
     278  -3.8717   4.6800  11.1422   0.0000   0.0000   0.0000
     279  -3.9989   5.1402  10.8083   0.0000   0.0000   0.0000
     280  -3.5802   5.0199  11.4915   0.0000   0.0000   0.0000
     281  -3.2853   5.7422  11.7154   0.0000   0.0000   0.0000
     282  -2.7814   5.2306  11.3125   0.0000   0.0000   0.0000
     283  -3.8867   4.1524  12.3275   0.0000   0.0000   0.0000
     284  -3.5198   4.9634  11.6878   0.0000   0.0000   0.0000
     285  -3.7137   4.9854  11.8108   0.0000   0.0000   0.0000
     286  -3.6899   5.2434  11.6998   0.0000   0.0000   0.0000
     287  -4.5342   5.0906  11.0267   0.0000   0.0000   0.0000
     288  -4.1205   4.6560  11.4859   0.0000   0.0000   0.0000
     289  -3.3542   4.3158  11.8745   0.0000   0.0000   0.0000
     290  -3.6244   4.1131  13.1834   0.0000   0.0000   0.0000
     291  -3.8379   5.1814  12.2432   0.0000   0.0000   0.0000
     292  -4.2108   4.6852  12.3660   0.0000   0.0000   0.0000
     293  -4.0814   5.4082  12.0831   0.0000   0.0000   0.0000
     294  -3.7934   5.9743  12.0514   0.0000   0.0000   0.0000
     295  -4.0194   5.5056  12.2436   0.0000   0.0000   0.0000
     296  -3.8695   5.3160  11.7887   0.0000   0.0000   0.0000
     297  -4.6400   4.8134  12.1382   0.0000   0.0000   0.0000
     298  -4.5106   5.3353  11.5125   0.0000   0.0000   0.0000
     299  -4.1486   5.0393  11.4040   0.0000   0.0000   0.0000
     300  -4.2698   4.6594  10.8931   0.0000   0.0000   0.0000
     301  -4.6434   3.8152  11.6398   0.0000   0.0000   0.0000
     302  -5.5907   4.6990  12.4468   0.0000   0.0000   0.0000
     303  -5.7437   4.7687  12.5590   0.0000   0.0000   0.0000
     304  -5.1042   5.5555  13.1071   0.0000   0.0000   0.0000
     305  -4.8441   5.1954  12.8055   0.0000   0.0000   0.0000
     306  -5.5796   5.2839  12.4853   0.0000   0.0000   0.0000
     307  -4.9174   5.4776  13.3623   0.0000   0.0000   0.0000
     308  -4.2423   5.1322  13.2091   0.0000   0.0000   0.0000
     309  -4.1899   5.9666  12.8787   0.0000   0.0000   0.0000
     310  -3.9383   5.8707  12.9501   0.0000   0.0000   0.0000
     311  -3.4994   6.0066  12.9381   0.0000   0.0000   0.0000
     312  -3.8897   5.8056  12.2993   0.0000   0.0000   0.0000
     313  -3.8896   4.6124  12.0309   0.0000   0.0000   0.0000
     314  -3.9707   4.8366  11.7609   0.0000   0.0000   0.0000
     315  -3.6918   4.5734  11.7841   0.0000   0.0000   0.0000
     316  -4.6130   4.1589  11.5832   0.0000   0.0000   0.0000
     317  -4.3077   5.7674  11.6624   0.0000   0.0000   0.0000
     318  -4.0240   4.2291  11.1471   0.0000   0.0000   0.0000
     319  -3.7083   4.7116  11.0553   0.0000   0.0000   0.0000
     320  -4.5624   4.2082  11.1808   0.0000   0.0000   0.0000
     321  -4.6280   4.2096  11.6734   0.0000   0.0000   0.0000
     322  -4.3102   3.8256  11.8922   0.0000   0.0000   0.0000
     323  -3.6915   3.8558  11.6478   0.0000   0.0000   0.0000
     324  -3.9862   4.2254  12.7698   0.0000   0.0000   0.0000
     325  -4.4692   4.2369  11.5904   0.0000   0.0000   0.0000
     326  -4.3001   4.1633  11.8408   0.0000   0.0000   0.0000
     327  -3.5346   4.7810  12.2184   0.0000   0.0000   0.0000
     328  -3.6089   4.0386  12.4034   0.0000   0.0000   0.0000
     329  -4.7726   4.9434  11.8670   0.0000   0.0000   0.0000
     330  -4.1401   4.2531  12.0639   0.0000   0.0000   0.0000
     331  -3.7074   5.5315  11.1034   0.0000   0.0000   0.0000
     332  -3.4794   4.9485  11.5069   0.0000   0.0000   0.0000
     333  -3.7137   4.1048  11.7024   0.0000   0.0000   0.0000
     334  -3.6258   3.7087  11.5559   0.0000   0.0000   0.0000
     335  -2.8406   3.8133  11.8625   0.0000   0.0000   0.0000
     336  -3.6349   2.7807  11.6189   0.0000   0.0000   0.0000
     337  -3.1885   3.7530  11.7097   0.0000   0.0000   0.0000
     338  -3.2431   3.7187  12.3630   0.0000   0.0000   0.0000
     339  -2.4215   3.4577  12.1553   0.0000   0.0000   0.0000
     340  -2.2073   3.1888  11.9639   0.0000   0.0000   0.0000
     341  -3.3345   4.1667  12.0293   0.0000   0.0000   0.0000
     342  -3.4616   3.9722  11.9458   0.0000   0.0000   0.0000
     343  -3.4970   4.1394  11.4699   0.0000   0.0000   0.0000
     344  -3.3734   4.2849  11.9365   0.0000   0.0000   0.0000
     345  -3.0303   2.8949  11.8316   0.0000   0.0000   0.0000
     346  -3.5455   3.1178  12.3721   0.0000   0.0000   0.0000
     347  -4.0354   3.1444  13.2286   0.0000   0.0000   0.0000
     348  -4.0825   2.9574  12.7177   0.0000   0.0000   0.0000
     349  -3.5254   2.8566  12.6840   0.0000   0.0000   0.0000
     350  -3.1810   3.8197  12.0580   0.0000   0.0000   0.0000
     351  -3.7402   3.6710  12.1530   0.0000   0.0000   0.0000
     352  -3.8900   3.8729  11.5268   0.0000   0.0000   0.0000
     353  -3.3978   3.0633  10.9574   0.0000   0.0000   0.0000
     354  -3.7435   3.7972  11.0213   0.0000   0.0000   0.0000
     355  -3.3303   4.0311  10.7874   0.0000   0.0000   0.0000
     356  -3.3990   4.1646  10.7778   0.0000   0.0000   0.0000
     357  -3.2495   5.1388  11.3465   0.0000   0.0000   0.0000
     358  -3.8663   4.1111  11.8714   0.0000   0.0000   0.0000
     359  -3.4032   5.3486  11.8351   0.0000   0.0000   0.0000
     360  -3.2587   5.3516  12.6812   0.0000   0.0000   0.0000
     361  -3.2288   5.4682  12.4736   0.0000   0.0000   0.0000
     362  -3.1829   5.5537  12.1084   0.0000   0.0000   0.0000
     363  -3.9115   4.8237  11.4034   0.0000   0.0000   0.0000
     364  -3.1388   4.5614  12.0664   0.0000   0.0000   0.0000
     365  -3.4241   5.8643  12.5655   0.0000   0.0000   0.0000
     366  -3.6494   4.2963  11.9673   0.0000   0.0000   0.0000
     367  -3.2131   4.2420  11.6592   0.0000   0.0000   0.0000
     368  -3.4787   4.8688  11.1278   0.0000   0.0000   0.0000
     369  -2.7015   4.9344  11.3692   0.0000   0.0000   0.0000
     370  -2.9881   4.5072  11.1970   0.0000   0.0000   0.0000
     371  -3.3177   4.9091  11.3040   0.0000   0.0000   0.0000
     372  -3.3556   4.6385  10.8703   0.0000   0.0000   0.0000
     373  -2.9429   5.3654  10.4254   0.0000   0.0000   0.0000
     374  -2.4102   5.4274  10.2214   0.0000   0.0000   0.0000
     375  -2.5900   5.4759  10.3202   0.0000   0.0000   0.0000
     376  -3.2585   5.0749   9.5564   0.0000   0.0000   0.0000
     377  -3.1210   5.0528  10.5595   0.0000   0.0000   0.0000
     378  -3.5472   5.2508  10.5701   0.0000   0.0000   0.0000
     379  -3.8066   5.1352  10.9697   0.0000   0.0000   0.0000
     380  -2.9178   3.9276  10.8510   0.0000   0.0000   0.0000
     381  -4.6198   5.1477  10.9383   0.0000   0.0000   0.0000
     382  -4.2030   5.4774  10.4718   0.0000   0.0000   0.0000
     383  -3.5694   4.7648  10.7619   0.0000   0.0000   0.0000
     384  -4.0168   5.0227  10.4808   0.0000   0.0000   0.0000
     385  -2.8047   4.4926  10.7589   0.0000   0.0000   0.0000
     386  -3.2154   4.4752  10.6487   0.0000   0.0000   0.0000
     387  -3.1440   4.5116  11.5778   0.0000   0.0000   0.0000
     388  -3.0646   4.3550  11.8746   0.0000   0.0000   0.0000
     389  -3.8801   4.3404  11.9201   0.0000   0.0000   0.0000
     390  -3.6048   4.8737  11.8485   0.0000   0.0000   0.0000
     391  -4.4951   4.2703  12.3060   0.0000   0.0000   0.0000
     392  -3.7465   3.2436  11.7565   0.0000   0.0000   0.0000
     393  -4.6751   4.2616  12.0238   0.0000   0.0000   0.0000
     394  -4.8045   3.4817  11.9110   0.0000   0.0000   0.0000
     395  -3.5900   3.0667  12.4457   0.0000   0.0000   0.0000
     396  -4.0297   3.6478  11.7277   0.0000   0.0000   0.0000
     397  -3.8167   3.3888  11.9283   0.0000   0.0000   0.0000
     398  -3.7770   3.7133  11.2969   0.0000   0.0000   0.0000
     399  -3.9322   3.9255  11.9844   0.0000   0.0000   0.0000
     400  -4.0358   3.7714  11.8100   0.0000   0.0000   0.0000
     401  -4.0418   4.3073  12.0048   0.0000   0.0000   0.0000
     402  -3.8548   4.6078  11.8220   0.0000   0.0000   0.0000
     403  -3.4889   3.4026  12.0222   0.0000   0.0000   0.0000
     404  -4.1109   4.2008  11.4616   0.0000   0.0000   0.0000
     405  -3.6853   4.2616  11.0526   0.0000   0.0000   0.0000
     406  -4.2629   4.2902  11.2194   0.0000   0.0000   0.0000
     407  -4.8280   4.2296  10.9620   0.0000   0.0000   0.0000
     408  -3.8679   4.7730  11.3168   0.0000   0.0000   0.0000
     409  -3.8106   4.2481  11.0320   0.0000   0.0000   0.0000
     410  -4.0025   3.6272  11.5303   0.0000   0.0000   0.0000
     411  -3.7000   4.2711  11.4262   0.0000   0.0000   0.0000
     412  -4.0728   4.2984  10.8180   0.0000   0.0000   0.0000
     413  -4.1081   4.3602  10.9380   0.0000   0.0000   0.0000
     414  -4.2626   4.6331  10.2578   0.0000   0.0000   0.0000
     415  -4.8522   3.8266  10.7573   0.0000   0.0000   0.0000
     416  -4.4884   4.1845  10.9483   0.0000   0.0000   0.0000
     417  -4.3487   4.5042  10.0502   0.0000   0.0000   0.0000
     418  -4.7953   4.4956   9.6992   0.0000   0.0000   0.0000
     419  -4.4735   5.2001  10.0049   0.0000   0.0000   0.0000
     420  -4.6324   5.0745   8.9115   0.0000   0.0000   0.0000
     421  -4.1203   5.0113   9.1928   0.0000   0.0000   0.0000
     422  -5.2133   4.3608  10.1460   0.0000   0.0000   0.0000
     423  -4.5492   3.5550   8.5840   0.0000   0.0000   0.0000
     424  -4.4211   3.8535   9.0238   0.0000   0.0000   0.0000
     425  -4.8062   4.5002   9.2547   0.0000   0.0000   0.0000
     426  -4.7513   3.9057   9.5138   0.0000   0.0000   0.0000
     427  -4.4480   3.8959   9.6162   0.0000   0.0000   0.0000
     428  -4.1617   3.4573  10.0154   0.0000   0.0000   0.0000
     429  -4.5378   4.6921   9.6648   0.0000   0.0000   0.0000
     430  -4.4886   3.9552   9.8755   0.0000   0.0000   0.0000
     431  -3.4238   5.3259   9.5897   0.0000   0.0000   0.0000
     432  -3.5575   4.4172   9.3066   0.0000   0.0000   0.0000
     433  -3.0169   4.3786   9.8206   0.0000   0.0000   0.0000
     434  -3.3662   4.1397   9.7711   0.0000   0.0000   0.0000
     435  -2.6887   4.9365   9.6808   0.0000   0.0000   0.0000
     436  -3.3407   5.1927   9.7011   0.0000   0.0000   0.0000
     437  -2.5251   4.9144  10.5797   0.0000   0.0000   0.0000
     438  -2.9762   4.4055  10.2761   0.0000   0.0000   0.0000
     439  -3.4675   4.6808  10.9594   0.0000   0.0000   0.0000
     440  -2.6467   4.5326  10.7154   0.0000   0.0000   0.0000
     441  -2.6628   4.9450  11.1236   0.0000   0.0000   0.0000
     442  -2.8055   5.1062   9.9074   0.0000   0.0000   0.0000
     443  -3.8782   5.3645  10.0711   0.0000   0.0000   0.0000
     444  -3.1326   5.7890  10.2267   0.0000   0.0000   0.0000
     445  -2.2821   5.0620  10.2529   0.0000   0.0000   0.0000
     446  -3.1111   5.1601   9.1452   0.0000   0.0000   0.0000
     447  -3.4661   5.6780   9.7582   0.0000   0.0000   0.0000
     448  -2.9506   5.1996  10.6264   0.0000   0.0000   0.0000
     449  -2.6982   5.3940  10.4339   0.0000   0.0000   0.0000
     450  -2.9872   5.3544   9.5782   0.0000   0.0000   0.0000
     451  -3.7874   5.7369  10.0714   0.0000   0.0000   0.0000
     452  -3.0067   5.2236  10.1569   0.0000   0.0000   0.0000
     453  -3.0829   5.5759   9.6158   0.0000   0.0000   0.0000
     454  -1.8940   5.7928   9.8270   0.0000   0.0000   0.0000
     455  -1.9930   5.6427  10.4191   0.0000   0.0000   0.0000
     456  -2.1711   6.1468   9.7119   0.0000   0.0000   0.0000
     457  -1.4396   5.7509   9.4208   0.0000   0.0000   0.0000
     458  -2.4623   4.6978   9.2409   0.0000   0.0000   0.0000
     459  -2.9384   4.6777   9.7929   0.0000   0.0000   0.0000
     460  -2.3659   4.6572   9.6465   0.0000   0.0000   0.0000
     461  -2.6513   5.2989   9.2972   0.0000   0.0000   0.0000
     462  -2.8175   5.7312   9.6288   0.0000   0.0000   0.0000
     463  -2.5806   5.3521   9.8062   0.0000   0.0000   0.0000
     464  -3.1716   5.3792   9.8848   0.0000   0.0000   0.0000
     465  -3.2058   4.7237   9.2279   0.0000   0.0000   0.0000
     466  -3.0524   4.6862   9.9137   0.0000   0.0000   0.0000
     467  -2.3090   5.1892  10.3628   0.0000   0.0000   0.0000
     468  -2.2552   4.5877  10.5291   0.0000   0.0000   0.0000
     469  -1.6942   4.5730  10.2748   0.0000   0.0000   0.0000
     470  -2.6064   4.8678  10.4290   0.0000   0.0000   0.0000
     471  -3.0327   5.0409  10.5946   0.0000   0.0000   0.0000
     472  -1.8737   4.3937  10.0103   0.0000   0.0000   0.0000
     473  -1.4270   4.5127  10.4182   0.0000   0.0000   0.0000
     474  -2.4925   4.7724  10.5632   0.0000   0.0000   0.0000
     475  -1.4450   4.3948  10.2705   0.0000   0.0000   0.0000
     476  -1.5627   5.3170  10.1577   0.0000   0.0000   0.0000
     477  -1.6533   5.0488  11.1518   0.0000   0.0000   0.0000
     478  -2.6433   4.0093  11.0089   0.0000   0.0000   0.0000
     479  -3.3517   4.5123  11.2322   0.0000   0.0000   0.0000
     480  -2.8720   5.5009  11.4094   0.0000   0.0000   0.0000
     481  -1.8217   4.7882  10.7210   0.0000   0.0000   0.0000
     482  -1.0426   4.4953  10.1897   0.0000   0.0000   0.0000
     483  -0.9698   4.8079   9.8572   0.0000   0.0000   0.0000
     484  -2.0117   5.3885   9.8570   0.0000   0.0000   0.0000
     485  -2.2387   5.6030  10.2305   0.0000   0.0000   0.0000
     486  -2.1482   5.6723   9.8715   0.0000   0.0000   0.0000
     487  -1.9690   4.6860   9.9591   0.0000   0.0000   0.0000
     488  -2.3939   4.9342  10.0046   0.0000   0.0000   0.0000
     489  -3.3877   5.5774  10.1093   0.0000   0.0000   0.0000
     490  -3.4388   5.1474  10.3284   0.0000   0.0000   0.0000
     491  -3.1564   5.5202   9.8632   0.0000   0.0000   0.0000
     492  -2.2372   5.3744   9.7239   0.0000   0.0000   0.0000
     493  -1.8565   5.3307  10.3957   0.0000   0.0000   0.0000
     494  -1.8283   5.6072   9.6545   0.0000   0.0000   0.0000
     495  -2.1556   5.3114   9.0245   0.0000   0.0000   0.0000
     496  -2.4199   5.6488   9.9772   0.0000   0.0000   0.0000
     497  -3.2691   5.7507   9.7625   0.0000   0.0000   0.0000
     498  -1.8926   5.5685   9.6297   0.0000   0.0000   0.0000
     499  -2.0851   6.0721   9.7190   0.0000   0.0000   0.0000
     500  -1.6617   5.2086   9.7040   0.0000   0.0000   0.0000
     501  -1.6270   4.7845   9.5216   0.0000   0.0000   0.0000
     502  -2.5249   4.9124   9.9384   0.0000   0.0000   0.0000
     503  -2.1328   3.6568   9.2105   0.0000   0.0000   0.0000
     504  -2.5207   5.4684   9.6442   0.0000   0.0000   0.0000
     505  -1.8472   4.6839   9.6123   0.0000   0.0000   0.0000
     506  -2.0013   4.5660   9.5304   0.0000   0.0000   0.0000
     507  -3.2598   5.1695   9.7507   0.0000   0.0000   0.0000
     508  -2.0790   4.7926  10.5502   0.0000   0.0000   0.0000
     509  -3.7204   5.2737  10.1237   0.0000   0.0000   0.0000
     510  -3.7163   5.3936  10.3963   0.0000   0.0000   0.0000
     511  -2.6120   5.5772  10.0434   0.0000   0.0000   0.0000
     512  -3.0089   6.2607  10.1934   0.0000   0.0000   0.0000
     513  -4.0213   5.3018  10.4037   0.0000   0.0000   0.0000
     514  -2.6946   5.4679  11.0669   0.0000   0.0000   0.0000
     515  -2.4959   6.0194  11.0483   0.0000   0.0000   0.0000
     516  -3.1918   6.1824  11.1720   0.0000   0.0000   0.0000
     517  -2.4551   5.2632  10.7976   0.0000   0.0000   0.0000
     518  -2.6719   5.7784  11.2217   0.0000   0.0000   0.0000
     519  -3.2288   4.1464  10.9693   0.0000   0.0000   0.0000
     520  -2.6391   5.9410  11.6762   0.0000   0.0000   0.0000
     521  -2.8482   5.5920  11.5357   0.0000   0.0000   0.0000
     522  -3.2002   4.2331  11.3151   0.0000   0.0000   0.0000
     523  -2.3073   4.2953  11.4099   0.0000   0.0000   0.0000
     524  -2.7370   4.0183  11.0774   0.0000   0.0000   0.0000
     525  -2.2191   4.1822  10.9054   0.0000   0.0000   0.0000
     526  -2.4849   3.5925  11.5839   0.0000   0.0000   0.0000
     527  -2.5262   4.1329  11.6078   0.0000   0.0000   0.0000
     528  -2.6182   4.3791  11.7398   0.0000   0.0000   0.0000
     529  -2.5346   4.6225  12.3101   0.0000   0.0000   0.0000
     530  -2.2420   4.2873  11.7529   0.0000   0.0000   0.0000
     531  -2.6168   4.6600  11.3771   0.0000   0.0000   0.0000
     532  -2.7986   4.3023  11.5111   0.0000   0.0000   0.0000
     533  -2.3887   5.1296  11.5847   0.0000   0.0000   0.0000
     534  -2.7990   4.4947  12.2465   0.0000   0.0000   0.0000
     535  -2.2648   4.5042  11.6481   0.0000   0.0000   0.0000
     536  -2.4892   4.8100  10.6700   0.0000   0.0000   0.0000
     537  -1.7423   4.5242  10.6073   0.0000   0.0000   0.0000
     538  -2.1692   4.5799  10.0467   0.0000   0.0000   0.0000
     539  -2.0374   4.5965   9.8166   0.0000   0.0000   0.0000
     540  -1.5336   4.6319  10.0705   0.0000   0.0000   0.0000
     541  -2.0546   4.4794  10.7655   0.0000   0.0000   0.0000
     542  -2.3941   5.0235  10.5394   0.0000   0.0000   0.0000
     543  -2.0884   4.6669  10.6348   0.0000   0.0000   0.0000
     544  -2.3481   3.6797  10.7518   0.0000   0.0000   0.0000
     545  -2.1916   4.1639  10.3189   0.0000   0.0000   0.0000
     546  -1.8561   4.5627  10.7598   0.0000   0.0000   0.0000
     547  -1.3225   4.2612  10.7227   0.0000   0.0000   0.0000
     548  -2.8422   4.3249  10.1788   0.0000   0.0000   0.0000
     549  -2.5626   4.0646  11.1015   0.0000   0.0000   0.0000
     550  -2.1246   4.2903  11.1110   0.0000   0.0000   0.0000
     551  -2.5049   4.1828  11.1129   0.0000   0.0000   0.0000
     552  -1.9017   3.5362  11.5721   0.0000   0.0000   0.0000
     553  -2.7910   4.7409  11.9879   0.0000   0.0000   0.0000
     554  -2.1941   4.4623  11.5477   0.0000   0.0000   0.0000
     555  -2.2556   4.0187  10.9900   0.0000   0.0000   0.0000
     556  -2.2592   3.5548  10.9035   0.0000   0.0000   0.0000
     557  -2.1482   3.8488  11.4638   0.0000   0.0000   0.0000
     558  -2.0980   3.8908  11.3088   0.0000   0.0000   0.0000
     559  -1.9044   3.2360  11.2609   0.0000   0.0000   0.0000
     560  -2.0129   4.0567  11.1483   0.0000   0.0000   0.0000
     561  -2.1400   3.3728  11.2465   0.0000   0.0000   0.0000
     562  -2.8307   3.6563  10.9635   0.0000   0.0000   0.0000
     563  -2.6517   3.6985  10.5567   0.0000   0.0000   0.0000
     564  -3.1656   3.4486  10.2636   0.0000   0.0000   0.0000
     565  -2.7897   3.1700  10.3078   0.0000   0.0000   0.0000
     566  -2.7381   3.7227  10.7893   0.0000   0.0000   0.0000
     567  -2.1486   4.0234  10.8123   0.0000   0.0000   0.0000
     568  -2.1367   4.3525  11.0330   0.0000   0.0000   0.0000
     569  -1.9921   2.5604  11.2336   0.0000   0.0000   0.0000
     570  -1.9546   3.3699  10.8422   0.0000   0.0000   0.0000
     571  -2.1014   3.1974  10.5295   0.0000   0.0000   0.0000
     572  -2.3435   2.4328  10.2999   0.0000   0.0000   0.0000
     573  -1.2905   2.7733  10.3320   0.0000   0.0000   0.0000
     574  -2.2466   2.9539  11.0329   0.0000   0.0000   0.0000
     575  -1.5379   2.2820  11.4414   0.0000   0.0000   0.0000
     576  -2.1401   2.7239  11.5003   0.0000   0.0000   0.0000
     577  -3.3010   2.6564  11.8090   0.0000   0.0000   0.0000
     578  -2.5228   3.5172  11.3703   0.0000   0.0000   0.0000
     579  -2.0006   4.4425  11.7673   0.0000   0.0000   0.0000
     580  -2.7203   2.8446  11.2130   0.0000   0.0000   0.0000
     581  -1.9826   3.2194  10.8309   0.0000   0.0000   0.0000
     582  -3.2306   3.8033  11.1381   0.0000   0.0000   0.0000
     583  -2.7824   2.9770  10.4851   0.0000   0.0000   0.0000
     584  -1.6842   3.4043  11.3650   0.0000   0.0000   0.0000
     585  -3.4890   3.9252  10.9940   0.0000   0.0000   0.0000
     586  -1.9724   3.8034  10.8342   0.0000   0.0000   0.0000
     587  -3.5196   4.2957  10.3018   0.0000   0.0000   0.0000
     588  -3.1635   3.1684  10.3235   0.0000   0.0000   0.0000
     589  -3.2561   3.5651   9.7785   0.0000   0.0000   0.0000
     590  -3.3361   3.1666  10.2159   0.0000   0.0000   0.0000
     591  -3.4360   3.8995  10.4365   0.0000   0.0000   0.0000
     592  -3.6472   3.6292  10.4972   0.0000   0.0000   0.0000
     593  -4.2870   3.4074  10.8202   0.0000   0.0000   0.0000
     594  -3.8902   3.7079  10.7714   0.0000   0.0000   0.0000
     595  -3.7309   4.1920  10.6057   0.0000   0.0000   0.0000
     596  -3.9799   3.7325  10.7434   0.0000   0.0000   0.0000
     597  -3.1785   3.5536  11.2484   0.0000   0.0000   0.0000
     598  -3.0089   3.6606  11.6866   0.0000   0.0000   0.0000
     599  -3.1837   3.4721  11.3907   0.0000   0.0000   0.0000
     600  -3.8966   3.4994  10.9443   0.0000   0.0000   0.0000
     601  -3.5818   3.1941  11.7839   0.0000   0.0000   0.0000
     602  -3.8099   4.0654  11.5447   0.0000   0.0000   0.0000
     603  -3.2434   4.2667  11.2143   0.0000   0.0000   0.0000
     604  -3.0683   4.7171  12.0636   0.0000   0.0000   0.0000
     605  -3.4772   4.5494  10.9047   0.0000   0.0000   0.0000
     606  -3.2430   3.8245  11.5959   0.0000   0.0000   0.0000
     607  -4.1451   4.6701  11.7504   0.0000   0.0000   0.0000
     608  -3.5765   3.5536  11.5944   0.0000   0.0000   0.0000
     609  -3.3816   4.0834  11.3707   0.0000   0.0000   0.0000
     610  -3.2625   3.8787  11.9261   0.0000   0.0000   0.0000
     611  -3.9976   3.8274  10.9322   0.0000   0.0000   0.0000
     612  -3.1060   4.6850  11.6966   0.0000   0.0000   0.0000
     613  -4.3460   5.2028  11.4223   0.0000   0.0000   0.0000
     614  -3.4455   5.8809  11.9522   0.0000   0.0000   0.0000
     615  -3.2071   5.7027  11.2914   0.0000   0.0000   0.0000
     616  -3.2985   5.3270  10.7485   0.0000   0.0000   0.0000
     617  -4.0379   4.8661  11.6700   0.0000   0.0000   0.0000
     618  -3.5105   5.2558  11.9135   0.0000   0.0000   0.0000
     619  -3.5355   4.8032  11.4547   0.0000   0.0000   0.0000
     620  -3.3092   5.3648  11.5427   0.0000   0.0000   0.0000
     621  -3.1750   5.1729  11.9118   0.0000   0.0000   0.0000
     622  -4.2318   6.2642  11.5901   0.0000   0.0000   0.0000
     623  -3.4807   5.7106  12.0368   0.0000   0.0000   0.0000
     624  -3.2555   5.4027  11.4291   0.0000   0.0000   0.0000
     625  -2.5347   6.0465  11.7675   0.0000   0.0000   0.0000
     626  -3.1510   6.0675  11.3490   0.0000   0.0000   0.0000
     627  -3.8230   5.4266  11.1838   0.0000   0.0000   0.0000
     628  -3.0775   5.9577  10.4521   0.0000   0.0000   0.0000
     629  -3.2172   5.5230  10.7160   0.0000   0.0000   0.0000
     630  -3.0172   5.0620  10.6804   0.0000   0.0000   0.0000
     631  -3.3932   5.4327  10.4887   0.0000   0.0000   0.0000
     632  -3.2762   5.1662  10.8706   0.0000   0.0000   0.0000
     633  -3.2053   4.6200  10.7938   0.0000   0.0000   0.0000
     634  -3.8054   4.6807  10.5500   0.0000   0.0000   0.0000
     635  -3.6418   4.8034  10.3894   0.0000   0.0000   0.0000
     636  -3.5875   4.9385  10.9161   0.0000   0.0000   0.0000
     637  -3.1080   5.1651  10.6949   0.0000   0.0000   0.0000
     638  -2.1637   6.0861  10.7102   0.0000   0.0000   0.0000
     639  -3.2882   5.1545  11.6057   0.0000   0.0000   0.0000
     640  -3.4170   5.8393  11.3134   0.0000   0.0000   0.0000
     641  -2.9221   4.9940  11.8587   0.0000   0.0000   0.0000
     642  -2.9190   4.5054  11.1792   0.0000   0.0000   0.0000
     643  -2.8968   4.9433  11.3841   0.0000   0.0000   0.0000
     644  -2.5215   5.4624  11.0189   0.0000   0.0000   0.0000
     645  -2.4326   4.1933  11.6935   0.0000   0.0000   0.0000
     646  -2.2341   4.0584  11.8257   0.0000   0.0000   0.0000
     647  -2.7633   4.4206  11.7559   0.0000   0.0000   0.0000
     648  -2.0007   4.2333  11.7060   0.0000   0.0000   0.0000
     649  -2.8114   3.8074  11.6466   0.0000   0.0000   0.0000
     650  -3.0073   4.5224  11.6886   0.0000   0.0000   0.0000
     651  -3.2146   3.8655  12.2412   0.0000   0.0000   0.0000
     652  -3.1941   3.7404  12.2591   0.0000   0.0000   0.0000
     653  -3.1197   4.9809  11.7058   0.0000   0.0000   0.0000
     654  -2.8850   3.4399  11.1159   0.0000   0.0000   0.0000
     655  -3.3129   5.0215  10.7438   0.0000   0.0000   0.0000
     656  -3.6232   4.9021  11.3777   0.0000   0.0000   0.0000
     657  -2.9810   4.8454  11.7538   0.0000   0.0000   0.0000
     658  -2.7154   4.4908  11.3000   0.0000   0.0000   0.0000
     659  -3.3083   4.7788  11.4451   0.0000   0.0000   0.0000
     660  -2.9334   5.5569  11.0273   0.0000   0.0000   0.0000
     661  -2.9355   4.1870  10.1194   0.0000   0.0000   0.0000
     662  -3.2725   3.7659   9.9297   0.0000   0.0000   0.0000
     663  -2.3605   5.2863  10.4334   0.0000   0.0000   0.0000
     664  -2.2550   4.9131  11.3846   0.0000   0.0000   0.0000
     665  -2.4509   4.4934  10.8515   0.0000   0.0000   0.0000
     666  -1.4784   4.4607  11.3442   0.0000   0.0000   0.0000
     667  -1.7412   5.0595  11.1880   0.0000   0.0000   0.0000
     668  -2.3046   5.3316  10.5573   0.0000   0.0000   0.0000
     669  -2.1122   3.3142  10.2507   0.0000   0.0000   0.0000
     670  -1.5674   5.1065  10.5437   0.0000   0.0000   0.0000
     671  -3.1588   4.1070  11.0317   0.0000   0.0000   0.0000
     672  -3.1183   4.3675  11.0458   0.0000   0.0000   0.0000
     673  -3.0227   4.7709  10.8247   0.0000   0.0000   0.0000
     674  -2.9257   4.6661  11.7174   0.0000   0.0000   0.0000
     675  -3.0574   3.9281  12.0195   0.0000   0.0000   0.0000
     676  -2.8186   4.2677  12.2544   0.0000   0.0000   0.0000
     677  -2.0134   4.0050  12.9175   0.0000   0.0000   0.0000
     678  -3.0913   4.4349  11.9792   0.0000   0.0000   0.0000
     679  -2.2277   3.8127  12.7124   0.0000   0.0000   0.0000
     680  -2.5653   3.5724  11.3545   0.0000   0.0000   0.0000
     681  -2.9339   4.7456  11.6076   0.0000   0.0000   0.0000
     682  -2.7005   3.5276  11.6580   0.0000   0.0000   0.0000
     683  -2.9736   3.6540  11.3771   0.0000   0.0000   0.0000
     684  -2.6904   4.3528  12.1716   0.0000   0.0000   0.0000
     685  -3.3478   3.5656  11.6583   0.0000   0.0000   0.0000
     686  -3.0878   4.3450  12.3939   0.0000   0.0000   0.0000
     687  -2.4601   3.4842  11.8188   0.0000   0.0000   0.0000
     688  -3.0563   3.3591  11.8926   0.0000   0.0000   0.0000
     689  -2.0068   3.6487  11.8126   0.0000   0.0000   0.0000
     690  -2.3948   3.2921  11.9549   0.0000   0.0000   0.0000
     691  -3.3739   3.9854  11.8663   0.0000   0.0000   0.0000
     692  -3.0688   2.9698  11.3313   0.0000   0.0000   0.0000
     693  -3.4449   3.1712  11.6305   0.0000   0.0000   0.0000
     694  -3.9665   3.4081  11.3098   0.0000   0.0000   0.0000
     695  -4.2062   3.1441  11.7591   0.0000   0.0000   0.0000
     696  -3.9825   3.6455  10.9552   0.0000   0.0000   0.0000
     697  -4.6036   3.5407  11.6696   0.0000   0.0000   0.0000
     698  -3.6110   3.2500  11.9081   0.0000   0.0000   0.0000
     699  -3.2649   3.2046  11.6358   0.0000   0.0000   0.0000
     700  -3.5616   3.7639  11.4550   0.0000   0.0000   0.0000
     701  -3.7705   2.7040  11.4673   0.0000   0.0000   0.0000
     702  -3.9974   2.7269  12.0423   0.0000   0.0000   0.0000
     703  -3.5929   3.0495  11.8959   0.0000   0.0000   0.0000
     704  -3.8446   2.5425  12.1800   0.0000   0.0000   0.0000
     705  -3.4897   3.0461  12.3581   0.0000   0.0000   0.0000
     706  -3.9340   3.3661  11.9546   0.0000   0.0000   0.0000
     707  -3.4520   3.0189  12.7501   0.0000   0.0000   0.0000
     708  -3.6073   2.6072  12.9052   0.0000   0.0000   0.0000
     709  -2.6500   2.8916  12.5045   0.0000   0.0000   0.0000
     710  -3.1732   1.7805  11.5291   0.0000   0.0000   0.0000
     711  -3.2515   2.1930  12.0538   0.0000   0.0000   0.0000
     712  -2.9592   2.4254  11.7008   0.0000   0.0000   0.0000
     713  -2.8788   2.2977  11.1352   0.0000   0.0000   0.0000
     714  -3.8558   2.8670  11.4284   0.0000   0.0000   0.0000
     715  -3.3003   2.3380  11.1291   0.0000   0.0000   0.0000
     716  -3.2706   2.9245  11.3032   0.0000   0.0000   0.0000
     717  -3.3898   2.7323  11.9431   0.0000   0.0000   0.0000
     718  -2.4838   1.8967  12.0553   0.0000   0.0000   0.0000
     719  -2.5688   2.0594  12.2782   0.0000   0.0000   0.0000
     720  -3.3792   2.7180  11.4162   0.0000   0.0000   0.0000
     721  -3.2431   2.1073  11.6346   0.0000   0.0000   0.0000
     722  -3.0218   2.3072  12.1092   0.0000   0.0000   0.0000
     723  -2.5773   2.8427  12.6259   0.0000   0.0000   0.0000
     724  -3.2659   2.0677  12.6714   0.0000   0.0000   0.0000
     725  -2.9151   1.9389  12.5572   0.0000   0.0000   0.0000
     726  -3.6781   1.1090  12.7525   0.0000   0.0000   0.0000
     727  -4.1570   1.7792  12.8766   0.0000   0.0000   0.0000
     728  -3.2777   1.7254  13.1313   0.0000   0.0000   0.0000
     729  -3.5446   3.0160  12.5408   0.0000   0.0000   0.0000
     730  -2.8460   2.9369  13.1857   0.0000   0.0000   0.0000
     731  -3.6448   3.1487  12.9110   0.0000   0.0000   0.0000
     732  -3.7092   3.0453  11.9655   0.0000   0.0000   0.0000
     733  -3.4561   3.8618  11.9957   0.0000   0.0000   0.0000
     734  -2.9106   3.7552  12.6126   0.0000   0.0000   0.0000
     735  -3.1736   3.8393  12.1877   0.0000   0.0000   0.0000
     736  -3.7286   3.8903  12.3915   0.0000   0.0000   0.0000
     737  -3.8870   3.5655  12.0204   0.0000   0.0000   0.0000
     738  -2.7073   3.5626  11.9421   0.0000   0.0000   0.0000
     739  -3.3988   3.7898  12.2316   0.0000   0.0000   0.0000
     740  -3.1590   4.2289  12.5744   0.0000   0.0000   0.0000
     741  -3.1547   3.3652  12.5813   0.0000   0.0000   0.0000
     742  -2.9204   3.4673  12.7954   0.0000   0.0000   0.0000
     743  -2.4450   3.0763  12.0776   0.0000   0.0000   0.0000
     744  -2.5107   3.2882  12.1061   0.0000   0.0000   0.0000
     745  -2.2687   2.7455  12.5139   0.0000   0.0000   0.0000
     746  -1.7230   2.6255  12.0358   0.0000   0.0000   0.0000
     747  -2.0574   3.3098  12.3716   0.0000   0.0000   0.0000
     748  -2.6808   3.1606  11.8246   0.0000   0.0000   0.0000
     749  -2.2572   2.9544  12.5001   0.0000   0.0000   0.0000
     750  -1.8846   3.1205  12.7429   0.0000   0.0000   0.0000
     751  -2.5634   3.6205  12.6329   0.0000   0.0000   0.0000
     752  -2.4197   3.4524  12.9118   0.0000   0.0000   0.0000
     753  -2.0921   3.1909  13.3582   0.0000   0.0000   0.0000
     754  -1.7772   3.3058  12.9861   0.0000   0.0000   0.0000
     755  -1.3418   3.5097  13.0929   0.0000   0.0000   0.0000
     756  -1.9744   3.7152  13.4937   0.0000   0.0000   0.0000
     757  -1.6532   3.2254  13.9826   0.0000   0.0000   0.0000
     758  -2.1130   3.5120  13.1819   0.0000   0.0000   0.0000
     759  -1.1343   4.1061  13.5041   0.0000   0.0000   0.0000
     760  -2.1915   4.0928  13.6481   0.0000   0.0000   0.0000
     761  -2.2454   3.6425  14.4129   0.0000   0.0000   0.0000
     762  -2.2490   4.3213  14.0601   0.0000   0.0000   0.0000
     763  -2.0367   4.1885  13.1675   0.0000   0.0000   0.0000
     764  -2.6116   3.4207  12.9432   0.0000   0.0000   0.0000
     765  -3.4706   4.1618  13.5001   0.0000   0.0000   0.0000
     766  -3.2167   3.9467  13.5382   0.0000   0.0000   0.0000
     767  -3.1388   3.7272  13.1826   0.0000   0.0000   0.0000
     768  -2.4859   3.7136  13.9212   0.0000   0.0000   0.0000
     769  -2.7504   4.2760  13.4310   0.0000   0.0000   0.0000
     770  -2.7349   4.1694  13.0911   0.0000   0.0000   0.0000
     771  -2.9375   4.2860  13.3921   0.0000   0.0000   0.0000
     772  -3.2381   4.6783  12.9581   0.0000   0.0000   0.0000
     773  -2.5696   4.7106  13.0856   0.0000   0.0000   0.0000
     774  -2.7138   4.1166  13.1739   0.0000   0.0000   0.0000
     775  -2.8744   3.7447  13.5085   0.0000   0.0000   0.0000
     776  -2.8672   3.9055  14.0322   0.0000   0.0000   0.0000
     777  -2.4932   3.5491  13.4845   0.0000   0.0000   0.0000
     778  -2.6796   3.4918  13.4917   0.0000   0.0000   0.0000
     779  -2.8607   3.8824  14.6618   0.0000   0.0000   0.0000
     780  -2.1905   4.0149  14.4627   0.0000   0.0000   0.0000
     781  -2.0817   4.5209  14.1871   0.0000   0.0000   0.0000
     782  -2.5645   4.2872  13.8409   0.0000   0.0000   0.0000
     783  -2.6374   4.6062  14.0566   0.0000   0.0000   0.0000
     784  -2.7414   4.8418  13.2935   0.0000   0.0000   0.0000
     785  -3.4087   4.3396  13.8798   0.0000   0.0000   0.0000
     786  -2.5965   4.7788  14.1162   0.0000   0.0000   0.0000
     787  -2.7097   4.6139  13.9806   0.0000   0.0000   0.0000
     788  -3.0088   4.7053  14.3138   0.0000   0.0000   0.0000
     789  -2.8765   4.3156  13.3362   0.0000   0.0000   0.0000
     790  -3.3498   3.7850  13.4480   0.0000   0.0000   0.0000
     791  -3.1218   3.8651  13.6024   0.0000   0.0000   0.0000
     792  -3.6633   4.9917  13.4523   0.0000   0.0000   0.0000
     793  -3.5165   4.8968  13.0770   0.0000   0.0000   0.0000
     794  -2.7073   4.9059  12.8907   0.0000   0.0000   0.0000
     795  -3.8007   4.6736  12.3677   0.0000   0.0000   0.0000
     796  -2.5248   4.3769  12.6604   0.0000   0.0000   0.0000
     797  -2.0898   4.6890  12.7993   0.0000   0.0000   0.0000
     798  -2.7002   4.9379  12.0068   0.0000   0.0000   0.0000
     799  -2.1154   5.0179  12.3195   0.0000   0.0000   0.0000
     800  -2.1688   4.8592  11.7476   0.0000   0.0000   0.0000
     801  -3.1309   4.4969  12.5666   0.0000   0.0000   0.0000
     802  -2.5850   4.3743  12.3348   0.0000   0.0000   0.0000
     803  -3.0508   3.7078  12.9194   0.0000   0.0000   0.0000
     804  -1.9716   4.4638  12.4418   0.0000   0.0000   0.0000
     805  -2.6725   3.7598  13.2015   0.0000   0.0000   0.0000
     806  -2.7657   4.3557  13.4783   0.0000   0.0000   0.0000
     807  -2.5865   4.6384  13.1391   0.0000   0.0000   0.0000
     808  -2.8232   5.6436  13.1761   0.0000   0.0000   0.0000
     809  -2.6531   5.1067  13.1423   0.0000   0.0000   0.0000
     810  -1.8521   4.5818  11.7625   0.0000   0.0000   0.0000
     811  -2.0959   4.6742  12.5707   0.0000   0.0000   0.0000
     812  -2.3291   4.7094  12.3411   0.0000   0.0000   0.0000
     813  -2.9360   5.5854  12.6484   0.0000   0.0000   0.0000
     814  -2.6466   5.3414  12.3895   0.0000   0.0000   0.0000
     815  -1.5974   5.4100  12.7326   0.0000   0.0000   0.0000
     816  -2.0657   5.1566  13.1480   0.0000   0.0000   0.0000
     817  -2.9663   5.6638  13.2203   0.0000   0.0000   0.0000
     818  -2.3896   5.5642  12.9099   0.0000   0.0000   0.0000
     819  -3.2556   5.2284  13.4210   0.0000   0.0000   0.0000
     820  -2.0089   4.8957  13.5665   0.0000   0.0000   0.0000
     821  -3.0139   4.4972  13.4396   0.0000   0.0000   0.0000
     822  -2.1692   4.9566  12.7874   0.0000   0.0000   0.0000
     823  -2.1121   4.9127  12.8487   0.0000   0.0000   0.0000
     824  -2.1310   4.7041  12.8039   0.0000   0.0000   0.0000
     825  -1.7328   3.7942  13.0265   0.0000   0.0000   0.0000
     826  -2.0184   4.0652  13.2203   0.0000   0.0000   0.0000
     827  -2.0896   4.1059  12.7703   0.0000   0.0000   0.0000
     828  -2.7104   4.7934  12.5706   0.0000   0.0000   0.0000
     829  -3.0238   4.1123  12.9081   0.0000   0.0000   0.0000
     830  -2.6471   3.7708  12.3957   0.0000   0.0000   0.0000
     831  -2.9530   3.9005  13.2024   0.0000   0.0000   0.0000
     832  -3.3435   4.5755  12.6000   0.0000   0.0000   0.0000
     833  -3.1941   4.4454  12.5293   0.0000   0.0000   0.0000
     834  -2.4706   4.3263  13.0950   0.0000   0.0000   0.0000
     835  -2.0107   3.7697  13.1940   0.0000   0.0000   0.0000
     836  -2.6208   4.1743  13.1055   0.0000   0.0000   0.0000
     837  -2.7509   4.2345  13.3661   0.0000   0.0000   0.0000
     838  -2.6864   4.2845  12.5843   0.0000   0.0000   0.0000
     839  -3.2405   4.4178  12.7915   0.0000   0.0000   0.0000
     840  -3.2316   4.0606  12.5661   0.0000   0.0000   0.0000
     841  -2.7860   3.3631  13.1720   0.0000   0.0000   0.0000
     842  -3.4976   3.7913  14.3882   0.0000   0.0000   0.0000
     843  -2.8555   4.7279  13.1903   0.0000   0.0000   0.0000
     844  -2.7816   4.2369  13.3790   0.0000   0.0000   0.0000
     845  -2.6509   3.9073  13.1976   0.0000   0.0000   0.0000
     846  -2.1796   4.2412  13.4088   0.0000   0.0000   0.0000
     847  -2.8356   4.5536  13.6638   0.0000   0.0000   0.0000
     848  -1.6193   3.9953  13.3638   0.0000   0.0000   0.0000
     849  -2.5007   3.9619  13.8359   0.0000   0.0000   0.0000
     850  -2.0341   3.8827  14.3141   0.0000   0.0000   0.0000
     851  -3.3912   3.3880  13.3726   0.0000   0.0000   0.0000
     852  -2.9859   4.2742  13.9227   0.0000   0.0000   0.0000
     853  -3.1660   4.2818  13.4657   0.0000   0.0000   0.0000
     854  -2.5969   4.1379  13.1376   0.0000   0.0000   0.0000
     855  -2.5703   4.7068  12.8114   0.0000   0.0000   0.0000
     856  -2.4774   4.6315  14.0115   0.0000   0.0000   0.0000
     857  -3.0267   4.2507  12.9663   0.0000   0.0000   0.0000
     858  -3.1348   4.1757  13.2803   0.0000   0.0000   0.0000
     859  -2.9567   3.7707  13.2682   0.0000   0.0000   0.0000
     860  -2.9157   4.2481  12.8606   0.0000   0.0000   0.0000
     861  -2.4063   3.8938  13.7407   0.0000   0.0000   0.0000
     862  -2.1953   3.5687  14.4939   0.0000   0.0000   0.0000
     863  -2.7044   4.0459  13.9938   0.0000   0.0000   0.0000
     864  -2.1693   4.1218  14.0347   0.0000   0.0000   0.0000
     865  -1.7544   3.6029  14.4975   0.0000   0.0000   0.0000
     866  -2.1773   4.2270  14.1442   0.0000   0.0000   0.0000
     867  -2.1467   4.9497  14.2641   0.0000   0.0000   0.0000
     868  -2.2401   5.4085  14.0061   0.0000   0.0000   0.0000
     869  -1.8450   4.5127  14.4469   0.0000   0.0000   0.0000
     870  -2.0956   4.3822  13.4010   0.0000   0.0000   0.0000
     871  -2.0315   4.7300  13.8169   0.0000   0.0000   0.0000
     872  -2.7645   4.2762  14.1654   0.0000   0.0000   0.0000
     873  -2.5277   3.7095  14.2078   0.0000   0.0000   0.0000
     874  -2.1568   4.6200  14.0547   0.0000   0.0000   0.0000
     875  -2.1781   4.5070  14.3212   0.0000   0.0000   0.0000
     876  -1.5432   4.0641  14.5375   0.0000   0.0000   0.0000
     877  -1.7334   3.9877  14.6236   0.0000   0.0000   0.0000
     878  -1.5098   3.7627  13.9879   0.0000   0.0000   0.0000
     879  -1.8599   4.0544  14.4525   0.0000   0.0000   0.0000
     880  -1.7473   3.2683  14.5772   0.0000   0.0000   0.0000
     881  -2.5239   2.9611  14.2495   0.0000   0.0000   0.0000
     882  -1.6242   2.3365  14.6758   0.0000   0.0000   0.0000
     883  -1.1614   2.8297  14.5701   0.0000   0.0000   0.0000
     884  -2.0178   1.9996  13.8117   0.0000   0.0000   0.0000
     885  -1.3070   2.8014  13.6548   0.0000   0.0000   0.0000
     886  -1.3946   4.2866  13.8472   0.0000   0.0000   0.0000
     887  -1.6617   3.4770  13.4383   0.0000   0.0000   0.0000
     888  -1.4022   2.4478  13.5007   0.0000   0.0000   0.0000
     889  -1.6469   3.0574  13.2014   0.0000   0.0000   0.0000
     890  -0.5710   2.9357  13.5704   0.0000   0.0000   0.0000
     891  -0.6542   2.9831  12.9136   0.0000   0.0000   0.0000
     892  -0.9758   3.0773  12.8804   0.0000   0.0000   0.0000
     893  -0.8138   3.3849  13.0309   0.0000   0.0000   0.0000
     894  -1.1929   3.3367  12.4228   0.0000   0.0000   0.0000
     895  -2.2204   3.5446  13.4971   0.0000   0.0000   0.0000
     896  -1.4514   3.7784  13.9120   0.0000   0.0000   0.0000
     897  -2.1242   3.1671  13.0518   0.0000   0.0000   0.0000
     898  -1.5759   3.1810  12.9981   0.0000   0.0000   0.0000
     899  -2.8627   2.4374  13.4180   0.0000   0.0000   0.0000
     900  -2.5172   3.0679  12.2236   0.0000   0.0000   0.0000
     901  -2.5538   3.1800  13.1893   0.0000   0.0000   0.0000
     902  -1.8993   3.2034  13.7014   0.0000   0.0000   0.0000
     903  -1.6041   3.6477  13.1729   0.0000   0.0000   0.0000
     904  -1.2788   3.0746  13.6759   0.0000   0.0000   0.0000
     905  -0.6992   3.3278  14.2671   0.0000   0.0000   0.0000
     906  -1.0299   3.3055  14.2546   0.0000   0.0000   0.0000
     907  -1.0467   2.9942  13.8450   0.0000   0.0000   0.0000
     908  -1.9423   3.4875  13.6779   0.0000   0.0000   0.0000
     909  -1.6245   3.9834  13.6237   0.0000   0.0000   0.0000
     910  -1.6538   3.6871  13.8672   0.0000   0.0000   0.0000
     911  -1.9086   3.8088  13.4510   0.0000   0.0000   0.0000
     912  -1.4769   4.2926  13.4353   0.0000   0.0000   0.0000
     913  -1.7525   3.7811  13.3855   0.0000   0.0000   0.0000
     914  -1.1810   4.3671  14.1691   0.0000   0.0000   0.0000
     915  -0.8987   3.9798  13.9524   0.0000   0.0000   0.0000
     916  -1.6877   5.0478  13.3786   0.0000   0.0000   0.0000
     917  -1.2675   4.9320  13.5906   0.0000   0.0000   0.0000
     918  -2.4604   4.5721  13.5493   0.0000   0.0000   0.0000
     919  -2.5058   4.1734  12.7782   0.0000   0.0000   0.0000
     920  -2.5768   4.2707  13.1400   0.0000   0.0000   0.0000
     921  -2.7895   3.7522  13.8330   0.0000   0.0000   0.0000
     922  -2.3465   3.8413  13.5897   0.0000   0.0000   0.0000
     923  -1.9549   4.3280  13.4675   0.0000   0.0000   0.0000
     924  -1.3260   3.4105  14.2295   0.0000   0.0000   0.0000
     925  -1.6994   3.7460  13.6407   0.0000   0.0000   0.0000
     926  -1.4311   4.7794  12.9705   0.0000   0.0000   0.0000
     927  -1.4124   3.8655  12.8098   0.0000   0.0000   0.0000
     928  -1.4156   4.4593  12.0352   0.0000   0.0000   0.0000
     929  -1.2871   4.5494  12.5234   0.0000   0.0000   0.0000
     930  -1.2058   4.4838  12.4826   0.0000   0.0000   0.0000
     931  -1.6630   4.4045  12.4975   0.0000   0.0000   0.0000
     932  -0.9255   4.3084  12.2947   0.0000   0.0000   0.0000
     933  -2.1796   3.8286  11.9310   0.0000   0.0000   0.0000
     934  -2.1072   4.2508  11.7008   0.0000   0.0000   0.0000
     935  -1.9378   4.1334  12.7307   0.0000   0.0000   0.0000
     936  -2.9080   4.8329  12.4525   0.0000   0.0000   0.0000
     937  -1.7829   4.5657  12.4384   0.0000   0.0000   0.0000
     938  -2.5015   3.8613  12.2669   0.0000   0.0000   0.0000
     939  -1.2905   4.9810  13.0186   0.0000   0.0000   0.0000
     940  -1.6897   4.5253  11.6906   0.0000   0.0000   0.0000
     941  -2.9457   5.3245  13.0851   0.0000   0.0000   0.0000
     942  -2.7000   4.8277  13.1445   0.0000   0.0000   0.0000
     943  -1.3659   4.3169  13.1948   0.0000   0.0000   0.0000
     944  -0.9414   4.7308  12.8386   0.0000   0.0000   0.0000
     945  -1.7038   4.8499  12.8838   0.0000   0.0000   0.0000
     946  -1.0244   3.9014  11.8159   0.0000   0.0000   0.0000
     947  -1.1600   4.0745  12.3007   0.0000   0.0000   0.0000
     948  -2.0768   4.8412  12.0181   0.0000   0.0000   0.0000
     949  -1.0240   4.8618  12.9251   0.0000   0.0000   0.0000
     950  -0.8785   4.1049  12.1909   0.0000   0.0000   0.0000
     951  -0.7694   4.7440  12.2728   0.0000   0.0000   0.0000
     952  -2.0344   3.6068  11.9134   0.0000   0.0000   0.0000
     953  -1.7960   4.3587  12.4057   0.0000   0.0000   0.0000
     954  -1.2056   4.1382  12.4283   0.0000   0.0000   0.0000
     955  -0.9101   3.6970  12.3199   0.0000   0.0000   0.0000
     956  -1.5112   2.9296  12.3256   0.0000   0.0000   0.0000
     957  -1.7220   3.1628  13.2475   0.0000   0.0000   0.0000
     958  -1.1154   3.8216  13.5937   0.0000   0.0000   0.0000
     959  -1.7378   3.3306  13.4724   0.0000   0.0000   0.0000
     960  -2.6856   2.9223  13.4875   0.0000   0.0000   0.0000
     961  -1.1145   3.6928  13.7370   0.0000   0.0000   0.0000
     962  -0.6350   3.2823  12.9040   0.0000   0.0000   0.0000
     963  -2.0428   2.8116  12.9693   0.0000   0.0000   0.0000
     964  -0.9315   3.2691  13.5767   0.0000   0.0000   0.0000
     965  -1.6860   2.9955  13.4659   0.0000   0.0000   0.0000
     966  -0.9919   4.1631  12.0146   0.0000   0.0000   0.0000
     967  -1.2885   3.2651  12.4341   0.0000   0.0000   0.0000
     968  -0.6284   4.2676  12.9502   0.0000   0.0000   0.0000
     969  -0.9406   4.1269  11.9753   0.0000   0.0000   0.0000
     970  -0.1538   4.0708  12.4066   0.0000   0.0000   0.0000
     971  -0.7509   4.2997  12.6384   0.0000   0.0000   0.0000
     972  -1.4620   3.5131  12.3884   0.0000   0.0000   0.0000
     973  -0.9097   2.5456  13.0092   0.0000   0.0000   0.0000
     974  -1.5041   3.3721  12.3378   0.0000   0.0000   0.0000
     975  -0.5979   3.4719  13.0229   0.0000   0.0000   0.0000
     976  -1.0322   3.9506  13.4887   0.0000   0.0000   0.0000
     977  -1.3602   3.7096  13.2042   0.0000   0.0000   0.0000
     978  -1.3972   3.7753  12.6032   0.0000   0.0000   0.0000
     979  -1.9771   4.3962  12.5998   0.0000   0.0000   0.0000
     980  -1.1753   4.0922  12.5479   0.0000   0.0000   0.0000
     981  -1.5427   4.0692  12.4311   0.0000   0.0000   0.0000
     982  -1.6508   4.1883  12.8297   0.0000   0.0000   0.0000
     983  -1.2973   4.1414  12.6296   0.0000   0.0000   0.0000
     984  -0.9865   3.8486  12.8457   0.0000   0.0000   0.0000
     985  -1.1456   3.4357  12.4440   0.0000   0.0000   0.0000
     986  -1.8538   3.1876  13.2746   0.0000   0.0000   0.0000
     987  -2.0553   3.9376  13.1618   0.0000   0.0000   0.0000
     988  -1.7858   3.5093  12.8383   0.0000   0.0000   0.0000
     989  -2.2733   2.7809  13.5622   0.0000   0.0000   0.0000
     990  -2.5119   3.6909  12.5606   0.0000   0.0000   0.0000
     991  -2.5923   3.7305  12.3906   0.0000   0.0000   0.0000
     992  -1.9873   3.8266  12.7386   0.0000   0.0000   0.0000
     993  -2.6066   3.3337  11.7899   0.0000   0.0000   0.0000
     994  -2.0042   3.2863  12.5359   0.0000   0.0000   0.0000
     995  -0.9782   3.3290  13.0129   0.0000   0.0000   0.0000
     996  -1.0744   3.4830  12.9972   0.0000   0.0000   0.0000
     997  -1.0920   3.1469  12.8102   0.0000   0.0000   0.0000
     998  -1.5293   3.0232  12.5005   0.0000   0.0000   0.0000
     999  -0.7115   3.6363  11.7324   0.0000   0.0000   0.0000
    1000  -0.8561   3.1441  12.3888   0.0000   0.0000   0.0000
    1001  -0.5596   3.3111  12.0545   0.0000   0.0000   0.0000
    1002  -0.5704   3.8988  11.8684   0.0000   0.0000   0.0000
    1003  -0.5590   5.4206  12.0515   0.0000   0.0000   0.0000
    1004  -0.9700   4.5902  12.5073   0.0000   0.0000   0.0000
    1005  -1.4588   4.4228  12.7830   0.0000   0.0000   0.0000
    1006  -2.2381   3.9096  12.6473   0.0000   0.0000   0.0000
    1007  -2.8391   2.8377  12.9395   0.0000   0.0000   0.0000
    1008  -2.2264   3.1840  12.6595   0.0000   0.0000   0.0000
    1009  -2.5073   3.2320  13.4112   0.0000   0.0000   0.0000
    1010  -2.0890   2.6433  12.2334   0.0000   0.0000   0.0000
    1011  -1.4647   2.6765  12.7347   0.0000   0.0000   0.0000
    1012  -2.3655   2.9263  12.3244   0.0000   0.0000   0.0000
    1013  -0.9800   3.9499  12.1921   0.0000   0.0000   0.0000
    1014  -1.5851   3.0244  12.7289   0.0000   0.0000   0.0000
    1015  -1.6704   2.9423  13.7081   0.0000   0.0000   0.0000
    1016  -2.1254   3.6677  13.7246   0.0000   0.0000   0.0000
    1017  -1.9358   3.3510  12.9076   0.0000   0.0000   0.0000
    1018  -1.6301   3.1448  11.9867   0.0000   0.0000   0.0000
    1019  -1.7892   3.4393  12.2290   0.0000   0.0000   0.0000
    1020  -1.4687   3.3600  12.1338   0.0000   0.0000   0.0000
    1021  -1.0203   2.1265  12.1709   0.0000   0.0000   0.0000
    1022  -1.7553   3.1585  12.6881   0.0000   0.0000   0.0000
    1023  -1.4357   3.3615  12.9854   0.0000   0.0000   0.0000
    1024  -1.8171   3.5531  12.8556   0.0000   0.0000   0.0000
    1025  -1.6604   2.7074  12.8517   0.0000   0.0000   0.0000
    1026  -1.3353   2.9082  14.4013   0.0000   0.0000   0.0000
    1027  -0.6924   3.3181  13.6689   0.0000   0.0000   0.0000
    1028  -0.5743   3.2571  13.1854   0.0000   0.0000   0.0000
    1029  -0.8420   4.7868  13.3186   0.0000   0.0000   0.0000
    1030  -1.2824   4.0381  13.0458   0.0000   0.0000   0.0000
    1031  -1.1190   3.9011  13.5905   0.0000   0.0000   0.0000
    1032  -1.2851   3.8723  13.1702   0.0000   0.0000   0.0000
    1033  -1.1932   3.3292  13.3589   0.0000   0.0000   0.0000
    1034  -0.8706   2.9707  13.3883   0.0000   0.0000   0.0000
    1035  -1.0734   3.8821  13.9548   0.0000   0.0000   0.0000
    1036  -0.7038   2.6015  13.4575   0.0000   0.0000   0.0000
    1037  -0.7960   2.4799  13.4124   0.0000   0.0000   0.0000
    1038  -1.6003   1.8384  13.2684   0.0000   0.0000   0.0000
    1039  -2.6723   1.9965  13.2525   0.0000   0.0000   0.0000
    1040  -1.9513   2.7717  12.8531   0.0000   0.0000   0.0000
    1041  -2.2647   2.4898  13.1601   0.0000   0.0000   0.0000
    1042  -2.6087   2.7010  13.0535   0.0000   0.0000   0.0000
    1043  -2.6789   2.3795  13.5567   0.0000   0.0000   0.0000
    1044  -1.6862   2.0534  13.1165   0.0000   0.0000   0.0000
    1045  -1.7428   2.1764  12.9033   0.0000   0.0000   0.0000
    1046  -1.8549   1.8968  13.1954   0.0000   0.0000   0.0000
    1047  -1.9969   2.4962  13.6527   0.0000   0.0000   0.0000
    1048  -2.0575   2.4650  14.4815   0.0000   0.0000   0.0000
    1049  -3.2748   2.7892  14.4580   0.0000   0.0000   0.0000
    1050  -1.6089   2.5044  13.9394   0.0000   0.0000   0.0000
    1051  -1.7741   3.5580  14.0019   0.0000   0.0000   0.0000
    1052  -2.0602   3.5582  14.4866   0.0000   0.0000   0.0000
    1053  -1.4678   3.2563  14.1994   0.0000   0.0000   0.0000
    1054  -1.7096   3.2700  14.1381   0.0000   0.0000   0.0000
    1055  -2.2565   2.8952  14.0399   0.0000   0.0000   0.0000
    1056  -1.9048   2.7695  13.9080   0.0000   0.0000   0.0000
    1057  -2.4637   3.2794  14.1610   0.0000   0.0000   0.0000
    1058  -2.0460   3.6371  14.1988   0.0000   0.0000   0.0000
    1059  -1.2413   3.0717  14.3504   0.0000   0.0000   0.0000
    1060  -1.3263   3.2307  14.2762   0.0000   0.0000   0.0000
    1061  -1.6026   3.0801  14.6739   0.0000   0.0000   0.0000
    1062  -1.3952   3.1616  14.8502   0.0000   0.0000   0.0000
    1063  -2.1556   3.2401  14.5924   0.0000   0.0000   0.0000
    1064  -2.2357   3.9956  13.9070   0.0000   0.0000   0.0000
    1065  -2.4768   3.3776  13.6413   0.0000   0.0000   0.0000
    1066  -1.7259   3.5111  14.2608   0.0000   0.0000   0.0000
    1067  -2.2946   3.3386  14.2616   0.0000   0.0000   0.0000
    1068  -2.0411   3.6834  14.2932   0.0000   0.0000   0.0000
    1069  -1.5434   3.4399  15.0924   0.0000   0.0000   0.0000
    1070  -2.4511   3.5341  14.0574   0.0000   0.0000   0.0000
    1071  -1.2686   4.3597  14.1285   0.0000   0.0000   0.0000
    1072  -1.7401   3.8730  14.4097   0.0000   0.0000   0.0000
    1073  -1.2724   4.0854  15.1071   0.0000   0.0000   0.0000
    1074  -2.0473   3.8691  14.8002   0.0000   0.0000   0.0000
    1075  -2.4334   4.7475  14.5017   0.0000   0.0000   0.0000
    1076  -2.9166   4.0432  14.3886   0.0000   0.0000   0.0000
    1077  -2.4650   3.4579  14.6819   0.0000   0.0000   0.0000
    1078  -2.3712   3.3856  14.6355   0.0000   0.0000   0.0000
    1079  -3.0335   3.5490  14.4469   0.0000   0.0000   0.0000
    1080  -2.6945   3.7114  14.4614   0.0000   0.0000   0.0000
    1081  -2.6836   3.7692  14.5571   0.0000   0.0000   0.0000
    1082  -2.8106   3.9164  14.5726   0.0000   0.0000   0.0000
    1083  -3.5168   2.8150  14.7714   0.0000   0.0000   0.0000
    1084  -3.2605   2.9414  14.6298   0.0000   0.0000   0.0000
    1085  -2.6054   2.6575  14.2601   0.0000   0.0000   0.0000
    1086  -3.2633   2.9924  14.1188   0.0000   0.0000   0.0000
    1087  -2.5540   2.9484  13.6824   0.0000   0.0000   0.0000
    1088  -3.3596   3.2970  13.8878   0.0000   0.0000   0.0000
    1089  -2.8042   2.6537  13.4434   0.0000   0.0000   0.0000
    1090  -2.1433   2.6114  14.1402   0.0000   0.0000   0.0000
    1091  -2.3850   2.7020  13.2105   0.0000   0.0000   0.0000
    1092  -2.5061   2.8790  13.5768   0.0000   0.0000   0.0000
    1093  -2.3895   2.6443  13.2551   0.0000   0.0000   0.0000
    1094  -2.7335   2.8334  13.4691   0.0000   0.0000   0.0000
    1095  -1.7017   2.7497  13.0526   0.0000   0.0000   0.0000
    1096  -1.9487   2.9059  13.1177   0.0000   0.0000   0.0000
    1097  -2.3617   3.1645  13.4165   0.0000   0.0000   0.0000
    1098  -2.5190   2.7427  12.3980   0.0000   0.0000   0.0000
    1099  -2.0733   2.5057  12.8738   0.0000   0.0000   0.0000
    1100  -1.6573   2.8359  13.3421   0.0000   0.0000   0.0000
    1101  -2.3106   2.6311  12.9524   0.0000   0.0000   0.0000
    1102  -1.9961   2.6190  13.0748   0.0000   0.0000   0.0000
    1103  -3.2447   1.3389  12.7593   0.0000   0.0000   0.0000
    1104  -2.6294   2.9374  12.7849   0.0000   0.0000   0.0000
    1105  -3.2419   2.3596  12.2984   0.0000   0.0000   0.0000
    1106  -3.4763   3.1265  12.5591   0.0000   0.0000   0.0000
    1107  -2.8677   2.6078  12.6328   0.0000   0.0000   0.0000
    1108  -1.8159   2.3084  12.3288   0.0000   0.0000   0.0000
    1109  -2.4475   2.5688  13.1231   0.0000   0.0000   0.0000
    1110  -3.0479   2.4464  13.1123   0.0000   0.0000   0.0000
    1111  -3.1151   2.4910  12.5971   0.0000   0.0000   0.0000
    1112  -3.0992   2.4246  13.3001   0.0000   0.0000   0.0000
    1113  -3.5264   2.3360  13.3926   0.0000   0.0000   0.0000
    1114  -3.9880   2.3902  13.5443   0.0000   0.0000   0.0000
    1115  -3.6040   2.3819  13.3006   0.0000   0.0000   0.0000
    1116  -4.1762   2.6519  13.4046   0.0000   0.0000   0.0000
    1117  -4.1083   2.0903  13.1541   0.0000   0.0000   0.0000
    1118  -3.7560   2.7313  14.2579   0.0000   0.0000   0.0000
    1119  -2.7216   3.0560  14.5329   0.0000   0.0000   0.0000
    1120  -3.9287   2.5392  14.0602   0.0000   0.0000   0.0000
    1121  -3.4025   2.3905  14.1318   0.0000   0.0000   0.0000
    1122  -3.6449   2.3754  13.9958   0.0000   0.0000   0.0000
    1123  -3.7469   1.9197  13.8970   0.0000   0.0000   0.0000
    1124  -3.6727   1.9822  13.5957   0.0000   0.0000   0.0000
    1125  -3.2548   2.2682  13.4131   0.0000   0.0000   0.0000
    1126  -3.3810   1.8635  13.6404   0.0000   0.0000   0.0000
    1127  -2.5369   1.7893  13.9665   0.0000   0.0000   0.0000
    1128  -3.5866   1.2901  14.5605   0.0000   0.0000   0.0000
    1129  -2.8611   1.5287  14.3830   0.0000   0.0000   0.0000
    1130  -3.0144   2.0559  13.6301   0.0000   0.0000   0.0000
    1131  -3.5899   1.4575  13.8222   0.0000   0.0000   0.0000
    1132  -2.8685   0.7688  13.4034   0.0000   0.0000   0.0000
    1133  -3.3136   1.1975  14.4868   0.0000   0.0000   0.0000
    1134  -3.7921   2.3091  14.1904   0.0000   0.0000   0.0000
    1135  -3.1945   2.5268  14.1954   0.0000   0.0000   0.0000
    1136  -4.0329   2.0580  14.2185   0.0000   0.0000   0.0000
    1137  -4.0378   2.5065  13.6217   0.0000   0.0000   0.0000
    1138  -3.5519   3.3837  13.3816   0.0000   0.0000   0.0000
    1139  -3.4377   2.1201  14.6027   0.0000   0.0000   0.0000
    1140  -3.6176   2.8547  14.3566   0.0000   0.0000   0.0000
    1141  -2.9695   3.0400  13.5819   0.0000   0.0000   0.0000
    1142  -3.1115   2.7865  14.1197   0.0000   0.0000   0.0000
    1143  -3.1644   1.8803  13.8217   0.0000   0.0000   0.0000
    1144  -2.7672   2.3401  13.6039   0.0000   0.0000   0.0000
    1145  -3.6245   2.2125  13.5699   0.0000   0.0000   0.0000
    1146  -3.1521   1.9879  14.0473   0.0000   0.0000   0.0000
    1147  -3.7730   2.4340  14.0194   0.0000   0.0000   0.0000
    1148  -3.1941   1.7133  14.0907   0.0000   0.0000   0.0000
    1149  -3.1499   2.2483  14.2663   0.0000   0.0000   0.0000
    1150  -2.6591   1.9941  14.3929   0.0000   0.0000   0.0000
    1151  -3.3273   1.0219  14.1814   0.0000   0.0000   0.0000
    1152  -3.7882   0.8524  13.4751   0.0000   0.0000   0.0000
    1153  -2.4811   1.0560  13.5279   0.0000   0.0000   0.0000
    1154  -2.0243   0.9265  13.1729   0.0000   0.0000   0.0000
    1155  -2.7137   1.1740  12.7620   0.0000   0.0000   0.0000
    1156  -2.6398   1.0436  13.6232   0.0000   0.0000   0.0000
    1157  -2.9738   1.0668  13.1265   0.0000   0.0000   0.0000
    1158  -2.7144   1.0677  13.1248   0.0000   0.0000   0.0000
    1159  -2.2647   0.7782  13.1596   0.0000   0.0000   0.0000
    1160  -2.3671   0.2097  13.6157   0.0000   0.0000   0.0000
    1161  -2.6271   0.5830  14.1734   0.0000   0.0000   0.0000
    1162  -2.6563   0.7298  13.4511   0.0000   0.0000   0.0000
    1163  -1.4318   0.5498  13.2593   0.0000   0.0000   0.0000
    1164  -2.2707   0.9813  12.7537   0.0000   0.0000   0.0000
    1165  -2.5695   1.4059  12.5195   0.0000   0.0000   0.0000
    1166  -2.3456   0.8410  12.8314   0.0000   0.0000   0.0000
    1167  -2.8399   1.1580  13.3409   0.0000   0.0000   0.0000
    1168  -2.2990   1.2201  12.6793   0.0000   0.0000   0.0000
    1169  -1.8226   1.7834  12.2491   0.0000   0.0000   0.0000
    1170  -2.1512   1.4967  11.7873   0.0000   0.0000   0.0000
    1171  -2.0504   1.4242  13.0778   0.0000   0.0000   0.0000
    1172  -2.2926   1.7321  12.9112   0.0000   0.0000   0.0000
    1173  -2.0092   1.0684  12.5595   0.0000   0.0000   0.0000
    1174  -1.8956   1.9634  13.6843   0.0000   0.0000   0.0000
    1175  -1.9994   1.7278  14.0673   0.0000   0.0000   0.0000
    1176  -2.3711   1.6235  13.1938   0.0000   0.0000   0.0000
    1177  -1.7802   1.5004  13.6407   0.0000   0.0000   0.0000
    1178  -2.2421   1.4134  13.6481   0.0000   0.0000   0.0000
    1179  -1.8987   1.1980  13.1681   0.0000   0.0000   0.0000
    1180  -2.0689   1.1501  13.7436   0.0000   0.0000   0.0000
    1181  -2.3965   0.7445  14.2085   0.0000   0.0000   0.0000
    1182  -1.9545   0.5293  14.4135   0.0000   0.0000   0.0000
    1183  -2.0008   0.7850  13.9007   0.0000   0.0000   0.0000
    1184  -2.0511   0.1258  13.9281   0.0000   0.0000   0.0000
    1185  -2.0033   0.6696  14.1404   0.0000   0.0000   0.0000
    1186  -2.1357   0.6301  13.8191   0.0000   0.0000   0.0000
    1187  -2.5230   0.9078  14.1484   0.0000   0.0000   0.0000
    1188  -2.1935   1.4236  14.2724   0.0000   0.0000   0.0000
    1189  -2.3149   1.7656  14.1931   0.0000   0.0000   0.0000
    1190  -2.1135   1.9546  14.0255   0.0000   0.0000   0.0000
    1191  -2.0432   1.6272  14.1460   0.0000   0.0000   0.0000
    1192  -2.5038   2.8594  14.4289   0.0000   0.0000   0.0000
    1193  -2.6664   2.6338  14.2086   0.0000   0.0000   0.0000
    1194  -2.5189   2.6695  14.4247   0.0000   0.0000   0.0000
    1195  -2.1640   2.9598  14.5892   0.0000   0.0000   0.0000
    1196  -2.7447   2.1123  14.4319   0.0000   0.0000   0.0000
    1197  -2.2780   2.6420  14.0652   0.0000   0.0000   0.0000
    1198  -2.6912   2.4846  13.8739   0.0000   0.0000   0.0000
    1199  -1.8866   2.0438  13.2678   0.0000   0.0000   0.0000
    1200  -1.9816   1.5228  13.5637   0.0000   0.0000   0.0000
    1201  -2.3102   1.7476  12.9385   0.0000   0.0000   0.0000
    1202  -2.4161   1.4695  13.3019   0.0000   0.0000   0.0000
    1203  -2.0068   1.8476  12.6838   0.0000   0.0000   0.0000
    1204  -3.2540   2.5152  13.0922   0.0000   0.0000   0.0000
    1205  -2.7124   1.5836  12.9151   0.0000   0.0000   0.0000
    1206  -2.7431   1.5006  12.8914   0.0000   0.0000   0.0000
    1207  -2.4753   0.9319  12.5161   0.0000   0.0000   0.0000
    1208  -2.7358   1.4296  13.1185   0.0000   0.0000   0.0000
    1209  -2.5998   1.9113  13.0033   0.0000   0.0000   0.0000
    1210  -2.3084   1.2483  13.1422   0.0000   0.0000   0.0000
    1211  -2.6956   1.0866  12.7626   0.0000   0.0000   0.0000
    1212  -2.5617   0.8868  12.9226   0.0000   0.0000   0.0000
    1213  -2.8856   0.0428  13.1388   0.0000   0.0000   0.0000
    1214  -2.9479   0.3018  12.7658   0.0000   0.0000   0.0000
    1215  -2.2875   0.8393  13.3241   0.0000   0.0000   0.0000
    1216  -2.0529   0.8624  13.7396   0.0000   0.0000   0.0000
    1217  -2.6796   1.7244  13.7302   0.0000   0.0000   0.0000
    1218  -2.6791   1.5231  13.2857   0.0000   0.0000   0.0000
    1219  -2.6987   1.7380  13.0874   0.0000   0.0000   0.0000
    1220  -2.6320   1.8928  13.3039   0.0000   0.0000   0.0000
    1221  -2.1307   2.3263  13.0163   0.0000   0.0000   0.0000
    1222  -2.2437   1.4452  12.9116   0.0000   0.0000   0.0000
    1223  -2.5951   0.7272  13.0340   0.0000   0.0000   0.0000
    1224  -2.5801   1.4053  12.7045   0.0000   0.0000   0.0000
    1225  -2.6959   1.8631  11.8339   0.0000   0.0000   0.0000
    1226  -3.0423   1.2349  12.8359   0.0000   0.0000   0.0000
    1227  -2.7925   2.0907  12.8614   0.0000   0.0000   0.0000
    1228  -2.5610   2.0384  12.5923   0.0000   0.0000   0.0000
    1229  -1.9646   2.3690  12.2406   0.0000   0.0000   0.0000
    1230  -2.6327   2.4247  11.9801   0.0000   0.0000   0.0000
    1231  -1.8471   2.9333  11.9152   0.0000   0.0000   0.0000
    1232  -1.3814   2.4122  12.3433   0.0000   0.0000   0.0000
    1233  -1.4697   2.6488  12.5204   0.0000   0.0000   0.0000
    1234  -1.0526   2.2625  12.7969   0.0000   0.0000   0.0000
    1235  -1.6726   2.3747  11.8847   0.0000   0.0000   0.0000
    1236  -1.4248   2.5905  11.7214   0.0000   0.0000   0.0000
    1237  -1.4324   2.3341  11.8000   0.0000   0.0000   0.0000
    1238  -1.4604   1.9972  12.3227   0.0000   0.0000   0.0000
    1239  -1.9954   2.3395  11.7209   0.0000   0.0000   0.0000
    1240  -1.8796   2.2695  10.7605   0.0000   0.0000   0.0000
    1241  -1.6639   1.6743  10.8139   0.0000   0.0000   0.0000
    1242  -1.1262   2.0827  10.0736   0.0000   0.0000   0.0000
    1243  -1.5002   2.8378  10.3031   0.0000   0.0000   0.0000
    1244  -1.9174   2.2997  11.1676   0.0000   0.0000   0.0000
    1245  -2.2225   2.6614  11.3550   0.0000   0.0000   0.0000
    1246  -2.2260   2.1240  10.8173   0.0000   0.0000   0.0000
    1247  -1.9470   2.3714  10.3701   0.0000   0.0000   0.0000
    1248  -1.8049   1.8652  10.8503   0.0000   0.0000   0.0000
    1249  -0.9394   1.4233  10.9807   0.0000   0.0000   0.0000
    1250  -1.1699   1.7337  10.7642   0.0000   0.0000   0.0000
    1251  -1.4731   1.2518  10.9299   0.0000   0.0000   0.0000
    1252   0.0095   0.8658  11.9376   0.0000   0.0000   0.0000
    1253  -0.5418   0.9454  12.1869   0.0000   0.0000   0.0000
    1254  -0.3886   1.0519  11.3903   0.0000   0.0000   0.0000
    1255  -1.3960   1.2474  11.9240   0.0000   0.0000   0.0000
    1256  -1.9361   1.4306  11.8958   0.0000   0.0000   0.0000
    1257  -1.6939   0.9853  11.2679   0.0000   0.0000   0.0000
    1258  -1.9087   0.9709  11.7699   0.0000   0.0000   0.0000
    1259  -1.8835   1.0660  11.6459   0.0000   0.0000   0.0000
    1260  -1.3620   1.8424  11.0635   0.0000   0.0000   0.0000
    1261  -0.8480   1.5511  11.2286   0.0000   0.0000   0.0000
    1262  -1.2844   1.7540  10.7887   0.0000   0.0000   0.0000
    1263  -1.1555   2.4641  10.2880   0.0000   0.0000   0.0000
    1264  -0.6704   1.6177  10.6599   0.0000   0.0000   0.0000
    1265  -0.8503   1.9086  11.1374   0.0000   0.0000   0.0000
    1266  -0.8453   1.2107  12.1048   0.0000   0.0000   0.0000
    1267  -1.0638   1.7816  11.2399   0.0000   0.0000   0.0000
    1268  -1.5745   2.4084  12.0240   0.0000   0.0000   0.0000
    1269  -1.5512   1.4158  11.9640   0.0000   0.0000   0.0000
    1270  -1.3983   1.1399  11.3092   0.0000   0.0000   0.0000
    1271  -0.5626   1.4803  12.3709   0.0000   0.0000   0.0000
    1272  -0.6251   1.3059  11.4308   0.0000   0.0000   0.0000
    1273  -0.3820   1.9036  11.7269   0.0000   0.0000   0.0000
    1274  -0.3142   1.7157  11.3305   0.0000   0.0000   0.0000
    1275   0.0045   1.3383  11.6621   0.0000   0.0000   0.0000
    1276  -0.2182   2.1894  11.4956   0.0000   0.0000   0.0000
    1277  -0.5442   1.7719  11.6391   0.0000   0.0000   0.0000
    1278  -0.0718   2.1368  11.7488   0.0000   0.0000   0.0000
    1279   0.1653   2.7969  12.0947   0.0000   0.0000   0.0000
    1280   0.2730   2.2048  12.5212   0.0000   0.0000   0.0000
    1281  -0.5727   2.9328  12.9415   0.0000   0.0000   0.0000
    1282  -1.1556   2.8472  12.5065   0.0000   0.0000   0.0000
    1283  -0.3727   2.6262  11.7350   0.0000   0.0000   0.0000
    1284  -0.8359   2.7232  12.6525   0.0000   0.0000   0.0000
    1285  -1.5158   2.9997  12.1012   0.0000   0.0000   0.0000
    1286  -1.8121   2.9797  12.5151   0.0000   0.0000   0.0000
    1287  -0.6844   3.1654  12.8152   0.0000   0.0000   0.0000
    1288  -1.2264   3.8320  11.8184   0.0000   0.0000   0.0000
    1289  -1.4103   2.6393  12.8726   0.0000   0.0000   0.0000
    1290  -0.9701   2.3855  11.9801   0.0000   0.0000   0.0000
    1291  -1.8992   2.4949  11.1555   0.0000   0.0000   0.0000
    1292  -2.3963   2.4036  10.9482   0.0000   0.0000   0.0000
    1293  -1.4636   2.7833  10.9162   0.0000   0.0000   0.0000
    1294  -2.2169   2.8432  10.9367   0.0000   0.0000   0.0000
    1295  -1.8057   1.7520  11.2862   0.0000   0.0000   0.0000
    1296  -1.7373   2.7209  11.4962   0.0000   0.0000   0.0000
    1297  -1.3840   1.9041  11.5262   0.0000   0.0000   0.0000
    1298  -1.4321   2.3880  10.8826   0.0000   0.0000   0.0000
    1299  -1.5338   2.0215  11.0179   0.0000   0.0000   0.0000
    1300  -1.2353   1.4975  11.0558   0.0000   0.0000   0.0000
    1301  -1.7373   0.8402  11.7953   0.0000   0.0000   0.0000
    1302  -1.2422   1.4754  12.1027   0.0000   0.0000   0.0000
    1303  -0.8333   0.7735  12.0036   0.0000   0.0000   0.0000
    1304  -1.4493   1.8594  11.7073   0.0000   0.0000   0.0000
    1305  -0.9198   1.5460  11.2652   0.0000   0.0000   0.0000
    1306  -1.4863   1.3334  11.5793   0.0000   0.0000   0.0000
    1307  -1.2497   1.7390  11.1616   0.0000   0.0000   0.0000
    1308  -1.9584   2.0793  10.9969   0.0000   0.0000   0.0000
    1309  -1.0460   2.1547  10.7994   0.0000   0.0000   0.0000
    1310  -1.2774   1.7587  10.5048   0.0000   0.0000   0.0000
    1311  -1.1415   2.0238  10.4390   0.0000   0.0000   0.0000
    1312  -0.8524   1.2020  10.6665   0.0000   0.0000   0.0000
    1313  -0.4739   1.1309  10.5434   0.0000   0.0000   0.0000
    1314  -0.9040   1.4360  10.2415   0.0000   0.0000   0.0000
    1315  -0.9363   1.6717  10.4945   0.0000   0.0000   0.0000
    1316  -1.1338   1.1942  10.8397   0.0000   0.0000   0.0000
    1317  -0.4897   1.4086  10.9126   0.0000   0.0000   0.0000
    1318  -0.7744   1.4951  10.1871   0.0000   0.0000   0.0000
    1319  -0.8192   1.2069  10.3726   0.0000   0.0000   0.0000
    1320  -0.7990   0.7449  10.5745   0.0000   0.0000   0.0000
    1321  -0.2849   1.5778  10.4243   0.0000   0.0000   0.0000
    1322  -0.1620   1.6058  10.8264   0.0000   0.0000   0.0000
    1323  -0.2532   1.2966  11.2466   0.0000   0.0000   0.0000
    1324  -0.0943   0.6183  10.5239   0.0000   0.0000   0.0000
    1325  -0.6241   0.3309  10.8771   0.0000   0.0000   0.0000
    1326  -0.7134   0.8535  10.9804   0.0000   0.0000   0.0000
    1327  -0.5523   1.0737  10.6528   0.0000   0.0000   0.0000
    1328  -0.5756   0.6301  10.8578   0.0000   0.0000   0.0000
    1329  -0.4505   0.1793  10.8362   0.0000   0.0000   0.0000
    1330  -0.1371   1.3865  11.2407   0.0000   0.0000   0.0000
    1331  -0.6440   1.6790  10.4962   0.0000   0.0000   0.0000
    1332  -1.2368   1.1733  11.4589   0.0000   0.0000   0.0000
    1333   0.2353   1.0757  11.5124   0.0000   0.0000   0.0000
    1334  -0.8161   1.1268  11.4283   0.0000   0.0000   0.0000
    1335  -0.6321   1.4859  11.5204   0.0000   0.0000   0.0000
    1336  -0.9667   1.2177  10.8897   0.0000   0.0000   0.0000
    1337  -0.0645   1.6296  11.0392   0.0000   0.0000   0.0000
    1338  -0.3532   1.8757  11.0261   0.0000   0.0000   0.0000
    1339   1.4750   1.4312  11.0296   0.0000   0.0000   0.0000
    1340  -0.1899   1.5294  11.2039   0.0000   0.0000   0.0000
    1341  -0.8869   1.7991  10.8611   0.0000   0.0000   0.0000
    1342  -1.0166   1.2568  11.7573   0.0000   0.0000   0.0000
    1343  -0.7057   1.4845  11.0545   0.0000   0.0000   0.0000
    1344  -0.1746   1.2304  11.4307   0.0000   0.0000   0.0000
    1345  -1.1831   0.4842  11.3240   0.0000   0.0000   0.0000
    1346  -1.3619   1.2114  10.8153   0.0000   0.0000   0.0000
    1347  -0.5014   1.3408   9.9576   0.0000   0.0000   0.0000
    1348  -0.7042   1.4939  10.4608   0.0000   0.0000   0.0000
    1349  -0.8301   1.5026  10.8116   0.0000   0.0000   0.0000
    1350  -0.1453   1.6114  11.1221   0.0000   0.0000   0.0000
    1351  -0.2034   1.7876  10.4077   0.0000   0.0000   0.0000
    1352  -0.1118   1.4870  10.7067   0.0000   0.0000   0.0000
    1353   0.2312   1.1479  10.9028   0.0000   0.0000   0.0000
    1354  -0.0351   0.7662  11.2129   0.0000   0.0000   0.0000
    1355  -0.1708   1.1900  10.8977   0.0000   0.0000   0.0000
    1356   0.0587   0.7928  10.8667   0.0000   0.0000   0.0000
    1357  -0.0769   1.3433  10.2310   0.0000   0.0000   0.0000
    1358  -0.2063   1.8467  10.4666   0.0000   0.0000   0.0000
    1359  -0.1316   1.4835  10.2200   0.0000   0.0000   0.0000
    1360  -1.0228   1.0559  10.5124   0.0000   0.0000   0.0000
    1361  -1.0941   0.5513  10.2796   0.0000   0.0000   0.0000
    1362  -1.0099   0.4547   9.9613   0.0000   0.0000   0.0000
    1363  -0.4115   1.1798  10.5939   0.0000   0.0000   0.0000
    1364   0.1159   1.6747   9.8432   0.0000   0.0000   0.0000
    1365  -0.2670   2.3521  10.6930   0.0000   0.0000   0.0000
    1366   0.1290   1.5258   9.9688   0.0000   0.0000   0.0000
    1367  -0.5984   1.7169   9.4421   0.0000   0.0000   0.0000
    1368  -0.0376   2.2589   9.9718   0.0000   0.0000   0.0000
    1369  -0.7998   2.7805   9.5087   0.0000   0.0000   0.0000
    1370  -0.8350   2.7754   9.1713   0.0000   0.0000   0.0000
    1371  -0.3166   2.9468   9.1667   0.0000   0.0000   0.0000
    1372  -0.5842   2.5794   9.4094   0.0000   0.0000   0.0000
    1373  -0.8093   2.4271   9.7168   0.0000   0.0000   0.0000
    1374  -1.8525   2.3327  10.1380   0.0000   0.0000   0.0000
    1375  -1.5086   2.2598  10.0347   0.0000   0.0000   0.0000
    1376  -1.3510   2.5280  10.9895   0.0000   0.0000   0.0000
    1377  -0.5801   3.0161  10.3383   0.0000   0.0000   0.0000
    1378  -1.1125   2.3567  11.7434   0.0000   0.0000   0.0000
    1379  -1.0960   1.9195  11.4175   0.0000   0.0000   0.0000
    1380  -1.6017   2.4642  11.2530   0.0000   0.0000   0.0000
    1381  -1.1316   2.3842  12.1198   0.0000   0.0000   0.0000
    1382  -0.8994   1.7153  11.2969   0.0000   0.0000   0.0000
    1383  -0.5738   1.5726  11.4659   0.0000   0.0000   0.0000
    1384  -1.3621   2.2576  11.7540   0.0000   0.0000   0.0000
    1385  -0.7765   2.4276  11.3757   0.0000   0.0000   0.0000
    1386  -1.7916   1.9572  11.7171   0.0000   0.0000   0.0000
    1387  -1.3054   2.0089  10.3429   0.0000   0.0000   0.0000
    1388  -1.1328   2.0948  10.7750   0.0000   0.0000   0.0000
    1389  -1.2715   2.1895  10.3773   0.0000   0.0000   0.0000
    1390  -2.1964   3.1703  10.7656   0.0000   0.0000   0.0000
    1391  -2.0345   3.1797  10.8348   0.0000   0.0000   0.0000
    1392  -2.8560   2.4870  10.7789   0.0000   0.0000   0.0000
    1393  -2.1681   2.3467  10.9658   0.0000   0.0000   0.0000
    1394  -2.2478   2.0516  10.3029   0.0000   0.0000   0.0000
    1395  -2.0917   1.5615  10.2083   0.0000   0.0000   0.0000
    1396  -2.5276   1.6690  10.7651   0.0000   0.0000   0.0000
    1397  -2.4769   1.0239  11.0552   0.0000   0.0000   0.0000
    1398  -2.4071   1.4980  10.5783   0.0000   0.0000   0.0000
    1399  -3.1340   2.2796  11.0330   0.0000   0.0000   0.0000
    1400  -1.6094   2.0449  11.0963   0.0000   0.0000   0.0000
    1401  -2.3295   2.8753  11.1040   0.0000   0.0000   0.0000
    1402  -2.0710   2.4116  10.7404   0.0000   0.0000   0.0000
    1403  -1.8752   2.4524  10.8242   0.0000   0.0000   0.0000
    1404  -2.0401   2.2409  10.7698   0.0000   0.0000   0.0000
    1405  -2.2186   2.4847  10.2065   0.0000   0.0000   0.0000
    1406  -1.5556   2.5553   9.9875   0.0000   0.0000   0.0000
    1407  -1.6974   2.3855   9.5787   0.0000   0.0000   0.0000
    1408  -1.4831   2.3976   9.9131   0.0000   0.0000   0.0000
    1409  -1.6038   2.2671   9.6499   0.0000   0.0000   0.0000
    1410  -2.3608   1.5671   9.8924   0.0000   0.0000   0.0000
    1411  -2.7824   1.4234  10.4623   0.0000   0.0000   0.0000
    1412  -1.8374   1.2097  10.1538   0.0000   0.0000   0.0000
    1413  -2.0899   1.2285  10.1158   0.0000   0.0000   0.0000
    1414  -2.1274   1.5573  11.1161   0.0000   0.0000   0.0000
    1415  -2.1633   1.9946  10.8444   0.0000   0.0000   0.0000
    1416  -2.6615   2.5350  10.5804   0.0000   0.0000   0.0000
    1417  -3.0270   2.8511   9.9050   0.0000   0.0000   0.0000
    1418  -2.4519   3.0357  10.4700   0.0000   0.0000   0.0000
    1419  -2.5366   2.1124  10.7099   0.0000   0.0000   0.0000
    1420  -1.7044   2.0241  10.3388   0.0000   0.0000   0.0000
    1421  -1.0998   2.2902  10.4569   0.0000   0.0000   0.0000
    1422  -2.0689   2.2934  10.5391   0.0000   0.0000   0.0000
    1423  -2.7984   1.4961  10.8307   0.0000   0.0000   0.0000
    1424  -1.8613   1.7001  10.5482   0.0000   0.0000   0.0000
    1425  -2.1878   1.9416  10.7951   0.0000   0.0000   0.0000
    1426  -2.3501   1.6645  10.1844   0.0000   0.0000   0.0000
    1427  -1.7527   2.5930  10.5733   0.0000   0.0000   0.0000
    1428  -2.1760   2.3294  10.8255   0.0000   0.0000   0.0000
    1429  -1.5396   2.0469  10.8352   0.0000   0.0000   0.0000
    1430  -1.2436   1.7092  10.2900   0.0000   0.0000   0.0000
    1431  -1.0196   2.9943  10.7235   0.0000   0.0000   0.0000
    1432  -1.1627   2.6567  10.6709   0.0000   0.0000   0.0000
    1433  -1.2885   3.3321  11.0449   0.0000   0.0000   0.0000
    1434  -1.3490   2.9458  10.2824   0.0000   0.0000   0.0000
    1435  -1.4157   2.7968  10.5186   0.0000   0.0000   0.0000
    1436  -1.8350   2.5849  10.2394   0.0000   0.0000   0.0000
    1437  -2.2521   4.0380  10.4374   0.0000   0.0000   0.0000
    1438  -1.4949   3.8944  11.8948   0.0000   0.0000   0.0000
    1439  -1.2642   3.7863  10.6667   0.0000   0.0000   0.0000
    1440  -2.2020   3.1226  10.7191   0.0000   0.0000   0.0000
    1441  -1.2262   2.7887  12.0211   0.0000   0.0000   0.0000
    1442  -1.4256   3.4064  12.4325   0.0000   0.0000   0.0000
    1443  -2.3438   3.2985  11.5932   0.0000   0.0000   0.0000
    1444  -2.0028   2.9373  11.4611   0.0000   0.0000   0.0000
    1445  -1.4982   2.8154  12.0822   0.0000   0.0000   0.0000
    1446  -0.8858   3.1885  11.6027   0.0000   0.0000   0.0000
    1447  -1.0802   2.8365  12.5510   0.0000   0.0000   0.0000
    1448  -1.5292   3.1830  12.2188   0.0000   0.0000   0.0000
    1449  -1.7527   3.1363  12.0392   0.0000   0.0000   0.0000
    1450  -1.6838   2.6561  12.0998   0.0000   0.0000   0.0000
    1451  -0.8022   2.2435  13.3449   0.0000   0.0000   0.0000
    1452  -2.0184   2.7445  12.6636   0.0000   0.0000   0.0000
    1453  -2.1546   2.5909  12.5926   0.0000   0.0000   0.0000
    1454  -1.8484   2.4877  12.6779   0.0000   0.0000   0.0000
    1455  -2.9265   2.7365  12.1833   0.0000   0.0000   0.0000
    1456  -2.4196   2.8955  12.2050   0.0000   0.0000   0.0000
    1457  -1.4777   1.9779  12.2610   0.0000   0.0000   0.0000
    1458  -1.6098   3.0212  11.9561   0.0000   0.0000   0.0000
    1459  -1.9235   2.1288  12.0326   0.0000   0.0000   0.0000
    1460  -1.9852   2.6262  11.7935   0.0000   0.0000   0.0000
    1461  -2.3749   3.0106  11.8322   0.0000   0.0000   0.0000
    1462  -3.0053   2.5246  11.7175   0.0000   0.0000   0.0000
    1463  -2.3242   2.8954  11.5241   0.0000   0.0000   0.0000
    1464  -2.0830   2.3236  12.1020   0.0000   0.0000   0.0000
    1465  -2.5641   1.6699  12.3008   0.0000   0.0000   0.0000
    1466  -2.0568   1.6536  12.5905   0.0000   0.0000   0.0000
    1467  -3.2688   1.7503  12.0245   0.0000   0.0000   0.0000
    1468  -2.1994   1.4301  11.3589   0.0000   0.0000   0.0000
    1469  -3.2735   0.9637  11.1408   0.0000   0.0000   0.0000
    1470  -2.5287   0.5251  10.9431   0.0000   0.0000   0.0000
    1471  -1.7775   1.2182  11.2689   0.0000   0.0000   0.0000
    1472  -2.3455   0.7831  11.0787   0.0000   0.0000   0.0000
    1473  -2.1580   1.1295  11.4822   0.0000   0.0000   0.0000
    1474  -2.0904   1.4616  11.6085   0.0000   0.0000   0.0000
    1475  -1.6897   0.7657  12.5196   0.0000   0.0000   0.0000
    1476  -1.5317   1.2506  12.7502   0.0000   0.0000   0.0000
    1477  -1.9470   1.2134  12.6638   0.0000   0.0000   0.0000
    1478  -2.2875   1.2831  12.4286   0.0000   0.0000   0.0000
    1479  -2.4442   1.3644  12.1854   0.0000   0.0000   0.0000
    1480  -2.8140   1.2832  12.3955   0.0000   0.0000   0.0000
    1481  -2.7882   2.3598  12.0688   0.0000   0.0000   0.0000
    1482  -2.6997   1.3839  11.8962   0.0000   0.0000   0.0000
    1483  -2.3693   1.6232  11.8850   0.0000   0.0000   0.0000
    1484  -2.5500   1.2064  12.0236   0.0000   0.0000   0.0000
    1485  -2.2783   1.5249  12.3289   0.0000   0.0000   0.0000
    1486  -2.4492   1.0675  12.0047   0.0000   0.0000   0.0000
    1487  -2.2477   1.4606  11.9664   0.0000   0.0000   0.0000
    1488  -2.1205   0.9901  12.5231   0.0000   0.0000   0.0000
    1489  -2.6904   1.4962  12.5544   0.0000   0.0000   0.0000
    1490  -1.7134   1.0377  12.4399   0.0000   0.0000   0.0000
    1491  -2.1334   1.1495  12.2702   0.0000   0.0000   0.0000
    1492  -2.4058   0.2985  12.7826   0.0000   0.0000   0.0000
    1493  -2.3879   0.6995  12.2292   0.0000   0.0000   0.0000
    1494  -2.3243   1.0771  12.2491   0.0000   0.0000   0.0000
    1495  -2.7229   2.0153  12.3754   0.0000   0.0000   0.0000
    1496  -2.9365   2.0595  12.4945   0.0000   0.0000   0.0000
    1497  -2.1579   1.0637  12.9934   0.0000   0.0000   0.0000
    1498  -2.4922   1.8511  12.7089   0.0000   0.0000   0.0000
    1499  -2.1787   1.1297  13.0891   0.0000   0.0000   0.0000
    1500  -1.9974   0.9097  13.0401   0.0000   0.0000   0.0000
    1501  -1.5275   0.8212  13.3487   0.0000   0.0000   0.0000
    1502  -2.1640   0.8782  13.3724   0.0000   0.0000   0.0000
    1503  -2.7219   1.7351  12.8176   0.0000   0.0000   0.0000
    1504  -2.7064   1.7462  12.8929   0.0000   0.0000   0.0000
    1505  -1.7007   1.6739  13.2770   0.0000   0.0000   0.0000
    1506  -2.3570   1.1525  13.5434   0.0000   0.0000   0.0000
    1507  -2.4375   1.0578  13.3174   0.0000   0.0000   0.0000
    1508  -2.3628   0.9182  13.1578   0.0000   0.0000   0.0000
    1509  -2.1519   1.3954  12.3624   0.0000   0.0000   0.0000
    1510  -1.9591   2.3604  12.3809   0.0000   0.0000   0.0000
    1511  -2.5221   2.3346  12.5750   0.0000   0.0000   0.0000
    1512  -2.0306   1.8912  12.3675   0.0000   0.0000   0.0000
    1513  -2.2538   1.2858  12.8668   0.0000   0.0000   0.0000
    1514  -2.2336   2.3669  12.9234   0.0000   0.0000   0.0000
    1515  -2.7008   2.2439  12.0901   0.0000   0.0000   0.0000
    1516  -2.4808   1.4324  12.2462   0.0000   0.0000   0.0000
    1517  -2.2529   1.1696  12.9067   0.0000   0.0000   0.0000
    1518  -2.0065   1.0236  12.0386   0.0000   0.0000   0.0000
    1519  -1.7642   1.6910  12.7221   0.0000   0.0000   0.0000
    1520  -2.1352   0.9595  13.3166   0.0000   0.0000   0.0000
    1521  -2.3588   1.1064  12.8759   0.0000   0.0000   0.0000
    1522  -1.1284   1.2401  12.9642   0.0000   0.0000   0.0000
    1523  -1.2013   0.1475  12.7913   0.0000   0.0000   0.0000
    1524  -0.7525   1.3300  13.2179   0.0000   0.0000   0.0000
    1525  -1.3459   1.0586  12.9061   0.0000   0.0000   0.0000
    1526  -1.2531   1.2368  12.9933   0.0000   0.0000   0.0000
    1527  -1.6142   0.9379  13.4421   0.0000   0.0000   0.0000
    1528  -2.3081   1.4367  13.1278   0.0000   0.0000   0.0000
    1529  -2.2587   1.3539  13.5693   0.0000   0.0000   0.0000
    1530  -1.8636   1.4655  12.9694   0.0000   0.0000   0.0000
    1531  -1.6878   1.3116  12.8924   0.0000   0.0000   0.0000
    1532  -1.7270   0.7964  12.2868   0.0000   0.0000   0.0000
    1533  -1.5849   0.7148  13.0697   0.0000   0.0000   0.0000
    1534  -1.5577   0.8572  13.1237   0.0000   0.0000   0.0000
    1535  -1.3720   0.4126  12.6076   0.0000   0.0000   0.0000
    1536  -1.3398   0.3817  12.5005   0.0000   0.0000   0.0000
    1537  -1.7177   1.6278  12.0131   0.0000   0.0000   0.0000
    1538  -1.5126   1.9939  11.8094   0.0000   0.0000   0.0000
    1539  -1.7296   0.7234  12.5056   0.0000   0.0000   0.0000
    1540  -1.2798   2.1469  11.7543   0.0000   0.0000   0.0000
    1541  -1.0246   1.7943  11.9819   0.0000   0.0000   0.0000
    1542  -1.9058   2.1904  11.0518   0.0000   0.0000   0.0000
    1543  -1.4414   1.6639  11.8383   0.0000   0.0000   0.0000
    1544  -1.4561   2.1467  11.4626   0.0000   0.0000   0.0000
    1545  -1.5991   1.3986  11.4296   0.0000   0.0000   0.0000
    1546  -1.4012   1.5574  11.8773   0.0000   0.0000   0.0000
    1547  -0.7775   0.9644  11.4560   0.0000   0.0000   0.0000
    1548  -1.4168   1.6073  12.2981   0.0000   0.0000   0.0000
    1549  -1.1437   1.1239  12.2457   0.0000   0.0000   0.0000
    1550  -0.6658   1.4103  12.3804   0.0000   0.0000   0.0000
    1551   0.0624   0.8054  12.8037   0.0000   0.0000   0.0000
    1552  -0.8162   0.8749  12.6330   0.0000   0.0000   0.0000
    1553  -1.0101   0.6231  12.2321   0.0000   0.0000   0.0000
    1554  -1.3143   1.1422  12.6146   0.0000   0.0000   0.0000
    1555  -0.6148   1.1058  12.3802   0.0000   0.0000   0.0000
    1556  -1.3130   0.6121  12.1811   0.0000   0.0000   0.0000
    1557  -1.8569   1.0899  12.0804   0.0000   0.0000   0.0000
    1558  -1.9216   0.5646  11.5974   0.0000   0.0000   0.0000
    1559  -1.7886   0.4668  11.9332   0.0000   0.0000   0.0000
    1560  -0.9267   0.7114  12.2911   0.0000   0.0000   0.0000
    1561  -0.9511   0.8455  12.9736   0.0000   0.0000   0.0000
    1562  -0.4155   0.9314  12.8009   0.0000   0.0000   0.0000
    1563  -0.8995   1.1624  12.8318   0.0000   0.0000   0.0000
    1564  -1.7245   1.3598  12.6967   0.0000   0.0000   0.0000
    1565  -2.1137   1.5340  12.8889   0.0000   0.0000   0.0000
    1566  -1.7680   0.7542  12.7771   0.0000   0.0000   0.0000
    1567  -1.3728   1.3916  12.5640   0.0000   0.0000   0.0000
    1568  -1.6303   1.2200  12.8160   0.0000   0.0000   0.0000
    1569  -0.8079   1.1627  12.4958   0.0000   0.0000   0.0000
    1570  -1.6564   0.4387  12.6618   0.0000   0.0000   0.0000
    1571  -1.8612   0.0818  13.2633   0.0000   0.0000   0.0000
    1572  -2.6681   0.5295  12.4758   0.0000   0.0000   0.0000
    1573  -2.0399   0.1890  12.7035   0.0000   0.0000   0.0000
    1574  -1.7290   0.2929  12.7770   0.0000   0.0000   0.0000
    1575  -2.3627   0.1555  12.4286   0.0000   0.0000   0.0000
    1576  -2.0274   0.0402  12.6124   0.0000   0.0000   0.0000
    1577  -1.9369   0.2026  12.9838   0.0000   0.0000   0.0000
    1578  -2.0252   0.7209  13.4006   0.0000   0.0000   0.0000
    1579  -1.2465   0.2346  13.1528   0.0000   0.0000   0.0000
    1580  -1.1619  -0.1698  13.1854   0.0000   0.0000   0.0000
    1581  -1.5955   0.3501  13.0059   0.0000   0.0000   0.0000
    1582  -0.8720  -0.2142  13.1836   0.0000   0.0000   0.0000
    1583  -1.1398   0.4815  13.0300   0.0000   0.0000   0.0000
    1584  -1.4724   0.1787  13.0838   0.0000   0.0000   0.0000
    1585  -1.2176  -0.0835  13.2128   0.0000   0.0000   0.0000
    1586  -1.3113  -0.0872  13.9630   0.0000   0.0000   0.0000
    1587  -1.2770  -0.5967  14.3336   0.0000   0.0000   0.0000
    1588  -1.3255   0.2989  13.5124   0.0000   0.0000   0.0000
    1589  -1.9829  -0.2203  13.2218   0.0000   0.0000   0.0000
    1590  -1.6290  -0.1260  13.2039   0.0000   0.0000   0.0000
    1591  -1.3353  -0.7421  13.6056   0.0000   0.0000   0.0000
    1592  -1.2958  -0.0005  13.6754   0.0000   0.0000   0.0000
    1593  -0.8967   0.2884  13.4032   0.0000   0.0000   0.0000
    1594  -0.9469  -0.5976  13.8717   0.0000   0.0000   0.0000
    1595  -1.0524  -0.5843  12.8025   0.0000   0.0000   0.0000
    1596  -1.3160  -0.2784  13.8832   0.0000   0.0000   0.0000
    1597  -0.8657  -0.1163  13.9172   0.0000   0.0000   0.0000
    1598  -0.5501   0.2813  13.2861   0.0000   0.0000   0.0000
    1599  -0.6319   0.0928  13.9975   0.0000   0.0000   0.0000
    1600  -0.3057   0.1976  13.6964   0.0000   0.0000   0.0000
    1601  -0.6963   0.6235  12.8627   0.0000   0.0000   0.0000
    1602  -1.3801  -0.7302  12.8435   0.0000   0.0000   0.0000
    1603  -1.5579  -0.8303  12.7013   0.0000   0.0000   0.0000
    1604  -1.4153  -0.4079  12.8677   0.0000   0.0000   0.0000
    1605  -1.7693  -0.7307  12.3102   0.0000   0.0000   0.0000
    1606  -1.5589  -1.6685  12.4624   0.0000   0.0000   0.0000
    1607  -1.6890  -0.3803  12.6676   0.0000   0.0000   0.0000
    1608  -1.2434  -0.6121  12.6129   0.0000   0.0000   0.0000
    1609  -0.6201  -0.7443  12.9241   0.0000   0.0000   0.0000
    1610  -0.7029  -1.5379  12.5614   0.0000   0.0000   0.0000
    1611  -0.7872  -0.4562  12.7644   0.0000   0.0000   0.0000
    1612  -0.7797  -1.7593  12.1563   0.0000   0.0000   0.0000
    1613  -1.6809  -1.1361  12.6119   0.0000   0.0000   0.0000
    1614  -0.6260  -1.0896  12.6653   0.0000   0.0000   0.0000
    1615  -0.7446  -0.7530  12.5502   0.0000   0.0000   0.0000
    1616  -0.4359  -0.5027  12.9214   0.0000   0.0000   0.0000
    1617  -0.6031  -0.7031  13.3308   0.0000   0.0000   0.0000
    1618  -0.1133  -1.0234  13.4117   0.0000   0.0000   0.0000
    1619  -0.3613  -0.5568  12.8818   0.0000   0.0000   0.0000
    1620  -0.4494  -0.2839  12.8031   0.0000   0.0000   0.0000
    1621   0.3284   0.3566  12.8212   0.0000   0.0000   0.0000
    1622  -0.1829   0.7310  13.0606   0.0000   0.0000   0.0000
    1623  -0.5721  -0.8547  12.5511   0.0000   0.0000   0.0000
    1624  -0.6717  -0.5214  12.6028   0.0000   0.0000   0.0000
    1625  -1.1442  -0.3837  12.9886   0.0000   0.0000   0.0000
    1626  -0.8403   0.2809  12.5175   0.0000   0.0000   0.0000
    1627  -0.5793   0.3982  12.6342   0.0000   0.0000   0.0000
    1628  -0.3938   0.0643  12.0565   0.0000   0.0000   0.0000
    1629  -0.2557   0.5776  12.2506   0.0000   0.0000   0.0000
    1630   0.1088   0.2026  12.2299   0.0000   0.0000   0.0000
    1631  -0.2691   0.7484  12.8778   0.0000   0.0000   0.0000
    1632   0.4688   0.5297  12.0945   0.0000   0.0000   0.0000
    1633  -0.3568   0.0109  12.5552   0.0000   0.0000   0.0000
    1634  -0.3948   0.1436  12.4767   0.0000   0.0000   0.0000
    1635  -0.7052   0.6792  12.6398   0.0000   0.0000   0.0000
    1636  -0.6751   0.6898  13.2556   0.0000   0.0000   0.0000
    1637  -0.4121  -0.1969  13.3514   0.0000   0.0000   0.0000
    1638  -0.1940   0.2625  13.3947   0.0000   0.0000   0.0000
    1639  -0.2413   0.4668  13.3476   0.0000   0.0000   0.0000
    1640  -0.7364   0.6191  13.2475   0.0000   0.0000   0.0000
    1641  -1.1540   0.6135  13.3892   0.0000   0.0000   0.0000
    1642  -1.5773  -0.6650  13.4212   0.0000   0.0000   0.0000
    1643  -1.2413   0.3448  13.4978   0.0000   0.0000   0.0000
    1644  -1.5376  -0.0114  13.5264   0.0000   0.0000   0.0000
    1645  -1.1024   0.7788  14.1789   0.0000   0.0000   0.0000
    1646  -1.0939   0.5781  13.8057   0.0000   0.0000   0.0000
    1647  -1.3066   0.3146  14.4023   0.0000   0.0000   0.0000
    1648  -0.8736  -0.6779  13.8992   0.0000   0.0000   0.0000
    1649  -0.9287  -0.2280  14.3332   0.0000   0.0000   0.0000
    1650  -0.5183   0.3828  14.0550   0.0000   0.0000   0.0000
    1651  -0.5547  -0.0706  13.7890   0.0000   0.0000   0.0000
    1652  -0.2169  -0.4542  14.6737   0.0000   0.0000   0.0000
    1653  -0.6933  -0.7537  14.3519   0.0000   0.0000   0.0000
    1654  -0.4936   0.5971  14.6972   0.0000   0.0000   0.0000
    1655  -0.3469  -0.7436  15.0901   0.0000   0.0000   0.0000
    1656  -0.4121  -0.9862  14.9288   0.0000   0.0000   0.0000
    1657  -0.3819  -0.1063  15.0891   0.0000   0.0000   0.0000
    1658   0.8154  -0.5552  15.1259   0.0000   0.0000   0.0000
    1659   0.1043   0.3850  15.3558   0.0000   0.0000   0.0000
    1660   0.0832   0.5399  14.1253   0.0000   0.0000   0.0000
    1661  -0.9680   0.6651  15.1330   0.0000   0.0000   0.0000
    1662  -0.0079   0.2588  15.1434   0.0000   0.0000   0.0000
    1663  -1.0511  -0.3513  15.3075   0.0000   0.0000   0.0000
    1664  -0.1428   0.5495  15.3460   0.0000   0.0000   0.0000
    1665  -0.7290  -0.1795  15.6106   0.0000   0.0000   0.0000
    1666  -0.8664  -0.2775  15.6738   0.0000   0.0000   0.0000
    1667  -0.9062   0.1722  14.5732   0.0000   0.0000   0.0000
    1668  -0.2763  -0.5009  14.3852   0.0000   0.0000   0.0000
    1669  -0.5002   0.3237  15.2246   0.0000   0.0000   0.0000
    1670  -0.5228  -0.1310  14.5035   0.0000   0.0000   0.0000
    1671  -0.4884  -0.2789  14.5099   0.0000   0.0000   0.0000
    1672  -0.5468  -0.1372  14.6380   0.0000   0.0000   0.0000
    1673  -1.1022   0.2335  14.6868   0.0000   0.0000   0.0000
    1674  -0.0724  -0.3373  14.5787   0.0000   0.0000   0.0000
    1675  -0.3356  -0.1838  14.0113   0.0000   0.0000   0.0000
    1676  -0.9381  -0.0140  14.3016   0.0000   0.0000   0.0000
    1677  -1.0709   0.5930  14.5416   0.0000   0.0000   0.0000
    1678  -0.2900   1.0414  14.8461   0.0000   0.0000   0.0000
    1679  -0.2466   0.3013  14.8548   0.0000   0.0000   0.0000
    1680   0.1552   0.7851  15.0111   0.0000   0.0000   0.0000
    1681   0.2647  -0.0977  14.7942   0.0000   0.0000   0.0000
    1682  -0.4684  -0.1250  15.2781   0.0000   0.0000   0.0000
    1683  -0.4512   0.4787  14.8474   0.0000   0.0000   0.0000
    1684   0.3269   0.5871  13.8406   0.0000   0.0000   0.0000
    1685   0.7498   0.6036  13.5978   0.0000   0.0000   0.0000
    1686   0.4771   0.0677  13.5825   0.0000   0.0000   0.0000
    1687   0.3883  -0.3850  12.8581   0.0000   0.0000   0.0000
    1688  -0.0223   0.2776  13.7117   0.0000   0.0000   0.0000
    1689   0.0321   0.2975  14.0927   0.0000   0.0000   0.0000
    1690   0.7542   0.7559  13.4990   0.0000   0.0000   0.0000
    1691   0.0512   0.9243  13.6640   0.0000   0.0000   0.0000
    1692   0.5573   0.2295  13.2497   0.0000   0.0000   0.0000
    1693  -0.2821   0.1347  12.3308   0.0000   0.0000   0.0000
    1694   0.4635   0.7906  12.5093   0.0000   0.0000   0.0000
    1695   0.5377   1.2228  12.7237   0.0000   0.0000   0.0000
    1696   0.6975  -0.1700  13.2461   0.0000   0.0000   0.0000
    1697   0.4242  -0.3266  13.3930   0.0000   0.0000   0.0000
    1698   0.5154  -0.0052  13.2883   0.0000   0.0000   0.0000
    1699   0.9426  -0.1370  13.1457   0.0000   0.0000   0.0000
    1700   0.8996  -1.1153  13.1555   0.0000   0.0000   0.0000
    1701   0.4524   0.0465  13.1977   0.0000   0.0000   0.0000
    1702   0.3461   0.2649  13.0007   0.0000   0.0000   0.0000
    1703   0.3176   0.1083  12.2043   0.0000   0.0000   0.0000
    1704   0.7781   0.1641  12.5340   0.0000   0.0000   0.0000
    1705   0.2802  -1.1090  13.4941   0.0000   0.0000   0.0000
    1706   0.5245  -0.4177  12.7454   0.0000   0.0000   0.0000
    1707   0.3904  -0.4985  12.6147   0.0000   0.0000   0.0000
    1708   0.8137   0.1232  12.7632   0.0000   0.0000   0.0000
    1709   1.1793  -0.8157  12.2908   0.0000   0.0000   0.0000
    1710   1.1301  -0.5827  13.2312   0.0000   0.0000   0.0000
    1711   1.3147  -0.5532  12.1739   0.0000   0.0000   0.0000
    1712   0.9929  -0.2802  13.1268   0.0000   0.0000   0.0000
    1713   0.6487   0.2756  12.7431   0.0000   0.0000   0.0000
    1714   0.1812   0.1907  11.9620   0.0000   0.0000   0.0000
    1715  -0.3562  -0.7528  12.3144   0.0000   0.0000   0.0000
    1716   0.2236   0.0027  11.6772   0.0000   0.0000   0.0000
    1717   0.2599  -0.5196  11.0323   0.0000   0.0000   0.0000
    1718  -0.1178  -0.2818  11.3030   0.0000   0.0000   0.0000
    1719   0.4878  -0.7503  11.2874   0.0000   0.0000   0.0000
    1720   0.0496  -0.9723  11.3243   0.0000   0.0000   0.0000
    1721   0.8913  -0.7116  11.7999   0.0000   0.0000   0.0000
    1722   0.6686  -0.2917  11.2358   0.0000   0.0000   0.0000
    1723   0.9140   0.4694  11.1565   0.0000   0.0000   0.0000
    1724   0.4759   0.7991  11.7615   0.0000   0.0000   0.0000
    1725   0.8494   0.8399  11.2391   0.0000   0.0000   0.0000
    1726   1.2981   0.8718  11.8983   0.0000   0.0000   0.0000
    1727   0.5570   0.3237  12.4742   0.0000   0.0000   0.0000
    1728   0.6829  -0.2851  12.4344   0.0000   0.0000   0.0000
    1729   1.1555   0.6521  12.3166   0.0000   0.0000   0.0000
    1730   0.9922   0.3051  11.7918   0.0000   0.0000   0.0000
    1731   0.8016   0.2762  11.7365   0.0000   0.0000   0.0000
    1732   0.2284  -0.2390  11.4216   0.0000   0.0000   0.0000
    1733  -0.0168  -0.1381  10.9780   0.0000   0.0000   0.0000
    1734   0.0519   0.2406  11.9662   0.0000   0.0000   0.0000
    1735  -0.2318  -0.1097  11.3181   0.0000   0.0000   0.0000
    1736  -0.1271  -0.2092  11.3646   0.0000   0.0000   0.0000
    1737  -0.5437  -0.6167  11.2905   0.0000   0.0000   0.0000
    1738  -0.0326  -0.9564  11.3411   0.0000   0.0000   0.0000
    1739  -0.1449  -0.8421  11.5090   0.0000   0.0000   0.0000
    1740  -0.0608  -1.4338  11.5246   0.0000   0.0000   0.0000
    1741   0.2873  -1.0141  10.6672   0.0000   0.0000   0.0000
    1742   0.4107  -0.4018  10.5861   0.0000   0.0000   0.0000
    1743   0.0747  -0.6703  11.0142   0.0000   0.0000   0.0000
    1744  -0.1225  -1.1913  10.4797   0.0000   0.0000   0.0000
    1745   0.2200  -0.7473  10.8566   0.0000   0.0000   0.0000
    1746  -0.1132  -0.3464  10.0731   0.0000   0.0000   0.0000
    1747  -0.0152  -0.5529  10.3082   0.0000   0.0000   0.0000
    1748  -0.5435  -0.6261  11.0993   0.0000   0.0000   0.0000
    1749   0.4143  -0.6169  10.9895   0.0000   0.0000   0.0000
    1750   0.0686  -1.3471  11.4331   0.0000   0.0000   0.0000
    1751   0.9967  -0.4561  11.3938   0.0000   0.0000   0.0000
    1752   0.9739  -0.5613  10.9932   0.0000   0.0000   0.0000
    1753   0.2002  -1.2752  12.1563   0.0000   0.0000   0.0000
    1754   0.0465  -0.6535  11.9326   0.0000   0.0000   0.0000
    1755   0.4474  -1.4484  11.8358   0.0000   0.0000   0.0000
    1756   0.4773  -1.0228  11.0418   0.0000   0.0000   0.0000
    1757   0.6404  -0.4578  11.9174   0.0000   0.0000   0.0000
    1758  -0.1194  -0.6391  10.9923   0.0000   0.0000   0.0000
    1759   0.2588  -0.5368  11.4464   0.0000   0.0000   0.0000
    1760   0.0898  -0.4310  11.4077   0.0000   0.0000   0.0000
    1761   0.0762  -0.2603  11.2236   0.0000   0.0000   0.0000
    1762   0.5254  -0.6727  10.9361   0.0000   0.0000   0.0000
    1763   0.6247  -1.0430  11.0032   0.0000   0.0000   0.0000
    1764   0.2760  -0.4842  11.1806   0.0000   0.0000   0.0000
    1765   1.0406  -0.4267  11.6533   0.0000   0.0000   0.0000
    1766   1.3996  -0.3909  11.3327   0.0000   0.0000   0.0000
    1767   0.8805  -0.0097  11.1863   0.0000   0.0000   0.0000
    1768   0.2824  -0.6047  11.4719   0.0000   0.0000   0.0000
    1769   1.6887  -0.4829  10.9482   0.0000   0.0000   0.0000
    1770   1.0380  -0.0274  10.9704   0.0000   0.0000   0.0000
    1771   0.7380   0.2170  10.5034   0.0000   0.0000   0.0000
    1772   0.5645  -0.0032  10.8869   0.0000   0.0000   0.0000
    1773   0.3044  -0.0258  10.3720   0.0000   0.0000   0.0000
    1774   0.2226  -0.2134  11.2157   0.0000   0.0000   0.0000
    1775   1.0729   0.0237  11.4077   0.0000   0.0000   0.0000
    1776   0.5450  -0.4732  11.0655   0.0000   0.0000   0.0000
    1777   0.6412  -0.3842  10.5160   0.0000   0.0000   0.0000
    1778   1.3191  -0.7507  11.2650   0.0000   0.0000   0.0000
    1779   1.5474  -0.2689  11.4762   0.0000   0.0000   0.0000
    1780   1.6964  -0.7205  11.7898   0.0000   0.0000   0.0000
    1781   1.1998  -0.5567  11.5226   0.0000   0.0000   0.0000
    1782   1.1022   0.1067  11.4224   0.0000   0.0000   0.0000
    1783   0.4696  -0.4251  11.5190   0.0000   0.0000   0.0000
    1784   0.4739  -0.3520  11.1946   0.0000   0.0000   0.0000
    1785   1.0629  -0.8719  11.4992   0.0000   0.0000   0.0000
    1786   0.9301  -0.7858  11.7139   0.0000   0.0000   0.0000
    1787   0.2780  -0.8318  11.8959   0.0000   0.0000   0.0000
    1788   1.0705  -0.0987  12.6618   0.0000   0.0000   0.0000
    1789   0.3570   0.3044  11.9882   0.0000   0.0000   0.0000
    1790   1.0074  -0.2469  11.8580   0.0000   0.0000   0.0000
    1791   0.4428  -1.6428  12.1564   0.0000   0.0000   0.0000
    1792   0.6844  -0.4473  12.5360   0.0000   0.0000   0.0000
    1793   0.7606  -1.0753  12.8089   0.0000   0.0000   0.0000
    1794   0.6320  -1.3246  12.0783   0.0000   0.0000   0.0000
    1795   1.0889  -0.2388  11.8652   0.0000   0.0000   0.0000
    1796   1.4248  -0.7118  12.2289   0.0000   0.0000   0.0000
    1797   0.5241  -1.1909  12.0429   0.0000   0.0000   0.0000
    1798   0.7737  -1.1245  12.1569   0.0000   0.0000   0.0000
    1799   0.6044  -1.6981  12.0021   0.0000   0.0000   0.0000
    1800   0.1923  -0.9806  12.1321   0.0000   0.0000   0.0000
    1801  -0.7816  -0.2853  11.8593   0.0000   0.0000   0.0000
    1802  -0.2302  -0.4819  11.9974   0.0000   0.0000   0.0000
    1803   0.2858   0.0065  11.6894   0.0000   0.0000   0.0000
    1804   0.4723  -0.2186  12.1109   0.0000   0.0000   0.0000
    1805   0.3536  -1.4706  11.8834   0.0000   0.0000   0.0000
    1806   0.6471  -0.8758  11.3011   0.0000   0.0000   0.0000
    1807   1.0659  -1.9373  10.6268   0.0000   0.0000   0.0000
    1808   0.9620  -1.3892  11.2707   0.0000   0.0000   0.0000
    1809  -0.0455  -0.2367  11.4627   0.0000   0.0000   0.0000
    1810   0.5691   0.0934  11.6714   0.0000   0.0000   0.0000
    1811   0.6898  -1.3229  11.4291   0.0000   0.0000   0.0000
    1812   0.8265  -1.2245  11.6091   0.0000   0.0000   0.0000
    1813   0.9767  -0.8737  11.5086   0.0000   0.0000   0.0000
    1814   1.3111  -0.3938  11.4072   0.0000   0.0000   0.0000
    1815   1.0388  -1.3218  11.1426   0.0000   0.0000   0.0000
    1816   0.2509  -0.3464  10.8942   0.0000   0.0000   0.0000
    1817   0.8295  -0.8815  10.6105   0.0000   0.0000   0.0000
    1818   0.8171  -0.5932  11.1059   0.0000   0.0000   0.0000
    1819   0.0533  -0.2327  10.8740   0.0000   0.0000   0.0000
    1820   1.6734  -0.1764  10.9100   0.0000   0.0000   0.0000
    1821   1.1258   0.4715  10.9278   0.0000   0.0000   0.0000
    1822   1.4432   0.6969  10.9415   0.0000   0.0000   0.0000
    1823   1.0354   0.2006  10.6492   0.0000   0.0000   0.0000
    1824   1.1453   1.4274  10.9866   0.0000   0.0000   0.0000
    1825   1.3294   1.9281  11.7243   0.0000   0.0000   0.0000
    1826   1.9640   1.0544  11.6556   0.0000   0.0000   0.0000
    1827   1.7523   0.8299  11.5976   0.0000   0.0000   0.0000
    1828   1.3495   0.7536  10.9642   0.0000   0.0000   0.0000
    1829   2.1253   0.2434  11.6781   0.0000   0.0000   0.0000
    1830   2.8662  -0.0376  11.5665   0.0000   0.0000   0.0000
    1831   2.2480   0.7147  11.8293   0.0000   0.0000   0.0000
    1832   1.7954   0.6403  11.7868   0.0000   0.0000   0.0000
    1833   1.0447  -0.5678  11.6797   0.0000   0.0000   0.0000
    1834   0.9917  -0.1364  11.9306   0.0000   0.0000   0.0000
    1835   0.8332  -0.8098  11.4172   0.0000   0.0000   0.0000
    1836   1.6542  -0.6396  11.8801   0.0000   0.0000   0.0000
    1837   1.8844  -0.8252  11.9231   0.0000   0.0000   0.0000
    1838   0.6364  -0.4649  11.3452   0.0000   0.0000   0.0000
    1839   1.0503   0.7034  11.1250   0.0000   0.0000   0.0000
    1840   0.8423   0.3923  11.6065   0.0000   0.0000   0.0000
    1841   0.8424   0.3883  11.3925   0.0000   0.0000   0.0000
    1842   1.2003   0.4968  11.7164   0.0000   0.0000   0.0000
    1843   1.1100   0.4023  11.6254   0.0000   0.0000   0.0000
    1844   1.5355  -0.0643  12.4569   0.0000   0.0000   0.0000
    1845   0.1030  -0.0570  12.2106   0.0000   0.0000   0.0000
    1846  -0.3537   0.3670  11.9923   0.0000   0.0000   0.0000
    1847  -0.4126  -0.2834  11.9399   0.0000   0.0000   0.0000
    1848   0.0758  -0.1932  12.1611   0.0000   0.0000   0.0000
    1849   0.6007  -0.3104  12.7959   0.0000   0.0000   0.0000
    1850   0.0217   0.4773  12.6676   0.0000   0.0000   0.0000
    1851   0.8056   0.2133  12.1102   0.0000   0.0000   0.0000
    1852   0.7725   0.4762  11.9479   0.0000   0.0000   0.0000
    1853   0.9969  -0.1465  12.3852   0.0000   0.0000   0.0000
    1854   1.3340  -0.0752  12.5767   0.0000   0.0000   0.0000
    1855   0.9617  -0.1510  12.0579   0.0000   0.0000   0.0000
    1856   0.9485  -0.3565  12.3533   0.0000   0.0000   0.0000
    1857   0.9883   0.2514  12.9328   0.0000   0.0000   0.0000
    1858   1.7517  -0.0244  12.9139   0.0000   0.0000   0.0000
    1859  -0.1392  -0.3876  12.7428   0.0000   0.0000   0.0000
    1860  -0.5560   0.2222  12.0929   0.0000   0.0000   0.0000
    1861   0.2989  -0.0562  12.3514   0.0000   0.0000   0.0000
    1862   0.0806   0.3956  11.9122   0.0000   0.0000   0.0000
    1863  -0.8921   0.1595  11.4996   0.0000   0.0000   0.0000
    1864   0.0624   0.2007  11.9354   0.0000   0.0000   0.0000
    1865  -0.2886   0.6111  12.3759   0.0000   0.0000   0.0000
    1866  -0.5124   0.5836  12.2118   0.0000   0.0000   0.0000
    1867   0.1086   0.5554  12.3205   0.0000   0.0000   0.0000
    1868   1.1825   0.6240  12.4444   0.0000   0.0000   0.0000
    1869   0.7675   0.5448  12.6310   0.0000   0.0000   0.0000
    1870   0.5166   0.4310  12.1832   0.0000   0.0000   0.0000
    1871   1.1724   1.0341  12.5965   0.0000   0.0000   0.0000
    1872   1.2286   0.9813  12.6310   0.0000   0.0000   0.0000
    1873   0.3625   0.8083  12.3989   0.0000   0.0000   0.0000
    1874   0.0102   1.4318  12.6253   0.0000   0.0000   0.0000
    1875   0.7874   0.6290  12.0227   0.0000   0.0000   0.0000
    1876   2.1910   0.8308  12.6328   0.0000   0.0000   0.0000
    1877   1.1324   1.1766  12.5070   0.0000   0.0000   0.0000
    1878   1.0330   0.9311  11.9709   0.0000   0.0000   0.0000
    1879   1.7555   1.4128  11.9502   0.0000   0.0000   0.0000
    1880   1.8920   1.1795  12.6885   0.0000   0.0000   0.0000
    1881   1.4373   1.7249  12.6047   0.0000   0.0000   0.0000
    1882   1.7632   1.9875  11.7331   0.0000   0.0000   0.0000
    1883   1.1905   0.9986  12.3193   0.0000   0.0000   0.0000
    1884   1.2507   1.8645  11.6147   0.0000   0.0000   0.0000
    1885   1.9268   1.8826  11.2810   0.0000   0.0000   0.0000
    1886   0.9648   1.5566  10.7959   0.0000   0.0000   0.0000
    1887   0.7966   1.6014  11.4086   0.0000   0.0000   0.0000
    1888   1.4826   1.5477  11.5422   0.0000   0.0000   0.0000
    1889   1.0680   1.1379  11.1632   0.0000   0.0000   0.0000
    1890   0.8848   1.7787  11.2852   0.0000   0.0000   0.0000
    1891   1.3827   1.2059  11.8597   0.0000   0.0000   0.0000
    1892   0.9821   0.8441  11.9877   0.0000   0.0000   0.0000
    1893   0.6923   0.8923  12.0748   0.0000   0.0000   0.0000
    1894   0.2061   1.1973  11.8935   0.0000   0.0000   0.0000
    1895   0.7274   1.7195  11.6814   0.0000   0.0000   0.0000
    1896   0.6468   1.6453  11.1260   0.0000   0.0000   0.0000
    1897  -0.1747   1.4552  11.3195   0.0000   0.0000   0.0000
    1898  -0.1284   1.3932  11.8315   0.0000   0.0000   0.0000
    1899  -0.1597   0.6946  11.4343   0.0000   0.0000   0.0000
    1900   0.3743   0.8173  11.3103   0.0000   0.0000   0.0000
    1901  -0.3216   0.9392  10.2824   0.0000   0.0000   0.0000
    1902   0.0284   1.1695  10.8533   0.0000   0.0000   0.0000
    1903   0.7328   0.3473  10.2218   0.0000   0.0000   0.0000
    1904   0.7976   0.9870  10.7105   0.0000   0.0000   0.0000
    1905  -0.1262   1.3692   9.9805   0.0000   0.0000   0.0000
    1906   0.6406   1.1605  10.4716   0.0000   0.0000   0.0000
    1907   0.8411   0.7490  10.8949   0.0000   0.0000   0.0000
    1908   1.6358   0.5730  10.5512   0.0000   0.0000   0.0000
    1909   1.3190  -0.0391   9.9844   0.0000   0.0000   0.0000
    1910   1.4779   1.0210  10.6957   0.0000   0.0000   0.0000
    1911   0.5070   0.4671  10.9866   0.0000   0.0000   0.0000
    1912   0.0749   1.8257  10.6860   0.0000   0.0000   0.0000
    1913  -1.0635   0.2985  10.9130   0.0000   0.0000   0.0000
    1914  -0.8019   1.1133  10.2691   0.0000   0.0000   0.0000
    1915  -0.1672   1.2619  10.1334   0.0000   0.0000   0.0000
    1916   0.2689   1.5098   9.9074   0.0000   0.0000   0.0000
    1917   0.4621   0.9708  10.3961   0.0000   0.0000   0.0000
    1918   0.3272   1.7591  10.9177   0.0000   0.0000   0.0000
    1919   0.0270   1.0883  10.1856   0.0000   0.0000   0.0000
    1920   0.4102   1.0777  10.6877   0.0000   0.0000   0.0000
    1921   0.7783   1.2220  10.6217   0.0000   0.0000   0.0000
    1922   0.3247   0.6289  10.2401   0.0000   0.0000   0.0000
    1923   0.7618   1.1498  10.6741   0.0000   0.0000   0.0000
    1924   0.8260   1.2196  10.7468   0.0000   0.0000   0.0000
    1925   0.7976   1.3329  10.6064   0.0000   0.0000   0.0000
    1926   0.9854   0.3168  11.0224   0.0000   0.0000   0.0000
    1927   1.6641   1.0213  11.7511   0.0000   0.0000   0.0000
    1928   0.4327   0.1823  12.2209   0.0000   0.0000   0.0000
    1929   0.3108   0.8635  12.0409   0.0000   0.0000   0.0000
    1930   0.3344   1.1258  12.0777   0.0000   0.0000   0.0000
    1931   0.6145   0.7935  11.7151   0.0000   0.0000   0.0000
    1932   0.9402   0.3735  12.0956   0.0000   0.0000   0.0000
    1933   0.2704   0.2179  11.7420   0.0000   0.0000   0.0000
    1934   0.5714   0.2509  11.7216   0.0000   0.0000   0.0000
    1935   0.2313   0.5706  11.2684   0.0000   0.0000   0.0000
    1936  -0.1060   0.7758  11.0954   0.0000   0.0000   0.0000
    1937   0.1471   0.6591  11.0083   0.0000   0.0000   0.0000
    1938   0.1846   0.0683  11.0629   0.0000   0.0000   0.0000
    1939  -0.5336   0.6856  11.1996   0.0000   0.0000   0.0000
    1940   0.0497   0.8589  11.4688   0.0000   0.0000   0.0000
    1941   0.4332  -0.0379  11.6993   0.0000   0.0000   0.0000
    1942   0.5620   0.4207  11.1110   0.0000   0.0000   0.0000
    1943   0.0876   0.5350  11.2365   0.0000   0.0000   0.0000
    1944   0.3821   0.8743  10.7794   0.0000   0.0000   0.0000
    1945   0.5538   0.6921  11.4653   0.0000   0.0000   0.0000
    1946   0.5077   1.2123  11.0541   0.0000   0.0000   0.0000
    1947  -0.3603   0.6234  10.8058   0.0000   0.0000   0.0000
    1948   0.6822   0.2594  10.3885   0.0000   0.0000   0.0000
    1949  -0.0812   1.8950  10.2918   0.0000   0.0000   0.0000
    1950   0.8134   1.8529   9.9699   0.0000   0.0000   0.0000
    1951   0.3680   1.0670  10.8668   0.0000   0.0000   0.0000
    1952   1.0684   1.1839  10.3411   0.0000   0.0000   0.0000
    1953   1.4553   1.0977  10.5663   0.0000   0.0000   0.0000
    1954   0.7131   0.3380  10.0328   0.0000   0.0000   0.0000
    1955   0.3924   0.5289  10.2788   0.0000   0.0000   0.0000
    1956   1.5440   0.9687  10.2061   0.0000   0.0000   0.0000
    1957   1.0807  -0.1443  10.8287   0.0000   0.0000   0.0000
    1958   1.1912   0.4921  10.0158   0.0000   0.0000   0.0000
    1959   1.2410   0.6355  10.0217   0.0000   0.0000   0.0000
    1960   0.5592   0.3829  10.4690   0.0000   0.0000   0.0000
    1961   1.4282   0.3095  10.4487   0.0000   0.0000   0.0000
    1962   1.1724   0.6183  11.3734   0.0000   0.0000   0.0000
    1963   1.8421   0.1453  11.1649   0.0000   0.0000   0.0000
    1964   0.7335   0.3539  11.0670   0.0000   0.0000   0.0000
    1965   1.2909   0.5662  10.1802   0.0000   0.0000   0.0000
    1966   0.7545   1.2513   9.8145   0.0000   0.0000   0.0000
    1967   1.1150   0.3472  10.3889   0.0000   0.0000   0.0000
    1968   1.0319  -0.6867  11.5983   0.0000   0.0000   0.0000
    1969   0.2872   0.4927  10.9682   0.0000   0.0000   0.0000
    1970  -0.2146   0.2638  11.2012   0.0000   0.0000   0.0000
    1971   1.0137   0.4908  11.7849   0.0000   0.0000   0.0000
    1972  -0.4611   0.6119  11.1367   0.0000   0.0000   0.0000
    1973   0.1057   0.0652  11.7243   0.0000   0.0000   0.0000
    1974  -0.0379   0.2902  12.1893   0.0000   0.0000   0.0000
    1975  -0.4708   0.4810  12.2323   0.0000   0.0000   0.0000
    1976  -0.5029   1.0638  11.8871   0.0000   0.0000   0.0000
    1977  -0.3343  -0.1329  12.2324   0.0000   0.0000   0.0000
    1978  -0.4601  -0.1307  11.6001   0.0000   0.0000   0.0000
    1979   0.4030  -0.1814  11.4975   0.0000   0.0000   0.0000
    1980   0.6758  -0.1300  10.7054   0.0000   0.0000   0.0000
    1981   0.0463   0.3567  10.9565   0.0000   0.0000   0.0000
    1982   0.1565  -0.0125  11.3619   0.0000   0.0000   0.0000
    1983   0.6111   0.3601  10.3830   0.0000   0.0000   0.0000
    1984   0.1193   0.7436  11.0134   0.0000   0.0000   0.0000
    1985   0.5481   0.7494  11.2070   0.0000   0.0000   0.0000
    1986   0.3118  -0.4240  11.0736   0.0000   0.0000   0.0000
    1987   1.0008  -0.3710  11.5093   0.0000   0.0000   0.0000
    1988   0.8602   0.3247  11.3781   0.0000   0.0000   0.0000
    1989   1.0607   0.4026  10.9194   0.0000   0.0000   0.0000
    1990   0.4492   0.5390  10.5579   0.0000   0.0000   0.0000
    1991   1.8380   0.1420  11.8836   0.0000   0.0000   0.0000
    1992  -0.1588   0.7053  11.4227   0.0000   0.0000   0.0000
    1993  -0.2207  -0.1544  11.2928   0.0000   0.0000   0.0000
    1994  -0.2032  -0.0124  11.8615   0.0000   0.0000   0.0000
    1995  -0.1309   0.5180  12.0049   0.0000   0.0000   0.0000
    1996  -0.3743   0.8400  10.9944   0.0000   0.0000   0.0000
    1997   0.0854   0.2635  10.2948   0.0000   0.0000   0.0000
    1998  -0.2440  -0.4211  10.1200   0.0000   0.0000   0.0000
    1999  -0.9137   0.6225  10.4848   0.0000   0.0000   0.0000
    2000  -0.3460   0.9870  10.5455   0.0000   0.0000   0.0000
    2001  -0.2437   0.4297  10.5737   0.0000   0.0000   0.0000
    2002  -0.7609   0.4489  10.4436   0.0000   0.0000   0.0000
    2003  -0.5919  -0.2292  10.8861   0.0000   0.0000   0.0000
    2004  -0.4597   0.1412  10.0572   0.0000   0.0000   0.0000
    2005  -1.4341  -0.1755   9.8081   0.0000   0.0000   0.0000
    2006  -1.2082   0.5244  10.4333   0.0000   0.0000   0.0000
    2007  -0.6664   0.0920  10.6011   0.0000   0.0000   0.0000
    2008  -2.2470   0.5436  10.2008   0.0000   0.0000   0.0000
    2009  -1.5257   0.2801  10.1367   0.0000   0.0000   0.0000
    2010  -1.7480   0.2654  10.5267   0.0000   0.0000   0.0000
    2011  -1.3475  -0.3121  11.1785   0.0000   0.0000   0.0000
    2012  -1.5586   0.1658  10.9632   0.0000   0.0000   0.0000
    2013  -1.6294   0.1218  10.5091   0.0000   0.0000   0.0000
    2014  -1.5615  -0.3724  10.5554   0.0000   0.0000   0.0000
    2015  -1.1597  -0.4630  10.6350   0.0000   0.0000   0.0000
    2016  -0.8600  -0.7119  10.8442   0.0000   0.0000   0.0000
    2017  -1.7789  -1.1095  11.2890   0.0000   0.0000   0.0000
    2018  -1.0962  -0.2462  11.3635   0.0000   0.0000   0.0000
    2019  -0.8880   0.0587  10.8110   0.0000   0.0000   0.0000
    2020  -0.5199   0.0489  10.9928   0.0000   0.0000   0.0000
    2021  -0.9799   0.1821  10.7276   0.0000   0.0000   0.0000
    2022  -0.9657   0.5110  11.2812   0.0000   0.0000   0.0000
    2023  -0.5197   0.6090  11.1025   0.0000   0.0000   0.0000
    2024  -0.4376   0.4292  11.4878   0.0000   0.0000   0.0000
    2025  -0.4808  -0.2141  11.6576   0.0000   0.0000   0.0000
    2026  -0.5703  -0.1930  11.4772   0.0000   0.0000   0.0000
    2027  -1.1404  -0.7095  11.7459   0.0000   0.0000   0.0000
    2028  -0.2283  -0.3013  12.1141   0.0000   0.0000   0.0000
    2029  -0.8308  -0.1870  11.5200   0.0000   0.0000   0.0000
    2030  -1.2841  -0.3745  11.8524   0.0000   0.0000   0.0000
    2031  -0.0451   0.0187  11.5731   0.0000   0.0000   0.0000
    2032   0.0572   0.5921  12.6132   0.0000   0.0000   0.0000
    2033  -0.2009   0.3868  11.8473   0.0000   0.0000   0.0000
    2034  -0.8831  -0.2356  12.3767   0.0000   0.0000   0.0000
    2035  -0.9225   0.9508  12.0018   0.0000   0.0000   0.0000
    2036   0.5771   0.4462  11.3972   0.0000   0.0000   0.0000
    2037  -0.7984  -0.4449  11.9645   0.0000   0.0000   0.0000
    2038  -1.2238  -0.0552  11.3568   0.0000   0.0000   0.0000
    2039  -0.7842  -0.5423  10.6548   0.0000   0.0000   0.0000
    2040  -1.7206  -0.3520  11.0205   0.0000   0.0000   0.0000
    2041  -0.7508  -0.4828  10.6964   0.0000   0.0000   0.0000
    2042  -0.4767  -0.4083  10.8854   0.0000   0.0000   0.0000
    2043  -1.1034  -0.4760  11.5324   0.0000   0.0000   0.0000
    2044  -0.5656  -0.2841  11.2706   0.0000   0.0000   0.0000
    2045  -0.3018   0.0003  11.4141   0.0000   0.0000   0.0000
    2046  -0.7215  -0.2066  11.1106   0.0000   0.0000   0.0000
    2047  -0.8041  -0.0085  10.5000   0.0000   0.0000   0.0000
    2048  -0.8929  -0.2972  10.8790   0.0000   0.0000   0.0000
    2049  -0.2341  -0.4921  10.7580   0.0000   0.0000   0.0000
    2050  -1.0049  -1.0592  11.3460   0.0000   0.0000   0.0000
    2051  -1.3476  -0.2163  11.6921   0.0000   0.0000   0.0000
    2052  -1.4032  -0.3478  11.3380   0.0000   0.0000   0.0000
    2053  -1.9055  -0.1160  11.5599   0.0000   0.0000   0.0000
    2054  -1.9881   0.4415  11.5311   0.0000   0.0000   0.0000
    2055  -1.2162  -0.1946  11.8197   0.0000   0.0000   0.0000
    2056  -0.4497  -0.6434  12.0472   0.0000   0.0000   0.0000
    2057   0.2216   0.5714  11.3973   0.0000   0.0000   0.0000
    2058  -0.5942   0.4594  11.5909   0.0000   0.0000   0.0000
    2059  -0.1144   0.4134  11.5774   0.0000   0.0000   0.0000
    2060   0.4064   0.3021  12.2255   0.0000   0.0000   0.0000
    2061   0.2888   0.8126  12.1472   0.0000   0.0000   0.0000
    2062   0.6722   0.2522  12.9846   0.0000   0.0000   0.0000
    2063   0.6344   0.4759  12.5356   0.0000   0.0000   0.0000
    2064   0.8134   1.1361  12.2888   0.0000   0.0000   0.0000
    2065   0.7293   0.4738  11.9369   0.0000   0.0000   0.0000
    2066   0.3797   0.4518  12.1274   0.0000   0.0000   0.0000
    2067   0.0571   0.5365  12.6447   0.0000   0.0000   0.0000
    2068   0.1315  -0.0415  12.1490   0.0000   0.0000   0.0000
    2069   0.5241   0.4252  12.8627   0.0000   0.0000   0.0000
    2070   0.2951   0.2848  12.8756   0.0000   0.0000   0.0000
    2071   0.3138  -0.0026  12.8311   0.0000   0.0000   0.0000
    2072  -0.7639   0.6714  13.5484   0.0000   0.0000   0.0000
    2073  -0.3811   0.8713  13.2841   0.0000   0.0000   0.0000
    2074  -0.0379   1.3164  12.7256   0.0000   0.0000   0.0000
    2075   0.5078   0.5995  12.9860   0.0000   0.0000   0.0000
    2076  -0.1927  -0.4634  12.6934   0.0000   0.0000   0.0000
    2077  -0.6910  -0.1991  12.9347   0.0000   0.0000   0.0000
    2078   0.0352  -0.5877  12.4570   0.0000   0.0000   0.0000
    2079   0.1703  -0.1735  12.5955   0.0000   0.0000   0.0000
    2080  -0.6748  -0.5044  12.8235   0.0000   0.0000   0.0000
    2081  -1.3115   1.1203  13.0029   0.0000   0.0000   0.0000
    2082  -0.3029   0.4757  13.0108   0.0000   0.0000   0.0000
    2083  -0.8718   0.6519  12.9385   0.0000   0.0000   0.0000
    2084  -0.7487   0.9803  12.6129   0.0000   0.0000   0.0000
    2085   0.2426  -0.3230  12.1986   0.0000   0.0000   0.0000
    2086   1.0943   1.0949  12.4718   0.0000   0.0000   0.0000
    2087   0.2396   1.0183  11.7134   0.0000   0.0000   0.0000
    2088  -0.0399   0.9556  12.0660   0.0000   0.0000   0.0000
    2089   0.9448   0.1628  12.2410   0.0000   0.0000   0.0000
    2090   0.6729   0.3822  12.0142   0.0000   0.0000   0.0000
    2091   0.9796   0.6521  12.1066   0.0000   0.0000   0.0000
    2092   1.0233   0.5132  11.8799   0.0000   0.0000   0.0000
    2093   1.6213   0.6878  12.0146   0.0000   0.0000   0.0000
    2094   1.1707   0.7795  12.4799   0.0000   0.0000   0.0000
    2095   0.9648   1.0249  12.8162   0.0000   0.0000   0.0000
    2096   0.1701   1.0394  12.8449   0.0000   0.0000   0.0000
    2097   0.0974   1.3310  12.7487   0.0000   0.0000   0.0000
    2098  -0.6596   1.0476  12.8198   0.0000   0.0000   0.0000
    2099  -0.8334   0.7109  12.7800   0.0000   0.0000   0.0000
    2100   0.1359   0.9564  12.8471   0.0000   0.0000   0.0000
    2101  -0.9280   1.4019  12.7386   0.0000   0.0000   0.0000
    2102  -0.1838   0.8258  12.9136   0.0000   0.0000   0.0000
    2103  -0.7303   0.2628  13.2360   0.0000   0.0000   0.0000
    2104  -0.6449   0.7674  13.7864   0.0000   0.0000   0.0000
    2105  -0.7342   0.8057  13.0022   0.0000   0.0000   0.0000
    2106  -0.8619   0.4876  12.7460   0.0000   0.0000   0.0000
    2107  -0.7865   0.6241  12.2518   0.0000   0.0000   0.0000
    2108  -1.2286   0.8921  12.2321   0.0000   0.0000   0.0000
    2109  -0.4387   1.0817  12.0257   0.0000   0.0000   0.0000
    2110  -0.4822   1.5539  12.5649   0.0000   0.0000   0.0000
    2111  -1.2730   0.5877  12.9323   0.0000   0.0000   0.0000
    2112  -1.4393   1.2832  12.9593   0.0000   0.0000   0.0000
    2113  -0.6531   0.7594  13.6568   0.0000   0.0000   0.0000
    2114  -1.1562   0.5240  13.7778   0.0000   0.0000   0.0000
    2115  -0.8242   1.0260  12.8680   0.0000   0.0000   0.0000
    2116  -0.3723   0.9930  13.4264   0.0000   0.0000   0.0000
    2117  -0.0064   0.3686  13.8071   0.0000   0.0000   0.0000
    2118   0.6013   0.7982  14.0140   0.0000   0.0000   0.0000
    2119   0.6719   0.8481  13.7401   0.0000   0.0000   0.0000
    2120   1.1068   0.6331  13.5563   0.0000   0.0000   0.0000
    2121   0.9298   1.1643  13.5939   0.0000   0.0000   0.0000
    2122   0.8730   0.2795  13.5869   0.0000   0.0000   0.0000
    2123   0.7985   0.4955  13.4225   0.0000   0.0000   0.0000
    2124   0.4134   0.1599  13.5557   0.0000   0.0000   0.0000
    2125  -0.0817   1.1455  13.6338   0.0000   0.0000   0.0000
    2126   1.0127   0.9042  13.9561   0.0000   0.0000   0.0000
    2127   1.2236  -0.0187  13.5800   0.0000   0.0000   0.0000
    2128  -0.0108  -0.0698  13.5363   0.0000   0.0000   0.0000
    2129   0.8360   0.1089  13.7131   0.0000   0.0000   0.0000
    2130  -0.1276   0.1852  13.6076   0.0000   0.0000   0.0000
    2131   0.1205  -0.4070  13.5582   0.0000   0.0000   0.0000
    2132   0.0503   0.2775  14.0858   0.0000   0.0000   0.0000
    2133   0.2709   0.0302  14.1038   0.0000   0.0000   0.0000
    2134   0.6518  -0.7294  13.9059   0.0000   0.0000   0.0000
    2135   0.6952   0.1170  14.2753   0.0000   0.0000   0.0000
    2136   0.2637  -0.1212  14.0355   0.0000   0.0000   0.0000
    2137  -0.4185   0.6473  13.2258   0.0000   0.0000   0.0000
    2138   0.3190  -0.7213  13.7722   0.0000   0.0000   0.0000
    2139   0.9649  -0.9582  13.6576   0.0000   0.0000   0.0000
    2140   0.1327  -0.8067  13.0495   0.0000   0.0000   0.0000
    2141   0.1117  -0.9816  13.4018   0.0000   0.0000   0.0000
    2142  -0.4435  -0.8783  13.4315   0.0000   0.0000   0.0000
    2143  -1.1235  -0.7554  12.9177   0.0000   0.0000   0.0000
    2144   0.1680  -1.5778  12.9089   0.0000   0.0000   0.0000
    2145  -1.1213  -1.7135  12.8836   0.0000   0.0000   0.0000
    2146  -0.3042  -1.5546  12.9353   0.0000   0.0000   0.0000
    2147  -0.5812  -1.7374  12.5340   0.0000   0.0000   0.0000
    2148  -0.8324  -1.0212  12.5056   0.0000   0.0000   0.0000
    2149  -0.0510  -1.4863  13.2661   0.0000   0.0000   0.0000
    2150  -0.5656  -1.0854  13.3515   0.0000   0.0000   0.0000
    2151  -0.1921  -1.1362  13.3194   0.0000   0.0000   0.0000
    2152   0.1486  -0.3068  13.2797   0.0000   0.0000   0.0000
    2153   0.4646  -0.1593  13.1871   0.0000   0.0000   0.0000
    2154  -0.9278  -0.6816  12.7856   0.0000   0.0000   0.0000
    2155  -1.1850  -0.1524  12.3220   0.0000   0.0000   0.0000
    2156  -1.1524  -0.9435  12.5688   0.0000   0.0000   0.0000
    2157  -1.4899  -1.2444  12.4456   0.0000   0.0000   0.0000
    2158  -0.1996  -0.7938  12.1681   0.0000   0.0000   0.0000
    2159  -0.5564  -1.9930  12.7308   0.0000   0.0000   0.0000
    2160  -0.8233  -1.2675  12.6686   0.0000   0.0000   0.0000
    2161  -0.7656  -1.0720  13.4738   0.0000   0.0000   0.0000
    2162  -0.2283  -0.8122  12.9079   0.0000   0.0000   0.0000
    2163  -0.9154  -1.2404  12.9334   0.0000   0.0000   0.0000
    2164  -0.2810  -0.7410  12.8393   0.0000   0.0000   0.0000
    2165  -1.0966  -0.5604  12.2392   0.0000   0.0000   0.0000
    2166  -1.4985  -1.0749  13.4207   0.0000   0.0000   0.0000
    2167  -1.1329  -1.4068  13.7372   0.0000   0.0000   0.0000
    2168  -1.5555  -0.6445  13.0388   0.0000   0.0000   0.0000
    2169  -1.4978  -1.0224  13.2621   0.0000   0.0000   0.0000
    2170  -1.0964  -0.8644  13.6538   0.0000   0.0000   0.0000
    2171  -1.4798  -0.6223  13.5408   0.0000   0.0000   0.0000
    2172  -0.7289  -1.0377  13.0962   0.0000   0.0000   0.0000
    2173  -0.6063  -1.0775  13.2186   0.0000   0.0000   0.0000
    2174  -0.1969  -0.3843  13.8621   0.0000   0.0000   0.0000
    2175  -0.8317  -0.1139  13.3606   0.0000   0.0000   0.0000
    2176  -1.5754  -0.2748  12.8749   0.0000   0.0000   0.0000
    2177  -1.2305  -1.4398  13.6477   0.0000   0.0000   0.0000
    2178  -1.4876  -1.4187  13.8228   0.0000   0.0000   0.0000
    2179  -0.5107  -1.1530  12.6580   0.0000   0.0000   0.0000
    2180  -1.3392  -0.4037  12.8356   0.0000   0.0000   0.0000
    2181  -0.9566  -0.7882  12.8719   0.0000   0.0000   0.0000
    2182  -0.3602  -0.0886  12.9874   0.0000   0.0000   0.0000
    2183  -0.7098  -1.2272  13.6077   0.0000   0.0000   0.0000
    2184  -0.1856  -1.0853  13.6981   0.0000   0.0000   0.0000
    2185   0.0482  -0.4488  12.7021   0.0000   0.0000   0.0000
    2186  -0.8917  -1.1307  12.6417   0.0000   0.0000   0.0000
    2187   0.3288  -0.5407  12.9740   0.0000   0.0000   0.0000
    2188   0.1727  -0.6882  13.2992   0.0000   0.0000   0.0000
    2189   0.3583  -0.7941  12.9048   0.0000   0.0000   0.0000
    2190  -0.5397  -0.2797  12.3876   0.0000   0.0000   0.0000
    2191  -0.4510  -0.3268  12.5664   0.0000   0.0000   0.0000
    2192   0.3682  -0.2738  12.9069   0.0000   0.0000   0.0000
    2193   0.8257   0.4606  12.3309   0.0000   0.0000   0.0000
    2194   0.7238   0.3199  12.4460   0.0000   0.0000   0.0000
    2195  -0.4617  -0.1810  12.8558   0.0000   0.0000   0.0000
    2196  -0.0331  -0.2526  11.8903   0.0000   0.0000   0.0000
    2197  -0.1358   0.0160  11.9457   0.0000   0.0000   0.0000
    2198  -0.8666  -0.3662  12.3384   0.0000   0.0000   0.0000
    2199  -0.7255  -0.1951  11.9945   0.0000   0.0000   0.0000
    2200   0.5026  -0.1212  12.7661   0.0000   0.0000   0.0000
    2201   0.0686  -0.2926  12.7803   0.0000   0.0000   0.0000
    2202   0.0722  -0.9864  12.9235   0.0000   0.0000   0.0000
    2203  -0.4238  -0.8673  12.3682   0.0000   0.0000   0.0000
    2204  -0.3952  -1.3033  13.3379   0.0000   0.0000   0.0000
    2205  -1.5947  -1.0893  12.7046   0.0000   0.0000   0.0000
    2206  -1.3507  -1.7099  13.1365   0.0000   0.0000   0.0000
    2207  -0.9308  -2.1615  12.6399   0.0000   0.0000   0.0000
    2208  -1.3425  -1.5076  12.9107   0.0000   0.0000   0.0000
    2209  -0.1707  -0.9959  13.1714   0.0000   0.0000   0.0000
    2210  -1.6625  -1.0493  12.2735   0.0000   0.0000   0.0000
    2211  -1.1495  -0.6612  13.4767   0.0000   0.0000   0.0000
    2212  -1.1681  -1.1196  14.4587   0.0000   0.0000   0.0000
    2213  -0.3713  -0.8318  13.7576   0.0000   0.0000   0.0000
    2214  -1.2173  -1.2098  14.0245   0.0000   0.0000   0.0000
    2215  -1.4377  -1.0810  14.0383   0.0000   0.0000   0.0000
    2216  -1.0359  -0.7391  13.7888   0.0000   0.0000   0.0000
    2217  -0.9931  -1.1584  14.3793   0.0000   0.0000   0.0000
    2218  -0.7161  -0.9196  14.5815   0.0000   0.0000   0.0000
    2219  -0.9016  -1.3296  14.6829   0.0000   0.0000   0.0000
    2220  -1.1803  -1.0813  14.4231   0.0000   0.0000   0.0000
    2221  -1.3074  -1.1068  14.4627   0.0000   0.0000   0.0000
    2222  -1.4215  -1.3736  14.1389   0.0000   0.0000   0.0000
    2223  -1.0386  -1.3019  14.8708   0.0000   0.0000   0.0000
    2224  -0.7077  -1.2723  14.2314   0.0000   0.0000   0.0000
    2225  -0.1948  -1.3947  14.6683   0.0000   0.0000   0.0000
    2226  -0.4314  -0.9271  14.0724   0.0000   0.0000   0.0000
    2227  -0.4548  -2.1467  13.7394   0.0000   0.0000   0.0000
    2228  -0.6861  -2.1595  13.7151   0.0000   0.0000   0.0000
    2229  -1.1993  -1.6242  13.4411   0.0000   0.0000   0.0000
    2230  -1.5007  -0.8031  13.5401   0.0000   0.0000   0.0000
    2231  -1.4117  -1.8696  14.0265   0.0000   0.0000   0.0000
    2232  -1.3339  -1.8931  13.7391   0.0000   0.0000   0.0000
    2233  -1.6686  -1.5342  13.5797   0.0000   0.0000   0.0000
    2234  -0.3691  -1.3678  13.1600   0.0000   0.0000   0.0000
    2235  -0.0908  -2.1972  13.9553   0.0000   0.0000   0.0000
    2236  -0.1674  -1.6713  13.9047   0.0000   0.0000   0.0000
    2237  -0.6338  -1.9408  13.8945   0.0000   0.0000   0.0000
    2238  -0.1473  -1.3815  14.0247   0.0000   0.0000   0.0000
    2239  -0.8711  -1.8441  14.0754   0.0000   0.0000   0.0000
    2240  -1.0546  -2.2332  13.1233   0.0000   0.0000   0.0000
    2241  -1.0529  -2.2701  14.0573   0.0000   0.0000   0.0000
    2242  -0.6954  -0.9102  14.0517   0.0000   0.0000   0.0000
    2243  -2.1575  -0.6237  12.8867   0.0000   0.0000   0.0000
    2244  -1.6452  -1.3886  13.1291   0.0000   0.0000   0.0000
    2245  -2.3397  -1.1639  13.8297   0.0000   0.0000   0.0000
    2246  -0.9385  -1.3693  13.3998   0.0000   0.0000   0.0000
    2247  -1.8728  -1.2997  13.3131   0.0000   0.0000   0.0000
    2248  -1.3684  -0.8760  13.5121   0.0000   0.0000   0.0000
    2249  -1.6352  -1.0847  13.2352   0.0000   0.0000   0.0000
    2250  -1.3741  -1.3532  13.5429   0.0000   0.0000   0.0000
    2251  -0.8385  -1.3534  12.3339   0.0000   0.0000   0.0000
    2252  -1.5796  -1.8005  13.0103   0.0000   0.0000   0.0000
    2253  -0.9015  -1.6957  12.7672   0.0000   0.0000   0.0000
    2254  -0.2379  -1.6207  12.4138   0.0000   0.0000   0.0000
    2255  -0.9672  -2.2875  12.4468   0.0000   0.0000   0.0000
    2256  -2.4977  -1.5328  12.6573   0.0000   0.0000   0.0000
    2257  -1.2159  -2.4508  12.9551   0.0000   0.0000   0.0000
    2258  -1.3035  -2.1118  12.6766   0.0000   0.0000   0.0000
    2259  -1.3774  -1.3408  13.0297   0.0000   0.0000   0.0000
    2260  -1.3968  -1.1501  12.7066   0.0000   0.0000   0.0000
    2261  -1.7865  -1.3290  12.5970   0.0000   0.0000   0.0000
    2262   0.2724  -0.9222  12.5361   0.0000   0.0000   0.0000
    2263  -0.5699  -1.4502  12.3791   0.0000   0.0000   0.0000
    2264  -1.4640  -2.0221  12.3632   0.0000   0.0000   0.0000
    2265  -0.9924  -1.7642  12.4729   0.0000   0.0000   0.0000
    2266  -1.0586  -2.9589  12.6248   0.0000   0.0000   0.0000
    2267  -1.3452  -2.9735  12.5934   0.0000   0.0000   0.0000
    2268  -1.7467  -3.0314  12.9156   0.0000   0.0000   0.0000
    2269  -0.4070  -2.5658  12.2374   0.0000   0.0000   0.0000
    2270  -1.5676  -2.8037  12.7513   0.0000   0.0000   0.0000
    2271  -1.1945  -3.0411  13.2211   0.0000   0.0000   0.0000
    2272  -0.3061  -2.9712  13.1707   0.0000   0.0000   0.0000
    2273  -0.2207  -2.8645  12.7142   0.0000   0.0000   0.0000
    2274  -0.0948  -3.4348  12.6719   0.0000   0.0000   0.0000
    2275  -0.4957  -3.1163  13.0461   0.0000   0.0000   0.0000
    2276  -0.4908  -2.9565  13.0617   0.0000   0.0000   0.0000
    2277  -0.0501  -2.9872  12.5378   0.0000   0.0000   0.0000
    2278   0.0721  -2.8055  12.4562   0.0000   0.0000   0.0000
    2279   0.0213  -3.5262  13.1967   0.0000   0.0000   0.0000
    2280  -0.2207  -3.8125  13.0679   0.0000   0.0000   0.0000
    2281  -0.1426  -3.3839  12.7544   0.0000   0.0000   0.0000
    2282   0.0359  -3.8616  13.3848   0.0000   0.0000   0.0000
    2283  -0.4185  -3.8273  13.3504   0.0000   0.0000   0.0000
    2284  -0.3971  -2.7029  13.6328   0.0000   0.0000   0.0000
    2285  -0.7989  -3.4310  13.1887   0.0000   0.0000   0.0000
    2286  -0.5636  -3.3992  13.2052   0.0000   0.0000   0.0000
    2287  -0.2666  -3.8943  13.6591   0.0000   0.0000   0.0000
    2288  -0.4354  -3.5233  13.1274   0.0000   0.0000   0.0000
    2289  -1.6135  -3.0095  13.3848   0.0000   0.0000   0.0000
    2290  -0.8030  -2.8968  13.3245   0.0000   0.0000   0.0000
    2291  -0.5022  -2.4218  13.4595   0.0000   0.0000   0.0000
    2292  -0.2651  -3.2992  13.2558   0.0000   0.0000   0.0000
    2293   0.1476  -2.7511  13.1122   0.0000   0.0000   0.0000
    2294  -0.1758  -2.9437  12.7929   0.0000   0.0000   0.0000
    2295  -0.5214  -3.2067  12.3443   0.0000   0.0000   0.0000
    2296  -0.2522  -3.3851  12.2174   0.0000   0.0000   0.0000
    2297  -0.9518  -2.8267  12.5084   0.0000   0.0000   0.0000
    2298  -0.2019  -2.2270  12.0249   0.0000   0.0000   0.0000
    2299  -0.3600  -3.6582  12.1029   0.0000   0.0000   0.0000
    2300  -0.0134  -2.9364  12.2030   0.0000   0.0000   0.0000
    2301  -0.4912  -3.0728  12.1763   0.0000   0.0000   0.0000
    2302   0.2855  -3.0917  13.3406   0.0000   0.0000   0.0000
    2303   0.0376  -2.7083  13.0184   0.0000   0.0000   0.0000
    2304  -0.3851  -2.3918  12.9942   0.0000   0.0000   0.0000
    2305  -0.1711  -1.9113  12.4846   0.0000   0.0000   0.0000
    2306   0.0122  -1.6493  11.9465   0.0000   0.0000   0.0000
    2307   0.5973  -2.6669  12.0386   0.0000   0.0000   0.0000
    2308  -0.3995  -1.4337  11.7338   0.0000   0.0000   0.0000
    2309   0.3201  -2.3119  11.7779   0.0000   0.0000   0.0000
    2310   0.5059  -2.2025  11.6849   0.0000   0.0000   0.0000
    2311   0.0494  -2.5486  11.1625   0.0000   0.0000   0.0000
    2312  -0.4262  -2.4446  11.8778   0.0000   0.0000   0.0000
    2313  -0.5342  -2.1345  12.1021   0.0000   0.0000   0.0000
    2314  -0.9870  -2.0266  12.3164   0.0000   0.0000   0.0000
    2315  -0.2310  -2.7668  12.3289   0.0000   0.0000   0.0000
    2316  -0.5579  -2.9693  12.1180   0.0000   0.0000   0.0000
    2317  -0.3757  -2.5184  11.7383   0.0000   0.0000   0.0000
    2318   0.3699  -3.0711  12.6005   0.0000   0.0000   0.0000
    2319  -0.5495  -2.9865  11.3355   0.0000   0.0000   0.0000
    2320  -0.4614  -2.6483  11.6376   0.0000   0.0000   0.0000
    2321  -0.6207  -2.8096  11.6344   0.0000   0.0000   0.0000
    2322  -0.8486  -2.5011  11.3616   0.0000   0.0000   0.0000
    2323  -0.3173  -3.1003  12.0016   0.0000   0.0000   0.0000
    2324  -0.3416  -2.9052  11.8739   0.0000   0.0000   0.0000
    2325   0.2724  -3.0610  11.2748   0.0000   0.0000   0.0000
    2326   0.0028  -2.7656  11.5174   0.0000   0.0000   0.0000
    2327   0.2700  -2.4861  11.9437   0.0000   0.0000   0.0000
    2328   0.3220  -2.6582  12.2058   0.0000   0.0000   0.0000
    2329  -0.1864  -2.7210  12.4954   0.0000   0.0000   0.0000
    2330   0.4679  -3.0274  12.2385   0.0000   0.0000   0.0000
    2331   0.6853  -3.2904  11.9057   0.0000   0.0000   0.0000
    2332   0.8612  -3.3301  11.4360   0.0000   0.0000   0.0000
    2333  -0.4689  -3.4023  11.5152   0.0000   0.0000   0.0000
    2334   0.3703  -3.3912  11.3501   0.0000   0.0000   0.0000
    2335  -0.4054  -2.7206  11.3792   0.0000   0.0000   0.0000
    2336   0.0995  -2.7617  11.1209   0.0000   0.0000   0.0000
    2337   0.5239  -2.5295  11.3782   0.0000   0.0000   0.0000
    2338  -1.0098  -2.6429  10.9311   0.0000   0.0000   0.0000
    2339  -0.7385  -2.5348  12.0473   0.0000   0.0000   0.0000
    2340  -1.2363  -2.9347  11.4065   0.0000   0.0000   0.0000
    2341  -1.3841  -3.0243  10.5820   0.0000   0.0000   0.0000
    2342  -1.4228  -2.5659  11.2996   0.0000   0.0000   0.0000
    2343  -0.8776  -2.9657  10.9405   0.0000   0.0000   0.0000
    2344  -0.6819  -3.5580  10.3125   0.0000   0.0000   0.0000
    2345  -0.8369  -3.6757  11.7499   0.0000   0.0000   0.0000
    2346  -1.3719  -3.4679  11.8608   0.0000   0.0000   0.0000
    2347  -0.9948  -3.0403  11.0622   0.0000   0.0000   0.0000
    2348  -1.5734  -2.8871  11.1711   0.0000   0.0000   0.0000
    2349  -0.8907  -2.7608  11.8846   0.0000   0.0000   0.0000
    2350  -1.5234  -2.7622  11.1311   0.0000   0.0000   0.0000
    2351  -2.0278  -2.7145  10.2871   0.0000   0.0000   0.0000
    2352  -1.3608  -1.7385  10.5715   0.0000   0.0000   0.0000
    2353  -0.8208  -1.4656  10.7793   0.0000   0.0000   0.0000
    2354  -0.2761  -1.3187  11.0106   0.0000   0.0000   0.0000
    2355  -0.5107  -2.0926  10.9581   0.0000   0.0000   0.0000
    2356  -1.2271  -1.6193  10.8754   0.0000   0.0000   0.0000
    2357  -0.6681  -1.9962  10.5352   0.0000   0.0000   0.0000
    2358   0.4296  -2.2968  10.1545   0.0000   0.0000   0.0000
    2359  -0.5321  -3.1131  10.7444   0.0000   0.0000   0.0000
    2360   0.7533  -3.0566  10.8899   0.0000   0.0000   0.0000
    2361   0.7300  -3.1116  10.6696   0.0000   0.0000   0.0000
    2362   0.5292  -2.3159  11.6142   0.0000   0.0000   0.0000
    2363   0.6354  -2.9637  11.2360   0.0000   0.0000   0.0000
    2364   1.3747  -2.3667  11.6545   0.0000   0.0000   0.0000
    2365   1.0080  -3.3352  10.6436   0.0000   0.0000   0.0000
    2366   0.5350  -3.0481  10.6619   0.0000   0.0000   0.0000
    2367   0.8364  -4.0973  10.7111   0.0000   0.0000   0.0000
    2368   1.4603  -3.1742  10.0673   0.0000   0.0000   0.0000
    2369   1.1070  -3.1680  10.1265   0.0000   0.0000   0.0000
    2370   1.3291  -2.5021  10.2246   0.0000   0.0000   0.0000
    2371   1.7382  -2.8072  10.3987   0.0000   0.0000   0.0000
    2372   1.6598  -3.5212  10.6795   0.0000   0.0000   0.0000
    2373   1.9164  -3.0433  10.9647   0.0000   0.0000   0.0000
    2374   1.5553  -3.6595  11.5808   0.0000   0.0000   0.0000
    2375   1.5938  -4.2597  10.8102   0.0000   0.0000   0.0000
    2376   1.2800  -3.7075  10.7960   0.0000   0.0000   0.0000
    2377   1.4081  -2.9155  10.5168   0.0000   0.0000   0.0000
    2378   1.7541  -2.7280  10.6872   0.0000   0.0000   0.0000
    2379   1.8401  -3.1796  10.0967   0.0000   0.0000   0.0000
    2380   1.9308  -2.6645  10.1303   0.0000   0.0000   0.0000
    2381   1.5692  -3.3561  10.4752   0.0000   0.0000   0.0000
    2382   1.9764  -3.1086  10.2757   0.0000   0.0000   0.0000
    2383   2.0328  -3.4193  10.4046   0.0000   0.0000   0.0000
    2384   3.2217  -3.4043  10.0340   0.0000   0.0000   0.0000
    2385   2.0852  -2.8832  10.1832   0.0000   0.0000   0.0000
    2386   1.9642  -3.7035   9.3847   0.0000   0.0000   0.0000
    2387   1.9012  -3.1954   9.9217   0.0000   0.0000   0.0000
    2388   2.2629  -3.1180   9.3076   0.0000   0.0000   0.0000
    2389   1.6055  -2.3027   9.2606   0.0000   0.0000   0.0000
    2390   1.7392  -2.3139   9.8406   0.0000   0.0000   0.0000
    2391   1.8305  -2.7899  10.4781   0.0000   0.0000   0.0000
    2392   1.0162  -2.8136  10.2578   0.0000   0.0000   0.0000
    2393   1.6212  -2.9158  10.0461   0.0000   0.0000   0.0000
    2394   1.2967  -1.9376  10.5081   0.0000   0.0000   0.0000
    2395   1.6200  -2.9553  10.9032   0.0000   0.0000   0.0000
    2396   1.3530  -2.7769  11.2165   0.0000   0.0000   0.0000
    2397   1.7520  -1.9136  11.2815   0.0000   0.0000   0.0000
    2398   1.6690  -2.3900  11.9875   0.0000   0.0000   0.0000
    2399   1.2689  -2.4055  11.8431   0.0000   0.0000   0.0000
    2400   0.9411  -2.9656  11.8649   0.0000   0.0000   0.0000
    2401   1.6665  -2.8808  11.8671   0.0000   0.0000   0.0000
    2402   1.2350  -3.0022  11.3498   0.0000   0.0000   0.0000
    2403   0.1901  -3.4235  11.6226   0.0000   0.0000   0.0000
    2404  -0.3766  -2.8361  11.7032   0.0000   0.0000   0.0000
    2405  -0.1129  -2.8818  11.3228   0.0000   0.0000   0.0000
    2406   1.2869  -2.7793  11.2377   0.0000   0.0000   0.0000
    2407   0.2246  -2.6357  11.5356   0.0000   0.0000   0.0000
    2408   0.6105  -2.4799  11.5837   0.0000   0.0000   0.0000
    2409   1.1079  -2.6865  11.7428   0.0000   0.0000   0.0000
    2410   1.9383  -3.4102  11.6735   0.0000   0.0000   0.0000
    2411   0.7637  -2.8528  11.6184   0.0000   0.0000   0.0000
    2412   2.2527  -2.7205  11.6779   0.0000   0.0000   0.0000
    2413   0.8748  -1.9089  11.2331   0.0000   0.0000   0.0000
    2414   0.4367  -3.0309  12.5304   0.0000   0.0000   0.0000
    2415   1.0266  -2.7165  11.4084   0.0000   0.0000   0.0000
    2416   0.6854  -2.5225  10.5787   0.0000   0.0000   0.0000
    2417   1.2318  -2.6646  10.8929   0.0000   0.0000   0.0000
    2418   1.4536  -3.5340  10.8827   0.0000   0.0000   0.0000
    2419   0.4494  -3.0502  10.9705   0.0000   0.0000   0.0000
    2420   1.4456  -3.6094  10.9829   0.0000   0.0000   0.0000
    2421   0.9042  -3.0658  12.1444   0.0000   0.0000   0.0000
    2422   1.3540  -3.9502  11.4904   0.0000   0.0000   0.0000
    2423   1.1753  -3.7129  11.7237   0.0000   0.0000   0.0000
    2424   0.8948  -3.8133  11.6719   0.0000   0.0000   0.0000
    2425   0.7590  -3.4822  11.8102   0.0000   0.0000   0.0000
    2426   1.7120  -3.6399  11.2017   0.0000   0.0000   0.0000
    2427   1.6107  -4.0820  11.3610   0.0000   0.0000   0.0000
    2428   0.7360  -3.5029  11.4829   0.0000   0.0000   0.0000
    2429   1.9636  -3.6517  12.0644   0.0000   0.0000   0.0000
    2430   2.1667  -4.0687  12.4622   0.0000   0.0000   0.0000
    2431   1.7434  -2.8666  11.2655   0.0000   0.0000   0.0000
    2432   1.4108  -2.3503  10.9571   0.0000   0.0000   0.0000
    2433   2.0629  -2.7576  11.5054   0.0000   0.0000   0.0000
    2434   2.2260  -3.2709  12.2317   0.0000   0.0000   0.0000
    2435   2.0343  -2.9289  11.7954   0.0000   0.0000   0.0000
    2436   1.3788  -2.8971  11.2030   0.0000   0.0000   0.0000
    2437   1.1584  -2.7830  11.3192   0.0000   0.0000   0.0000
    2438   1.5542  -2.2021  11.2090   0.0000   0.0000   0.0000
    2439   2.5050  -2.5782  10.8183   0.0000   0.0000   0.0000
    2440   1.7352  -3.0203  11.0993   0.0000   0.0000   0.0000
    2441   2.2723  -2.1596  11.3878   0.0000   0.0000   0.0000
    2442   2.0451  -2.6237  10.9569   0.0000   0.0000   0.0000
    2443   2.1470  -2.5763  11.0884   0.0000   0.0000   0.0000
    2444   2.5837  -2.0272  10.4400   0.0000   0.0000   0.0000
    2445   1.6849  -2.4508  10.5114   0.0000   0.0000   0.0000
    2446   2.1770  -2.5249  10.8650   0.0000   0.0000   0.0000
    2447   2.4434  -2.2993  10.5559   0.0000   0.0000   0.0000
    2448   1.3653  -2.1681  11.1131   0.0000   0.0000   0.0000
    2449   1.7673  -2.0798  10.5750   0.0000   0.0000   0.0000
    2450   2.0219  -1.5215  10.2820   0.0000   0.0000   0.0000
    2451   1.9586  -1.8492  10.1427   0.0000   0.0000   0.0000
    2452   2.0156  -2.2419  10.3298   0.0000   0.0000   0.0000
    2453   1.5630  -2.8585  10.0386   0.0000   0.0000   0.0000
    2454   1.3277  -2.0877  11.0437   0.0000   0.0000   0.0000
    2455   1.1060  -2.2194  10.9401   0.0000   0.0000   0.0000
    2456   0.8085  -2.1201  10.8026   0.0000   0.0000   0.0000
    2457   1.1268  -2.4989  10.6990   0.0000   0.0000   0.0000
    2458   0.5883  -2.3277  11.2678   0.0000   0.0000   0.0000
    2459   0.2293  -1.5051  10.3328   0.0000   0.0000   0.0000
    2460   0.9109  -2.0895  10.4575   0.0000   0.0000   0.0000
    2461   1.2313  -2.0435  10.6530   0.0000   0.0000   0.0000
    2462   0.5242  -2.0462  10.3408   0.0000   0.0000   0.0000
    2463   0.1551  -1.4322  11.0806   0.0000   0.0000   0.0000
    2464   0.3397  -1.8264  11.7194   0.0000   0.0000   0.0000
    2465  -0.6798  -1.8386  11.0148   0.0000   0.0000   0.0000
    2466   1.6939  -2.4691  11.6852   0.0000   0.0000   0.0000
    2467   1.7456  -2.2427  11.1973   0.0000   0.0000   0.0000
    2468   1.6318  -2.4054  11.1975   0.0000   0.0000   0.0000
    2469   1.1242  -1.9944  11.5898   0.0000   0.0000   0.0000
    2470   1.3646  -1.9036  11.9560   0.0000   0.0000   0.0000
    2471   1.7079  -1.3547  11.2374   0.0000   0.0000   0.0000
    2472   1.3222  -1.5349  11.2186   0.0000   0.0000   0.0000
    2473   0.7671  -0.9834  11.0883   0.0000   0.0000   0.0000
    2474   1.2305  -1.7299  11.0817   0.0000   0.0000   0.0000
    2475   0.9523  -2.4077  11.8247   0.0000   0.0000   0.0000
    2476   0.7700  -1.9044  11.8182   0.0000   0.0000   0.0000
    2477   1.0410  -2.0220  12.2095   0.0000   0.0000   0.0000
    2478   1.0897  -1.8177  12.0556   0.0000   0.0000   0.0000
    2479   0.5957  -2.2166  12.0608   0.0000   0.0000   0.0000
    2480   0.6860  -2.0432  11.7288   0.0000   0.0000   0.0000
    2481   1.0072  -1.8840  12.2015   0.0000   0.0000   0.0000
    2482   0.3143  -1.8888  11.4996   0.0000   0.0000   0.0000
    2483   0.0689  -1.9563  11.2811   0.0000   0.0000   0.0000
    2484   0.3367  -2.2347  11.5436   0.0000   0.0000   0.0000
    2485   1.5962  -1.3966  11.7490   0.0000   0.0000   0.0000
    2486   1.3153  -1.9810  11.9512   0.0000   0.0000   0.0000
    2487   0.4872  -1.6872  11.8896   0.0000   0.0000   0.0000
    2488   0.9260  -1.4077  11.8864   0.0000   0.0000   0.0000
    2489   0.7250  -0.8442  10.8822   0.0000   0.0000   0.0000
    2490   0.2444  -1.3211  11.0582   0.0000   0.0000   0.0000
    2491   0.5651  -1.5664  11.7089   0.0000   0.0000   0.0000
    2492  -0.2708  -1.3732  11.9398   0.0000   0.0000   0.0000
    2493  -0.1372  -0.8692  10.8782   0.0000   0.0000   0.0000
    2494   0.5131  -1.6244  11.5533   0.0000   0.0000   0.0000
    2495   1.0605  -1.6929  11.6993   0.0000   0.0000   0.0000
    2496   0.8211  -2.3135  11.2119   0.0000   0.0000   0.0000
    2497   0.6257  -2.2267  11.7812   0.0000   0.0000   0.0000
    2498   0.6005  -2.8934  11.1852   0.0000   0.0000   0.0000
    2499   0.3253  -2.2144  11.1930   0.0000   0.0000   0.0000
    2500   0.6676  -2.6247  10.9028   0.0000   0.0000   0.0000
    2501   0.0869  -2.3926  11.1550   0.0000   0.0000   0.0000
    2502   1.6904  -2.8829  11.0427   0.0000   0.0000   0.0000
    2503   1.0139  -2.9256  10.9370   0.0000   0.0000   0.0000
    2504   0.9013  -2.1019  10.9707   0.0000   0.0000   0.0000
    2505   0.9406  -2.1338  10.8606   0.0000   0.0000   0.0000
    2506   0.7870  -2.4168  10.3872   0.0000   0.0000   0.0000
    2507   1.6728  -2.5676  11.5386   0.0000   0.0000   0.0000
    2508   1.4036  -2.1138  11.8694   0.0000   0.0000   0.0000
    2509   1.5577  -2.0278  10.9507   0.0000   0.0000   0.0000
    2510   1.8551  -1.6750  10.6911   0.0000   0.0000   0.0000
    2511   1.9641  -1.8941  11.3948   0.0000   0.0000   0.0000
    2512   1.8021  -2.3798  11.5561   0.0000   0.0000   0.0000
    2513   2.4184  -2.0250  12.2324   0.0000   0.0000   0.0000
    2514   2.7267  -2.2262  11.8932   0.0000   0.0000   0.0000
    2515   2.0708  -2.1508  11.7484   0.0000   0.0000   0.0000
    2516   1.3459  -2.3123  12.1465   0.0000   0.0000   0.0000
    2517   1.9910  -1.5704  12.4370   0.0000   0.0000   0.0000
    2518   2.0522  -1.0756  11.7537   0.0000   0.0000   0.0000
    2519   1.3776  -1.1326  11.1822   0.0000   0.0000   0.0000
    2520   1.2512  -0.9821  11.3363   0.0000   0.0000   0.0000
    2521   1.6430  -1.0961  10.6224   0.0000   0.0000   0.0000
    2522   0.8879  -0.6993  11.1755   0.0000   0.0000   0.0000
    2523   1.6282  -1.5008  11.1914   0.0000   0.0000   0.0000
    2524   1.0454  -1.2021  11.3771   0.0000   0.0000   0.0000
    2525   1.3790  -1.3612  11.8111   0.0000   0.0000   0.0000
    2526   1.4155  -0.7816  11.8620   0.0000   0.0000   0.0000
    2527   1.7893  -0.4017  11.7320   0.0000   0.0000   0.0000
    2528   1.2462  -0.8097  12.7485   0.0000   0.0000   0.0000
    2529   1.2912  -0.1191  12.4605   0.0000   0.0000   0.0000
    2530   1.2215  -0.0254  12.5854   0.0000   0.0000   0.0000
    2531   1.6358  -0.1241  11.4941   0.0000   0.0000   0.0000
    2532   1.6665  -0.6158  12.0022   0.0000   0.0000   0.0000
    2533   1.0709  -0.2216  12.5014   0.0000   0.0000   0.0000
    2534   0.9566  -0.7942  12.3567   0.0000   0.0000   0.0000
    2535   0.6103  -0.6103  11.8271   0.0000   0.0000   0.0000
    2536   0.5576  -1.2985  12.2858   0.0000   0.0000   0.0000
    2537   0.5965  -0.3385  12.1143   0.0000   0.0000   0.0000
    2538   0.1696  -0.6715  11.5342   0.0000   0.0000   0.0000
    2539   0.8323  -0.3955  11.6784   0.0000   0.0000   0.0000
    2540   0.1684  -0.4060  12.1593   0.0000   0.0000   0.0000
    2541   0.6385  -0.5713  11.8547   0.0000   0.0000   0.0000
    2542   0.7876  -1.1609  11.2143   0.0000   0.0000   0.0000
    2543   0.9039  -1.9879  11.5189   0.0000   0.0000   0.0000
    2544  -0.4135  -1.3244  12.0758   0.0000   0.0000   0.0000
    2545   0.4522  -1.4329  11.6517   0.0000   0.0000   0.0000
    2546   0.9666  -1.8915  11.7324   0.0000   0.0000   0.0000
    2547   0.9767  -1.0446  11.5482   0.0000   0.0000   0.0000
    2548   0.5305  -1.6663  11.9590   0.0000   0.0000   0.0000
    2549   1.6011  -1.2391  11.5073   0.0000   0.0000   0.0000
    2550   0.9168  -0.8985  11.1305   0.0000   0.0000   0.0000
    2551   1.3626  -1.8147  12.7591   0.0000   0.0000   0.0000
    2552   0.6621  -1.3196  13.1161   0.0000   0.0000   0.0000
    2553   0.9554  -1.0736  12.1427   0.0000   0.0000   0.0000
    2554   0.0594  -1.6712  11.2561   0.0000   0.0000   0.0000
    2555   0.2336  -2.0601  11.6238   0.0000   0.0000   0.0000
    2556   0.5257  -1.8281  12.6883   0.0000   0.0000   0.0000
    2557   0.6143  -1.6652  12.6247   0.0000   0.0000   0.0000
    2558  -0.3236  -2.0175  12.6104   0.0000   0.0000   0.0000
    2559   0.7923  -1.5879  12.6620   0.0000   0.0000   0.0000
    2560   0.6149  -2.0369  12.3547   0.0000   0.0000   0.0000
    2561   0.6919  -2.0679  12.8823   0.0000   0.0000   0.0000
    2562   0.5177  -1.7053  12.8331   0.0000   0.0000   0.0000
    2563   0.4642  -1.5640  12.1095   0.0000   0.0000   0.0000
    2564   0.4537  -1.2504  12.7358   0.0000   0.0000   0.0000
    2565   0.8674  -1.7418  11.6865   0.0000   0.0000   0.0000
    2566   0.4274  -1.6686  12.5325   0.0000   0.0000   0.0000
    2567   0.9115  -1.5054  12.1174   0.0000   0.0000   0.0000
    2568   1.0022  -2.1077  12.1375   0.0000   0.0000   0.0000
    2569   1.0371  -2.2553  12.0557   0.0000   0.0000   0.0000
    2570   0.9354  -2.1631  11.6901   0.0000   0.0000   0.0000
    2571   1.5202  -1.6146  11.9695   0.0000   0.0000   0.0000
    2572   1.4637  -1.2984  12.0293   0.0000   0.0000   0.0000
    2573   0.6914  -1.0563  12.3595   0.0000   0.0000   0.0000
    2574   0.9823  -1.3880  12.9858   0.0000   0.0000   0.0000
    2575  -0.4972  -1.5367  12.5151   0.0000   0.0000   0.0000
    2576   0.0998  -1.5570  12.8735   0.0000   0.0000   0.0000
    2577   0.6403  -1.2445  12.5475   0.0000   0.0000   0.0000
    2578   0.5231  -1.4007  12.6978   0.0000   0.0000   0.0000
    2579   0.7183  -1.9503  13.1011   0.0000   0.0000   0.0000
    2580   0.6592  -1.3826  12.4466   0.0000   0.0000   0.0000
    2581   0.5447  -1.2838  12.4795   0.0000   0.0000   0.0000
    2582   0.8140  -0.7804  11.9835   0.0000   0.0000   0.0000
    2583   0.0857  -1.3146  12.0237   0.0000   0.0000   0.0000
    2584   0.2535  -1.3890  11.7883   0.0000   0.0000   0.0000
    2585   1.1057  -1.0675  11.7339   0.0000   0.0000   0.0000
    2586   0.6809  -1.5196  12.2054   0.0000   0.0000   0.0000
    2587   0.8804  -1.8945  12.3172   0.0000   0.0000   0.0000
    2588   1.1193  -2.1385  12.3868   0.0000   0.0000   0.0000
    2589   1.5246  -1.2810  11.8906   0.0000   0.0000   0.0000
    2590   0.9163  -2.0761  11.9588   0.0000   0.0000   0.0000
    2591   1.5250  -2.5458  11.9527   0.0000   0.0000   0.0000
    2592   1.5029  -2.7423  13.0388   0.0000   0.0000   0.0000
    2593   1.6191  -1.9062  12.0881   0.0000   0.0000   0.0000
    2594   1.7351  -1.7905  11.9055   0.0000   0.0000   0.0000
    2595   1.3287  -1.1776  12.0500   0.0000   0.0000   0.0000
    2596   0.7885  -0.6365  11.8934   0.0000   0.0000   0.0000
    2597   0.2432  -0.9951  11.5067   0.0000   0.0000   0.0000
    2598  -0.0972  -0.1567  11.4752   0.0000   0.0000   0.0000
    2599   0.7034  -1.5762  12.6853   0.0000   0.0000   0.0000
    2600   0.6667  -0.8695  12.8227   0.0000   0.0000   0.0000
    2601   0.7413  -2.2650  13.0524   0.0000   0.0000   0.0000
    2602   1.1526  -1.7327  12.5920   0.0000   0.0000   0.0000
    2603   0.8616  -0.8740  12.6462   0.0000   0.0000   0.0000
    2604   0.8001  -1.2830  12.3426   0.0000   0.0000   0.0000
    2605   0.9225  -1.5795  12.8299   0.0000   0.0000   0.0000
    2606   0.9802  -1.2198  12.9144   0.0000   0.0000   0.0000
    2607   1.4024  -1.1429  12.4365   0.0000   0.0000   0.0000
    2608   1.2828  -0.8425  12.4932   0.0000   0.0000   0.0000
    2609   1.3889  -1.3371  12.5022   0.0000   0.0000   0.0000
    2610   1.2809  -0.6552  11.9290   0.0000   0.0000   0.0000
    2611   1.2792  -0.4092  12.0907   0.0000   0.0000   0.0000
    2612   1.4167  -0.5399  11.8259   0.0000   0.0000   0.0000
    2613   0.0645  -0.7832  11.6239   0.0000   0.0000   0.0000
    2614  -0.6289  -1.0582  12.2180   0.0000   0.0000   0.0000
    2615   1.5101  -1.0553  12.1706   0.0000   0.0000   0.0000
    2616   1.5159  -0.7288  12.3020   0.0000   0.0000   0.0000
    2617   0.9872  -0.9184  12.1100   0.0000   0.0000   0.0000
    2618   0.5956  -1.2259  11.1574   0.0000   0.0000   0.0000
    2619   1.0315  -1.4167  11.5769   0.0000   0.0000   0.0000
    2620   0.8455  -1.9626  11.3088   0.0000   0.0000   0.0000
    2621   1.5782  -1.7230  11.1420   0.0000   0.0000   0.0000
    2622   1.2576  -1.2414  11.2894   0.0000   0.0000   0.0000
    2623   0.7377  -1.7663  11.9574   0.0000   0.0000   0.0000
    2624   1.5919  -1.2739  11.7573   0.0000   0.0000   0.0000
    2625   2.5557  -1.4020  11.6095   0.0000   0.0000   0.0000
    2626   2.6878  -1.0305  11.2107   0.0000   0.0000   0.0000
    2627   2.2624  -0.4855  11.5889   0.0000   0.0000   0.0000
    2628   2.1092   0.2262  10.6644   0.0000   0.0000   0.0000
    2629   2.7794  -0.9510  10.8417   0.0000   0.0000   0.0000
    2630   1.9038  -1.6650  11.1604   0.0000   0.0000   0.0000
    2631   1.4256  -1.4665  11.7879   0.0000   0.0000   0.0000
    2632   1.8786  -0.6788  11.7009   0.0000   0.0000   0.0000
    2633   2.4650  -0.8156  11.9107   0.0000   0.0000   0.0000
    2634   2.0153  -1.4159  12.4341   0.0000   0.0000   0.0000
    2635   2.6197  -1.8186  11.7975   0.0000   0.0000   0.0000
    2636   2.7141  -1.5774  12.5508   0.0000   0.0000   0.0000
    2637   2.6421  -1.3483  12.2848   0.0000   0.0000   0.0000
    2638   2.9609  -2.0042  11.9887   0.0000   0.0000   0.0000
    2639   2.9551  -2.0657  12.9600   0.0000   0.0000   0.0000
    2640   2.5570  -1.5929  12.5509   0.0000   0.0000   0.0000
    2641   2.7930  -2.0190  12.6547   0.0000   0.0000   0.0000
    2642   1.7981  -2.2381  12.9536   0.0000   0.0000   0.0000
    2643   2.5243  -3.1239  12.9757   0.0000   0.0000   0.0000
    2644   2.1499  -3.1158  12.7609   0.0000   0.0000   0.0000
    2645   2.0549  -2.7771  12.7866   0.0000   0.0000   0.0000
    2646   1.6863  -3.1755  12.0329   0.0000   0.0000   0.0000
    2647   2.0069  -2.4050  11.9079   0.0000   0.0000   0.0000
    2648   2.6145  -2.2666  12.0094   0.0000   0.0000   0.0000
    2649   2.3378  -2.4163  12.0617   0.0000   0.0000   0.0000
    2650   2.4286  -2.0510  12.4649   0.0000   0.0000   0.0000
    2651   2.6935  -2.5854  12.8762   0.0000   0.0000   0.0000
    2652   2.3761  -1.9941  12.5202   0.0000   0.0000   0.0000
    2653   1.8952  -2.0313  12.6262   0.0000   0.0000   0.0000
    2654   1.9198  -2.4391  12.6061   0.0000   0.0000   0.0000
    2655   2.6364  -2.1902  12.6224   0.0000   0.0000   0.0000
    2656   2.6293  -1.4522  12.5694   0.0000   0.0000   0.0000
    2657   2.7580  -2.2075  13.0477   0.0000   0.0000   0.0000
    2658   2.6985  -1.4095  12.1152   0.0000   0.0000   0.0000
    2659   2.4985  -1.8781  11.9943   0.0000   0.0000   0.0000
    2660   2.1351  -2.1822  11.9562   0.0000   0.0000   0.0000
    2661   2.0212  -0.5442  11.4738   0.0000   0.0000   0.0000
    2662   2.6599  -0.1750  10.8897   0.0000   0.0000   0.0000
    2663   1.9509  -1.5891  11.6922   0.0000   0.0000   0.0000
    2664   2.2135  -1.0912  12.2019   0.0000   0.0000   0.0000
    2665   1.9992  -0.4683  11.3783   0.0000   0.0000   0.0000
    2666   1.9199  -0.5827  11.1842   0.0000   0.0000   0.0000
    2667   2.7041  -0.9588  11.4327   0.0000   0.0000   0.0000
    2668   2.4463  -1.1738  10.8383   0.0000   0.0000   0.0000
    2669   2.9818  -0.9846  11.4622   0.0000   0.0000   0.0000
    2670   1.8989  -1.3546  11.0524   0.0000   0.0000   0.0000
    2671   1.3220  -0.6649  11.3835   0.0000   0.0000   0.0000
    2672   1.7385  -1.0463  11.0617   0.0000   0.0000   0.0000
    2673   2.3952  -1.2245  11.5590   0.0000   0.0000   0.0000
    2674   2.1333  -1.3105  11.7848   0.0000   0.0000   0.0000
    2675   2.5324  -1.8187  10.6619   0.0000   0.0000   0.0000
    2676   1.5223  -1.7346  11.0539   0.0000   0.0000   0.0000
    2677   1.6827  -1.7596  10.7088   0.0000   0.0000   0.0000
    2678   1.9203  -1.6922  11.5688   0.0000   0.0000   0.0000
    2679   2.7019  -1.9193  11.1031   0.0000   0.0000   0.0000
    2680   2.5955  -1.3323  10.6808   0.0000   0.0000   0.0000
    2681   2.1883  -1.4488  11.0697   0.0000   0.0000   0.0000
    2682   2.5260  -1.9609  11.4215   0.0000   0.0000   0.0000
    2683   3.3489  -2.0037  11.1444   0.0000   0.0000   0.0000
    2684   2.2005  -1.7180  11.1354   0.0000   0.0000   0.0000
    2685   1.9849  -1.4426  11.4696   0.0000   0.0000   0.0000
    2686   1.3848  -2.2476  11.4698   0.0000   0.0000   0.0000
    2687   1.5428  -2.5041  11.8987   0.0000   0.0000   0.0000
    2688   2.1151  -2.0095  11.6676   0.0000   0.0000   0.0000
    2689   1.7196  -1.0365  11.6792   0.0000   0.0000   0.0000
    2690   1.0274  -1.6179  11.8927   0.0000   0.0000   0.0000
    2691   2.0720  -1.6822  11.6821   0.0000   0.0000   0.0000
    2692   2.3846  -1.0376  11.6318   0.0000   0.0000   0.0000
    2693   0.9058  -2.6779  11.0181   0.0000   0.0000   0.0000
    2694   1.4688  -1.7844  10.7930   0.0000   0.0000   0.0000
    2695   1.9863  -1.1674  10.8877   0.0000   0.0000   0.0000
    2696   1.8670  -1.3853  10.4774   0.0000   0.0000   0.0000
    2697   0.4951  -0.8166  10.9099   0.0000   0.0000   0.0000
    2698   0.6392  -1.4630  10.9061   0.0000   0.0000   0.0000
    2699   1.2431  -0.9165  10.4663   0.0000   0.0000   0.0000
    2700   1.6290  -1.1202  10.9047   0.0000   0.0000   0.0000
    2701   1.5996  -1.3092  10.8135   0.0000   0.0000   0.0000
    2702   1.8749  -0.3838  10.3537   0.0000   0.0000   0.0000
    2703   2.2561  -0.5812  10.6411   0.0000   0.0000   0.0000
    2704   1.7396  -1.5216  10.6972   0.0000   0.0000   0.0000
    2705   1.4233  -1.2111  11.4923   0.0000   0.0000   0.0000
    2706   1.4208  -1.6746  10.5100   0.0000   0.0000   0.0000
    2707   1.2217  -1.3354   9.9736   0.0000   0.0000   0.0000
    2708   1.8882  -1.6881  10.6126   0.0000   0.0000   0.0000
    2709   2.2500  -2.4878  10.9604   0.0000   0.0000   0.0000
    2710   3.0387  -2.1444  10.4741   0.0000   0.0000   0.0000
    2711   2.6344  -1.5268  10.1694   0.0000   0.0000   0.0000
    2712   1.6796  -1.9762  10.3304   0.0000   0.0000   0.0000
    2713   1.8136  -2.1005  10.6044   0.0000   0.0000   0.0000
    2714   2.7727  -1.8666  10.8207   0.0000   0.0000   0.0000
    2715   2.5204  -2.0675  10.5440   0.0000   0.0000   0.0000
    2716   2.1104  -1.1012  10.6766   0.0000   0.0000   0.0000
    2717   2.6445  -1.7642  11.7595   0.0000   0.0000   0.0000
    2718   1.6259  -1.6261  10.4692   0.0000   0.0000   0.0000
    2719   2.3025  -2.2144  10.8990   0.0000   0.0000   0.0000
    2720   1.3506  -2.0975  10.0833   0.0000   0.0000   0.0000
    2721   1.6665  -1.7908  10.8681   0.0000   0.0000   0.0000
    2722   2.1358  -2.3680  10.0205   0.0000   0.0000   0.0000
    2723   1.1213  -3.0405  10.4681   0.0000   0.0000   0.0000
    2724   2.2225  -2.4753  10.5667   0.0000   0.0000   0.0000
    2725   1.3153  -2.2163  10.6617   0.0000   0.0000   0.0000
    2726   2.4620  -1.9582  10.4429   0.0000   0.0000   0.0000
    2727   1.0264  -2.1126  10.7160   0.0000   0.0000   0.0000
    2728   0.8443  -1.8453  10.8980   0.0000   0.0000   0.0000
    2729   0.3922  -2.2361  10.3413   0.0000   0.0000   0.0000
    2730  -0.3548  -2.2792  10.5480   0.0000   0.0000   0.0000
    2731   0.5479  -2.3759  10.6340   0.0000   0.0000   0.0000
    2732   0.8909  -1.4679  10.4100   0.0000   0.0000   0.0000
    2733   0.4266  -1.7445  11.2852   0.0000   0.0000   0.0000
    2734   0.4746  -2.1312  10.6997   0.0000   0.0000   0.0000
    2735   0.5237  -2.2915  10.8977   0.0000   0.0000   0.0000
    2736   0.5027  -2.5026  12.0093   0.0000   0.0000   0.0000
    2737   0.4672  -2.0770  10.9027   0.0000   0.0000   0.0000
    2738   0.9207  -1.8512  10.9949   0.0000   0.0000   0.0000
    2739  -0.2203  -2.8795  10.9078   0.0000   0.0000   0.0000
    2740   0.3393  -2.8184  11.4878   0.0000   0.0000   0.0000
    2741   1.2163  -2.2799  11.2239   0.0000   0.0000   0.0000
    2742   0.5849  -2.0908  11.6285   0.0000   0.0000   0.0000
    2743   0.9515  -2.6474  11.3536   0.0000   0.0000   0.0000
    2744   1.9261  -2.2964  11.6136   0.0000   0.0000   0.0000
    2745   0.1443  -2.6837  10.7473   0.0000   0.0000   0.0000
    2746  -0.4641  -1.6473  11.1975   0.0000   0.0000   0.0000
    2747   0.1261  -1.1070  11.3160   0.0000   0.0000   0.0000
    2748   0.5699  -1.9396  11.3497   0.0000   0.0000   0.0000
    2749   0.6163  -1.9140  11.6691   0.0000   0.0000   0.0000
    2750   0.8449  -1.0905  11.7341   0.0000   0.0000   0.0000
    2751   1.5237  -1.4541  11.5150   0.0000   0.0000   0.0000
    2752   1.3645  -1.0397  11.6249   0.0000   0.0000   0.0000
    2753   1.9228  -0.5840  11.2488   0.0000   0.0000   0.0000
    2754   1.8875  -1.1489  11.3187   0.0000   0.0000   0.0000
    2755   1.5693  -0.6188  11.6138   0.0000   0.0000   0.0000
    2756   0.4173  -1.5724  10.7633   0.0000   0.0000   0.0000
    2757   0.3792  -0.4056  10.9578   0.0000   0.0000   0.0000
    2758   0.1997  -2.3435  10.5353   0.0000   0.0000   0.0000
    2759   0.9372  -1.1454  10.6532   0.0000   0.0000   0.0000
    2760   0.6174  -2.0463  10.7513   0.0000   0.0000   0.0000
    2761   0.1320  -2.5303  11.3025   0.0000   0.0000   0.0000
    2762   0.8291  -1.7545  10.7314   0.0000   0.0000   0.0000
    2763   1.3108  -1.5120  11.9643   0.0000   0.0000   0.0000
    2764   0.6274  -3.3362  11.6157   0.0000   0.0000   0.0000
    2765   0.6162  -2.6160  11.5126   0.0000   0.0000   0.0000
    2766   0.6487  -2.8987  11.1750   0.0000   0.0000   0.0000
    2767  -0.0168  -2.4229  10.5856   0.0000   0.0000   0.0000
    2768   1.0992  -2.8654  11.0305   0.0000   0.0000   0.0000
    2769   0.7675  -3.3963  11.1012   0.0000   0.0000   0.0000
    2770   1.8802  -3.2537  11.2990   0.0000   0.0000   0.0000
    2771   0.2543  -2.6191  11.1450   0.0000   0.0000   0.0000
    2772   0.3700  -2.4427  10.8546   0.0000   0.0000   0.0000
    2773   0.3827  -2.3200  11.1743   0.0000   0.0000   0.0000
    2774   0.8704  -3.3431  11.4999   0.0000   0.0000   0.0000
    2775   0.9875  -2.5349  10.7228   0.0000   0.0000   0.0000
    2776   1.0891  -2.6211  11.3171   0.0000   0.0000   0.0000
    2777   2.3715  -2.5977  11.7278   0.0000   0.0000   0.0000
    2778   0.4778  -2.9090  11.4648   0.0000   0.0000   0.0000
    2779   1.8771  -2.3536  12.0252   0.0000   0.0000   0.0000
    2780   3.2551  -2.6785  11.9456   0.0000   0.0000   0.0000
    2781   2.9774  -2.8125  12.0862   0.0000   0.0000   0.0000
    2782   3.0301  -1.8794  11.5030   0.0000   0.0000   0.0000
    2783   2.5370  -1.5525  11.8876   0.0000   0.0000   0.0000
    2784   3.1789  -1.4070  11.8298   0.0000   0.0000   0.0000
    2785   2.9544  -1.4898  11.1272   0.0000   0.0000   0.0000
    2786   3.4376  -1.4085  11.6126   0.0000   0.0000   0.0000
    2787   2.2548  -1.6905  11.8713   0.0000   0.0000   0.0000
    2788   1.6696  -2.0865  11.6910   0.0000   0.0000   0.0000
    2789   1.2554  -2.0917  12.4213   0.0000   0.0000   0.0000
    2790   1.5439  -2.7317  12.3974   0.0000   0.0000   0.0000
    2791   1.4814  -3.1757  12.7503   0.0000   0.0000   0.0000
    2792   1.3607  -3.0439  12.6443   0.0000   0.0000   0.0000
    2793   2.2101  -2.8366  12.4707   0.0000   0.0000   0.0000
    2794   1.0785  -2.5967  12.7809   0.0000   0.0000   0.0000
    2795   1.2357  -2.7069  12.6358   0.0000   0.0000   0.0000
    2796   1.0118  -3.0886  12.6213   0.0000   0.0000   0.0000
    2797   0.8477  -3.4446  12.8312   0.0000   0.0000   0.0000
    2798   1.0062  -2.4782  12.8691   0.0000   0.0000   0.0000
    2799   0.8484  -2.7930  13.3384   0.0000   0.0000   0.0000
    2800   1.9628  -2.4369  13.4762   0.0000   0.0000   0.0000
    2801   1.9150  -3.4918  13.5079   0.0000   0.0000   0.0000
    2802   1.7340  -3.8215  13.2036   0.0000   0.0000   0.0000
    2803   2.0608  -3.0994  13.5314   0.0000   0.0000   0.0000
    2804   2.0562  -3.1182  13.3955   0.0000   0.0000   0.0000
    2805   2.1884  -2.9024  13.8536   0.0000   0.0000   0.0000
    2806   2.6181  -2.7751  14.0384   0.0000   0.0000   0.0000
    2807   2.3493  -2.5615  13.8989   0.0000   0.0000   0.0000
    2808   1.3033  -1.8245  13.6162   0.0000   0.0000   0.0000
    2809   1.8950  -2.0407  13.2293   0.0000   0.0000   0.0000
    2810   0.6763  -1.3045  13.3794   0.0000   0.0000   0.0000
    2811   0.7618  -1.9998  13.7055   0.0000   0.0000   0.0000
    2812   2.1249  -1.7974  13.9444   0.0000   0.0000   0.0000
    2813   1.8122  -1.6680  13.1129   0.0000   0.0000   0.0000
    2814   0.9172  -1.3621  13.3094   0.0000   0.0000   0.0000
    2815   1.7478  -1.9545  13.3490   0.0000   0.0000   0.0000
    2816   1.0108  -2.2439  13.8546   0.0000   0.0000   0.0000
    2817   0.7674  -2.1875  14.0312   0.0000   0.0000   0.0000
    2818   0.8524  -2.4865  12.9561   0.0000   0.0000   0.0000
    2819   0.9246  -2.7758  13.9913   0.0000   0.0000   0.0000
    2820   1.4313  -1.8062  14.1513   0.0000   0.0000   0.0000
    2821   1.5531  -2.0992  13.7459   0.0000   0.0000   0.0000
    2822   1.2748  -1.4159  13.8161   0.0000   0.0000   0.0000
    2823   0.9300  -2.0193  13.6566   0.0000   0.0000   0.0000
    2824   1.6505  -1.8457  13.4668   0.0000   0.0000   0.0000
    2825   2.0676  -1.9732  13.2045   0.0000   0.0000   0.0000
    2826   2.0048  -1.8826  12.7330   0.0000   0.0000   0.0000
    2827   1.5485  -1.5514  12.0133   0.0000   0.0000   0.0000
    2828   1.8506  -2.2074  12.2909   0.0000   0.0000   0.0000
    2829   1.5204  -2.4212  12.8247   0.0000   0.0000   0.0000
    2830   1.8839  -1.3562  12.9710   0.0000   0.0000   0.0000
    2831   2.4130  -1.8246  12.7122   0.0000   0.0000   0.0000
    2832   1.5342  -1.8821  12.7460   0.0000   0.0000   0.0000
    2833   1.7060  -1.6199  12.6764   0.0000   0.0000   0.0000
    2834   1.8255  -1.5727  13.6663   0.0000   0.0000   0.0000
    2835   1.7575  -1.9995  13.6204   0.0000   0.0000   0.0000
    2836   1.5482  -2.4260  12.8990   0.0000   0.0000   0.0000
    2837   1.6276  -1.9302  13.6948   0.0000   0.0000   0.0000
    2838   1.0844  -1.9067  12.7176   0.0000   0.0000   0.0000
    2839   1.6790  -2.1987  12.5759   0.0000   0.0000   0.0000
    2840   1.2604  -3.1077  12.5196   0.0000   0.0000   0.0000
    2841   0.6686  -2.9253  12.3763   0.0000   0.0000   0.0000
    2842   0.9596  -2.4722  11.8887   0.0000   0.0000   0.0000
    2843   0.4803  -2.5089  11.5755   0.0000   0.0000   0.0000
    2844   0.6009  -2.3467  11.9046   0.0000   0.0000   0.0000
    2845   1.2763  -0.5949  12.6997   0.0000   0.0000   0.0000
    2846   1.6021  -1.1148  11.8913   0.0000   0.0000   0.0000
    2847   1.9764  -0.8586  12.2190   0.0000   0.0000   0.0000
    2848   2.1133  -0.7797  12.5229   0.0000   0.0000   0.0000
    2849   2.0311  -1.1820  12.3864   0.0000   0.0000   0.0000
    2850   2.3950  -1.2059  12.4434   0.0000   0.0000   0.0000
    2851   2.5752  -1.7383  13.0996   0.0000   0.0000   0.0000
    2852   1.9831  -1.8152  13.5913   0.0000   0.0000   0.0000
    2853   1.7307  -0.9274  12.7291   0.0000   0.0000   0.0000
    2854   1.9522  -2.0870  13.2728   0.0000   0.0000   0.0000
    2855   1.7404  -1.6144  13.0609   0.0000   0.0000   0.0000
    2856   1.5924  -1.3245  12.9369   0.0000   0.0000   0.0000
    2857   1.8688  -2.5119  12.6355   0.0000   0.0000   0.0000
    2858   1.4740  -1.9246  12.7960   0.0000   0.0000   0.0000
    2859   1.8449  -1.8017  13.4243   0.0000   0.0000   0.0000
    2860   1.3394  -2.5241  12.5344   0.0000   0.0000   0.0000
    2861   1.4600  -1.7312  12.8387   0.0000   0.0000   0.0000
    2862   0.8775  -1.5694  11.2085   0.0000   0.0000   0.0000
    2863   1.0674  -1.6828  11.6959   0.0000   0.0000   0.0000
    2864   1.2570  -2.8372  12.0942   0.0000   0.0000   0.0000
    2865   1.9936  -2.2121  12.4670   0.0000   0.0000   0.0000
    2866   1.6291  -2.7253  12.5405   0.0000   0.0000   0.0000
    2867   2.4248  -2.6993  12.4328   0.0000   0.0000   0.0000
    2868   1.0564  -3.4726  11.9786   0.0000   0.0000   0.0000
    2869   1.8355  -2.1871  11.4621   0.0000   0.0000   0.0000
    2870   2.1631  -3.3925  12.5719   0.0000   0.0000   0.0000
    2871   1.9458  -3.2289  12.6450   0.0000   0.0000   0.0000
    2872   1.1564  -3.3126  11.7600   0.0000   0.0000   0.0000
    2873   1.4082  -3.2915  11.5361   0.0000   0.0000   0.0000
    2874   1.4839  -3.5573  12.0634   0.0000   0.0000   0.0000
    2875   2.6934  -4.1675  12.2582   0.0000   0.0000   0.0000
    2876   1.2399  -3.9903  12.6494   0.0000   0.0000   0.0000
    2877   1.3497  -3.6331  12.0585   0.0000   0.0000   0.0000
    2878   1.5131  -3.2223  11.7909   0.0000   0.0000   0.0000
    2879   2.3392  -3.1571  11.8676   0.0000   0.0000   0.0000
    2880   0.6206  -3.6418  11.9985   0.0000   0.0000   0.0000
    2881   2.1967  -3.4726  12.0505   0.0000   0.0000   0.0000
    2882   1.2951  -4.0842  12.4064   0.0000   0.0000   0.0000
    2883   0.5068  -4.0717  11.8853   0.0000   0.0000   0.0000
    2884   1.1249  -3.1003  12.3455   0.0000   0.0000   0.0000
    2885   1.5998  -3.0483  12.1487   0.0000   0.0000   0.0000
    2886   1.7371  -3.6003  12.1179   0.0000   0.0000   0.0000
    2887   1.4292  -2.3396  11.5031   0.0000   0.0000   0.0000
    2888   1.9794  -2.6896  11.5654   0.0000   0.0000   0.0000
    2889   1.5443  -3.7965  12.0987   0.0000   0.0000   0.0000
    2890   2.4424  -2.8808  12.2193   0.0000   0.0000   0.0000
    2891   1.8113  -2.1512  12.2335   0.0000   0.0000   0.0000
    2892   1.3756  -2.8345  12.5317   0.0000   0.0000   0.0000
    2893   2.0542  -3.6584  11.4579   0.0000   0.0000   0.0000
    2894   1.8622  -3.0549  12.2327   0.0000   0.0000   0.0000
    2895   1.3110  -2.0697  12.4940   0.0000   0.0000   0.0000
    2896   1.1452  -1.5177  13.2659   0.0000   0.0000   0.0000
    2897   1.0788  -1.5181  12.4598   0.0000   0.0000   0.0000
    2898   1.4231  -1.5846  11.6205   0.0000   0.0000   0.0000
    2899   0.6659  -1.4311  11.0411   0.0000   0.0000   0.0000
    2900   0.7721  -2.8235  11.7142   0.0000   0.0000   0.0000
    2901   1.3287  -1.8277  11.9366   0.0000   0.0000   0.0000
    2902   1.5038  -1.8134  11.9299   0.0000   0.0000   0.0000
    2903   1.1110  -2.1489  12.1729   0.0000   0.0000   0.0000
    2904   1.7377  -1.7144  11.9347   0.0000   0.0000   0.0000
    2905   1.5490  -2.3167  11.6439   0.0000   0.0000   0.0000
    2906   1.9641  -2.1273  11.6500   0.0000   0.0000   0.0000
    2907   2.1034  -1.7924  11.1115   0.0000   0.0000   0.0000
    2908   1.8810  -2.1723  11.0434   0.0000   0.0000   0.0000
    2909   1.1930  -1.9339  11.4300   0.0000   0.0000   0.0000
    2910   2.0043  -1.3493  11.6303   0.0000   0.0000   0.0000
    2911   2.1137  -1.3309  11.9055   0.0000   0.0000   0.0000
    2912   2.1356  -1.2922  11.8926   0.0000   0.0000   0.0000
    2913   2.4088  -2.0853  11.8838   0.0000   0.0000   0.0000
    2914   2.4946  -1.8261  12.1213   0.0000   0.0000   0.0000
    2915   1.5942  -1.4366  11.5905   0.0000   0.0000   0.0000
    2916   2.5408  -2.5414  12.4169   0.0000   0.0000   0.0000
    2917   1.9790  -2.1767  12.4068   0.0000   0.0000   0.0000
    2918   1.9168  -2.1041  12.3885   0.0000   0.0000   0.0000
    2919   1.9239  -2.1982  12.6263   0.0000   0.0000   0.0000
    2920   2.3837  -1.8344  12.6625   0.0000   0.0000   0.0000
    2921   2.2874  -1.1361  12.5622   0.0000   0.0000   0.0000
    2922   2.0529  -1.5561  12.1115   0.0000   0.0000   0.0000
    2923   1.4764  -2.5003  12.1188   0.0000   0.0000   0.0000
    2924   2.2068  -2.4331  12.3118   0.0000   0.0000   0.0000
    2925   1.4486  -1.6666  12.2759   0.0000   0.0000   0.0000
    2926   1.4425  -1.5063  12.0449   0.0000   0.0000   0.0000
    2927   2.7328  -1.8673  12.1156   0.0000   0.0000   0.0000
    2928   2.7163  -1.6497  11.4838   0.0000   0.0000   0.0000
    2929   2.0876  -1.4999  12.2949   0.0000   0.0000   0.0000
    2930   1.9278  -1.1768  12.3911   0.0000   0.0000   0.0000
    2931   2.4683  -2.1250  11.9799   0.0000   0.0000   0.0000
    2932   1.4785  -2.4196  12.6369   0.0000   0.0000   0.0000
    2933   0.7353  -1.6242  12.4570   0.0000   0.0000   0.0000
    2934   1.7178  -2.8152  13.1108   0.0000   0.0000   0.0000
    2935   2.1139  -2.5747  12.7207   0.0000   0.0000   0.0000
    2936   1.9088  -2.3620  12.5487   0.0000   0.0000   0.0000
    2937   0.6638  -2.2386  11.9575   0.0000   0.0000   0.0000
    2938   1.3719  -2.7018  12.0449   0.0000   0.0000   0.0000
    2939   0.5686  -2.1369  12.1864   0.0000   0.0000   0.0000
    2940   0.1300  -2.3528  11.2223   0.0000   0.0000   0.0000
    2941   0.9592  -2.6018  10.1656   0.0000   0.0000   0.0000
    2942   1.0220  -1.2174  11.0105   0.0000   0.0000   0.0000
    2943   0.8493  -1.5806  10.7380   0.0000   0.0000   0.0000
    2944   1.3661  -1.0096  10.2417   0.0000   0.0000   0.0000
    2945   1.5241  -1.7756  10.6417   0.0000   0.0000   0.0000
    2946   1.5089  -1.4937  10.7542   0.0000   0.0000   0.0000
    2947   1.0665  -1.5202  11.3474   0.0000   0.0000   0.0000
    2948   2.6094  -2.1250  11.9372   0.0000   0.0000   0.0000
    2949   2.4432  -2.2634  11.7949   0.0000   0.0000   0.0000
    2950   3.3481  -2.0945  11.5514   0.0000   0.0000   0.0000
    2951   2.1023  -2.7459  11.5769   0.0000   0.0000   0.0000
    2952   2.3953  -3.3508  12.3380   0.0000   0.0000   0.0000
    2953   1.1701  -2.4636  12.0090   0.0000   0.0000   0.0000
    2954   1.9049  -2.1354  12.4092   0.0000   0.0000   0.0000
    2955   1.6671  -2.9843  12.2782   0.0000   0.0000   0.0000
    2956   1.5549  -2.0212  12.6278   0.0000   0.0000   0.0000
    2957   1.9227  -3.2554  12.9632   0.0000   0.0000   0.0000
    2958   1.4156  -3.1984  12.3306   0.0000   0.0000   0.0000
    2959   1.4627  -2.3567  12.2240   0.0000   0.0000   0.0000
    2960   1.0656  -2.7104  11.7561   0.0000   0.0000   0.0000
    2961   1.1593  -2.2765  11.0477   0.0000   0.0000   0.0000
    2962   0.9905  -2.9055  11.7528   0.0000   0.0000   0.0000
    2963   0.4894  -3.4309  12.2177   0.0000   0.0000   0.0000
    2964   0.7814  -2.8879  12.2170   0.0000   0.0000   0.0000
    2965   0.2025  -3.0000  12.5364   0.0000   0.0000   0.0000
    2966   0.7593  -2.5859  11.9109   0.0000   0.0000   0.0000
    2967   1.7135  -3.0528  11.7014   0.0000   0.0000   0.0000
    2968   0.5277  -2.9824  11.2377   0.0000   0.0000   0.0000
    2969   1.4257  -2.5118  11.0698   0.0000   0.0000   0.0000
    2970   0.9296  -2.1311  11.2078   0.0000   0.0000   0.0000
    2971   2.1324  -2.4682  11.1290   0.0000   0.0000   0.0000
    2972   1.0909  -2.0006  11.3186   0.0000   0.0000   0.0000
    2973   1.1285  -2.2069  10.9777   0.0000   0.0000   0.0000
    2974   0.7684  -2.2463  11.6120   0.0000   0.0000   0.0000
    2975   0.3387  -1.5222  11.7597   0.0000   0.0000   0.0000
    2976   1.9186  -2.0349  11.5902   0.0000   0.0000   0.0000
    2977   0.7123  -1.8506  11.4461   0.0000   0.0000   0.0000
    2978   1.5172  -1.6435  11.4926   0.0000   0.0000   0.0000
    2979   1.2493  -1.4275  12.2595   0.0000   0.0000   0.0000
    2980   1.2147  -1.1177  12.2760   0.0000   0.0000   0.0000
    2981   1.3840  -1.2010  12.0005   0.0000   0.0000   0.0000
    2982   0.3122  -1.6442  11.4747   0.0000   0.0000   0.0000
    2983   0.5416  -2.2931  11.6164   0.0000   0.0000   0.0000
    2984   0.3050  -1.9174  11.3730   0.0000   0.0000   0.0000
    2985   0.5948  -2.2418  10.9789   0.0000   0.0000   0.0000
    2986   0.5788  -2.3328  11.1084   0.0000   0.0000   0.0000
    2987   1.3046  -1.8945  11.5750   0.0000   0.0000   0.0000
    2988   0.8432  -2.8030  11.8606   0.0000   0.0000   0.0000
    2989   1.1361  -1.9500  11.9332   0.0000   0.0000   0.0000
    2990   0.5193  -2.1092  11.3464   0.0000   0.0000   0.0000
    2991   1.0155  -1.9636  11.4981   0.0000   0.0000   0.0000
    2992   0.8941  -2.2890  11.4761   0.0000   0.0000   0.0000
    2993   0.4021  -2.3060  12.2844   0.0000   0.0000   0.0000
    2994   1.0482  -1.3699  11.7388   0.0000   0.0000   0.0000
    2995   0.8033  -1.8189  12.2240   0.0000   0.0000   0.0000
    2996   0.9747  -1.5796  11.4487   0.0000   0.0000   0.0000
    2997   0.0120  -1.3856  11.1622   0.0000   0.0000   0.0000
    2998   0.1079  -1.6325  10.9965   0.0000   0.0000   0.0000
    2999   0.8899  -1.6546  11.4394   0.0000   0.0000   0.0000
    3000   0.6041  -1.6773  11.2056   0.0000   0.0000   0.0000
    3001   0.5677  -1.9166  11.5718   0.0000   0.0000   0.0000
    3002   0.3095  -1.6299  10.9824   0.0000   0.0000   0.0000
    3003  -0.3542  -1.6735  10.4868   0.0000   0.0000   0.0000
    3004   0.1301  -1.8288  11.0278   0.0000   0.0000   0.0000
    3005  -0.3378  -2.1167  10.3463   0.0000   0.0000   0.0000
    3006  -0.3420  -1.7544  10.5361   0.0000   0.0000   0.0000
    3007  -0.0710  -1.6183  11.1516   0.0000   0.0000   0.0000
    3008   0.2379  -1.7492  11.3449   0.0000   0.0000   0.0000
    3009  -0.5456  -1.5766  11.3193   0.0000   0.0000   0.0000
    3010   0.1933  -1.2203  10.9687   0.0000   0.0000   0.0000
    3011   0.7905  -1.9192  11.7632   0.0000   0.0000   0.0000
    3012  -0.4526  -2.0345  10.8088   0.0000   0.0000   0.0000
    3013   0.1759  -1.4177  10.9039   0.0000   0.0000   0.0000
    3014   0.6008  -1.9572  10.4498   0.0000   0.0000   0.0000
    3015  -0.3332  -1.0409  12.0920   0.0000   0.0000   0.0000
    3016   0.2070  -1.2421  11.3997   0.0000   0.0000   0.0000
    3017  -0.0669  -1.1662  11.6116   0.0000   0.0000   0.0000
    3018   0.4632  -0.8901  12.1007   0.0000   0.0000   0.0000
    3019   0.6085  -1.4149  11.9949   0.0000   0.0000   0.0000
    3020   0.4494  -2.0333  11.6987   0.0000   0.0000   0.0000
    3021   0.2989  -1.6469  12.5087   0.0000   0.0000   0.0000
    3022   0.7569  -1.9070  12.5989   0.0000   0.0000   0.0000
    3023   0.9807  -1.0533  12.3244   0.0000   0.0000   0.0000
    3024   0.4380  -1.4498  12.6348   0.0000   0.0000   0.0000
    3025   0.9875  -1.0070  12.4618   0.0000   0.0000   0.0000
    3026   0.9469  -1.0219  13.1642   0.0000   0.0000   0.0000
    3027   0.4889  -1.5045  12.0041   0.0000   0.0000   0.0000
    3028   0.5508  -0.8274  12.4509   0.0000   0.0000   0.0000
    3029   0.9624  -0.2699  12.2979   0.0000   0.0000   0.0000
    3030   0.2357  -0.2145  12.2943   0.0000   0.0000   0.0000
    3031   0.2055  -1.7191  12.1549   0.0000   0.0000   0.0000
    3032   1.1563  -0.5648  12.1046   0.0000   0.0000   0.0000
    3033  -0.2112  -1.6075  11.8175   0.0000   0.0000   0.0000
    3034   0.8067  -1.2998  11.2386   0.0000   0.0000   0.0000
    3035   0.1193  -1.7480  12.4525   0.0000   0.0000   0.0000
    3036  -1.2409  -0.9474  12.3936   0.0000   0.0000   0.0000
    3037   0.3984  -1.4741  11.7885   0.0000   0.0000   0.0000
    3038   0.3589  -1.4731  12.7162   0.0000   0.0000   0.0000
    3039  -0.0186  -1.3534  12.7662   0.0000   0.0000   0.0000
    3040   0.4419  -0.6670  13.3100   0.0000   0.0000   0.0000
    3041  -0.0475  -0.9812  13.2426   0.0000   0.0000   0.0000
    3042  -0.3368  -1.5763  13.1361   0.0000   0.0000   0.0000
    3043   0.4337  -1.4805  13.2686   0.0000   0.0000   0.0000
    3044  -0.3533  -0.9153  14.4365   0.0000   0.0000   0.0000
    3045  -0.0620  -1.3359  13.4416   0.0000   0.0000   0.0000
    3046  -0.8030  -1.0622  13.3562   0.0000   0.0000   0.0000
    3047   0.0527  -1.1350  13.6512   0.0000   0.0000   0.0000
    3048   0.0212  -1.8376  12.5311   0.0000   0.0000   0.0000
    3049  -0.1827  -1.5451  12.8313   0.0000   0.0000   0.0000
    3050   0.5559  -2.3987  13.5341   0.0000   0.0000   0.0000
    3051   0.5958  -2.5657  13.4781   0.0000   0.0000   0.0000
    3052  -0.4636  -1.8467  13.9955   0.0000   0.0000   0.0000
    3053  -0.3562  -1.9328  14.0442   0.0000   0.0000   0.0000
    3054  -1.1454  -1.7437  14.0150   0.0000   0.0000   0.0000
    3055  -0.0120  -1.8638  13.9628   0.0000   0.0000   0.0000
    3056   0.4622  -2.0812  13.6817   0.0000   0.0000   0.0000
    3057  -0.1197  -1.8459  13.6515   0.0000   0.0000   0.0000
    3058  -0.1823  -1.5045  13.5701   0.0000   0.0000   0.0000
    3059  -0.8188  -1.6690  13.8013   0.0000   0.0000   0.0000
    3060  -0.2803  -1.1047  13.8318   0.0000   0.0000   0.0000
    3061   0.0938  -1.4062  13.8222   0.0000   0.0000   0.0000
    3062   0.3722  -0.6855  13.3941   0.0000   0.0000   0.0000
    3063   0.0502  -1.0108  13.7000   0.0000   0.0000   0.0000
    3064   0.4681  -0.6341  13.3791   0.0000   0.0000   0.0000
    3065   0.2368  -1.2521  13.8836   0.0000   0.0000   0.0000
    3066  -1.0430  -1.1152  13.7072   0.0000   0.0000   0.0000
    3067  -0.4579  -1.9439  13.5148   0.0000   0.0000   0.0000
    3068   0.3892  -1.2419  13.7200   0.0000   0.0000   0.0000
    3069   0.2093  -1.9448  13.9069   0.0000   0.0000   0.0000
    3070   0.2293  -1.4733  14.1111   0.0000   0.0000   0.0000
    3071   1.1865  -1.8075  13.4311   0.0000   0.0000   0.0000
    3072   0.3740  -2.3773  13.6913   0.0000   0.0000   0.0000
    3073  -0.0358  -1.4690  14.3953   0.0000   0.0000   0.0000
    3074   0.0624  -2.6895  14.4165   0.0000   0.0000   0.0000
    3075   0.2982  -2.1572  13.9946   0.0000   0.0000   0.0000
    3076   0.4911  -1.7171  13.5912   0.0000   0.0000   0.0000
    3077  -0.3535  -1.5814  12.7879   0.0000   0.0000   0.0000
    3078  -0.5291  -1.7846  13.1458   0.0000   0.0000   0.0000
    3079  -0.7875  -1.5733  12.8189   0.0000   0.0000   0.0000
    3080  -0.3212  -1.6795  13.1154   0.0000   0.0000   0.0000
    3081   0.1737  -1.5929  12.5883   0.0000   0.0000   0.0000
    3082  -0.6498  -1.8076  13.2133   0.0000   0.0000   0.0000
    3083  -0.0143  -1.8201  13.2356   0.0000   0.0000   0.0000
    3084   0.1156  -1.5295  13.5429   0.0000   0.0000   0.0000
    3085   0.8256  -0.9148  14.1152   0.0000   0.0000   0.0000
    3086   0.2098  -1.1725  13.4982   0.0000   0.0000   0.0000
    3087   0.9280  -2.3369  13.3677   0.0000   0.0000   0.0000
    3088   0.4833  -2.7798  13.0128   0.0000   0.0000   0.0000
    3089   1.0876  -1.5222  12.8934   0.0000   0.0000   0.0000
    3090   1.1122  -2.0316  13.2686   0.0000   0.0000   0.0000
    3091   0.5289  -1.7886  13.6096   0.0000   0.0000   0.0000
    3092   0.8527  -2.7389  13.6369   0.0000   0.0000   0.0000
    3093   0.8901  -2.8233  14.4547   0.0000   0.0000   0.0000
    3094   1.4992  -2.7568  14.4500   0.0000   0.0000   0.0000
    3095   0.3882  -2.1568  14.1663   0.0000   0.0000   0.0000
    3096   0.4803  -2.1007  13.9705   0.0000   0.0000   0.0000
    3097   1.4282  -1.7370  13.4861   0.0000   0.0000   0.0000
    3098   1.0213  -1.4711  13.6190   0.0000   0.0000   0.0000
    3099   0.5835  -2.7814  13.5028   0.0000   0.0000   0.0000
    3100   0.5926  -2.3469  13.6785   0.0000   0.0000   0.0000
    3101   0.5408  -2.5057  13.2571   0.0000   0.0000   0.0000
    3102   0.3840  -2.5138  13.2581   0.0000   0.0000   0.0000
    3103   1.2789  -3.2269  13.4190   0.0000   0.0000   0.0000
    3104   0.9016  -2.5437  13.5843   0.0000   0.0000   0.0000
    3105  -0.0423  -2.9750  13.0170   0.0000   0.0000   0.0000
    3106   0.2374  -2.3177  12.8239   0.0000   0.0000   0.0000
    3107   0.6508  -3.0058  12.8827   0.0000   0.0000   0.0000
    3108  -0.3809  -1.8274  13.1228   0.0000   0.0000   0.0000
    3109  -0.2324  -2.8726  13.0937   0.0000   0.0000   0.0000
    3110   0.0407  -2.9161  13.5737   0.0000   0.0000   0.0000
    3111  -0.0663  -2.5359  13.6433   0.0000   0.0000   0.0000
    3112  -1.3250  -2.7598  13.6106   0.0000   0.0000   0.0000
    3113  -0.3157  -3.3689  13.5209   0.0000   0.0000   0.0000
    3114  -0.8299  -2.4761  13.1670   0.0000   0.0000   0.0000
    3115  -0.3184  -3.4780  13.2963   0.0000   0.0000   0.0000
    3116  -0.6100  -3.4567  13.7410   0.0000   0.0000   0.0000
    3117  -0.5470  -3.2065  14.0002   0.0000   0.0000   0.0000
    3118  -0.3546  -3.1298  14.0094   0.0000   0.0000   0.0000
    3119  -0.1733  -3.8506  14.2892   0.0000   0.0000   0.0000
    3120   0.7311  -3.6349  13.9261   0.0000   0.0000   0.0000
    3121   0.3730  -3.5006  14.1601   0.0000   0.0000   0.0000
    3122   0.5911  -2.5777  13.9775   0.0000   0.0000   0.0000
    3123   0.0958  -2.2277  13.5589   0.0000   0.0000   0.0000
    3124   0.2815  -3.2309  13.8995   0.0000   0.0000   0.0000
    3125   0.6109  -3.6451  13.6930   0.0000   0.0000   0.0000
    3126   1.0965  -2.9972  12.9840   0.0000   0.0000   0.0000
    3127   1.2948  -4.1463  13.3647   0.0000   0.0000   0.0000
    3128   1.6109  -3.1931  13.5146   0.0000   0.0000   0.0000
    3129   1.1465  -3.1868  13.1250   0.0000   0.0000   0.0000
    3130   1.3865  -1.7602  13.5082   0.0000   0.0000   0.0000
    3131   1.8859  -2.3234  13.8193   0.0000   0.0000   0.0000
    3132   1.9063  -2.5212  13.3072   0.0000   0.0000   0.0000
    3133   2.4451  -2.6516  13.6907   0.0000   0.0000   0.0000
    3134   1.8066  -2.7060  13.4478   0.0000   0.0000   0.0000
    3135   1.6416  -2.3537  14.2833   0.0000   0.0000   0.0000
    3136   1.1928  -2.2987  13.8838   0.0000   0.0000   0.0000
    3137   1.1865  -1.9868  14.5779   0.0000   0.0000   0.0000
    3138   1.3306  -2.3175  14.1279   0.0000   0.0000   0.0000
    3139   1.4462  -1.1195  14.0608   0.0000   0.0000   0.0000
    3140   2.5638  -1.0755  14.0387   0.0000   0.0000   0.0000
    3141   2.0839  -0.9258  13.3183   0.0000   0.0000   0.0000
    3142   2.2531  -1.5691  13.7257   0.0000   0.0000   0.0000
    3143   2.6640  -1.5808  13.9427   0.0000   0.0000   0.0000
    3144   2.0295  -2.1288  13.8454   0.0000   0.0000   0.0000
    3145   1.7347  -2.4500  14.7590   0.0000   0.0000   0.0000
    3146   1.5735  -2.5947  14.7344   0.0000   0.0000   0.0000
    3147   2.0124  -1.6416  14.8234   0.0000   0.0000   0.0000
    3148   1.7900  -1.3426  13.6278   0.0000   0.0000   0.0000
    3149   2.1798  -1.0508  14.0757   0.0000   0.0000   0.0000
    3150   1.4918  -1.9698  14.6811   0.0000   0.0000   0.0000
    3151   2.2534  -1.2738  13.9278   0.0000   0.0000   0.0000
    3152   2.6655  -1.3222  14.7758   0.0000   0.0000   0.0000
    3153   2.2319  -1.7877  14.3193   0.0000   0.0000   0.0000
    3154   2.2696  -1.6997  14.2095   0.0000   0.0000   0.0000
    3155   2.0136  -1.4337  14.3235   0.0000   0.0000   0.0000
    3156   1.9118  -0.7465  14.0935   0.0000   0.0000   0.0000
    3157   1.8063   0.0902  14.2910   0.0000   0.0000   0.0000
    3158   2.0032  -1.0276  13.8554   0.0000   0.0000   0.0000
    3159   1.7560  -1.7090  14.0173   0.0000   0.0000   0.0000
    3160   1.5838  -1.7612  13.6367   0.0000   0.0000   0.0000
    3161   2.2191  -1.8526  13.2478   0.0000   0.0000   0.0000
    3162   1.8727  -0.5765  14.5808   0.0000   0.0000   0.0000
    3163   2.4724  -1.1142  13.4073   0.0000   0.0000   0.0000
    3164   2.5554  -1.5580  13.7520   0.0000   0.0000   0.0000
    3165   2.1889  -2.0783  13.0262   0.0000   0.0000   0.0000
    3166   1.9182  -2.4923  12.8308   0.0000   0.0000   0.0000
    3167   2.5282  -1.8229  12.9376   0.0000   0.0000   0.0000
    3168   3.1009  -2.0775  13.0882   0.0000   0.0000   0.0000
    3169   2.6073  -1.6249  12.4835   0.0000   0.0000   0.0000
    3170   2.0905  -1.5867  12.7725   0.0000   0.0000   0.0000
    3171   2.9457  -2.1412  13.0620   0.0000   0.0000   0.0000
    3172   3.5172  -2.1934  12.2843   0.0000   0.0000   0.0000
    3173   2.7278  -1.5918  12.7220   0.0000   0.0000   0.0000
    3174   2.9798  -2.4009  11.4594   0.0000   0.0000   0.0000
    3175   2.7197  -1.4371  11.6655   0.0000   0.0000   0.0000
    3176   3.3364  -1.0477  11.0629   0.0000   0.0000   0.0000
    3177   2.9095  -2.3155  11.4780   0.0000   0.0000   0.0000
    3178   2.3669  -2.2758  11.3592   0.0000   0.0000   0.0000
    3179   2.8043  -1.6335  11.1907   0.0000   0.0000   0.0000
    3180   3.0318  -2.0169  11.1999   0.0000   0.0000   0.0000
    3181   2.1619  -0.8036  12.1219   0.0000   0.0000   0.0000
    3182   2.4958  -2.1487  11.5242   0.0000   0.0000   0.0000
    3183   2.6241  -2.0754  10.7933   0.0000   0.0000   0.0000
    3184   3.0620  -2.9609  11.4900   0.0000   0.0000   0.0000
    3185   2.9631  -2.7877  11.5618   0.0000   0.0000   0.0000
    3186   2.5036  -2.9091  11.8657   0.0000   0.0000   0.0000
    3187   3.3495  -2.4661  12.4059   0.0000   0.0000   0.0000
    3188   3.0328  -3.0180  12.7777   0.0000   0.0000   0.0000
    3189   2.7109  -2.2346  13.0540   0.0000   0.0000   0.0000
    3190   3.0486  -1.9971  12.6622   0.0000   0.0000   0.0000
    3191   2.5737  -2.3198  12.9715   0.0000   0.0000   0.0000
    3192   2.9848  -1.7083  12.0397   0.0000   0.0000   0.0000
    3193   1.7739  -2.3507  12.1749   0.0000   0.0000   0.0000
    3194   2.5195  -2.0595  11.1828   0.0000   0.0000   0.0000
    3195   2.4332  -1.6307  10.9544   0.0000   0.0000   0.0000
    3196   1.5501  -2.0135  11.5678   0.0000   0.0000   0.0000
    3197   1.6013  -1.9136  11.0619   0.0000   0.0000   0.0000
    3198   1.4356  -2.1181  11.8471   0.0000   0.0000   0.0000
    3199   2.2258  -1.9583  11.4759   0.0000   0.0000   0.0000
    3200   2.0269  -1.5924  11.1570   0.0000   0.0000   0.0000
    3201   1.5746  -1.1118  11.3565   0.0000   0.0000   0.0000
    3202   1.3682  -1.9714  11.9498   0.0000   0.0000   0.0000
    3203   1.4252  -0.9891  10.5875   0.0000   0.0000   0.0000
    3204   2.0826  -1.0115  10.8243   0.0000   0.0000   0.0000
    3205   1.6840  -0.6283  11.5500   0.0000   0.0000   0.0000
    3206   1.3376  -0.4828  11.4070   0.0000   0.0000   0.0000
    3207   1.6695  -1.0219  11.1549   0.0000   0.0000   0.0000
    3208   1.8626  -0.6991  11.0141   0.0000   0.0000   0.0000
    3209   2.5374  -0.3744  10.4899   0.0000   0.0000   0.0000
    3210   2.3671   0.4428  10.6275   0.0000   0.0000   0.0000
    3211   2.7490  -0.0691  10.7633   0.0000   0.0000   0.0000
    3212   1.7019  -0.7127  10.3870   0.0000   0.0000   0.0000
    3213   1.9692  -1.0991   9.9513   0.0000   0.0000   0.0000
    3214   1.6358  -0.9317   9.4372   0.0000   0.0000   0.0000
    3215   1.1705  -0.0017  10.4744   0.0000   0.0000   0.0000
    3216   2.2467  -1.3359  10.7896   0.0000   0.0000   0.0000
    3217   1.5375  -1.4171   9.9250   0.0000   0.0000   0.0000
    3218   1.9404  -1.6350  10.3885   0.0000   0.0000   0.0000
    3219   2.3854  -1.6558  10.7936   0.0000   0.0000   0.0000
    3220   1.6709  -2.9879  12.2977   0.0000   0.0000   0.0000
    3221   3.0176  -1.3883  11.4972   0.0000   0.0000   0.0000
    3222   1.9455  -1.3781  10.6370   0.0000   0.0000   0.0000
    3223   2.0269  -1.2051  10.5471   0.0000   0.0000   0.0000
    3224   1.4424  -2.4741  10.9683   0.0000   0.0000   0.0000
    3225   2.2447  -1.4030  10.4089   0.0000   0.0000   0.0000
    3226   2.5958  -1.2985  10.0622   0.0000   0.0000   0.0000
    3227   2.9754  -1.1363  10.4344   0.0000   0.0000   0.0000
    3228   1.3501  -0.6432  10.2456   0.0000   0.0000   0.0000
    3229   1.5928  -1.4715  10.6103   0.0000   0.0000   0.0000
    3230   2.9754  -1.2392  10.6806   0.0000   0.0000   0.0000
    3231   2.7111  -1.0785  10.5041   0.0000   0.0000   0.0000
    3232   3.1326  -1.0650  11.0449   0.0000   0.0000   0.0000
    3233   2.5604  -1.7079  11.0017   0.0000   0.0000   0.0000
    3234   2.3605  -1.8296  10.3173   0.0000   0.0000   0.0000
    3235   3.0265  -1.9117  10.6998   0.0000   0.0000   0.0000
    3236   3.1654  -1.7482  11.3356   0.0000   0.0000   0.0000
    3237   2.7362  -1.9342  11.5202   0.0000   0.0000   0.0000
    3238   1.9257  -1.3945  11.6165   0.0000   0.0000   0.0000
    3239   2.3070  -1.7090  10.9413   0.0000   0.0000   0.0000
    3240   2.7790  -2.2690  11.2563   0.0000   0.0000   0.0000
    3241   2.5348  -1.7372  12.3891   0.0000   0.0000   0.0000
    3242   2.8446  -2.0860  12.6635   0.0000   0.0000   0.0000
    3243   2.5949  -1.4933  12.3373   0.0000   0.0000   0.0000
    3244   2.6654  -1.7489  12.5684   0.0000   0.0000   0.0000
    3245   3.3501  -1.1851  12.6061   0.0000   0.0000   0.0000
    3246   2.9581  -2.3867  11.7966   0.0000   0.0000   0.0000
    3247   2.6945  -1.1348  10.9875   0.0000   0.0000   0.0000
    3248   1.5708  -1.8332  11.5563   0.0000   0.0000   0.0000
    3249   1.8122  -2.3216  12.1064   0.0000   0.0000   0.0000
    3250   1.2328  -2.7897  11.1029   0.0000   0.0000   0.0000
    3251   1.6431  -1.8941  11.3123   0.0000   0.0000   0.0000
    3252   1.9742  -1.9890  11.0841   0.0000   0.0000   0.0000
    3253   1.0749  -1.5587  11.6371   0.0000   0.0000   0.0000
    3254   1.5446  -1.1490  11.5230   0.0000   0.0000   0.0000
    3255   2.7361  -2.3811  11.0968   0.0000   0.0000   0.0000
    3256   2.9177  -1.8354  10.6086   0.0000   0.0000   0.0000
    3257   2.9232  -2.5354  11.3540   0.0000   0.0000   0.0000
    3258   2.7623  -2.2511  11.4422   0.0000   0.0000   0.0000
    3259   2.7260  -0.5077  12.1056   0.0000   0.0000   0.0000
    3260   2.6666  -2.2912  11.8935   0.0000   0.0000   0.0000
    3261   2.0692  -2.1914  11.9734   0.0000   0.0000   0.0000
    3262   2.1702  -1.1541  12.1919   0.0000   0.0000   0.0000
    3263   2.1187  -0.6354  12.0050   0.0000   0.0000   0.0000
    3264   3.3173  -0.1819  11.7640   0.0000   0.0000   0.0000
    3265   3.9153  -0.8377  12.4829   0.0000   0.0000   0.0000
    3266   2.6647  -0.9206  11.1052   0.0000   0.0000   0.0000
    3267   2.8222  -0.7968  11.3806   0.0000   0.0000   0.0000
    3268   2.7748  -1.2941  10.9372   0.0000   0.0000   0.0000
    3269   2.5188  -1.2807  11.1656   0.0000   0.0000   0.0000
    3270   2.6722  -0.9366  10.8199   0.0000   0.0000   0.0000
    3271   2.8537  -0.5317  11.1011   0.0000   0.0000   0.0000
    3272   3.2644  -0.2463  11.5797   0.0000   0.0000   0.0000
    3273   2.9795  -0.2407  10.5386   0.0000   0.0000   0.0000
    3274   1.8897  -0.8168  11.0168   0.0000   0.0000   0.0000
    3275   2.3325  -0.8227  11.4252   0.0000   0.0000   0.0000
    3276   1.4664  -0.3334  11.0614   0.0000   0.0000   0.0000
    3277   2.0087  -0.4876  11.2442   0.0000   0.0000   0.0000
    3278   1.8328  -0.4218  10.6660   0.0000   0.0000   0.0000
    3279   1.8621  -0.8951  11.1570   0.0000   0.0000   0.0000
    3280   2.2973  -1.3515  11.3617   0.0000   0.0000   0.0000
    3281   1.6254  -0.5836  11.3111   0.0000   0.0000   0.0000
    3282   1.2941  -0.3806  11.2484   0.0000   0.0000   0.0000
    3283   1.8373  -0.2621  10.9006   0.0000   0.0000   0.0000
    3284   1.1984  -1.0977  11.4337   0.0000   0.0000   0.0000
    3285   0.7976  -1.5830  11.6152   0.0000   0.0000   0.0000
    3286   1.6892  -1.2804  11.7188   0.0000   0.0000   0.0000
    3287   1.0399  -2.1213  11.4572   0.0000   0.0000   0.0000
    3288   1.9085  -1.8510  11.1985   0.0000   0.0000   0.0000
    3289   1.7400  -0.9502  10.9314   0.0000   0.0000   0.0000
    3290   1.3366  -1.1448  11.1746   0.0000   0.0000   0.0000
    3291   1.7002  -1.3935  11.3353   0.0000   0.0000   0.0000
    3292   1.4965  -0.7214  10.1956   0.0000   0.0000   0.0000
    3293   1.4924  -0.9923  10.8736   0.0000   0.0000   0.0000
    3294   1.3258  -0.3824  10.9629   0.0000   0.0000   0.0000
    3295   1.4606   0.2089  11.6060   0.0000   0.0000   0.0000
    3296   2.3238  -0.1972  12.0397   0.0000   0.0000   0.0000
    3297   1.9744  -0.3873  11.6043   0.0000   0.0000   0.0000
    3298   2.2851  -0.7217  11.7494   0.0000   0.0000   0.0000
    3299   1.0023   0.3667  11.5825   0.0000   0.0000   0.0000
    3300   2.1953  -0.0503  11.9231   0.0000   0.0000   0.0000
    3301   1.6520   0.0687  12.2968   0.0000   0.0000   0.0000
    3302   1.4889   0.0298  12.1114   0.0000   0.0000   0.0000
    3303   1.3997   0.0004  12.3960   0.0000   0.0000   0.0000
    3304   1.5834   0.2055  13.2170   0.0000   0.0000   0.0000
    3305   1.9781  -0.7138  13.1936   0.0000   0.0000   0.0000
    3306   2.2056  -0.6915  13.5459   0.0000   0.0000   0.0000
    3307   2.1172   0.1024  12.8956   0.0000   0.0000   0.0000
    3308   2.0137   0.2975  13.8915   0.0000   0.0000   0.0000
    3309   2.0976  -0.8129  13.4997   0.0000   0.0000   0.0000
    3310   1.7566   1.1863  13.5307   0.0000   0.0000   0.0000
    3311   2.2570  -0.5575  12.7191   0.0000   0.0000   0.0000
    3312   2.1632   0.4363  13.3859   0.0000   0.0000   0.0000
    3313   1.8798  -0.1938  13.3193   0.0000   0.0000   0.0000
    3314   1.5917  -0.0475  13.9506   0.0000   0.0000   0.0000
    3315   1.4810  -0.0618  13.9196   0.0000   0.0000   0.0000
    3316   2.0177  -0.1451  13.6345   0.0000   0.0000   0.0000
    3317   1.2838  -0.0498  13.9236   0.0000   0.0000   0.0000
    3318   1.7819   0.4930  14.9132   0.0000   0.0000   0.0000
    3319   2.1830   0.0798  15.1116   0.0000   0.0000   0.0000
    3320   1.8167  -0.2098  15.3446   0.0000   0.0000   0.0000
    3321   1.7434  -0.8958  14.4156   0.0000   0.0000   0.0000
    3322   1.4678   0.1620  15.0950   0.0000   0.0000   0.0000
    3323   1.5548  -0.4777  14.1315   0.0000   0.0000   0.0000
    3324   1.5008  -1.0141  13.5010   0.0000   0.0000   0.0000
    3325   1.1747   0.1244  13.9381   0.0000   0.0000   0.0000
    3326   1.1509  -1.1382  14.4012   0.0000   0.0000   0.0000
    3327   1.0499   0.1553  14.1862   0.0000   0.0000   0.0000
    3328   1.0080  -0.2593  14.1223   0.0000   0.0000   0.0000
    3329   2.1897  -0.8723  14.2283   0.0000   0.0000   0.0000
    3330   1.9599  -0.0833  14.1814   0.0000   0.0000   0.0000
    3331   1.9081  -0.1110  14.3468   0.0000   0.0000   0.0000
    3332   1.6865   0.2407  14.1985   0.0000   0.0000   0.0000
    3333   1.0777  -0.4016  14.6124   0.0000   0.0000   0.0000
    3334   2.6566  -0.3127  14.2742   0.0000   0.0000   0.0000
    3335   1.9410   0.8557  14.5112   0.0000   0.0000   0.0000
    3336   1.9122   0.1041  14.7240   0.0000   0.0000   0.0000
    3337   1.4433  -1.5469  14.7541   0.0000   0.0000   0.0000
    3338   1.3214  -1.3921  15.3551   0.0000   0.0000   0.0000
    3339   2.6854  -1.2188  15.0498   0.0000   0.0000   0.0000
    3340   2.7188  -0.8724  15.3589   0.0000   0.0000   0.0000
    3341   1.6889  -1.7044  14.9461   0.0000   0.0000   0.0000
    3342   2.1132  -1.0246  14.2814   0.0000   0.0000   0.0000
    3343   1.9956  -0.7567  14.4011   0.0000   0.0000   0.0000
    3344   1.3486  -1.1081  15.2648   0.0000   0.0000   0.0000
    3345   1.0951  -1.3285  14.4620   0.0000   0.0000   0.0000
    3346   0.7827  -1.8760  14.6086   0.0000   0.0000   0.0000
    3347   0.5637  -1.4206  15.1686   0.0000   0.0000   0.0000
    3348   1.2630  -2.0092  14.7684   0.0000   0.0000   0.0000
    3349   1.9599  -1.4459  14.8103   0.0000   0.0000   0.0000
    3350   1.2165  -1.6344  14.6486   0.0000   0.0000   0.0000
    3351   0.5323  -1.9849  14.6712   0.0000   0.0000   0.0000
    3352   0.7205  -2.2108  15.1294   0.0000   0.0000   0.0000
    3353   0.5732  -1.8650  14.6001   0.0000   0.0000   0.0000
    3354   1.6240  -2.3249  14.3725   0.0000   0.0000   0.0000
    3355   2.2033  -1.6987  13.7630   0.0000   0.0000   0.0000
    3356   1.9339  -2.1857  15.2556   0.0000   0.0000   0.0000
    3357   2.2660  -2.9921  14.8663   0.0000   0.0000   0.0000
    3358   1.4205  -2.2274  15.6603   0.0000   0.0000   0.0000
    3359   1.6981  -1.5865  15.6490   0.0000   0.0000   0.0000
    3360   1.7410  -1.7440  15.6112   0.0000   0.0000   0.0000
    3361   2.7813  -2.4104  16.5709   0.0000   0.0000   0.0000
    3362   2.6231  -1.4928  15.8236   0.0000   0.0000   0.0000
    3363   2.9194  -0.9346  16.8239   0.0000   0.0000   0.0000
    3364   2.2558  -0.9295  15.5061   0.0000   0.0000   0.0000
    3365   1.3352  -0.7240  15.6218   0.0000   0.0000   0.0000
    3366   2.0122  -1.1184  15.5125   0.0000   0.0000   0.0000
    3367   1.4529  -1.8846  15.6598   0.0000   0.0000   0.0000
    3368   1.0780  -2.5901  16.3857   0.0000   0.0000   0.0000
    3369   1.3767  -2.1795  15.5701   0.0000   0.0000   0.0000
    3370   2.4610  -2.4284  16.4136   0.0000   0.0000   0.0000
    3371   1.7114  -1.3628  15.9914   0.0000   0.0000   0.0000
    3372   1.5723  -1.7935  16.2232   0.0000   0.0000   0.0000
    3373   0.2627  -2.0997  14.7629   0.0000   0.0000   0.0000
    3374   0.1838  -2.2941  14.9921   0.0000   0.0000   0.0000
    3375   0.8592  -1.8338  13.9615   0.0000   0.0000   0.0000
    3376   1.0274  -2.4096  14.5029   0.0000   0.0000   0.0000
    3377   0.8024  -2.3786  14.3903   0.0000   0.0000   0.0000
    3378   0.3281  -1.8578  14.1256   0.0000   0.0000   0.0000
    3379   1.4374  -2.1490  14.3194   0.0000   0.0000   0.0000
    3380   0.8885  -1.8346  14.2332   0.0000   0.0000   0.0000
    3381   2.2128  -1.0581  13.9662   0.0000   0.0000   0.0000
    3382   0.8620  -1.4397  13.7703   0.0000   0.0000   0.0000
    3383   1.1965  -1.2126  13.5445   0.0000   0.0000   0.0000
    3384   0.9999  -1.3733  13.5225   0.0000   0.0000   0.0000
    3385   0.6329  -1.3790  13.7551   0.0000   0.0000   0.0000
    3386   2.0554  -1.0435  13.5136   0.0000   0.0000   0.0000
    3387   1.2715  -0.8169  13.0691   0.0000   0.0000   0.0000
    3388   1.2982  -0.9904  12.9101   0.0000   0.0000   0.0000
    3389   1.8686  -1.7191  12.7958   0.0000   0.0000   0.0000
    3390   1.5291  -1.4983  12.4001   0.0000   0.0000   0.0000
    3391   1.2065  -1.3520  13.6243   0.0000   0.0000   0.0000
    3392   1.3726  -1.3029  12.6362   0.0000   0.0000   0.0000
    3393   0.9019  -1.9205  13.4754   0.0000   0.0000   0.0000
    3394   1.1317  -2.2062  13.8665   0.0000   0.0000   0.0000
    3395   1.4528  -1.9209  13.8097   0.0000   0.0000   0.0000
    3396   1.1163  -1.4611  13.2514   0.0000   0.0000   0.0000
    3397   1.3224  -1.9485  13.1628   0.0000   0.0000   0.0000
    3398   1.3697  -2.4677  12.8020   0.0000   0.0000   0.0000
    3399   1.4022  -1.9406  12.5946   0.0000   0.0000   0.0000
    3400   1.4204  -2.3002  13.6557   0.0000   0.0000   0.0000
    3401   1.4408  -0.9395  13.4905   0.0000   0.0000   0.0000
    3402   0.4012  -1.2681  13.2146   0.0000   0.0000   0.0000
    3403   0.7335  -1.5936  12.7282   0.0000   0.0000   0.0000
    3404   1.5518  -1.9253  13.2892   0.0000   0.0000   0.0000
    3405   0.8529  -0.8775  13.5866   0.0000   0.0000   0.0000
    3406   0.5863  -1.3018  13.8151   0.0000   0.0000   0.0000
    3407   0.4871  -0.7073  13.6019   0.0000   0.0000   0.0000
    3408   0.5017  -1.2134  14.0754   0.0000   0.0000   0.0000
    3409   1.6604  -1.9899  14.2638   0.0000   0.0000   0.0000
    3410   1.0444  -1.8132  14.1148   0.0000   0.0000   0.0000
    3411   1.7457  -2.3171  13.8650   0.0000   0.0000   0.0000
    3412   1.9574  -1.9289  14.3692   0.0000   0.0000   0.0000
    3413   1.8142  -2.7310  13.7335   0.0000   0.0000   0.0000
    3414   1.2413  -1.7399  14.8605   0.0000   0.0000   0.0000
    3415   1.1536  -2.0455  14.3048   0.0000   0.0000   0.0000
    3416   1.2270  -1.8726  14.1667   0.0000   0.0000   0.0000
    3417   1.6582  -1.6651  14.1536   0.0000   0.0000   0.0000
    3418   1.7159  -1.3219  14.0583   0.0000   0.0000   0.0000
    3419   1.3117  -1.4919  13.9777   0.0000   0.0000   0.0000
    3420   2.3093  -2.0524  12.9635   0.0000   0.0000   0.0000
    3421   1.5946  -2.5444  13.4480   0.0000   0.0000   0.0000
    3422   2.3300  -1.9597  13.1799   0.0000   0.0000   0.0000
    3423   2.3066  -2.0295  13.1815   0.0000   0.0000   0.0000
    3424   3.0369  -1.4764  13.5140   0.0000   0.0000   0.0000
    3425   2.6897  -3.0045  13.9192   0.0000   0.0000   0.0000
    3426   3.3052  -2.9280  14.0357   0.0000   0.0000   0.0000
    3427   2.7346  -1.9784  13.9955   0.0000   0.0000   0.0000
    3428   2.7851  -2.0039  13.6684   0.0000   0.0000   0.0000
    3429   3.2738  -2.0754  13.8723   0.0000   0.0000   0.0000
    3430   2.8162  -1.2028  13.9651   0.0000   0.0000   0.0000
    3431   3.1233  -2.3145  13.9231   0.0000   0.0000   0.0000
    3432   3.2437  -1.3134  13.1123   0.0000   0.0000   0.0000
    3433   3.1369  -2.3554  13.8854   0.0000   0.0000   0.0000
    3434   3.6708  -2.1151  13.2914   0.0000   0.0000   0.0000
    3435   3.7512  -2.3481  14.6752   0.0000   0.0000   0.0000
    3436   2.8659  -1.3496  13.9796   0.0000   0.0000   0.0000
    3437   3.5805  -0.7296  13.9405   0.0000   0.0000   0.0000
    3438   3.0015  -1.1175  13.9933   0.0000   0.0000   0.0000
    3439   3.3357  -1.2144  13.7589   0.0000   0.0000   0.0000
    3440   2.5842  -1.7716  14.1914   0.0000   0.0000   0.0000
    3441   2.0839  -0.9772  14.1378   0.0000   0.0000   0.0000
    3442   3.1649  -1.0734  13.0314   0.0000   0.0000   0.0000
    3443   2.4800  -1.3496  14.0447   0.0000   0.0000   0.0000
    3444   2.9829  -0.7594  14.0071   0.0000   0.0000   0.0000
    3445   2.2051  -1.3266  13.8490   0.0000   0.0000   0.0000
    3446   1.9661  -0.7218  13.9033   0.0000   0.0000   0.0000
    3447   2.0024  -0.1615  13.4482   0.0000   0.0000   0.0000
    3448   2.3346  -0.5577  12.9128   0.0000   0.0000   0.0000
    3449   3.2851  -0.9884  12.1876   0.0000   0.0000   0.0000
    3450   2.8558  -1.3114  12.8583   0.0000   0.0000   0.0000
    3451   2.6214  -1.0478  11.8414   0.0000   0.0000   0.0000
    3452   3.1532  -0.2642  11.9649   0.0000   0.0000   0.0000
    3453   3.3122  -1.4275  12.0272   0.0000   0.0000   0.0000
    3454   3.0362  -1.5097  12.6708   0.0000   0.0000   0.0000
    3455   3.2782  -0.8722  11.5036   0.0000   0.0000   0.0000
    3456   3.3519  -1.3598  11.6554   0.0000   0.0000   0.0000
    3457   2.3560  -1.6931  11.6034   0.0000   0.0000   0.0000
    3458   3.0332  -1.5656  11.0567   0.0000   0.0000   0.0000
    3459   2.7438  -1.3625  11.3984   0.0000   0.0000   0.0000
    3460   2.3210  -1.2400  11.2983   0.0000   0.0000   0.0000
    3461   2.5289  -1.8869  11.7213   0.0000   0.0000   0.0000
    3462   2.8669  -1.7666  11.9506   0.0000   0.0000   0.0000
    3463   2.7269  -2.1485  11.9683   0.0000   0.0000   0.0000
    3464   2.8833  -1.9089  12.0299   0.0000   0.0000   0.0000
    3465   2.6850  -1.2683  12.0400   0.0000   0.0000   0.0000
    3466   2.5855  -1.2778  11.9073   0.0000   0.0000   0.0000
    3467   2.8140  -1.8380  12.0879   0.0000   0.0000   0.0000
    3468   3.1767  -1.1710  11.8208   0.0000   0.0000   0.0000
    3469   2.6508  -0.9460  11.7150   0.0000   0.0000   0.0000
    3470   2.5287  -1.6494  10.7460   0.0000   0.0000   0.0000
    3471   2.4562  -0.6643  11.4885   0.0000   0.0000   0.0000
    3472   2.0368   0.2108  11.5286   0.0000   0.0000   0.0000
    3473   2.3038  -1.3528  11.4397   0.0000   0.0000   0.0000
    3474   2.7046  -1.5083  11.8699   0.0000   0.0000   0.0000
    3475   2.2161  -0.9056  11.6859   0.0000   0.0000   0.0000
    3476   1.7530  -0.9969  11.9114   0.0000   0.0000   0.0000
    3477   2.6339  -0.9510  11.5986   0.0000   0.0000   0.0000
    3478   2.8529  -0.6797  12.5297   0.0000   0.0000   0.0000
    3479   2.6712  -1.5013  12.7207   0.0000   0.0000   0.0000
    3480   2.5129  -0.5285  12.4576   0.0000   0.0000   0.0000
    3481   3.5367  -0.6048  11.8742   0.0000   0.0000   0.0000
    3482   3.3019  -1.3486  12.3317   0.0000   0.0000   0.0000
    3483   2.5016  -1.3559  11.9343   0.0000   0.0000   0.0000
    3484   2.4099  -1.8408  11.9336   0.0000   0.0000   0.0000
    3485   2.4108  -1.8552  11.9919   0.0000   0.0000   0.0000
    3486   3.1041  -1.3200  12.1624   0.0000   0.0000   0.0000
    3487   3.7768  -1.2722  11.7217   0.0000   0.0000   0.0000
    3488   3.4931  -1.3583  11.4103   0.0000   0.0000   0.0000
    3489   2.3052  -1.4010  11.6281   0.0000   0.0000   0.0000
    3490   1.8917  -1.3543  11.7993   0.0000   0.0000   0.0000
    3491   2.6239  -1.1848  12.3850   0.0000   0.0000   0.0000
    3492   1.5688  -0.6305  12.1827   0.0000   0.0000   0.0000
    3493   2.5708  -1.3163  12.1587   0.0000   0.0000   0.0000
    3494   1.8684  -1.7299  11.7214   0.0000   0.0000   0.0000
    3495   2.6901  -2.1343  13.0292   0.0000   0.0000   0.0000
    3496   2.2793  -1.5602  12.4036   0.0000   0.0000   0.0000
    3497   1.4201  -1.2002  12.0070   0.0000   0.0000   0.0000
    3498   1.5849  -1.1394  12.1879   0.0000   0.0000   0.0000
    3499   1.2538  -1.1115  12.7252   0.0000   0.0000   0.0000
    3500   2.6132  -2.0584  13.2036   0.0000   0.0000   0.0000
    3501   1.9778  -2.3068  11.9226   0.0000   0.0000   0.0000
    3502   1.5883  -1.8710  11.7503   0.0000   0.0000   0.0000
    3503   1.8338  -2.3558  12.3770   0.0000   0.0000   0.0000
    3504   1.6357  -1.2876  11.7971   0.0000   0.0000   0.0000
    3505   2.1466  -1.3699  11.6250   0.0000   0.0000   0.0000
    3506   0.9316  -1.4753  12.6004   0.0000   0.0000   0.0000
    3507   2.0580  -1.0004  11.7516   0.0000   0.0000   0.0000
    3508   2.1886  -0.6527  11.6968   0.0000   0.0000   0.0000
    3509   1.8077  -1.0382  11.6676   0.0000   0.0000   0.0000
    3510   1.1666  -0.4493  11.7191   0.0000   0.0000   0.0000
    3511   1.8206  -1.3480  11.2269   0.0000   0.0000   0.0000
    3512   1.4458  -1.0462  10.8741   0.0000   0.0000   0.0000
    3513   1.5895  -1.1491  11.1103   0.0000   0.0000   0.0000
    3514   0.9884  -1.1894  10.8517   0.0000   0.0000   0.0000
    3515   0.5713  -0.6105  10.8430   0.0000   0.0000   0.0000
    3516   0.9942  -1.0599  11.2654   0.0000   0.0000   0.0000
    3517   0.6388  -0.9605  12.3737   0.0000   0.0000   0.0000
    3518   0.6218  -1.6116  12.1298   0.0000   0.0000   0.0000
    3519   0.2485  -1.6679  11.9302   0.0000   0.0000   0.0000
    3520   0.3141  -1.4154  11.8328   0.0000   0.0000   0.0000
    3521   0.9237  -1.3742  12.6203   0.0000   0.0000   0.0000
    3522   1.1183  -2.1188  12.7687   0.0000   0.0000   0.0000
    3523   0.7670  -1.9687  12.2378   0.0000   0.0000   0.0000
    3524   1.4758  -2.2732  12.6935   0.0000   0.0000   0.0000
    3525   1.3146  -1.4246  12.0223   0.0000   0.0000   0.0000
    3526   1.3349  -1.1015  12.5249   0.0000   0.0000   0.0000
    3527   1.3099  -1.2353  13.4594   0.0000   0.0000   0.0000
    3528   1.4921  -0.5973  12.6873   0.0000   0.0000   0.0000
    3529   1.3809  -1.5525  12.1918   0.0000   0.0000   0.0000
    3530   1.0389  -1.9392  12.5060   0.0000   0.0000   0.0000
    3531   1.9594  -0.8665  12.1090   0.0000   0.0000   0.0000
    3532   2.1858  -1.1302  12.1305   0.0000   0.0000   0.0000
    3533   0.8174  -1.5360  12.6468   0.0000   0.0000   0.0000
    3534   1.1488  -1.2257  13.2924   0.0000   0.0000   0.0000
    3535   1.1411  -0.5637  12.9105   0.0000   0.0000   0.0000
    3536   1.2242  -1.1843  13.0841   0.0000   0.0000   0.0000
    3537   1.2411  -0.0348  12.0730   0.0000   0.0000   0.0000
    3538   1.9421   0.3151  12.3558   0.0000   0.0000   0.0000
    3539   1.8451  -0.3746  12.6314   0.0000   0.0000   0.0000
    3540   1.7748  -0.4121  12.1701   0.0000   0.0000   0.0000
    3541   1.8989  -1.3616  13.2812   0.0000   0.0000   0.0000
    3542   1.8579  -0.6200  13.2117   0.0000   0.0000   0.0000
    3543   2.2914  -1.5174  12.9991   0.0000   0.0000   0.0000
    3544   2.4355  -0.4761  14.2164   0.0000   0.0000   0.0000
    3545   1.4275  -1.1199  13.8377   0.0000   0.0000   0.0000
    3546   1.8723  -1.6427  13.8791   0.0000   0.0000   0.0000
    3547   1.0998  -1.6786  13.2286   0.0000   0.0000   0.0000
    3548   0.7976  -2.0215  13.5526   0.0000   0.0000   0.0000
    3549   1.6809  -2.3425  13.9935   0.0000   0.0000   0.0000
    3550   1.7420  -1.0180  13.2612   0.0000   0.0000   0.0000
    3551   0.8236  -1.7825  13.5179   0.0000   0.0000   0.0000
    3552   0.4444  -1.7900  13.1841   0.0000   0.0000   0.0000
    3553   1.0581  -1.2873  12.8945   0.0000   0.0000   0.0000
    3554   2.0925  -2.0245  13.0784   0.0000   0.0000   0.0000
    3555   1.4538  -2.1027  13.2620   0.0000   0.0000   0.0000
    3556   1.0429  -1.9262  11.9313   0.0000   0.0000   0.0000
    3557   1.9179  -2.3787  12.3216   0.0000   0.0000   0.0000
    3558   2.2924  -2.2611  13.3999   0.0000   0.0000   0.0000
    3559   1.5438  -1.8526  12.6209   0.0000   0.0000   0.0000
    3560   1.2546  -1.8772  13.0677   0.0000   0.0000   0.0000
    3561   1.7293  -1.4810  12.1733   0.0000   0.0000   0.0000
    3562   2.1441  -0.9522  12.9418   0.0000   0.0000   0.0000
    3563   1.1044  -0.3831  12.9805   0.0000   0.0000   0.0000
    3564   1.1381  -1.3868  12.8317   0.0000   0.0000   0.0000
    3565   1.4738  -0.7860  13.1486   0.0000   0.0000   0.0000
    3566   1.3519  -2.1359  12.7218   0.0000   0.0000   0.0000
    3567   1.5123  -1.6556  12.8561   0.0000   0.0000   0.0000
    3568   1.5885  -0.7292  13.0795   0.0000   0.0000   0.0000
    3569   1.2130  -0.6661  13.1586   0.0000   0.0000   0.0000
    3570   1.9077  -0.8926  12.7306   0.0000   0.0000   0.0000
    3571   1.5271  -0.8043  12.9404   0.0000   0.0000   0.0000
    3572   1.5667  -0.6268  12.9021   0.0000   0.0000   0.0000
    3573   1.2707  -1.8417  12.4506   0.0000   0.0000   0.0000
    3574   1.6409  -0.9734  12.8274   0.0000   0.0000   0.0000
    3575   1.9162  -0.9286  12.6977   0.0000   0.0000   0.0000
    3576   1.6282  -1.8084  13.3356   0.0000   0.0000   0.0000
    3577   1.0377  -1.6170  13.3789   0.0000   0.0000   0.0000
    3578   1.0762  -2.4787  13.4869   0.0000   0.0000   0.0000
    3579   1.4897  -1.1558  13.5059   0.0000   0.0000   0.0000
    3580   2.0269  -0.8409  13.5237   0.0000   0.0000   0.0000
    3581   2.0783  -2.4854  13.3983   0.0000   0.0000   0.0000
    3582   1.6333  -1.5438  13.2358   0.0000   0.0000   0.0000
    3583   1.2264  -1.1987  13.4866   0.0000   0.0000   0.0000
    3584   2.3482  -1.7482  13.5317   0.0000   0.0000   0.0000
    3585   2.0877  -1.2769  14.1531   0.0000   0.0000   0.0000
    3586   1.4739  -0.9217  13.5377   0.0000   0.0000   0.0000
    3587   1.1942  -0.6897  13.3471   0.0000   0.0000   0.0000
    3588   1.3960  -0.6073  13.9045   0.0000   0.0000   0.0000
    3589   0.6729  -1.4537  13.4897   0.0000   0.0000   0.0000
    3590   1.0131  -0.3610  13.9127   0.0000   0.0000   0.0000
    3591   0.7839  -0.0063  14.1079   0.0000   0.0000   0.0000
    3592   1.5376  -1.4907  13.8536   0.0000   0.0000   0.0000
    3593   1.2830  -2.3418  13.7109   0.0000   0.0000   0.0000
    3594   1.5816  -1.3869  14.4083   0.0000   0.0000   0.0000
    3595   2.9670  -2.2427  13.8855   0.0000   0.0000   0.0000
    3596   2.1564  -2.4268  13.1147   0.0000   0.0000   0.0000
    3597   1.9766  -2.6236  13.1448   0.0000   0.0000   0.0000
    3598   1.4395  -1.5652  13.1571   0.0000   0.0000   0.0000
    3599   1.2208  -1.6269  13.7003   0.0000   0.0000   0.0000
    3600   2.0318  -1.8934  13.4397   0.0000   0.0000   0.0000
    3601   1.4493  -1.4336  14.3905   0.0000   0.0000   0.0000
    3602   1.3204  -2.4703  14.2569   0.0000   0.0000   0.0000
    3603   1.2496  -2.8503  13.6586   0.0000   0.0000   0.0000
    3604   0.9632  -1.7990  13.6248   0.0000   0.0000   0.0000
    3605   1.5202  -1.8758  13.2771   0.0000   0.0000   0.0000
    3606   1.1434  -2.0864  13.0502   0.0000   0.0000   0.0000
    3607   1.7741  -2.6814  13.4929   0.0000   0.0000   0.0000
    3608   2.1519  -2.8112  14.0732   0.0000   0.0000   0.0000
    3609   2.2643  -2.0937  14.0069   0.0000   0.0000   0.0000
    3610   1.5859  -2.4616  14.5582   0.0000   0.0000   0.0000
    3611   1.7841  -2.9624  13.7872   0.0000   0.0000   0.0000
    3612   2.0999  -2.1024  14.1058   0.0000   0.0000   0.0000
    3613   2.0720  -3.2009  13.8925   0.0000   0.0000   0.0000
    3614   1.4588  -2.7670  13.5402   0.0000   0.0000   0.0000
    3615   2.1085  -1.9529  13.7727   0.0000   0.0000   0.0000
    3616   1.9448  -3.4484  12.8843   0.0000   0.0000   0.0000
    3617   1.8782  -2.6802  13.5192   0.0000   0.0000   0.0000
    3618   1.3111  -2.1890  12.9406   0.0000   0.0000   0.0000
    3619   1.9599  -2.2743  13.1528   0.0000   0.0000   0.0000
    3620   1.1589  -2.7867  12.8548   0.0000   0.0000   0.0000
    3621   1.4001  -2.6939  13.0356   0.0000   0.0000   0.0000
    3622   1.6069  -2.5678  13.3687   0.0000   0.0000   0.0000
    3623   1.2909  -2.1085  13.6622   0.0000   0.0000   0.0000
    3624   2.5430  -2.6196  13.1405   0.0000   0.0000   0.0000
    3625   2.1121  -2.3064  12.8414   0.0000   0.0000   0.0000
    3626   1.9130  -1.9924  13.2041   0.0000   0.0000   0.0000
    3627   2.1698  -2.7334  13.8899   0.0000   0.0000   0.0000
    3628   2.3281  -1.7408  13.2136   0.0000   0.0000   0.0000
    3629   2.2779  -1.9144  12.7911   0.0000   0.0000   0.0000
    3630   1.3431  -2.0831  12.8200   0.0000   0.0000   0.0000
    3631   2.3980  -2.4940  12.6681   0.0000   0.0000   0.0000
    3632   0.6265  -2.3179  12.8571   0.0000   0.0000   0.0000
    3633   1.7788  -1.5423  13.0038   0.0000   0.0000   0.0000
    3634   1.3535  -2.7854  12.8566   0.0000   0.0000   0.0000
    3635   1.3361  -2.4883  12.9810   0.0000   0.0000   0.0000
    3636   1.1727  -2.0265  12.8120   0.0000   0.0000   0.0000
    3637   1.4780  -2.1160  12.9226   0.0000   0.0000   0.0000
    3638   0.9043  -2.1822  13.1168   0.0000   0.0000   0.0000
    3639   2.3544  -1.9025  12.1630   0.0000   0.0000   0.0000
    3640   2.0697  -2.6120  12.2136   0.0000   0.0000   0.0000
    3641   1.8059  -2.3797  12.4163   0.0000   0.0000   0.0000
    3642   2.4455  -2.6628  12.3751   0.0000   0.0000   0.0000
    3643   3.0395  -2.3265  12.4454   0.0000   0.0000   0.0000
    3644   1.7853  -2.3908  13.5610   0.0000   0.0000   0.0000
    3645   2.6552  -2.0154  12.9323   0.0000   0.0000   0.0000
    3646   2.5357  -2.5996  12.9705   0.0000   0.0000   0.0000
    3647   1.4656  -2.6765  12.8473   0.0000   0.0000   0.0000
    3648   1.3914  -2.3205  13.2238   0.0000   0.0000   0.0000
    3649   2.4820  -2.1345  12.8136   0.0000   0.0000   0.0000
    3650   2.7154  -1.8873  13.1094   0.0000   0.0000   0.0000
    3651   2.7004  -2.1077  12.8176   0.0000   0.0000   0.0000
    3652   2.7952  -1.7749  12.8668   0.0000   0.0000   0.0000
    3653   2.2911  -1.2387  13.4565   0.0000   0.0000   0.0000
    3654   2.8980  -1.1576  14.2328   0.0000   0.0000   0.0000
    3655   2.3948  -1.9405  13.4830   0.0000   0.0000   0.0000
    3656   2.6743  -1.5058  13.5328   0.0000   0.0000   0.0000
    3657   3.3805  -1.7890  13.3288   0.0000   0.0000   0.0000
    3658   3.7069  -1.9386  13.7242   0.0000   0.0000   0.0000
    3659   2.8115  -1.6428  14.1267   0.0000   0.0000   0.0000
    3660   3.5333  -2.5197  13.9680   0.0000   0.0000   0.0000
    3661   3.1407  -1.9100  13.9200   0.0000   0.0000   0.0000
    3662   2.5008  -2.1793  13.9735   0.0000   0.0000   0.0000
    3663   3.2593  -1.8119  14.3506   0.0000   0.0000   0.0000
    3664   3.0788  -1.6371  13.8926   0.0000   0.0000   0.0000
    3665   3.8902  -1.8127  13.8356   0.0000   0.0000   0.0000
    3666   3.6943  -1.7689  14.1373   0.0000   0.0000   0.0000
    3667   3.6840  -1.8041  13.6100   0.0000   0.0000   0.0000
    3668   3.3731  -2.2780  13.9560   0.0000   0.0000   0.0000
    3669   3.8230  -2.7762  14.0106   0.0000   0.0000   0.0000
    3670   3.1905  -1.8437  13.0725   0.0000   0.0000   0.0000
    3671   3.4112  -2.1670  13.7776   0.0000   0.0000   0.0000
    3672   3.2594  -2.5365  13.8034   0.0000   0.0000   0.0000
    3673   2.8536  -2.2650  13.3393   0.0000   0.0000   0.0000
    3674   2.7983  -1.9105  13.7093   0.0000   0.0000   0.0000
    3675   2.5963  -2.9651  13.4015   0.0000   0.0000   0.0000
    3676   2.2230  -1.7537  12.9127   0.0000   0.0000   0.0000
    3677   2.2420  -2.3019  13.3443   0.0000   0.0000   0.0000
    3678   2.4217  -2.6892  13.3205   0.0000   0.0000   0.0000
    3679   2.3526  -2.1990  13.6350   0.0000   0.0000   0.0000
    3680   1.7770  -2.3026  13.3632   0.0000   0.0000   0.0000
    3681   1.5950  -2.0715  13.1015   0.0000   0.0000   0.0000
    3682   2.0045  -2.0382  13.5784   0.0000   0.0000   0.0000
    3683   2.0207  -1.6832  12.9201   0.0000   0.0000   0.0000
    3684   2.3699  -2.7862  12.7793   0.0000   0.0000   0.0000
    3685   2.6195  -1.4001  12.6209   0.0000   0.0000   0.0000
    3686   3.1003  -2.2397  13.0338   0.0000   0.0000   0.0000
    3687   3.2237  -2.6604  13.8433   0.0000   0.0000   0.0000
    3688   1.9447  -1.0975  13.1287   0.0000   0.0000   0.0000
    3689   2.6144  -1.6331  13.4504   0.0000   0.0000   0.0000
    3690   2.0286  -1.7501  13.2157   0.0000   0.0000   0.0000
    3691   2.4196  -1.8713  13.5142   0.0000   0.0000   0.0000
    3692   2.6628  -1.5270  13.4718   0.0000   0.0000   0.0000
    3693   1.9965  -1.2887  13.9416   0.0000   0.0000   0.0000
    3694   2.2870  -2.0511  13.2247   0.0000   0.0000   0.0000
    3695   1.7381  -1.7465  13.0434   0.0000   0.0000   0.0000
    3696   2.3640  -2.9673  13.3927   0.0000   0.0000   0.0000
    3697   2.5181  -1.7667  13.7207   0.0000   0.0000   0.0000
    3698   1.7385  -1.9731  13.1158   0.0000   0.0000   0.0000
    3699   3.2149  -1.3721  13.7415   0.0000   0.0000   0.0000
    3700   1.7599  -1.8776  14.2998   0.0000   0.0000   0.0000
    3701   2.1295  -1.3211  14.2267   0.0000   0.0000   0.0000
    3702   2.6011  -1.7139  13.7399   0.0000   0.0000   0.0000
    3703   2.6022  -1.8649  14.2125   0.0000   0.0000   0.0000
    3704   2.3495  -1.8904  13.9982   0.0000   0.0000   0.0000
    3705   2.5420  -1.5718  13.1618   0.0000   0.0000   0.0000
    3706   2.2977  -1.6853  13.6126   0.0000   0.0000   0.0000
    3707   2.8267  -0.5868  13.1009   0.0000   0.0000   0.0000
    3708   3.3246  -0.7049  13.3700   0.0000   0.0000   0.0000
    3709   2.8034  -1.5756  13.9014   0.0000   0.0000   0.0000
    3710   2.7613  -1.8705  13.8283   0.0000   0.0000   0.0000
    3711   3.4191  -1.6268  13.4882   0.0000   0.0000   0.0000
    3712   2.6704  -0.3888  14.7939   0.0000   0.0000   0.0000
    3713   2.4775  -1.4020  14.3193   0.0000   0.0000   0.0000
    3714   2.5683  -0.9564  13.9644   0.0000   0.0000   0.0000
    3715   2.2973  -0.7484  14.6433   0.0000   0.0000   0.0000
    3716   2.1200  -0.7423  14.7801   0.0000   0.0000   0.0000
    3717   1.7213  -0.9634  14.4926   0.0000   0.0000   0.0000
    3718   1.0353  -0.7066  14.4033   0.0000   0.0000   0.0000
    3719   1.4334  -0.9017  14.5028   0.0000   0.0000   0.0000
    3720   2.1026  -1.4843  13.4850   0.0000   0.0000   0.0000
    3721   2.6692  -1.0059  14.3266   0.0000   0.0000   0.0000
    3722   1.5117  -1.1681  14.0525   0.0000   0.0000   0.0000
    3723   2.1417  -2.1333  14.3304   0.0000   0.0000   0.0000
    3724   2.1626  -1.5644  14.3171   0.0000   0.0000   0.0000
    3725   2.4790  -1.4952  14.9329   0.0000   0.0000   0.0000
    3726   2.2605  -0.9339  14.6887   0.0000   0.0000   0.0000
    3727   2.9510  -0.8719  14.9240   0.0000   0.0000   0.0000
    3728   2.4734  -1.8756  14.0166   0.0000   0.0000   0.0000
    3729   2.4811  -1.5018  13.9912   0.0000   0.0000   0.0000
    3730   2.2173  -1.3428  14.3786   0.0000   0.0000   0.0000
    3731   1.9773  -1.0410  14.1145   0.0000   0.0000   0.0000
    3732   1.6821  -1.6714  14.0934   0.0000   0.0000   0.0000
    3733   1.4175  -1.7167  14.5219   0.0000   0.0000   0.0000
    3734   1.9815  -2.2612  13.1837   0.0000   0.0000   0.0000
    3735   1.8195  -2.0896  13.3097   0.0000   0.0000   0.0000
    3736   2.0517  -2.0324  13.3524   0.0000   0.0000   0.0000
    3737   1.1480  -2.3210  13.5847   0.0000   0.0000   0.0000
    3738   1.9012  -1.8279  13.5228   0.0000   0.0000   0.0000
    3739   2.5207  -2.7878  14.5872   0.0000   0.0000   0.0000
    3740   3.1992  -2.6724  13.4057   0.0000   0.0000   0.0000
    3741   2.8041  -2.6971  14.0820   0.0000   0.0000   0.0000
    3742   3.0412  -2.5793  13.9163   0.0000   0.0000   0.0000
    3743   1.6103  -3.0444  12.9443   0.0000   0.0000   0.0000
    3744   2.3484  -3.0615  13.1772   0.0000   0.0000   0.0000
    3745   2.5099  -2.6647  13.6868   0.0000   0.0000   0.0000
    3746   2.6722  -2.4760  13.7422   0.0000   0.0000   0.0000
    3747   2.6684  -2.0955  13.9721   0.0000   0.0000   0.0000
    3748   1.7481  -2.1980  13.8055   0.0000   0.0000   0.0000
    3749   2.5099  -2.0762  13.6685   0.0000   0.0000   0.0000
    3750   3.3824  -2.6912  14.4167   0.0000   0.0000   0.0000
    3751   3.2591  -3.4847  14.5102   0.0000   0.0000   0.0000
    3752   1.6684  -2.3889  14.2658   0.0000   0.0000   0.0000
    3753   2.8109  -2.4576  14.8358   0.0000   0.0000   0.0000
    3754   2.4291  -2.2136  13.5159   0.0000   0.0000   0.0000
    3755   2.3187  -1.8160  13.9213   0.0000   0.0000   0.0000
    3756   1.8511  -1.5536  13.8921   0.0000   0.0000   0.0000
    3757   2.1785  -1.6516  14.5222   0.0000   0.0000   0.0000
    3758   2.9386  -1.2497  14.5951   0.0000   0.0000   0.0000
    3759   2.1266  -2.2558  14.1133   0.0000   0.0000   0.0000
    3760   2.0239  -2.4686  13.7472   0.0000   0.0000   0.0000
    3761   1.8619  -2.2436  14.4593   0.0000   0.0000   0.0000
    3762   1.6887  -2.1768  14.5337   0.0000   0.0000   0.0000
    3763   2.3814  -1.8179  13.9597   0.0000   0.0000   0.0000
    3764   2.6537  -2.0535  14.9809   0.0000   0.0000   0.0000
    3765   2.4375  -2.2655  15.8326   0.0000   0.0000   0.0000
    3766   2.5272  -2.1164  14.7480   0.0000   0.0000   0.0000
    3767   2.7021  -1.5436  14.9616   0.0000   0.0000   0.0000
    3768   2.2757  -1.8591  14.5292   0.0000   0.0000   0.0000
    3769   1.7008  -1.2611  14.7734   0.0000   0.0000   0.0000
    3770   2.0330  -1.9554  15.0651   0.0000   0.0000   0.0000
    3771   1.9364  -1.4394  14.7906   0.0000   0.0000   0.0000
    3772   2.1324  -1.3479  13.9748   0.0000   0.0000   0.0000
    3773   2.0099  -2.2293  14.5016   0.0000   0.0000   0.0000
    3774   2.3208  -2.2407  14.3652   0.0000   0.0000   0.0000
    3775   2.5206  -0.8457  14.6027   0.0000   0.0000   0.0000
    3776   2.1203  -1.2596  14.7026   0.0000   0.0000   0.0000
    3777   2.8620  -1.5878  14.4584   0.0000   0.0000   0.0000
    3778   2.4710  -1.1029  14.8549   0.0000   0.0000   0.0000
    3779   2.5852  -1.2734  15.7859   0.0000   0.0000   0.0000
    3780   2.8174  -1.9636  14.5771   0.0000   0.0000   0.0000
    3781   3.0020  -1.3056  15.1772   0.0000   0.0000   0.0000
    3782   3.3273  -1.2984  15.4607   0.0000   0.0000   0.0000
    3783   2.8050  -1.9801  15.5884   0.0000   0.0000   0.0000
    3784   2.2911  -2.1245  15.0558   0.0000   0.0000   0.0000
    3785   2.8471  -2.0828  14.5411   0.0000   0.0000   0.0000
    3786   2.4053  -1.9338  15.5472   0.0000   0.0000   0.0000
    3787   3.3720  -2.0621  15.3907   0.0000   0.0000   0.0000
    3788   2.7660  -0.9029  15.0821   0.0000   0.0000   0.0000
    3789   3.3801  -1.2406  14.8828   0.0000   0.0000   0.0000
    3790   2.7487  -0.8926  14.7959   0.0000   0.0000   0.0000
    3791   2.3430  -1.6018  14.4020   0.0000   0.0000   0.0000
    3792   2.7444  -0.8662  14.9628   0.0000   0.0000   0.0000
    3793   4.1336  -0.8560  15.4540   0.0000   0.0000   0.0000
    3794   2.3996  -0.3008  14.9366   0.0000   0.0000   0.0000
    3795   3.2144  -0.7445  13.8212   0.0000   0.0000   0.0000
    3796   3.1960  -0.5889  14.0170   0.0000   0.0000   0.0000
    3797   2.7914  -0.4404  13.9463   0.0000   0.0000   0.0000
    3798   3.4181  -0.6364  14.1759   0.0000   0.0000   0.0000
    3799   3.9905  -0.8744  14.6745   0.0000   0.0000   0.0000
    3800   3.9647  -0.3603  14.1589   0.0000   0.0000   0.0000
    3801   3.5799  -0.6319  14.4219   0.0000   0.0000   0.0000
    3802   3.9752  -1.1462  14.1063   0.0000   0.0000   0.0000
    3803   3.9768  -0.0784  13.2645   0.0000   0.0000   0.0000
    3804   3.7443  -0.7562  14.0703   0.0000   0.0000   0.0000
    3805   3.5104  -0.1917  13.8576   0.0000   0.0000   0.0000
    3806   3.4440  -0.0820  13.7283   0.0000   0.0000   0.0000
    3807   3.8940   0.0165  13.2165   0.0000   0.0000   0.0000
    3808   4.0614  -0.4470  13.7174   0.0000   0.0000   0.0000
    3809   3.8529   0.2895  12.9808   0.0000   0.0000   0.0000
    3810   3.9765  -0.4459  13.4441   0.0000   0.0000   0.0000
    3811   3.5833   0.0120  12.6505   0.0000   0.0000   0.0000
    3812   3.3492  -0.0690  12.5591   0.0000   0.0000   0.0000
    3813   3.7633   0.1225  13.0350   0.0000   0.0000   0.0000
    3814   3.7584  -0.0774  12.7670   0.0000   0.0000   0.0000
    3815   3.6359  -0.7320  13.1179   0.0000   0.0000   0.0000
    3816   3.0768  -0.6179  13.3738   0.0000   0.0000   0.0000
    3817   2.7750  -0.4962  13.1239   0.0000   0.0000   0.0000
    3818   3.3894   0.5605  13.2703   0.0000   0.0000   0.0000
    3819   3.2893   0.3492  13.3514   0.0000   0.0000   0.0000
    3820   2.9840   0.0720  12.5770   0.0000   0.0000   0.0000
    3821   3.2798  -0.1159  12.7561   0.0000   0.0000   0.0000
    3822   3.4271  -0.7174  12.6447   0.0000   0.0000   0.0000
    3823   2.9347  -1.2034  13.1413   0.0000   0.0000   0.0000
    3824   3.6669  -0.6169  12.6634   0.0000   0.0000   0.0000
    3825   3.2630  -1.2473  12.8210   0.0000   0.0000   0.0000
    3826   3.4681  -0.7417  12.3872   0.0000   0.0000   0.0000
    3827   3.2874  -0.0735  12.7757   0.0000   0.0000   0.0000
    3828   3.4193   0.1928  13.3311   0.0000   0.0000   0.0000
    3829   3.6446  -0.9396  13.1978   0.0000   0.0000   0.0000
    3830   3.0369  -0.5705  12.5253   0.0000   0.0000   0.0000
    3831   2.7880  -0.2578  12.8690   0.0000   0.0000   0.0000
    3832   2.4187  -0.5627  13.0992   0.0000   0.0000   0.0000
    3833   2.2306  -0.3355  13.3569   0.0000   0.0000   0.0000
    3834   2.3563  -1.3505  12.9049   0.0000   0.0000   0.0000
    3835   2.0850  -0.2176  12.9224   0.0000   0.0000   0.0000
    3836   1.5767  -0.0446  13.3067   0.0000   0.0000   0.0000
    3837   2.2400   0.1426  13.7873   0.0000   0.0000   0.0000
    3838   2.1615  -0.0025  14.1159   0.0000   0.0000   0.0000
    3839   1.9246  -0.5997  14.4889   0.0000   0.0000   0.0000
    3840   1.1472   0.0149  14.8776   0.0000   0.0000   0.0000
    3841   2.6520  -0.6832  14.7745   0.0000   0.0000   0.0000
    3842   2.8945  -0.2717  13.8002   0.0000   0.0000   0.0000
    3843   2.7874  -1.1548  13.9115   0.0000   0.0000   0.0000
    3844   2.5200  -1.9789  13.6027   0.0000   0.0000   0.0000
    3845   3.0252  -1.0896  13.3779   0.0000   0.0000   0.0000
    3846   4.0890  -1.0148  13.7336   0.0000   0.0000   0.0000
    3847   3.1353  -1.5583  14.1224   0.0000   0.0000   0.0000
    3848   3.0240  -0.9443  14.0380   0.0000   0.0000   0.0000
    3849   2.7557  -0.9453  14.2089   0.0000   0.0000   0.0000
    3850   3.0160  -1.2254  14.2203   0.0000   0.0000   0.0000
    3851   2.9655  -1.5110  14.7066   0.0000   0.0000   0.0000
    3852   4.5961  -0.6079  15.1257   0.0000   0.0000   0.0000
    3853   4.2573  -0.8036  14.4865   0.0000   0.0000   0.0000
    3854   3.1050  -0.6118  14.4164   0.0000   0.0000   0.0000
    3855   3.1831  -1.1930  14.5080   0.0000   0.0000   0.0000
    3856   2.0903  -1.5445  14.3841   0.0000   0.0000   0.0000
    3857   3.7891  -1.7774  13.8484   0.0000   0.0000   0.0000
    3858   3.0622  -2.2538  15.2160   0.0000   0.0000   0.0000
    3859   2.5214  -2.4067  15.2721   0.0000   0.0000   0.0000
    3860   2.9566  -2.4984  14.8067   0.0000   0.0000   0.0000
    3861   3.0100  -1.4667  14.8283   0.0000   0.0000   0.0000
    3862   2.9390  -1.3800  14.5599   0.0000   0.0000   0.0000
    3863   2.5531  -1.2741  14.1445   0.0000   0.0000   0.0000
    3864   2.3093  -0.8355  14.3867   0.0000   0.0000   0.0000
    3865   2.1131  -1.1350  14.2954   0.0000   0.0000   0.0000
    3866   2.7805  -1.3625  14.9974   0.0000   0.0000   0.0000
    3867   2.2444  -0.3446  14.8687   0.0000   0.0000   0.0000
    3868   1.7601  -0.8381  14.7044   0.0000   0.0000   0.0000
    3869   1.7233  -0.8956  14.6020   0.0000   0.0000   0.0000
    3870   1.4860  -0.7635  13.5495   0.0000   0.0000   0.0000
    3871   1.9964  -0.6477  14.4708   0.0000   0.0000   0.0000
    3872   1.7261  -0.7166  13.5869   0.0000   0.0000   0.0000
    3873   1.4716  -1.0015  13.7121   0.0000   0.0000   0.0000
    3874   1.8666  -1.2587  14.1845   0.0000   0.0000   0.0000
    3875   1.8191  -1.4362  13.6607   0.0000   0.0000   0.0000
    3876   1.7661  -0.7610  13.8969   0.0000   0.0000   0.0000
    3877   2.0164  -1.4214  13.2071   0.0000   0.0000   0.0000
    3878   1.7517  -1.2122  13.2116   0.0000   0.0000   0.0000
    3879   1.8837  -1.0579  12.3068   0.0000   0.0000   0.0000
    3880   2.1781  -2.0376  12.9230   0.0000   0.0000   0.0000
    3881   2.2247  -2.2473  12.3567   0.0000   0.0000   0.0000
    3882   2.1038  -2.3004  13.0723   0.0000   0.0000   0.0000
    3883   2.0964  -2.4330  13.3076   0.0000   0.0000   0.0000
    3884   1.7008  -2.8327  13.1684   0.0000   0.0000   0.0000
    3885   1.7113  -3.1238  13.9257   0.0000   0.0000   0.0000
    3886   1.2910  -3.0737  13.4910   0.0000   0.0000   0.0000
    3887   1.0506  -3.3120  13.4385   0.0000   0.0000   0.0000
    3888   1.7910  -3.1061  13.4889   0.0000   0.0000   0.0000
    3889   2.1700  -3.5086  13.1409   0.0000   0.0000   0.0000
    3890   1.4130  -3.9498  13.2173   0.0000   0.0000   0.0000
    3891   1.6493  -3.2637  12.7654   0.0000   0.0000   0.0000
    3892   2.8581  -3.2254  13.6652   0.0000   0.0000   0.0000
    3893   3.0923  -3.8235  12.6509   0.0000   0.0000   0.0000
    3894   2.1938  -3.1173  12.6172   0.0000   0.0000   0.0000
    3895   3.7133  -3.7693  13.1052   0.0000   0.0000   0.0000
    3896   3.5746  -3.1937  13.2279   0.0000   0.0000   0.0000
    3897   3.0706  -2.5665  13.0739   0.0000   0.0000   0.0000
    3898   2.6237  -3.1439  13.3717   0.0000   0.0000   0.0000
    3899   2.4543  -3.3894  13.2599   0.0000   0.0000   0.0000
    3900   2.4581  -2.9969  12.6314   0.0000   0.0000   0.0000
    3901   2.8788  -3.3303  13.0242   0.0000   0.0000   0.0000
    3902   2.4414  -2.8175  12.2091   0.0000   0.0000   0.0000
    3903   2.5964  -2.0467  12.7875   0.0000   0.0000   0.0000
    3904   2.7346  -1.8896  12.6053   0.0000   0.0000   0.0000
    3905   3.0818  -2.0873  12.8998   0.0000   0.0000   0.0000
    3906   2.1318  -2.2080  12.6303   0.0000   0.0000   0.0000
    3907   2.4668  -2.0415  12.9901   0.0000   0.0000   0.0000
    3908   2.7280  -0.9713  12.5512   0.0000   0.0000   0.0000
    3909   4.0357  -2.3158  13.3656   0.0000   0.0000   0.0000
    3910   2.6352  -1.9150  12.3575   0.0000   0.0000   0.0000
    3911   2.0824  -1.9844  12.2319   0.0000   0.0000   0.0000
    3912   2.9199  -2.3005  12.0580   0.0000   0.0000   0.0000
    3913   2.8166  -2.0787  12.0215   0.0000   0.0000   0.0000
    3914   1.8705  -2.1310  11.9909   0.0000   0.0000   0.0000
    3915   2.8075  -2.7472  12.5441   0.0000   0.0000   0.0000
    3916   1.9654  -2.3401  11.5046   0.0000   0.0000   0.0000
    3917   1.7139  -2.5526  12.1909   0.0000   0.0000   0.0000
    3918   2.5448  -2.7733  12.6118   0.0000   0.0000   0.0000
    3919   2.6384  -2.4329  12.3175   0.0000   0.0000   0.0000
    3920   1.8614  -1.6072  12.7364   0.0000   0.0000   0.0000
    3921   1.9804  -2.7744  11.7696   0.0000   0.0000   0.0000
    3922   2.7769  -3.0107  11.9384   0.0000   0.0000   0.0000
    3923   2.3928  -2.5633  12.6729   0.0000   0.0000   0.0000
    3924   2.7147  -2.1670  12.5501   0.0000   0.0000   0.0000
    3925   2.5871  -2.1887  12.4444   0.0000   0.0000   0.0000
    3926   2.6185  -2.0801  12.6195   0.0000   0.0000   0.0000
    3927   2.3671  -1.8701  12.5248   0.0000   0.0000   0.0000
    3928   1.6853  -2.1606  13.2576   0.0000   0.0000   0.0000
    3929   1.9878  -2.4071  12.2375   0.0000   0.0000   0.0000
    3930   2.2952  -2.2223  12.4175   0.0000   0.0000   0.0000
    3931   2.5831  -2.2775  12.9857   0.0000   0.0000   0.0000
    3932   1.9587  -1.9496  13.6087   0.0000   0.0000   0.0000
    3933   1.6598  -2.9124  13.6910   0.0000   0.0000   0.0000
    3934   2.7391  -3.2703  13.8794   0.0000   0.0000   0.0000
    3935   2.5626  -3.4384  13.5748   0.0000   0.0000   0.0000
    3936   2.6008  -1.6892  13.5426   0.0000   0.0000   0.0000
    3937   2.1438  -3.1304  13.7395   0.0000   0.0000   0.0000
    3938   2.6308  -3.0255  13.3982   0.0000   0.0000   0.0000
    3939   3.0492  -2.4265  12.5858   0.0000   0.0000   0.0000
    3940   3.1952  -2.0874  13.3302   0.0000   0.0000   0.0000
    3941   1.8175  -2.9255  13.1286   0.0000   0.0000   0.0000
    3942   2.8208  -2.6543  13.3830   0.0000   0.0000   0.0000
    3943   2.1286  -1.3983  13.4026   0.0000   0.0000   0.0000
    3944   3.9565  -2.0867  14.0609   0.0000   0.0000   0.0000
    3945   3.6246  -2.1975  13.7689   0.0000   0.0000   0.0000
    3946   2.5835  -1.9513  13.3873   0.0000   0.0000   0.0000
    3947   2.2861  -3.3010  13.5435   0.0000   0.0000   0.0000
    3948   2.6789  -2.9930  13.5510   0.0000   0.0000   0.0000
    3949   1.6380  -2.0988  12.8829   0.0000   0.0000   0.0000
    3950   1.8086  -2.8695  12.5370   0.0000   0.0000   0.0000
    3951   1.8634  -2.2054  13.1311   0.0000   0.0000   0.0000
    3952   2.2016  -2.5482  13.2942   0.0000   0.0000   0.0000
    3953   2.2816  -2.1491  13.2021   0.0000   0.0000   0.0000
    3954   2.2424  -2.5177  13.7272   0.0000   0.0000   0.0000
    3955   1.5791  -2.8821  13.4072   0.0000   0.0000   0.0000
    3956   2.3069  -2.8776  13.2684   0.0000   0.0000   0.0000
    3957   2.6138  -2.6659  12.9873   0.0000   0.0000   0.0000
    3958   2.5500  -2.3001  13.4402   0.0000   0.0000   0.0000
    3959   2.9898  -1.7142  13.0048   0.0000   0.0000   0.0000
    3960   2.2362  -2.7584  13.2131   0.0000   0.0000   0.0000
    3961   2.6434  -3.2398  13.3918   0.0000   0.0000   0.0000
    3962   2.2533  -2.3390  13.4848   0.0000   0.0000   0.0000
    3963   1.9990  -2.7701  13.4011   0.0000   0.0000   0.0000
    3964   1.9444  -2.3117  13.3711   0.0000   0.0000   0.0000
    3965   2.2758  -3.0666  13.5571   0.0000   0.0000   0.0000
    3966   2.1410  -2.7558  13.5623   0.0000   0.0000   0.0000
    3967   2.7939  -2.4905  13.5544   0.0000   0.0000   0.0000
    3968   2.5510  -2.2159  14.0836   0.0000   0.0000   0.0000
    3969   2.4725  -2.0400  13.3532   0.0000   0.0000   0.0000
    3970   2.8019  -2.8392  13.8572   0.0000   0.0000   0.0000
    3971   2.8049  -3.2858  13.4197   0.0000   0.0000   0.0000
    3972   2.4483  -2.3550  14.1695   0.0000   0.0000   0.0000
    3973   2.1826  -3.3046  13.3981   0.0000   0.0000   0.0000
    3974   2.0596  -2.7693  13.3675   0.0000   0.0000   0.0000
    3975   2.7943  -2.7802  13.2343   0.0000   0.0000   0.0000
    3976   2.5332  -3.0808  13.2875   0.0000   0.0000   0.0000
    3977   2.5271  -2.7204  13.3138   0.0000   0.0000   0.0000
    3978   3.1905  -3.1707  12.7924   0.0000   0.0000   0.0000
    3979   2.6322  -2.9973  12.5091   0.0000   0.0000   0.0000
    3980   1.6282  -3.5564  12.7289   0.0000   0.0000   0.0000
    3981   3.4231  -2.5599  12.9377   0.0000   0.0000   0.0000
    3982   2.6387  -2.8157  12.9847   0.0000   0.0000   0.0000
    3983   3.3723  -2.1197  13.2727   0.0000   0.0000   0.0000
    3984   3.0809  -3.0256  13.0586   0.0000   0.0000   0.0000
    3985   3.4354  -3.1184  13.1542   0.0000   0.0000   0.0000
    3986   3.3702  -3.5373  12.4014   0.0000   0.0000   0.0000
    3987   4.4450  -4.0172  11.3931   0.0000   0.0000   0.0000
    3988   3.8367  -3.9548  12.5751   0.0000   0.0000   0.0000
    3989   3.1717  -3.3234  12.8621   0.0000   0.0000   0.0000
    3990   3.0735  -4.1700  12.8162   0.0000   0.0000   0.0000
    3991   3.6897  -3.8008  12.9077   0.0000   0.0000   0.0000
    3992   3.5559  -3.5462  12.4806   0.0000   0.0000   0.0000
    3993   4.2550  -3.1125  12.5400   0.0000   0.0000   0.0000
    3994   3.4763  -4.4010  13.2228   0.0000   0.0000   0.0000
    3995   4.2747  -3.1946  12.3783   0.0000   0.0000   0.0000
    3996   4.2515  -3.8916  12.5066   0.0000   0.0000   0.0000
    3997   3.3217  -3.3716  12.1728   0.0000   0.0000   0.0000
    3998   3.6147  -3.3196  12.6894   0.0000   0.0000   0.0000
    3999   3.8328  -3.4621  12.8274   0.0000   0.0000   0.0000
    4000   3.7558  -3.0086  12.9657   0.0000   0.0000   0.0000
    4001   3.9894  -2.9798  13.1485   0.0000   0.0000   0.0000
    4002   4.8319  -2.9771  12.6696   0.0000   0.0000   0.0000
    4003   4.8930  -3.0044  13.1749   0.0000   0.0000   0.0000
    4004   5.5617  -2.9831  12.9253   0.0000   0.0000   0.0000
    4005   5.0529  -3.3174  12.8415   0.0000   0.0000   0.0000
    4006   5.1980  -3.1646  12.7587   0.0000   0.0000   0.0000
    4007   5.1834  -2.6497  13.0762   0.0000   0.0000   0.0000
    4008   5.2086  -3.0696  12.4785   0.0000   0.0000   0.0000
    4009   4.9322  -3.0850  12.4055   0.0000   0.0000   0.0000
    4010   4.6530  -2.6762  12.2929   0.0000   0.0000   0.0000
    4011   5.9779  -2.9008  11.8564   0.0000   0.0000   0.0000
    4012   4.8791  -3.2671  12.8470   0.0000   0.0000   0.0000
    4013   5.0965  -2.5806  13.0815   0.0000   0.0000   0.0000
    4014   5.2712  -2.7324  12.8623   0.0000   0.0000   0.0000
    4015   5.0985  -2.3415  12.3770   0.0000   0.0000   0.0000
    4016   5.2776  -2.5651  13.4979   0.0000   0.0000   0.0000
    4017   5.5673  -2.6470  13.7196   0.0000   0.0000   0.0000
    4018   5.4712  -2.9362  13.4780   0.0000   0.0000   0.0000
    4019   4.9635  -3.2174  13.1893   0.0000   0.0000   0.0000
    4020   5.2385  -3.6129  13.6885   0.0000   0.0000   0.0000
    4021   4.1650  -2.8871  13.1145   0.0000   0.0000   0.0000
    4022   5.3296  -2.3177  12.8867   0.0000   0.0000   0.0000
    4023   4.7834  -3.2187  12.4343   0.0000   0.0000   0.0000
    4024   4.6990  -3.2068  12.9406   0.0000   0.0000   0.0000
    4025   4.2702  -3.4697  13.9452   0.0000   0.0000   0.0000
    4026   4.1699  -4.7048  13.3166   0.0000   0.0000   0.0000
    4027   4.3481  -4.5366  13.1766   0.0000   0.0000   0.0000
    4028   4.2175  -3.8423  14.4793   0.0000   0.0000   0.0000
    4029   3.0235  -3.4205  14.7364   0.0000   0.0000   0.0000
    4030   4.3465  -4.0440  14.9104   0.0000   0.0000   0.0000
    4031   4.3814  -3.8976  14.3910   0.0000   0.0000   0.0000
    4032   3.3758  -3.3960  14.5113   0.0000   0.0000   0.0000
    4033   4.1066  -3.6014  14.6305   0.0000   0.0000   0.0000
    4034   3.8651  -3.1162  14.4942   0.0000   0.0000   0.0000
    4035   3.7909  -3.7999  14.0341   0.0000   0.0000   0.0000
    4036   4.7206  -3.5437  13.3056   0.0000   0.0000   0.0000
    4037   3.2011  -3.5871  13.5458   0.0000   0.0000   0.0000
    4038   4.2625  -2.7004  13.0343   0.0000   0.0000   0.0000
    4039   4.7059  -2.8805  13.5599   0.0000   0.0000   0.0000
    4040   3.8954  -2.4751  13.9602   0.0000   0.0000   0.0000
    4041   3.2037  -2.7749  14.6592   0.0000   0.0000   0.0000
    4042   3.4134  -2.1163  14.7835   0.0000   0.0000   0.0000
    4043   3.8559  -1.9572  14.6352   0.0000   0.0000   0.0000
    4044   4.4223  -2.4914  14.2855   0.0000   0.0000   0.0000
    4045   4.0823  -2.9597  15.0717   0.0000   0.0000   0.0000
    4046   4.4324  -2.8469  14.5524   0.0000   0.0000   0.0000
    4047   4.7067  -3.3770  14.6115   0.0000   0.0000   0.0000
    4048   4.6690  -2.9221  15.1174   0.0000   0.0000   0.0000
    4049   5.0310  -2.2371  14.9234   0.0000   0.0000   0.0000
    4050   4.1279  -3.1618  14.8870   0.0000   0.0000   0.0000
    4051   4.1315  -4.0317  14.1232   0.0000   0.0000   0.0000
    4052   3.6829  -3.2757  15.4524   0.0000   0.0000   0.0000
    4053   4.0995  -3.7193  15.5443   0.0000   0.0000   0.0000
    4054   3.8366  -3.9601  16.0298   0.0000   0.0000   0.0000
    4055   3.7941  -3.4356  15.4486   0.0000   0.0000   0.0000
    4056   2.8828  -2.7425  15.4303   0.0000   0.0000   0.0000
    4057   3.5524  -2.2142  14.7985   0.0000   0.0000   0.0000
    4058   2.9830  -3.6498  15.1957   0.0000   0.0000   0.0000
    4059   3.0869  -3.7665  15.3058   0.0000   0.0000   0.0000
    4060   4.2325  -4.0876  15.5635   0.0000   0.0000   0.0000
    4061   4.0512  -2.8577  15.6555   0.0000   0.0000   0.0000
    4062   4.2886  -3.1927  16.0054   0.0000   0.0000   0.0000
    4063   3.5682  -2.2657  15.0807   0.0000   0.0000   0.0000
    4064   3.7596  -2.0333  15.7076   0.0000   0.0000   0.0000
    4065   4.7182  -1.9361  15.3773   0.0000   0.0000   0.0000
    4066   4.6709  -3.2935  16.1156   0.0000   0.0000   0.0000
    4067   4.9860  -3.4790  15.7962   0.0000   0.0000   0.0000
    4068   4.5120  -3.0861  15.5671   0.0000   0.0000   0.0000
    4069   4.4716  -3.3079  15.6112   0.0000   0.0000   0.0000
    4070   4.0421  -2.2795  15.8850   0.0000   0.0000   0.0000
    4071   4.4854  -3.7511  15.9003   0.0000   0.0000   0.0000
    4072   4.1643  -3.1574  16.8859   0.0000   0.0000   0.0000
    4073   4.8767  -3.0814  16.2289   0.0000   0.0000   0.0000
    4074   4.8737  -2.2744  16.5951   0.0000   0.0000   0.0000
    4075   4.5346  -2.6934  15.7962   0.0000   0.0000   0.0000
    4076   4.4395  -2.6358  16.6291   0.0000   0.0000   0.0000
    4077   4.4665  -2.4023  15.6951   0.0000   0.0000   0.0000
    4078   5.2381  -2.6650  15.8422   0.0000   0.0000   0.0000
    4079   5.4522  -1.6051  15.7213   0.0000   0.0000   0.0000
    4080   5.0087  -3.1075  15.7046   0.0000   0.0000   0.0000
    4081   4.4828  -3.1707  15.6445   0.0000   0.0000   0.0000
    4082   5.0652  -2.8847  14.7555   0.0000   0.0000   0.0000
    4083   4.2173  -2.0532  15.9720   0.0000   0.0000   0.0000
    4084   4.8045  -2.6702  15.4025   0.0000   0.0000   0.0000
    4085   5.0422  -2.4200  15.9921   0.0000   0.0000   0.0000
    4086   5.5929  -2.1457  16.5832   0.0000   0.0000   0.0000
    4087   5.5665  -1.8088  15.2977   0.0000   0.0000   0.0000
    4088   5.5396  -1.3265  14.8519   0.0000   0.0000   0.0000
    4089   5.7028  -1.6101  15.4455   0.0000   0.0000   0.0000
    4090   4.7273  -1.6964  14.6047   0.0000   0.0000   0.0000
    4091   5.4423  -1.5110  15.1186   0.0000   0.0000   0.0000
    4092   5.3530  -1.3898  14.8335   0.0000   0.0000   0.0000
    4093   6.0696  -1.3753  15.2016   0.0000   0.0000   0.0000
    4094   5.9088  -1.0953  15.1611   0.0000   0.0000   0.0000
    4095   6.2601  -1.2245  14.5478   0.0000   0.0000   0.0000
    4096   6.1225  -1.6131  15.2547   0.0000   0.0000   0.0000
    4097   6.2000  -1.8354  15.2953   0.0000   0.0000   0.0000
    4098   5.3516  -1.4752  16.6642   0.0000   0.0000   0.0000
    4099   5.5164  -1.9007  15.7114   0.0000   0.0000   0.0000
    4100   5.2995  -1.8538  15.5066   0.0000   0.0000   0.0000
    4101   5.2307  -2.0118  15.6535   0.0000   0.0000   0.0000
    4102   4.8010  -1.1491  15.4574   0.0000   0.0000   0.0000
    4103   4.7511  -1.8883  14.9740   0.0000   0.0000   0.0000
    4104   5.0642  -1.1469  15.4821   0.0000   0.0000   0.0000
    4105   5.3400  -1.3680  15.5048   0.0000   0.0000   0.0000
    4106   5.3085  -1.7813  15.8485   0.0000   0.0000   0.0000
    4107   4.4516  -0.4911  15.3810   0.0000   0.0000   0.0000
    4108   3.9870  -1.3551  15.9738   0.0000   0.0000   0.0000
    4109   4.6121  -1.2649  16.0244   0.0000   0.0000   0.0000
    4110   4.3803  -1.3425  15.3924   0.0000   0.0000   0.0000
    4111   3.3619  -1.4842  15.2213   0.0000   0.0000   0.0000
    4112   4.7850  -1.2306  15.6711   0.0000   0.0000   0.0000
    4113   4.7782  -0.8317  16.0961   0.0000   0.0000   0.0000
    4114   4.8738  -0.4839  15.6920   0.0000   0.0000   0.0000
    4115   5.2852  -1.0150  15.6212   0.0000   0.0000   0.0000
    4116   5.0071  -0.6640  16.1316   0.0000   0.0000   0.0000
    4117   4.6561  -1.1159  15.9330   0.0000   0.0000   0.0000
    4118   4.1130  -1.1183  15.4484   0.0000   0.0000   0.0000
    4119   5.0420  -0.9262  15.1773   0.0000   0.0000   0.0000
    4120   4.0396  -0.6730  16.3158   0.0000   0.0000   0.0000
    4121   4.5606  -1.4750  15.4897   0.0000   0.0000   0.0000
    4122   4.8802  -2.1226  16.4298   0.0000   0.0000   0.0000
    4123   4.5140  -0.8451  15.8788   0.0000   0.0000   0.0000
    4124   4.9606  -1.2627  15.5590   0.0000   0.0000   0.0000
    4125   4.7492  -0.9384  15.3441   0.0000   0.0000   0.0000
    4126   5.0997  -0.4867  15.7160   0.0000   0.0000   0.0000
    4127   4.3417  -0.9204  15.4292   0.0000   0.0000   0.0000
    4128   4.0042  -1.0446  15.4070   0.0000   0.0000   0.0000
    4129   4.0068  -0.4665  15.6576   0.0000   0.0000   0.0000
    4130   4.9695  -1.1375  15.8894   0.0000   0.0000   0.0000
    4131   4.8114  -0.7327  15.9602   0.0000   0.0000   0.0000
    4132   3.7979  -0.7375  15.5962   0.0000   0.0000   0.0000
    4133   3.6000  -1.0644  15.3411   0.0000   0.0000   0.0000
    4134   3.4557  -0.7195  15.6892   0.0000   0.0000   0.0000
    4135   3.1926  -1.3861  14.7421   0.0000   0.0000   0.0000
    4136   3.0858  -1.0372  15.2507   0.0000   0.0000   0.0000
    4137   3.7604  -1.3860  14.8990   0.0000   0.0000   0.0000
    4138   4.3878  -1.6880  15.0540   0.0000   0.0000   0.0000
    4139   4.2000  -0.9222  14.4878   0.0000   0.0000   0.0000
    4140   5.0767  -1.4749  14.3012   0.0000   0.0000   0.0000
    4141   3.9640  -1.3160  14.0603   0.0000   0.0000   0.0000
    4142   4.2243  -1.4360  14.1624   0.0000   0.0000   0.0000
    4143   4.0226  -1.1527  14.4059   0.0000   0.0000   0.0000
    4144   4.4805  -1.3845  15.2921   0.0000   0.0000   0.0000
    4145   4.5860  -2.3055  15.4954   0.0000   0.0000   0.0000
    4146   4.4431  -2.5944  14.8351   0.0000   0.0000   0.0000
    4147   4.5239  -2.2416  14.6846   0.0000   0.0000   0.0000
    4148   5.0540  -2.4254  15.7188   0.0000   0.0000   0.0000
    4149   4.9968  -2.1280  15.7165   0.0000   0.0000   0.0000
    4150   4.7050  -2.6521  15.6616   0.0000   0.0000   0.0000
    4151   4.6829  -2.8046  15.5560   0.0000   0.0000   0.0000
    4152   5.4732  -2.9668  14.5640   0.0000   0.0000   0.0000
    4153   5.2709  -2.6568  14.5640   0.0000   0.0000   0.0000
    4154   5.0998  -2.6960  14.9683   0.0000   0.0000   0.0000
    4155   5.6910  -2.3260  14.2561   0.0000   0.0000   0.0000
    4156   4.9382  -1.8301  14.5649   0.0000   0.0000   0.0000
    4157   4.9575  -2.5761  15.0814   0.0000   0.0000   0.0000
    4158   4.7000  -2.3673  14.1863   0.0000   0.0000   0.0000
    4159   4.4650  -2.8952  14.7457   0.0000   0.0000   0.0000
    4160   5.4440  -2.1724  15.0607   0.0000   0.0000   0.0000
    4161   5.7863  -2.3026  15.4166   0.0000   0.0000   0.0000
    4162   4.8505  -2.3831  15.2689   0.0000   0.0000   0.0000
    4163   5.5038  -1.0485  15.0604   0.0000   0.0000   0.0000
    4164   4.3597  -1.8782  14.9359   0.0000   0.0000   0.0000
    4165   4.6394  -2.4606  14.9455   0.0000   0.0000   0.0000
    4166   5.7090  -2.1000  15.2173   0.0000   0.0000   0.0000
    4167   5.1945  -1.9599  14.3168   0.0000   0.0000   0.0000
    4168   5.7282  -0.8175  15.3121   0.0000   0.0000   0.0000
    4169   5.5335  -1.4082  15.0653   0.0000   0.0000   0.0000
    4170   5.4989  -1.6992  15.1992   0.0000   0.0000   0.0000
    4171   4.9272  -1.9792  16.4260   0.0000   0.0000   0.0000
    4172   5.1543  -1.3075  16.0273   0.0000   0.0000   0.0000
    4173   5.7234  -1.7324  16.0935   0.0000   0.0000   0.0000
    4174   5.8586  -1.5425  15.7835   0.0000   0.0000   0.0000
    4175   6.4246  -2.0858  16.4096   0.0000   0.0000   0.0000
    4176   6.6469  -2.4171  17.0155   0.0000   0.0000   0.0000
    4177   6.2961  -2.0153  17.1060   0.0000   0.0000   0.0000
    4178   5.3772  -2.4670  16.4106   0.0000   0.0000   0.0000
    4179   5.9773  -3.2098  16.2713   0.0000   0.0000   0.0000
    4180   5.5379  -2.6862  16.1142   0.0000   0.0000   0.0000
    4181   6.2493  -1.9731  15.6359   0.0000   0.0000   0.0000
    4182   6.4405  -2.4023  15.4714   0.0000   0.0000   0.0000
    4183   5.8787  -3.3050  15.5859   0.0000   0.0000   0.0000
    4184   4.7532  -2.2672  15.4899   0.0000   0.0000   0.0000
    4185   5.3029  -2.6939  15.4985   0.0000   0.0000   0.0000
    4186   5.3501  -2.3071  15.4238   0.0000   0.0000   0.0000
    4187   5.0147  -2.9645  14.6565   0.0000   0.0000   0.0000
    4188   4.9158  -3.0069  14.9821   0.0000   0.0000   0.0000
    4189   3.9140  -2.0128  15.0318   0.0000   0.0000   0.0000
    4190   4.8728  -2.7586  14.9000   0.0000   0.0000   0.0000
    4191   3.8361  -3.1910  15.4609   0.0000   0.0000   0.0000
    4192   4.1531  -2.7001  15.9585   0.0000   0.0000   0.0000
    4193   4.4217  -3.4691  16.2768   0.0000   0.0000   0.0000
    4194   4.5854  -3.3508  16.0273   0.0000   0.0000   0.0000
    4195   4.2489  -3.5021  15.9447   0.0000   0.0000   0.0000
    4196   4.8184  -3.2613  15.0927   0.0000   0.0000   0.0000
    4197   5.5229  -3.8228  15.2225   0.0000   0.0000   0.0000
    4198   4.7666  -2.7531  14.8771   0.0000   0.0000   0.0000
    4199   5.4236  -2.9758  15.4177   0.0000   0.0000   0.0000
    4200   4.9857  -2.6774  14.9906   0.0000   0.0000   0.0000
    4201   5.0066  -2.0199  14.7997   0.0000   0.0000   0.0000
    4202   4.4892  -1.8558  14.7017   0.0000   0.0000   0.0000
    4203   4.1957  -1.8965  15.1176   0.0000   0.0000   0.0000
    4204   5.2229  -2.9343  14.4203   0.0000   0.0000   0.0000
    4205   4.7952  -2.3024  13.8731   0.0000   0.0000   0.0000
    4206   5.1389  -2.8212  14.7939   0.0000   0.0000   0.0000
    4207   4.6835  -2.8412  14.7416   0.0000   0.0000   0.0000
    4208   3.6893  -3.0454  15.4505   0.0000   0.0000   0.0000
    4209   4.0442  -3.1431  15.5443   0.0000   0.0000   0.0000
    4210   4.2955  -2.9871  15.9011   0.0000   0.0000   0.0000
    4211   4.7702  -3.1404  15.7299   0.0000   0.0000   0.0000
    4212   4.6543  -3.0083  15.6476   0.0000   0.0000   0.0000
    4213   4.6413  -2.0863  15.2091   0.0000   0.0000   0.0000
    4214   4.0243  -2.8092  14.6597   0.0000   0.0000   0.0000
    4215   4.2268  -2.2240  15.6443   0.0000   0.0000   0.0000
    4216   4.3996  -2.2255  15.0986   0.0000   0.0000   0.0000
    4217   3.6819  -1.8709  14.3105   0.0000   0.0000   0.0000
    4218   4.8429  -1.0392  14.9437   0.0000   0.0000   0.0000
    4219   5.3927  -2.3014  14.4450   0.0000   0.0000   0.0000
    4220   4.8605  -2.2906  14.4728   0.0000   0.0000   0.0000
    4221   4.4706  -2.3140  14.0917   0.0000   0.0000   0.0000
    4222   4.2876  -2.1695  13.4789   0.0000   0.0000   0.0000
    4223   5.4640  -1.6466  14.2083   0.0000   0.0000   0.0000
    4224   5.4503  -1.9520  14.8060   0.0000   0.0000   0.0000
    4225   5.4243  -2.3595  14.3439   0.0000   0.0000   0.0000
    4226   5.2510  -2.3699  13.4767   0.0000   0.0000   0.0000
    4227   5.5137  -2.8359  14.6836   0.0000   0.0000   0.0000
    4228   5.2393  -2.4462  14.2652   0.0000   0.0000   0.0000
    4229   5.5806  -2.7061  14.4005   0.0000   0.0000   0.0000
    4230   5.7180  -3.1552  14.7258   0.0000   0.0000   0.0000
    4231   5.4334  -2.1428  14.0963   0.0000   0.0000   0.0000
    4232   4.9490  -3.0411  13.5163   0.0000   0.0000   0.0000
    4233   5.5820  -3.0711  14.4473   0.0000   0.0000   0.0000
    4234   4.9663  -2.4493  14.4113   0.0000   0.0000   0.0000
    4235   5.1030  -2.4321  14.5037   0.0000   0.0000   0.0000
    4236   4.8189  -2.4679  14.7612   0.0000   0.0000   0.0000
    4237   5.6812  -2.0862  14.7899   0.0000   0.0000   0.0000
    4238   3.9992  -2.4010  14.5943   0.0000   0.0000   0.0000
    4239   5.2369  -2.0105  14.8216   0.0000   0.0000   0.0000
    4240   5.5047  -1.8886  15.1308   0.0000   0.0000   0.0000
    4241   4.6771  -2.7893  15.3682   0.0000   0.0000   0.0000
    4242   5.1786  -2.5612  15.1497   0.0000   0.0000   0.0000
    4243   4.7460  -1.2674  14.7767   0.0000   0.0000   0.0000
    4244   5.1308  -1.8605  15.0042   0.0000   0.0000   0.0000
    4245   4.6995  -1.5066  15.1696   0.0000   0.0000   0.0000
    4246   5.1472  -1.6143  15.5252   0.0000   0.0000   0.0000
    4247   4.8348  -1.5853  15.1053   0.0000   0.0000   0.0000
    4248   4.3214  -0.9389  15.0421   0.0000   0.0000   0.0000
    4249   5.5963  -1.6589  15.0580   0.0000   0.0000   0.0000
    4250   4.1995  -3.0638  15.7769   0.0000   0.0000   0.0000
    4251   3.9957  -2.1710  15.8031   0.0000   0.0000   0.0000
    4252   3.9678  -1.8770  15.6302   0.0000   0.0000   0.0000
    4253   4.8628  -2.4268  15.9119   0.0000   0.0000   0.0000
    4254   4.8220  -2.4047  16.0518   0.0000   0.0000   0.0000
    4255   4.9317  -2.1976  16.2816   0.0000   0.0000   0.0000
    4256   5.1071  -2.5489  15.8978   0.0000   0.0000   0.0000
    4257   5.4493  -2.6043  14.8028   0.0000   0.0000   0.0000
    4258   4.2766  -2.6741  15.7015   0.0000   0.0000   0.0000
    4259   4.8000  -1.8978  16.3867   0.0000   0.0000   0.0000
    4260   4.4936  -1.8070  16.0559   0.0000   0.0000   0.0000
    4261   4.1378  -2.1645  16.9028   0.0000   0.0000   0.0000
    4262   4.5865  -2.0601  16.1438   0.0000   0.0000   0.0000
    4263   4.6920  -2.8339  17.2265   0.0000   0.0000   0.0000
    4264   4.0863  -3.9360  17.0752   0.0000   0.0000   0.0000
    4265   4.9478  -3.2269  15.9845   0.0000   0.0000   0.0000
    4266   5.7671  -2.5006  15.9673   0.0000   0.0000   0.0000
    4267   5.1179  -2.4167  15.1546   0.0000   0.0000   0.0000
    4268   5.2514  -3.5484  15.3898   0.0000   0.0000   0.0000
    4269   4.9266  -2.5639  15.6131   0.0000   0.0000   0.0000
    4270   5.0796  -2.6720  14.4798   0.0000   0.0000   0.0000
    4271   3.6815  -2.4540  14.9386   0.0000   0.0000   0.0000
    4272   4.5641  -2.6961  15.3718   0.0000   0.0000   0.0000
    4273   4.2041  -3.2419  15.8781   0.0000   0.0000   0.0000
    4274   4.3424  -2.6405  15.3643   0.0000   0.0000   0.0000
    4275   4.2846  -3.6907  15.2549   0.0000   0.0000   0.0000
    4276   4.2330  -3.3808  15.9223   0.0000   0.0000   0.0000
    4277   4.2166  -2.9665  15.7439   0.0000   0.0000   0.0000
    4278   4.7217  -2.7111  15.7998   0.0000   0.0000   0.0000
    4279   5.1794  -1.8175  15.9117   0.0000   0.0000   0.0000
    4280   3.4466  -3.0736  16.6700   0.0000   0.0000   0.0000
    4281   3.9908  -3.0050  16.7546   0.0000   0.0000   0.0000
    4282   3.9673  -3.6594  16.8221   0.0000   0.0000   0.0000
    4283   4.3992  -3.0541  16.3740   0.0000   0.0000   0.0000
    4284   4.6494  -2.9442  16.1937   0.0000   0.0000   0.0000
    4285   4.8961  -2.9553  15.6019   0.0000   0.0000   0.0000
    4286   5.8360  -2.5436  15.7458   0.0000   0.0000   0.0000
    4287   5.7614  -2.8419  14.6048   0.0000   0.0000   0.0000
    4288   5.9946  -2.4213  15.3092   0.0000   0.0000   0.0000
    4289   5.8935  -2.0234  15.5067   0.0000   0.0000   0.0000
    4290   6.8488  -2.6354  15.4735   0.0000   0.0000   0.0000
    4291   6.2317  -3.0131  15.9684   0.0000   0.0000   0.0000
    4292   6.2389  -2.2888  15.3502   0.0000   0.0000   0.0000
    4293   6.1122  -2.9541  15.7232   0.0000   0.0000   0.0000
    4294   6.1498  -2.6309  15.3431   0.0000   0.0000   0.0000
    4295   5.8686  -2.6157  14.4756   0.0000   0.0000   0.0000
    4296   6.3315  -2.5114  15.3152   0.0000   0.0000   0.0000
    4297   5.7407  -2.7405  14.7044   0.0000   0.0000   0.0000
    4298   6.2401  -2.4908  15.1141   0.0000   0.0000   0.0000
    4299   5.7219  -3.5669  14.8504   0.0000   0.0000   0.0000
    4300   5.6381  -2.7292  13.9728   0.0000   0.0000   0.0000
    4301   6.2189  -4.0014  13.8275   0.0000   0.0000   0.0000
    4302   5.2701  -3.5340  13.9906   0.0000   0.0000   0.0000
    4303   6.5693  -4.5751  14.2556   0.0000   0.0000   0.0000
    4304   7.0416  -3.4352  13.5832   0.0000   0.0000   0.0000
    4305   6.4375  -4.1964  13.0118   0.0000   0.0000   0.0000
    4306   5.5912  -2.9559  14.0617   0.0000   0.0000   0.0000
    4307   5.7543  -3.8417  14.0241   0.0000   0.0000   0.0000
    4308   5.5321  -3.6034  14.8992   0.0000   0.0000   0.0000
    4309   4.6155  -2.4256  14.8874   0.0000   0.0000   0.0000
    4310   4.9836  -3.6944  14.2103   0.0000   0.0000   0.0000
    4311   4.7818  -4.1538  13.7456   0.0000   0.0000   0.0000
    4312   4.7705  -3.9548  13.7764   0.0000   0.0000   0.0000
    4313   4.7899  -3.9879  13.9192   0.0000   0.0000   0.0000
    4314   5.1680  -4.6763  13.8380   0.0000   0.0000   0.0000
    4315   5.2555  -2.2321  14.3067   0.0000   0.0000   0.0000
    4316   5.5701  -2.5907  15.2224   0.0000   0.0000   0.0000
    4317   4.7814  -2.3759  14.3980   0.0000   0.0000   0.0000
    4318   5.1776  -2.0393  14.5358   0.0000   0.0000   0.0000
    4319   4.7611  -2.8272  14.6246   0.0000   0.0000   0.0000
    4320   5.2836  -2.5299  14.0087   0.0000   0.0000   0.0000
    4321   5.1359  -2.2352  13.9428   0.0000   0.0000   0.0000
    4322   5.1579  -2.6717  13.7627   0.0000   0.0000   0.0000
    4323   4.5040  -2.2550  14.4254   0.0000   0.0000   0.0000
    4324   4.7114  -2.9685  14.2197   0.0000   0.0000   0.0000
    4325   5.0476  -2.3887  13.9935   0.0000   0.0000   0.0000
    4326   6.2212  -3.1977  14.4576   0.0000   0.0000   0.0000
    4327   5.4944  -1.7966  14.3797   0.0000   0.0000   0.0000
    4328   5.3886  -2.8391  14.8585   0.0000   0.0000   0.0000
    4329   5.0873  -2.6901  14.1622   0.0000   0.0000   0.0000
    4330   4.1808  -3.0319  13.9178   0.0000   0.0000   0.0000
    4331   4.8051  -1.5783  13.3621   0.0000   0.0000   0.0000
    4332   5.7042  -2.2742  13.3977   0.0000   0.0000   0.0000
    4333   5.5730  -2.6271  14.4876   0.0000   0.0000   0.0000
    4334   4.8296  -3.0979  12.9070   0.0000   0.0000   0.0000
    4335   5.2795  -3.1603  13.1416   0.0000   0.0000   0.0000
    4336   5.1334  -2.7701  13.5568   0.0000   0.0000   0.0000
    4337   5.0528  -3.1310  13.7616   0.0000   0.0000   0.0000
    4338   4.6719  -4.2447  13.4775   0.0000   0.0000   0.0000
    4339   5.2882  -2.8262  13.3104   0.0000   0.0000   0.0000
    4340   5.7432  -1.9157  13.0229   0.0000   0.0000   0.0000
    4341   5.6725  -2.1747  13.1985   0.0000   0.0000   0.0000
    4342   5.3536  -2.1548  13.2900   0.0000   0.0000   0.0000
    4343   5.3172  -2.7596  13.2425   0.0000   0.0000   0.0000
    4344   4.9141  -2.3313  13.4084   0.0000   0.0000   0.0000
    4345   5.5032  -1.9771  12.9167   0.0000   0.0000   0.0000
    4346   5.5323  -3.1535  14.0059   0.0000   0.0000   0.0000
    4347   5.2027  -3.1325  13.2909   0.0000   0.0000   0.0000
    4348   5.0727  -3.3825  13.8535   0.0000   0.0000   0.0000
    4349   4.7867  -3.0199  14.2281   0.0000   0.0000   0.0000
    4350   5.0817  -3.1793  13.0573   0.0000   0.0000   0.0000
    4351   4.9284  -3.3078  12.9599   0.0000   0.0000   0.0000
    4352   4.9323  -4.1081  13.6375   0.0000   0.0000   0.0000
    4353   3.8561  -3.6795  12.7173   0.0000   0.0000   0.0000
    4354   4.4792  -3.3624  12.9325   0.0000   0.0000   0.0000
    4355   4.7429  -3.7850  13.3178   0.0000   0.0000   0.0000
    4356   4.8664  -2.8168  13.5072   0.0000   0.0000   0.0000
    4357   5.0352  -3.0108  13.5034   0.0000   0.0000   0.0000
    4358   5.2917  -3.2033  13.7787   0.0000   0.0000   0.0000
    4359   5.4520  -2.0059  13.4649   0.0000   0.0000   0.0000
    4360   5.0762  -2.1576  13.3433   0.0000   0.0000   0.0000
    4361   4.9650  -3.1589  13.3010   0.0000   0.0000   0.0000
    4362   5.4315  -2.8190  13.5015   0.0000   0.0000   0.0000
    4363   5.4283  -3.1208  13.8179   0.0000   0.0000   0.0000
    4364   5.2743  -2.3723  13.8343   0.0000   0.0000   0.0000
    4365   5.0098  -3.7937  13.9694   0.0000   0.0000   0.0000
    4366   5.0199  -2.9242  13.3141   0.0000   0.0000   0.0000
    4367   4.4458  -3.5578  14.2530   0.0000   0.0000   0.0000
    4368   4.4391  -3.5434  13.9560   0.0000   0.0000   0.0000
    4369   4.2881  -3.8132  14.1391   0.0000   0.0000   0.0000
    4370   5.5158  -3.7823  13.9657   0.0000   0.0000   0.0000
    4371   5.5257  -3.3094  14.2521   0.0000   0.0000   0.0000
    4372   5.1589  -4.4622  14.4267   0.0000   0.0000   0.0000
    4373   5.3128  -3.2570  14.6496   0.0000   0.0000   0.0000
    4374   6.2938  -3.6192  14.6206   0.0000   0.0000   0.0000
    4375   6.0504  -4.0344  14.8422   0.0000   0.0000   0.0000
    4376   5.4598  -3.6123  15.3151   0.0000   0.0000   0.0000
    4377   5.5197  -3.4348  15.0155   0.0000   0.0000   0.0000
    4378   5.5274  -2.8325  14.6147   0.0000   0.0000   0.0000
    4379   5.4918  -3.2054  15.1745   0.0000   0.0000   0.0000
    4380   6.8421  -3.5686  15.3896   0.0000   0.0000   0.0000
    4381   6.2389  -3.1006  16.1278   0.0000   0.0000   0.0000
    4382   5.9531  -3.5957  15.1643   0.0000   0.0000   0.0000
    4383   5.8025  -3.5064  15.3774   0.0000   0.0000   0.0000
    4384   6.2930  -4.0498  14.6154   0.0000   0.0000   0.0000
    4385   6.2489  -4.0252  14.7136   0.0000   0.0000   0.0000
    4386   6.1048  -3.5706  14.9718   0.0000   0.0000   0.0000
    4387   6.2039  -3.1040  15.2693   0.0000   0.0000   0.0000
    4388   6.7757  -3.6953  15.2843   0.0000   0.0000   0.0000
    4389   6.2025  -3.4227  15.7985   0.0000   0.0000   0.0000
    4390   6.6684  -3.5257  15.8836   0.0000   0.0000   0.0000
    4391   5.4101  -2.7102  14.7800   0.0000   0.0000   0.0000
    4392   5.8736  -3.1062  15.5732   0.0000   0.0000   0.0000
    4393   6.5697  -3.5612  15.8247   0.0000   0.0000   0.0000
    4394   6.4779  -3.5683  15.7534   0.0000   0.0000   0.0000
    4395   6.6355  -2.7129  16.1696   0.0000   0.0000   0.0000
    4396   5.9439  -3.1865  16.4939   0.0000   0.0000   0.0000
    4397   5.5703  -2.9351  16.0592   0.0000   0.0000   0.0000
    4398   5.2835  -2.7649  16.0554   0.0000   0.0000   0.0000
    4399   6.6099  -2.0819  16.0942   0.0000   0.0000   0.0000
    4400   5.9768  -3.4385  16.5617   0.0000   0.0000   0.0000
    4401   5.6690  -3.2079  16.0035   0.0000   0.0000   0.0000
    4402   5.8858  -3.7981  16.0233   0.0000   0.0000   0.0000
    4403   5.8092  -3.1013  16.8977   0.0000   0.0000   0.0000
    4404   6.6138  -3.5238  16.2168   0.0000   0.0000   0.0000
    4405   5.6977  -2.6470  15.6813   0.0000   0.0000   0.0000
    4406   5.3815  -4.1545  15.2744   0.0000   0.0000   0.0000
    4407   5.6228  -4.0997  15.8356   0.0000   0.0000   0.0000
    4408   6.0611  -3.8840  16.1232   0.0000   0.0000   0.0000
    4409   6.3735  -4.7424  15.6783   0.0000   0.0000   0.0000
    4410   6.1965  -4.0432  15.9868   0.0000   0.0000   0.0000
    4411   6.3845  -4.2394  15.1236   0.0000   0.0000   0.0000
    4412   6.7965  -3.8456  15.6657   0.0000   0.0000   0.0000
    4413   5.7444  -3.8793  15.9425   0.0000   0.0000   0.0000
    4414   5.0810  -3.3193  16.2619   0.0000   0.0000   0.0000
    4415   5.2161  -4.2028  15.9279   0.0000   0.0000   0.0000
    4416   5.5043  -3.2740  16.3233   0.0000   0.0000   0.0000
    4417   5.8650  -2.9885  16.7096   0.0000   0.0000   0.0000
    4418   5.5429  -2.9634  16.1246   0.0000   0.0000   0.0000
    4419   4.8939  -2.9933  15.8855   0.0000   0.0000   0.0000
    4420   5.9495  -3.1539  16.4623   0.0000   0.0000   0.0000
    4421   5.4258  -2.5816  15.9739   0.0000   0.0000   0.0000
    4422   5.2013  -2.9873  16.4127   0.0000   0.0000   0.0000
    4423   5.0230  -3.0328  16.3970   0.0000   0.0000   0.0000
    4424   5.2525  -2.8867  16.2292   0.0000   0.0000   0.0000
    4425   5.7984  -2.0633  16.9056   0.0000   0.0000   0.0000
    4426   6.2736  -2.1218  16.4098   0.0000   0.0000   0.0000
    4427   6.2038  -1.7713  16.8068   0.0000   0.0000   0.0000
    4428   6.1712  -2.7771  16.8112   0.0000   0.0000   0.0000
    4429   6.5781  -2.9924  17.0205   0.0000   0.0000   0.0000
    4430   6.2792  -2.3388  16.0885   0.0000   0.0000   0.0000
    4431   6.7584  -2.4708  16.8640   0.0000   0.0000   0.0000
    4432   6.5345  -2.8450  16.8456   0.0000   0.0000   0.0000
    4433   6.4807  -3.0139  17.1319   0.0000   0.0000   0.0000
    4434   6.9275  -2.6986  16.7934   0.0000   0.0000   0.0000
    4435   6.7311  -2.0664  16.8493   0.0000   0.0000   0.0000
    4436   6.6174  -3.1822  17.2801   0.0000   0.0000   0.0000
    4437   5.2416  -2.5556  17.2498   0.0000   0.0000   0.0000
    4438   5.7382  -2.1370  17.3624   0.0000   0.0000   0.0000
    4439   5.9536  -0.8659  16.8380   0.0000   0.0000   0.0000
    4440   5.6295  -2.6008  17.0553   0.0000   0.0000   0.0000
    4441   7.0402  -2.1999  16.8447   0.0000   0.0000   0.0000
    4442   6.9148  -3.5222  16.8790   0.0000   0.0000   0.0000
    4443   6.3208  -3.1412  16.2088   0.0000   0.0000   0.0000
    4444   6.1830  -3.0022  16.2116   0.0000   0.0000   0.0000
    4445   6.0481  -2.2322  16.7162   0.0000   0.0000   0.0000
    4446   6.2565  -2.7423  17.5729   0.0000   0.0000   0.0000
    4447   5.5136  -2.2597  17.0615   0.0000   0.0000   0.0000
    4448   6.4113  -2.8965  17.1820   0.0000   0.0000   0.0000
    4449   6.1614  -2.8238  17.2679   0.0000   0.0000   0.0000
    4450   5.4812  -2.3936  16.4821   0.0000   0.0000   0.0000
    4451   6.3508  -2.5823  17.0310   0.0000   0.0000   0.0000
    4452   5.8297  -2.3250  17.0625   0.0000   0.0000   0.0000
    4453   5.3069  -2.4616  17.2433   0.0000   0.0000   0.0000
    4454   6.0830  -2.9910  18.1159   0.0000   0.0000   0.0000
    4455   5.1331  -2.4863  17.0275   0.0000   0.0000   0.0000
    4456   4.9562  -2.5837  17.0598   0.0000   0.0000   0.0000
    4457   5.0352  -2.5627  16.9039   0.0000   0.0000   0.0000
    4458   5.1177  -2.6539  16.7635   0.0000   0.0000   0.0000
    4459   5.8968  -3.4615  16.8305   0.0000   0.0000   0.0000
    4460   5.8351  -2.4817  16.9962   0.0000   0.0000   0.0000
    4461   4.7420  -2.6436  16.7949   0.0000   0.0000   0.0000
    4462   6.0274  -1.7529  16.6864   0.0000   0.0000   0.0000
    4463   5.8253  -2.2567  16.5538   0.0000   0.0000   0.0000
    4464   6.5600  -2.2906  16.4821   0.0000   0.0000   0.0000
    4465   5.8289  -2.2561  16.4366   0.0000   0.0000   0.0000
    4466   5.9715  -1.3322  15.9046   0.0000   0.0000   0.0000
    4467   5.9234  -2.1409  15.5261   0.0000   0.0000   0.0000
    4468   6.1380  -1.6897  15.5041   0.0000   0.0000   0.0000
    4469   6.6531  -2.0873  15.8053   0.0000   0.0000   0.0000
    4470   6.8952  -1.8731  15.6275   0.0000   0.0000   0.0000
    4471   6.6171  -1.3934  16.5909   0.0000   0.0000   0.0000
    4472   6.4928  -1.9809  16.7014   0.0000   0.0000   0.0000
    4473   6.2638  -2.6014  16.9224   0.0000   0.0000   0.0000
    4474   6.0885  -1.4897  15.8942   0.0000   0.0000   0.0000
    4475   5.4947  -1.1199  15.8280   0.0000   0.0000   0.0000
    4476   6.0390  -1.2712  16.1468   0.0000   0.0000   0.0000
    4477   6.0342  -1.6769  15.7428   0.0000   0.0000   0.0000
    4478   4.9078  -1.4659  16.1550   0.0000   0.0000   0.0000
    4479   5.8744  -1.5426  16.3867   0.0000   0.0000   0.0000
    4480   5.6777  -1.0062  16.6324   0.0000   0.0000   0.0000
    4481   6.4213  -1.4024  16.2053   0.0000   0.0000   0.0000
    4482   5.5503  -2.0219  15.6665   0.0000   0.0000   0.0000
    4483   5.9429  -1.9254  15.8417   0.0000   0.0000   0.0000
    4484   6.3086  -1.0113  14.8876   0.0000   0.0000   0.0000
    4485   5.5346  -2.0836  15.6277   0.0000   0.0000   0.0000
    4486   5.5006  -0.8453  15.6046   0.0000   0.0000   0.0000
    4487   5.5341  -0.9253  16.5068   0.0000   0.0000   0.0000
    4488   5.3198  -1.1558  16.6907   0.0000   0.0000   0.0000
    4489   5.5059  -1.1469  16.6244   0.0000   0.0000   0.0000
    4490   7.1923  -0.8801  16.9359   0.0000   0.0000   0.0000
    4491   6.3431  -1.5099  17.1885   0.0000   0.0000   0.0000
    4492   7.1152  -1.2830  16.8190   0.0000   0.0000   0.0000
    4493   6.2766  -1.2343  16.8712   0.0000   0.0000   0.0000
    4494   5.3302  -1.1732  16.0767   0.0000   0.0000   0.0000
    4495   5.6594  -0.1266  15.8715   0.0000   0.0000   0.0000
    4496   6.0760  -0.0891  15.0075   0.0000   0.0000   0.0000
    4497   5.9903  -1.8774  16.5506   0.0000   0.0000   0.0000
    4498   6.5215  -1.6812  16.2094   0.0000   0.0000   0.0000
    4499   6.2751  -2.2494  15.4946   0.0000   0.0000   0.0000
    4500   5.6253  -1.6455  15.4784   0.0000   0.0000   0.0000
    4501   5.9980  -1.0101  15.1302   0.0000   0.0000   0.0000
    4502   5.5763  -1.6443  15.2963   0.0000   0.0000   0.0000
    4503   5.5794  -1.3589  14.2890   0.0000   0.0000   0.0000
    4504   5.5901  -0.6625  15.1652   0.0000   0.0000   0.0000
    4505   5.5983  -0.6124  15.0090   0.0000   0.0000   0.0000
    4506   5.8339  -0.7110  15.1429   0.0000   0.0000   0.0000
    4507   4.5216  -1.8693  15.3514   0.0000   0.0000   0.0000
    4508   5.1307  -0.9586  15.5733   0.0000   0.0000   0.0000
    4509   5.0248  -0.5945  15.2679   0.0000   0.0000   0.0000
    4510   4.9872  -0.5046  15.0620   0.0000   0.0000   0.0000
    4511   4.6112  -0.3123  14.7642   0.0000   0.0000   0.0000
    4512   4.9979  -0.0698  14.6038   0.0000   0.0000   0.0000
    4513   4.9103  -0.4925  15.0778   0.0000   0.0000   0.0000
    4514   5.2022  -1.0652  15.0570   0.0000   0.0000   0.0000
    4515   4.9927  -1.1160  16.2216   0.0000   0.0000   0.0000
    4516   4.9390  -1.2050  15.9937   0.0000   0.0000   0.0000
    4517   5.8852  -2.1456  15.5798   0.0000   0.0000   0.0000
    4518   5.5859  -1.6194  16.0707   0.0000   0.0000   0.0000
    4519   5.8149  -2.2428  15.8645   0.0000   0.0000   0.0000
    4520   5.2692  -2.8896  15.5592   0.0000   0.0000   0.0000
    4521   6.0284  -2.1458  16.0027   0.0000   0.0000   0.0000
    4522   5.8672  -2.1194  15.1618   0.0000   0.0000   0.0000
    4523   5.6877  -1.9895  15.4377   0.0000   0.0000   0.0000
    4524   7.2048  -1.3784  15.8986   0.0000   0.0000   0.0000
    4525   6.5518  -1.1352  15.3413   0.0000   0.0000   0.0000
    4526   5.3254  -1.0977  15.1578   0.0000   0.0000   0.0000
    4527   5.5936  -1.7415  15.9019   0.0000   0.0000   0.0000
    4528   6.1057  -1.8330  15.7026   0.0000   0.0000   0.0000
    4529   6.2768  -2.0618  15.8315   0.0000   0.0000   0.0000
    4530   5.1304  -1.5622  16.0631   0.0000   0.0000   0.0000
    4531   5.6943  -1.8202  15.7220   0.0000   0.0000   0.0000
    4532   5.3697  -2.3921  15.7229   0.0000   0.0000   0.0000
    4533   5.6173  -2.5426  16.1341   0.0000   0.0000   0.0000
    4534   5.3084  -2.3658  16.3404   0.0000   0.0000   0.0000
    4535   5.1088  -2.3528  15.9223   0.0000   0.0000   0.0000
    4536   5.7366  -2.7515  15.4076   0.0000   0.0000   0.0000
    4537   5.4647  -2.3731  15.7131   0.0000   0.0000   0.0000
    4538   5.0689  -1.8536  15.6410   0.0000   0.0000   0.0000
    4539   6.5236  -2.1624  16.3949   0.0000   0.0000   0.0000
    4540   5.0427  -2.3549  16.2079   0.0000   0.0000   0.0000
    4541   5.2191  -2.2565  16.8080   0.0000   0.0000   0.0000
    4542   5.9579  -2.2344  16.2753   0.0000   0.0000   0.0000
    4543   4.9159  -2.5079  16.3004   0.0000   0.0000   0.0000
    4544   5.5842  -2.9665  16.3796   0.0000   0.0000   0.0000
    4545   5.0239  -2.1797  17.1499   0.0000   0.0000   0.0000
    4546   6.1260  -1.8432  16.2957   0.0000   0.0000   0.0000
    4547   5.9169  -1.1485  16.8120   0.0000   0.0000   0.0000
    4548   6.0428  -1.9793  16.2210   0.0000   0.0000   0.0000
    4549   5.4224  -2.0388  15.9452   0.0000   0.0000   0.0000
    4550   5.7710  -0.5278  15.8937   0.0000   0.0000   0.0000
    4551   5.9293  -1.7647  14.9202   0.0000   0.0000   0.0000
    4552   5.0982  -1.9310  15.3414   0.0000   0.0000   0.0000
    4553   4.7016  -2.0021  15.6413   0.0000   0.0000   0.0000
    4554   5.3453  -0.9885  15.9989   0.0000   0.0000   0.0000
    4555   5.9246  -1.6030  16.2429   0.0000   0.0000   0.0000
    4556   5.8998  -2.1650  15.6695   0.0000   0.0000   0.0000
    4557   5.4138  -2.4598  16.6745   0.0000   0.0000   0.0000
    4558   5.6373  -2.2287  16.0328   0.0000   0.0000   0.0000
    4559   5.0129  -0.8974  16.0088   0.0000   0.0000   0.0000
    4560   5.0868  -2.4979  16.4089   0.0000   0.0000   0.0000
    4561   5.3982  -1.9120  16.6951   0.0000   0.0000   0.0000
    4562   5.2335  -2.3557  16.8906   0.0000   0.0000   0.0000
    4563   5.1408  -1.9858  16.2450   0.0000   0.0000   0.0000
    4564   5.0993  -2.7077  15.7685   0.0000   0.0000   0.0000
    4565   5.2607  -2.1303  16.5101   0.0000   0.0000   0.0000
    4566   5.7389  -1.9009  16.3938   0.0000   0.0000   0.0000
    4567   4.5102  -1.9397  16.4978   0.0000   0.0000   0.0000
    4568   4.9578  -2.0739  17.1697   0.0000   0.0000   0.0000
    4569   5.5948  -3.1137  16.1666   0.0000   0.0000   0.0000
    4570   6.0386  -2.3923  16.0708   0.0000   0.0000   0.0000
    4571   5.6541  -2.4292  15.9452   0.0000   0.0000   0.0000
    4572   6.9510  -2.0637  15.7763   0.0000   0.0000   0.0000
    4573   5.7409  -2.5205  16.4188   0.0000   0.0000   0.0000
    4574   5.9885  -2.4946  16.3525   0.0000   0.0000   0.0000
    4575   6.0486  -2.7721  16.6743   0.0000   0.0000   0.0000
    4576   5.5963  -2.0671  15.4416   0.0000   0.0000   0.0000
    4577   5.6353  -2.4226  16.3656   0.0000   0.0000   0.0000
    4578   5.2024  -2.1879  16.3906   0.0000   0.0000   0.0000
    4579   4.3816  -2.4131  16.3247   0.0000   0.0000   0.0000
    4580   4.5165  -1.6189  15.7433   0.0000   0.0000   0.0000
    4581   4.0666  -2.3526  16.3155   0.0000   0.0000   0.0000
    4582   4.6185  -1.7766  16.1689   0.0000   0.0000   0.0000
    4583   4.1060  -1.8222  16.5885   0.0000   0.0000   0.0000
    4584   4.9590  -1.7896  16.7877   0.0000   0.0000   0.0000
    4585   5.6072  -1.9976  16.6704   0.0000   0.0000   0.0000
    4586   5.5134  -2.2793  16.6062   0.0000   0.0000   0.0000
    4587   4.8143  -1.4549  16.2657   0.0000   0.0000   0.0000
    4588   5.0168  -0.9168  16.6957   0.0000   0.0000   0.0000
    4589   4.8581  -1.4043  16.0967   0.0000   0.0000   0.0000
    4590   5.1468  -2.0382  17.0970   0.0000   0.0000   0.0000
    4591   5.0312  -1.8308  16.6181   0.0000   0.0000   0.0000
    4592   4.8008  -1.8356  17.1143   0.0000   0.0000   0.0000
    4593   6.1687  -2.0215  18.1816   0.0000   0.0000   0.0000
    4594   5.3686  -1.8922  17.9943   0.0000   0.0000   0.0000
    4595   4.8668  -0.9329  17.1381   0.0000   0.0000   0.0000
    4596   4.8791  -1.2021  16.6306   0.0000   0.0000   0.0000
    4597   5.0236  -1.5779  16.3388   0.0000   0.0000   0.0000
    4598   5.9379  -1.5647  15.9281   0.0000   0.0000   0.0000
    4599   5.7416  -0.9380  15.5614   0.0000   0.0000   0.0000
    4600   4.5994  -1.3857  16.6270   0.0000   0.0000   0.0000
    4601   5.4650  -1.2815  16.2158   0.0000   0.0000   0.0000
    4602   5.0244  -1.6109  16.3736   0.0000   0.0000   0.0000
    4603   4.1504  -1.1521  16.1242   0.0000   0.0000   0.0000
    4604   4.8341  -0.9992  16.2839   0.0000   0.0000   0.0000
    4605   3.8042  -0.9589  16.6944   0.0000   0.0000   0.0000
    4606   3.9108  -1.9282  15.7579   0.0000   0.0000   0.0000
    4607   3.9251  -1.7446  16.1560   0.0000   0.0000   0.0000
    4608   4.5790  -2.3405  15.9907   0.0000   0.0000   0.0000
    4609   3.7096  -2.0918  16.1089   0.0000   0.0000   0.0000
    4610   3.8514  -1.6474  15.7341   0.0000   0.0000   0.0000
    4611   3.2566  -2.2614  15.7890   0.0000   0.0000   0.0000
    4612   3.3451  -1.4050  15.9576   0.0000   0.0000   0.0000
    4613   3.9217  -2.7509  15.8619   0.0000   0.0000   0.0000
    4614   3.7661  -2.6806  16.0976   0.0000   0.0000   0.0000
    4615   3.7738  -1.7620  16.2689   0.0000   0.0000   0.0000
    4616   3.5599  -1.8551  16.4676   0.0000   0.0000   0.0000
    4617   2.7304  -2.7350  16.1786   0.0000   0.0000   0.0000
    4618   3.1603  -2.1467  16.2287   0.0000   0.0000   0.0000
    4619   3.6248  -2.5857  15.9243   0.0000   0.0000   0.0000
    4620   3.0807  -3.1457  16.1594   0.0000   0.0000   0.0000
    4621   4.4379  -3.6603  16.6616   0.0000   0.0000   0.0000
    4622   4.0599  -4.3459  16.6986   0.0000   0.0000   0.0000
    4623   2.7311  -2.0717  16.3752   0.0000   0.0000   0.0000
    4624   2.8304  -3.2694  17.6953   0.0000   0.0000   0.0000
    4625   2.5509  -2.4723  16.0742   0.0000   0.0000   0.0000
    4626   2.8877  -2.5488  15.7941   0.0000   0.0000   0.0000
    4627   3.0362  -3.2271  16.6350   0.0000   0.0000   0.0000
    4628   2.6795  -3.3787  16.8385   0.0000   0.0000   0.0000
    4629   3.6603  -4.2249  17.7168   0.0000   0.0000   0.0000
    4630   3.7952  -3.2086  17.5258   0.0000   0.0000   0.0000
    4631   2.6233  -4.0425  18.3360   0.0000   0.0000   0.0000
    4632   3.8825  -3.9770  17.7984   0.0000   0.0000   0.0000
    4633   3.4754  -4.3506  18.6183   0.0000   0.0000   0.0000
    4634   3.2969  -3.3037  18.6558   0.0000   0.0000   0.0000
    4635   2.9634  -3.8215  17.5532   0.0000   0.0000   0.0000
    4636   3.5561  -3.3158  18.2736   0.0000   0.0000   0.0000
    4637   3.0999  -3.5181  17.3648   0.0000   0.0000   0.0000
    4638   3.1733  -3.2735  17.4210   0.0000   0.0000   0.0000
    4639   3.1697  -3.7261  17.0323   0.0000   0.0000   0.0000
    4640   3.9003  -3.7981  15.8919   0.0000   0.0000   0.0000
    4641   3.2666  -3.8275  16.5248   0.0000   0.0000   0.0000
    4642   2.7552  -3.5213  15.7220   0.0000   0.0000   0.0000
    4643   2.6085  -3.2359  17.0626   0.0000   0.0000   0.0000
    4644   3.7718  -2.9538  17.5022   0.0000   0.0000   0.0000
    4645   3.7800  -2.5853  17.3417   0.0000   0.0000   0.0000
    4646   3.8665  -3.2131  17.0990   0.0000   0.0000   0.0000
    4647   3.9996  -3.3686  17.5992   0.0000   0.0000   0.0000
    4648   3.6979  -3.1171  16.7795   0.0000   0.0000   0.0000
    4649   3.9813  -2.6275  17.4947   0.0000   0.0000   0.0000
    4650   3.7842  -3.1126  17.4705   0.0000   0.0000   0.0000
    4651   3.4003  -2.0814  17.0124   0.0000   0.0000   0.0000
    4652   4.8538  -2.8366  18.2465   0.0000   0.0000   0.0000
    4653   3.1271  -2.9643  18.2578   0.0000   0.0000   0.0000
    4654   3.7718  -2.7554  18.4650   0.0000   0.0000   0.0000
    4655   4.3425  -2.6756  18.0036   0.0000   0.0000   0.0000
    4656   3.7724  -1.9474  16.9418   0.0000   0.0000   0.0000
    4657   4.3704  -3.2780  16.3149   0.0000   0.0000   0.0000
    4658   4.0762  -2.1010  17.9256   0.0000   0.0000   0.0000
    4659   3.4890  -2.8880  17.4723   0.0000   0.0000   0.0000
    4660   3.3746  -1.7512  18.1422   0.0000   0.0000   0.0000
    4661   3.4712  -2.3908  18.4829   0.0000   0.0000   0.0000
    4662   2.6646  -2.5165  18.0235   0.0000   0.0000   0.0000
    4663   2.5475  -3.2010  18.2388   0.0000   0.0000   0.0000
    4664   3.2227  -2.1953  17.2857   0.0000   0.0000   0.0000
    4665   3.6950  -2.7615  17.4382   0.0000   0.0000   0.0000
    4666   2.8348  -1.8790  16.8222   0.0000   0.0000   0.0000
    4667   3.0132  -2.6874  16.6664   0.0000   0.0000   0.0000
    4668   2.9418  -2.7314  16.8749   0.0000   0.0000   0.0000
    4669   2.3530  -3.6953  17.3611   0.0000   0.0000   0.0000
    4670   3.3264  -3.0213  17.4901   0.0000   0.0000   0.0000
    4671   2.4080  -3.0398  16.9649   0.0000   0.0000   0.0000
    4672   2.9857  -2.2709  17.0256   0.0000   0.0000   0.0000
    4673   2.6136  -2.5772  17.3638   0.0000   0.0000   0.0000
    4674   2.7260  -3.2410  18.2071   0.0000   0.0000   0.0000
    4675   3.1622  -3.8508  17.5923   0.0000   0.0000   0.0000
    4676   3.1213  -4.1955  17.2050   0.0000   0.0000   0.0000
    4677   3.1586  -4.0200  17.3138   0.0000   0.0000   0.0000
    4678   2.4004  -4.0509  16.7552   0.0000   0.0000   0.0000
    4679   2.4571  -3.8822  17.2788   0.0000   0.0000   0.0000
    4680   2.6783  -3.1731  17.1217   0.0000   0.0000   0.0000
    4681   2.6986  -4.4405  16.9399   0.0000   0.0000   0.0000
    4682   2.1401  -3.8373  16.3954   0.0000   0.0000   0.0000
    4683   2.1656  -4.3459  16.9999   0.0000   0.0000   0.0000
    4684   2.1636  -4.8094  16.7713   0.0000   0.0000   0.0000
    4685   2.3935  -3.6267  16.3794   0.0000   0.0000   0.0000
    4686   1.8648  -4.0134  16.3933   0.0000   0.0000   0.0000
    4687   1.9476  -3.3754  16.5036   0.0000   0.0000   0.0000
    4688   2.2354  -2.8293  15.9999   0.0000   0.0000   0.0000
    4689   2.2584  -2.7093  15.6710   0.0000   0.0000   0.0000
    4690   2.6093  -3.0141  16.4423   0.0000   0.0000   0.0000
    4691   2.6610  -3.5664  16.4978   0.0000   0.0000   0.0000
    4692   3.4448  -2.9028  16.7161   0.0000   0.0000   0.0000
    4693   3.6841  -3.3492  16.9781   0.0000   0.0000   0.0000
    4694   2.7719  -2.5047  16.6980   0.0000   0.0000   0.0000
    4695   2.7598  -3.8964  17.0791   0.0000   0.0000   0.0000
    4696   2.8098  -4.1307  17.0035   0.0000   0.0000   0.0000
    4697   2.6545  -3.0708  17.1475   0.0000   0.0000   0.0000
    4698   3.3446  -3.5686  18.0819   0.0000   0.0000   0.0000
    4699   2.4936  -3.3003  17.2509   0.0000   0.0000   0.0000
    4700   3.6137  -3.0942  16.8581   0.0000   0.0000   0.0000
    4701   3.1138  -2.9455  16.5076   0.0000   0.0000   0.0000
    4702   2.9403  -4.4423  16.8451   0.0000   0.0000   0.0000
    4703   3.3079  -3.5547  17.5720   0.0000   0.0000   0.0000
    4704   3.7590  -4.2424  17.7393   0.0000   0.0000   0.0000
    4705   2.1789  -3.3734  16.5492   0.0000   0.0000   0.0000
    4706   2.8040  -3.8123  16.9169   0.0000   0.0000   0.0000
    4707   2.5215  -2.9274  16.5946   0.0000   0.0000   0.0000
    4708   2.4782  -2.8503  17.7478   0.0000   0.0000   0.0000
    4709   3.2870  -2.8875  17.3378   0.0000   0.0000   0.0000
    4710   2.7256  -2.1552  17.2175   0.0000   0.0000   0.0000
    4711   2.9959  -2.5088  16.7704   0.0000   0.0000   0.0000
    4712   3.0254  -2.9013  17.6309   0.0000   0.0000   0.0000
    4713   2.9612  -2.3683  17.6819   0.0000   0.0000   0.0000
    4714   2.7824  -2.3782  17.0698   0.0000   0.0000   0.0000
    4715   2.6294  -2.3644  16.6237   0.0000   0.0000   0.0000
    4716   3.1268  -2.8931  16.9946   0.0000   0.0000   0.0000
    4717   2.9797  -3.1938  16.9329   0.0000   0.0000   0.0000
    4718   2.5991  -2.4013  17.4384   0.0000   0.0000   0.0000
    4719   2.6784  -2.2303  17.6830   0.0000   0.0000   0.0000
    4720   3.5385  -2.6434  17.6131   0.0000   0.0000   0.0000
    4721   3.1784  -2.3349  17.4973   0.0000   0.0000   0.0000
    4722   2.8794  -3.0362  17.5765   0.0000   0.0000   0.0000
    4723   2.9535  -3.1517  16.7358   0.0000   0.0000   0.0000
    4724   3.3258  -3.2176  16.0262   0.0000   0.0000   0.0000
    4725   3.3573  -3.2851  15.9716   0.0000   0.0000   0.0000
    4726   3.3718  -3.1847  17.3690   0.0000   0.0000   0.0000
    4727   2.7461  -2.4876  16.9616   0.0000   0.0000   0.0000
    4728   2.4694  -2.9354  16.6297   0.0000   0.0000   0.0000
    4729   2.6272  -3.0413  17.1265   0.0000   0.0000   0.0000
    4730   3.5508  -3.3582  16.7410   0.0000   0.0000   0.0000
    4731   3.7311  -2.4167  16.5903   0.0000   0.0000   0.0000
    4732   3.7304  -2.0463  16.0703   0.0000   0.0000   0.0000
    4733   2.9997  -2.6624  16.9020   0.0000   0.0000   0.0000
    4734   2.8970  -2.6575  15.9038   0.0000   0.0000   0.0000
    4735   2.5553  -1.9846  16.1198   0.0000   0.0000   0.0000
    4736   2.7361  -3.0057  15.4806   0.0000   0.0000   0.0000
    4737   2.8004  -2.3238  16.3222   0.0000   0.0000   0.0000
    4738   3.2210  -2.4412  16.1118   0.0000   0.0000   0.0000
    4739   3.3081  -1.5117  16.0489   0.0000   0.0000   0.0000
    4740   3.2582  -1.8637  15.3746   0.0000   0.0000   0.0000
    4741   2.3475  -1.1360  15.6267   0.0000   0.0000   0.0000
    4742   2.1788  -1.7194  15.5850   0.0000   0.0000   0.0000
    4743   2.8030  -2.5096  15.6107   0.0000   0.0000   0.0000
    4744   4.0699  -2.7892  16.2735   0.0000   0.0000   0.0000
    4745   4.1299  -2.6587  16.6642   0.0000   0.0000   0.0000
    4746   3.3698  -3.3934  17.0262   0.0000   0.0000   0.0000
    4747   3.7327  -2.6681  16.9985   0.0000   0.0000   0.0000
    4748   3.7389  -2.4191  16.8283   0.0000   0.0000   0.0000
    4749   3.0779  -1.9480  16.4637   0.0000   0.0000   0.0000
    4750   3.3746  -2.6095  16.2880   0.0000   0.0000   0.0000
    4751   3.8622  -1.9085  15.7411   0.0000   0.0000   0.0000
    4752   4.1849  -2.1202  15.7105   0.0000   0.0000   0.0000
    4753   4.2426  -1.9116  16.4356   0.0000   0.0000   0.0000
    4754   3.7740  -2.6129  16.7180   0.0000   0.0000   0.0000
    4755   3.9179  -3.0537  16.7530   0.0000   0.0000   0.0000
    4756   4.0349  -1.7862  16.8919   0.0000   0.0000   0.0000
    4757   3.7039  -2.2039  16.8197   0.0000   0.0000   0.0000
    4758   3.8490  -1.7686  16.8562   0.0000   0.0000   0.0000
    4759   4.2771  -1.5771  15.9422   0.0000   0.0000   0.0000
    4760   3.7759  -1.2189  15.7004   0.0000   0.0000   0.0000
    4761   3.8635  -1.8297  16.6810   0.0000   0.0000   0.0000
    4762   3.9361  -1.5097  17.0167   0.0000   0.0000   0.0000
    4763   2.7238  -1.2382  17.2338   0.0000   0.0000   0.0000
    4764   2.0935  -1.9085  16.8317   0.0000   0.0000   0.0000
    4765   3.3122  -2.3541  17.0219   0.0000   0.0000   0.0000
    4766   2.9584  -2.0768  16.1700   0.0000   0.0000   0.0000
    4767   2.5081  -1.8793  15.7586   0.0000   0.0000   0.0000
    4768   2.7839  -1.4684  16.4537   0.0000   0.0000   0.0000
    4769   3.8220  -3.1268  17.1237   0.0000   0.0000   0.0000
    4770   2.9913  -2.8974  17.2289   0.0000   0.0000   0.0000
    4771   2.1389  -2.9299  16.7799   0.0000   0.0000   0.0000
    4772   1.9135  -2.5061  16.3090   0.0000   0.0000   0.0000
    4773   2.2143  -2.4440  16.3081   0.0000   0.0000   0.0000
    4774   2.2544  -1.4139  16.0902   0.0000   0.0000   0.0000
    4775   2.3030  -1.0021  16.2914   0.0000   0.0000   0.0000
    4776   2.2658  -1.2946  16.0529   0.0000   0.0000   0.0000
    4777   1.9066  -0.8823  15.7409   0.0000   0.0000   0.0000
    4778   2.6260  -0.3645  15.5232   0.0000   0.0000   0.0000
    4779   3.3654  -1.1755  16.1817   0.0000   0.0000   0.0000
    4780   3.0065  -0.9008  15.7160   0.0000   0.0000   0.0000
    4781   3.0481  -2.0036  16.5114   0.0000   0.0000   0.0000
    4782   2.7485  -1.3231  15.9563   0.0000   0.0000   0.0000
    4783   2.4494  -1.7962  15.7374   0.0000   0.0000   0.0000
    4784   3.4198  -2.3730  14.8318   0.0000   0.0000   0.0000
    4785   4.0442  -2.1472  14.5180   0.0000   0.0000   0.0000
    4786   4.1280  -2.1927  14.1990   0.0000   0.0000   0.0000
    4787   3.4827  -2.7051  15.8617   0.0000   0.0000   0.0000
    4788   3.0669  -2.3338  15.9055   0.0000   0.0000   0.0000
    4789   4.2659  -2.5861  14.7253   0.0000   0.0000   0.0000
    4790   3.2276  -2.1033  15.5084   0.0000   0.0000   0.0000
    4791   3.7966  -2.5347  15.9445   0.0000   0.0000   0.0000
    4792   3.3544  -2.1077  14.9839   0.0000   0.0000   0.0000
    4793   3.6753  -1.3039  16.0553   0.0000   0.0000   0.0000
    4794   3.6144  -1.8387  15.2517   0.0000   0.0000   0.0000
    4795   2.8861  -1.4964  14.8731   0.0000   0.0000   0.0000
    4796   3.1143  -2.1564  15.0655   0.0000   0.0000   0.0000
    4797   3.2294  -1.8328  14.1067   0.0000   0.0000   0.0000
    4798   2.9947  -1.3579  13.5069   0.0000   0.0000   0.0000
    4799   2.6895  -1.2386  13.8648   0.0000   0.0000   0.0000
    4800   3.4414  -1.5170  14.5894   0.0000   0.0000   0.0000
    4801   3.1091  -1.6008  14.2558   0.0000   0.0000   0.0000
    4802   3.9622  -1.5461  13.6962   0.0000   0.0000   0.0000
    4803   2.9814  -0.8586  12.7251   0.0000   0.0000   0.0000
    4804   2.8195  -1.7892  13.0615   0.0000   0.0000   0.0000
    4805   1.9953  -1.5487  13.7314   0.0000   0.0000   0.0000
    4806   3.2352  -1.5239  13.8056   0.0000   0.0000   0.0000
    4807   3.0237  -2.1617  13.9286   0.0000   0.0000   0.0000
    4808   2.7738  -2.3344  14.8935   0.0000   0.0000   0.0000
    4809   2.3732  -1.2495  14.5799   0.0000   0.0000   0.0000
    4810   2.7606  -1.6074  15.4513   0.0000   0.0000   0.0000
    4811   2.3799  -1.3071  14.9815   0.0000   0.0000   0.0000
    4812   2.9391  -1.6831  14.9523   0.0000   0.0000   0.0000
    4813   3.9662  -1.5699  14.6880   0.0000   0.0000   0.0000
    4814   3.4221  -2.0257  15.5841   0.0000   0.0000   0.0000
    4815   4.4314  -2.7396  15.4306   0.0000   0.0000   0.0000
    4816   4.2744  -2.8688  16.8020   0.0000   0.0000   0.0000
    4817   5.6316  -2.9160  16.2423   0.0000   0.0000   0.0000
    4818   4.5079  -3.1598  16.6487   0.0000   0.0000   0.0000
    4819   4.0184  -3.2675  17.1031   0.0000   0.0000   0.0000
    4820   4.3249  -2.7750  17.2128   0.0000   0.0000   0.0000
    4821   3.4996  -3.9574  17.0520   0.0000   0.0000   0.0000
    4822   4.0983  -3.4903  17.1489   0.0000   0.0000   0.0000
    4823   4.5727  -3.0514  17.2261   0.0000   0.0000   0.0000
    4824   4.2706  -3.7798  17.3893   0.0000   0.0000   0.0000
    4825   3.5282  -3.7350  17.4790   0.0000   0.0000   0.0000
    4826   4.3764  -3.0513  17.1630   0.0000   0.0000   0.0000
    4827   4.0110  -3.7754  16.7903   0.0000   0.0000   0.0000
    4828   4.5951  -4.4016  16.7023   0.0000   0.0000   0.0000
    4829   3.0802  -3.6705  16.7829   0.0000   0.0000   0.0000
    4830   3.8541  -4.1583  17.1816   0.0000   0.0000   0.0000
    4831   3.8422  -4.2643  17.5968   0.0000   0.0000   0.0000
    4832   4.3820  -3.8961  17.2016   0.0000   0.0000   0.0000
    4833   4.0260  -3.6254  16.9747   0.0000   0.0000   0.0000
    4834   3.3149  -3.0988  16.5715   0.0000   0.0000   0.0000
    4835   3.3337  -3.4058  16.8776   0.0000   0.0000   0.0000
    4836   2.9676  -3.1011  16.7537   0.0000   0.0000   0.0000
    4837   3.6192  -2.5341  17.1799   0.0000   0.0000   0.0000
    4838   3.0854  -3.3530  16.7717   0.0000   0.0000   0.0000
    4839   3.7747  -2.3599  16.1687   0.0000   0.0000   0.0000
    4840   3.4507  -2.8937  16.0531   0.0000   0.0000   0.0000
    4841   3.1667  -2.3885  15.9884   0.0000   0.0000   0.0000
    4842   4.2697  -2.3598  16.7977   0.0000   0.0000   0.0000
    4843   2.6037  -2.6473  17.2420   0.0000   0.0000   0.0000
    4844   3.2893  -3.0976  16.5025   0.0000   0.0000   0.0000
    4845   3.9751  -3.7707  16.3794   0.0000   0.0000   0.0000
    4846   3.8050  -3.5232  15.7870   0.0000   0.0000   0.0000
    4847   3.9932  -3.7905  15.9041   0.0000   0.0000   0.0000
    4848   3.4265  -4.1913  16.2376   0.0000   0.0000   0.0000
    4849   3.7482  -3.7751  16.3966   0.0000   0.0000   0.0000
    4850   4.0489  -3.6808  16.4437   0.0000   0.0000   0.0000
    4851   3.1942  -3.4589  16.1958   0.0000   0.0000   0.0000
    4852   3.9670  -3.2651  16.5348   0.0000   0.0000   0.0000
    4853   3.9731  -2.8242  16.3981   0.0000   0.0000   0.0000
    4854   3.4944  -3.3061  15.6997   0.0000   0.0000   0.0000
    4855   3.9820  -3.3812  16.4404   0.0000   0.0000   0.0000
    4856   3.8653  -3.4089  16.6441   0.0000   0.0000   0.0000
    4857   4.7746  -3.6712  16.2553   0.0000   0.0000   0.0000
    4858   3.8220  -3.6948  16.6775   0.0000   0.0000   0.0000
    4859   3.1713  -2.9127  16.7495   0.0000   0.0000   0.0000
    4860   3.7622  -2.9588  16.8697   0.0000   0.0000   0.0000
    4861   5.3357  -3.4743  17.2807   0.0000   0.0000   0.0000
    4862   3.8807  -4.0797  17.5376   0.0000   0.0000   0.0000
    4863   4.7065  -3.7371  16.7773   0.0000   0.0000   0.0000
    4864   3.9189  -4.0394  17.5719   0.0000   0.0000   0.0000
    4865   3.7734  -3.1900  17.2483   0.0000   0.0000   0.0000
    4866   4.6949  -3.3613  17.0902   0.0000   0.0000   0.0000
    4867   4.3174  -4.2837  17.9984   0.0000   0.0000   0.0000
    4868   4.5764  -4.1604  17.0542   0.0000   0.0000   0.0000
    4869   4.4950  -3.4120  17.0939   0.0000   0.0000   0.0000
    4870   4.2297  -2.8192  16.5011   0.0000   0.0000   0.0000
    4871   4.3130  -3.5292  16.4313   0.0000   0.0000   0.0000
    4872   4.9649  -3.3456  16.9187   0.0000   0.0000   0.0000
    4873   4.1191  -2.4272  17.1277   0.0000   0.0000   0.0000
    4874   5.1488  -2.8569  16.4508   0.0000   0.0000   0.0000
    4875   4.2511  -2.7079  17.0091   0.0000   0.0000   0.0000
    4876   3.5084  -2.1201  15.9882   0.0000   0.0000   0.0000
    4877   3.5379  -2.4073  16.1759   0.0000   0.0000   0.0000
    4878   3.3057  -2.2058  15.6208   0.0000   0.0000   0.0000
    4879   3.3265  -3.1502  16.0990   0.0000   0.0000   0.0000
    4880   3.7791  -1.3525  15.4894   0.0000   0.0000   0.0000
    4881   3.9451  -2.3636  15.9883   0.0000   0.0000   0.0000
    4882   3.6379  -1.5167  16.1763   0.0000   0.0000   0.0000
    4883   3.8276  -2.5361  16.5287   0.0000   0.0000   0.0000
    4884   3.2154  -2.1651  16.1382   0.0000   0.0000   0.0000
    4885   3.0257  -2.3626  16.9850   0.0000   0.0000   0.0000
    4886   3.6009  -3.1872  16.5841   0.0000   0.0000   0.0000
    4887   4.1255  -2.8260  16.9904   0.0000   0.0000   0.0000
    4888   3.8896  -2.9094  17.0285   0.0000   0.0000   0.0000
    4889   2.7991  -2.9212  16.6580   0.0000   0.0000   0.0000
    4890   3.1023  -2.5146  16.5696   0.0000   0.0000   0.0000
    4891   3.1382  -2.8031  16.6786   0.0000   0.0000   0.0000
    4892   2.5190  -2.5576  16.0509   0.0000   0.0000   0.0000
    4893   2.9094  -2.3541  16.4349   0.0000   0.0000   0.0000
    4894   3.0970  -2.6087  15.1299   0.0000   0.0000   0.0000
    4895   3.1840  -2.5110  15.9707   0.0000   0.0000   0.0000
    4896   4.0812  -2.8363  15.7188   0.0000   0.0000   0.0000
    4897   3.8906  -2.4003  15.2376   0.0000   0.0000   0.0000
    4898   2.8777  -2.6276  15.3984   0.0000   0.0000   0.0000
    4899   2.8713  -2.6406  15.7978   0.0000   0.0000   0.0000
    4900   3.2467  -2.1428  16.1140   0.0000   0.0000   0.0000
    4901   3.7647  -1.9455  15.6517   0.0000   0.0000   0.0000
    4902   3.1613  -2.2869  16.1189   0.0000   0.0000   0.0000
    4903   2.9265  -1.9119  15.6767   0.0000   0.0000   0.0000
    4904   4.0388  -2.4100  16.5434   0.0000   0.0000   0.0000
    4905   4.4374  -3.4388  15.7101   0.0000   0.0000   0.0000
    4906   3.7330  -2.7832  15.0313   0.0000   0.0000   0.0000
    4907   4.4656  -3.5768  15.3272   0.0000   0.0000   0.0000
    4908   4.8481  -3.1279  15.4055   0.0000   0.0000   0.0000
    4909   3.7711  -4.2564  14.8615   0.0000   0.0000   0.0000
    4910   3.7289  -3.9998  15.6599   0.0000   0.0000   0.0000
    4911   3.5647  -3.8109  15.5860   0.0000   0.0000   0.0000
    4912   3.0517  -3.2343  15.5398   0.0000   0.0000   0.0000
    4913   4.0518  -3.4924  14.7173   0.0000   0.0000   0.0000
    4914   4.1327  -3.4629  15.7068   0.0000   0.0000   0.0000
    4915   3.9070  -4.2077  15.9887   0.0000   0.0000   0.0000
    4916   4.2788  -3.3531  14.7556   0.0000   0.0000   0.0000
    4917   3.7112  -3.6228  16.4148   0.0000   0.0000   0.0000
    4918   3.3268  -4.0242  15.2740   0.0000   0.0000   0.0000
    4919   2.8037  -2.8335  16.0340   0.0000   0.0000   0.0000
    4920   3.0782  -2.1025  15.7466   0.0000   0.0000   0.0000
    4921   2.6209  -2.7718  15.9190   0.0000   0.0000   0.0000
    4922   2.3900  -2.9020  15.9833   0.0000   0.0000   0.0000
    4923   3.2708  -3.2004  16.1954   0.0000   0.0000   0.0000
    4924   2.6993  -3.2636  15.8077   0.0000   0.0000   0.0000
    4925   2.6586  -3.1823  16.4500   0.0000   0.0000   0.0000
    4926   4.2211  -3.0915  16.3185   0.0000   0.0000   0.0000
    4927   4.4045  -2.9318  16.4410   0.0000   0.0000   0.0000
    4928   3.6980  -2.9927  16.5806   0.0000   0.0000   0.0000
    4929   4.3882  -2.2691  16.5192   0.0000   0.0000   0.0000
    4930   3.1500  -2.2252  17.0670   0.0000   0.0000   0.0000
    4931   2.9327  -2.9611  17.3996   0.0000   0.0000   0.0000
    4932   4.3600  -2.5729  16.6875   0.0000   0.0000   0.0000
    4933   3.5838  -3.5691  17.6345   0.0000   0.0000   0.0000
    4934   3.9281  -3.2715  16.6463   0.0000   0.0000   0.0000
    4935   3.6623  -2.8518  17.0479   0.0000   0.0000   0.0000
    4936   3.4678  -3.3130  16.9951   0.0000   0.0000   0.0000
    4937   3.1123  -2.9546  16.9545   0.0000   0.0000   0.0000
    4938   3.9358  -2.4577  17.4061   0.0000   0.0000   0.0000
    4939   3.3059  -3.0046  16.4247   0.0000   0.0000   0.0000
    4940   4.2491  -3.3485  16.5354   0.0000   0.0000   0.0000
    4941   2.8663  -2.6171  16.6388   0.0000   0.0000   0.0000
    4942   3.9573  -3.4504  17.0631   0.0000   0.0000   0.0000
    4943   3.2510  -3.7853  16.2015   0.0000   0.0000   0.0000
    4944   3.6091  -3.6094  15.7720   0.0000   0.0000   0.0000
    4945   4.6681  -3.9760  16.5015   0.0000   0.0000   0.0000
    4946   3.6957  -3.5936  15.8902   0.0000   0.0000   0.0000
    4947   3.8962  -4.8087  16.3797   0.0000   0.0000   0.0000
    4948   3.7584  -4.0221  16.1035   0.0000   0.0000   0.0000
    4949   3.2730  -4.6441  16.4844   0.0000   0.0000   0.0000
    4950   2.5802  -4.3437  16.0290   0.0000   0.0000   0.0000
    4951   4.0378  -4.7873  16.1927   0.0000   0.0000   0.0000
    4952   3.4007  -4.5946  15.8397   0.0000   0.0000   0.0000
    4953   3.0096  -3.3415  16.4494   0.0000   0.0000   0.0000
    4954   3.1650  -3.1538  15.5422   0.0000   0.0000   0.0000
    4955   3.3179  -3.5177  15.6542   0.0000   0.0000   0.0000
    4956   2.9125  -3.2360  14.6351   0.0000   0.0000   0.0000
    4957   3.4850  -3.4077  15.1003   0.0000   0.0000   0.0000
    4958   3.6505  -3.3608  15.3948   0.0000   0.0000   0.0000
    4959   3.4510  -2.5167  15.8421   0.0000   0.0000   0.0000
    4960   3.7716  -2.9616  14.8662   0.0000   0.0000   0.0000
    4961   4.1415  -3.1895  16.4791   0.0000   0.0000   0.0000
    4962   4.3589  -3.0048  15.5048   0.0000   0.0000   0.0000
    4963   3.7805  -2.4367  14.9005   0.0000   0.0000   0.0000
    4964   3.8131  -3.4226  15.1998   0.0000   0.0000   0.0000
    4965   5.4535  -2.9521  14.4709   0.0000   0.0000   0.0000
    4966   5.0251  -3.4765  15.1313   0.0000   0.0000   0.0000
    4967   4.6699  -3.7803  14.4210   0.0000   0.0000   0.0000
    4968   4.9112  -3.6259  14.3852   0.0000   0.0000   0.0000
    4969   4.0046  -2.8567  13.8543   0.0000   0.0000   0.0000
    4970   5.1650  -3.5972  14.2242   0.0000   0.0000   0.0000
    4971   4.9434  -2.9666  13.6112   0.0000   0.0000   0.0000
    4972   4.5514  -3.1314  14.2803   0.0000   0.0000   0.0000
    4973   5.6634  -2.5703  13.9985   0.0000   0.0000   0.0000
    4974   4.9148  -3.7098  13.6942   0.0000   0.0000   0.0000
    4975   5.2117  -3.5014  14.7420   0.0000   0.0000   0.0000
    4976   5.3367  -3.1232  13.6412   0.0000   0.0000   0.0000
    4977   5.5573  -4.4375  14.3523   0.0000   0.0000   0.0000
    4978   5.3679  -2.7645  13.3182   0.0000   0.0000   0.0000
    4979   4.7103  -3.9585  14.1170   0.0000   0.0000   0.0000
    4980   4.7226  -3.3015  13.2805   0.0000   0.0000   0.0000
    4981   4.2004  -3.5927  14.0955   0.0000   0.0000   0.0000
    4982   4.6106  -3.5781  12.8684   0.0000   0.0000   0.0000
    4983   3.4200  -3.7927  14.0041   0.0000   0.0000   0.0000
    4984   4.1460  -3.8638  14.1177   0.0000   0.0000   0.0000
    4985   4.4672  -4.4358  13.7003   0.0000   0.0000   0.0000
    4986   4.4281  -4.4288  14.2461   0.0000   0.0000   0.0000
    4987   4.2035  -4.3172  13.6694   0.0000   0.0000   0.0000
    4988   4.9076  -4.3627  14.1194   0.0000   0.0000   0.0000
    4989   5.1883  -4.4301  14.3092   0.0000   0.0000   0.0000
    4990   5.6705  -4.8216  14.1672   0.0000   0.0000   0.0000
    4991   4.3463  -4.8749  14.6486   0.0000   0.0000   0.0000
    4992   4.4277  -4.3811  14.7134   0.0000   0.0000   0.0000
    4993   4.3659  -4.2098  15.1635   0.0000   0.0000   0.0000
    4994   5.7763  -4.7528  15.1750   0.0000   0.0000   0.0000
    4995   5.3006  -4.2397  15.8032   0.0000   0.0000   0.0000
    4996   5.2611  -4.8350  15.3891   0.0000   0.0000   0.0000
    4997   4.5872  -4.3898  14.9404   0.0000   0.0000   0.0000
    4998   5.2612  -4.2097  15.2118   0.0000   0.0000   0.0000
    4999   5.5722  -4.3044  15.3666   0.0000   0.0000   0.0000
    5000   6.3293  -4.6029  15.5731   0.0000   0.0000   0.0000
    5001   6.0190  -4.6050  15.7182   0.0000   0.0000   0.0000
    5002   5.1517  -4.2288  15.4524   0.0000   0.0000   0.0000
    5003   5.6865  -4.1302  15.0963   0.0000   0.0000   0.0000
    5004   5.6614  -3.5750  15.0683   0.0000   0.0000   0.0000
    5005   4.9235  -3.7584  14.9474   0.0000   0.0000   0.0000
    5006   5.8907  -4.3677  16.0598   0.0000   0.0000   0.0000
    5007   4.7397  -3.9365  15.2067   0.0000   0.0000   0.0000
    5008   3.8156  -4.7988  14.8898   0.0000   0.0000   0.0000
    5009   4.8605  -4.4148  14.6998   0.0000   0.0000   0.0000
    5010   5.1023  -4.3397  14.5263   0.0000   0.0000   0.0000
    5011   5.9501  -4.2895  14.5783   0.0000   0.0000   0.0000
    5012   5.5402  -4.6594  13.6390   0.0000   0.0000   0.0000
    5013   5.4982  -4.4772  14.3171   0.0000   0.0000   0.0000
    5014   4.6972  -4.0961  14.3772   0.0000   0.0000   0.0000
    5015   5.1402  -4.9076  14.2796   0.0000   0.0000   0.0000
    5016   5.1919  -5.0101  14.1203   0.0000   0.0000   0.0000
    5017   5.1370  -5.3609  13.9538   0.0000   0.0000   0.0000
    5018   3.7209  -3.0932  13.1222   0.0000   0.0000   0.0000
    5019   4.7688  -3.6917  13.4516   0.0000   0.0000   0.0000
    5020   4.8443  -2.9495  13.6389   0.0000   0.0000   0.0000
    5021   5.4249  -3.0976  13.6194   0.0000   0.0000   0.0000
    5022   4.1839  -3.9732  14.0760   0.0000   0.0000   0.0000
    5023   4.1557  -4.7934  13.7645   0.0000   0.0000   0.0000
    5024   5.2986  -5.2314  13.9177   0.0000   0.0000   0.0000
    5025   5.1126  -4.5858  14.1056   0.0000   0.0000   0.0000
    5026   4.2130  -5.4924  14.0027   0.0000   0.0000   0.0000
    5027   5.1023  -4.9111  13.8057   0.0000   0.0000   0.0000
    5028   4.9797  -5.0853  13.9825   0.0000   0.0000   0.0000
    5029   6.3202  -4.7633  13.9018   0.0000   0.0000   0.0000
    5030   5.7213  -4.0388  14.1013   0.0000   0.0000   0.0000
    5031   4.3907  -5.1444  13.8459   0.0000   0.0000   0.0000
    5032   4.4688  -4.3182  14.3889   0.0000   0.0000   0.0000
    5033   4.5574  -5.1373  15.1927   0.0000   0.0000   0.0000
    5034   4.4400  -4.5619  14.4377   0.0000   0.0000   0.0000
    5035   5.4496  -5.2074  14.7220   0.0000   0.0000   0.0000
    5036   4.8254  -5.1503  14.3639   0.0000   0.0000   0.0000
    5037   5.3004  -4.8556  14.2782   0.0000   0.0000   0.0000
    5038   5.2019  -5.1315  14.4316   0.0000   0.0000   0.0000
    5039   4.7011  -5.9592  14.5248   0.0000   0.0000   0.0000
    5040   4.6229  -5.0509  14.8848   0.0000   0.0000   0.0000
    5041   5.1895  -5.4902  14.7052   0.0000   0.0000   0.0000
    5042   4.8650  -5.6430  14.8919   0.0000   0.0000   0.0000
    5043   4.4032  -5.9947  15.3131   0.0000   0.0000   0.0000
    5044   4.8912  -5.8866  15.0079   0.0000   0.0000   0.0000
    5045   5.0247  -5.6587  15.4929   0.0000   0.0000   0.0000
    5046   4.4264  -6.0707  14.7450   0.0000   0.0000   0.0000
    5047   4.9882  -5.9486  15.2943   0.0000   0.0000   0.0000
    5048   4.8919  -6.0621  14.8658   0.0000   0.0000   0.0000
    5049   5.1438  -6.6940  15.3087   0.0000   0.0000   0.0000
    5050   4.8929  -5.9290  14.8857   0.0000   0.0000   0.0000
    5051   5.4796  -5.9359  14.4684   0.0000   0.0000   0.0000
    5052   4.6727  -5.7983  14.5550   0.0000   0.0000   0.0000
    5053   4.0354  -5.4142  14.7974   0.0000   0.0000   0.0000
    5054   3.9079  -5.1508  14.4284   0.0000   0.0000   0.0000
    5055   4.2339  -5.3365  15.1368   0.0000   0.0000   0.0000
    5056   4.3540  -5.5068  14.3468   0.0000   0.0000   0.0000
    5057   3.9049  -5.1712  15.4375   0.0000   0.0000   0.0000
    5058   4.3657  -4.7006  14.4084   0.0000   0.0000   0.0000
    5059   4.5181  -4.4367  14.7906   0.0000   0.0000   0.0000
    5060   4.9384  -4.3494  15.0434   0.0000   0.0000   0.0000
    5061   3.9970  -5.1925  15.0737   0.0000   0.0000   0.0000
    5062   4.6927  -5.2310  15.6355   0.0000   0.0000   0.0000
    5063   4.1833  -5.5198  15.7567   0.0000   0.0000   0.0000
    5064   4.5486  -4.8165  15.1024   0.0000   0.0000   0.0000
    5065   4.4321  -4.1628  15.2319   0.0000   0.0000   0.0000
    5066   4.2288  -4.9742  15.3851   0.0000   0.0000   0.0000
    5067   4.4101  -4.9943  16.0793   0.0000   0.0000   0.0000
    5068   4.0000  -4.8426  16.1544   0.0000   0.0000   0.0000
    5069   3.7782  -4.6567  16.4153   0.0000   0.0000   0.0000
    5070   4.2646  -4.6666  16.2174   0.0000   0.0000   0.0000
    5071   3.2938  -4.7858  16.8452   0.0000   0.0000   0.0000
    5072   4.5779  -5.0323  16.3985   0.0000   0.0000   0.0000
    5073   4.8462  -5.1569  16.7290   0.0000   0.0000   0.0000
    5074   4.7998  -5.3035  16.8407   0.0000   0.0000   0.0000
    5075   5.1707  -4.9198  16.7287   0.0000   0.0000   0.0000
    5076   4.6990  -5.3517  16.7695   0.0000   0.0000   0.0000
    5077   4.4711  -5.6304  16.8699   0.0000   0.0000   0.0000
    5078   4.0887  -5.6912  16.6680   0.0000   0.0000   0.0000
    5079   3.4440  -4.9983  16.9241   0.0000   0.0000   0.0000
    5080   3.8983  -4.1134  16.5020   0.0000   0.0000   0.0000
    5081   4.6807  -4.9172  16.5809   0.0000   0.0000   0.0000
    5082   4.6642  -4.2772  16.7853   0.0000   0.0000   0.0000
    5083   4.7761  -4.3018  16.5714   0.0000   0.0000   0.0000
    5084   4.4526  -3.8677  17.0807   0.0000   0.0000   0.0000
    5085   4.9607  -3.7730  16.0395   0.0000   0.0000   0.0000
    5086   4.0751  -3.1692  16.0676   0.0000   0.0000   0.0000
    5087   3.5056  -3.1569  15.9513   0.0000   0.0000   0.0000
    5088   3.6828  -3.5992  16.5576   0.0000   0.0000   0.0000
    5089   3.5769  -3.5773  16.5242   0.0000   0.0000   0.0000
    5090   3.9085  -3.5699  16.5913   0.0000   0.0000   0.0000
    5091   3.2058  -3.7446  16.9260   0.0000   0.0000   0.0000
    5092   3.2297  -3.6898  16.3192   0.0000   0.0000   0.0000
    5093   3.8728  -4.7179  16.7038   0.0000   0.0000   0.0000
    5094   4.2071  -4.7549  16.9496   0.0000   0.0000   0.0000
    5095   4.2890  -4.3735  17.1315   0.0000   0.0000   0.0000
    5096   3.4232  -4.4044  16.6210   0.0000   0.0000   0.0000
    5097   3.9917  -3.9091  16.7319   0.0000   0.0000   0.0000
    5098   4.2192  -3.3305  16.5812   0.0000   0.0000   0.0000
    5099   4.2652  -4.0191  16.0831   0.0000   0.0000   0.0000
    5100   4.2352  -4.5267  16.4260   0.0000   0.0000   0.0000
    5101   4.0184  -4.2363  17.1486   0.0000   0.0000   0.0000
    5102   3.6884  -4.5933  17.2762   0.0000   0.0000   0.0000
    5103   3.7308  -3.9847  16.2547   0.0000   0.0000   0.0000
    5104   4.2699  -4.8314  16.0821   0.0000   0.0000   0.0000
    5105   3.6921  -4.1746  16.7873   0.0000   0.0000   0.0000
    5106   4.0306  -3.9262  15.9012   0.0000   0.0000   0.0000
    5107   3.1985  -4.3740  16.0799   0.0000   0.0000   0.0000
    5108   2.8278  -4.9572  16.3648   0.0000   0.0000   0.0000
    5109   2.9954  -4.4122  16.5885   0.0000   0.0000   0.0000
    5110   3.2235  -4.9562  17.2198   0.0000   0.0000   0.0000
    5111   4.0957  -5.6517  17.5078   0.0000   0.0000   0.0000
    5112   4.7810  -4.4316  17.1902   0.0000   0.0000   0.0000
    5113   3.8349  -4.4293  17.4293   0.0000   0.0000   0.0000
    5114   4.0837  -4.7155  17.5095   0.0000   0.0000   0.0000
    5115   4.6468  -5.3009  17.2176   0.0000   0.0000   0.0000
    5116   4.6720  -4.4762  17.6083   0.0000   0.0000   0.0000
    5117   4.5233  -4.7066  17.4065   0.0000   0.0000   0.0000
    5118   4.6629  -5.0923  17.2960   0.0000   0.0000   0.0000
    5119   4.2208  -5.4442  17.3206   0.0000   0.0000   0.0000
    5120   3.9305  -5.1518  16.8745   0.0000   0.0000   0.0000
    5121   4.6981  -4.9327  17.6045   0.0000   0.0000   0.0000
    5122   3.8052  -4.3395  16.5846   0.0000   0.0000   0.0000
    5123   4.2103  -4.6908  16.6822   0.0000   0.0000   0.0000
    5124   4.3545  -5.1055  17.1606   0.0000   0.0000   0.0000
    5125   4.4123  -4.9101  16.9991   0.0000   0.0000   0.0000
    5126   5.5640  -6.1349  16.8068   0.0000   0.0000   0.0000
    5127   5.6296  -6.1011  16.7529   0.0000   0.0000   0.0000
    5128   5.4570  -6.5102  16.1874   0.0000   0.0000   0.0000
    5129   5.5705  -6.2266  16.8771   0.0000   0.0000   0.0000
    5130   5.0247  -5.3563  17.1083   0.0000   0.0000   0.0000
    5131   5.6170  -6.0043  17.1700   0.0000   0.0000   0.0000
    5132   5.3712  -6.2463  16.7183   0.0000   0.0000   0.0000
    5133   5.0972  -6.7449  17.0572   0.0000   0.0000   0.0000
    5134   5.4604  -5.8158  17.5480   0.0000   0.0000   0.0000
    5135   4.3316  -5.5634  17.6030   0.0000   0.0000   0.0000
    5136   4.7119  -5.8394  17.3474   0.0000   0.0000   0.0000
    5137   4.7760  -5.9943  17.4720   0.0000   0.0000   0.0000
    5138   4.8267  -6.2951  16.6066   0.0000   0.0000   0.0000
    5139   5.2775  -6.6139  17.0762   0.0000   0.0000   0.0000
    5140   5.4357  -6.5132  16.9123   0.0000   0.0000   0.0000
    5141   5.4697  -6.4655  16.9591   0.0000   0.0000   0.0000
    5142   5.2914  -6.4530  16.6199   0.0000   0.0000   0.0000
    5143   5.6109  -6.3667  16.9881   0.0000   0.0000   0.0000
    5144   4.9881  -7.1154  16.8186   0.0000   0.0000   0.0000
    5145   4.6544  -6.5850  16.5593   0.0000   0.0000   0.0000
    5146   4.3387  -5.7280  16.8850   0.0000   0.0000   0.0000
    5147   4.0503  -6.6430  16.9559   0.0000   0.0000   0.0000
    5148   4.1186  -6.6292  17.0276   0.0000   0.0000   0.0000
    5149   4.4360  -6.9459  17.5478   0.0000   0.0000   0.0000
    5150   4.6239  -6.6987  16.8956   0.0000   0.0000   0.0000
    5151   4.5425  -6.6633  16.7036   0.0000   0.0000   0.0000
    5152   4.0327  -6.7077  16.9138   0.0000   0.0000   0.0000
    5153   4.4818  -6.5792  16.8247   0.0000   0.0000   0.0000
    5154   3.9630  -6.5659  16.7036   0.0000   0.0000   0.0000
    5155   4.5246  -6.9606  17.0087   0.0000   0.0000   0.0000
    5156   3.6317  -7.0588  16.2842   0.0000   0.0000   0.0000
    5157   3.5808  -6.0383  16.7216   0.0000   0.0000   0.0000
    5158   3.1692  -7.2832  16.1899   0.0000   0.0000   0.0000
    5159   4.7240  -6.5532  16.3912   0.0000   0.0000   0.0000
    5160   4.8353  -5.9589  17.3967   0.0000   0.0000   0.0000
    5161   4.9684  -5.1832  16.3428   0.0000   0.0000   0.0000
    5162   4.8218  -5.9209  16.7492   0.0000   0.0000   0.0000
    5163   5.0100  -6.4276  17.1033   0.0000   0.0000   0.0000
    5164   4.8135  -5.9335  17.0210   0.0000   0.0000   0.0000
    5165   5.0699  -6.7032  16.5824   0.0000   0.0000   0.0000
    5166   4.3241  -6.7199  16.9454   0.0000   0.0000   0.0000
    5167   4.8696  -5.3177  16.6693   0.0000   0.0000   0.0000
    5168   4.7473  -5.9087  17.1245   0.0000   0.0000   0.0000
    5169   5.4583  -5.4717  17.1375   0.0000   0.0000   0.0000
    5170   5.0501  -5.5988  16.3881   0.0000   0.0000   0.0000
    5171   5.0494  -5.1500  15.6631   0.0000   0.0000   0.0000
    5172   4.8053  -5.3146  17.3408   0.0000   0.0000   0.0000
    5173   5.1176  -5.6652  17.0797   0.0000   0.0000   0.0000
    5174   5.0835  -5.5735  16.3735   0.0000   0.0000   0.0000
    5175   5.2665  -6.0648  16.6258   0.0000   0.0000   0.0000
    5176   5.5494  -5.6039  17.1921   0.0000   0.0000   0.0000
    5177   5.5897  -6.5517  17.0979   0.0000   0.0000   0.0000
    5178   4.3541  -6.6280  16.9240   0.0000   0.0000   0.0000
    5179   3.9061  -5.4571  16.8813   0.0000   0.0000   0.0000
    5180   4.6246  -5.5443  17.4721   0.0000   0.0000   0.0000
    5181   4.5128  -5.5605  16.1483   0.0000   0.0000   0.0000
    5182   4.7182  -6.1701  17.4620   0.0000   0.0000   0.0000
    5183   4.2833  -6.4242  17.1742   0.0000   0.0000   0.0000
    5184   5.1581  -5.7829  16.7169   0.0000   0.0000   0.0000
    5185   5.1412  -5.4422  17.7468   0.0000   0.0000   0.0000
    5186   5.5937  -5.9131  17.8789   0.0000   0.0000   0.0000
    5187   5.9198  -5.8917  18.0402   0.0000   0.0000   0.0000
    5188   4.8712  -5.4728  18.2919   0.0000   0.0000   0.0000
    5189   5.3627  -5.4446  18.8966   0.0000   0.0000   0.0000
    5190   4.8055  -5.0632  17.8444   0.0000   0.0000   0.0000
    5191   5.5455  -4.9267  17.6532   0.0000   0.0000   0.0000
    5192   5.8926  -5.3946  18.5339   0.0000   0.0000   0.0000
    5193   6.4511  -4.9129  18.7197   0.0000   0.0000   0.0000
    5194   6.4485  -4.8089  18.4247   0.0000   0.0000   0.0000
    5195   5.6374  -4.3514  18.4346   0.0000   0.0000   0.0000
    5196   5.5093  -4.3303  19.4105   0.0000   0.0000   0.0000
    5197   5.8689  -4.6721  18.4870   0.0000   0.0000   0.0000
    5198   6.2755  -4.9318  18.1845   0.0000   0.0000   0.0000
    5199   5.7289  -5.0599  18.2106   0.0000   0.0000   0.0000
    5200   4.9268  -4.8891  18.3367   0.0000   0.0000   0.0000
    5201   5.5378  -4.9912  18.5241   0.0000   0.0000   0.0000
    5202   5.8450  -5.7612  18.1617   0.0000   0.0000   0.0000
    5203   5.3698  -5.3771  18.6667   0.0000   0.0000   0.0000
    5204   5.5690  -4.3622  18.7247   0.0000   0.0000   0.0000
    5205   5.6927  -4.9665  18.6000   0.0000   0.0000   0.0000
    5206   5.9038  -5.3512  18.7375   0.0000   0.0000   0.0000
    5207   5.7216  -5.0196  19.2458   0.0000   0.0000   0.0000
    5208   5.2872  -4.9822  19.3848   0.0000   0.0000   0.0000
    5209   5.0716  -5.0302  19.6234   0.0000   0.0000   0.0000
    5210   5.1745  -5.6784  19.5259   0.0000   0.0000   0.0000
    5211   4.9539  -5.0585  19.3755   0.0000   0.0000   0.0000
    5212   5.6482  -3.6302  17.9707   0.0000   0.0000   0.0000
    5213   5.3050  -3.5286  18.5753   0.0000   0.0000   0.0000
    5214   5.9251  -4.0379  18.8732   0.0000   0.0000   0.0000
    5215   4.0532  -4.5613  19.1486   0.0000   0.0000   0.0000
    5216   4.7728  -4.3679  18.7503   0.0000   0.0000   0.0000
    5217   5.2873  -4.6850  18.4247   0.0000   0.0000   0.0000
    5218   4.6972  -4.9498  18.2217   0.0000   0.0000   0.0000
    5219   5.2306  -4.6073  17.6340   0.0000   0.0000   0.0000
    5220   4.3633  -4.8232  17.8409   0.0000   0.0000   0.0000
    5221   6.4190  -4.7943  18.0881   0.0000   0.0000   0.0000
    5222   5.8401  -4.9299  18.8450   0.0000   0.0000   0.0000
    5223   5.4129  -4.9021  18.6390   0.0000   0.0000   0.0000
    5224   4.7047  -4.6232  18.1409   0.0000   0.0000   0.0000
    5225   4.8932  -4.6175  17.9251   0.0000   0.0000   0.0000
    5226   5.4455  -4.4868  17.8586   0.0000   0.0000   0.0000
    5227   4.5322  -4.5853  17.8491   0.0000   0.0000   0.0000
    5228   5.8900  -3.7723  17.5208   0.0000   0.0000   0.0000
    5229   5.6377  -4.5587  18.2355   0.0000   0.0000   0.0000
    5230   5.2901  -4.9756  17.9321   0.0000   0.0000   0.0000
    5231   4.8537  -4.6716  17.6258   0.0000   0.0000   0.0000
    5232   4.9549  -4.4530  18.0999   0.0000   0.0000   0.0000
    5233   5.1036  -4.4005  17.6047   0.0000   0.0000   0.0000
    5234   4.1772  -4.3425  18.2325   0.0000   0.0000   0.0000
    5235   5.8382  -4.5661  17.6768   0.0000   0.0000   0.0000
    5236   5.5405  -4.7123  18.3016   0.0000   0.0000   0.0000
    5237   5.0724  -3.6785  17.2219   0.0000   0.0000   0.0000
    5238   5.3477  -4.4808  17.9043   0.0000   0.0000   0.0000
    5239   4.3998  -3.9157  17.9944   0.0000   0.0000   0.0000
    5240   3.7894  -3.4903  17.6966   0.0000   0.0000   0.0000
    5241   4.6641  -3.4377  17.5698   0.0000   0.0000   0.0000
    5242   5.1355  -3.0365  18.6242   0.0000   0.0000   0.0000
    5243   5.5859  -3.1387  18.7321   0.0000   0.0000   0.0000
    5244   5.0430  -2.8331  18.8142   0.0000   0.0000   0.0000
    5245   4.2121  -4.0734  17.8848   0.0000   0.0000   0.0000
    5246   4.8192  -3.6560  17.9686   0.0000   0.0000   0.0000
    5247   4.2265  -3.9801  17.3729   0.0000   0.0000   0.0000
    5248   4.0236  -3.4226  17.6691   0.0000   0.0000   0.0000
    5249   3.3750  -3.6137  17.8365   0.0000   0.0000   0.0000
    5250   4.2097  -3.6239  18.0508   0.0000   0.0000   0.0000
    5251   3.6052  -3.6771  17.7645   0.0000   0.0000   0.0000
    5252   3.0236  -3.7015  16.7274   0.0000   0.0000   0.0000
    5253   3.3309  -4.2893  17.4840   0.0000   0.0000   0.0000
    5254   3.6646  -3.2937  16.7918   0.0000   0.0000   0.0000
    5255   3.8102  -3.1664  17.5399   0.0000   0.0000   0.0000
    5256   3.6019  -3.1831  17.0066   0.0000   0.0000   0.0000
    5257   4.4377  -3.0897  17.5711   0.0000   0.0000   0.0000
    5258   3.1012  -2.6816  17.5576   0.0000   0.0000   0.0000
    5259   4.1093  -2.6284  17.4993   0.0000   0.0000   0.0000
    5260   3.3413  -2.2587  17.8347   0.0000   0.0000   0.0000
    5261   3.8648  -3.2007  17.3500   0.0000   0.0000   0.0000
    5262   4.3559  -3.2490  17.5739   0.0000   0.0000   0.0000
    5263   3.7743  -2.6469  17.3073   0.0000   0.0000   0.0000
    5264   3.2708  -2.1484  18.4943   0.0000   0.0000   0.0000
    5265   3.6079  -2.2211  18.2162   0.0000   0.0000   0.0000
    5266   3.6736  -1.7819  18.0090   0.0000   0.0000   0.0000
    5267   3.6553  -2.1033  16.9828   0.0000   0.0000   0.0000
    5268   3.8707  -1.8406  17.1056   0.0000   0.0000   0.0000
    5269   4.1271  -1.0529  18.2032   0.0000   0.0000   0.0000
    5270   4.1618  -2.3002  18.8377   0.0000   0.0000   0.0000
    5271   3.8328  -2.0323  17.5030   0.0000   0.0000   0.0000
    5272   3.8702  -2.8316  17.2930   0.0000   0.0000   0.0000
    5273   3.2525  -2.3212  17.6600   0.0000   0.0000   0.0000
    5274   4.3313  -2.8888  17.2525   0.0000   0.0000   0.0000
    5275   3.9523  -2.2854  17.1318   0.0000   0.0000   0.0000
    5276   3.3696  -1.9140  16.6697   0.0000   0.0000   0.0000
    5277   3.9087  -1.3105  16.8567   0.0000   0.0000   0.0000
    5278   4.7101  -2.4641  17.1798   0.0000   0.0000   0.0000
    5279   4.0144  -2.6841  17.5067   0.0000   0.0000   0.0000
    5280   4.7643  -3.2247  17.4650   0.0000   0.0000   0.0000
    5281   3.6556  -3.5087  17.7701   0.0000   0.0000   0.0000
    5282   4.4961  -2.5480  17.2807   0.0000   0.0000   0.0000
    5283   4.1287  -3.6599  17.8503   0.0000   0.0000   0.0000
    5284   4.6170  -3.8961  17.4441   0.0000   0.0000   0.0000
    5285   5.4076  -4.2004  17.9924   0.0000   0.0000   0.0000
    5286   5.1992  -4.4636  17.5999   0.0000   0.0000   0.0000
    5287   4.9163  -4.3935  16.9102   0.0000   0.0000   0.0000
    5288   4.7300  -3.9785  17.7191   0.0000   0.0000   0.0000
    5289   4.5921  -3.8866  19.2134   0.0000   0.0000   0.0000
    5290   3.5147  -3.5544  18.1771   0.0000   0.0000   0.0000
    5291   4.4304  -3.1911  17.5385   0.0000   0.0000   0.0000
    5292   3.7507  -4.0032  18.5123   0.0000   0.0000   0.0000
    5293   3.7766  -3.5838  18.4141   0.0000   0.0000   0.0000
    5294   3.1951  -3.4354  18.7257   0.0000   0.0000   0.0000
    5295   3.8825  -3.1736  18.6506   0.0000   0.0000   0.0000
    5296   3.6306  -3.9569  17.9562   0.0000   0.0000   0.0000
    5297   2.8644  -3.1992  18.4351   0.0000   0.0000   0.0000
    5298   3.5744  -3.4142  17.6988   0.0000   0.0000   0.0000
    5299   3.6091  -2.3067  17.9145   0.0000   0.0000   0.0000
    5300   3.2297  -2.4528  17.4526   0.0000   0.0000   0.0000
    5301   4.3181  -2.3497  18.1730   0.0000   0.0000   0.0000
    5302   3.1762  -2.4260  17.0608   0.0000   0.0000   0.0000
    5303   3.9385  -1.8416  17.9153   0.0000   0.0000   0.0000
    5304   3.4428  -1.3178  16.5808   0.0000   0.0000   0.0000
    5305   3.5334  -1.3415  17.4169   0.0000   0.0000   0.0000
    5306   2.7582  -2.7135  18.0922   0.0000   0.0000   0.0000
    5307   2.8117  -2.7052  17.7987   0.0000   0.0000   0.0000
    5308   2.4134  -2.8867  17.2758   0.0000   0.0000   0.0000
    5309   2.2080  -1.8877  18.1145   0.0000   0.0000   0.0000
    5310   3.1300  -1.6422  18.0184   0.0000   0.0000   0.0000
    5311   3.6722  -0.9007  18.1572   0.0000   0.0000   0.0000
    5312   4.0836  -1.8643  17.8447   0.0000   0.0000   0.0000
    5313   3.4249  -2.0857  17.6795   0.0000   0.0000   0.0000
    5314   3.6981  -2.4729  17.1110   0.0000   0.0000   0.0000
    5315   3.5638  -2.4383  17.0326   0.0000   0.0000   0.0000
    5316   2.8512  -2.3025  17.0386   0.0000   0.0000   0.0000
    5317   3.3559  -2.0867  16.4630   0.0000   0.0000   0.0000
    5318   3.3947  -2.0529  16.4575   0.0000   0.0000   0.0000
    5319   3.7605  -2.5664  16.6278   0.0000   0.0000   0.0000
    5320   3.0065  -1.6915  17.0904   0.0000   0.0000   0.0000
    5321   3.0135  -1.4071  16.7462   0.0000   0.0000   0.0000
    5322   3.4460  -1.5010  16.1759   0.0000   0.0000   0.0000
    5323   3.4981  -1.5846  15.8443   0.0000   0.0000   0.0000
    5324   4.3021  -0.9513  16.3184   0.0000   0.0000   0.0000
    5325   4.4093  -0.8686  17.0282   0.0000   0.0000   0.0000
    5326   4.4325  -0.8015  17.0102   0.0000   0.0000   0.0000
    5327   4.3117  -1.2130  16.3505   0.0000   0.0000   0.0000
    5328   3.8190  -1.2650  16.8750   0.0000   0.0000   0.0000
    5329   3.1465  -1.8349  16.6040   0.0000   0.0000   0.0000
    5330   3.6019  -0.7091  16.8239   0.0000   0.0000   0.0000
    5331   4.5943  -0.8275  17.7999   0.0000   0.0000   0.0000
    5332   4.4576  -1.1347  16.5552   0.0000   0.0000   0.0000
    5333   4.3474  -0.7335  16.9438   0.0000   0.0000   0.0000
    5334   3.9588  -1.3443  16.7345   0.0000   0.0000   0.0000
    5335   4.6592  -1.8063  16.5583   0.0000   0.0000   0.0000
    5336   4.3506  -2.5985  17.2655   0.0000   0.0000   0.0000
    5337   3.8299  -2.3609  17.3819   0.0000   0.0000   0.0000
    5338   3.4106  -2.1062  17.3056   0.0000   0.0000   0.0000
    5339   3.4246  -2.2367  16.5727   0.0000   0.0000   0.0000
    5340   3.4922  -1.9916  17.8301   0.0000   0.0000   0.0000
    5341   3.7866  -2.1977  17.4217   0.0000   0.0000   0.0000
    5342   3.5542  -2.3148  18.0528   0.0000   0.0000   0.0000
    5343   4.2455  -1.8650  18.1039   0.0000   0.0000   0.0000
    5344   3.8369  -1.7119  17.2146   0.0000   0.0000   0.0000
    5345   4.7486  -2.5244  17.2744   0.0000   0.0000   0.0000
    5346   3.6451  -2.5603  17.5997   0.0000   0.0000   0.0000
    5347   3.1988  -2.5029  17.1578   0.0000   0.0000   0.0000
    5348   3.6695  -2.4648  17.1083   0.0000   0.0000   0.0000
    5349   3.5991  -2.5510  17.1468   0.0000   0.0000   0.0000
    5350   2.8440  -3.3261  17.4938   0.0000   0.0000   0.0000
    5351   3.4738  -3.4001  18.0731   0.0000   0.0000   0.0000
    5352   4.3952  -2.9818  18.0251   0.0000   0.0000   0.0000
    5353   3.8243  -2.6750  18.4445   0.0000   0.0000   0.0000
    5354   4.3119  -3.7801  17.9481   0.0000   0.0000   0.0000
    5355   4.7960  -3.5144  18.4848   0.0000   0.0000   0.0000
    5356   4.6477  -4.0170  18.1341   0.0000   0.0000   0.0000
    5357   4.8813  -2.4624  17.7929   0.0000   0.0000   0.0000
    5358   4.6799  -3.3709  18.0826   0.0000   0.0000   0.0000
    5359   3.2628  -2.0949  18.0557   0.0000   0.0000   0.0000
    5360   3.8321  -2.3360  19.1282   0.0000   0.0000   0.0000
    5361   4.8539  -2.1167  19.3889   0.0000   0.0000   0.0000
    5362   5.0751  -3.0255  18.7429   0.0000   0.0000   0.0000
    5363   3.2042  -3.0937  17.8267   0.0000   0.0000   0.0000
    5364   4.0422  -3.2341  17.6188   0.0000   0.0000   0.0000
    5365   3.0829  -2.1562  17.0024   0.0000   0.0000   0.0000
    5366   4.1369  -3.3479  17.8997   0.0000   0.0000   0.0000
    5367   4.1823  -3.3170  18.0478   0.0000   0.0000   0.0000
    5368   2.5016  -2.9020  18.9663   0.0000   0.0000   0.0000
    5369   1.6831  -2.8914  19.2870   0.0000   0.0000   0.0000
    5370   3.1018  -3.3552  18.8242   0.0000   0.0000   0.0000
    5371   2.4103  -2.9852  18.8043   0.0000   0.0000   0.0000
    5372   2.5963  -2.6801  19.1942   0.0000   0.0000   0.0000
    5373   3.1781  -3.2829  19.1550   0.0000   0.0000   0.0000
    5374   2.6673  -2.4663  19.3343   0.0000   0.0000   0.0000
    5375   3.5188  -2.0126  19.3479   0.0000   0.0000   0.0000
    5376   4.1465  -2.3122  19.8017   0.0000   0.0000   0.0000
    5377   2.8980  -1.7212  20.4775   0.0000   0.0000   0.0000
    5378   2.1008  -2.6632  19.6147   0.0000   0.0000   0.0000
    5379   2.6506  -1.2641  19.7834   0.0000   0.0000   0.0000
    5380   2.1081  -1.4266  18.5384   0.0000   0.0000   0.0000
    5381   2.6838  -0.4573  18.7214   0.0000   0.0000   0.0000
    5382   2.8305  -1.6664  18.8402   0.0000   0.0000   0.0000
    5383   3.0665  -2.2591  18.6419   0.0000   0.0000   0.0000
    5384   2.4766  -2.5730  18.8256   0.0000   0.0000   0.0000
    5385   3.1893  -2.7323  19.2925   0.0000   0.0000   0.0000
    5386   2.5949  -1.6482  19.2273   0.0000   0.0000   0.0000
    5387   3.0193  -2.7187  19.6186   0.0000   0.0000   0.0000
    5388   2.3042  -3.4890  20.3477   0.0000   0.0000   0.0000
    5389   3.2959  -2.5688  19.9964   0.0000   0.0000   0.0000
    5390   3.4904  -1.8978  19.7475   0.0000   0.0000   0.0000
    5391   3.7789  -2.3632  18.9804   0.0000   0.0000   0.0000
    5392   2.5386  -2.0507  19.1150   0.0000   0.0000   0.0000
    5393   2.6215  -1.6367  19.4860   0.0000   0.0000   0.0000
    5394   3.7298  -2.2857  19.7815   0.0000   0.0000   0.0000
    5395   2.8711  -2.4003  20.0563   0.0000   0.0000   0.0000
    5396   3.4791  -2.5268  19.1479   0.0000   0.0000   0.0000
    5397   4.1646  -2.1392  18.7948   0.0000   0.0000   0.0000
    5398   4.3140  -1.9717  19.4408   0.0000   0.0000   0.0000
    5399   3.7254  -2.4394  19.0384   0.0000   0.0000   0.0000
    5400   5.6367  -2.5991  19.4732   0.0000   0.0000   0.0000
    5401   6.1790  -2.4493  19.0513   0.0000   0.0000   0.0000
    5402   5.3295  -2.9677  18.4742   0.0000   0.0000   0.0000
    5403   4.5448  -2.2893  18.8873   0.0000   0.0000   0.0000
    5404   2.6485  -3.0967  19.4403   0.0000   0.0000   0.0000
    5405   4.9925  -3.7544  19.9600   0.0000   0.0000   0.0000
    5406   4.8246  -3.0800  18.7566   0.0000   0.0000   0.0000
    5407   4.5863  -2.8127  19.3968   0.0000   0.0000   0.0000
    5408   5.5793  -3.3020  20.3206   0.0000   0.0000   0.0000
    5409   4.9012  -3.0130  19.4013   0.0000   0.0000   0.0000
    5410   5.0833  -3.4811  18.9420   0.0000   0.0000   0.0000
    5411   4.2333  -2.7555  19.5126   0.0000   0.0000   0.0000
    5412   4.5095  -3.0995  19.4864   0.0000   0.0000   0.0000
    5413   4.7959  -3.1629  18.7356   0.0000   0.0000   0.0000
    5414   4.1029  -2.5607  19.0639   0.0000   0.0000   0.0000
    5415   4.7906  -3.4023  19.2832   0.0000   0.0000   0.0000
    5416   6.0262  -2.9463  19.2024   0.0000   0.0000   0.0000
    5417   5.5760  -3.2172  19.7557   0.0000   0.0000   0.0000
    5418   4.4251  -2.1748  19.9935   0.0000   0.0000   0.0000
    5419   4.8146  -2.6501  19.8117   0.0000   0.0000   0.0000
    5420   5.2533  -1.3619  19.4019   0.0000   0.0000   0.0000
    5421   4.7554  -1.4343  19.4944   0.0000   0.0000   0.0000
    5422   4.3786  -2.0448  19.9236   0.0000   0.0000   0.0000
    5423   4.5790  -1.9727  19.1905   0.0000   0.0000   0.0000
    5424   5.1099  -2.2847  19.3063   0.0000   0.0000   0.0000
    5425   4.4306  -1.7390  18.4899   0.0000   0.0000   0.0000
    5426   4.3786  -2.5955  18.1638   0.0000   0.0000   0.0000
    5427   3.8882  -2.8637  19.1654   0.0000   0.0000   0.0000
    5428   3.4503  -3.0790  18.0834   0.0000   0.0000   0.0000
    5429   3.2061  -2.7654  19.2802   0.0000   0.0000   0.0000
    5430   4.4256  -3.0539  18.9095   0.0000   0.0000   0.0000
    5431   4.6473  -3.4046  19.5419   0.0000   0.0000   0.0000
    5432   3.9695  -3.3251  18.9694   0.0000   0.0000   0.0000
    5433   4.8255  -2.8591  18.5800   0.0000   0.0000   0.0000
    5434   4.5715  -2.7915  19.6915   0.0000   0.0000   0.0000
    5435   4.6576  -2.9793  19.4177   0.0000   0.0000   0.0000
    5436   4.7340  -2.3128  19.1145   0.0000   0.0000   0.0000
    5437   4.8456  -2.1446  19.2416   0.0000   0.0000   0.0000
    5438   4.2828  -2.5403  18.9928   0.0000   0.0000   0.0000
    5439   5.8033  -2.5294  18.2557   0.0000   0.0000   0.0000
    5440   5.1182  -2.2099  19.4272   0.0000   0.0000   0.0000
    5441   4.5159  -1.5520  19.2044   0.0000   0.0000   0.0000
    5442   5.1983  -2.5360  19.7197   0.0000   0.0000   0.0000
    5443   5.1863  -2.7230  19.8687   0.0000   0.0000   0.0000
    5444   5.5949  -2.8107  19.6919   0.0000   0.0000   0.0000
    5445   4.2520  -3.2588  19.1942   0.0000   0.0000   0.0000
    5446   5.6168  -3.8709  19.6285   0.0000   0.0000   0.0000
    5447   5.2118  -2.7776  19.6847   0.0000   0.0000   0.0000
    5448   5.1709  -2.9293  19.5813   0.0000   0.0000   0.0000
    5449   4.6118  -2.2812  20.4806   0.0000   0.0000   0.0000
    5450   4.5134  -1.8889  20.0839   0.0000   0.0000   0.0000
    5451   4.6213  -1.8993  20.7775   0.0000   0.0000   0.0000
    5452   4.4070  -2.7676  21.9767   0.0000   0.0000   0.0000
    5453   3.5939  -2.7001  20.7521   0.0000   0.0000   0.0000
    5454   4.9938  -2.1579  20.4926   0.0000   0.0000   0.0000
    5455   5.1611  -2.7993  19.8329   0.0000   0.0000   0.0000
    5456   5.2402  -2.1965  19.6564   0.0000   0.0000   0.0000
    5457   4.7063  -1.7809  19.1214   0.0000   0.0000   0.0000
    5458   4.1770  -2.0661  18.6912   0.0000   0.0000   0.0000
    5459   4.9421  -2.6492  18.5983   0.0000   0.0000   0.0000
    5460   3.9364  -2.6211  19.0719   0.0000   0.0000   0.0000
    5461   4.8950  -2.2617  18.9518   0.0000   0.0000   0.0000
    5462   5.8001  -1.2812  17.8977   0.0000   0.0000   0.0000
    5463   4.9146  -1.8622  18.1719   0.0000   0.0000   0.0000
    5464   4.7306  -1.5076  18.6812   0.0000   0.0000   0.0000
    5465   4.9901  -0.8788  18.6263   0.0000   0.0000   0.0000
    5466   5.0860  -2.5457  18.9358   0.0000   0.0000   0.0000
    5467   5.1381  -1.6052  18.9046   0.0000   0.0000   0.0000
    5468   5.9182  -1.4779  18.3243   0.0000   0.0000   0.0000
    5469   5.7822  -1.6369  18.2447   0.0000   0.0000   0.0000
    5470   5.4343  -1.4901  18.4227   0.0000   0.0000   0.0000
    5471   6.0367  -2.1883  18.4032   0.0000   0.0000   0.0000
    5472   5.7124  -2.1288  18.3917   0.0000   0.0000   0.0000
    5473   5.4769  -1.9304  19.3213   0.0000   0.0000   0.0000
    5474   6.5115  -2.1510  20.0802   0.0000   0.0000   0.0000
    5475   6.1606  -2.2106  19.5944   0.0000   0.0000   0.0000
    5476   6.0115  -2.0416  20.0123   0.0000   0.0000   0.0000
    5477   4.9000  -1.6756  19.2307   0.0000   0.0000   0.0000
    5478   5.0986  -1.9420  18.6796   0.0000   0.0000   0.0000
    5479   5.2938  -1.8180  18.7888   0.0000   0.0000   0.0000
    5480   4.7056  -1.6607  18.1228   0.0000   0.0000   0.0000
    5481   4.5130  -2.0960  18.6239   0.0000   0.0000   0.0000
    5482   5.4452  -2.4238  18.6208   0.0000   0.0000   0.0000
    5483   4.3621  -2.2030  19.2032   0.0000   0.0000   0.0000
    5484   3.9132  -1.6904  18.5207   0.0000   0.0000   0.0000
    5485   4.1476  -2.4423  18.9654   0.0000   0.0000   0.0000
    5486   4.5926  -2.7574  18.2191   0.0000   0.0000   0.0000
    5487   3.7568  -2.8074  17.7460   0.0000   0.0000   0.0000
    5488   4.4620  -2.3907  18.1580   0.0000   0.0000   0.0000
    5489   3.8796  -2.6793  18.7241   0.0000   0.0000   0.0000
    5490   4.8396  -2.4787  17.7699   0.0000   0.0000   0.0000
    5491   3.8015  -2.2084  18.1923   0.0000   0.0000   0.0000
    5492   3.6980  -2.9342  18.4544   0.0000   0.0000   0.0000
    5493   4.3827  -3.4363  17.6680   0.0000   0.0000   0.0000
    5494   4.8162  -3.3693  18.6092   0.0000   0.0000   0.0000
    5495   4.6624  -2.9793  18.1294   0.0000   0.0000   0.0000
    5496   4.0550  -2.8111  18.1313   0.0000   0.0000   0.0000
    5497   4.3119  -2.9322  18.1972   0.0000   0.0000   0.0000
    5498   3.5402  -2.2075  18.3599   0.0000   0.0000   0.0000
    5499   3.9399  -2.1585  18.5118   0.0000   0.0000   0.0000
    5500   4.4013  -2.4629  17.9829   0.0000   0.0000   0.0000
    5501   3.2950  -2.3861  18.3536   0.0000   0.0000   0.0000
    5502   4.6235  -1.8793  17.9973   0.0000   0.0000   0.0000
    5503   4.0543  -1.1311  17.4668   0.0000   0.0000   0.0000
    5504   3.5992  -2.7855  17.9571   0.0000   0.0000   0.0000
    5505   3.0531  -1.5715  17.1804   0.0000   0.0000   0.0000
    5506   3.4635  -2.6480  18.3442   0.0000   0.0000   0.0000
    5507   4.4311  -2.3959  19.0430   0.0000   0.0000   0.0000
    5508   3.8660  -2.6776  18.7533   0.0000   0.0000   0.0000
    5509   4.0239  -1.9349  17.6285   0.0000   0.0000   0.0000
    5510   3.5200  -2.6583  17.7977   0.0000   0.0000   0.0000
    5511   2.9730  -1.8588  18.1163   0.0000   0.0000   0.0000
    5512   3.3510  -2.2514  17.6724   0.0000   0.0000   0.0000
    5513   3.2489  -1.9276  18.2574   0.0000   0.0000   0.0000
    5514   3.4021  -2.6132  17.7619   0.0000   0.0000   0.0000
    5515   3.3532  -2.5082  18.0067   0.0000   0.0000   0.0000
    5516   3.4632  -2.4438  17.7763   0.0000   0.0000   0.0000
    5517   3.6622  -2.1338  17.9616   0.0000   0.0000   0.0000
    5518   2.6885  -1.9699  18.2664   0.0000   0.0000   0.0000
    5519   3.4573  -2.0905  17.3997   0.0000   0.0000   0.0000
    5520   3.0091  -1.1195  18.0050   0.0000   0.0000   0.0000
    5521   2.8725  -0.9059  18.2881   0.0000   0.0000   0.0000
    5522   3.9536  -1.7188  18.4464   0.0000   0.0000   0.0000
    5523   4.5610  -0.6701  18.8008   0.0000   0.0000   0.0000
    5524   4.1346  -1.2509  18.8479   0.0000   0.0000   0.0000
    5525   3.8259  -1.1196  19.0889   0.0000   0.0000   0.0000
    5526   3.8249  -0.7119  18.5841   0.0000   0.0000   0.0000
    5527   3.5948  -0.4746  18.7914   0.0000   0.0000   0.0000
    5528   3.9558  -0.0009  18.2076   0.0000   0.0000   0.0000
    5529   3.1444  -1.6952  18.8500   0.0000   0.0000   0.0000
    5530   2.8458  -1.4268  18.6340   0.0000   0.0000   0.0000
    5531   2.8004  -1.8741  18.5672   0.0000   0.0000   0.0000
    5532   2.2905  -2.1242  18.4586   0.0000   0.0000   0.0000
    5533   3.1992  -1.9193  18.3614   0.0000   0.0000   0.0000
    5534   3.7867  -1.6508  17.7775   0.0000   0.0000   0.0000
    5535   2.4411  -0.8038  17.3072   0.0000   0.0000   0.0000
    5536   2.0342  -2.0195  18.1666   0.0000   0.0000   0.0000
    5537   2.1118  -0.8236  18.0262   0.0000   0.0000   0.0000
    5538   3.1431  -1.2783  18.1785   0.0000   0.0000   0.0000
    5539   3.0587  -1.5713  18.5302   0.0000   0.0000   0.0000
    5540   2.1935  -2.3261  17.6800   0.0000   0.0000   0.0000
    5541   1.9215  -1.8824  17.6432   0.0000   0.0000   0.0000
    5542   3.1024  -2.6058  17.4360   0.0000   0.0000   0.0000
    5543   2.2799  -2.2942  17.0982   0.0000   0.0000   0.0000
    5544   1.9749  -2.1805  17.3392   0.0000   0.0000   0.0000
    5545   1.3379  -2.0078  17.7458   0.0000   0.0000   0.0000
    5546   2.1255  -1.4545  17.6086   0.0000   0.0000   0.0000
    5547   2.0040  -1.5447  16.6643   0.0000   0.0000   0.0000
    5548   2.6878  -1.1852  16.4402   0.0000   0.0000   0.0000
    5549   2.9988  -0.8489  16.6616   0.0000   0.0000   0.0000
    5550   1.8498  -0.2376  16.3399   0.0000   0.0000   0.0000
    5551   2.2928  -0.9228  16.3291   0.0000   0.0000   0.0000
    5552   3.2477  -0.6115  16.2217   0.0000   0.0000   0.0000
    5553   3.4319  -1.8099  16.6206   0.0000   0.0000   0.0000
    5554   2.2951  -1.9723  16.4185   0.0000   0.0000   0.0000
    5555   3.0613  -1.3936  17.0627   0.0000   0.0000   0.0000
    5556   2.0242  -1.9342  16.3124   0.0000   0.0000   0.0000
    5557   3.2437  -2.6501  17.2715   0.0000   0.0000   0.0000
    5558   3.1305  -2.0400  17.0959   0.0000   0.0000   0.0000
    5559   2.3618  -1.4596  17.6658   0.0000   0.0000   0.0000
    5560   3.0976  -1.4685  17.3001   0.0000   0.0000   0.0000
    5561   3.0896  -1.0229  17.2418   0.0000   0.0000   0.0000
    5562   3.3697  -0.7375  16.4387   0.0000   0.0000   0.0000
    5563   3.2378  -1.3179  16.2611   0.0000   0.0000   0.0000
    5564   3.3200  -0.5476  16.1048   0.0000   0.0000   0.0000
    5565   3.1780  -0.5870  16.5145   0.0000   0.0000   0.0000
    5566   2.9292  -0.7755  16.1778   0.0000   0.0000   0.0000
    5567   2.9538  -0.3201  16.8050   0.0000   0.0000   0.0000
    5568   3.3429  -0.2581  16.6662   0.0000   0.0000   0.0000
    5569   2.2267   0.2004  16.7003   0.0000   0.0000   0.0000
    5570   2.5067  -0.1185  16.8647   0.0000   0.0000   0.0000
    5571   2.6789   0.5316  16.3787   0.0000   0.0000   0.0000
    5572   2.8187   0.1191  15.9842   0.0000   0.0000   0.0000
    5573   1.8623  -0.0261  16.6791   0.0000   0.0000   0.0000
    5574   3.6188  -0.2360  15.8628   0.0000   0.0000   0.0000
    5575   3.5342  -0.0284  16.3365   0.0000   0.0000   0.0000
    5576   3.5157  -0.4923  16.2214   0.0000   0.0000   0.0000
    5577   3.9770  -0.1190  16.1764   0.0000   0.0000   0.0000
    5578   2.8635   0.0121  15.6916   0.0000   0.0000   0.0000
    5579   2.7788  -0.4581  16.1583   0.0000   0.0000   0.0000
    5580   3.6897  -1.0605  15.1247   0.0000   0.0000   0.0000
    5581   3.5700  -0.7624  15.5218   0.0000   0.0000   0.0000
    5582   3.6324  -1.2289  15.3383   0.0000   0.0000   0.0000
    5583   3.1128  -0.3882  15.3450   0.0000   0.0000   0.0000
    5584   3.0437  -1.3597  15.0933   0.0000   0.0000   0.0000
    5585   2.3653  -0.5252  15.4701   0.0000   0.0000   0.0000
    5586   2.9080  -0.8171  15.8825   0.0000   0.0000   0.0000
    5587   3.3990  -0.2188  15.7233   0.0000   0.0000   0.0000
    5588   3.2071  -0.9772  16.1049   0.0000   0.0000   0.0000
    5589   2.8217  -1.1657  15.4957   0.0000   0.0000   0.0000
    5590   3.1350  -1.5729  15.0113   0.0000   0.0000   0.0000
    5591   2.7812  -1.5260  15.5736   0.0000   0.0000   0.0000
    5592   2.6456  -1.8413  15.6571   0.0000   0.0000   0.0000
    5593   3.0962  -2.3004  14.8936   0.0000   0.0000   0.0000
    5594   3.9735  -1.7863  15.0951   0.0000   0.0000   0.0000
    5595   2.5731  -2.1657  13.6568   0.0000   0.0000   0.0000
    5596   3.2659  -2.3671  13.8744   0.0000   0.0000   0.0000
    5597   3.3402  -2.2043  14.6429   0.0000   0.0000   0.0000
    5598   3.7308  -1.7599  14.3905   0.0000   0.0000   0.0000
    5599   2.1652  -2.3737  14.7067   0.0000   0.0000   0.0000
    5600   2.9382  -2.8252  15.2207   0.0000   0.0000   0.0000
    5601   2.4971  -2.4549  15.1661   0.0000   0.0000   0.0000
    5602   3.2926  -1.9803  15.4493   0.0000   0.0000   0.0000
    5603   2.8497  -1.2762  14.5290   0.0000   0.0000   0.0000
    5604   3.2050  -1.0676  14.6262   0.0000   0.0000   0.0000
    5605   2.9337  -1.9319  14.7027   0.0000   0.0000   0.0000
    5606   2.1106  -1.6188  14.7399   0.0000   0.0000   0.0000
    5607   3.5541  -1.6163  15.3026   0.0000   0.0000   0.0000
    5608   3.7309  -2.3769  14.8213   0.0000   0.0000   0.0000
    5609   4.4894  -1.5096  14.9598   0.0000   0.0000   0.0000
    5610   3.9061  -1.5066  15.5118   0.0000   0.0000   0.0000
    5611   2.8355  -1.0021  14.8187   0.0000   0.0000   0.0000
    5612   2.9354  -0.5505  15.2415   0.0000   0.0000   0.0000
    5613   2.5767  -0.2499  14.0083   0.0000   0.0000   0.0000
    5614   1.7746  -1.3585  14.0690   0.0000   0.0000   0.0000
    5615   2.1774  -0.4686  14.0891   0.0000   0.0000   0.0000
    5616   2.1204  -0.5771  14.0454   0.0000   0.0000   0.0000
    5617   1.8338  -0.6141  14.4034   0.0000   0.0000   0.0000
    5618   2.3781  -0.7175  14.7819   0.0000   0.0000   0.0000
    5619   1.8932   0.0175  14.4529   0.0000   0.0000   0.0000
    5620   3.6917  -0.4686  14.7233   0.0000   0.0000   0.0000
    5621   3.3443  -0.0509  15.0118   0.0000   0.0000   0.0000
    5622   3.3946  -0.5035  14.6701   0.0000   0.0000   0.0000
    5623   2.5892  -1.2774  15.6366   0.0000   0.0000   0.0000
    5624   2.5108   0.2551  14.8061   0.0000   0.0000   0.0000
    5625   1.9322  -0.1733  15.5314   0.0000   0.0000   0.0000
    5626   2.1933  -0.0312  15.0541   0.0000   0.0000   0.0000
    5627   2.2974   0.1284  14.4285   0.0000   0.0000   0.0000
    5628   2.1946  -0.4229  14.7031   0.0000   0.0000   0.0000
    5629   2.4690  -0.1053  14.7685   0.0000   0.0000   0.0000
    5630   2.1718  -0.2830  15.1789   0.0000   0.0000   0.0000
    5631   1.7337   0.0141  15.1218   0.0000   0.0000   0.0000
    5632   1.7657  -0.7021  15.3939   0.0000   0.0000   0.0000
    5633   1.8846  -0.0984  14.9802   0.0000   0.0000   0.0000
    5634   1.8176   0.6114  14.7268   0.0000   0.0000   0.0000
    5635   2.2718  -0.1224  14.4392   0.0000   0.0000   0.0000
    5636   2.6346   0.4697  14.5329   0.0000   0.0000   0.0000
    5637   3.4132  -0.5105  15.4291   0.0000   0.0000   0.0000
    5638   2.9834  -0.1022  14.9065   0.0000   0.0000   0.0000
    5639   2.9898  -0.4173  15.4184   0.0000   0.0000   0.0000
    5640   3.3316  -0.2549  15.4639   0.0000   0.0000   0.0000
    5641   2.9015  -0.8008  15.0671   0.0000   0.0000   0.0000
    5642   3.3480  -1.3138  14.8755   0.0000   0.0000   0.0000
    5643   2.4731  -0.8787  15.0288   0.0000   0.0000   0.0000
    5644   2.8719  -0.2653  15.2111   0.0000   0.0000   0.0000
    5645   3.1582  -0.1584  15.2340   0.0000   0.0000   0.0000
    5646   3.1214  -0.1891  13.9804   0.0000   0.0000   0.0000
    5647   3.4513   0.6389  14.2441   0.0000   0.0000   0.0000
    5648   2.6625  -0.0353  13.6165   0.0000   0.0000   0.0000
    5649   2.7122   0.9449  14.4541   0.0000   0.0000   0.0000
    5650   3.0086   0.2864  13.8438   0.0000   0.0000   0.0000
    5651   3.1333   0.3020  13.7653   0.0000   0.0000   0.0000
    5652   2.3706   0.8332  13.6209   0.0000   0.0000   0.0000
    5653   2.9671   0.5844  15.1133   0.0000   0.0000   0.0000
    5654   3.0943   0.9138  14.4364   0.0000   0.0000   0.0000
    5655   3.1078   2.2806  12.9488   0.0000   0.0000   0.0000
    5656   3.5090   1.1119  12.9260   0.0000   0.0000   0.0000
    5657   3.7325   1.0066  12.9077   0.0000   0.0000   0.0000
    5658   3.3541   1.6530  13.4275   0.0000   0.0000   0.0000
    5659   3.2879   1.6423  13.1488   0.0000   0.0000   0.0000
    5660   2.9397   1.8180  12.9911   0.0000   0.0000   0.0000
    5661   4.2058   0.8957  12.9269   0.0000   0.0000   0.0000
    5662   3.8202   0.6371  13.1206   0.0000   0.0000   0.0000
    5663   4.0606   0.5056  13.1801   0.0000   0.0000   0.0000
    5664   3.6798   0.5008  13.3267   0.0000   0.0000   0.0000
    5665   3.0825   0.5536  13.7062   0.0000   0.0000   0.0000
    5666   3.4873   0.5279  13.2115   0.0000   0.0000   0.0000
    5667   2.8726  -0.0577  12.8503   0.0000   0.0000   0.0000
    5668   3.4420  -0.1406  13.0375   0.0000   0.0000   0.0000
    5669   4.0087   0.1251  13.3079   0.0000   0.0000   0.0000
    5670   3.9869  -0.1433  13.1368   0.0000   0.0000   0.0000
    5671   3.9772  -1.1983  13.2724   0.0000   0.0000   0.0000
    5672   4.2289  -0.5617  13.8692   0.0000   0.0000   0.0000
    5673   3.2996  -0.3829  13.9093   0.0000   0.0000   0.0000
    5674   2.4666  -0.1819  14.1914   0.0000   0.0000   0.0000
    5675   1.8074  -0.2077  14.4998   0.0000   0.0000   0.0000
    5676   2.2160   0.0414  14.2032   0.0000   0.0000   0.0000
    5677   2.5724   0.2814  14.6963   0.0000   0.0000   0.0000
    5678   2.2717   0.1569  14.2512   0.0000   0.0000   0.0000
    5679   2.8148  -0.8067  14.6487   0.0000   0.0000   0.0000
    5680   3.2668  -0.2859  15.4871   0.0000   0.0000   0.0000
    5681   3.8748  -0.5412  15.3734   0.0000   0.0000   0.0000
    5682   4.2892  -0.2430  15.6525   0.0000   0.0000   0.0000
    5683   3.5447   0.7366  15.7524   0.0000   0.0000   0.0000
    5684   2.8225   0.1661  16.3233   0.0000   0.0000   0.0000
    5685   3.8701   0.5043  16.5060   0.0000   0.0000   0.0000
    5686   3.5791  -0.0168  15.9110   0.0000   0.0000   0.0000
    5687   3.0323   0.7173  15.9792   0.0000   0.0000   0.0000
    5688   2.4142   0.3369  16.1371   0.0000   0.0000   0.0000
    5689   2.9462  -0.0572  15.9729   0.0000   0.0000   0.0000
    5690   2.6422   0.4700  15.9547   0.0000   0.0000   0.0000
    5691   3.1916   1.0111  15.1202   0.0000   0.0000   0.0000
    5692   2.1164   0.7381  15.2276   0.0000   0.0000   0.0000
    5693   2.9951   1.6391  15.0429   0.0000   0.0000   0.0000
    5694   2.7465   0.9757  14.3786   0.0000   0.0000   0.0000
    5695   1.6551   2.2015  15.4709   0.0000   0.0000   0.0000
    5696   3.0747   0.9457  15.2413   0.0000   0.0000   0.0000
    5697   2.4912   1.7372  14.9933   0.0000   0.0000   0.0000
    5698   2.3151   0.8341  14.7812   0.0000   0.0000   0.0000
    5699   2.5241   1.9215  15.0099   0.0000   0.0000   0.0000
    5700   2.1179   2.0096  14.2413   0.0000   0.0000   0.0000
    5701   2.8339   1.3637  14.5476   0.0000   0.0000   0.0000
    5702   2.3965   1.0546  14.9745   0.0000   0.0000   0.0000
    5703   3.6703   0.9198  15.1571   0.0000   0.0000   0.0000
    5704   3.3245   1.5223  15.2165   0.0000   0.0000   0.0000
    5705   3.7504   0.8172  15.0204   0.0000   0.0000   0.0000
    5706   3.8490   1.2357  15.6094   0.0000   0.0000   0.0000
    5707   3.7869   0.9251  15.0420   0.0000   0.0000   0.0000
    5708   3.3720   0.5717  15.2856   0.0000   0.0000   0.0000
    5709   4.1369   1.7021  15.0438   0.0000   0.0000   0.0000
    5710   4.1490   2.1395  14.3677   0.0000   0.0000   0.0000
    5711   3.7265   0.5681  14.7812   0.0000   0.0000   0.0000
    5712   3.7261   2.1476  14.1609   0.0000   0.0000   0.0000
    5713   3.7113   1.9481  14.3398   0.0000   0.0000   0.0000
    5714   3.3526   2.4371  14.6064   0.0000   0.0000   0.0000
    5715   3.3298   1.7069  14.6453   0.0000   0.0000   0.0000
    5716   3.3544   2.4028  14.4241   0.0000   0.0000   0.0000
    5717   3.2599   1.7304  15.1646   0.0000   0.0000   0.0000
    5718   2.9857   2.1920  15.0523   0.0000   0.0000   0.0000
    5719   2.9997   2.7056  15.0159   0.0000   0.0000   0.0000
    5720   2.7479   1.3893  15.8717   0.0000   0.0000   0.0000
    5721   3.1843   3.0377  15.3816   0.0000   0.0000   0.0000
    5722   2.3776   2.9233  15.1595   0.0000   0.0000   0.0000
    5723   1.9989   2.2891  14.8755   0.0000   0.0000   0.0000
    5724   2.4254   1.9224  15.7363   0.0000   0.0000   0.0000
    5725   4.2089   1.5876  15.8318   0.0000   0.0000   0.0000
    5726   4.4000   1.6229  15.4159   0.0000   0.0000   0.0000
    5727   3.9230   0.9775  15.7527   0.0000   0.0000   0.0000
    5728   4.0712   1.2225  15.4586   0.0000   0.0000   0.0000
    5729   3.7729   0.2165  15.6765   0.0000   0.0000   0.0000
    5730   4.1485   1.2881  15.0269   0.0000   0.0000   0.0000
    5731   4.4480  -0.3402  16.2731   0.0000   0.0000   0.0000
    5732   4.2098   0.6574  15.5425   0.0000   0.0000   0.0000
    5733   4.3508   0.7711  15.5442   0.0000   0.0000   0.0000
    5734   2.8180   1.2359  14.7028   0.0000   0.0000   0.0000
    5735   3.3342   0.5695  14.5564   0.0000   0.0000   0.0000
    5736   3.2432   0.1945  15.4574   0.0000   0.0000   0.0000
    5737   4.1740   0.4018  14.2600   0.0000   0.0000   0.0000
    5738   3.8553  -0.0778  14.2757   0.0000   0.0000   0.0000
    5739   4.2395   0.5349  14.5431   0.0000   0.0000   0.0000
    5740   4.2434   0.4394  15.1608   0.0000   0.0000   0.0000
    5741   4.4098   0.4412  14.6404   0.0000   0.0000   0.0000
    5742   5.1199   1.9884  13.9262   0.0000   0.0000   0.0000
    5743   4.8559   1.3284  14.3109   0.0000   0.0000   0.0000
    5744   4.6664   0.6807  13.9667   0.0000   0.0000   0.0000
    5745   4.2318   0.8371  13.8065   0.0000   0.0000   0.0000
    5746   3.9481   1.9587  13.6497   0.0000   0.0000   0.0000
    5747   4.2344   1.2488  14.7831   0.0000   0.0000   0.0000
    5748   4.0355   1.1981  13.5849   0.0000   0.0000   0.0000
    5749   3.2386   0.8098  14.1738   0.0000   0.0000   0.0000
    5750   4.6017   1.0191  13.9809   0.0000   0.0000   0.0000
    5751   3.9266   1.2050  13.6426   0.0000   0.0000   0.0000
    5752   3.3489   0.9293  13.4490   0.0000   0.0000   0.0000
    5753   3.3041   1.1831  13.2077   0.0000   0.0000   0.0000
    5754   4.2230   0.8406  13.5382   0.0000   0.0000   0.0000
    5755   3.6777   1.1181  13.4674   0.0000   0.0000   0.0000
    5756   3.2681   1.5495  13.8668   0.0000   0.0000   0.0000
    5757   3.0328   1.4023  13.5105   0.0000   0.0000   0.0000
    5758   3.8329   1.1379  14.1013   0.0000   0.0000   0.0000
    5759   3.0409   1.2745  13.8654   0.0000   0.0000   0.0000
    5760   2.4375   2.0491  14.0188   0.0000   0.0000   0.0000
    5761   2.9412   2.6126  13.8208   0.0000   0.0000   0.0000
    5762   2.6908   2.0178  14.7064   0.0000   0.0000   0.0000
    5763   3.0402   1.5405  15.0372   0.0000   0.0000   0.0000
    5764   3.2947   1.4930  14.6861   0.0000   0.0000   0.0000
    5765   3.2822   1.0511  13.7344   0.0000   0.0000   0.0000
    5766   3.2477   1.0153  14.1114   0.0000   0.0000   0.0000
    5767   2.8261   0.8515  14.1783   0.0000   0.0000   0.0000
    5768   2.8904   0.6351  14.7326   0.0000   0.0000   0.0000
    5769   2.6263   1.4413  13.9956   0.0000   0.0000   0.0000
    5770   2.5970   1.2672  14.3602   0.0000   0.0000   0.0000
    5771   2.9416   2.1886  14.7767   0.0000   0.0000   0.0000
    5772   2.6454   1.8689  14.2398   0.0000   0.0000   0.0000
    5773   2.8228   2.0429  13.3023   0.0000   0.0000   0.0000
    5774   2.9448   1.4650  14.6331   0.0000   0.0000   0.0000
    5775   3.4359   1.7804  14.7162   0.0000   0.0000   0.0000
    5776   2.7043   1.9074  14.7389   0.0000   0.0000   0.0000
    5777   2.8038   2.0319  15.2976   0.0000   0.0000   0.0000
    5778   2.7492   1.7845  15.3234   0.0000   0.0000   0.0000
    5779   2.8812   1.1135  15.2252   0.0000   0.0000   0.0000
    5780   3.0132   0.4715  14.4719   0.0000   0.0000   0.0000
    5781   3.3649   1.2735  15.1015   0.0000   0.0000   0.0000
    5782   3.1571   0.6963  15.2583   0.0000   0.0000   0.0000
    5783   4.0050   1.1567  15.4016   0.0000   0.0000   0.0000
    5784   4.2780   1.2699  14.5372   0.0000   0.0000   0.0000
    5785   4.0113   0.4635  15.2290   0.0000   0.0000   0.0000
    5786   4.0400  -0.0291  15.0161   0.0000   0.0000   0.0000
    5787   2.9339  -0.3909  14.7806   0.0000   0.0000   0.0000
    5788   4.5978   0.6769  15.2609   0.0000   0.0000   0.0000
    5789   4.0065   0.3908  14.6856   0.0000   0.0000   0.0000
    5790   4.1199   0.8197  14.1972   0.0000   0.0000   0.0000
    5791   4.5778   0.3282  14.7226   0.0000   0.0000   0.0000
    5792   5.5724   1.1679  14.9651   0.0000   0.0000   0.0000
    5793   3.2625   0.5854  15.4550   0.0000   0.0000   0.0000
    5794   4.2845   1.4788  15.1034   0.0000   0.0000   0.0000
    5795   4.2946   1.0051  15.0144   0.0000   0.0000   0.0000
    5796   4.5113   1.2322  14.7659   0.0000   0.0000   0.0000
    5797   4.6788   1.3656  14.3115   0.0000   0.0000   0.0000
    5798   5.0258   1.3902  15.6206   0.0000   0.0000   0.0000
    5799   4.5386   1.0223  15.4910   0.0000   0.0000   0.0000
    5800   3.7727   1.1260  15.0516   0.0000   0.0000   0.0000
    5801   4.6104   2.2513  15.3038   0.0000   0.0000   0.0000
    5802   4.2206   1.2078  15.3622   0.0000   0.0000   0.0000
    5803   3.8827   1.5553  14.7425   0.0000   0.0000   0.0000
    5804   4.2784   1.4619  14.9301   0.0000   0.0000   0.0000
    5805   4.1004   0.4464  15.0434   0.0000   0.0000   0.0000
    5806   4.6500   1.8024  14.4725   0.0000   0.0000   0.0000
    5807   3.0672   1.6297  14.2863   0.0000   0.0000   0.0000
    5808   3.5802   0.7055  14.8215   0.0000   0.0000   0.0000
    5809   3.6382   0.6643  14.8950   0.0000   0.0000   0.0000
    5810   2.9956   1.6685  14.6633   0.0000   0.0000   0.0000
    5811   4.0169   1.8398  15.1232   0.0000   0.0000   0.0000
    5812   4.0109   2.4820  15.5706   0.0000   0.0000   0.0000
    5813   3.1084   1.5186  15.5628   0.0000   0.0000   0.0000
    5814   3.4808   0.8510  14.6731   0.0000   0.0000   0.0000
    5815   3.7610   1.5096  15.1009   0.0000   0.0000   0.0000
    5816   4.5294   0.9043  15.6021   0.0000   0.0000   0.0000
    5817   4.5170   0.7166  16.1374   0.0000   0.0000   0.0000
    5818   4.0768   1.1026  16.2221   0.0000   0.0000   0.0000
    5819   3.8302   1.3512  15.6182   0.0000   0.0000   0.0000
    5820   4.1485   1.3208  15.1348   0.0000   0.0000   0.0000
    5821   4.3363   1.9844  16.0732   0.0000   0.0000   0.0000
    5822   3.7353   0.8702  15.5514   0.0000   0.0000   0.0000
    5823   3.6014   1.2693  15.8727   0.0000   0.0000   0.0000
    5824   2.9537   1.0497  15.6363   0.0000   0.0000   0.0000
    5825   3.5179   0.9305  16.3035   0.0000   0.0000   0.0000
    5826   3.9367   1.0824  15.4683   0.0000   0.0000   0.0000
    5827   3.4592   1.0230  15.5031   0.0000   0.0000   0.0000
    5828   3.8702   0.4881  15.8037   0.0000   0.0000   0.0000
    5829   4.5469   0.6480  15.8493   0.0000   0.0000   0.0000
    5830   3.4700   1.4305  15.7491   0.0000   0.0000   0.0000
    5831   4.0565   1.5792  15.5510   0.0000   0.0000   0.0000
    5832   3.8451   1.5337  15.4808   0.0000   0.0000   0.0000
    5833   5.3907   1.2364  15.2704   0.0000   0.0000   0.0000
    5834   4.4461   0.7856  15.3297   0.0000   0.0000   0.0000
    5835   4.0089   1.2368  15.2570   0.0000   0.0000   0.0000
    5836   4.2012   0.8095  15.5580   0.0000   0.0000   0.0000
    5837   4.1634   1.0130  15.8091   0.0000   0.0000   0.0000
    5838   3.7503   0.4048  16.1518   0.0000   0.0000   0.0000
    5839   4.0574  -0.0966  15.2787   0.0000   0.0000   0.0000
    5840   3.8282   0.0354  15.2529   0.0000   0.0000   0.0000
    5841   3.5777   0.0538  15.3270   0.0000   0.0000   0.0000
    5842   4.3644   0.2101  15.8852   0.0000   0.0000   0.0000
    5843   3.6343   0.1974  15.2664   0.0000   0.0000   0.0000
    5844   3.1377  -0.1398  15.7850   0.0000   0.0000   0.0000
    5845   3.6261  -0.0606  15.1469   0.0000   0.0000   0.0000
    5846   2.4977  -0.0416  15.0194   0.0000   0.0000   0.0000
    5847   3.1696  -0.0289  15.0646   0.0000   0.0000   0.0000
    5848   3.3251   0.5797  15.0783   0.0000   0.0000   0.0000
    5849   3.6322  -0.5030  15.6867   0.0000   0.0000   0.0000
    5850   3.1727  -1.1673  15.6807   0.0000   0.0000   0.0000
    5851   3.8355  -0.5546  15.0841   0.0000   0.0000   0.0000
    5852   3.3456  -0.7696  15.5230   0.0000   0.0000   0.0000
    5853   2.9918  -0.2638  15.8764   0.0000   0.0000   0.0000
    5854   3.4466   0.0737  15.5051   0.0000   0.0000   0.0000
    5855   3.1776   0.1026  14.9041   0.0000   0.0000   0.0000
    5856   3.6576   0.4442  14.7570   0.0000   0.0000   0.0000
    5857   4.2377   0.6274  14.9683   0.0000   0.0000   0.0000
    5858   4.2850   0.5995  15.4539   0.0000   0.0000   0.0000
    5859   3.9654   0.3354  16.1128   0.0000   0.0000   0.0000
    5860   5.2041   0.5343  16.2403   0.0000   0.0000   0.0000
    5861   4.6073   0.6206  16.2896   0.0000   0.0000   0.0000
    5862   4.8930   0.0599  16.5087   0.0000   0.0000   0.0000
    5863   4.5908   0.7461  16.7314   0.0000   0.0000   0.0000
    5864   4.6388   0.6598  15.9141   0.0000   0.0000   0.0000
    5865   4.3833  -0.6724  15.9695   0.0000   0.0000   0.0000
    5866   4.1641  -0.2917  15.4429   0.0000   0.0000   0.0000
    5867   4.2049  -0.1568  16.1122   0.0000   0.0000   0.0000
    5868   4.6269  -0.9998  16.9717   0.0000   0.0000   0.0000
    5869   3.8141  -0.0991  16.0499   0.0000   0.0000   0.0000
    5870   4.6253   0.0227  16.1847   0.0000   0.0000   0.0000
    5871   4.1085  -0.3447  16.1521   0.0000   0.0000   0.0000
    5872   4.2443  -0.7800  16.2976   0.0000   0.0000   0.0000
    5873   3.7711  -0.2548  15.5500   0.0000   0.0000   0.0000
    5874   3.9735   0.0509  16.5195   0.0000   0.0000   0.0000
    5875   4.9339  -0.1003  15.6630   0.0000   0.0000   0.0000
    5876   5.3122   0.2607  15.8898   0.0000   0.0000   0.0000
    5877   4.0719   0.0838  15.7511   0.0000   0.0000   0.0000
    5878   5.1719   0.4273  15.1642   0.0000   0.0000   0.0000
    5879   4.9430   0.3927  15.4846   0.0000   0.0000   0.0000
    5880   5.4228   1.0344  15.1534   0.0000   0.0000   0.0000
    5881   4.9891   0.0875  14.8482   0.0000   0.0000   0.0000
    5882   5.9486   0.0987  15.3071   0.0000   0.0000   0.0000
    5883   5.2998   0.4120  15.6591   0.0000   0.0000   0.0000
    5884   5.7448  -0.9896  16.0153   0.0000   0.0000   0.0000
    5885   5.4150  -0.4160  15.4416   0.0000   0.0000   0.0000
    5886   4.6989  -0.1414  15.9110   0.0000   0.0000   0.0000
    5887   5.0659  -0.2130  15.6066   0.0000   0.0000   0.0000
    5888   5.5167   0.8983  15.2507   0.0000   0.0000   0.0000
    5889   5.6163  -0.2729  15.3885   0.0000   0.0000   0.0000
    5890   4.9698   0.5741  15.6030   0.0000   0.0000   0.0000
    5891   4.4725   0.6453  16.0600   0.0000   0.0000   0.0000
    5892   4.8448  -0.3946  16.4949   0.0000   0.0000   0.0000
    5893   4.6723   0.5146  16.4996   0.0000   0.0000   0.0000
    5894   4.5387   0.3795  16.5068   0.0000   0.0000   0.0000
    5895   4.3591   0.1057  15.7434   0.0000   0.0000   0.0000
    5896   4.3491   1.1610  16.7190   0.0000   0.0000   0.0000
    5897   3.8947   0.9697  16.0805   0.0000   0.0000   0.0000
    5898   4.2193   0.5939  16.1249   0.0000   0.0000   0.0000
    5899   4.0106   0.6834  15.6129   0.0000   0.0000   0.0000
    5900   3.5708   0.1077  15.5151   0.0000   0.0000   0.0000
    5901   4.1907   0.9699  15.8798   0.0000   0.0000   0.0000
    5902   3.3642   0.7685  15.8089   0.0000   0.0000   0.0000
    5903   3.8330   1.0547  15.3150   0.0000   0.0000   0.0000
    5904   2.9300   1.1022  15.1253   0.0000   0.0000   0.0000
    5905   3.8535   1.0622  15.5398   0.0000   0.0000   0.0000
    5906   3.6228   0.5639  15.8056   0.0000   0.0000   0.0000
    5907   3.3066   1.1861  15.1375   0.0000   0.0000   0.0000
    5908   2.8638   0.8851  14.8943   0.0000   0.0000   0.0000
    5909   3.1120   1.1529  14.5922   0.0000   0.0000   0.0000
    5910   2.7099   1.3353  15.2412   0.0000   0.0000   0.0000
    5911   3.0100   1.1782  14.2852   0.0000   0.0000   0.0000
    5912   2.9606   1.4590  14.6497   0.0000   0.0000   0.0000
    5913   3.4304   0.9085  15.2451   0.0000   0.0000   0.0000
    5914   3.3368   0.0655  15.1951   0.0000   0.0000   0.0000
    5915   3.2569   0.9443  15.0550   0.0000   0.0000   0.0000
    5916   3.7713   1.1535  14.9839   0.0000   0.0000   0.0000
    5917   3.9784   1.0328  16.0515   0.0000   0.0000   0.0000
    5918   3.4905   1.3233  15.4738   0.0000   0.0000   0.0000
    5919   3.7676   1.3439  15.6490   0.0000   0.0000   0.0000
    5920   3.9365   1.6751  15.9619   0.0000   0.0000   0.0000
    5921   3.9668   0.2060  16.6546   0.0000   0.0000   0.0000
    5922   4.0886  -0.4130  16.5057   0.0000   0.0000   0.0000
    5923   3.8139   0.5304  16.8546   0.0000   0.0000   0.0000
    5924   3.6163   0.5496  16.8024   0.0000   0.0000   0.0000
    5925   4.2905   0.5321  16.0887   0.0000   0.0000   0.0000
    5926   3.5111  -0.3332  15.8457   0.0000   0.0000   0.0000
    5927   3.4254   0.7732  16.2295   0.0000   0.0000   0.0000
    5928   4.3705   1.0036  15.7394   0.0000   0.0000   0.0000
    5929   4.5100   0.5679  15.2815   0.0000   0.0000   0.0000
    5930   4.3899  -0.0644  15.7175   0.0000   0.0000   0.0000
    5931   4.6880  -0.0404  15.3629   0.0000   0.0000   0.0000
    5932   5.0721   0.1366  15.5063   0.0000   0.0000   0.0000
    5933   5.2088  -0.2030  15.5693   0.0000   0.0000   0.0000
    5934   4.1079  -0.0869  15.6043   0.0000   0.0000   0.0000
    5935   3.7189  -0.6601  15.9315   0.0000   0.0000   0.0000
    5936   4.4401  -0.3967  16.1262   0.0000   0.0000   0.0000
    5937   3.6843   0.6326  16.4538   0.0000   0.0000   0.0000
    5938   4.4797   0.8133  15.3804   0.0000   0.0000   0.0000
    5939   3.9183   0.4919  16.1638   0.0000   0.0000   0.0000
    5940   3.5705   0.8169  16.0277   0.0000   0.0000   0.0000
    5941   3.7069   0.8313  15.6545   0.0000   0.0000   0.0000
    5942   3.8344   0.4708  16.3854   0.0000   0.0000   0.0000
    5943   3.9283   1.2119  15.7751   0.0000   0.0000   0.0000
    5944   3.4966   0.9094  16.3643   0.0000   0.0000   0.0000
    5945   2.5956   2.1629  15.9276   0.0000   0.0000   0.0000
    5946   3.6437   1.2725  15.9982   0.0000   0.0000   0.0000
    5947   3.7882   1.6086  15.9912   0.0000   0.0000   0.0000
    5948   3.6871   1.5846  16.2526   0.0000   0.0000   0.0000
    5949   4.1986   0.7749  16.1859   0.0000   0.0000   0.0000
    5950   4.1592   1.3846  16.1792   0.0000   0.0000   0.0000
    5951   3.9483   1.6326  15.9502   0.0000   0.0000   0.0000
    5952   3.7749   1.6433  16.6250   0.0000   0.0000   0.0000
    5953   4.4883   1.4195  16.3125   0.0000   0.0000   0.0000
    5954   4.2005   0.9510  16.8624   0.0000   0.0000   0.0000
    5955   3.9170   1.3982  16.7620   0.0000   0.0000   0.0000
    5956   3.9523   1.2512  16.6341   0.0000   0.0000   0.0000
    5957   4.5277   1.1853  16.0328   0.0000   0.0000   0.0000
    5958   4.1582   1.6971  16.2982   0.0000   0.0000   0.0000
    5959   3.8288   1.6344  16.0920   0.0000   0.0000   0.0000
    5960   3.3787   1.1718  17.0588   0.0000   0.0000   0.0000
    5961   2.7043   1.1554  17.0715   0.0000   0.0000   0.0000
    5962   3.0460   0.0744  16.9397   0.0000   0.0000   0.0000
    5963   2.8052   1.0340  16.4229   0.0000   0.0000   0.0000
    5964   3.8138   0.8234  16.5514   0.0000   0.0000   0.0000
    5965   2.8012   0.1869  16.3005   0.0000   0.0000   0.0000
    5966   3.2264   1.1414  16.5441   0.0000   0.0000   0.0000
    5967   3.0115   0.1540  16.1795   0.0000   0.0000   0.0000
    5968   3.0804   0.7966  16.5700   0.0000   0.0000   0.0000
    5969   2.6635   0.8942  16.5246   0.0000   0.0000   0.0000
    5970   2.5367   1.0073  16.5273   0.0000   0.0000   0.0000
    5971   2.9563   1.3132  16.4706   0.0000   0.0000   0.0000
    5972   3.2379   1.5594  16.1571   0.0000   0.0000   0.0000
    5973   2.5893   1.5738  16.4974   0.0000   0.0000   0.0000
    5974   2.3284   1.1069  17.2224   0.0000   0.0000   0.0000
    5975   2.7355   1.2327  16.9514   0.0000   0.0000   0.0000
    5976   2.2468   1.2149  17.3638   0.0000   0.0000   0.0000
    5977   2.8823   1.7888  17.5427   0.0000   0.0000   0.0000
    5978   2.2244   2.1602  18.4163   0.0000   0.0000   0.0000
    5979   3.8144   2.0299  17.8364   0.0000   0.0000   0.0000
    5980   3.4872   1.7254  17.3435   0.0000   0.0000   0.0000
    5981   2.9976   1.7149  17.3316   0.0000   0.0000   0.0000
    5982   2.9913   1.1571  16.7995   0.0000   0.0000   0.0000
    5983   3.0593   1.6456  17.1024   0.0000   0.0000   0.0000
    5984   2.4090   2.3261  17.7014   0.0000   0.0000   0.0000
    5985   2.8764   1.7434  17.7548   0.0000   0.0000   0.0000
    5986   2.4582   2.2557  17.5000   0.0000   0.0000   0.0000
    5987   2.8664   2.5075  17.3574   0.0000   0.0000   0.0000
    5988   3.7987   0.7299  17.0007   0.0000   0.0000   0.0000
    5989   3.2823   0.4532  17.2559   0.0000   0.0000   0.0000
    5990   3.0054   0.3672  18.0702   0.0000   0.0000   0.0000
    5991   3.7927   1.6925  18.3856   0.0000   0.0000   0.0000
    5992   2.7423   1.4857  17.9012   0.0000   0.0000   0.0000
    5993   3.4615   1.2920  18.5214   0.0000   0.0000   0.0000
    5994   3.1776   2.1180  18.8200   0.0000   0.0000   0.0000
    5995   2.2693   2.6378  17.7634   0.0000   0.0000   0.0000
    5996   2.6938   2.9377  18.0790   0.0000   0.0000   0.0000
    5997   2.3421   2.3361  17.7961   0.0000   0.0000   0.0000
    5998   3.2456   1.8810  17.7031   0.0000   0.0000   0.0000
    5999   3.1960   1.8102  17.4818   0.0000   0.0000   0.0000
    6000   2.3895   1.5806  17.5184   0.0000   0.0000   0.0000
    6001   2.0820   1.5622  17.2751   0.0000   0.0000   0.0000
    6002   2.7491   1.6774  17.3146   0.0000   0.0000   0.0000
    6003   2.8696   1.8564  17.6739   0.0000   0.0000   0.0000
    6004   2.9909   1.4594  17.9661   0.0000   0.0000   0.0000
    6005   3.7052   1.9948  18.6375   0.0000   0.0000   0.0000
    6006   3.3514   1.5192  17.7254   0.0000   0.0000   0.0000
    6007   4.1371   1.6843  17.7166   0.0000   0.0000   0.0000
    6008   3.5243   1.2101  18.2617   0.0000   0.0000   0.0000
    6009   3.3947   0.6134  17.7257   0.0000   0.0000   0.0000
    6010   4.0552   0.8069  17.4376   0.0000   0.0000   0.0000
    6011   4.5793   1.3542  17.0127   0.0000   0.0000   0.0000
    6012   3.6674   0.5458  17.0285   0.0000   0.0000   0.0000
    6013   3.8734   1.3726  16.7847   0.0000   0.0000   0.0000
    6014   3.8859   0.5518  17.1112   0.0000   0.0000   0.0000
    6015   3.2568   1.2990  16.9513   0.0000   0.0000   0.0000
    6016   2.8723   0.8236  17.2910   0.0000   0.0000   0.0000
    6017   3.9830   0.7264  16.5876   0.0000   0.0000   0.0000
    6018   3.4551   1.1541  17.5432   0.0000   0.0000   0.0000
    6019   3.9642   0.6746  16.8900   0.0000   0.0000   0.0000
    6020   3.9084   0.6982  17.3074   0.0000   0.0000   0.0000
    6021   3.2652   0.5644  17.1920   0.0000   0.0000   0.0000
    6022   3.3403   0.5640  17.5660   0.0000   0.0000   0.0000
    6023   3.8827   0.2152  17.4768   0.0000   0.0000   0.0000
    6024   3.5552   0.9813  17.4989   0.0000   0.0000   0.0000
    6025   3.9118   0.7122  17.4511   0.0000   0.0000   0.0000
    6026   3.6269   0.5902  17.3006   0.0000   0.0000   0.0000
    6027   3.5402   1.0380  16.8849   0.0000   0.0000   0.0000
    6028   3.0242   1.6414  17.1174   0.0000   0.0000   0.0000
    6029   3.4633   0.6669  16.9708   0.0000   0.0000   0.0000
    6030   3.1574   0.8837  16.7992   0.0000   0.0000   0.0000
    6031   3.3770   0.7624  17.2612   0.0000   0.0000   0.0000
    6032   3.9615   0.6864  16.8869   0.0000   0.0000   0.0000
    6033   3.9658   0.6891  17.0023   0.0000   0.0000   0.0000
    6034   3.4459   1.2978  16.6161   0.0000   0.0000   0.0000
    6035   4.0394   1.6347  16.6889   0.0000   0.0000   0.0000
    6036   3.3467   0.8159  16.9385   0.0000   0.0000   0.0000
    6037   3.8558   1.7279  16.4153   0.0000   0.0000   0.0000
    6038   3.8767   1.2425  17.2200   0.0000   0.0000   0.0000
    6039   4.3239   1.6575  17.4153   0.0000   0.0000   0.0000
    6040   3.2843   1.1711  16.7111   0.0000   0.0000   0.0000
    6041   3.3490   0.7658  16.6847   0.0000   0.0000   0.0000
    6042   3.6770   0.4788  16.8384   0.0000   0.0000   0.0000
    6043   3.0243   1.1680  17.4385   0.0000   0.0000   0.0000
    6044   2.5933   2.1233  16.3814   0.0000   0.0000   0.0000
    6045   3.3035   2.0242  17.1310   0.0000   0.0000   0.0000
    6046   2.9303   1.2047  16.9203   0.0000   0.0000   0.0000
    6047   2.8963   0.9220  17.3627   0.0000   0.0000   0.0000
    6048   2.7307   0.7868  17.7575   0.0000   0.0000   0.0000
    6049   2.8253   0.5313  17.8202   0.0000   0.0000   0.0000
    6050   3.2194   0.2491  17.8747   0.0000   0.0000   0.0000
    6051   3.9258   0.7910  17.3844   0.0000   0.0000   0.0000
    6052   3.7389   0.2810  17.4018   0.0000   0.0000   0.0000
    6053   3.0751   0.3311  18.0864   0.0000   0.0000   0.0000
    6054   3.6538   0.4642  17.6656   0.0000   0.0000   0.0000
    6055   3.4804   0.7524  16.8150   0.0000   0.0000   0.0000
    6056   3.7106   1.0302  16.8638   0.0000   0.0000   0.0000
    6057   4.0055   0.1826  17.1097   0.0000   0.0000   0.0000
    6058   3.6351   0.9721  16.8445   0.0000   0.0000   0.0000
    6059   3.8098   0.5968  17.4177   0.0000   0.0000   0.0000
    6060   3.5676   0.6772  16.9905   0.0000   0.0000   0.0000
    6061   3.8542   1.7256  16.8404   0.0000   0.0000   0.0000
    6062   2.9868   0.9497  17.1599   0.0000   0.0000   0.0000
    6063   3.5871   1.4258  16.0821   0.0000   0.0000   0.0000
    6064   3.9030   0.8302  16.1767   0.0000   0.0000   0.0000
    6065   3.1387   0.5489  16.7509   0.0000   0.0000   0.0000
    6066   4.0495   1.3189  16.1110   0.0000   0.0000   0.0000
    6067   3.6302   1.5200  15.4767   0.0000   0.0000   0.0000
    6068   3.1367   1.6431  15.9677   0.0000   0.0000   0.0000
    6069   4.9766   1.0816  16.0078   0.0000   0.0000   0.0000
    6070   3.8430   1.3367  16.2329   0.0000   0.0000   0.0000
    6071   4.4133   1.3912  15.7426   0.0000   0.0000   0.0000
    6072   4.7636   2.1265  15.8088   0.0000   0.0000   0.0000
    6073   3.4590   1.5169  16.6879   0.0000   0.0000   0.0000
    6074   3.0078   1.9275  16.0541   0.0000   0.0000   0.0000
    6075   2.9000   1.3215  16.7215   0.0000   0.0000   0.0000
    6076   3.8348   1.7688  16.3749   0.0000   0.0000   0.0000
    6077   2.9971   0.6234  16.0571   0.0000   0.0000   0.0000
    6078   2.7901   0.0714  16.2199   0.0000   0.0000   0.0000
    6079   3.1323   0.7625  15.4925   0.0000   0.0000   0.0000
    6080   3.0578   0.8605  15.6337   0.0000   0.0000   0.0000
    6081   3.3769  -0.1560  16.5318   0.0000   0.0000   0.0000
    6082   3.3315   0.4911  16.3518   0.0000   0.0000   0.0000
    6083   2.3721   0.4177  17.0147   0.0000   0.0000   0.0000
    6084   3.0823   0.7137  17.0476   0.0000   0.0000   0.0000
    6085   3.0751   0.8926  18.0269   0.0000   0.0000   0.0000
    6086   3.0508   0.9530  17.0266   0.0000   0.0000   0.0000
    6087   2.8758   0.1380  17.4942   0.0000   0.0000   0.0000
    6088   3.3798   0.2981  17.5664   0.0000   0.0000   0.0000
    6089   3.1067   1.1558  17.1024   0.0000   0.0000   0.0000
    6090   3.2662   1.2649  16.8603   0.0000   0.0000   0.0000
    6091   2.9776   1.9832  17.1305   0.0000   0.0000   0.0000
    6092   2.7954   1.5972  17.4530   0.0000   0.0000   0.0000
    6093   3.5700   1.5264  17.1403   0.0000   0.0000   0.0000
    6094   3.0350   2.1341  16.1533   0.0000   0.0000   0.0000
    6095   3.8959   1.4041  16.8054   0.0000   0.0000   0.0000
    6096   3.0433   0.7613  17.6214   0.0000   0.0000   0.0000
    6097   3.5282   1.1206  16.9665   0.0000   0.0000   0.0000
    6098   3.1922   1.6111  17.4808   0.0000   0.0000   0.0000
    6099   3.2438   1.3732  16.6495   0.0000   0.0000   0.0000
    6100   3.5142   0.8505  17.0462   0.0000   0.0000   0.0000
    6101   3.8823   0.9047  16.2034   0.0000   0.0000   0.0000
    6102   3.2740   1.3947  16.4576   0.0000   0.0000   0.0000
    6103   3.4251   1.6248  17.3460   0.0000   0.0000   0.0000
    6104   3.4757   1.3168  16.9829   0.0000   0.0000   0.0000
    6105   2.3819   2.2868  17.7292   0.0000   0.0000   0.0000
    6106   2.3390   1.3428  16.6315   0.0000   0.0000   0.0000
    6107   2.5216   1.9163  17.9254   0.0000   0.0000   0.0000
    6108   2.7329   1.3937  17.1442   0.0000   0.0000   0.0000
    6109   3.1302   1.9357  17.6682   0.0000   0.0000   0.0000
    6110   2.9731   1.5626  17.5000   0.0000   0.0000   0.0000
    6111   2.5663   1.0886  17.3298   0.0000   0.0000   0.0000
    6112   3.0898   0.7337  17.8129   0.0000   0.0000   0.0000
    6113   3.1481   1.2514  17.8298   0.0000   0.0000   0.0000
    6114   1.8404   0.9559  16.9580   0.0000   0.0000   0.0000
    6115   2.1032   0.2736  16.7411   0.0000   0.0000   0.0000
    6116   2.2909   1.2277  16.9800   0.0000   0.0000   0.0000
    6117   2.8140   1.3329  17.4767   0.0000   0.0000   0.0000
    6118   2.4081   0.3139  18.0898   0.0000   0.0000   0.0000
    6119   1.9903   0.5843  16.9568   0.0000   0.0000   0.0000
    6120   2.4729   1.0250  16.1925   0.0000   0.0000   0.0000
    6121   1.7909   0.2932  16.8255   0.0000   0.0000   0.0000
    6122   1.9905   0.3129  16.7639   0.0000   0.0000   0.0000
    6123   1.3650   0.3713  16.7142   0.0000   0.0000   0.0000
    6124   1.8150  -0.0153  16.9003   0.0000   0.0000   0.0000
    6125   1.8582   1.0361  16.3054   0.0000   0.0000   0.0000
    6126   1.4323  -0.0430  16.3100   0.0000   0.0000   0.0000
    6127   1.6832   0.5523  16.0659   0.0000   0.0000   0.0000
    6128   3.1538  -0.0051  16.4715   0.0000   0.0000   0.0000
    6129   2.6143   0.7376  16.4526   0.0000   0.0000   0.0000
    6130   3.6083   0.3103  16.3068   0.0000   0.0000   0.0000
    6131   3.3680   0.6101  17.2644   0.0000   0.0000   0.0000
    6132   3.2450   0.0649  16.9989   0.0000   0.0000   0.0000
    6133   3.1616  -0.0335  16.7799   0.0000   0.0000   0.0000
    6134   3.3326  -0.4190  17.2706   0.0000   0.0000   0.0000
    6135   3.3382   0.3918  17.1505   0.0000   0.0000   0.0000
    6136   3.2923   0.7159  16.5760   0.0000   0.0000   0.0000
    6137   2.0892   0.4436  16.8358   0.0000   0.0000   0.0000
    6138   3.6510   0.2398  17.3811   0.0000   0.0000   0.0000
    6139   3.3141   0.7689  16.9149   0.0000   0.0000   0.0000
    6140   2.5556   1.5226  17.3770   0.0000   0.0000   0.0000
    6141   2.4891   0.8372  17.3665   0.0000   0.0000   0.0000
    6142   3.0397   0.1321  16.9516   0.0000   0.0000   0.0000
    6143   2.7928   1.1910  16.5234   0.0000   0.0000   0.0000
    6144   2.8613   1.1274  16.9587   0.0000   0.0000   0.0000
    6145   3.3260   0.4141  17.0885   0.0000   0.0000   0.0000
    6146   2.2315   0.3001  17.3197   0.0000   0.0000   0.0000
    6147   2.7679   1.0772  17.3489   0.0000   0.0000   0.0000
    6148   2.8536   0.9242  18.2075   0.0000   0.0000   0.0000
    6149   3.4097   0.8915  18.0178   0.0000   0.0000   0.0000
    6150   3.4764   0.7063  18.3556   0.0000   0.0000   0.0000
    6151   3.7104   0.4709  17.6988   0.0000   0.0000   0.0000
    6152   3.0770   1.4930  17.2676   0.0000   0.0000   0.0000
    6153   3.0775   0.4745  18.2024   0.0000   0.0000   0.0000
    6154   1.8461   0.7775  16.9819   0.0000   0.0000   0.0000
    6155   1.5977   0.8398  17.1309   0.0000   0.0000   0.0000
    6156   1.9505   0.3661  16.7891   0.0000   0.0000   0.0000
    6157   2.9309   0.7130  16.6626   0.0000   0.0000   0.0000
    6158   2.8804   1.1330  16.1972   0.0000   0.0000   0.0000
    6159   2.4497   1.9775  16.7721   0.0000   0.0000   0.0000
    6160   2.2112   0.6259  16.7428   0.0000   0.0000   0.0000
    6161   3.2370   0.7123  17.0055   0.0000   0.0000   0.0000
    6162   2.7768   1.1855  16.5606   0.0000   0.0000   0.0000
    6163   3.2388   1.0616  17.3353   0.0000   0.0000   0.0000
    6164   3.3680   1.4955  17.4015   0.0000   0.0000   0.0000
    6165   2.6165   0.7294  17.1115   0.0000   0.0000   0.0000
    6166   2.4188   1.0047  16.5392   0.0000   0.0000   0.0000
    6167   2.3493   1.7446  17.4252   0.0000   0.0000   0.0000
    6168   2.8147   1.4619  17.7098   0.0000   0.0000   0.0000
    6169   3.3384   1.5361  17.8145   0.0000   0.0000   0.0000
    6170   2.1156   1.7480  16.8488   0.0000   0.0000   0.0000
    6171   2.2015   2.1656  16.7349   0.0000   0.0000   0.0000
    6172   2.3819   0.6147  17.5199   0.0000   0.0000   0.0000
    6173   1.6070  -0.0852  17.1966   0.0000   0.0000   0.0000
    6174   1.5405   0.1504  17.3661   0.0000   0.0000   0.0000
    6175   1.4221   0.2475  17.2538   0.0000   0.0000   0.0000
    6176   1.0524   0.3753  17.0867   0.0000   0.0000   0.0000
    6177   0.6774   0.5483  17.0017   0.0000   0.0000   0.0000
    6178   0.2877   0.6200  16.2691   0.0000   0.0000   0.0000
    6179   0.8710   0.2653  17.2123   0.0000   0.0000   0.0000
    6180   0.2134   0.4262  16.8770   0.0000   0.0000   0.0000
    6181   0.0107   0.3749  16.7453   0.0000   0.0000   0.0000
    6182   0.1062   0.2311  17.0973   0.0000   0.0000   0.0000
    6183   0.8891   0.4630  17.2958   0.0000   0.0000   0.0000
    6184   0.8496   0.9312  16.9298   0.0000   0.0000   0.0000
    6185   2.0147   1.4906  16.4837   0.0000   0.0000   0.0000
    6186   1.1730   1.6591  16.8734   0.0000   0.0000   0.0000
    6187   1.9244   1.0774  16.8182   0.0000   0.0000   0.0000
    6188   2.0185   1.2993  16.8327   0.0000   0.0000   0.0000
    6189   2.1828   0.5514  17.6909   0.0000   0.0000   0.0000
    6190   2.2282   0.9454  17.1895   0.0000   0.0000   0.0000
    6191   1.6389   0.3060  17.2590   0.0000   0.0000   0.0000
    6192   1.9486   0.4654  17.5666   0.0000   0.0000   0.0000
    6193   1.3785   0.8108  17.9288   0.0000   0.0000   0.0000
    6194   2.0768   0.8152  17.8980   0.0000   0.0000   0.0000
    6195   1.3256   1.4467  17.5738   0.0000   0.0000   0.0000
    6196   0.7708   1.0500  18.2042   0.0000   0.0000   0.0000
    6197   0.9127   0.8224  18.0536   0.0000   0.0000   0.0000
    6198   0.5299   1.7552  17.1343   0.0000   0.0000   0.0000
    6199   0.6015   1.9863  17.2067   0.0000   0.0000   0.0000
    6200   0.7414   1.6573  17.6303   0.0000   0.0000   0.0000
    6201  -0.0617   1.0589  17.4768   0.0000   0.0000   0.0000
    6202   0.3756   1.6982  16.6856   0.0000   0.0000   0.0000
    6203   0.5470   1.2928  17.4343   0.0000   0.0000   0.0000
    6204  -0.2264   2.1825  16.1291   0.0000   0.0000   0.0000
    6205   0.1415   1.2099  16.5527   0.0000   0.0000   0.0000
    6206   0.5954   1.3819  16.3383   0.0000   0.0000   0.0000
    6207   0.8203   1.5605  15.4357   0.0000   0.0000   0.0000
    6208   2.0437   1.4078  16.9059   0.0000   0.0000   0.0000
    6209   1.3700   2.2123  16.5545   0.0000   0.0000   0.0000
    6210   1.6856   1.5700  16.8856   0.0000   0.0000   0.0000
    6211   1.9846   1.7957  16.4646   0.0000   0.0000   0.0000
    6212   0.6412   2.3963  16.4595   0.0000   0.0000   0.0000
    6213   0.8893   1.9764  15.7931   0.0000   0.0000   0.0000
    6214   1.9596   1.6764  16.0569   0.0000   0.0000   0.0000
    6215   0.7402   2.1081  15.4922   0.0000   0.0000   0.0000
    6216  -0.1223   2.0663  15.9291   0.0000   0.0000   0.0000
    6217   0.4358   1.9766  15.7718   0.0000   0.0000   0.0000
    6218   0.9032   1.5650  15.8151   0.0000   0.0000   0.0000
    6219   0.7575   1.4571  16.3387   0.0000   0.0000   0.0000
    6220   1.0165   1.0754  16.0601   0.0000   0.0000   0.0000
    6221   1.1213   1.2044  17.0934   0.0000   0.0000   0.0000
    6222   1.2709   1.5567  17.3235   0.0000   0.0000   0.0000
    6223   2.0584   1.3406  17.1822   0.0000   0.0000   0.0000
    6224   1.7941   1.2930  17.3670   0.0000   0.0000   0.0000
    6225   1.9142   1.0573  17.2578   0.0000   0.0000   0.0000
    6226   1.7033   2.0282  17.3859   0.0000   0.0000   0.0000
    6227   1.2248   2.1107  17.6503   0.0000   0.0000   0.0000
    6228   1.6326   1.1120  16.9117   0.0000   0.0000   0.0000
    6229   2.1049   0.9811  16.5746   0.0000   0.0000   0.0000
    6230   1.5029   1.3523  16.2542   0.0000   0.0000   0.0000
    6231   1.9653   1.7727  16.8796   0.0000   0.0000   0.0000
    6232   1.5957   1.4899  16.6711   0.0000   0.0000   0.0000
    6233   1.1152   1.2336  16.7665   0.0000   0.0000   0.0000
    6234   1.6478   1.2270  15.7304   0.0000   0.0000   0.0000
    6235   1.0981   1.0407  16.6518   0.0000   0.0000   0.0000
    6236   1.4520   1.1372  16.4609   0.0000   0.0000   0.0000
    6237   0.9525   1.5887  17.0777   0.0000   0.0000   0.0000
    6238   0.7802   0.7726  16.6017   0.0000   0.0000   0.0000
    6239  -0.0964   0.8376  16.9651   0.0000   0.0000   0.0000
    6240   0.1900   1.8049  16.3659   0.0000   0.0000   0.0000
    6241   1.0591   1.4720  15.9499   0.0000   0.0000   0.0000
    6242   0.7105  -0.0764  15.4953   0.0000   0.0000   0.0000
    6243   1.1734   0.8090  15.2416   0.0000   0.0000   0.0000
    6244   1.1481   1.0479  15.2665   0.0000   0.0000   0.0000
    6245   1.2775   1.9125  14.6118   0.0000   0.0000   0.0000
    6246   1.1699   2.1225  14.8831   0.0000   0.0000   0.0000
    6247   1.1752   1.5525  15.5030   0.0000   0.0000   0.0000
    6248   0.7437   1.6126  14.5880   0.0000   0.0000   0.0000
    6249   0.7885   1.4121  14.6386   0.0000   0.0000   0.0000
    6250   0.5741   1.0794  14.1241   0.0000   0.0000   0.0000
    6251   0.7371   1.6878  13.8687   0.0000   0.0000   0.0000
    6252   0.7804   1.4903  14.0581   0.0000   0.0000   0.0000
    6253   0.5334  -0.1216  13.1948   0.0000   0.0000   0.0000
    6254   2.1175   0.4272  13.6664   0.0000   0.0000   0.0000
    6255   1.5371   0.1927  13.3946   0.0000   0.0000   0.0000
    6256   0.5725   0.3097  13.2317   0.0000   0.0000   0.0000
    6257   1.7954  -0.2751  13.3288   0.0000   0.0000   0.0000
    6258   0.4455   0.4664  13.1397   0.0000   0.0000   0.0000
    6259   2.0496   1.0777  13.6403   0.0000   0.0000   0.0000
    6260   1.1489   0.8052  13.7061   0.0000   0.0000   0.0000
    6261   2.6186   0.9566  13.7669   0.0000   0.0000   0.0000
    6262   2.4382   0.4621  13.8069   0.0000   0.0000   0.0000
    6263   2.3323   0.2111  14.4731   0.0000   0.0000   0.0000
    6264   1.9376   1.0184  13.8387   0.0000   0.0000   0.0000
    6265   2.8926   0.7401  14.2181   0.0000   0.0000   0.0000
    6266   2.5090   1.7258  14.2780   0.0000   0.0000   0.0000
    6267   2.0991   2.3095  14.5749   0.0000   0.0000   0.0000
    6268   2.3152   1.4006  14.4182   0.0000   0.0000   0.0000
    6269   1.6036   1.9455  14.5097   0.0000   0.0000   0.0000
    6270   1.8257   2.5297  14.1765   0.0000   0.0000   0.0000
    6271   1.7204   2.2981  13.9730   0.0000   0.0000   0.0000
    6272   2.7597   0.7597  13.6024   0.0000   0.0000   0.0000
    6273   2.6424   1.1393  14.4547   0.0000   0.0000   0.0000
    6274   2.4588   2.0398  13.5702   0.0000   0.0000   0.0000
    6275   2.7435   1.0880  13.6959   0.0000   0.0000   0.0000
    6276   2.4522   1.6399  14.0124   0.0000   0.0000   0.0000
    6277   2.9906   2.0044  13.7630   0.0000   0.0000   0.0000
    6278   2.5338   0.7846  13.6885   0.0000   0.0000   0.0000
    6279   2.3317   1.1212  13.7065   0.0000   0.0000   0.0000
    6280   2.1290   1.2145  14.0101   0.0000   0.0000   0.0000
    6281   2.6062   1.4064  13.4119   0.0000   0.0000   0.0000
    6282   2.7368   1.4392  14.2452   0.0000   0.0000   0.0000
    6283   3.4610   1.8202  14.3423   0.0000   0.0000   0.0000
    6284   3.2890   2.3301  13.8785   0.0000   0.0000   0.0000
    6285   3.1868   1.9215  13.7344   0.0000   0.0000   0.0000
    6286   3.0694   1.8351  13.4041   0.0000   0.0000   0.0000
    6287   3.2852   1.6953  12.9526   0.0000   0.0000   0.0000
    6288   2.7565   1.1798  13.8489   0.0000   0.0000   0.0000
    6289   3.6382   2.2380  13.5656   0.0000   0.0000   0.0000
    6290   3.3464   1.9462  13.6155   0.0000   0.0000   0.0000
    6291   2.3873   1.7497  13.6117   0.0000   0.0000   0.0000
    6292   3.4700   2.0634  13.8750   0.0000   0.0000   0.0000
    6293   2.8505   2.3562  14.1624   0.0000   0.0000   0.0000
    6294   2.7959   2.6826  14.0363   0.0000   0.0000   0.0000
    6295   3.6626   1.8314  15.2628   0.0000   0.0000   0.0000
    6296   2.8834   3.0993  15.2638   0.0000   0.0000   0.0000
    6297   3.2693   2.0537  15.0910   0.0000   0.0000   0.0000
    6298   2.6655   1.1904  15.0157   0.0000   0.0000   0.0000
    6299   2.9107   1.2941  15.1395   0.0000   0.0000   0.0000
    6300   3.1330   1.5318  15.0098   0.0000   0.0000   0.0000
    6301   3.4315   2.3289  15.3670   0.0000   0.0000   0.0000
    6302   3.2996   1.5349  15.0396   0.0000   0.0000   0.0000
    6303   2.5420   1.3524  14.9737   0.0000   0.0000   0.0000
    6304   2.7697   2.3385  14.6546   0.0000   0.0000   0.0000
    6305   2.6352   2.0817  14.7598   0.0000   0.0000   0.0000
    6306   2.3767   1.8660  14.9204   0.0000   0.0000   0.0000
    6307   2.6826   1.9671  14.5637   0.0000   0.0000   0.0000
    6308   1.9087   2.1944  14.6701   0.0000   0.0000   0.0000
    6309   2.7244   1.5594  15.4223   0.0000   0.0000   0.0000
    6310   2.9280   1.8769  15.4587   0.0000   0.0000   0.0000
    6311   3.1797   1.4102  16.1966   0.0000   0.0000   0.0000
    6312   3.4441   1.8258  15.5096   0.0000   0.0000   0.0000
    6313   3.8785   1.9318  15.8857   0.0000   0.0000   0.0000
    6314   3.7334   2.4654  15.8067   0.0000   0.0000   0.0000
    6315   3.2804   2.9286  15.7341   0.0000   0.0000   0.0000
    6316   2.5101   3.5462  15.9822   0.0000   0.0000   0.0000
    6317   2.3773   2.6789  16.7276   0.0000   0.0000   0.0000
    6318   2.5963   2.4700  16.5433   0.0000   0.0000   0.0000
    6319   2.7580   2.9012  16.3672   0.0000   0.0000   0.0000
    6320   3.0441   3.4317  16.0076   0.0000   0.0000   0.0000
    6321   2.7077   3.0135  16.9034   0.0000   0.0000   0.0000
    6322   3.0802   3.1242  16.8304   0.0000   0.0000   0.0000
    6323   2.5334   1.9560  17.2762   0.0000   0.0000   0.0000
    6324   2.0820   2.1189  17.5608   0.0000   0.0000   0.0000
    6325   2.1628   2.2285  17.7102   0.0000   0.0000   0.0000
    6326   2.6117   2.0462  16.6386   0.0000   0.0000   0.0000
    6327   2.3563   1.5839  16.4544   0.0000   0.0000   0.0000
    6328   1.9820   1.9837  16.5229   0.0000   0.0000   0.0000
    6329   2.5705   1.6752  16.7613   0.0000   0.0000   0.0000
    6330   2.6758   1.1772  15.7798   0.0000   0.0000   0.0000
    6331   2.6065   1.2586  16.2106   0.0000   0.0000   0.0000
    6332   2.7884   0.4176  16.8206   0.0000   0.0000   0.0000
    6333   2.4578   0.7505  16.4283   0.0000   0.0000   0.0000
    6334   2.7937   0.8392  16.4981   0.0000   0.0000   0.0000
    6335   2.5908   0.6074  16.3216   0.0000   0.0000   0.0000
    6336   2.1589   1.5623  16.5730   0.0000   0.0000   0.0000
    6337   2.0853   0.9157  16.3360   0.0000   0.0000   0.0000
    6338   1.9262   0.7825  17.1868   0.0000   0.0000   0.0000
    6339   2.4976   1.7236  16.7643   0.0000   0.0000   0.0000
    6340   2.1812   1.9579  16.9890   0.0000   0.0000   0.0000
    6341   1.9371   1.2310  17.0195   0.0000   0.0000   0.0000
    6342   2.1262   1.0927  16.7366   0.0000   0.0000   0.0000
    6343   2.3524   1.9732  16.7942   0.0000   0.0000   0.0000
    6344   2.7659   1.0971  17.1360   0.0000   0.0000   0.0000
    6345   2.8908   1.6089  17.4548   0.0000   0.0000   0.0000
    6346   2.7306   1.9913  16.7501   0.0000   0.0000   0.0000
    6347   2.8724   1.5745  17.7677   0.0000   0.0000   0.0000
    6348   2.1414   2.3254  17.6573   0.0000   0.0000   0.0000
    6349   1.8376   0.6915  17.1103   0.0000   0.0000   0.0000
    6350   1.5990   1.5841  16.0504   0.0000   0.0000   0.0000
    6351   1.6895   2.0169  16.9452   0.0000   0.0000   0.0000
    6352   1.8430   1.1179  16.5950   0.0000   0.0000   0.0000
    6353   2.2633   2.0105  17.1188   0.0000   0.0000   0.0000
    6354   2.4138   1.8182  17.1322   0.0000   0.0000   0.0000
    6355   1.3540   1.3257  16.6234   0.0000   0.0000   0.0000
    6356   0.4433   1.2633  16.5966   0.0000   0.0000   0.0000
    6357   1.2401   2.1719  16.5044   0.0000   0.0000   0.0000
    6358   0.9715   1.9069  16.9584   0.0000   0.0000   0.0000
    6359   1.8187   1.5914  15.8155   0.0000   0.0000   0.0000
    6360   1.1005   1.4959  15.7330   0.0000   0.0000   0.0000
    6361   0.7187   1.3461  15.9414   0.0000   0.0000   0.0000
    6362   0.0360   2.0528  16.4807   0.0000   0.0000   0.0000
    6363   1.6187   1.4625  15.6772   0.0000   0.0000   0.0000
    6364   1.0223   2.3009  16.1269   0.0000   0.0000   0.0000
    6365   1.6263   1.7493  14.8758   0.0000   0.0000   0.0000
    6366   0.8104   1.6514  15.0405   0.0000   0.0000   0.0000
    6367   1.3163   1.6203  15.0975   0.0000   0.0000   0.0000
    6368   1.5359   1.9124  14.9341   0.0000   0.0000   0.0000
    6369   2.1993   1.9671  15.3061   0.0000   0.0000   0.0000
    6370   0.7960   1.6698  15.2913   0.0000   0.0000   0.0000
    6371   2.1842   1.2744  15.4716   0.0000   0.0000   0.0000
    6372   1.2178   1.7875  15.3692   0.0000   0.0000   0.0000
    6373   1.7480   1.9559  15.2864   0.0000   0.0000   0.0000
    6374   1.3985   2.0971  14.8170   0.0000   0.0000   0.0000
    6375   0.6133   2.4725  14.8781   0.0000   0.0000   0.0000
    6376   0.4848   0.9699  14.5392   0.0000   0.0000   0.0000
    6377   0.4084   2.1130  14.5411   0.0000   0.0000   0.0000
    6378   1.9861   1.2744  15.3017   0.0000   0.0000   0.0000
    6379   0.6678   2.2435  14.6052   0.0000   0.0000   0.0000
    6380  -0.0776   2.3038  15.1624   0.0000   0.0000   0.0000
    6381  -0.3411   0.8839  14.9771   0.0000   0.0000   0.0000
    6382   0.3556   1.0831  14.8218   0.0000   0.0000   0.0000
    6383   1.4283   1.2750  14.9571   0.0000   0.0000   0.0000
    6384   1.7807   0.6024  14.3051   0.0000   0.0000   0.0000
    6385   0.8674   1.0896  15.3867   0.0000   0.0000   0.0000
    6386   0.0941   0.9160  16.1361   0.0000   0.0000   0.0000
    6387   1.4613   0.6679  16.4410   0.0000   0.0000   0.0000
    6388   0.4593   0.5823  16.5485   0.0000   0.0000   0.0000
    6389   0.9334   0.6766  16.1579   0.0000   0.0000   0.0000
    6390   1.6061   1.3575  15.3866   0.0000   0.0000   0.0000
    6391   1.0390   1.6245  15.6417   0.0000   0.0000   0.0000
    6392   0.7710   1.7303  14.9970   0.0000   0.0000   0.0000
    6393   0.3128   1.7753  15.3456   0.0000   0.0000   0.0000
    6394  -0.0140   1.3958  15.3053   0.0000   0.0000   0.0000
    6395   1.1264   1.3090  15.7899   0.0000   0.0000   0.0000
    6396   0.6888   1.4613  15.5711   0.0000   0.0000   0.0000
    6397   0.3635   1.5119  15.0913   0.0000   0.0000   0.0000
    6398   1.2113   0.7111  15.6304   0.0000   0.0000   0.0000
    6399   0.3875   1.6857  16.0374   0.0000   0.0000   0.0000
    6400   0.2911   2.8502  15.5036   0.0000   0.0000   0.0000
    6401   1.7836   2.0607  15.6757   0.0000   0.0000   0.0000
    6402   1.0651   1.8476  15.2193   0.0000   0.0000   0.0000
    6403   1.6105   2.7455  15.3714   0.0000   0.0000   0.0000
    6404   1.2429   3.0843  14.7749   0.0000   0.0000   0.0000
    6405   1.6178   2.4899  14.6850   0.0000   0.0000   0.0000
    6406   0.7660   1.7284  15.0109   0.0000   0.0000   0.0000
    6407   1.6779   2.2306  15.7359   0.0000   0.0000   0.0000
    6408   1.6186   2.4268  15.1230   0.0000   0.0000   0.0000
    6409   1.0254   2.3528  14.5521   0.0000   0.0000   0.0000
    6410   1.6240   1.9645  13.8667   0.0000   0.0000   0.0000
    6411   1.5612   2.3966  15.3647   0.0000   0.0000   0.0000
    6412   0.5610   1.6249  15.6146   0.0000   0.0000   0.0000
    6413   1.4878   1.2167  16.1322   0.0000   0.0000   0.0000
    6414   1.2602   1.4573  15.9175   0.0000   0.0000   0.0000
    6415   1.4513   1.3220  15.8182   0.0000   0.0000   0.0000
    6416   1.1334   1.4373  15.1156   0.0000   0.0000   0.0000
    6417   1.1024   1.7642  14.9075   0.0000   0.0000   0.0000
    6418   1.9982   1.7240  14.5237   0.0000   0.0000   0.0000
    6419   1.7714   2.8728  14.3122   0.0000   0.0000   0.0000
    6420   1.8728   2.2842  14.3589   0.0000   0.0000   0.0000
    6421   2.7067   2.8114  14.6857   0.0000   0.0000   0.0000
    6422   2.0008   2.2858  15.1551   0.0000   0.0000   0.0000
    6423   1.9691   3.8277  15.1535   0.0000   0.0000   0.0000
    6424   2.1251   2.6446  15.2635   0.0000   0.0000   0.0000
    6425   1.4014   2.8165  14.7792   0.0000   0.0000   0.0000
    6426   1.5618   4.3722  14.5445   0.0000   0.0000   0.0000
    6427  -0.0367   3.3335  14.2708   0.0000   0.0000   0.0000
    6428  -0.2307   3.6691  14.7094   0.0000   0.0000   0.0000
    6429   1.1236   2.7197  14.8467   0.0000   0.0000   0.0000
    6430   1.5098   2.4096  14.8482   0.0000   0.0000   0.0000
    6431   1.5673   1.6327  15.3392   0.0000   0.0000   0.0000
    6432   1.9402   1.5378  16.1937   0.0000   0.0000   0.0000
    6433   1.5252   2.9041  14.9168   0.0000   0.0000   0.0000
    6434   1.9870   2.1921  15.6781   0.0000   0.0000   0.0000
    6435   2.1755   1.8257  16.0420   0.0000   0.0000   0.0000
    6436   1.7581   2.2618  15.4909   0.0000   0.0000   0.0000
    6437   1.4469   1.0464  15.8894   0.0000   0.0000   0.0000
    6438   1.6851   1.9968  15.9548   0.0000   0.0000   0.0000
    6439   0.3382   2.1421  15.3902   0.0000   0.0000   0.0000
    6440   0.3151   1.1995  15.6289   0.0000   0.0000   0.0000
    6441   1.2956   1.5545  15.1209   0.0000   0.0000   0.0000
    6442   0.6973   2.0442  14.9960   0.0000   0.0000   0.0000
    6443   0.7496   2.2123  14.8500   0.0000   0.0000   0.0000
    6444   0.8225   1.8841  14.7702   0.0000   0.0000   0.0000
    6445   1.1910   1.3997  15.1302   0.0000   0.0000   0.0000
    6446   0.2710   1.2134  14.8450   0.0000   0.0000   0.0000
    6447   0.3404   2.1392  15.1651   0.0000   0.0000   0.0000
    6448   0.4049   1.1381  15.8187   0.0000   0.0000   0.0000
    6449   0.8228   1.6688  15.5426   0.0000   0.0000   0.0000
    6450  -0.0118   0.7883  16.1148   0.0000   0.0000   0.0000
    6451   0.7692   0.9725  15.9644   0.0000   0.0000   0.0000
    6452   1.3183   1.2461  15.6056   0.0000   0.0000   0.0000
    6453   0.9339   1.8768  15.2357   0.0000   0.0000   0.0000
    6454   1.5841   1.8644  14.9146   0.0000   0.0000   0.0000
    6455   2.0184   1.4127  15.5440   0.0000   0.0000   0.0000
    6456   1.5276   1.0817  15.8328   0.0000   0.0000   0.0000
    6457   1.4266   1.3515  14.9558   0.0000   0.0000   0.0000
    6458   1.1830   1.6935  14.9528   0.0000   0.0000   0.0000
    6459   0.8522   1.4330  15.3395   0.0000   0.0000   0.0000
    6460   1.2939   1.4228  15.5604   0.0000   0.0000   0.0000
    6461   0.9620   2.6992  14.7524   0.0000   0.0000   0.0000
    6462   0.4979   2.2470  14.0489   0.0000   0.0000   0.0000
    6463   2.0475   2.8144  14.0973   0.0000   0.0000   0.0000
    6464   2.3519   2.1338  14.2944   0.0000   0.0000   0.0000
    6465   2.3079   1.4613  13.6740   0.0000   0.0000   0.0000
    6466   1.9846   1.3550  14.1022   0.0000   0.0000   0.0000
    6467   1.2680   1.0764  14.2210   0.0000   0.0000   0.0000
    6468   2.4737   2.2518  13.8889   0.0000   0.0000   0.0000
    6469   2.4378   1.6445  13.8229   0.0000   0.0000   0.0000
    6470   2.2246   1.3606  13.8688   0.0000   0.0000   0.0000
    6471   1.8398   1.5261  13.7974   0.0000   0.0000   0.0000
    6472   1.5397   1.3956  12.8609   0.0000   0.0000   0.0000
    6473   1.3246   1.6261  13.3896   0.0000   0.0000   0.0000
    6474   1.0036   1.2199  13.0104   0.0000   0.0000   0.0000
    6475   0.1071   1.4623  14.1087   0.0000   0.0000   0.0000
    6476   1.4056   1.8035  14.0253   0.0000   0.0000   0.0000
    6477   1.2347   1.2067  13.8545   0.0000   0.0000   0.0000
    6478   1.2044   1.0347  13.0274   0.0000   0.0000   0.0000
    6479   1.2218   1.4595  13.5281   0.0000   0.0000   0.0000
    6480   1.5274   1.4509  13.4279   0.0000   0.0000   0.0000
    6481   1.2029   1.7801  14.7456   0.0000   0.0000   0.0000
    6482   0.3855   3.1066  13.4781   0.0000   0.0000   0.0000
    6483   1.9971   2.3762  14.1418   0.0000   0.0000   0.0000
    6484   1.4732   2.5964  13.4803   0.0000   0.0000   0.0000
    6485   1.1011   2.7628  14.0157   0.0000   0.0000   0.0000
    6486   0.5603   1.6075  13.5746   0.0000   0.0000   0.0000
    6487   1.7536   2.4393  14.1180   0.0000   0.0000   0.0000
    6488   1.8239   2.5897  14.0911   0.0000   0.0000   0.0000
    6489   1.7748   2.9137  13.7782   0.0000   0.0000   0.0000
    6490   2.4461   2.8246  13.1504   0.0000   0.0000   0.0000
    6491   1.6076   3.3642  12.6916   0.0000   0.0000   0.0000
    6492   2.3718   3.4934  13.6829   0.0000   0.0000   0.0000
    6493   1.8096   3.5015  13.7020   0.0000   0.0000   0.0000
    6494   1.9220   3.6456  12.5640   0.0000   0.0000   0.0000
    6495   1.1111   3.7162  13.9298   0.0000   0.0000   0.0000
    6496   0.8397   3.8720  14.3692   0.0000   0.0000   0.0000
    6497   1.9163   3.3089  14.5681   0.0000   0.0000   0.0000
    6498   1.9354   3.0311  14.8931   0.0000   0.0000   0.0000
    6499   2.3022   2.7402  14.1689   0.0000   0.0000   0.0000
    6500   1.5592   2.8237  14.7521   0.0000   0.0000   0.0000
    6501   1.5041   2.5821  14.5590   0.0000   0.0000   0.0000
    6502   1.5039   4.3849  14.0901   0.0000   0.0000   0.0000
    6503   0.9416   3.3188  14.6076   0.0000   0.0000   0.0000
    6504   1.7211   2.9393  15.3679   0.0000   0.0000   0.0000
    6505   1.8363   2.9809  14.6438   0.0000   0.0000   0.0000
    6506   2.1585   2.4972  14.5691   0.0000   0.0000   0.0000
    6507   2.6682   3.6472  14.7645   0.0000   0.0000   0.0000
    6508   2.0043   3.5710  15.7694   0.0000   0.0000   0.0000
    6509   2.2011   2.4701  15.5264   0.0000   0.0000   0.0000
    6510   1.1666   2.8309  15.4572   0.0000   0.0000   0.0000
    6511   0.2809   2.5213  15.2543   0.0000   0.0000   0.0000
    6512   0.3541   2.6275  15.2103   0.0000   0.0000   0.0000
    6513   1.1079   3.0885  14.9969   0.0000   0.0000   0.0000
    6514   0.7584   1.9864  16.1036   0.0000   0.0000   0.0000
    6515  -0.1203   3.3531  14.1664   0.0000   0.0000   0.0000
    6516   1.2257   2.7649  15.0640   0.0000   0.0000   0.0000
    6517   1.2304   2.9048  14.4973   0.0000   0.0000   0.0000
    6518   0.2827   2.0985  14.5552   0.0000   0.0000   0.0000
    6519  -0.2879   2.6843  14.5655   0.0000   0.0000   0.0000
    6520   0.3301   2.6562  14.7761   0.0000   0.0000   0.0000
    6521  -0.3857   2.5729  15.0505   0.0000   0.0000   0.0000
    6522  -0.1231   3.1210  15.3631   0.0000   0.0000   0.0000
    6523   0.5916   2.9845  15.8859   0.0000   0.0000   0.0000
    6524   0.0553   3.3943  14.9736   0.0000   0.0000   0.0000
    6525   0.1891   4.3661  14.8668   0.0000   0.0000   0.0000
    6526   0.7095   3.5956  15.6903   0.0000   0.0000   0.0000
    6527   0.4246   3.4486  15.4189   0.0000   0.0000   0.0000
    6528  -0.2471   3.4162  15.6887   0.0000   0.0000   0.0000
    6529   0.4186   2.9179  15.6477   0.0000   0.0000   0.0000
    6530   0.0811   4.0053  15.4259   0.0000   0.0000   0.0000
    6531   0.6412   3.9927  15.1232   0.0000   0.0000   0.0000
    6532   0.7177   2.9169  15.7778   0.0000   0.0000   0.0000
    6533   0.4738   3.7318  15.7663   0.0000   0.0000   0.0000
    6534   0.7351   4.0209  15.8529   0.0000   0.0000   0.0000
    6535   0.5140   2.9411  16.7110   0.0000   0.0000   0.0000
    6536   0.8562   2.2350  16.6486   0.0000   0.0000   0.0000
    6537   0.8624   2.7509  16.3846   0.0000   0.0000   0.0000
    6538  -0.2623   1.9470  16.5539   0.0000   0.0000   0.0000
    6539   0.3978   2.9587  17.0499   0.0000   0.0000   0.0000
    6540  -0.1282   2.6866  16.6161   0.0000   0.0000   0.0000
    6541   0.7428   3.8058  16.4325   0.0000   0.0000   0.0000
    6542   1.8439   3.0921  15.5731   0.0000   0.0000   0.0000
    6543   0.5981   2.6865  15.5919   0.0000   0.0000   0.0000
    6544   1.2481   2.4546  17.5094   0.0000   0.0000   0.0000
    6545   0.9919   2.8793  16.2715   0.0000   0.0000   0.0000
    6546   0.9502   2.6603  16.3422   0.0000   0.0000   0.0000
    6547   1.7733   2.1746  15.9006   0.0000   0.0000   0.0000
    6548   1.2178   2.7698  15.0615   0.0000   0.0000   0.0000
    6549   1.0373   2.3244  15.8229   0.0000   0.0000   0.0000
    6550   1.3043   3.3398  15.8091   0.0000   0.0000   0.0000
    6551   1.4216   3.4805  15.0350   0.0000   0.0000   0.0000
    6552   1.0058   4.5374  15.7737   0.0000   0.0000   0.0000
    6553  -0.2196   3.7440  15.2630   0.0000   0.0000   0.0000
    6554   0.9293   3.3876  15.8625   0.0000   0.0000   0.0000
    6555   0.3035   3.8291  15.8208   0.0000   0.0000   0.0000
    6556   1.4357   3.4832  15.4485   0.0000   0.0000   0.0000
    6557   0.3104   3.4235  15.2004   0.0000   0.0000   0.0000
    6558   0.1657   3.6321  16.1302   0.0000   0.0000   0.0000
    6559   0.0133   4.2983  14.9085   0.0000   0.0000   0.0000
    6560   0.8031   3.9926  14.5575   0.0000   0.0000   0.0000
    6561   1.3793   3.2651  15.5057   0.0000   0.0000   0.0000
    6562   0.8388   3.5867  15.0407   0.0000   0.0000   0.0000
    6563   1.6748   3.2836  15.4528   0.0000   0.0000   0.0000
    6564   1.9834   2.9662  15.5898   0.0000   0.0000   0.0000
    6565   1.0948   2.1517  14.8816   0.0000   0.0000   0.0000
    6566   2.0512   2.5633  14.4793   0.0000   0.0000   0.0000
    6567   2.9491   1.3387  15.1095   0.0000   0.0000   0.0000
    6568   2.1033   3.1876  14.4845   0.0000   0.0000   0.0000
    6569   2.5213   3.6762  14.4586   0.0000   0.0000   0.0000
    6570   2.5082   3.8447  14.7679   0.0000   0.0000   0.0000
    6571   2.0030   3.7755  14.2246   0.0000   0.0000   0.0000
    6572   1.9490   3.5290  15.1719   0.0000   0.0000   0.0000
    6573   1.7010   3.2771  15.0023   0.0000   0.0000   0.0000
    6574   2.3120   3.9353  15.2775   0.0000   0.0000   0.0000
    6575   1.7734   4.2665  14.7130   0.0000   0.0000   0.0000
    6576   1.8696   4.3643  15.0187   0.0000   0.0000   0.0000
    6577   1.5373   4.8422  14.1765   0.0000   0.0000   0.0000
    6578   1.8990   5.1834  14.3987   0.0000   0.0000   0.0000
    6579   1.3425   5.5875  14.1745   0.0000   0.0000   0.0000
    6580   1.4866   5.4312  14.6876   0.0000   0.0000   0.0000
    6581   1.8583   4.6686  14.4690   0.0000   0.0000   0.0000
    6582   1.2709   3.9471  14.9290   0.0000   0.0000   0.0000
    6583   1.4077   4.2906  15.3229   0.0000   0.0000   0.0000
    6584   1.9954   4.4791  15.8239   0.0000   0.0000   0.0000
    6585   2.1471   4.2241  15.6500   0.0000   0.0000   0.0000
    6586   0.7664   4.2752  15.6597   0.0000   0.0000   0.0000
    6587   1.6033   4.6172  15.7596   0.0000   0.0000   0.0000
    6588   1.6739   4.7777  15.5868   0.0000   0.0000   0.0000
    6589   2.5922   4.7971  15.5881   0.0000   0.0000   0.0000
    6590   0.9312   4.7552  15.4700   0.0000   0.0000   0.0000
    6591   1.7716   4.0573  16.1984   0.0000   0.0000   0.0000
    6592   1.0974   3.7895  15.8945   0.0000   0.0000   0.0000
    6593   2.1505   3.9829  15.6443   0.0000   0.0000   0.0000
    6594   1.8702   3.6539  15.5876   0.0000   0.0000   0.0000
    6595   2.0854   3.6990  16.2803   0.0000   0.0000   0.0000
    6596   2.7695   3.9634  16.1577   0.0000   0.0000   0.0000
    6597   2.0122   4.6022  15.5674   0.0000   0.0000   0.0000
    6598   1.5290   4.3956  15.8796   0.0000   0.0000   0.0000
    6599   1.7090   4.1525  15.5238   0.0000   0.0000   0.0000
    6600   2.0432   4.6974  15.2989   0.0000   0.0000   0.0000
    6601   1.5524   4.3194  15.9761   0.0000   0.0000   0.0000
    6602   2.3178   3.5364  14.9667   0.0000   0.0000   0.0000
    6603   3.0697   5.1551  15.5062   0.0000   0.0000   0.0000
    6604   1.7991   5.1042  15.7212   0.0000   0.0000   0.0000
    6605   1.3188   5.8539  15.1286   0.0000   0.0000   0.0000
    6606   0.9050   5.8101  14.9541   0.0000   0.0000   0.0000
    6607   1.6604   5.2849  15.7914   0.0000   0.0000   0.0000
    6608   1.4126   5.3627  15.6355   0.0000   0.0000   0.0000
    6609   2.3220   5.8325  15.5637   0.0000   0.0000   0.0000
    6610   0.5512   5.5525  15.4972   0.0000   0.0000   0.0000
    6611   1.1508   5.6392  15.9703   0.0000   0.0000   0.0000
    6612   0.5317   5.9719  15.4756   0.0000   0.0000   0.0000
    6613   1.0774   5.1040  15.8503   0.0000   0.0000   0.0000
    6614   1.4560   5.0200  15.3885   0.0000   0.0000   0.0000
    6615   0.4300   4.7524  15.5641   0.0000   0.0000   0.0000
    6616   2.1789   5.5154  15.5519   0.0000   0.0000   0.0000
    6617   1.9029   5.5961  15.5732   0.0000   0.0000   0.0000
    6618   1.8248   6.3401  15.4359   0.0000   0.0000   0.0000
    6619   1.3535   5.1308  15.1936   0.0000   0.0000   0.0000
    6620   1.0654   5.6524  16.3144   0.0000   0.0000   0.0000
    6621   0.8335   5.9994  16.0574   0.0000   0.0000   0.0000
    6622   0.8873   6.1082  15.5666   0.0000   0.0000   0.0000
    6623   1.7906   5.4835  16.1836   0.0000   0.0000   0.0000
    6624   0.9303   5.2703  15.6719   0.0000   0.0000   0.0000
    6625   1.5876   5.5807  15.9151   0.0000   0.0000   0.0000
    6626   2.3700   4.4635  15.6591   0.0000   0.0000   0.0000
    6627   2.5056   5.4743  15.2459   0.0000   0.0000   0.0000
    6628   1.8428   4.7309  15.6847   0.0000   0.0000   0.0000
    6629   2.2299   4.7461  15.1677   0.0000   0.0000   0.0000
    6630   2.7458   4.3196  15.2501   0.0000   0.0000   0.0000
    6631   3.3557   4.6366  15.1075   0.0000   0.0000   0.0000
    6632   2.4772   4.7801  15.2331   0.0000   0.0000   0.0000
    6633   3.4402   3.7688  16.1228   0.0000   0.0000   0.0000
    6634   2.8899   4.0974  15.0516   0.0000   0.0000   0.0000
    6635   2.5095   3.7405  14.7757   0.0000   0.0000   0.0000
    6636   2.3389   3.4599  15.5447   0.0000   0.0000   0.0000
    6637   1.3926   3.2984  15.4049   0.0000   0.0000   0.0000
    6638   2.5398   3.1510  16.7611   0.0000   0.0000   0.0000
    6639   2.1606   4.2760  16.7324   0.0000   0.0000   0.0000
    6640   2.1827   3.4383  17.2468   0.0000   0.0000   0.0000
    6641   2.6970   3.3812  16.7820   0.0000   0.0000   0.0000
    6642   1.4960   3.9323  17.0105   0.0000   0.0000   0.0000
    6643   1.2493   4.1177  16.5488   0.0000   0.0000   0.0000
    6644   2.7489   4.2501  16.2285   0.0000   0.0000   0.0000
    6645   2.6103   4.4178  15.8130   0.0000   0.0000   0.0000
    6646   2.2148   4.4429  16.0619   0.0000   0.0000   0.0000
    6647   2.1012   4.0526  16.3736   0.0000   0.0000   0.0000
    6648   1.8935   3.5981  16.0637   0.0000   0.0000   0.0000
    6649   0.9568   2.9742  15.3964   0.0000   0.0000   0.0000
    6650   1.0264   2.4060  15.8236   0.0000   0.0000   0.0000
    6651   2.1407   3.1441  14.4616   0.0000   0.0000   0.0000
    6652   1.4705   3.2915  14.2667   0.0000   0.0000   0.0000
    6653   2.2899   2.9262  14.3737   0.0000   0.0000   0.0000
    6654   2.0332   3.2876  14.6309   0.0000   0.0000   0.0000
    6655   2.4203   2.6383  16.1313   0.0000   0.0000   0.0000
    6656   3.1441   3.4001  14.9847   0.0000   0.0000   0.0000
    6657   3.0219   2.3361  15.6340   0.0000   0.0000   0.0000
    6658   2.5655   3.2387  15.8300   0.0000   0.0000   0.0000
    6659   1.4264   3.3772  14.9322   0.0000   0.0000   0.0000
    6660   2.6429   3.1547  15.5817   0.0000   0.0000   0.0000
    6661   2.7525   3.4139  15.0472   0.0000   0.0000   0.0000
    6662   2.6535   2.7814  15.8187   0.0000   0.0000   0.0000
    6663   2.7634   3.3322  15.6201   0.0000   0.0000   0.0000
    6664   1.9064   3.2089  15.7481   0.0000   0.0000   0.0000
    6665   3.7782   3.3735  16.0495   0.0000   0.0000   0.0000
    6666   3.5666   3.2764  15.4277   0.0000   0.0000   0.0000
    6667   3.1068   1.8106  15.9296   0.0000   0.0000   0.0000
    6668   2.8314   3.1269  15.9921   0.0000   0.0000   0.0000
    6669   2.4022   2.7389  15.6834   0.0000   0.0000   0.0000
    6670   2.1805   2.6749  16.5915   0.0000   0.0000   0.0000
    6671   3.0066   1.9134  16.1720   0.0000   0.0000   0.0000
    6672   3.5041   1.9192  16.6138   0.0000   0.0000   0.0000
    6673   3.7737   1.3118  15.8192   0.0000   0.0000   0.0000
    6674   2.9843   1.5471  16.4232   0.0000   0.0000   0.0000
    6675   3.1260   1.9251  16.2276   0.0000   0.0000   0.0000
    6676   4.1494   2.4486  16.0451   0.0000   0.0000   0.0000
    6677   3.7051   2.8979  15.6169   0.0000   0.0000   0.0000
    6678   3.9874   1.8397  15.2889   0.0000   0.0000   0.0000
    6679   4.2627   2.4664  15.8957   0.0000   0.0000   0.0000
    6680   3.7962   3.3482  16.3367   0.0000   0.0000   0.0000
    6681   4.0928   3.4261  16.8086   0.0000   0.0000   0.0000
    6682   3.8801   2.4584  16.3520   0.0000   0.0000   0.0000
    6683   3.0518   3.3154  16.7235   0.0000   0.0000   0.0000
    6684   2.9964   3.9574  16.8412   0.0000   0.0000   0.0000
    6685   4.5654   2.5791  16.8156   0.0000   0.0000   0.0000
    6686   3.7755   3.7908  16.7506   0.0000   0.0000   0.0000
    6687   4.1710   3.6440  16.6905   0.0000   0.0000   0.0000
    6688   3.4133   3.5371  17.2643   0.0000   0.0000   0.0000
    6689   4.2761   3.8067  16.9654   0.0000   0.0000   0.0000
    6690   3.4435   2.5797  16.5881   0.0000   0.0000   0.0000
    6691   3.9749   3.1359  16.6714   0.0000   0.0000   0.0000
    6692   4.8760   3.5706  17.2804   0.0000   0.0000   0.0000
    6693   3.9594   3.2176  16.9923   0.0000   0.0000   0.0000
    6694   3.6791   3.3382  16.9288   0.0000   0.0000   0.0000
    6695   3.0352   3.9152  16.3273   0.0000   0.0000   0.0000
    6696   3.6249   2.8136  16.9486   0.0000   0.0000   0.0000
    6697   3.7507   3.2582  17.3559   0.0000   0.0000   0.0000
    6698   3.7661   4.1974  16.5056   0.0000   0.0000   0.0000
    6699   2.3687   3.6624  16.1708   0.0000   0.0000   0.0000
    6700   3.6638   4.1366  16.2860   0.0000   0.0000   0.0000
    6701   3.2820   4.5262  15.7032   0.0000   0.0000   0.0000
    6702   2.8848   4.4897  15.7281   0.0000   0.0000   0.0000
    6703   3.4036   4.5583  15.9426   0.0000   0.0000   0.0000
    6704   3.0092   5.1797  16.2807   0.0000   0.0000   0.0000
    6705   2.9185   5.2546  17.0060   0.0000   0.0000   0.0000
    6706   3.3785   4.7900  15.7072   0.0000   0.0000   0.0000
    6707   3.0041   5.0820  16.0398   0.0000   0.0000   0.0000
    6708   2.5107   4.4404  15.5539   0.0000   0.0000   0.0000
    6709   2.5958   4.2446  15.8561   0.0000   0.0000   0.0000
    6710   3.5621   5.1530  16.1112   0.0000   0.0000   0.0000
    6711   3.5152   4.8295  16.3209   0.0000   0.0000   0.0000
    6712   2.7012   5.7534  16.4604   0.0000   0.0000   0.0000
    6713   2.8581   5.4730  16.7385   0.0000   0.0000   0.0000
    6714   3.0530   4.9359  15.9628   0.0000   0.0000   0.0000
    6715   2.4132   5.4212  16.2760   0.0000   0.0000   0.0000
    6716   1.6989   6.0527  16.8095   0.0000   0.0000   0.0000
    6717   2.3602   5.6037  16.2126   0.0000   0.0000   0.0000
    6718   2.6139   6.1399  15.7640   0.0000   0.0000   0.0000
    6719   3.2705   5.9825  15.9402   0.0000   0.0000   0.0000
    6720   4.2864   5.5184  15.5954   0.0000   0.0000   0.0000
    6721   3.6257   5.0217  15.5934   0.0000   0.0000   0.0000
    6722   1.8056   4.9238  16.3107   0.0000   0.0000   0.0000
    6723   2.7580   4.6759  15.7508   0.0000   0.0000   0.0000
    6724   2.9862   5.1512  16.5170   0.0000   0.0000   0.0000
    6725   3.1370   4.8837  16.1093   0.0000   0.0000   0.0000
    6726   4.6464   5.2547  15.1119   0.0000   0.0000   0.0000
    6727   3.0178   4.4532  15.2986   0.0000   0.0000   0.0000
    6728   3.2856   4.8004  15.6969   0.0000   0.0000   0.0000
    6729   2.9846   4.5250  15.9700   0.0000   0.0000   0.0000
    6730   4.0682   4.3557  15.1398   0.0000   0.0000   0.0000
    6731   3.8030   4.4911  16.2406   0.0000   0.0000   0.0000
    6732   4.0361   4.5438  16.5016   0.0000   0.0000   0.0000
    6733   3.3979   4.3507  15.8966   0.0000   0.0000   0.0000
    6734   4.3213   4.5050  15.0334   0.0000   0.0000   0.0000
    6735   3.9682   4.3708  15.2273   0.0000   0.0000   0.0000
    6736   3.5980   4.7031  15.7569   0.0000   0.0000   0.0000
    6737   3.1522   4.4492  16.4026   0.0000   0.0000   0.0000
    6738   3.9486   3.9962  16.3222   0.0000   0.0000   0.0000
    6739   4.2660   4.2923  15.0297   0.0000   0.0000   0.0000
    6740   3.6044   4.4381  15.5442   0.0000   0.0000   0.0000
    6741   4.0033   5.0632  15.3703   0.0000   0.0000   0.0000
    6742   4.7108   5.6110  15.6673   0.0000   0.0000   0.0000
    6743   3.8319   4.6018  16.2790   0.0000   0.0000   0.0000
    6744   5.0499   4.3070  16.2382   0.0000   0.0000   0.0000
    6745   3.7294   5.2074  15.4212   0.0000   0.0000   0.0000
    6746   4.6257   4.5844  15.9574   0.0000   0.0000   0.0000
    6747   3.7000   6.0363  15.0999   0.0000   0.0000   0.0000
    6748   4.0210   5.0753  15.6833   0.0000   0.0000   0.0000
    6749   5.6821   4.5126  16.0310   0.0000   0.0000   0.0000
    6750   5.4220   4.5090  15.5210   0.0000   0.0000   0.0000
    6751   5.3166   4.8503  16.6049   0.0000   0.0000   0.0000
    6752   5.3773   4.4350  16.5971   0.0000   0.0000   0.0000
    6753   4.2029   3.9679  15.9601   0.0000   0.0000   0.0000
    6754   4.5703   4.7213  15.6816   0.0000   0.0000   0.0000
    6755   4.8902   3.9935  16.5003   0.0000   0.0000   0.0000
    6756   4.8361   4.0912  16.6334   0.0000   0.0000   0.0000
    6757   6.1607   4.9985  16.1825   0.0000   0.0000   0.0000
    6758   5.8885   4.6977  16.0473   0.0000   0.0000   0.0000
    6759   4.7647   5.2252  16.2553   0.0000   0.0000   0.0000
    6760   5.3997   4.4180  16.7979   0.0000   0.0000   0.0000
    6761   5.6486   4.8234  15.7336   0.0000   0.0000   0.0000
    6762   5.3391   4.2095  15.4739   0.0000   0.0000   0.0000
    6763   5.1982   3.8381  15.3080   0.0000   0.0000   0.0000
    6764   5.8284   3.8133  15.3585   0.0000   0.0000   0.0000
    6765   5.6908   3.0638  16.0251   0.0000   0.0000   0.0000
    6766   4.9447   2.8822  15.4532   0.0000   0.0000   0.0000
    6767   5.4023   3.4526  15.0648   0.0000   0.0000   0.0000
    6768   6.2865   3.2866  14.5251   0.0000   0.0000   0.0000
    6769   5.2369   2.9087  14.7910   0.0000   0.0000   0.0000
    6770   4.9423   3.2516  14.4731   0.0000   0.0000   0.0000
    6771   5.1474   3.4391  14.7822   0.0000   0.0000   0.0000
    6772   5.0022   3.1223  14.0341   0.0000   0.0000   0.0000
    6773   4.7511   3.3512  13.5440   0.0000   0.0000   0.0000
    6774   4.1137   3.3429  12.6892   0.0000   0.0000   0.0000
    6775   5.4645   3.8161  13.3403   0.0000   0.0000   0.0000
    6776   5.0352   3.5603  13.2415   0.0000   0.0000   0.0000
    6777   5.4609   3.2377  13.4735   0.0000   0.0000   0.0000
    6778   5.9756   3.2534  13.6916   0.0000   0.0000   0.0000
    6779   5.1945   3.3957  12.8999   0.0000   0.0000   0.0000
    6780   4.6647   3.6127  13.7026   0.0000   0.0000   0.0000
    6781   4.1810   3.6192  12.5417   0.0000   0.0000   0.0000
    6782   3.8191   3.9910  13.2297   0.0000   0.0000   0.0000
    6783   4.7381   3.0906  13.0371   0.0000   0.0000   0.0000
    6784   4.8991   3.9392  12.3910   0.0000   0.0000   0.0000
    6785   5.3009   3.6640  12.5202   0.0000   0.0000   0.0000
    6786   4.3553   3.3184  13.3238   0.0000   0.0000   0.0000
    6787   5.2343   3.3626  12.8517   0.0000   0.0000   0.0000
    6788   4.9606   4.1600  13.0995   0.0000   0.0000   0.0000
    6789   4.7817   3.3405  13.3900   0.0000   0.0000   0.0000
    6790   4.4743   4.5141  13.7685   0.0000   0.0000   0.0000
    6791   6.2718   4.0260  13.3439   0.0000   0.0000   0.0000
    6792   4.9056   3.0907  13.8649   0.0000   0.0000   0.0000
    6793   5.2844   4.4044  13.5628   0.0000   0.0000   0.0000
    6794   4.8661   4.2275  13.7513   0.0000   0.0000   0.0000
    6795   5.0738   4.1554  12.8960   0.0000   0.0000   0.0000
    6796   5.0529   4.5165  12.1196   0.0000   0.0000   0.0000
    6797   4.3790   4.6905  12.5650   0.0000   0.0000   0.0000
    6798   4.8655   4.3754  13.0675   0.0000   0.0000   0.0000
    6799   3.8095   4.2128  12.8046   0.0000   0.0000   0.0000
    6800   4.4033   4.3731  12.9696   0.0000   0.0000   0.0000
    6801   3.9927   5.1175  12.2113   0.0000   0.0000   0.0000
    6802   4.2158   4.1264  12.9856   0.0000   0.0000   0.0000
    6803   3.8759   5.3204  12.7660   0.0000   0.0000   0.0000
    6804   5.1043   5.1100  12.4414   0.0000   0.0000   0.0000
    6805   5.2328   4.8020  13.2002   0.0000   0.0000   0.0000
    6806   4.8564   5.1575  13.4263   0.0000   0.0000   0.0000
    6807   5.4544   5.4339  12.7992   0.0000   0.0000   0.0000
    6808   4.6521   4.7406  12.2331   0.0000   0.0000   0.0000
    6809   4.9840   4.9048  11.2382   0.0000   0.0000   0.0000
    6810   4.9754   4.5916  12.0487   0.0000   0.0000   0.0000
    6811   5.4899   4.2471  12.3644   0.0000   0.0000   0.0000
    6812   4.9451   4.9942  12.5145   0.0000   0.0000   0.0000
    6813   5.4845   3.9935  13.2168   0.0000   0.0000   0.0000
    6814   4.9282   4.9187  13.1008   0.0000   0.0000   0.0000
    6815   5.6156   4.1688  13.1147   0.0000   0.0000   0.0000
    6816   5.0303   5.0026  12.9992   0.0000   0.0000   0.0000
    6817   4.8629   4.6725  12.7931   0.0000   0.0000   0.0000
    6818   5.0663   4.2935  13.0687   0.0000   0.0000   0.0000
    6819   5.5559   4.8487  13.7616   0.0000   0.0000   0.0000
    6820   5.0060   4.8607  13.5615   0.0000   0.0000   0.0000
    6821   5.3787   5.6777  13.0141   0.0000   0.0000   0.0000
    6822   5.3080   4.5080  12.8249   0.0000   0.0000   0.0000
    6823   5.6677   4.3337  12.7864   0.0000   0.0000   0.0000
    6824   5.7624   4.7503  13.7787   0.0000   0.0000   0.0000
    6825   5.4029   4.6180  13.9151   0.0000   0.0000   0.0000
    6826   4.4577   3.1644  12.7128   0.0000   0.0000   0.0000
    6827   5.0536   4.1560  13.3084   0.0000   0.0000   0.0000
    6828   4.8918   3.2576  13.0831   0.0000   0.0000   0.0000
    6829   4.8395   4.0148  12.2404   0.0000   0.0000   0.0000
    6830   5.0943   4.9802  13.3727   0.0000   0.0000   0.0000
    6831   5.4783   5.2270  13.9184   0.0000   0.0000   0.0000
    6832   4.3878   5.7129  13.4862   0.0000   0.0000   0.0000
    6833   5.3203   5.0596  13.5527   0.0000   0.0000   0.0000
    6834   4.7925   4.2321  13.3250   0.0000   0.0000   0.0000
    6835   5.4664   4.9483  13.5363   0.0000   0.0000   0.0000
    6836   5.8481   4.6716  14.1323   0.0000   0.0000   0.0000
    6837   5.0113   4.9705  13.4973   0.0000   0.0000   0.0000
    6838   5.5181   3.2687  13.8063   0.0000   0.0000   0.0000
    6839   5.2266   2.9189  13.8990   0.0000   0.0000   0.0000
    6840   5.7477   3.8362  13.7080   0.0000   0.0000   0.0000
    6841   6.0165   3.4788  14.4866   0.0000   0.0000   0.0000
    6842   5.2082   3.7568  14.8056   0.0000   0.0000   0.0000
    6843   6.1562   3.8635  14.2862   0.0000   0.0000   0.0000
    6844   5.1976   3.1571  14.5576   0.0000   0.0000   0.0000
    6845   5.1752   2.9258  13.9943   0.0000   0.0000   0.0000
    6846   5.5371   2.7500  14.2801   0.0000   0.0000   0.0000
    6847   4.8902   3.7567  13.8947   0.0000   0.0000   0.0000
    6848   4.4099   3.4089  13.4195   0.0000   0.0000   0.0000
    6849   4.8823   3.0058  12.4997   0.0000   0.0000   0.0000
    6850   4.6027   3.5619  13.5431   0.0000   0.0000   0.0000
    6851   5.1218   4.1305  13.1350   0.0000   0.0000   0.0000
    6852   4.5720   3.1920  13.3420   0.0000   0.0000   0.0000
    6853   4.5903   3.2991  13.6728   0.0000   0.0000   0.0000
    6854   4.3574   3.5713  14.1252   0.0000   0.0000   0.0000
    6855   4.5821   3.3263  13.8848   0.0000   0.0000   0.0000
    6856   3.9893   2.7752  13.5331   0.0000   0.0000   0.0000
    6857   4.9295   2.8604  13.2414   0.0000   0.0000   0.0000
    6858   5.3516   2.4499  13.8874   0.0000   0.0000   0.0000
    6859   4.7997   1.8643  14.1526   0.0000   0.0000   0.0000
    6860   5.3000   2.8167  14.5797   0.0000   0.0000   0.0000
    6861   5.0120   3.5316  13.5197   0.0000   0.0000   0.0000
    6862   5.1091   3.2755  13.1688   0.0000   0.0000   0.0000
    6863   5.8176   3.0824  12.9336   0.0000   0.0000   0.0000
    6864   6.2495   2.8229  12.4982   0.0000   0.0000   0.0000
    6865   5.7018   2.9178  13.2608   0.0000   0.0000   0.0000
    6866   5.9574   4.1625  13.9393   0.0000   0.0000   0.0000
    6867   5.3540   3.3708  13.2084   0.0000   0.0000   0.0000
    6868   5.4639   3.8976  13.7275   0.0000   0.0000   0.0000
    6869   4.9397   3.8148  13.9397   0.0000   0.0000   0.0000
    6870   5.2809   3.2474  13.7321   0.0000   0.0000   0.0000
    6871   5.4573   3.3173  13.7274   0.0000   0.0000   0.0000
    6872   4.8634   3.6763  13.4430   0.0000   0.0000   0.0000
    6873   5.2581   3.5356  13.5252   0.0000   0.0000   0.0000
    6874   4.2178   3.9739  13.1892   0.0000   0.0000   0.0000
    6875   4.7557   4.0009  14.0623   0.0000   0.0000   0.0000
    6876   4.8992   4.5087  13.3731   0.0000   0.0000   0.0000
    6877   3.5567   4.2648  12.9216   0.0000   0.0000   0.0000
    6878   3.8288   4.6165  13.7387   0.0000   0.0000   0.0000
    6879   3.4110   4.1937  13.0735   0.0000   0.0000   0.0000
    6880   4.0856   3.7042  13.2278   0.0000   0.0000   0.0000
    6881   4.3262   4.4244  13.5607   0.0000   0.0000   0.0000
    6882   3.9007   5.0271  12.4261   0.0000   0.0000   0.0000
    6883   3.9442   6.0472  14.0177   0.0000   0.0000   0.0000
    6884   3.7340   6.0777  12.2749   0.0000   0.0000   0.0000
    6885   4.8122   5.6837  12.7939   0.0000   0.0000   0.0000
    6886   3.8104   5.3689  12.8985   0.0000   0.0000   0.0000
    6887   2.9308   6.0807  13.3732   0.0000   0.0000   0.0000
    6888   4.1067   4.4113  13.6746   0.0000   0.0000   0.0000
    6889   4.7440   4.4693  13.9899   0.0000   0.0000   0.0000
    6890   4.1559   5.0666  13.5614   0.0000   0.0000   0.0000
    6891   4.4228   3.9664  13.0286   0.0000   0.0000   0.0000
    6892   3.8358   3.9260  13.6772   0.0000   0.0000   0.0000
    6893   3.5662   4.2640  13.6310   0.0000   0.0000   0.0000
    6894   3.5131   3.9568  13.9564   0.0000   0.0000   0.0000
    6895   3.6632   4.5687  14.0864   0.0000   0.0000   0.0000
    6896   3.3497   4.5076  14.6062   0.0000   0.0000   0.0000
    6897   2.6719   4.3876  14.5305   0.0000   0.0000   0.0000
    6898   4.3794   4.7164  14.9429   0.0000   0.0000   0.0000
    6899   4.3270   4.1554  14.8442   0.0000   0.0000   0.0000
    6900   4.2776   3.5912  15.2839   0.0000   0.0000   0.0000
    6901   3.9152   3.7746  14.8900   0.0000   0.0000   0.0000
    6902   4.3786   3.4614  14.4502   0.0000   0.0000   0.0000
    6903   5.2166   3.6534  14.1391   0.0000   0.0000   0.0000
    6904   6.2717   3.6511  13.9130   0.0000   0.0000   0.0000
    6905   4.8756   3.8730  14.0031   0.0000   0.0000   0.0000
    6906   4.9156   4.3666  14.0053   0.0000   0.0000   0.0000
    6907   4.5693   5.4302  14.3955   0.0000   0.0000   0.0000
    6908   4.4382   4.4162  14.0407   0.0000   0.0000   0.0000
    6909   4.3890   4.3685  14.5283   0.0000   0.0000   0.0000
    6910   4.0019   4.5588  14.6882   0.0000   0.0000   0.0000
    6911   3.8504   4.6215  14.4230   0.0000   0.0000   0.0000
    6912   4.0667   4.8372  14.8763   0.0000   0.0000   0.0000
    6913   3.6459   5.1671  15.4328   0.0000   0.0000   0.0000
    6914   3.3143   4.5763  15.4637   0.0000   0.0000   0.0000
    6915   2.8996   4.0408  15.8963   0.0000   0.0000   0.0000
    6916   3.2056   5.2657  15.4470   0.0000   0.0000   0.0000
    6917   3.9822   5.3960  14.7981   0.0000   0.0000   0.0000
    6918   3.4762   5.5226  14.1203   0.0000   0.0000   0.0000
    6919   4.1711   4.4882  15.0736   0.0000   0.0000   0.0000
    6920   4.6456   5.6135  15.2497   0.0000   0.0000   0.0000
    6921   3.6541   5.4278  14.7493   0.0000   0.0000   0.0000
    6922   3.9065   5.4992  15.5983   0.0000   0.0000   0.0000
    6923   4.1812   6.4957  15.1833   0.0000   0.0000   0.0000
    6924   4.1659   6.4576  15.4528   0.0000   0.0000   0.0000
    6925   3.9580   5.6748  15.1093   0.0000   0.0000   0.0000
    6926   3.9657   5.9391  15.9126   0.0000   0.0000   0.0000
    6927   4.2126   6.0474  15.2959   0.0000   0.0000   0.0000
    6928   4.7343   5.4594  15.8985   0.0000   0.0000   0.0000
    6929   4.3030   5.2662  16.1147   0.0000   0.0000   0.0000
    6930   4.7658   4.5162  16.2741   0.0000   0.0000   0.0000
    6931   4.8561   5.3893  15.8555   0.0000   0.0000   0.0000
    6932   4.3192   5.4419  15.2663   0.0000   0.0000   0.0000
    6933   4.8089   4.5506  15.4212   0.0000   0.0000   0.0000
    6934   5.0028   5.1205  15.0613   0.0000   0.0000   0.0000
    6935   4.8122   5.6186  15.8557   0.0000   0.0000   0.0000
    6936   5.3459   5.4072  16.1459   0.0000   0.0000   0.0000
    6937   4.4393   5.2449  16.0545   0.0000   0.0000   0.0000
    6938   4.8539   5.9779  16.0824   0.0000   0.0000   0.0000
    6939   4.2822   5.5820  15.2377   0.0000   0.0000   0.0000
    6940   3.6382   6.1672  15.1814   0.0000   0.0000   0.0000
    6941   4.1300   6.7506  15.4874   0.0000   0.0000   0.0000
    6942   4.3316   6.5998  16.7356   0.0000   0.0000   0.0000
    6943   4.7108   6.2280  16.3190   0.0000   0.0000   0.0000
    6944   3.7303   5.6227  16.3057   0.0000   0.0000   0.0000
    6945   4.4622   5.6305  16.6412   0.0000   0.0000   0.0000
    6946   4.1511   5.9581  15.5734   0.0000   0.0000   0.0000
    6947   3.4125   5.5161  15.7364   0.0000   0.0000   0.0000
    6948   3.4923   5.9781  15.7881   0.0000   0.0000   0.0000
    6949   3.8499   5.5156  15.0658   0.0000   0.0000   0.0000
    6950   3.8432   6.3046  15.8025   0.0000   0.0000   0.0000
    6951   3.2213   6.4192  15.7588   0.0000   0.0000   0.0000
    6952   3.7360   6.0733  14.5664   0.0000   0.0000   0.0000
    6953   3.3709   5.7050  15.1848   0.0000   0.0000   0.0000
    6954   3.4819   5.8551  15.3761   0.0000   0.0000   0.0000
    6955   4.1860   5.5726  16.0298   0.0000   0.0000   0.0000
    6956   3.8940   6.4508  15.3988   0.0000   0.0000   0.0000
    6957   3.4780   5.4525  15.1729   0.0000   0.0000   0.0000
    6958   3.3431   5.8112  14.7496   0.0000   0.0000   0.0000
    6959   4.4532   5.6702  15.8677   0.0000   0.0000   0.0000
    6960   4.4155   5.8150  14.6219   0.0000   0.0000   0.0000
    6961   4.4921   5.6576  14.6817   0.0000   0.0000   0.0000
    6962   4.4330   5.7467  15.0657   0.0000   0.0000   0.0000
    6963   4.3786   5.8480  15.1260   0.0000   0.0000   0.0000
    6964   4.5383   5.4814  15.5883   0.0000   0.0000   0.0000
    6965   4.4750   6.0487  14.6898   0.0000   0.0000   0.0000
    6966   4.5014   5.4683  15.0390   0.0000   0.0000   0.0000
    6967   4.0075   4.7712  15.0048   0.0000   0.0000   0.0000
    6968   3.5530   5.4629  14.8815   0.0000   0.0000   0.0000
    6969   4.6951   4.5949  15.0006   0.0000   0.0000   0.0000
    6970   4.4905   5.8914  15.0453   0.0000   0.0000   0.0000
    6971   4.2824   5.8721  14.9929   0.0000   0.0000   0.0000
    6972   4.2467   6.2172  14.2622   0.0000   0.0000   0.0000
    6973   4.1070   5.6039  15.5058   0.0000   0.0000   0.0000
    6974   4.1270   5.5422  15.1491   0.0000   0.0000   0.0000
    6975   4.4169   5.3710  15.1548   0.0000   0.0000   0.0000
    6976   4.7950   5.8217  14.8223   0.0000   0.0000   0.0000
    6977   4.5375   4.7933  15.3965   0.0000   0.0000   0.0000
    6978   4.8044   5.7402  14.9244   0.0000   0.0000   0.0000
    6979   4.2124   5.7937  15.6419   0.0000   0.0000   0.0000
    6980   3.6144   5.5417  15.0692   0.0000   0.0000   0.0000
    6981   3.7365   5.4968  15.1746   0.0000   0.0000   0.0000
    6982   4.6760   5.6821  15.6656   0.0000   0.0000   0.0000
    6983   4.2904   4.7566  15.6687   0.0000   0.0000   0.0000
    6984   3.5823   4.6844  15.3141   0.0000   0.0000   0.0000
    6985   4.0499   4.0660  15.6074   0.0000   0.0000   0.0000
    6986   4.0204   4.1437  15.7588   0.0000   0.0000   0.0000
    6987   3.4981   4.0915  16.3370   0.0000   0.0000   0.0000
    6988   2.5360   4.6065  15.5011   0.0000   0.0000   0.0000
    6989   3.5593   4.4201  16.3326   0.0000   0.0000   0.0000
    6990   3.5992   4.8816  16.0935   0.0000   0.0000   0.0000
    6991   4.5752   5.3561  15.3637   0.0000   0.0000   0.0000
    6992   4.6837   5.2401  15.9582   0.0000   0.0000   0.0000
    6993   4.2837   5.2851  16.2564   0.0000   0.0000   0.0000
    6994   4.6241   4.6592  16.6228   0.0000   0.0000   0.0000
    6995   4.2894   4.5772  16.6833   0.0000   0.0000   0.0000
    6996   5.0347   4.7363  17.0295   0.0000   0.0000   0.0000
    6997   4.0421   5.2640  16.3509   0.0000   0.0000   0.0000
    6998   4.1923   5.5235  16.1611   0.0000   0.0000   0.0000
    6999   5.1220   5.0533  17.1838   0.0000   0.0000   0.0000
    7000   5.0158   5.4356  16.0664   0.0000   0.0000   0.0000
    7001   4.1218   5.7887  15.4037   0.0000   0.0000   0.0000
    7002   4.0873   6.0000  14.8139   0.0000   0.0000   0.0000
    7003   3.2821   6.4592  15.3084   0.0000   0.0000   0.0000
    7004   3.5507   5.0751  14.6786   0.0000   0.0000   0.0000
    7005   2.4423   5.2082  15.0691   0.0000   0.0000   0.0000
    7006   3.1032   5.2562  14.2342   0.0000   0.0000   0.0000
    7007   3.1533   5.2272  14.3160   0.0000   0.0000   0.0000
    7008   2.8050   6.8773  14.3737   0.0000   0.0000   0.0000
    7009   4.5991   6.7705  14.9471   0.0000   0.0000   0.0000
    7010   4.0148   7.0806  14.6684   0.0000   0.0000   0.0000
    7011   4.4663   6.3025  14.3224   0.0000   0.0000   0.0000
    7012   3.8232   6.9231  14.5442   0.0000   0.0000   0.0000
    7013   3.7786   6.6099  14.7058   0.0000   0.0000   0.0000
    7014   3.7995   7.3193  15.3906   0.0000   0.0000   0.0000
    7015   4.4757   6.4189  15.5819   0.0000   0.0000   0.0000
    7016   3.1648   6.6485  14.7672   0.0000   0.0000   0.0000
    7017   3.2964   7.2852  14.8397   0.0000   0.0000   0.0000
    7018   3.6805   6.0399  15.0873   0.0000   0.0000   0.0000
    7019   3.5491   6.5930  14.1535   0.0000   0.0000   0.0000
    7020   4.4915   6.5333  15.2370   0.0000   0.0000   0.0000
    7021   4.5650   7.3554  14.8700   0.0000   0.0000   0.0000
    7022   3.9217   7.5597  14.6994   0.0000   0.0000   0.0000
    7023   3.2357   7.3480  14.4839   0.0000   0.0000   0.0000
    7024   3.6282   6.5913  15.4377   0.0000   0.0000   0.0000
    7025   3.4324   7.0418  14.6731   0.0000   0.0000   0.0000
    7026   4.2927   7.1065  15.0608   0.0000   0.0000   0.0000
    7027   3.8172   6.8683  14.9964   0.0000   0.0000   0.0000
    7028   3.9823   7.1349  14.9424   0.0000   0.0000   0.0000
    7029   4.4031   6.7637  14.7103   0.0000   0.0000   0.0000
    7030   4.6216   6.8571  15.0746   0.0000   0.0000   0.0000
    7031   3.9989   6.5813  14.8827   0.0000   0.0000   0.0000
    7032   4.0037   7.2734  15.0189   0.0000   0.0000   0.0000
    7033   5.2126   6.8490  15.7828   0.0000   0.0000   0.0000
    7034   5.7934   6.9441  15.5496   0.0000   0.0000   0.0000
    7035   5.3558   6.3948  15.4779   0.0000   0.0000   0.0000
    7036   4.4610   6.5104  14.8556   0.0000   0.0000   0.0000
    7037   4.7765   6.8302  14.3033   0.0000   0.0000   0.0000
    7038   5.3565   6.1541  14.2621   0.0000   0.0000   0.0000
    7039   4.6951   6.5763  14.3591   0.0000   0.0000   0.0000
    7040   4.4643   6.5541  15.1292   0.0000   0.0000   0.0000
    7041   4.9925   6.3456  14.4917   0.0000   0.0000   0.0000
    7042   5.3926   5.9219  14.4160   0.0000   0.0000   0.0000
    7043   4.9754   5.7092  14.9612   0.0000   0.0000   0.0000
    7044   4.6519   5.9924  14.2838   0.0000   0.0000   0.0000
    7045   5.0199   6.3330  14.5976   0.0000   0.0000   0.0000
    7046   4.4649   6.2922  14.0868   0.0000   0.0000   0.0000
    7047   5.4545   6.6634  14.3403   0.0000   0.0000   0.0000
    7048   5.5783   6.3076  15.1243   0.0000   0.0000   0.0000
    7049   5.4614   5.7674  15.6078   0.0000   0.0000   0.0000
    7050   4.3890   5.6123  15.4015   0.0000   0.0000   0.0000
    7051   4.7246   6.1877  15.1869   0.0000   0.0000   0.0000
    7052   4.4353   6.0625  14.7374   0.0000   0.0000   0.0000
    7053   4.4206   5.6996  14.3451   0.0000   0.0000   0.0000
    7054   4.4276   6.1438  15.0162   0.0000   0.0000   0.0000
    7055   5.2761   5.7958  14.4430   0.0000   0.0000   0.0000
    7056   4.7259   5.9618  13.8122   0.0000   0.0000   0.0000
    7057   5.2515   5.8099  14.3822   0.0000   0.0000   0.0000
    7058   4.6852   5.7807  15.2297   0.0000   0.0000   0.0000
    7059   4.2660   5.0469  14.9169   0.0000   0.0000   0.0000
    7060   4.3902   5.7022  15.2066   0.0000   0.0000   0.0000
    7061   3.7173   5.6997  15.4995   0.0000   0.0000   0.0000
    7062   3.2918   5.9780  14.8584   0.0000   0.0000   0.0000
    7063   3.6470   5.6293  15.0579   0.0000   0.0000   0.0000
    7064   3.9232   5.0878  15.1054   0.0000   0.0000   0.0000
    7065   2.7706   5.2029  14.7173   0.0000   0.0000   0.0000
    7066   4.2763   4.9213  15.5873   0.0000   0.0000   0.0000
    7067   4.7774   5.1515  15.5631   0.0000   0.0000   0.0000
    7068   4.1458   5.2704  15.2790   0.0000   0.0000   0.0000
    7069   3.5519   6.6674  15.8389   0.0000   0.0000   0.0000
    7070   4.2674   6.5101  15.4462   0.0000   0.0000   0.0000
    7071   4.6562   6.4627  15.5176   0.0000   0.0000   0.0000
    7072   4.2086   6.4842  14.4825   0.0000   0.0000   0.0000
    7073   4.3453   6.7477  13.9459   0.0000   0.0000   0.0000
    7074   3.4200   6.7599  14.3029   0.0000   0.0000   0.0000
    7075   3.7802   6.6439  14.2586   0.0000   0.0000   0.0000
    7076   3.9293   7.6512  14.4296   0.0000   0.0000   0.0000
    7077   4.1917   6.2330  14.7813   0.0000   0.0000   0.0000
    7078   4.2253   6.6725  15.7511   0.0000   0.0000   0.0000
    7079   3.9486   6.1409  15.2394   0.0000   0.0000   0.0000
    7080   4.3682   6.3351  15.7098   0.0000   0.0000   0.0000
    7081   3.4521   7.0342  15.0046   0.0000   0.0000   0.0000
    7082   3.9509   6.8959  15.2434   0.0000   0.0000   0.0000
    7083   3.9111   6.4613  14.7327   0.0000   0.0000   0.0000
    7084   3.6747   5.8253  14.8718   0.0000   0.0000   0.0000
    7085   3.9889   6.2581  15.7989   0.0000   0.0000   0.0000
    7086   4.0129   6.3185  15.5214   0.0000   0.0000   0.0000
    7087   3.7537   6.1712  15.4969   0.0000   0.0000   0.0000
    7088   4.1325   5.8436  15.1897   0.0000   0.0000   0.0000
    7089   4.4003   6.0088  14.9814   0.0000   0.0000   0.0000
    7090   3.2062   6.0342  14.9495   0.0000   0.0000   0.0000
    7091   2.9824   5.1860  15.7298   0.0000   0.0000   0.0000
    7092   3.7186   6.5239  14.7640   0.0000   0.0000   0.0000
    7093   3.3928   5.1283  14.9149   0.0000   0.0000   0.0000
    7094   3.8348   5.7677  14.6019   0.0000   0.0000   0.0000
    7095   3.8812   5.2753  16.0568   0.0000   0.0000   0.0000
    7096   3.7272   5.2276  15.8337   0.0000   0.0000   0.0000
    7097   3.7604   5.7824  16.1904   0.0000   0.0000   0.0000
    7098   4.7475   5.5308  15.3061   0.0000   0.0000   0.0000
    7099   5.1093   5.9350  16.3925   0.0000   0.0000   0.0000
    7100   4.3620   5.5691  16.5775   0.0000   0.0000   0.0000
    7101   4.5102   6.8666  15.6395   0.0000   0.0000   0.0000
    7102   3.9885   5.9359  15.6097   0.0000   0.0000   0.0000
    7103   4.5956   5.9184  15.4886   0.0000   0.0000   0.0000
    7104   4.3542   5.6176  15.9270   0.0000   0.0000   0.0000
    7105   3.2890   5.6988  15.4781   0.0000   0.0000   0.0000
    7106   4.5543   6.2236  14.9304   0.0000   0.0000   0.0000
    7107   5.0641   4.8522  15.6558   0.0000   0.0000   0.0000
    7108   4.4808   4.8407  15.5819   0.0000   0.0000   0.0000
    7109   3.6929   4.6119  16.4298   0.0000   0.0000   0.0000
    7110   4.1017   4.7158  16.1271   0.0000   0.0000   0.0000
    7111   5.1709   4.4323  15.7863   0.0000   0.0000   0.0000
    7112   4.2373   4.1435  15.9564   0.0000   0.0000   0.0000
    7113   4.9148   4.7605  16.1541   0.0000   0.0000   0.0000
    7114   4.6153   4.5695  16.4903   0.0000   0.0000   0.0000
    7115   5.2569   4.1338  16.2055   0.0000   0.0000   0.0000
    7116   4.7112   4.8050  16.3690   0.0000   0.0000   0.0000
    7117   4.1693   4.7268  16.6808   0.0000   0.0000   0.0000
    7118   4.7509   4.9936  15.6644   0.0000   0.0000   0.0000
    7119   4.9554   4.8686  15.3107   0.0000   0.0000   0.0000
    7120   3.8950   4.9180  15.4194   0.0000   0.0000   0.0000
    7121   3.6255   5.0180  15.6041   0.0000   0.0000   0.0000
    7122   3.0001   4.8613  15.6160   0.0000   0.0000   0.0000
    7123   3.5791   4.8534  16.3300   0.0000   0.0000   0.0000
    7124   4.1902   4.8109  16.3196   0.0000   0.0000   0.0000
    7125   3.7339   3.2453  17.0663   0.0000   0.0000   0.0000
    7126   3.5420   4.0894  16.0823   0.0000   0.0000   0.0000
    7127   3.9971   4.2745  15.4272   0.0000   0.0000   0.0000
    7128   3.6512   4.5854  15.8601   0.0000   0.0000   0.0000
    7129   3.4677   4.6659  15.6604   0.0000   0.0000   0.0000
    7130   4.2388   3.9519  15.5690   0.0000   0.0000   0.0000
    7131   4.7068   4.7659  16.5209   0.0000   0.0000   0.0000
    7132   4.4573   3.9359  16.7421   0.0000   0.0000   0.0000
    7133   4.0193   4.2022  15.2421   0.0000   0.0000   0.0000
    7134   4.3618   4.2505  16.3904   0.0000   0.0000   0.0000
    7135   4.3379   4.1997  15.7044   0.0000   0.0000   0.0000
    7136   3.5525   4.6851  15.9492   0.0000   0.0000   0.0000
    7137   5.5824   3.9552  16.3423   0.0000   0.0000   0.0000
    7138   4.6554   4.2127  16.6036   0.0000   0.0000   0.0000
    7139   4.6987   4.1218  16.7433   0.0000   0.0000   0.0000
    7140   4.8676   3.4504  16.5161   0.0000   0.0000   0.0000
    7141   4.6432   3.0479  16.0694   0.0000   0.0000   0.0000
    7142   4.9991   2.8773  16.9743   0.0000   0.0000   0.0000
    7143   5.0866   3.6814  16.8191   0.0000   0.0000   0.0000
    7144   5.5688   3.7254  16.7609   0.0000   0.0000   0.0000
    7145   4.9989   3.4440  16.0336   0.0000   0.0000   0.0000
    7146   3.9700   4.8000  16.0921   0.0000   0.0000   0.0000
    7147   5.2840   3.7833  15.7677   0.0000   0.0000   0.0000
    7148   4.4905   3.4060  16.0393   0.0000   0.0000   0.0000
    7149   4.3222   3.9753  15.6335   0.0000   0.0000   0.0000
    7150   4.8751   4.0595  16.3481   0.0000   0.0000   0.0000
    7151   4.4062   3.2620  16.0474   0.0000   0.0000   0.0000
    7152   3.9560   3.5742  16.3706   0.0000   0.0000   0.0000
    7153   3.9348   4.4358  16.1596   0.0000   0.0000   0.0000
    7154   4.2176   4.5570  16.3876   0.0000   0.0000   0.0000
    7155   3.4617   3.8132  16.2838   0.0000   0.0000   0.0000
    7156   4.3239   4.3218  16.2993   0.0000   0.0000   0.0000
    7157   3.4172   3.5664  16.5237   0.0000   0.0000   0.0000
    7158   3.1702   3.7689  16.8977   0.0000   0.0000   0.0000
    7159   3.9110   4.9194  16.5738   0.0000   0.0000   0.0000
    7160   3.4753   3.9150  16.0797   0.0000   0.0000   0.0000
    7161   3.1036   4.3135  15.7419   0.0000   0.0000   0.0000
    7162   2.3620   4.7870  16.3840   0.0000   0.0000   0.0000
    7163   3.1902   4.4708  16.0023   0.0000   0.0000   0.0000
    7164   3.4059   5.4207  16.3666   0.0000   0.0000   0.0000
    7165   4.3415   5.1037  16.6233   0.0000   0.0000   0.0000
    7166   4.6698   4.9399  16.3811   0.0000   0.0000   0.0000
    7167   4.2938   5.6227  15.9809   0.0000   0.0000   0.0000
    7168   4.7785   5.2088  16.4321   0.0000   0.0000   0.0000
    7169   3.5661   4.7537  16.6635   0.0000   0.0000   0.0000
    7170   3.7032   4.9987  16.6619   0.0000   0.0000   0.0000
    7171   5.2877   3.7871  16.3394   0.0000   0.0000   0.0000
    7172   5.0072   4.0076  16.5738   0.0000   0.0000   0.0000
    7173   5.2279   4.7900  15.8653   0.0000   0.0000   0.0000
    7174   6.1253   3.5390  15.5651   0.0000   0.0000   0.0000
    7175   6.0490   4.2372  16.3696   0.0000   0.0000   0.0000
    7176   6.4222   3.7454  15.6632   0.0000   0.0000   0.0000
    7177   6.5665   3.4917  16.9775   0.0000   0.0000   0.0000
    7178   6.1561   4.0166  15.8007   0.0000   0.0000   0.0000
    7179   5.3151   4.1871  16.0291   0.0000   0.0000   0.0000
    7180   4.5841   4.6100  15.2564   0.0000   0.0000   0.0000
    7181   5.0437   5.0636  15.3313   0.0000   0.0000   0.0000
    7182   5.2887   5.1035  15.0831   0.0000   0.0000   0.0000
    7183   5.6468   5.0397  15.5172   0.0000   0.0000   0.0000
    7184   4.8906   5.3259  15.1345   0.0000   0.0000   0.0000
    7185   4.8801   5.0085  15.6755   0.0000   0.0000   0.0000
    7186   3.8802   4.7080  15.3498   0.0000   0.0000   0.0000
    7187   4.1739   4.3528  15.3441   0.0000   0.0000   0.0000
    7188   4.6959   4.6919  15.3316   0.0000   0.0000   0.0000
    7189   4.6505   5.1246  14.8773   0.0000   0.0000   0.0000
    7190   4.1104   5.2980  15.6916   0.0000   0.0000   0.0000
    7191   4.2334   5.2110  15.3738   0.0000   0.0000   0.0000
    7192   3.7598   5.4924  15.5067   0.0000   0.0000   0.0000
    7193   3.1806   5.3417  15.4662   0.0000   0.0000   0.0000
    7194   3.7144   4.7824  14.4735   0.0000   0.0000   0.0000
    7195   4.1038   5.6014  15.4009   0.0000   0.0000   0.0000
    7196   3.5714   5.0879  15.8539   0.0000   0.0000   0.0000
    7197   3.8213   4.8081  15.8495   0.0000   0.0000   0.0000
    7198   3.7035   5.0360  16.1096   0.0000   0.0000   0.0000
    7199   3.9410   4.4622  16.4655   0.0000   0.0000   0.0000
    7200   3.5773   4.7351  16.6472   0.0000   0.0000   0.0000
    7201   3.2078   4.3563  16.6343   0.0000   0.0000   0.0000
    7202   3.5846   4.3139  16.2253   0.0000   0.0000   0.0000
    7203   3.5104   4.1830  16.4751   0.0000   0.0000   0.0000
    7204   3.2535   3.8429  15.7293   0.0000   0.0000   0.0000
    7205   3.8085   4.6713  15.5939   0.0000   0.0000   0.0000
    7206   3.3079   4.2720  15.4753   0.0000   0.0000   0.0000
    7207   4.0703   4.0926  15.2846   0.0000   0.0000   0.0000
    7208   3.9144   4.9646  15.2762   0.0000   0.0000   0.0000
    7209   4.6574   4.5107  15.7837   0.0000   0.0000   0.0000
    7210   3.8266   4.3838  15.5730   0.0000   0.0000   0.0000
    7211   5.0843   4.9089  15.9762   0.0000   0.0000   0.0000
    7212   5.6566   4.4232  16.3404   0.0000   0.0000   0.0000
    7213   4.9405   4.4998  16.1424   0.0000   0.0000   0.0000
    7214   4.7466   4.2787  17.0714   0.0000   0.0000   0.0000
    7215   4.4331   4.6756  15.7351   0.0000   0.0000   0.0000
    7216   5.6206   5.0909  16.6807   0.0000   0.0000   0.0000
    7217   5.2841   4.0113  16.2967   0.0000   0.0000   0.0000
    7218   5.4407   4.8318  16.1555   0.0000   0.0000   0.0000
    7219   6.0635   4.2938  15.9330   0.0000   0.0000   0.0000
    7220   5.5533   4.7265  15.8909   0.0000   0.0000   0.0000
    7221   4.0741   4.2276  15.2690   0.0000   0.0000   0.0000
    7222   4.4624   4.0387  15.4553   0.0000   0.0000   0.0000
    7223   4.3626   4.8279  15.7801   0.0000   0.0000   0.0000
    7224   5.4887   4.7266  15.4125   0.0000   0.0000   0.0000
    7225   5.2597   4.3262  14.8536   0.0000   0.0000   0.0000
    7226   4.7270   4.9529  15.8204   0.0000   0.0000   0.0000
    7227   4.9897   3.9866  15.2873   0.0000   0.0000   0.0000
    7228   6.1310   4.1384  15.9288   0.0000   0.0000   0.0000
    7229   5.6535   3.1941  16.1859   0.0000   0.0000   0.0000
    7230   5.5021   3.6960  15.2965   0.0000   0.0000   0.0000
    7231   5.0274   3.9495  15.6082   0.0000   0.0000   0.0000
    7232   5.2697   4.2950  15.5230   0.0000   0.0000   0.0000
    7233   4.9182   4.0805  15.4886   0.0000   0.0000   0.0000
    7234   5.8120   4.1211  15.4009   0.0000   0.0000   0.0000
    7235   4.7430   3.7409  14.9635   0.0000   0.0000   0.0000
    7236   4.9809   3.5146  14.7545   0.0000   0.0000   0.0000
    7237   5.9647   3.6127  15.2299   0.0000   0.0000   0.0000
    7238   5.4554   4.3616  15.7424   0.0000   0.0000   0.0000
    7239   5.4598   4.3244  14.7934   0.0000   0.0000   0.0000
    7240   5.5775   4.2246  15.3499   0.0000   0.0000   0.0000
    7241   5.8856   4.2245  14.9530   0.0000   0.0000   0.0000
    7242   5.3592   4.4020  14.6446   0.0000   0.0000   0.0000
    7243   5.3735   4.7728  15.1188   0.0000   0.0000   0.0000
    7244   5.5592   4.8096  14.7179   0.0000   0.0000   0.0000
    7245   5.7945   4.8778  14.2974   0.0000   0.0000   0.0000
    7246   5.6040   4.7686  14.8046   0.0000   0.0000   0.0000
    7247   4.9649   5.0502  14.8801   0.0000   0.0000   0.0000
    7248   4.9924   4.9896  14.5083   0.0000   0.0000   0.0000
    7249   5.2484   5.8744  14.3908   0.0000   0.0000   0.0000
    7250   4.9867   4.8211  14.3241   0.0000   0.0000   0.0000
    7251   4.8398   4.7743  15.1056   0.0000   0.0000   0.0000
    7252   4.6994   4.7109  14.7575   0.0000   0.0000   0.0000
    7253   6.4761   4.1764  15.0493   0.0000   0.0000   0.0000
    7254   6.3466   4.7161  15.5817   0.0000   0.0000   0.0000
    7255   6.1682   4.5888  15.4823   0.0000   0.0000   0.0000
    7256   6.1332   5.7967  14.1580   0.0000   0.0000   0.0000
    7257   6.1236   5.8075  14.2489   0.0000   0.0000   0.0000
    7258   6.6510   5.8176  14.3604   0.0000   0.0000   0.0000
    7259   7.2863   5.5490  14.5612   0.0000   0.0000   0.0000
    7260   6.6792   5.7088  15.2051   0.0000   0.0000   0.0000
    7261   6.6510   5.6202  15.1952   0.0000   0.0000   0.0000
    7262   6.5847   5.6553  14.9648   0.0000   0.0000   0.0000
    7263   7.0727   5.4673  14.9024   0.0000   0.0000   0.0000
    7264   6.6283   5.7771  15.4477   0.0000   0.0000   0.0000
    7265   5.9263   5.5187  15.9113   0.0000   0.0000   0.0000
    7266   6.1439   5.1138  15.5657   0.0000   0.0000   0.0000
    7267   4.5107   4.7520  15.4441   0.0000   0.0000   0.0000
    7268   4.6668   6.0994  16.3643   0.0000   0.0000   0.0000
    7269   4.2811   5.2169  16.5573   0.0000   0.0000   0.0000
    7270   5.1766   4.9723  16.0940   0.0000   0.0000   0.0000
    7271   6.9185   5.4574  15.8483   0.0000   0.0000   0.0000
    7272   5.8099   5.1578  15.4087   0.0000   0.0000   0.0000
    7273   6.1907   5.4404  15.7340   0.0000   0.0000   0.0000
    7274   5.8837   4.8695  15.6844   0.0000   0.0000   0.0000
    7275   6.1537   4.8710  16.3619   0.0000   0.0000   0.0000
    7276   5.8416   5.2812  16.8528   0.0000   0.0000   0.0000
    7277   5.9743   6.3043  16.7626   0.0000   0.0000   0.0000
    7278   6.3718   5.7229  16.8427   0.0000   0.0000   0.0000
    7279   5.4896   6.3890  16.6896   0.0000   0.0000   0.0000
    7280   5.5818   5.8720  17.0038   0.0000   0.0000   0.0000
    7281   5.7935   5.9021  17.5231   0.0000   0.0000   0.0000
    7282   6.4377   5.6961  16.8078   0.0000   0.0000   0.0000
    7283   6.5346   6.4077  15.9903   0.0000   0.0000   0.0000
    7284   5.8092   5.4093  15.7634   0.0000   0.0000   0.0000
    7285   6.2057   5.1059  15.1479   0.0000   0.0000   0.0000
    7286   6.0329   4.5893  15.4646   0.0000   0.0000   0.0000
    7287   5.9558   4.7666  15.4009   0.0000   0.0000   0.0000
    7288   6.5501   5.0813  14.5932   0.0000   0.0000   0.0000
    7289   6.8181   5.6381  14.9721   0.0000   0.0000   0.0000
    7290   6.1365   4.9993  14.8744   0.0000   0.0000   0.0000
    7291   6.0568   4.0967  13.9461   0.0000   0.0000   0.0000
    7292   5.2667   5.0778  14.1310   0.0000   0.0000   0.0000
    7293   3.8347   4.9438  13.4447   0.0000   0.0000   0.0000
    7294   5.0042   5.0353  13.5496   0.0000   0.0000   0.0000
    7295   6.4155   4.2907  14.1494   0.0000   0.0000   0.0000
    7296   4.9666   5.6589  14.1018   0.0000   0.0000   0.0000
    7297   5.8609   5.2282  14.2316   0.0000   0.0000   0.0000
    7298   5.8445   5.4404  14.2859   0.0000   0.0000   0.0000
    7299   5.4107   5.3374  13.6074   0.0000   0.0000   0.0000
    7300   5.6537   5.0791  14.3143   0.0000   0.0000   0.0000
    7301   6.3591   4.7434  13.8283   0.0000   0.0000   0.0000
    7302   5.3855   5.6318  14.1822   0.0000   0.0000   0.0000
    7303   5.8251   5.6940  13.9383   0.0000   0.0000   0.0000
    7304   5.4279   5.6860  14.3630   0.0000   0.0000   0.0000
    7305   5.9254   5.4390  13.4509   0.0000   0.0000   0.0000
    7306   5.7652   5.5340  13.9335   0.0000   0.0000   0.0000
    7307   6.0201   5.7103  14.2758   0.0000   0.0000   0.0000
    7308   6.1665   5.4110  14.2741   0.0000   0.0000   0.0000
    7309   6.5217   5.2452  14.3672   0.0000   0.0000   0.0000
    7310   7.1927   5.0689  14.6383   0.0000   0.0000   0.0000
    7311   6.6029   4.8954  14.5723   0.0000   0.0000   0.0000
    7312   5.7169   5.4114  14.8865   0.0000   0.0000   0.0000
    7313   5.7492   5.3224  15.2011   0.0000   0.0000   0.0000
    7314   6.3365   5.4002  14.7597   0.0000   0.0000   0.0000
    7315   6.8582   6.2065  14.5262   0.0000   0.0000   0.0000
    7316   7.0852   5.3436  15.4704   0.0000   0.0000   0.0000
    7317   6.6442   5.9631  14.8119   0.0000   0.0000   0.0000
    7318   6.5937   5.4446  14.7642   0.0000   0.0000   0.0000
    7319   7.2477   5.2408  14.3249   0.0000   0.0000   0.0000
    7320   6.4545   4.8672  14.6895   0.0000   0.0000   0.0000
    7321   6.7459   4.2282  14.6403   0.0000   0.0000   0.0000
    7322   6.6881   3.9287  14.8088   0.0000   0.0000   0.0000
    7323   6.6523   3.8672  15.0559   0.0000   0.0000   0.0000
    7324   7.1146   4.6092  15.5045   0.0000   0.0000   0.0000
    7325   6.3224   3.7067  15.1278   0.0000   0.0000   0.0000
    7326   6.7313   3.9526  15.1774   0.0000   0.0000   0.0000
    7327   6.5323   4.2021  15.6474   0.0000   0.0000   0.0000
    7328   7.3611   3.9500  15.8010   0.0000   0.0000   0.0000
    7329   7.5984   3.7394  15.0763   0.0000   0.0000   0.0000
    7330   7.3651   3.0506  15.0751   0.0000   0.0000   0.0000
    7331   7.0707   2.8658  15.8258   0.0000   0.0000   0.0000
    7332   6.4555   3.4069  15.4522   0.0000   0.0000   0.0000
    7333   6.6532   3.4913  15.3551   0.0000   0.0000   0.0000
    7334   6.6973   2.9095  15.1497   0.0000   0.0000   0.0000
    7335   7.2975   3.0304  15.6147   0.0000   0.0000   0.0000
    7336   7.6442   3.9400  16.3376   0.0000   0.0000   0.0000
    7337   6.9059   3.6354  15.0982   0.0000   0.0000   0.0000
    7338   6.8895   3.4955  15.4004   0.0000   0.0000   0.0000
    7339   7.4359   3.2483  15.7297   0.0000   0.0000   0.0000
    7340   7.8005   3.2535  15.1136   0.0000   0.0000   0.0000
    7341   6.8839   3.5481  14.7801   0.0000   0.0000   0.0000
    7342   6.6978   2.5804  15.1680   0.0000   0.0000   0.0000
    7343   7.3572   2.8467  15.8173   0.0000   0.0000   0.0000
    7344   6.1358   2.5552  15.7953   0.0000   0.0000   0.0000
    7345   6.5535   3.0003  15.6224   0.0000   0.0000   0.0000
    7346   6.6478   2.6498  15.1423   0.0000   0.0000   0.0000
    7347   6.4111   1.8214  15.5557   0.0000   0.0000   0.0000
    7348   6.1053   2.1657  15.2382   0.0000   0.0000   0.0000
    7349   7.3125   2.8781  15.1743   0.0000   0.0000   0.0000
    7350   7.2085   3.3746  15.7829   0.0000   0.0000   0.0000
    7351   6.9897   2.5504  15.9659   0.0000   0.0000   0.0000
    7352   6.3950   2.7758  15.7873   0.0000   0.0000   0.0000
    7353   6.1704   2.3954  15.0645   0.0000   0.0000   0.0000
    7354   6.0178   1.9189  15.4026   0.0000   0.0000   0.0000
    7355   6.5449   2.9194  15.1904   0.0000   0.0000   0.0000
    7356   6.6671   3.0115  15.3799   0.0000   0.0000   0.0000
    7357   6.3094   3.2434  15.1941   0.0000   0.0000   0.0000
    7358   6.2550   2.2542  15.9466   0.0000   0.0000   0.0000
    7359   7.7963   2.3442  15.4586   0.0000   0.0000   0.0000
    7360   6.6340   1.5050  15.7080   0.0000   0.0000   0.0000
    7361   5.7795   1.7933  16.0666   0.0000   0.0000   0.0000
    7362   7.9168   2.2402  15.8976   0.0000   0.0000   0.0000
    7363   6.7418   2.8365  15.7215   0.0000   0.0000   0.0000
    7364   4.7803   2.8676  14.5947   0.0000   0.0000   0.0000
    7365   6.4119   3.3820  14.9978   0.0000   0.0000   0.0000
    7366   6.8222   2.8734  15.7033   0.0000   0.0000   0.0000
    7367   6.8539   3.7283  15.4044   0.0000   0.0000   0.0000
    7368   7.2601   3.4908  16.5937   0.0000   0.0000   0.0000
    7369   6.1173   5.4149  15.6039   0.0000   0.0000   0.0000
    7370   6.8333   3.9831  15.8838   0.0000   0.0000   0.0000
    7371   6.2848   3.6897  15.2652   0.0000   0.0000   0.0000
    7372   6.3622   4.4785  15.0868   0.0000   0.0000   0.0000
    7373   7.2490   2.5710  15.4641   0.0000   0.0000   0.0000
    7374   7.5699   3.6231  16.1419   0.0000   0.0000   0.0000
    7375   6.1355   3.2440  16.1689   0.0000   0.0000   0.0000
    7376   6.9238   2.4762  17.0134   0.0000   0.0000   0.0000
    7377   7.2192   2.2057  16.8891   0.0000   0.0000   0.0000
    7378   6.8128   3.3126  17.2026   0.0000   0.0000   0.0000
    7379   6.5830   2.4686  17.3049   0.0000   0.0000   0.0000
    7380   6.0781   3.2605  17.6500   0.0000   0.0000   0.0000
    7381   5.9811   3.3369  16.6711   0.0000   0.0000   0.0000
    7382   4.7119   3.0019  16.8816   0.0000   0.0000   0.0000
    7383   5.9188   4.4563  15.8981   0.0000   0.0000   0.0000
    7384   5.2828   3.4605  15.9944   0.0000   0.0000   0.0000
    7385   5.9124   4.3100  16.6459   0.0000   0.0000   0.0000
    7386   6.1326   4.1594  16.2261   0.0000   0.0000   0.0000
    7387   5.8154   2.8944  16.9144   0.0000   0.0000   0.0000
    7388   5.5074   3.9069  17.1846   0.0000   0.0000   0.0000
    7389   6.1929   4.0244  16.7476   0.0000   0.0000   0.0000
    7390   6.4763   3.4481  16.4417   0.0000   0.0000   0.0000
    7391   5.9172   3.2714  15.8863   0.0000   0.0000   0.0000
    7392   5.6793   3.1293  15.7752   0.0000   0.0000   0.0000
    7393   6.0286   3.1206  15.9943   0.0000   0.0000   0.0000
    7394   6.5857   3.9329  15.8489   0.0000   0.0000   0.0000
    7395   6.0605   3.1754  15.9146   0.0000   0.0000   0.0000
    7396   5.3970   2.6934  15.3307   0.0000   0.0000   0.0000
    7397   6.5623   2.6747  15.9341   0.0000   0.0000   0.0000
    7398   5.8556   3.6657  15.4854   0.0000   0.0000   0.0000
    7399   5.5449   2.5341  16.9894   0.0000   0.0000   0.0000
    7400   6.3943   2.4002  16.3903   0.0000   0.0000   0.0000
    7401   5.9983   2.6404  16.4720   0.0000   0.0000   0.0000
    7402   5.3592   3.1337  16.0174   0.0000   0.0000   0.0000
    7403   5.0381   3.5460  16.0275   0.0000   0.0000   0.0000
    7404   4.9749   2.4800  16.2877   0.0000   0.0000   0.0000
    7405   5.6633   2.5652  16.1231   0.0000   0.0000   0.0000
    7406   5.4738   1.1428  17.0733   0.0000   0.0000   0.0000
    7407   5.6720   1.4812  16.6181   0.0000   0.0000   0.0000
    7408   6.0732   2.0528  16.2546   0.0000   0.0000   0.0000
    7409   6.3803   2.1049  16.2967   0.0000   0.0000   0.0000
    7410   7.2413   2.4760  15.9563   0.0000   0.0000   0.0000
    7411   7.0975   2.4723  16.2318   0.0000   0.0000   0.0000
    7412   7.6932   2.1849  15.8916   0.0000   0.0000   0.0000
    7413   7.2290   2.4795  15.7996   0.0000   0.0000   0.0000
    7414   7.3688   3.0508  16.3239   0.0000   0.0000   0.0000
    7415   6.8931   2.6454  16.5402   0.0000   0.0000   0.0000
    7416   8.1709   3.3707  16.7968   0.0000   0.0000   0.0000
    7417   7.4092   3.0110  16.3150   0.0000   0.0000   0.0000
    7418   7.0540   3.1826  16.2448   0.0000   0.0000   0.0000
    7419   7.1886   3.0682  16.9481   0.0000   0.0000   0.0000
    7420   7.6177   3.8991  16.6249   0.0000   0.0000   0.0000
    7421   7.2467   2.0130  16.8387   0.0000   0.0000   0.0000
    7422   7.7504   2.6728  16.2945   0.0000   0.0000   0.0000
    7423   6.0027   2.9117  17.2186   0.0000   0.0000   0.0000
    7424   6.2502   3.4325  16.9381   0.0000   0.0000   0.0000
    7425   5.6990   3.7386  17.7199   0.0000   0.0000   0.0000
    7426   6.1395   3.6312  16.3375   0.0000   0.0000   0.0000
    7427   5.9263   2.8146  17.1813   0.0000   0.0000   0.0000
    7428   6.1721   3.7910  16.8455   0.0000   0.0000   0.0000
    7429   6.4947   3.5723  16.3668   0.0000   0.0000   0.0000
    7430   6.7859   3.2517  15.8447   0.0000   0.0000   0.0000
    7431   6.7629   3.6110  16.5799   0.0000   0.0000   0.0000
    7432   7.9799   3.8072  16.6666   0.0000   0.0000   0.0000
    7433   8.7442   3.6625  15.8015   0.0000   0.0000   0.0000
    7434   7.8028   4.1517  16.1260   0.0000   0.0000   0.0000
    7435   7.0514   4.4811  16.5378   0.0000   0.0000   0.0000
    7436   7.3422   4.6242  16.5085   0.0000   0.0000   0.0000
    7437   7.7249   5.0068  16.9840   0.0000   0.0000   0.0000
    7438   7.8810   3.6269  16.9109   0.0000   0.0000   0.0000
    7439   7.9103   4.5320  17.2377   0.0000   0.0000   0.0000
    7440   7.1782   4.0814  16.8841   0.0000   0.0000   0.0000
    7441   7.1882   3.9098  15.9505   0.0000   0.0000   0.0000
    7442   7.2513   4.2518  16.1123   0.0000   0.0000   0.0000
    7443   7.0728   4.7815  16.2658   0.0000   0.0000   0.0000
    7444   6.8935   4.3459  15.5063   0.0000   0.0000   0.0000
    7445   7.1991   3.8175  16.0590   0.0000   0.0000   0.0000
    7446   6.9004   3.7102  15.4293   0.0000   0.0000   0.0000
    7447   7.2278   3.8435  16.0168   0.0000   0.0000   0.0000
    7448   7.1622   2.9708  15.3196   0.0000   0.0000   0.0000
    7449   6.7709   4.0605  15.7359   0.0000   0.0000   0.0000
    7450   7.4183   3.2729  15.5410   0.0000   0.0000   0.0000
    7451   7.4336   3.5071  15.8112   0.0000   0.0000   0.0000
    7452   7.0374   3.0093  15.5911   0.0000   0.0000   0.0000
    7453   7.2756   3.6678  15.1684   0.0000   0.0000   0.0000
    7454   6.7661   4.1250  15.4349   0.0000   0.0000   0.0000
    7455   7.1320   4.2005  15.5086   0.0000   0.0000   0.0000
    7456   7.1762   3.0351  15.4600   0.0000   0.0000   0.0000
    7457   7.9455   3.6355  14.9976   0.0000   0.0000   0.0000
    7458   7.6531   3.8616  15.4079   0.0000   0.0000   0.0000
    7459   6.6456   4.4684  15.6543   0.0000   0.0000   0.0000
    7460   7.5230   4.1015  15.2693   0.0000   0.0000   0.0000
    7461   8.0446   3.8471  15.3556   0.0000   0.0000   0.0000
    7462   8.3943   3.0784  15.2597   0.0000   0.0000   0.0000
    7463   8.2937   2.8040  15.7918   0.0000   0.0000   0.0000
    7464   8.4806   3.8300  15.6358   0.0000   0.0000   0.0000
    7465   7.7446   3.3009  14.7948   0.0000   0.0000   0.0000
    7466   7.6507   4.1871  15.1153   0.0000   0.0000   0.0000
    7467   6.5624   3.4591  15.5483   0.0000   0.0000   0.0000
    7468   8.1140   3.7240  14.6515   0.0000   0.0000   0.0000
    7469   7.5124   4.0370  16.6164   0.0000   0.0000   0.0000
    7470   7.9768   4.8697  16.2663   0.0000   0.0000   0.0000
    7471   7.5698   5.3728  16.0542   0.0000   0.0000   0.0000
    7472   7.1367   4.6980  16.8513   0.0000   0.0000   0.0000
    7473   7.3190   3.9693  16.2304   0.0000   0.0000   0.0000
    7474   8.6724   5.0524  16.2687   0.0000   0.0000   0.0000
    7475   8.1757   5.1573  17.0343   0.0000   0.0000   0.0000
    7476   6.7594   5.1757  16.5745   0.0000   0.0000   0.0000
    7477   7.5552   4.0820  16.4195   0.0000   0.0000   0.0000
    7478   8.0140   4.7041  16.7524   0.0000   0.0000   0.0000
    7479   7.5466   4.5726  17.5798   0.0000   0.0000   0.0000
    7480   8.1601   4.8270  16.7470   0.0000   0.0000   0.0000
    7481   8.8695   4.5592  16.3122   0.0000   0.0000   0.0000
    7482   7.7763   4.5557  15.9394   0.0000   0.0000   0.0000
    7483   8.7309   4.7469  16.0794   0.0000   0.0000   0.0000
    7484   8.4596   5.6948  15.9971   0.0000   0.0000   0.0000
    7485   8.0306   5.1726  16.1117   0.0000   0.0000   0.0000
    7486   8.6647   4.5861  15.8830   0.0000   0.0000   0.0000
    7487   8.8432   5.0107  15.7482   0.0000   0.0000   0.0000
    7488   8.8835   4.5360  15.8344   0.0000   0.0000   0.0000
    7489   8.8306   4.0676  15.8937   0.0000   0.0000   0.0000
    7490   8.0492   4.3697  15.8742   0.0000   0.0000   0.0000
    7491   8.5218   3.7869  15.3017   0.0000   0.0000   0.0000
    7492   7.6675   2.9157  15.5080   0.0000   0.0000   0.0000
    7493   7.3737   3.8208  15.3847   0.0000   0.0000   0.0000
    7494   7.4696   4.1535  15.1947   0.0000   0.0000   0.0000
    7495   6.7992   3.9290  15.1420   0.0000   0.0000   0.0000
    7496   7.0868   3.6236  14.9163   0.0000   0.0000   0.0000
    7497   7.0670   3.6388  15.1797   0.0000   0.0000   0.0000
    7498   7.7175   3.3176  15.8163   0.0000   0.0000   0.0000
    7499   7.6271   3.1233  15.7411   0.0000   0.0000   0.0000
    7500   7.7347   3.1371  15.0446   0.0000   0.0000   0.0000
    7501   7.0102   3.8189  15.1789   0.0000   0.0000   0.0000
    7502   6.9380   3.6742  15.6763   0.0000   0.0000   0.0000
    7503   6.3930   3.2377  16.0830   0.0000   0.0000   0.0000
    7504   6.2808   3.6338  16.4907   0.0000   0.0000   0.0000
    7505   7.1883   3.3130  15.9566   0.0000   0.0000   0.0000
    7506   6.3619   3.0568  16.6040   0.0000   0.0000   0.0000
    7507   6.1212   3.6685  16.8907   0.0000   0.0000   0.0000
    7508   6.8057   3.3694  16.5574   0.0000   0.0000   0.0000
    7509   6.6516   4.5957  16.8706   0.0000   0.0000   0.0000
    7510   7.7049   4.2174  16.1782   0.0000   0.0000   0.0000
    7511   7.3339   3.9357  16.4393   0.0000   0.0000   0.0000
    7512   6.9607   3.9240  16.5170   0.0000   0.0000   0.0000
    7513   6.4410   3.5356  16.5714   0.0000   0.0000   0.0000
    7514   6.9329   3.0768  16.7620   0.0000   0.0000   0.0000
    7515   7.7270   3.0492  17.6176   0.0000   0.0000   0.0000
    7516   7.5345   3.9698  17.0369   0.0000   0.0000   0.0000
    7517   8.0540   2.3175  16.7226   0.0000   0.0000   0.0000
    7518   7.3922   3.3435  16.8176   0.0000   0.0000   0.0000
    7519   6.9068   3.1176  16.0717   0.0000   0.0000   0.0000
    7520   6.4706   2.5124  15.4950   0.0000   0.0000   0.0000
    7521   7.3618   2.6649  15.4971   0.0000   0.0000   0.0000
    7522   6.2104   2.2719  15.9099   0.0000   0.0000   0.0000
    7523   7.6495   2.5548  15.4497   0.0000   0.0000   0.0000
    7524   7.2807   3.0106  16.5561   0.0000   0.0000   0.0000
    7525   6.4587   3.2656  15.4499   0.0000   0.0000   0.0000
    7526   7.8167   2.8298  16.4468   0.0000   0.0000   0.0000
    7527   7.5049   2.7968  16.1091   0.0000   0.0000   0.0000
    7528   6.5174   2.5416  17.0898   0.0000   0.0000   0.0000
    7529   7.6832   1.4569  16.2538   0.0000   0.0000   0.0000
    7530   6.0689   1.1499  16.6564   0.0000   0.0000   0.0000
    7531   6.4100   1.6617  17.6025   0.0000   0.0000   0.0000
    7532   5.9820   2.1822  16.8963   0.0000   0.0000   0.0000
    7533   6.1554   2.4822  16.4655   0.0000   0.0000   0.0000
    7534   6.9445   2.3915  16.6679   0.0000   0.0000   0.0000
    7535   7.2139   1.5940  16.7145   0.0000   0.0000   0.0000
    7536   7.2277   2.1660  17.4717   0.0000   0.0000   0.0000
    7537   7.4766   1.8624  18.3252   0.0000   0.0000   0.0000
    7538   7.2826   1.9086  17.1391   0.0000   0.0000   0.0000
    7539   6.7444   2.1070  17.4030   0.0000   0.0000   0.0000
    7540   7.1875   1.5250  17.6218   0.0000   0.0000   0.0000
    7541   6.5249   1.2806  17.1903   0.0000   0.0000   0.0000
    7542   7.5436   1.5416  18.1650   0.0000   0.0000   0.0000
    7543   6.9048   1.1622  17.4302   0.0000   0.0000   0.0000
    7544   6.9997   1.9820  17.8262   0.0000   0.0000   0.0000
    7545   6.5865   1.9856  18.1456   0.0000   0.0000   0.0000
    7546   6.5723   2.6409  17.6119   0.0000   0.0000   0.0000
    7547   7.2005   2.2183  17.3006   0.0000   0.0000   0.0000
    7548   7.2360   2.2086  17.3688   0.0000   0.0000   0.0000
    7549   6.8453   2.4949  17.6295   0.0000   0.0000   0.0000
    7550   6.4537   2.1201  17.8406   0.0000   0.0000   0.0000
    7551   6.7161   2.5975  17.0102   0.0000   0.0000   0.0000
    7552   6.8953   2.3573  17.5919   0.0000   0.0000   0.0000
    7553   6.7510   2.5474  17.9402   0.0000   0.0000   0.0000
    7554   7.3937   1.7449  17.8225   0.0000   0.0000   0.0000
    7555   6.9958   2.5185  17.6110   0.0000   0.0000   0.0000
    7556   7.6293   3.1147  17.1212   0.0000   0.0000   0.0000
    7557   7.0909   2.7314  17.9345   0.0000   0.0000   0.0000
    7558   7.8440   4.0762  18.3753   0.0000   0.0000   0.0000
    7559   8.1259   3.3776  18.6375   0.0000   0.0000   0.0000
    7560   8.5352   2.5137  18.7687   0.0000   0.0000   0.0000
    7561   7.7142   2.1761  18.4617   0.0000   0.0000   0.0000
    7562   7.0015   2.8216  17.8409   0.0000   0.0000   0.0000
    7563   8.5926   2.1464  18.0741   0.0000   0.0000   0.0000
    7564   7.6412   2.4428  17.6791   0.0000   0.0000   0.0000
    7565   8.2210   2.0753  17.9294   0.0000   0.0000   0.0000
    7566   7.9240   2.3717  17.2686   0.0000   0.0000   0.0000
    7567   7.4314   1.1012  17.1275   0.0000   0.0000   0.0000
    7568   7.3492   2.0807  17.4852   0.0000   0.0000   0.0000
    7569   7.3358   1.8318  16.6571   0.0000   0.0000   0.0000
    7570   6.9587   1.8547  17.3425   0.0000   0.0000   0.0000
    7571   8.1589   2.8301  17.0514   0.0000   0.0000   0.0000
    7572   7.8941   2.8159  17.0692   0.0000   0.0000   0.0000
    7573   7.5181   2.6765  16.7751   0.0000   0.0000   0.0000
    7574   6.5811   1.8978  16.9945   0.0000   0.0000   0.0000
    7575   6.8762   2.7248  16.9998   0.0000   0.0000   0.0000
    7576   6.6043   2.4942  16.6644   0.0000   0.0000   0.0000
    7577   6.2677   3.0754  16.9658   0.0000   0.0000   0.0000
    7578   6.0822   2.1119  17.2023   0.0000   0.0000   0.0000
    7579   6.5387   2.5925  16.9357   0.0000   0.0000   0.0000
    7580   6.3252   3.3368  16.2399   0.0000   0.0000   0.0000
    7581   7.2701   2.9440  16.4501   0.0000   0.0000   0.0000
    7582   5.8128   3.7229  15.8856   0.0000   0.0000   0.0000
    7583   6.2692   3.5465  15.8040   0.0000   0.0000   0.0000
    7584   5.5045   3.1957  15.7721   0.0000   0.0000   0.0000
    7585   6.7668   3.2148  15.9041   0.0000   0.0000   0.0000
    7586   6.4688   2.1089  16.6826   0.0000   0.0000   0.0000
    7587   6.3656   3.7776  16.3143   0.0000   0.0000   0.0000
    7588   7.1090   2.8822  17.0617   0.0000   0.0000   0.0000
    7589   5.6935   2.8919  17.1787   0.0000   0.0000   0.0000
    7590   6.4288   2.6201  16.9329   0.0000   0.0000   0.0000
    7591   5.7727   2.8550  17.1592   0.0000   0.0000   0.0000
    7592   5.8135   3.3258  16.4698   0.0000   0.0000   0.0000
    7593   6.4432   3.8533  16.4384   0.0000   0.0000   0.0000
    7594   6.6319   4.0500  16.0796   0.0000   0.0000   0.0000
    7595   6.4048   3.7566  16.1685   0.0000   0.0000   0.0000
    7596   5.6931   4.0787  15.7754   0.0000   0.0000   0.0000
    7597   6.6926   4.3841  15.7800   0.0000   0.0000   0.0000
    7598   6.8017   4.5511  16.0137   0.0000   0.0000   0.0000
    7599   6.7700   4.3982  15.3481   0.0000   0.0000   0.0000
    7600   7.4366   4.6513  15.0590   0.0000   0.0000   0.0000
    7601   5.4013   5.0087  15.7140   0.0000   0.0000   0.0000
    7602   6.9072   5.0169  15.9346   0.0000   0.0000   0.0000
    7603   6.8132   5.3161  17.1805   0.0000   0.0000   0.0000
    7604   6.6848   4.9136  16.4115   0.0000   0.0000   0.0000
    7605   6.5450   5.8622  15.8793   0.0000   0.0000   0.0000
    7606   6.8014   5.0203  15.9572   0.0000   0.0000   0.0000
    7607   6.1520   4.7109  15.4563   0.0000   0.0000   0.0000
    7608   6.8971   3.7592  15.5738   0.0000   0.0000   0.0000
    7609   7.1609   4.7228  15.5170   0.0000   0.0000   0.0000
    7610   6.1668   4.7753  15.6312   0.0000   0.0000   0.0000
    7611   6.0053   4.0067  15.1466   0.0000   0.0000   0.0000
    7612   5.9526   3.9379  15.2895   0.0000   0.0000   0.0000
    7613   6.0077   4.1995  16.7676   0.0000   0.0000   0.0000
