#Frame                                                     D36
       1  -1.2287   4.0776  12.2746   0.0000   0.0000   0.0000
       2  -2.0524   3.8045  13.1596   0.0000   0.0000   0.0000
       3  -1.9643   4.2076  13.9115   0.0000   0.0000   0.0000
       4  -2.3323   3.1833  13.2403   0.0000   0.0000   0.0000
       5  -1.5244   3.6492  12.6826   0.0000   0.0000   0.0000
       6  -0.9751   2.9042  12.8454   0.0000   0.0000   0.0000
       7  -2.4312   3.3691  12.9256   0.0000   0.0000   0.0000
       8  -1.0267   3.4738  13.7333   0.0000   0.0000   0.0000
       9  -1.4390   3.0452  13.5765   0.0000   0.0000   0.0000
      10  -1.6084   3.3199  13.8604   0.0000   0.0000   0.0000
      11  -2.0354   3.6011  14.5350   0.0000   0.0000   0.0000
      12  -2.6013   2.9232  15.1639   0.0000   0.0000   0.0000
      13  -1.7344   2.1238  14.5742   0.0000   0.0000   0.0000
      14  -1.6960   2.5278  14.3278   0.0000   0.0000   0.0000
      15  -2.2168   3.2905  13.9792   0.0000   0.0000   0.0000
      16  -2.9204   3.3053  15.0679   0.0000   0.0000   0.0000
      17  -1.8311   2.4408  14.2553   0.0000   0.0000   0.0000
      18  -2.6551   2.8860  14.3678   0.0000   0.0000   0.0000
      19  -1.8093   2.7655  14.2611   0.0000   0.0000   0.0000
      20  -1.5462   3.3570  13.8286   0.0000   0.0000   0.0000
      21  -2.0447   3.0733  13.6490   0.0000   0.0000   0.0000
      22  -1.2849   3.1803  14.0920   0.0000   0.0000   0.0000
      23  -0.7669   2.5811  14.1350   0.0000   0.0000   0.0000
      24  -0.4870   2.8924  14.1433   0.0000   0.0000   0.0000
      25  -1.5922   4.0619  13.2209   0.0000   0.0000   0.0000
      26  -1.9834   3.6848  13.6620   0.0000   0.0000   0.0000
      27  -1.4404   3.4044  14.3886   0.0000   0.0000   0.0000
      28  -1.4807   3.7762  13.4012   0.0000   0.0000   0.0000
      29  -0.6078   3.7790  13.9932   0.0000   0.0000   0.0000
      30  -1.8527   3.9694  14.1120   0.0000   0.0000   0.0000
      31  -1.7737   3.5194  14.3208   0.0000   0.0000   0.0000
      32  -1.7494   3.3720  13.7649   0.0000   0.0000   0.0000
      33  -2.1232   3.6128  14.0159   0.0000   0.0000   0.0000
      34  -1.7397   3.9072  14.0397   0.0000   0.0000   0.0000
      35  -1.9836   3.9894  13.8314   0.0000   0.0000   0.0000
      36  -1.4916   3.4028  14.4266   0.0000   0.0000   0.0000
      37  -2.1487   2.6036  13.6587   0.0000   0.0000   0.0000
      38  -1.7064   2.9415  13.9977   0.0000   0.0000   0.0000
      39  -2.3195   2.5582  14.0464   0.0000   0.0000   0.0000
      40  -1.1332   3.3393  12.7302   0.0000   0.0000   0.0000
      41  -1.7927   2.4055  12.9873   0.0000   0.0000   0.0000
      42  -1.3813   2.4855  13.1042   0.0000   0.0000   0.0000
      43  -1.7586   1.9675  13.2488   0.0000   0.0000   0.0000
      44  -1.7469   2.1487  12.1547   0.0000   0.0000   0.0000
      45  -2.5337   2.7313  12.6356   0.0000   0.0000   0.0000
      46  -1.6088   2.8897  13.0236   0.0000   0.0000   0.0000
      47  -2.1715   2.8133  12.8576   0.0000   0.0000   0.0000
      48  -2.9740   2.4144  12.6457   0.0000   0.0000   0.0000
      49  -2.8422   2.7961  12.9940   0.0000   0.0000   0.0000
      50  -3.7523   3.6999  12.7671   0.0000   0.0000   0.0000
      51  -2.6297   2.8719  12.8798   0.0000   0.0000   0.0000
      52  -2.8039   2.8013  13.6044   0.0000   0.0000   0.0000
      53  -3.5784   3.4120  12.6363   0.0000   0.0000   0.0000
      54  -3.1538   2.8592  12.6825   0.0000   0.0000   0.0000
      55  -3.1006   2.2171  12.1346   0.0000   0.0000   0.0000
      56  -2.2315   2.7453  12.2933   0.0000   0.0000   0.0000
      57  -3.0064   2.6434  12.2316   0.0000   0.0000   0.0000
      58  -2.8000   2.4261  12.0017   0.0000   0.0000   0.0000
      59  -3.2671   2.9908  12.2489   0.0000   0.0000   0.0000
      60  -2.2882   2.1180  12.5978   0.0000   0.0000   0.0000
      61  -3.3166   2.0598  12.0247   0.0000   0.0000   0.0000
      62  -3.1472   2.5211  12.3984   0.0000   0.0000   0.0000
      63  -2.6010   1.8821  12.5466   0.0000   0.0000   0.0000
      64  -1.8019   1.7677  12.4994   0.0000   0.0000   0.0000
      65  -2.6837   2.8821  13.3014   0.0000   0.0000   0.0000
      66  -2.3532   2.0779  13.1365   0.0000   0.0000   0.0000
      67  -2.1113   2.7691  13.0165   0.0000   0.0000   0.0000
      68  -1.1866   3.0090  13.6714   0.0000   0.0000   0.0000
      69  -1.4307   2.4535  13.9197   0.0000   0.0000   0.0000
      70  -1.0365   2.3333  13.4987   0.0000   0.0000   0.0000
      71  -0.6827   2.4155  14.0636   0.0000   0.0000   0.0000
      72  -0.5770   2.7932  14.0337   0.0000   0.0000   0.0000
      73  -1.3885   2.3758  13.8424   0.0000   0.0000   0.0000
      74  -0.9743   2.1266  14.0459   0.0000   0.0000   0.0000
      75  -0.3326   3.2149  14.0329   0.0000   0.0000   0.0000
      76  -1.5039   2.3301  13.7568   0.0000   0.0000   0.0000
      77  -1.5426   2.8043  12.7945   0.0000   0.0000   0.0000
      78  -0.6146   1.3331  13.8506   0.0000   0.0000   0.0000
      79  -1.0581   2.6876  13.6453   0.0000   0.0000   0.0000
      80  -0.3573   1.7117  14.0066   0.0000   0.0000   0.0000
      81  -1.4139   1.9692  13.7246   0.0000   0.0000   0.0000
      82  -2.0953   1.9358  14.5434   0.0000   0.0000   0.0000
      83  -0.5673   1.9785  14.0796   0.0000   0.0000   0.0000
      84  -0.4195   2.8085  13.9970   0.0000   0.0000   0.0000
      85  -1.5583   1.5166  13.9060   0.0000   0.0000   0.0000
      86  -1.4426   1.3417  14.3083   0.0000   0.0000   0.0000
      87  -1.2731   2.0331  15.2105   0.0000   0.0000   0.0000
      88  -1.5477   1.8416  14.3285   0.0000   0.0000   0.0000
      89  -1.3551   2.1071  13.7652   0.0000   0.0000   0.0000
      90  -1.1656   2.4427  13.3281   0.0000   0.0000   0.0000
      91  -1.5743   1.6270  13.6231   0.0000   0.0000   0.0000
      92  -0.5867   1.4711  12.7219   0.0000   0.0000   0.0000
      93  -1.3264   2.1391  13.3856   0.0000   0.0000   0.0000
      94  -1.2105   1.8659  13.0132   0.0000   0.0000   0.0000
      95  -1.5936   1.8295  13.4742   0.0000   0.0000   0.0000
      96  -1.2406   1.9526  13.1054   0.0000   0.0000   0.0000
      97  -2.3392   2.7330  12.7460   0.0000   0.0000   0.0000
      98  -1.9267   2.2813  12.9122   0.0000   0.0000   0.0000
      99  -1.3258   1.9091  13.3401   0.0000   0.0000   0.0000
     100  -2.1107   1.6605  13.6030   0.0000   0.0000   0.0000
     101  -1.5717   2.2261  13.1646   0.0000   0.0000   0.0000
     102  -0.9284   1.7822  13.8216   0.0000   0.0000   0.0000
     103  -1.0767   2.4390  13.3231   0.0000   0.0000   0.0000
     104  -1.5397   2.1081  13.4183   0.0000   0.0000   0.0000
     105  -0.5388   2.5682  14.0295   0.0000   0.0000   0.0000
     106  -1.1201   2.7312  12.8799   0.0000   0.0000   0.0000
     107  -1.0340   2.9588  12.3882   0.0000   0.0000   0.0000
     108  -1.1640   2.3706  11.9384   0.0000   0.0000   0.0000
     109  -1.7573   2.8403  12.7148   0.0000   0.0000   0.0000
     110  -1.4124   3.3005  12.3739   0.0000   0.0000   0.0000
     111  -1.6140   2.9039  12.2346   0.0000   0.0000   0.0000
     112  -1.4200   2.4385  12.6152   0.0000   0.0000   0.0000
     113  -1.2909   1.9623  12.1644   0.0000   0.0000   0.0000
     114  -1.1203   2.8170  12.2651   0.0000   0.0000   0.0000
     115  -0.6134   2.3790  12.4863   0.0000   0.0000   0.0000
     116  -1.1040   1.7020  12.6781   0.0000   0.0000   0.0000
     117  -1.0502   3.0159  13.0941   0.0000   0.0000   0.0000
     118  -1.2377   2.2707  12.8041   0.0000   0.0000   0.0000
     119  -0.7420   2.2045  12.5256   0.0000   0.0000   0.0000
     120   0.3794   3.1456  12.4121   0.0000   0.0000   0.0000
     121   0.1668   1.4412  13.0971   0.0000   0.0000   0.0000
     122  -0.1244   0.7749  13.6792   0.0000   0.0000   0.0000
     123  -1.0547   1.0299  13.8748   0.0000   0.0000   0.0000
     124  -0.8998   0.6897  13.5803   0.0000   0.0000   0.0000
     125  -0.6843   0.7484  13.4994   0.0000   0.0000   0.0000
     126  -0.3892  -0.0908  13.6043   0.0000   0.0000   0.0000
     127   0.0886   0.8338  13.1913   0.0000   0.0000   0.0000
     128   0.5165   1.3911  13.2673   0.0000   0.0000   0.0000
     129  -0.2330   1.0060  13.0648   0.0000   0.0000   0.0000
     130  -0.1396   0.8448  12.7955   0.0000   0.0000   0.0000
     131  -0.5002   0.6977  12.7062   0.0000   0.0000   0.0000
     132  -1.0022   0.6984  12.8338   0.0000   0.0000   0.0000
     133  -0.9912   0.9996  12.8630   0.0000   0.0000   0.0000
     134  -0.0726   1.1122  13.4416   0.0000   0.0000   0.0000
     135  -0.6458   0.9323  13.0762   0.0000   0.0000   0.0000
     136  -1.5792   0.9970  13.2104   0.0000   0.0000   0.0000
     137  -0.6001   1.0957  12.9186   0.0000   0.0000   0.0000
     138  -1.3859   2.5128  13.1752   0.0000   0.0000   0.0000
     139  -2.0405   1.5263  12.8422   0.0000   0.0000   0.0000
     140  -1.2407   1.1729  12.6545   0.0000   0.0000   0.0000
     141  -0.9290   1.9595  12.3690   0.0000   0.0000   0.0000
     142  -1.7199   0.6176  12.5294   0.0000   0.0000   0.0000
     143  -1.6092   0.8332  12.1709   0.0000   0.0000   0.0000
     144  -1.3911   1.3457  12.1366   0.0000   0.0000   0.0000
     145  -1.2301   0.6011  13.0093   0.0000   0.0000   0.0000
     146  -1.6172   1.2130  13.1431   0.0000   0.0000   0.0000
     147  -1.1265   1.0484  12.1867   0.0000   0.0000   0.0000
     148  -0.8062   0.5058  12.0444   0.0000   0.0000   0.0000
     149  -1.0444   0.6281  12.4010   0.0000   0.0000   0.0000
     150  -0.2063   0.7811  12.8735   0.0000   0.0000   0.0000
     151  -0.7396   0.6339  11.8712   0.0000   0.0000   0.0000
     152  -0.6862   0.3115  12.9495   0.0000   0.0000   0.0000
     153  -0.8413   0.1769  11.8004   0.0000   0.0000   0.0000
     154  -1.1916   0.8259  11.8777   0.0000   0.0000   0.0000
     155  -1.4796   1.2674  10.9042   0.0000   0.0000   0.0000
     156  -0.7824   1.3598  11.4016   0.0000   0.0000   0.0000
     157  -0.2139   1.3784  12.3268   0.0000   0.0000   0.0000
     158  -0.6958   1.2252  12.3358   0.0000   0.0000   0.0000
     159  -1.5960   1.1243  12.2483   0.0000   0.0000   0.0000
     160  -1.1395   0.8942  12.6164   0.0000   0.0000   0.0000
     161  -0.3325   1.3141  13.1507   0.0000   0.0000   0.0000
     162  -0.6259   1.4055  13.1683   0.0000   0.0000   0.0000
     163  -0.6531   0.9410  13.6043   0.0000   0.0000   0.0000
     164  -1.2421   1.3881  13.2745   0.0000   0.0000   0.0000
     165  -1.1145   0.9819  13.8273   0.0000   0.0000   0.0000
     166  -1.1649   1.5025  13.4295   0.0000   0.0000   0.0000
     167  -1.1958   1.7873  13.4313   0.0000   0.0000   0.0000
     168  -1.8806   1.4643  13.7153   0.0000   0.0000   0.0000
     169  -1.8994   1.2779  12.9794   0.0000   0.0000   0.0000
     170  -1.5287   2.4297  13.7056   0.0000   0.0000   0.0000
     171  -1.3753   1.9228  13.4006   0.0000   0.0000   0.0000
     172  -0.7165   1.8318  13.8586   0.0000   0.0000   0.0000
     173  -1.7598   1.6603  13.1015   0.0000   0.0000   0.0000
     174  -0.9705   1.4341  13.1830   0.0000   0.0000   0.0000
     175  -0.6936   2.4532  13.4196   0.0000   0.0000   0.0000
     176  -1.3456   1.7525  13.1138   0.0000   0.0000   0.0000
     177  -1.7187   2.2307  13.3868   0.0000   0.0000   0.0000
     178  -0.8994   2.1044  13.7797   0.0000   0.0000   0.0000
     179  -0.6349   2.2671  13.5238   0.0000   0.0000   0.0000
     180  -0.8725   2.6823  13.6610   0.0000   0.0000   0.0000
     181  -0.5438   1.4810  12.7624   0.0000   0.0000   0.0000
     182   0.4002   1.6813  12.9410   0.0000   0.0000   0.0000
     183  -0.8305   1.8234  13.3732   0.0000   0.0000   0.0000
     184  -1.0645   1.7853  13.3364   0.0000   0.0000   0.0000
     185  -0.3515   2.1581  13.7150   0.0000   0.0000   0.0000
     186  -0.4768   1.7536  12.8575   0.0000   0.0000   0.0000
     187  -0.7312   2.2450  13.4162   0.0000   0.0000   0.0000
     188  -1.7910   2.6044  12.4043   0.0000   0.0000   0.0000
     189  -1.7878   1.8398  13.0954   0.0000   0.0000   0.0000
     190  -0.9310   2.5884  12.7752   0.0000   0.0000   0.0000
     191  -1.1212   2.6019  11.9157   0.0000   0.0000   0.0000
     192  -0.7488   2.6338  12.1080   0.0000   0.0000   0.0000
     193  -1.2837   1.9984  12.1577   0.0000   0.0000   0.0000
     194  -0.7389   2.1156  12.7007   0.0000   0.0000   0.0000
     195  -1.3634   2.6525  11.9135   0.0000   0.0000   0.0000
     196  -1.6505   3.3405  11.1650   0.0000   0.0000   0.0000
     197  -0.6401   2.5164  11.8780   0.0000   0.0000   0.0000
     198  -0.8561   3.1501  12.2537   0.0000   0.0000   0.0000
     199  -1.1240   3.3098  12.4220   0.0000   0.0000   0.0000
     200  -1.2193   3.5867  12.8442   0.0000   0.0000   0.0000
     201  -1.0489   3.8918  12.8751   0.0000   0.0000   0.0000
     202  -0.9167   3.7138  11.8052   0.0000   0.0000   0.0000
     203  -0.7880   3.6812  12.3495   0.0000   0.0000   0.0000
     204  -0.8711   4.1978  12.1654   0.0000   0.0000   0.0000
     205  -0.7422   3.0659  11.7570   0.0000   0.0000   0.0000
     206  -0.9271   3.6964  11.3781   0.0000   0.0000   0.0000
     207  -0.9551   4.1408  11.4752   0.0000   0.0000   0.0000
     208  -0.4549   3.8044  11.5501   0.0000   0.0000   0.0000
     209  -0.4411   3.9774  11.3697   0.0000   0.0000   0.0000
     210   0.1480   4.0464  12.0520   0.0000   0.0000   0.0000
     211   0.9436   3.7746  12.3274   0.0000   0.0000   0.0000
     212   0.1081   3.7058  12.5667   0.0000   0.0000   0.0000
     213  -0.5414   3.3191  13.4407   0.0000   0.0000   0.0000
     214  -0.1689   3.0150  13.4785   0.0000   0.0000   0.0000
     215  -0.2519   2.5552  13.3482   0.0000   0.0000   0.0000
     216   1.0009   1.3240  12.8152   0.0000   0.0000   0.0000
     217   0.5666   1.8416  12.2207   0.0000   0.0000   0.0000
     218   1.0855   2.4264  12.8929   0.0000   0.0000   0.0000
     219   1.2954   2.1749  12.9838   0.0000   0.0000   0.0000
     220   0.3728   1.7635  12.6625   0.0000   0.0000   0.0000
     221   0.1803   1.4773  12.6461   0.0000   0.0000   0.0000
     222   0.3340   2.5817  13.0755   0.0000   0.0000   0.0000
     223  -0.1283   2.3171  13.4341   0.0000   0.0000   0.0000
     224  -0.3025   2.0782  13.5629   0.0000   0.0000   0.0000
     225  -0.4530   2.7339  13.5977   0.0000   0.0000   0.0000
     226  -0.4487   2.1230  13.9819   0.0000   0.0000   0.0000
     227  -0.2910   2.0808  13.3351   0.0000   0.0000   0.0000
     228   0.5851   2.9698  13.3609   0.0000   0.0000   0.0000
     229   0.1247   2.7886  12.4592   0.0000   0.0000   0.0000
     230   1.1071   1.9645  13.1213   0.0000   0.0000   0.0000
     231   0.9397   1.6376  13.4326   0.0000   0.0000   0.0000
     232  -0.7183   2.5561  12.8194   0.0000   0.0000   0.0000
     233  -0.6611   2.2943  13.4289   0.0000   0.0000   0.0000
     234  -0.6297   2.3350  14.1168   0.0000   0.0000   0.0000
     235  -0.4564   2.3169  14.0727   0.0000   0.0000   0.0000
     236  -0.9391   2.3875  13.4426   0.0000   0.0000   0.0000
     237  -0.5803   2.3572  13.8567   0.0000   0.0000   0.0000
     238  -0.4451   2.1529  13.3419   0.0000   0.0000   0.0000
     239  -1.3609   3.5172  13.1104   0.0000   0.0000   0.0000
     240  -1.8863   3.1131  14.2857   0.0000   0.0000   0.0000
     241  -0.9031   4.2939  12.9513   0.0000   0.0000   0.0000
     242  -1.3219   3.0666  13.1669   0.0000   0.0000   0.0000
     243  -0.8535   3.1822  13.1165   0.0000   0.0000   0.0000
     244  -0.7512   2.2137  13.7568   0.0000   0.0000   0.0000
     245  -0.4540   2.7395  13.7272   0.0000   0.0000   0.0000
     246  -0.5757   2.1618  14.0066   0.0000   0.0000   0.0000
     247  -1.0621   2.1305  13.7500   0.0000   0.0000   0.0000
     248  -0.7375   1.9890  13.1911   0.0000   0.0000   0.0000
     249  -0.6630   2.1389  13.4979   0.0000   0.0000   0.0000
     250  -0.4283   1.7713  13.5569   0.0000   0.0000   0.0000
     251  -0.6023   5.2707  11.7643   0.0000   0.0000   0.0000
     252  -0.9160   5.2101  12.0359   0.0000   0.0000   0.0000
     253  -0.7925   5.3354  11.7232   0.0000   0.0000   0.0000
     254  -0.4564   5.3255  11.6055   0.0000   0.0000   0.0000
     255  -0.3714   4.1336  11.7344   0.0000   0.0000   0.0000
     256  -0.7061   5.1456  11.9452   0.0000   0.0000   0.0000
     257  -0.5414   5.0763  11.7769   0.0000   0.0000   0.0000
     258  -0.9089   4.9012  11.9372   0.0000   0.0000   0.0000
     259  -0.5415   5.5864  12.1413   0.0000   0.0000   0.0000
     260   0.2407   5.4382  11.8846   0.0000   0.0000   0.0000
     261  -0.3461   4.7489  12.1853   0.0000   0.0000   0.0000
     262  -1.5869   4.9525  11.6622   0.0000   0.0000   0.0000
     263  -0.8718   6.1300  11.5263   0.0000   0.0000   0.0000
     264  -1.2300   5.5885  11.3515   0.0000   0.0000   0.0000
     265  -1.5415   5.3222  11.4990   0.0000   0.0000   0.0000
     266  -1.5366   5.1962  11.8932   0.0000   0.0000   0.0000
     267  -1.1949   4.7200  12.2576   0.0000   0.0000   0.0000
     268  -0.6968   4.4344  11.8309   0.0000   0.0000   0.0000
     269  -0.5396   4.0505  11.9631   0.0000   0.0000   0.0000
     270  -0.8785   4.2591  12.2456   0.0000   0.0000   0.0000
     271  -0.4386   5.2251  12.5711   0.0000   0.0000   0.0000
     272  -0.4229   4.6981  12.5515   0.0000   0.0000   0.0000
     273  -0.0543   4.8053  12.6782   0.0000   0.0000   0.0000
     274  -0.3965   4.8461  11.9253   0.0000   0.0000   0.0000
     275  -0.8588   5.0545  12.0022   0.0000   0.0000   0.0000
     276   0.3373   4.2596  12.5421   0.0000   0.0000   0.0000
     277  -1.0798   4.7438  11.8505   0.0000   0.0000   0.0000
     278  -0.3040   4.8311  11.7485   0.0000   0.0000   0.0000
     279   0.3812   4.0278  11.9599   0.0000   0.0000   0.0000
     280  -0.0614   4.6004  11.9240   0.0000   0.0000   0.0000
     281  -1.1047   3.9781  11.4330   0.0000   0.0000   0.0000
     282  -0.2640   3.8285  11.4891   0.0000   0.0000   0.0000
     283  -0.3518   4.1042  11.6563   0.0000   0.0000   0.0000
     284   0.5904   4.5286  11.4442   0.0000   0.0000   0.0000
     285  -0.3988   4.0742  12.6760   0.0000   0.0000   0.0000
     286  -0.4486   4.0915  12.1770   0.0000   0.0000   0.0000
     287  -0.9138   3.8700  11.6606   0.0000   0.0000   0.0000
     288   0.0506   3.8497  12.3909   0.0000   0.0000   0.0000
     289  -0.5355   4.1588  12.7009   0.0000   0.0000   0.0000
     290  -0.8183   3.4653  12.7305   0.0000   0.0000   0.0000
     291  -0.6177   5.1995  12.3571   0.0000   0.0000   0.0000
     292  -0.0641   4.9815  12.8980   0.0000   0.0000   0.0000
     293  -0.3818   4.5965  12.8300   0.0000   0.0000   0.0000
     294   0.0957   3.8139  13.1271   0.0000   0.0000   0.0000
     295  -0.5556   4.4317  12.8705   0.0000   0.0000   0.0000
     296  -0.7822   4.6732  13.6033   0.0000   0.0000   0.0000
     297  -0.6122   4.5428  13.3365   0.0000   0.0000   0.0000
     298  -0.0892   4.0937  13.1997   0.0000   0.0000   0.0000
     299   0.1016   4.5340  13.0861   0.0000   0.0000   0.0000
     300   0.7219   4.5761  12.8710   0.0000   0.0000   0.0000
     301   0.0656   3.5635  12.8797   0.0000   0.0000   0.0000
     302   0.5011   3.5667  12.8480   0.0000   0.0000   0.0000
     303  -0.2943   3.5648  12.3726   0.0000   0.0000   0.0000
     304  -0.3550   3.1375  12.1902   0.0000   0.0000   0.0000
     305  -0.0273   2.5759  13.2583   0.0000   0.0000   0.0000
     306   0.7442   2.9705  12.3421   0.0000   0.0000   0.0000
     307   0.2816   3.7656  13.0227   0.0000   0.0000   0.0000
     308   0.4225   4.3340  13.1922   0.0000   0.0000   0.0000
     309   0.7032   4.0832  13.2900   0.0000   0.0000   0.0000
     310   0.2514   3.7374  13.1814   0.0000   0.0000   0.0000
     311  -0.3238   4.4406  12.2578   0.0000   0.0000   0.0000
     312  -0.0176   4.3166  11.8097   0.0000   0.0000   0.0000
     313  -0.5273   4.8074  12.1863   0.0000   0.0000   0.0000
     314  -0.6391   5.5213  12.6497   0.0000   0.0000   0.0000
     315  -0.3486   4.2778  12.1689   0.0000   0.0000   0.0000
     316  -0.2987   4.4087  11.9788   0.0000   0.0000   0.0000
     317  -0.0380   5.2047  11.8634   0.0000   0.0000   0.0000
     318   0.3084   5.3602  11.8494   0.0000   0.0000   0.0000
     319  -0.1238   4.7412  12.1769   0.0000   0.0000   0.0000
     320  -0.2345   4.7908  11.9509   0.0000   0.0000   0.0000
     321  -0.7162   4.4221  11.7497   0.0000   0.0000   0.0000
     322  -1.2650   5.1399  11.0280   0.0000   0.0000   0.0000
     323  -0.1967   5.8882  11.0579   0.0000   0.0000   0.0000
     324   0.0251   5.6110  10.6365   0.0000   0.0000   0.0000
     325  -0.0318   5.8530  10.5751   0.0000   0.0000   0.0000
     326   0.5472   5.6130  10.1583   0.0000   0.0000   0.0000
     327   0.3858   6.2832  11.1859   0.0000   0.0000   0.0000
     328  -0.2434   5.7185  11.4133   0.0000   0.0000   0.0000
     329  -0.0689   6.5038  10.4405   0.0000   0.0000   0.0000
     330   0.0480   6.7605  10.9882   0.0000   0.0000   0.0000
     331   0.0015   5.8722  11.4424   0.0000   0.0000   0.0000
     332   0.1541   4.9726  11.6800   0.0000   0.0000   0.0000
     333   0.6294   4.8879  11.9418   0.0000   0.0000   0.0000
     334   1.0944   6.4352  11.4208   0.0000   0.0000   0.0000
     335   0.2219   6.0425  11.3053   0.0000   0.0000   0.0000
     336   0.4886   5.6837  11.1138   0.0000   0.0000   0.0000
     337   0.1647   6.5546  11.3134   0.0000   0.0000   0.0000
     338  -0.4884   6.6287  11.0781   0.0000   0.0000   0.0000
     339  -0.5546   6.0430  11.9277   0.0000   0.0000   0.0000
     340   0.0410   6.5490  11.9843   0.0000   0.0000   0.0000
     341  -0.0400   6.6609  11.8841   0.0000   0.0000   0.0000
     342  -0.4128   6.9710  12.1925   0.0000   0.0000   0.0000
     343  -0.3520   6.5594  11.4110   0.0000   0.0000   0.0000
     344   0.1871   6.3299  11.2159   0.0000   0.0000   0.0000
     345  -0.5945   7.1634  11.6552   0.0000   0.0000   0.0000
     346  -0.4739   7.0284  11.9008   0.0000   0.0000   0.0000
     347  -0.2375   6.7282  11.1692   0.0000   0.0000   0.0000
     348  -0.9398   6.3791  11.1389   0.0000   0.0000   0.0000
     349  -0.0531   6.2728  12.0319   0.0000   0.0000   0.0000
     350  -0.5836   5.5918  12.3316   0.0000   0.0000   0.0000
     351  -0.4560   5.8732  11.7928   0.0000   0.0000   0.0000
     352   0.4834   6.8149  11.2471   0.0000   0.0000   0.0000
     353   0.3520   5.7708  11.7147   0.0000   0.0000   0.0000
     354  -0.5045   6.9318  11.1503   0.0000   0.0000   0.0000
     355   0.5155   6.2429  11.2842   0.0000   0.0000   0.0000
     356   0.3276   5.2559  11.2617   0.0000   0.0000   0.0000
     357   0.0105   4.9701  10.9077   0.0000   0.0000   0.0000
     358  -0.0094   5.3118  11.2615   0.0000   0.0000   0.0000
     359   0.8077   6.2401  10.9652   0.0000   0.0000   0.0000
     360   0.4787   6.0146  11.7838   0.0000   0.0000   0.0000
     361   0.5794   5.3637  11.7492   0.0000   0.0000   0.0000
     362   0.6963   6.2312  12.5487   0.0000   0.0000   0.0000
     363   0.9714   6.4462  12.7894   0.0000   0.0000   0.0000
     364  -0.2092   6.5685  12.8349   0.0000   0.0000   0.0000
     365  -0.2360   6.3774  12.7533   0.0000   0.0000   0.0000
     366   0.3936   5.8607  12.5665   0.0000   0.0000   0.0000
     367   0.2885   6.6091  12.4974   0.0000   0.0000   0.0000
     368   1.1771   6.4054  12.2730   0.0000   0.0000   0.0000
     369  -0.2963   6.2274  13.0216   0.0000   0.0000   0.0000
     370   0.0541   7.4709  12.7623   0.0000   0.0000   0.0000
     371  -0.5826   7.9655  12.7039   0.0000   0.0000   0.0000
     372  -0.3950   6.9999  13.4558   0.0000   0.0000   0.0000
     373  -0.0710   7.5407  12.9770   0.0000   0.0000   0.0000
     374   1.1105   7.1919  12.4964   0.0000   0.0000   0.0000
     375  -0.3193   6.8224  12.3095   0.0000   0.0000   0.0000
     376   0.0195   7.0229  12.6426   0.0000   0.0000   0.0000
     377   0.4845   6.7445  11.8827   0.0000   0.0000   0.0000
     378   0.9800   6.4536  11.8866   0.0000   0.0000   0.0000
     379   0.3515   6.8430  11.7431   0.0000   0.0000   0.0000
     380  -1.1066   6.3143  11.5622   0.0000   0.0000   0.0000
     381  -0.2954   6.2679  12.3440   0.0000   0.0000   0.0000
     382  -0.1537   7.1412  11.3791   0.0000   0.0000   0.0000
     383   0.4684   6.7070  11.3731   0.0000   0.0000   0.0000
     384  -0.2745   7.2714  11.6673   0.0000   0.0000   0.0000
     385   0.2991   7.3176  11.6344   0.0000   0.0000   0.0000
     386   0.0165   6.6844  11.8096   0.0000   0.0000   0.0000
     387  -0.2865   6.1629  11.8713   0.0000   0.0000   0.0000
     388  -0.1400   6.3700  12.2767   0.0000   0.0000   0.0000
     389  -0.4247   7.1823  12.4307   0.0000   0.0000   0.0000
     390   0.1407   6.6457  12.1060   0.0000   0.0000   0.0000
     391  -0.1652   6.6968  12.4414   0.0000   0.0000   0.0000
     392  -0.1775   6.4784  12.2154   0.0000   0.0000   0.0000
     393  -0.7422   6.4511  12.9038   0.0000   0.0000   0.0000
     394   0.9605   7.3656  12.3682   0.0000   0.0000   0.0000
     395   0.8425   6.7222  12.7459   0.0000   0.0000   0.0000
     396  -0.1207   7.7720  12.2965   0.0000   0.0000   0.0000
     397   0.0900   7.8832  13.1107   0.0000   0.0000   0.0000
     398   0.2670   7.7569  11.9705   0.0000   0.0000   0.0000
     399   0.4502   7.1694  11.6114   0.0000   0.0000   0.0000
     400   0.2540   7.9833  12.2589   0.0000   0.0000   0.0000
     401   0.0166   7.6587  11.6985   0.0000   0.0000   0.0000
     402   0.7789   7.8894  11.9632   0.0000   0.0000   0.0000
     403  -0.7049   8.0285  11.8619   0.0000   0.0000   0.0000
     404  -0.2096   6.9659  12.1949   0.0000   0.0000   0.0000
     405  -0.1786   7.7401  12.0532   0.0000   0.0000   0.0000
     406  -0.9753   7.5088  11.8200   0.0000   0.0000   0.0000
     407  -1.5514   6.8561  11.4689   0.0000   0.0000   0.0000
     408  -0.6444   7.8297  12.0571   0.0000   0.0000   0.0000
     409  -0.5063   7.5215  12.5457   0.0000   0.0000   0.0000
     410  -1.2593   6.6877  12.4024   0.0000   0.0000   0.0000
     411   0.3704   6.0405  12.3680   0.0000   0.0000   0.0000
     412   0.2759   6.2641  11.7074   0.0000   0.0000   0.0000
     413   0.3636   6.8583  11.7214   0.0000   0.0000   0.0000
     414  -0.9140   7.1532  11.7326   0.0000   0.0000   0.0000
     415  -0.7355   6.7545  12.0235   0.0000   0.0000   0.0000
     416  -1.0801   6.2262  12.1977   0.0000   0.0000   0.0000
     417  -0.3649   7.0154  11.7886   0.0000   0.0000   0.0000
     418  -0.9235   6.4999  11.7182   0.0000   0.0000   0.0000
     419  -0.9718   7.5636  12.7386   0.0000   0.0000   0.0000
     420  -1.2170   6.8669  12.2916   0.0000   0.0000   0.0000
     421  -0.7277   6.8703  12.4261   0.0000   0.0000   0.0000
     422  -0.6856   6.0000  12.4166   0.0000   0.0000   0.0000
     423  -1.0838   6.2992  11.8344   0.0000   0.0000   0.0000
     424  -1.2303   7.2523  12.0556   0.0000   0.0000   0.0000
     425  -0.3074   7.7333  11.9943   0.0000   0.0000   0.0000
     426  -0.1561   6.9155  11.8372   0.0000   0.0000   0.0000
     427   0.0133   7.2109  12.7073   0.0000   0.0000   0.0000
     428  -0.2573   7.0175  13.2268   0.0000   0.0000   0.0000
     429  -0.4337   6.8876  12.1128   0.0000   0.0000   0.0000
     430  -0.3147   6.8809  12.8926   0.0000   0.0000   0.0000
     431  -0.4467   7.2476  12.8101   0.0000   0.0000   0.0000
     432  -0.4640   6.5718  12.4876   0.0000   0.0000   0.0000
     433  -1.2325   6.5983  12.9878   0.0000   0.0000   0.0000
     434  -0.3522   6.0841  12.3940   0.0000   0.0000   0.0000
     435  -1.5328   6.2359  12.9318   0.0000   0.0000   0.0000
     436  -1.7131   6.4644  12.8880   0.0000   0.0000   0.0000
     437  -1.1366   5.8648  12.5363   0.0000   0.0000   0.0000
     438  -1.6951   5.7580  13.4698   0.0000   0.0000   0.0000
     439  -1.9599   5.8786  12.4279   0.0000   0.0000   0.0000
     440  -1.5657   5.4218  12.5442   0.0000   0.0000   0.0000
     441  -1.1539   5.9120  13.4094   0.0000   0.0000   0.0000
     442  -1.6603   5.4583  13.0273   0.0000   0.0000   0.0000
     443  -1.9061   5.7054  13.5463   0.0000   0.0000   0.0000
     444  -1.5043   6.0496  12.7538   0.0000   0.0000   0.0000
     445  -1.7363   6.6377  13.0966   0.0000   0.0000   0.0000
     446  -0.3029   6.1053  12.5393   0.0000   0.0000   0.0000
     447  -0.3117   5.9356  12.9374   0.0000   0.0000   0.0000
     448  -0.9396   5.7718  12.7289   0.0000   0.0000   0.0000
     449  -1.4522   6.3546  12.9928   0.0000   0.0000   0.0000
     450  -0.4487   6.9444  12.4770   0.0000   0.0000   0.0000
     451  -0.8057   6.1817  12.7313   0.0000   0.0000   0.0000
     452  -0.6135   6.6003  12.1470   0.0000   0.0000   0.0000
     453  -0.7456   5.7361  12.4915   0.0000   0.0000   0.0000
     454  -0.8331   5.7706  12.8624   0.0000   0.0000   0.0000
     455  -0.9819   5.9513  13.6824   0.0000   0.0000   0.0000
     456  -1.0724   5.8277  13.3612   0.0000   0.0000   0.0000
     457  -1.7213   6.5826  12.9729   0.0000   0.0000   0.0000
     458  -0.0259   5.8987  12.6949   0.0000   0.0000   0.0000
     459  -2.2144   5.8494  13.0002   0.0000   0.0000   0.0000
     460  -0.5358   5.8549  12.8962   0.0000   0.0000   0.0000
     461  -0.8198   5.8782  13.0513   0.0000   0.0000   0.0000
     462  -0.5367   5.8676  13.5970   0.0000   0.0000   0.0000
     463  -0.8967   5.6864  13.0895   0.0000   0.0000   0.0000
     464  -1.5814   6.3735  13.4845   0.0000   0.0000   0.0000
     465  -2.1357   5.7055  13.4513   0.0000   0.0000   0.0000
     466  -2.7993   6.2445  12.7473   0.0000   0.0000   0.0000
     467  -1.7459   6.4278  12.8815   0.0000   0.0000   0.0000
     468  -1.3953   6.9493  13.2243   0.0000   0.0000   0.0000
     469  -1.1673   6.7784  12.6739   0.0000   0.0000   0.0000
     470  -1.1473   6.3467  12.6143   0.0000   0.0000   0.0000
     471  -1.7012   6.0224  12.4533   0.0000   0.0000   0.0000
     472  -2.0340   5.8988  12.7059   0.0000   0.0000   0.0000
     473  -1.5695   5.6538  13.1846   0.0000   0.0000   0.0000
     474  -1.5295   5.6109  12.8826   0.0000   0.0000   0.0000
     475  -1.6543   5.9945  12.4513   0.0000   0.0000   0.0000
     476  -2.8584   5.6510  12.1939   0.0000   0.0000   0.0000
     477  -2.5255   5.7699  12.7335   0.0000   0.0000   0.0000
     478  -1.7405   5.6701  12.7233   0.0000   0.0000   0.0000
     479  -1.6259   5.2210  12.6872   0.0000   0.0000   0.0000
     480  -0.9346   5.1343  11.4190   0.0000   0.0000   0.0000
     481  -0.5383   5.5718  12.0575   0.0000   0.0000   0.0000
     482  -0.4290   5.2106  11.7929   0.0000   0.0000   0.0000
     483  -1.7730   5.5514  11.9338   0.0000   0.0000   0.0000
     484  -2.1346   6.0521  12.4511   0.0000   0.0000   0.0000
     485  -1.2218   6.0199  12.4665   0.0000   0.0000   0.0000
     486  -2.5563   5.8621  12.6199   0.0000   0.0000   0.0000
     487  -1.0288   5.8309  12.3766   0.0000   0.0000   0.0000
     488  -0.7050   7.0080  11.7687   0.0000   0.0000   0.0000
     489  -0.8966   5.8628  11.9161   0.0000   0.0000   0.0000
     490  -1.4010   5.6919  12.0953   0.0000   0.0000   0.0000
     491  -0.5239   5.4605  12.6543   0.0000   0.0000   0.0000
     492  -0.9287   6.3041  12.9711   0.0000   0.0000   0.0000
     493  -1.2759   5.7645  13.2969   0.0000   0.0000   0.0000
     494  -0.9026   6.3591  12.8564   0.0000   0.0000   0.0000
     495  -0.7212   6.5626  13.0052   0.0000   0.0000   0.0000
     496  -1.2443   6.2212  13.0492   0.0000   0.0000   0.0000
     497  -1.1116   6.5428  12.5768   0.0000   0.0000   0.0000
     498  -0.7107   4.9714  12.7205   0.0000   0.0000   0.0000
     499   0.2567   5.5515  13.2840   0.0000   0.0000   0.0000
     500  -1.2189   6.0750  12.4301   0.0000   0.0000   0.0000
     501  -0.6299   5.4892  11.7105   0.0000   0.0000   0.0000
     502  -0.2891   6.7995  12.4010   0.0000   0.0000   0.0000
     503  -0.4932   5.9922  12.9766   0.0000   0.0000   0.0000
     504  -0.0855   6.3561  13.0664   0.0000   0.0000   0.0000
     505  -0.2106   6.9278  12.9174   0.0000   0.0000   0.0000
     506   0.1083   6.9650  13.6415   0.0000   0.0000   0.0000
     507  -0.3270   6.0601  12.8394   0.0000   0.0000   0.0000
     508  -0.4791   6.3686  13.4197   0.0000   0.0000   0.0000
     509  -0.7276   5.8715  13.5339   0.0000   0.0000   0.0000
     510  -1.3740   6.0293  13.4502   0.0000   0.0000   0.0000
     511  -2.2682   6.3549  13.6956   0.0000   0.0000   0.0000
     512  -1.6782   6.0142  12.7606   0.0000   0.0000   0.0000
     513  -1.4835   5.7249  13.3549   0.0000   0.0000   0.0000
     514  -1.5650   6.0046  12.8764   0.0000   0.0000   0.0000
     515  -1.0949   7.0227  12.4540   0.0000   0.0000   0.0000
     516  -0.9457   5.8496  12.1550   0.0000   0.0000   0.0000
     517  -0.6800   6.1030  12.2483   0.0000   0.0000   0.0000
     518  -0.0860   6.2621  12.1329   0.0000   0.0000   0.0000
     519  -0.3201   5.4783  12.8869   0.0000   0.0000   0.0000
     520  -1.2987   5.6112  12.9404   0.0000   0.0000   0.0000
     521  -0.9170   6.1759  13.0318   0.0000   0.0000   0.0000
     522  -1.3159   6.5915  13.3108   0.0000   0.0000   0.0000
     523  -2.0600   6.2937  13.7426   0.0000   0.0000   0.0000
     524  -2.0429   6.5954  12.9991   0.0000   0.0000   0.0000
     525  -1.6140   6.3542  12.7654   0.0000   0.0000   0.0000
     526  -2.3598   6.8467  13.0802   0.0000   0.0000   0.0000
     527  -1.5998   6.4203  11.4252   0.0000   0.0000   0.0000
     528  -2.0908   5.9174  11.1919   0.0000   0.0000   0.0000
     529  -2.1249   6.7082  11.5009   0.0000   0.0000   0.0000
     530  -3.0821   6.1588  12.2798   0.0000   0.0000   0.0000
     531  -2.5932   6.3916  12.3303   0.0000   0.0000   0.0000
     532  -2.0296   6.1510  12.5296   0.0000   0.0000   0.0000
     533  -2.5688   5.5635  12.5868   0.0000   0.0000   0.0000
     534  -1.9382   5.6098  13.4865   0.0000   0.0000   0.0000
     535  -2.0529   5.9205  12.8041   0.0000   0.0000   0.0000
     536  -2.4783   5.8843  11.1368   0.0000   0.0000   0.0000
     537  -2.5711   6.1169  11.6285   0.0000   0.0000   0.0000
     538  -3.1640   6.2971  10.9847   0.0000   0.0000   0.0000
     539  -2.9956   6.7669  11.6240   0.0000   0.0000   0.0000
     540  -2.9210   5.8905  11.1556   0.0000   0.0000   0.0000
     541  -2.2068   7.4611  11.0455   0.0000   0.0000   0.0000
     542  -2.2771   7.4357  11.0835   0.0000   0.0000   0.0000
     543  -2.7614   6.4113  10.8729   0.0000   0.0000   0.0000
     544  -2.8968   6.6075  11.1674   0.0000   0.0000   0.0000
     545  -2.2213   6.2399  11.0702   0.0000   0.0000   0.0000
     546  -2.4296   6.5270  11.0028   0.0000   0.0000   0.0000
     547  -2.0103   6.4968  11.2060   0.0000   0.0000   0.0000
     548  -2.0690   6.9419  10.5667   0.0000   0.0000   0.0000
     549  -2.4921   7.5262  11.2032   0.0000   0.0000   0.0000
     550  -2.3913   6.9451  10.4967   0.0000   0.0000   0.0000
     551  -2.1181   7.6819  10.8817   0.0000   0.0000   0.0000
     552  -1.6319   6.9397  11.1119   0.0000   0.0000   0.0000
     553  -2.1608   7.0994   9.9852   0.0000   0.0000   0.0000
     554  -1.8831   6.8215  10.3710   0.0000   0.0000   0.0000
     555  -0.8005   7.4469  10.0376   0.0000   0.0000   0.0000
     556  -1.0050   6.7818  10.9934   0.0000   0.0000   0.0000
     557  -1.7245   6.2111  10.8995   0.0000   0.0000   0.0000
     558  -1.1984   7.3385  10.4265   0.0000   0.0000   0.0000
     559  -1.5769   6.9195  11.3594   0.0000   0.0000   0.0000
     560  -1.4214   6.6186  10.7898   0.0000   0.0000   0.0000
     561  -1.8674   6.2084  11.4249   0.0000   0.0000   0.0000
     562  -1.9189   6.6944  10.7694   0.0000   0.0000   0.0000
     563  -0.8749   6.0712  10.4566   0.0000   0.0000   0.0000
     564  -1.0777   6.2562  11.5287   0.0000   0.0000   0.0000
     565  -1.7094   6.5002  11.6761   0.0000   0.0000   0.0000
     566  -1.6828   6.2289  12.2352   0.0000   0.0000   0.0000
     567  -1.5573   5.5071  12.3997   0.0000   0.0000   0.0000
     568  -2.0333   6.1407  11.8821   0.0000   0.0000   0.0000
     569  -2.2504   6.3008  12.7553   0.0000   0.0000   0.0000
     570  -1.5972   6.9707  11.9813   0.0000   0.0000   0.0000
     571  -2.2321   6.7429  12.4699   0.0000   0.0000   0.0000
     572  -1.5662   6.1323  11.4752   0.0000   0.0000   0.0000
     573  -1.6222   6.3115  12.0854   0.0000   0.0000   0.0000
     574  -2.4038   6.6284  12.6850   0.0000   0.0000   0.0000
     575  -1.9412   6.5564  12.3335   0.0000   0.0000   0.0000
     576  -2.4256   6.1549  12.9468   0.0000   0.0000   0.0000
     577  -1.9004   5.6567  12.2473   0.0000   0.0000   0.0000
     578  -2.6985   6.0478  12.5915   0.0000   0.0000   0.0000
     579  -1.3728   6.6114  12.2737   0.0000   0.0000   0.0000
     580  -1.5288   6.2120  11.5257   0.0000   0.0000   0.0000
     581  -2.1224   6.8287  11.4372   0.0000   0.0000   0.0000
     582  -2.0767   7.1464  10.8657   0.0000   0.0000   0.0000
     583  -1.4519   7.4987  11.1876   0.0000   0.0000   0.0000
     584  -2.5909   7.1121  11.5158   0.0000   0.0000   0.0000
     585  -2.3174   6.8671  11.5548   0.0000   0.0000   0.0000
     586  -2.2580   6.8892  12.5436   0.0000   0.0000   0.0000
     587  -2.9097   6.5474  12.4301   0.0000   0.0000   0.0000
     588  -2.8326   5.9022  11.9666   0.0000   0.0000   0.0000
     589  -2.7802   6.0668  11.6094   0.0000   0.0000   0.0000
     590  -3.0337   5.6358  12.0069   0.0000   0.0000   0.0000
     591  -2.5116   6.1356  12.0778   0.0000   0.0000   0.0000
     592  -3.0485   6.8932  11.9655   0.0000   0.0000   0.0000
     593  -3.0084   6.3629  12.1693   0.0000   0.0000   0.0000
     594  -2.6729   6.2935  12.0640   0.0000   0.0000   0.0000
     595  -2.6116   7.3493  11.8066   0.0000   0.0000   0.0000
     596  -3.0161   6.7161  12.4685   0.0000   0.0000   0.0000
     597  -2.0277   7.1114  12.4169   0.0000   0.0000   0.0000
     598  -1.2208   6.9532  12.5775   0.0000   0.0000   0.0000
     599  -2.1789   5.9932  12.9784   0.0000   0.0000   0.0000
     600  -1.8528   6.8435  12.6499   0.0000   0.0000   0.0000
     601  -2.4325   6.3581  12.7841   0.0000   0.0000   0.0000
     602  -3.0095   6.7432  12.2195   0.0000   0.0000   0.0000
     603  -2.4494   6.2202  13.3223   0.0000   0.0000   0.0000
     604  -2.5741   6.2254  13.5732   0.0000   0.0000   0.0000
     605  -2.4502   5.5932  12.5344   0.0000   0.0000   0.0000
     606  -2.9195   6.0023  12.3486   0.0000   0.0000   0.0000
     607  -2.8444   5.3325  12.8683   0.0000   0.0000   0.0000
     608  -2.5979   5.4950  12.6842   0.0000   0.0000   0.0000
     609  -2.5563   5.9190  12.3723   0.0000   0.0000   0.0000
     610  -2.2513   6.1168  12.9327   0.0000   0.0000   0.0000
     611  -1.7836   6.6376  12.3533   0.0000   0.0000   0.0000
     612  -2.4783   5.7922  13.5478   0.0000   0.0000   0.0000
     613  -1.8153   5.9233  13.5053   0.0000   0.0000   0.0000
     614  -2.7845   6.0692  13.8975   0.0000   0.0000   0.0000
     615  -2.0432   6.3220  13.7594   0.0000   0.0000   0.0000
     616  -2.0217   6.1358  13.7225   0.0000   0.0000   0.0000
     617  -2.7760   6.5016  13.9623   0.0000   0.0000   0.0000
     618  -2.8309   6.2252  13.3825   0.0000   0.0000   0.0000
     619  -2.3295   5.3565  13.6337   0.0000   0.0000   0.0000
     620  -2.9066   5.8782  13.0594   0.0000   0.0000   0.0000
     621  -3.4287   6.2198  13.7974   0.0000   0.0000   0.0000
     622  -3.7952   6.8008  14.1305   0.0000   0.0000   0.0000
     623  -3.3754   6.1500  13.4767   0.0000   0.0000   0.0000
     624  -3.8054   7.3428  13.8148   0.0000   0.0000   0.0000
     625  -2.8178   7.3910  13.6089   0.0000   0.0000   0.0000
     626  -3.8127   7.7918  13.2644   0.0000   0.0000   0.0000
     627  -2.7424   6.3891  12.4311   0.0000   0.0000   0.0000
     628  -3.4501   6.6741  12.4991   0.0000   0.0000   0.0000
     629  -2.9583   6.7755  12.2424   0.0000   0.0000   0.0000
     630  -3.0349   6.7758  12.4231   0.0000   0.0000   0.0000
     631  -3.6735   6.4775  13.1443   0.0000   0.0000   0.0000
     632  -3.1266   6.4466  13.8693   0.0000   0.0000   0.0000
     633  -1.8372   6.0261  14.5839   0.0000   0.0000   0.0000
     634  -3.6417   5.7047  14.9855   0.0000   0.0000   0.0000
     635  -2.6641   5.5581  14.6441   0.0000   0.0000   0.0000
     636  -1.6827   4.8345  13.9953   0.0000   0.0000   0.0000
     637  -2.2500   5.5158  14.5417   0.0000   0.0000   0.0000
     638  -2.1319   5.4247  14.5918   0.0000   0.0000   0.0000
     639  -2.6570   5.3941  13.7066   0.0000   0.0000   0.0000
     640  -2.1903   6.4676  13.7271   0.0000   0.0000   0.0000
     641  -1.5756   6.2644  14.1086   0.0000   0.0000   0.0000
     642  -2.2805   5.9922  14.7095   0.0000   0.0000   0.0000
     643  -2.9629   6.6643  14.4869   0.0000   0.0000   0.0000
     644  -3.3728   7.0538  14.8388   0.0000   0.0000   0.0000
     645  -3.5945   6.2914  14.6804   0.0000   0.0000   0.0000
     646  -3.2449   7.1161  14.6673   0.0000   0.0000   0.0000
     647  -2.7477   6.2959  14.5846   0.0000   0.0000   0.0000
     648  -3.1285   6.8117  14.4746   0.0000   0.0000   0.0000
     649  -3.2774   6.3448  15.8543   0.0000   0.0000   0.0000
     650  -3.0952   6.4247  14.8835   0.0000   0.0000   0.0000
     651  -2.9537   6.9253  15.1182   0.0000   0.0000   0.0000
     652  -2.8542   6.6484  14.6543   0.0000   0.0000   0.0000
     653  -2.9693   7.0906  14.0619   0.0000   0.0000   0.0000
     654  -2.5018   7.5550  13.8494   0.0000   0.0000   0.0000
     655  -2.9189   7.1221  14.8958   0.0000   0.0000   0.0000
     656  -2.9845   6.8830  14.3732   0.0000   0.0000   0.0000
     657  -2.0725   6.7444  14.7349   0.0000   0.0000   0.0000
     658  -2.3621   7.0659  14.8345   0.0000   0.0000   0.0000
     659  -1.7279   6.7725  14.2578   0.0000   0.0000   0.0000
     660  -1.8302   6.6335  14.2142   0.0000   0.0000   0.0000
     661  -1.5486   6.8388  14.4686   0.0000   0.0000   0.0000
     662  -1.8247   7.1670  14.8046   0.0000   0.0000   0.0000
     663  -2.9933   7.4209  14.9514   0.0000   0.0000   0.0000
     664  -2.2415   6.8637  14.8481   0.0000   0.0000   0.0000
     665  -2.5942   8.0624  15.0952   0.0000   0.0000   0.0000
     666  -2.6608   6.9103  15.0063   0.0000   0.0000   0.0000
     667  -3.5400   6.5536  15.0448   0.0000   0.0000   0.0000
     668  -2.8790   6.9492  14.4277   0.0000   0.0000   0.0000
     669  -2.1834   6.9160  14.8869   0.0000   0.0000   0.0000
     670  -2.4692   6.6118  14.2358   0.0000   0.0000   0.0000
     671  -2.5309   6.1180  14.6297   0.0000   0.0000   0.0000
     672  -2.2419   6.8665  14.8916   0.0000   0.0000   0.0000
     673  -2.3758   6.6711  14.8907   0.0000   0.0000   0.0000
     674  -2.8621   6.7774  14.7043   0.0000   0.0000   0.0000
     675  -2.9933   6.4114  14.7929   0.0000   0.0000   0.0000
     676  -1.5429   6.7510  15.2518   0.0000   0.0000   0.0000
     677  -2.0909   6.9868  14.9242   0.0000   0.0000   0.0000
     678  -1.8918   6.5153  14.8657   0.0000   0.0000   0.0000
     679  -3.3386   7.8533  13.9923   0.0000   0.0000   0.0000
     680  -4.2619   6.7876  14.7068   0.0000   0.0000   0.0000
     681  -4.4444   6.6724  13.9690   0.0000   0.0000   0.0000
     682  -3.6740   6.7124  13.2980   0.0000   0.0000   0.0000
     683  -3.9550   6.9186  14.1832   0.0000   0.0000   0.0000
     684  -3.3875   6.6161  14.5623   0.0000   0.0000   0.0000
     685  -3.7382   7.2927  14.8508   0.0000   0.0000   0.0000
     686  -3.8697   7.1618  14.4815   0.0000   0.0000   0.0000
     687  -2.9044   7.0267  15.4344   0.0000   0.0000   0.0000
     688  -3.9985   8.4319  15.2650   0.0000   0.0000   0.0000
     689  -4.1252   8.1616  14.8999   0.0000   0.0000   0.0000
     690  -2.8043   8.4288  15.4332   0.0000   0.0000   0.0000
     691  -3.0289   8.5907  14.8062   0.0000   0.0000   0.0000
     692  -4.0391   8.2587  14.7031   0.0000   0.0000   0.0000
     693  -2.0689   7.9596  14.6426   0.0000   0.0000   0.0000
     694  -3.1084   7.6400  14.3674   0.0000   0.0000   0.0000
     695  -4.2385   7.4976  15.6099   0.0000   0.0000   0.0000
     696  -2.7286   8.4012  15.0565   0.0000   0.0000   0.0000
     697  -3.8071   6.9622  15.4521   0.0000   0.0000   0.0000
     698  -4.3289   7.7080  15.3954   0.0000   0.0000   0.0000
     699  -3.6176   7.9452  14.6585   0.0000   0.0000   0.0000
     700  -3.2856   7.8864  14.7825   0.0000   0.0000   0.0000
     701  -3.5090   7.7952  15.3384   0.0000   0.0000   0.0000
     702  -3.5247   8.2328  15.1774   0.0000   0.0000   0.0000
     703  -3.6611   8.2338  14.9677   0.0000   0.0000   0.0000
     704  -3.7412   8.1760  15.5246   0.0000   0.0000   0.0000
     705  -3.2203   8.8926  15.1099   0.0000   0.0000   0.0000
     706  -3.3879   8.7020  15.3166   0.0000   0.0000   0.0000
     707  -3.4384   8.4391  14.4467   0.0000   0.0000   0.0000
     708  -4.0700   7.7271  14.9991   0.0000   0.0000   0.0000
     709  -3.3272   8.2947  15.2432   0.0000   0.0000   0.0000
     710  -3.5825   8.4423  14.3416   0.0000   0.0000   0.0000
     711  -3.8788   8.4555  15.0079   0.0000   0.0000   0.0000
     712  -3.4819   7.7770  14.5287   0.0000   0.0000   0.0000
     713  -2.9477   7.8791  15.2827   0.0000   0.0000   0.0000
     714  -3.3218   7.8739  14.6514   0.0000   0.0000   0.0000
     715  -4.1574   8.1203  14.5847   0.0000   0.0000   0.0000
     716  -3.3428   7.8399  15.2472   0.0000   0.0000   0.0000
     717  -3.1044   7.6217  14.8380   0.0000   0.0000   0.0000
     718  -3.0433   7.0386  14.8521   0.0000   0.0000   0.0000
     719  -3.2261   7.2032  14.5409   0.0000   0.0000   0.0000
     720  -3.6643   7.0609  14.7798   0.0000   0.0000   0.0000
     721  -3.0365   7.6377  14.7138   0.0000   0.0000   0.0000
     722  -4.4043   7.1575  14.9476   0.0000   0.0000   0.0000
     723  -3.3932   6.9857  14.4836   0.0000   0.0000   0.0000
     724  -4.8647   7.2222  14.3467   0.0000   0.0000   0.0000
     725  -3.6399   7.4713  14.7249   0.0000   0.0000   0.0000
     726  -3.7980   7.2962  14.9500   0.0000   0.0000   0.0000
     727  -4.2906   7.5837  15.0325   0.0000   0.0000   0.0000
     728  -4.4510   6.6943  14.1169   0.0000   0.0000   0.0000
     729  -4.0819   6.2444  13.8634   0.0000   0.0000   0.0000
     730  -4.0394   5.8378  14.5540   0.0000   0.0000   0.0000
     731  -4.5983   6.3516  13.8325   0.0000   0.0000   0.0000
     732  -4.8848   6.4923  13.8518   0.0000   0.0000   0.0000
     733  -4.9945   7.1044  14.1909   0.0000   0.0000   0.0000
     734  -4.8071   6.6781  14.7848   0.0000   0.0000   0.0000
     735  -4.7384   6.7029  14.4356   0.0000   0.0000   0.0000
     736  -4.3410   6.9587  14.6413   0.0000   0.0000   0.0000
     737  -4.6504   6.3969  14.3396   0.0000   0.0000   0.0000
     738  -5.1477   6.5979  14.3928   0.0000   0.0000   0.0000
     739  -5.1598   6.5239  14.1238   0.0000   0.0000   0.0000
     740  -5.3743   6.5434  13.1646   0.0000   0.0000   0.0000
     741  -4.9405   6.6743  13.8841   0.0000   0.0000   0.0000
     742  -4.7495   7.3706  12.9207   0.0000   0.0000   0.0000
     743  -5.1489   6.8434  13.1651   0.0000   0.0000   0.0000
     744  -4.7314   7.0286  13.7062   0.0000   0.0000   0.0000
     745  -3.6996   6.7738  13.6937   0.0000   0.0000   0.0000
     746  -4.4372   6.8955  13.8030   0.0000   0.0000   0.0000
     747  -4.8268   6.7012  13.9863   0.0000   0.0000   0.0000
     748  -4.7566   6.7064  13.7183   0.0000   0.0000   0.0000
     749  -5.8981   7.0488  13.6035   0.0000   0.0000   0.0000
     750  -5.8586   7.2181  13.7889   0.0000   0.0000   0.0000
     751  -5.5232   6.8554  14.0875   0.0000   0.0000   0.0000
     752  -6.3257   8.0234  13.3304   0.0000   0.0000   0.0000
     753  -5.6264   7.3632  13.7889   0.0000   0.0000   0.0000
     754  -6.2398   6.3275  14.0359   0.0000   0.0000   0.0000
     755  -6.0572   6.8804  14.5941   0.0000   0.0000   0.0000
     756  -5.1234   7.1038  14.0855   0.0000   0.0000   0.0000
     757  -5.8787   6.7486  13.9195   0.0000   0.0000   0.0000
     758  -5.9236   6.5770  14.1139   0.0000   0.0000   0.0000
     759  -5.6641   5.9179  14.5380   0.0000   0.0000   0.0000
     760  -4.8205   6.1309  13.7764   0.0000   0.0000   0.0000
     761  -4.5709   6.0403  14.1071   0.0000   0.0000   0.0000
     762  -5.4380   6.0812  14.4527   0.0000   0.0000   0.0000
     763  -4.5005   6.3601  14.0852   0.0000   0.0000   0.0000
     764  -4.7385   6.5830  13.8276   0.0000   0.0000   0.0000
     765  -4.5301   6.5914  13.9576   0.0000   0.0000   0.0000
     766  -4.9397   6.5096  13.8721   0.0000   0.0000   0.0000
     767  -5.4942   6.8043  13.8007   0.0000   0.0000   0.0000
     768  -4.8831   7.2288  14.0748   0.0000   0.0000   0.0000
     769  -5.1483   6.9242  13.7785   0.0000   0.0000   0.0000
     770  -4.3173   7.1005  14.7769   0.0000   0.0000   0.0000
     771  -6.0133   7.1940  14.0996   0.0000   0.0000   0.0000
     772  -5.4637   6.8400  14.0983   0.0000   0.0000   0.0000
     773  -5.0587   6.4758  13.8707   0.0000   0.0000   0.0000
     774  -4.9164   6.5897  14.3412   0.0000   0.0000   0.0000
     775  -5.3331   7.0990  14.1450   0.0000   0.0000   0.0000
     776  -4.6861   7.5825  13.9987   0.0000   0.0000   0.0000
     777  -5.5932   8.0117  14.1206   0.0000   0.0000   0.0000
     778  -4.6132   7.6938  14.2097   0.0000   0.0000   0.0000
     779  -5.2113   7.6714  13.6397   0.0000   0.0000   0.0000
     780  -6.5017   7.5706  12.7123   0.0000   0.0000   0.0000
     781  -5.2628   7.9368  13.2647   0.0000   0.0000   0.0000
     782  -4.4909   7.6655  13.5823   0.0000   0.0000   0.0000
     783  -5.1410   8.2185  12.8155   0.0000   0.0000   0.0000
     784  -5.5164   7.6501  12.6725   0.0000   0.0000   0.0000
     785  -4.7720   7.5974  12.3611   0.0000   0.0000   0.0000
     786  -5.5809   7.5243  12.2614   0.0000   0.0000   0.0000
     787  -6.2826   7.3524  12.3732   0.0000   0.0000   0.0000
     788  -6.4885   8.2330  13.0126   0.0000   0.0000   0.0000
     789  -6.1674   7.6947  12.9723   0.0000   0.0000   0.0000
     790  -5.7581   7.4549  13.1194   0.0000   0.0000   0.0000
     791  -6.4081   7.7407  12.3547   0.0000   0.0000   0.0000
     792  -5.1609   7.1750  12.5066   0.0000   0.0000   0.0000
     793  -5.7350   7.0238  13.4626   0.0000   0.0000   0.0000
     794  -5.2202   7.1055  13.0343   0.0000   0.0000   0.0000
     795  -5.9820   6.9509  12.4734   0.0000   0.0000   0.0000
     796  -6.0354   6.1228  12.4520   0.0000   0.0000   0.0000
     797  -5.7005   6.6915  13.0043   0.0000   0.0000   0.0000
     798  -5.4579   7.0426  13.4504   0.0000   0.0000   0.0000
     799  -5.1936   7.8794  12.9961   0.0000   0.0000   0.0000
     800  -5.4208   6.1608  13.1394   0.0000   0.0000   0.0000
     801  -5.5616   6.4840  13.8583   0.0000   0.0000   0.0000
     802  -3.9392   5.8606  13.5612   0.0000   0.0000   0.0000
     803  -5.3200   6.0544  12.9359   0.0000   0.0000   0.0000
     804  -4.6694   6.8098  12.9082   0.0000   0.0000   0.0000
     805  -4.5935   5.9777  12.5315   0.0000   0.0000   0.0000
     806  -4.8560   5.8814  12.6066   0.0000   0.0000   0.0000
     807  -4.7399   6.2825  12.9682   0.0000   0.0000   0.0000
     808  -5.4980   6.5505  13.5061   0.0000   0.0000   0.0000
     809  -4.4997   6.7355  13.1469   0.0000   0.0000   0.0000
     810  -4.9449   6.6840  13.1110   0.0000   0.0000   0.0000
     811  -5.1253   6.4771  13.2568   0.0000   0.0000   0.0000
     812  -5.5272   7.4462  12.4466   0.0000   0.0000   0.0000
     813  -5.4128   7.4872  12.4409   0.0000   0.0000   0.0000
     814  -4.9749   7.6176  12.3001   0.0000   0.0000   0.0000
     815  -4.8572   6.4245  12.9177   0.0000   0.0000   0.0000
     816  -5.1714   7.0182  12.3222   0.0000   0.0000   0.0000
     817  -4.9742   7.1573  12.2064   0.0000   0.0000   0.0000
     818  -5.7648   7.3455  12.1842   0.0000   0.0000   0.0000
     819  -5.8411   7.2132  12.2590   0.0000   0.0000   0.0000
     820  -5.5436   7.5716  12.3319   0.0000   0.0000   0.0000
     821  -4.7396   8.4232  12.4341   0.0000   0.0000   0.0000
     822  -4.6696   7.8265  11.5863   0.0000   0.0000   0.0000
     823  -4.4643   7.5665  11.5721   0.0000   0.0000   0.0000
     824  -5.1521   7.7976  12.2170   0.0000   0.0000   0.0000
     825  -4.4295   7.7712  12.4178   0.0000   0.0000   0.0000
     826  -4.1999   7.7332  12.6194   0.0000   0.0000   0.0000
     827  -5.6356   7.9370  12.4992   0.0000   0.0000   0.0000
     828  -5.4528   7.2467  13.4234   0.0000   0.0000   0.0000
     829  -5.5944   7.2448  13.4561   0.0000   0.0000   0.0000
     830  -5.1994   7.1811  13.2361   0.0000   0.0000   0.0000
     831  -5.3299   7.1353  13.3073   0.0000   0.0000   0.0000
     832  -4.7470   6.7560  12.9102   0.0000   0.0000   0.0000
     833  -4.9931   6.5622  13.3971   0.0000   0.0000   0.0000
     834  -4.6571   7.0059  12.9582   0.0000   0.0000   0.0000
     835  -5.7410   7.7262  13.2304   0.0000   0.0000   0.0000
     836  -4.7942   6.4239  13.2888   0.0000   0.0000   0.0000
     837  -4.3785   7.1838  13.4066   0.0000   0.0000   0.0000
     838  -4.9543   6.6219  13.5585   0.0000   0.0000   0.0000
     839  -4.6939   7.1646  13.4338   0.0000   0.0000   0.0000
     840  -4.7432   5.9371  13.7208   0.0000   0.0000   0.0000
     841  -4.5444   6.1252  13.6817   0.0000   0.0000   0.0000
     842  -4.8959   7.0037  13.4476   0.0000   0.0000   0.0000
     843  -4.5483   6.5422  13.6055   0.0000   0.0000   0.0000
     844  -5.2628   7.0838  13.2127   0.0000   0.0000   0.0000
     845  -6.4590   7.3425  12.9266   0.0000   0.0000   0.0000
     846  -5.0096   6.6673  13.0122   0.0000   0.0000   0.0000
     847  -5.3908   7.1526  13.0829   0.0000   0.0000   0.0000
     848  -5.8718   7.9511  12.3907   0.0000   0.0000   0.0000
     849  -6.0282   7.5448  13.2766   0.0000   0.0000   0.0000
     850  -6.6624   8.1715  13.0673   0.0000   0.0000   0.0000
     851  -5.6905   8.1529  13.3675   0.0000   0.0000   0.0000
     852  -6.6081   7.4226  13.5705   0.0000   0.0000   0.0000
     853  -5.1986   7.2434  12.9567   0.0000   0.0000   0.0000
     854  -6.2353   7.2582  12.9660   0.0000   0.0000   0.0000
     855  -6.3538   7.7267  12.5410   0.0000   0.0000   0.0000
     856  -6.0366   7.0676  12.6099   0.0000   0.0000   0.0000
     857  -5.2569   7.1877  12.9450   0.0000   0.0000   0.0000
     858  -5.7590   6.4653  12.6435   0.0000   0.0000   0.0000
     859  -6.1262   6.1277  13.2253   0.0000   0.0000   0.0000
     860  -6.2242   6.0816  13.3874   0.0000   0.0000   0.0000
     861  -5.8512   6.3454  13.5048   0.0000   0.0000   0.0000
     862  -5.0863   6.5018  12.8182   0.0000   0.0000   0.0000
     863  -5.1952   6.5090  12.7335   0.0000   0.0000   0.0000
     864  -5.2248   6.4907  13.1237   0.0000   0.0000   0.0000
     865  -5.3220   6.2905  13.3507   0.0000   0.0000   0.0000
     866  -4.6492   6.9105  12.2854   0.0000   0.0000   0.0000
     867  -4.6008   6.3669  12.7966   0.0000   0.0000   0.0000
     868  -4.4218   6.2838  13.2596   0.0000   0.0000   0.0000
     869  -5.0748   6.6606  13.1164   0.0000   0.0000   0.0000
     870  -4.1901   6.3814  13.3096   0.0000   0.0000   0.0000
     871  -3.7557   7.1942  13.4266   0.0000   0.0000   0.0000
     872  -3.9078   7.7623  12.9573   0.0000   0.0000   0.0000
     873  -3.5313   7.9913  13.6151   0.0000   0.0000   0.0000
     874  -4.0851   7.6188  13.5648   0.0000   0.0000   0.0000
     875  -4.9840   7.6897  13.4872   0.0000   0.0000   0.0000
     876  -4.3483   7.7656  13.2774   0.0000   0.0000   0.0000
     877  -3.8461   7.4719  13.6515   0.0000   0.0000   0.0000
     878  -4.1574   7.1742  13.2197   0.0000   0.0000   0.0000
     879  -4.8685   6.9006  11.9529   0.0000   0.0000   0.0000
     880  -4.5049   6.8419  12.7404   0.0000   0.0000   0.0000
     881  -5.6116   6.5398  12.3846   0.0000   0.0000   0.0000
     882  -5.8280   6.8523  12.6384   0.0000   0.0000   0.0000
     883  -4.5643   6.6172  12.1904   0.0000   0.0000   0.0000
     884  -4.8305   7.2158  12.6145   0.0000   0.0000   0.0000
     885  -5.5877   6.9671  12.7645   0.0000   0.0000   0.0000
     886  -6.0547   7.0197  12.4517   0.0000   0.0000   0.0000
     887  -5.9951   7.2489  12.6474   0.0000   0.0000   0.0000
     888  -6.7753   8.1293  12.8866   0.0000   0.0000   0.0000
     889  -6.6832   7.6866  13.2672   0.0000   0.0000   0.0000
     890  -5.7505   7.1340  13.1851   0.0000   0.0000   0.0000
     891  -6.2485   7.2271  13.5925   0.0000   0.0000   0.0000
     892  -5.8829   6.6324  13.1608   0.0000   0.0000   0.0000
     893  -5.8102   7.0701  13.1304   0.0000   0.0000   0.0000
     894  -6.1242   7.6037  12.4690   0.0000   0.0000   0.0000
     895  -7.4139   7.6956  13.0032   0.0000   0.0000   0.0000
     896  -6.1855   7.4548  12.4802   0.0000   0.0000   0.0000
     897  -7.6205   7.8632  12.6454   0.0000   0.0000   0.0000
     898  -6.3816   7.8070  13.4146   0.0000   0.0000   0.0000
     899  -7.2020   7.2608  13.7320   0.0000   0.0000   0.0000
     900  -7.0513   7.9654  13.4939   0.0000   0.0000   0.0000
     901  -8.0057   8.1261  14.4884   0.0000   0.0000   0.0000
     902  -7.6063   8.2389  14.1621   0.0000   0.0000   0.0000
     903  -7.1560   8.2252  12.6391   0.0000   0.0000   0.0000
     904  -6.4020   8.5418  12.3913   0.0000   0.0000   0.0000
     905  -7.1454   8.2116  12.5689   0.0000   0.0000   0.0000
     906  -6.0915   7.4289  12.3921   0.0000   0.0000   0.0000
     907  -6.9117   7.5605  12.8925   0.0000   0.0000   0.0000
     908  -5.6523   7.6079  13.0281   0.0000   0.0000   0.0000
     909  -6.7689   8.0489  12.9067   0.0000   0.0000   0.0000
     910  -6.2873   7.7449  12.7215   0.0000   0.0000   0.0000
     911  -6.1839   7.7344  12.4552   0.0000   0.0000   0.0000
     912  -6.4154   7.2954  13.0971   0.0000   0.0000   0.0000
     913  -5.4932   6.8852  13.3965   0.0000   0.0000   0.0000
     914  -6.3770   5.8481  13.5950   0.0000   0.0000   0.0000
     915  -5.9751   5.8308  13.3807   0.0000   0.0000   0.0000
     916  -5.4932   5.0860  13.7530   0.0000   0.0000   0.0000
     917  -5.5344   5.8697  13.6428   0.0000   0.0000   0.0000
     918  -5.4314   6.2383  12.8704   0.0000   0.0000   0.0000
     919  -6.2567   5.6078  13.4177   0.0000   0.0000   0.0000
     920  -6.0579   5.7241  12.7230   0.0000   0.0000   0.0000
     921  -5.5700   6.0856  13.3448   0.0000   0.0000   0.0000
     922  -6.0638   7.2345  12.2707   0.0000   0.0000   0.0000
     923  -5.7494   7.1580  12.6318   0.0000   0.0000   0.0000
     924  -5.9692   7.5432  12.5853   0.0000   0.0000   0.0000
     925  -6.6272   7.6318  12.4723   0.0000   0.0000   0.0000
     926  -5.9107   8.8310  12.0768   0.0000   0.0000   0.0000
     927  -6.1514   8.1939  12.5892   0.0000   0.0000   0.0000
     928  -6.2848   8.6584  13.0827   0.0000   0.0000   0.0000
     929  -5.4807   8.5783  12.4428   0.0000   0.0000   0.0000
     930  -5.6962   9.2703  12.5639   0.0000   0.0000   0.0000
     931  -5.9217   8.9028  12.9310   0.0000   0.0000   0.0000
     932  -5.2870   8.5626  12.5423   0.0000   0.0000   0.0000
     933  -5.0867   8.6463  12.7053   0.0000   0.0000   0.0000
     934  -5.2418   8.5575  12.0751   0.0000   0.0000   0.0000
     935  -4.9932   8.5228  12.2110   0.0000   0.0000   0.0000
     936  -5.1510   8.4910  12.8735   0.0000   0.0000   0.0000
     937  -5.4145   7.9034  11.8748   0.0000   0.0000   0.0000
     938  -4.7892   8.1529  12.2170   0.0000   0.0000   0.0000
     939  -6.0699   7.9008  11.6308   0.0000   0.0000   0.0000
     940  -5.6070   8.4804  11.5663   0.0000   0.0000   0.0000
     941  -4.3464   8.8436  11.0519   0.0000   0.0000   0.0000
     942  -5.1531   8.4203  11.2864   0.0000   0.0000   0.0000
     943  -4.9679   8.9842  11.0909   0.0000   0.0000   0.0000
     944  -6.0093   8.1485  11.6333   0.0000   0.0000   0.0000
     945  -5.9864   8.5080  12.2643   0.0000   0.0000   0.0000
     946  -6.3333   8.2576  11.8918   0.0000   0.0000   0.0000
     947  -6.4335   8.3929  11.7710   0.0000   0.0000   0.0000
     948  -6.7175   8.6526  12.1051   0.0000   0.0000   0.0000
     949  -5.6641   8.7691  12.4001   0.0000   0.0000   0.0000
     950  -5.0213   7.6106  12.5451   0.0000   0.0000   0.0000
     951  -6.1860   7.8415  11.9484   0.0000   0.0000   0.0000
     952  -6.5091   7.3096  11.7719   0.0000   0.0000   0.0000
     953  -6.1992   8.2760  12.2641   0.0000   0.0000   0.0000
     954  -6.7388   8.1192  12.1682   0.0000   0.0000   0.0000
     955  -6.9136   8.9519  12.1859   0.0000   0.0000   0.0000
     956  -6.6491   8.6973  12.3636   0.0000   0.0000   0.0000
     957  -6.1693   8.6171  11.9401   0.0000   0.0000   0.0000
     958  -6.4553   8.4463  11.6826   0.0000   0.0000   0.0000
     959  -6.3423   7.8934  11.3918   0.0000   0.0000   0.0000
     960  -5.9426   8.9847  11.7823   0.0000   0.0000   0.0000
     961  -5.9536   8.9105  12.1182   0.0000   0.0000   0.0000
     962  -5.7422   9.0134  12.7029   0.0000   0.0000   0.0000
     963  -6.3884   8.2515  12.1123   0.0000   0.0000   0.0000
     964  -6.0401   9.3087  11.6833   0.0000   0.0000   0.0000
     965  -6.8771   9.3961  11.7224   0.0000   0.0000   0.0000
     966  -6.2189   8.5589  12.2641   0.0000   0.0000   0.0000
     967  -5.7503   8.3119  12.1402   0.0000   0.0000   0.0000
     968  -5.5398   8.8812  12.2602   0.0000   0.0000   0.0000
     969  -5.7582   8.4769  12.2781   0.0000   0.0000   0.0000
     970  -5.7435   8.3569  12.2867   0.0000   0.0000   0.0000
     971  -5.4494   9.3152  12.3365   0.0000   0.0000   0.0000
     972  -5.5541   9.0210  12.1478   0.0000   0.0000   0.0000
     973  -6.6956   8.0941  12.4165   0.0000   0.0000   0.0000
     974  -5.8593   8.0987  12.7218   0.0000   0.0000   0.0000
     975  -5.8112   8.6834  12.7191   0.0000   0.0000   0.0000
     976  -6.2314   7.8477  12.5101   0.0000   0.0000   0.0000
     977  -6.0343   8.0850  12.5581   0.0000   0.0000   0.0000
     978  -5.9284   8.5577  13.0023   0.0000   0.0000   0.0000
     979  -5.5343   7.6914  12.7774   0.0000   0.0000   0.0000
     980  -5.9538   7.6697  12.5068   0.0000   0.0000   0.0000
     981  -5.9998   7.8468  12.7285   0.0000   0.0000   0.0000
     982  -5.7476   7.9212  13.5803   0.0000   0.0000   0.0000
     983  -6.0373   8.3378  13.2921   0.0000   0.0000   0.0000
     984  -5.6737   7.4663  13.5808   0.0000   0.0000   0.0000
     985  -5.7015   7.5269  12.4629   0.0000   0.0000   0.0000
     986  -5.6899   7.6174  13.3891   0.0000   0.0000   0.0000
     987  -5.3566   7.8956  13.0072   0.0000   0.0000   0.0000
     988  -5.5254   6.9933  12.7103   0.0000   0.0000   0.0000
     989  -5.1243   8.0493  13.2681   0.0000   0.0000   0.0000
     990  -5.9286   8.3655  13.1363   0.0000   0.0000   0.0000
     991  -5.5050   8.9394  13.6551   0.0000   0.0000   0.0000
     992  -5.7867   9.7922  12.8599   0.0000   0.0000   0.0000
     993  -6.2703   8.8889  13.1182   0.0000   0.0000   0.0000
     994  -6.3677   9.7544  12.8345   0.0000   0.0000   0.0000
     995  -6.5285   8.8268  12.9123   0.0000   0.0000   0.0000
     996  -5.5586   8.3822  13.0067   0.0000   0.0000   0.0000
     997  -6.3563   9.0035  12.3085   0.0000   0.0000   0.0000
     998  -5.7394   9.4977  12.3242   0.0000   0.0000   0.0000
     999  -5.2164   8.8332  12.9165   0.0000   0.0000   0.0000
    1000  -5.4284   8.9124  12.9796   0.0000   0.0000   0.0000
    1001  -5.4755   8.4494  13.3521   0.0000   0.0000   0.0000
    1002  -6.0575   9.3709  12.4477   0.0000   0.0000   0.0000
    1003  -6.0875   9.9093  13.0119   0.0000   0.0000   0.0000
    1004  -6.1172   9.1193  13.4307   0.0000   0.0000   0.0000
    1005  -6.0151   8.4389  13.6657   0.0000   0.0000   0.0000
    1006  -5.1144   9.0778  13.4857   0.0000   0.0000   0.0000
    1007  -5.1677   8.3236  12.8881   0.0000   0.0000   0.0000
    1008  -5.3013   8.6732  13.3506   0.0000   0.0000   0.0000
    1009  -5.5564   7.4590  13.6800   0.0000   0.0000   0.0000
    1010  -5.2481   7.3180  14.1376   0.0000   0.0000   0.0000
    1011  -5.2683   8.0930  14.1459   0.0000   0.0000   0.0000
    1012  -5.6116   8.5019  13.2526   0.0000   0.0000   0.0000
    1013  -4.8332   8.3843  13.3076   0.0000   0.0000   0.0000
    1014  -4.8207   7.9982  14.3205   0.0000   0.0000   0.0000
    1015  -4.9534   8.6428  14.1274   0.0000   0.0000   0.0000
    1016  -4.9736   8.5774  14.0105   0.0000   0.0000   0.0000
    1017  -3.8990   7.9617  13.5152   0.0000   0.0000   0.0000
    1018  -4.7901   8.3512  13.4729   0.0000   0.0000   0.0000
    1019  -5.0742   8.2228  13.7143   0.0000   0.0000   0.0000
    1020  -5.3292   8.0196  13.4974   0.0000   0.0000   0.0000
    1021  -5.2030   7.6398  14.2215   0.0000   0.0000   0.0000
    1022  -5.4995   8.5150  14.2005   0.0000   0.0000   0.0000
    1023  -5.5544   7.4844  12.7980   0.0000   0.0000   0.0000
    1024  -5.7732   8.3948  13.8948   0.0000   0.0000   0.0000
    1025  -5.4707   7.6404  13.6221   0.0000   0.0000   0.0000
    1026  -6.6397   7.9648  13.3377   0.0000   0.0000   0.0000
    1027  -6.3232   8.4995  13.3122   0.0000   0.0000   0.0000
    1028  -6.1345   8.5981  13.1926   0.0000   0.0000   0.0000
    1029  -5.5557   9.1864  13.2985   0.0000   0.0000   0.0000
    1030  -4.9908   8.6214  12.9095   0.0000   0.0000   0.0000
    1031  -6.0028   8.6900  12.0029   0.0000   0.0000   0.0000
    1032  -5.8516   8.7002  12.2339   0.0000   0.0000   0.0000
    1033  -4.4755   9.1061  12.5168   0.0000   0.0000   0.0000
    1034  -5.4390   8.7197  12.9344   0.0000   0.0000   0.0000
    1035  -5.8860   8.4262  12.7790   0.0000   0.0000   0.0000
    1036  -6.5195   8.5738  13.3100   0.0000   0.0000   0.0000
    1037  -6.1397   9.0679  13.5950   0.0000   0.0000   0.0000
    1038  -6.2860   8.8712  13.0142   0.0000   0.0000   0.0000
    1039  -5.4682   8.6959  12.8388   0.0000   0.0000   0.0000
    1040  -5.7584   9.2344  13.1791   0.0000   0.0000   0.0000
    1041  -6.8673   8.2062  13.7587   0.0000   0.0000   0.0000
    1042  -5.7348   8.2533  13.1664   0.0000   0.0000   0.0000
    1043  -6.1883   8.8733  13.2356   0.0000   0.0000   0.0000
    1044  -5.8425   9.4850  13.0393   0.0000   0.0000   0.0000
    1045  -6.1820   9.5765  13.0119   0.0000   0.0000   0.0000
    1046  -6.5086   8.7729  13.3843   0.0000   0.0000   0.0000
    1047  -5.0507   8.8417  13.5620   0.0000   0.0000   0.0000
    1048  -5.0168   8.5566  14.3165   0.0000   0.0000   0.0000
    1049  -6.0441   8.2313  13.8857   0.0000   0.0000   0.0000
    1050  -6.1357   9.3712  14.6258   0.0000   0.0000   0.0000
    1051  -5.4767   8.6685  14.4456   0.0000   0.0000   0.0000
    1052  -5.6790   9.2749  13.7275   0.0000   0.0000   0.0000
    1053  -5.8143   8.9741  13.6163   0.0000   0.0000   0.0000
    1054  -6.5117   8.5767  13.6449   0.0000   0.0000   0.0000
    1055  -6.2308   8.0096  13.2629   0.0000   0.0000   0.0000
    1056  -6.4080   8.6536  13.8705   0.0000   0.0000   0.0000
    1057  -7.0439   8.6945  13.8789   0.0000   0.0000   0.0000
    1058  -5.5951   8.6458  13.5825   0.0000   0.0000   0.0000
    1059  -5.0450   8.7993  14.5456   0.0000   0.0000   0.0000
    1060  -5.4100   9.4231  14.3989   0.0000   0.0000   0.0000
    1061  -4.8724   8.6803  13.8433   0.0000   0.0000   0.0000
    1062  -6.0146   8.8651  13.8301   0.0000   0.0000   0.0000
    1063  -5.6511   9.0686  13.1916   0.0000   0.0000   0.0000
    1064  -6.0105   9.4016  12.9423   0.0000   0.0000   0.0000
    1065  -5.8351   8.7893  13.6009   0.0000   0.0000   0.0000
    1066  -5.9525   9.6308  13.2124   0.0000   0.0000   0.0000
    1067  -6.4000   7.8980  13.0179   0.0000   0.0000   0.0000
    1068  -6.3773   8.4722  13.1157   0.0000   0.0000   0.0000
    1069  -6.7302   8.1835  13.0018   0.0000   0.0000   0.0000
    1070  -6.8212   8.5485  13.0292   0.0000   0.0000   0.0000
    1071  -6.7627   9.0169  12.7762   0.0000   0.0000   0.0000
    1072  -7.4157   8.6685  12.5254   0.0000   0.0000   0.0000
    1073  -6.4893   8.7479  13.4049   0.0000   0.0000   0.0000
    1074  -7.5095   9.0604  13.7502   0.0000   0.0000   0.0000
    1075  -6.8016   8.6862  13.7206   0.0000   0.0000   0.0000
    1076  -6.1098   7.9447  14.1902   0.0000   0.0000   0.0000
    1077  -5.6441   8.4857  14.1739   0.0000   0.0000   0.0000
    1078  -6.1076   7.9331  14.2188   0.0000   0.0000   0.0000
    1079  -5.3526   8.3203  13.5156   0.0000   0.0000   0.0000
    1080  -5.5631   7.5692  13.6479   0.0000   0.0000   0.0000
    1081  -5.9579   7.1884  13.8231   0.0000   0.0000   0.0000
    1082  -5.3292   7.0130  13.5151   0.0000   0.0000   0.0000
    1083  -6.2727   7.3686  13.3200   0.0000   0.0000   0.0000
    1084  -5.6711   7.4905  13.0609   0.0000   0.0000   0.0000
    1085  -5.5496   7.2514  13.0963   0.0000   0.0000   0.0000
    1086  -5.9387   6.6243  13.4827   0.0000   0.0000   0.0000
    1087  -6.3214   6.4083  13.2217   0.0000   0.0000   0.0000
    1088  -5.4713   6.8291  12.1974   0.0000   0.0000   0.0000
    1089  -6.2032   7.3374  12.0850   0.0000   0.0000   0.0000
    1090  -7.1431   7.0106  12.1467   0.0000   0.0000   0.0000
    1091  -6.5510   6.0818  12.3527   0.0000   0.0000   0.0000
    1092  -6.6163   6.0527  12.2326   0.0000   0.0000   0.0000
    1093  -5.9184   6.4616  12.3995   0.0000   0.0000   0.0000
    1094  -6.2591   7.8116  12.3668   0.0000   0.0000   0.0000
    1095  -6.1142   7.2427  12.2609   0.0000   0.0000   0.0000
    1096  -5.8009   6.8003  12.5783   0.0000   0.0000   0.0000
    1097  -6.0956   6.5967  13.6248   0.0000   0.0000   0.0000
    1098  -6.3172   7.0723  12.7759   0.0000   0.0000   0.0000
    1099  -5.4374   7.6690  13.7581   0.0000   0.0000   0.0000
    1100  -5.8119   7.5071  12.9100   0.0000   0.0000   0.0000
    1101  -4.9336   7.3508  12.6702   0.0000   0.0000   0.0000
    1102  -5.0850   7.6268  13.4680   0.0000   0.0000   0.0000
    1103  -6.0716   7.4509  13.6910   0.0000   0.0000   0.0000
    1104  -4.8871   7.7858  13.9034   0.0000   0.0000   0.0000
    1105  -4.8061   7.9995  13.5377   0.0000   0.0000   0.0000
    1106  -4.7864   8.0665  12.7309   0.0000   0.0000   0.0000
    1107  -4.5199   7.6796  13.9062   0.0000   0.0000   0.0000
    1108  -4.7709   7.9101  13.5040   0.0000   0.0000   0.0000
    1109  -4.6624   8.4724  13.2330   0.0000   0.0000   0.0000
    1110  -4.4533   7.5331  13.0770   0.0000   0.0000   0.0000
    1111  -4.3416   8.4534  13.9627   0.0000   0.0000   0.0000
    1112  -4.8246   7.9249  13.1287   0.0000   0.0000   0.0000
    1113  -4.5994   8.1271  12.9035   0.0000   0.0000   0.0000
    1114  -3.9880   7.6894  13.6790   0.0000   0.0000   0.0000
    1115  -4.4010   8.7558  13.7326   0.0000   0.0000   0.0000
    1116  -5.3262   8.7334  13.7164   0.0000   0.0000   0.0000
    1117  -5.1014   8.3851  13.5924   0.0000   0.0000   0.0000
    1118  -5.1067   8.6641  13.8651   0.0000   0.0000   0.0000
    1119  -5.0774   7.9668  14.2127   0.0000   0.0000   0.0000
    1120  -4.1457   7.9841  14.5132   0.0000   0.0000   0.0000
    1121  -4.5399   8.3404  14.5515   0.0000   0.0000   0.0000
    1122  -4.6758   7.2515  14.5117   0.0000   0.0000   0.0000
    1123  -4.9377   7.8131  14.9931   0.0000   0.0000   0.0000
    1124  -4.8563   8.4053  14.5441   0.0000   0.0000   0.0000
    1125  -4.8628   7.7616  14.3503   0.0000   0.0000   0.0000
    1126  -5.1286   8.2769  15.3585   0.0000   0.0000   0.0000
    1127  -5.4808   7.4329  15.3740   0.0000   0.0000   0.0000
    1128  -4.4690   8.0193  15.1572   0.0000   0.0000   0.0000
    1129  -5.6011   6.9086  15.0486   0.0000   0.0000   0.0000
    1130  -5.3746   7.2464  15.2896   0.0000   0.0000   0.0000
    1131  -6.0723   7.3712  14.4596   0.0000   0.0000   0.0000
    1132  -5.3783   7.6835  14.1267   0.0000   0.0000   0.0000
    1133  -5.0761   7.3165  13.9086   0.0000   0.0000   0.0000
    1134  -5.6352   7.5468  14.3347   0.0000   0.0000   0.0000
    1135  -5.4596   6.5956  13.9708   0.0000   0.0000   0.0000
    1136  -5.6563   7.0507  14.2647   0.0000   0.0000   0.0000
    1137  -5.6215   7.6329  14.2149   0.0000   0.0000   0.0000
    1138  -5.6751   7.3496  13.9129   0.0000   0.0000   0.0000
    1139  -5.4934   7.3381  14.2832   0.0000   0.0000   0.0000
    1140  -5.0764   7.1292  14.1821   0.0000   0.0000   0.0000
    1141  -6.1704   7.0557  13.9664   0.0000   0.0000   0.0000
    1142  -5.8854   6.8377  13.6516   0.0000   0.0000   0.0000
    1143  -5.5266   6.9508  14.1143   0.0000   0.0000   0.0000
    1144  -5.1504   7.1417  14.2175   0.0000   0.0000   0.0000
    1145  -5.0337   7.8234  14.2732   0.0000   0.0000   0.0000
    1146  -5.6098   8.3918  15.2757   0.0000   0.0000   0.0000
    1147  -5.8361   8.0511  15.7289   0.0000   0.0000   0.0000
    1148  -5.2591   8.8618  14.8071   0.0000   0.0000   0.0000
    1149  -5.2626   8.9272  15.2507   0.0000   0.0000   0.0000
    1150  -4.6842   8.2018  15.2294   0.0000   0.0000   0.0000
    1151  -4.9390   8.3785  15.3807   0.0000   0.0000   0.0000
    1152  -5.2160   7.5583  14.6537   0.0000   0.0000   0.0000
    1153  -4.5421   7.5958  15.1593   0.0000   0.0000   0.0000
    1154  -4.5382   7.8036  15.0806   0.0000   0.0000   0.0000
    1155  -4.7213   7.5468  15.3502   0.0000   0.0000   0.0000
    1156  -5.3283   7.9373  15.1742   0.0000   0.0000   0.0000
    1157  -4.1916   7.4978  15.6281   0.0000   0.0000   0.0000
    1158  -5.1100   8.4125  14.9820   0.0000   0.0000   0.0000
    1159  -4.2881   8.3673  15.2735   0.0000   0.0000   0.0000
    1160  -4.3775   7.9820  14.6170   0.0000   0.0000   0.0000
    1161  -4.3102   8.6645  14.6243   0.0000   0.0000   0.0000
    1162  -3.5281   7.7002  14.1319   0.0000   0.0000   0.0000
    1163  -4.1897   7.9738  13.5587   0.0000   0.0000   0.0000
    1164  -3.8283   8.2623  13.3920   0.0000   0.0000   0.0000
    1165  -2.5274   8.6668  14.5383   0.0000   0.0000   0.0000
    1166  -2.7759   8.6378  14.7024   0.0000   0.0000   0.0000
    1167  -2.7448   8.2398  14.6211   0.0000   0.0000   0.0000
    1168  -3.5509   8.1178  13.9749   0.0000   0.0000   0.0000
    1169  -4.0327   8.8381  14.0650   0.0000   0.0000   0.0000
    1170  -4.1801   7.3264  14.5295   0.0000   0.0000   0.0000
    1171  -4.1341   7.4805  14.9141   0.0000   0.0000   0.0000
    1172  -3.6488   7.4123  14.4164   0.0000   0.0000   0.0000
    1173  -3.7120   7.0738  14.1046   0.0000   0.0000   0.0000
    1174  -3.3624   7.6321  14.4025   0.0000   0.0000   0.0000
    1175  -2.9823   7.4400  13.9572   0.0000   0.0000   0.0000
    1176  -3.1979   8.5813  13.8575   0.0000   0.0000   0.0000
    1177  -2.8450   8.0883  14.0650   0.0000   0.0000   0.0000
    1178  -3.3612   8.1552  13.5954   0.0000   0.0000   0.0000
    1179  -3.7765   7.4415  13.9468   0.0000   0.0000   0.0000
    1180  -3.4509   8.6623  13.4588   0.0000   0.0000   0.0000
    1181  -3.1900   8.0838  13.3899   0.0000   0.0000   0.0000
    1182  -4.0397   8.0798  12.7442   0.0000   0.0000   0.0000
    1183  -3.6778   7.8713  12.8343   0.0000   0.0000   0.0000
    1184  -3.7488   7.6830  12.9317   0.0000   0.0000   0.0000
    1185  -3.4506   7.6333  13.8504   0.0000   0.0000   0.0000
    1186  -3.9642   7.4129  13.6283   0.0000   0.0000   0.0000
    1187  -3.4395   8.2658  13.1944   0.0000   0.0000   0.0000
    1188  -3.2025   8.3663  12.8308   0.0000   0.0000   0.0000
    1189  -3.5945   8.5905  14.0714   0.0000   0.0000   0.0000
    1190  -3.0617   8.4778  13.8392   0.0000   0.0000   0.0000
    1191  -4.1029   8.8070  12.3873   0.0000   0.0000   0.0000
    1192  -4.7931   9.6127  13.2632   0.0000   0.0000   0.0000
    1193  -4.3204   9.4279  13.8397   0.0000   0.0000   0.0000
    1194  -5.2554   9.2209  13.4743   0.0000   0.0000   0.0000
    1195  -4.4996   9.5069  14.7736   0.0000   0.0000   0.0000
    1196  -3.6178   9.3366  14.4297   0.0000   0.0000   0.0000
    1197  -4.5906   8.1259  14.9987   0.0000   0.0000   0.0000
    1198  -4.2712   7.8699  14.5177   0.0000   0.0000   0.0000
    1199  -4.6820   8.2244  14.0511   0.0000   0.0000   0.0000
    1200  -4.0486   9.0499  13.7749   0.0000   0.0000   0.0000
    1201  -4.2837   8.8561  13.4759   0.0000   0.0000   0.0000
    1202  -4.5965   8.8175  14.9198   0.0000   0.0000   0.0000
    1203  -4.2002   8.5252  14.5804   0.0000   0.0000   0.0000
    1204  -5.4939   8.6881  15.1291   0.0000   0.0000   0.0000
    1205  -4.9262   9.2108  14.5463   0.0000   0.0000   0.0000
    1206  -5.2640   8.7919  14.3915   0.0000   0.0000   0.0000
    1207  -4.2640   8.3252  13.0885   0.0000   0.0000   0.0000
    1208  -5.5953   8.1264  13.8001   0.0000   0.0000   0.0000
    1209  -5.9329   8.0897  13.8950   0.0000   0.0000   0.0000
    1210  -5.9072   9.0458  13.3843   0.0000   0.0000   0.0000
    1211  -5.9461   8.0430  13.1358   0.0000   0.0000   0.0000
    1212  -6.1286   8.8433  13.9381   0.0000   0.0000   0.0000
    1213  -4.8985   8.5522  14.6293   0.0000   0.0000   0.0000
    1214  -6.0235   8.6354  14.5193   0.0000   0.0000   0.0000
    1215  -4.4273   9.5427  14.5017   0.0000   0.0000   0.0000
    1216  -5.6998   9.1054  14.1603   0.0000   0.0000   0.0000
    1217  -5.5039  10.1115  14.3906   0.0000   0.0000   0.0000
    1218  -5.1326   9.7610  14.2961   0.0000   0.0000   0.0000
    1219  -4.9478  10.0718  14.1828   0.0000   0.0000   0.0000
    1220  -4.3955   9.7879  13.2786   0.0000   0.0000   0.0000
    1221  -5.0226   9.8410  13.2970   0.0000   0.0000   0.0000
    1222  -3.0867   9.3901  14.0665   0.0000   0.0000   0.0000
    1223  -3.5629   9.6482  13.9233   0.0000   0.0000   0.0000
    1224  -4.1768   9.3549  13.6406   0.0000   0.0000   0.0000
    1225  -3.4765   8.4755  14.5066   0.0000   0.0000   0.0000
    1226  -3.7204   8.7195  13.6892   0.0000   0.0000   0.0000
    1227  -3.8161   8.9216  13.0770   0.0000   0.0000   0.0000
    1228  -3.7924   9.0925  12.8479   0.0000   0.0000   0.0000
    1229  -3.4006   8.8724  13.4099   0.0000   0.0000   0.0000
    1230  -4.8196   8.4820  13.1806   0.0000   0.0000   0.0000
    1231  -4.4971   8.4634  13.5326   0.0000   0.0000   0.0000
    1232  -5.2312   7.3264  13.8637   0.0000   0.0000   0.0000
    1233  -5.3688   8.0375  13.6634   0.0000   0.0000   0.0000
    1234  -4.5276   7.6292  14.7122   0.0000   0.0000   0.0000
    1235  -4.1597   8.1776  14.3847   0.0000   0.0000   0.0000
    1236  -4.6813   9.1373  15.1380   0.0000   0.0000   0.0000
    1237  -4.8668   7.8678  15.2545   0.0000   0.0000   0.0000
    1238  -4.7869   8.0564  14.1533   0.0000   0.0000   0.0000
    1239  -5.0405   7.9714  14.0004   0.0000   0.0000   0.0000
    1240  -5.9357   6.3658  14.0975   0.0000   0.0000   0.0000
    1241  -5.6112   7.7987  14.3153   0.0000   0.0000   0.0000
    1242  -5.5894   7.2582  13.7244   0.0000   0.0000   0.0000
    1243  -5.7355   7.5600  13.4319   0.0000   0.0000   0.0000
    1244  -5.0230   8.0921  13.7386   0.0000   0.0000   0.0000
    1245  -5.3451   8.4869  13.2780   0.0000   0.0000   0.0000
    1246  -4.6548   8.8279  13.6009   0.0000   0.0000   0.0000
    1247  -5.4525   7.8499  14.3343   0.0000   0.0000   0.0000
    1248  -4.2636   8.2114  13.4427   0.0000   0.0000   0.0000
    1249  -4.4984   8.5022  13.8059   0.0000   0.0000   0.0000
    1250  -5.7487   7.2805  14.0600   0.0000   0.0000   0.0000
    1251  -5.6826   7.9699  14.0468   0.0000   0.0000   0.0000
    1252  -5.6047   8.3849  14.4818   0.0000   0.0000   0.0000
    1253  -5.4215   6.9527  14.6701   0.0000   0.0000   0.0000
    1254  -6.3169   7.4191  14.7417   0.0000   0.0000   0.0000
    1255  -6.4559   6.5234  14.4037   0.0000   0.0000   0.0000
    1256  -5.9916   7.7321  14.5977   0.0000   0.0000   0.0000
    1257  -5.5773   6.9410  14.3091   0.0000   0.0000   0.0000
    1258  -5.2734   7.3573  13.5369   0.0000   0.0000   0.0000
    1259  -5.1645   7.5091  14.7689   0.0000   0.0000   0.0000
    1260  -5.5192   7.3931  14.9307   0.0000   0.0000   0.0000
    1261  -4.8400   8.1179  15.0412   0.0000   0.0000   0.0000
    1262  -5.1325   7.0004  14.5296   0.0000   0.0000   0.0000
    1263  -5.5074   7.3653  14.8433   0.0000   0.0000   0.0000
    1264  -5.2418   7.4321  15.2478   0.0000   0.0000   0.0000
    1265  -5.2891   8.4554  14.0050   0.0000   0.0000   0.0000
    1266  -5.1038   7.2954  15.5522   0.0000   0.0000   0.0000
    1267  -5.2703   8.2215  15.2512   0.0000   0.0000   0.0000
    1268  -5.0591   8.1824  14.6475   0.0000   0.0000   0.0000
    1269  -4.7665   8.5003  14.5805   0.0000   0.0000   0.0000
    1270  -4.8371   8.1221  14.0657   0.0000   0.0000   0.0000
    1271  -4.1471   7.6687  14.9555   0.0000   0.0000   0.0000
    1272  -4.2576   8.1591  14.5194   0.0000   0.0000   0.0000
    1273  -4.5500   7.8458  15.0166   0.0000   0.0000   0.0000
    1274  -4.7133   7.3575  14.8512   0.0000   0.0000   0.0000
    1275  -5.2115   8.0781  15.1871   0.0000   0.0000   0.0000
    1276  -4.7423   7.9503  14.7012   0.0000   0.0000   0.0000
    1277  -5.1926   8.3838  14.4827   0.0000   0.0000   0.0000
    1278  -5.2307   8.0076  13.7845   0.0000   0.0000   0.0000
    1279  -5.3892   8.3144  13.7795   0.0000   0.0000   0.0000
    1280  -5.3305   8.7044  14.0484   0.0000   0.0000   0.0000
    1281  -6.0281   9.1009  12.9922   0.0000   0.0000   0.0000
    1282  -6.8698   8.5278  12.8664   0.0000   0.0000   0.0000
    1283  -6.6405   8.2732  13.8614   0.0000   0.0000   0.0000
    1284  -5.7475   9.1419  13.7257   0.0000   0.0000   0.0000
    1285  -5.4199   8.8174  13.6209   0.0000   0.0000   0.0000
    1286  -5.0968   8.8711  14.2806   0.0000   0.0000   0.0000
    1287  -5.2342   9.0520  13.8963   0.0000   0.0000   0.0000
    1288  -5.7752   8.2753  14.1522   0.0000   0.0000   0.0000
    1289  -4.4886   8.8251  13.3823   0.0000   0.0000   0.0000
    1290  -5.2892   8.5477  13.3672   0.0000   0.0000   0.0000
    1291  -6.4169   7.9339  13.8825   0.0000   0.0000   0.0000
    1292  -6.1068   8.3531  13.4334   0.0000   0.0000   0.0000
    1293  -5.5185   8.6863  13.9834   0.0000   0.0000   0.0000
    1294  -5.3790   8.5500  14.3589   0.0000   0.0000   0.0000
    1295  -4.2561   9.2352  13.3954   0.0000   0.0000   0.0000
    1296  -6.0533   8.7367  12.6184   0.0000   0.0000   0.0000
    1297  -5.3758   9.0205  13.1907   0.0000   0.0000   0.0000
    1298  -5.5554   9.7082  13.0625   0.0000   0.0000   0.0000
    1299  -5.8905   9.2060  12.4234   0.0000   0.0000   0.0000
    1300  -6.0017   9.0280  12.5448   0.0000   0.0000   0.0000
    1301  -4.9762   8.4674  13.0242   0.0000   0.0000   0.0000
    1302  -5.8469   9.7132  11.9945   0.0000   0.0000   0.0000
    1303  -5.3596   8.7463  13.0780   0.0000   0.0000   0.0000
    1304  -5.6072   9.5213  13.1638   0.0000   0.0000   0.0000
    1305  -5.4196   9.7178  12.7986   0.0000   0.0000   0.0000
    1306  -5.7254   8.7327  12.8058   0.0000   0.0000   0.0000
    1307  -5.5934   8.6172  12.6227   0.0000   0.0000   0.0000
    1308  -6.0693   9.1978  13.0421   0.0000   0.0000   0.0000
    1309  -5.7446   8.8322  12.3347   0.0000   0.0000   0.0000
    1310  -5.6532   8.8133  11.7646   0.0000   0.0000   0.0000
    1311  -6.3087   8.3212  12.4849   0.0000   0.0000   0.0000
    1312  -6.2319   8.1934  11.9182   0.0000   0.0000   0.0000
    1313  -6.3524   8.5832  11.3482   0.0000   0.0000   0.0000
    1314  -5.9469   8.3215  11.4875   0.0000   0.0000   0.0000
    1315  -5.8449   8.7435  11.4146   0.0000   0.0000   0.0000
    1316  -5.7781   8.9993  12.3060   0.0000   0.0000   0.0000
    1317  -5.9004   8.8701  12.2935   0.0000   0.0000   0.0000
    1318  -5.0400   8.7489  12.4480   0.0000   0.0000   0.0000
    1319  -5.7445   9.6343  12.2840   0.0000   0.0000   0.0000
    1320  -5.6989   9.2941  12.5051   0.0000   0.0000   0.0000
    1321  -6.2086   8.9055  12.7599   0.0000   0.0000   0.0000
    1322  -5.7545   9.2238  12.2908   0.0000   0.0000   0.0000
    1323  -5.3800   8.8646  12.1557   0.0000   0.0000   0.0000
    1324  -5.4472   8.3893  12.4183   0.0000   0.0000   0.0000
    1325  -5.7216   7.9352  11.7667   0.0000   0.0000   0.0000
    1326  -5.8876   8.5060  11.8563   0.0000   0.0000   0.0000
    1327  -5.6209   7.3106  12.1398   0.0000   0.0000   0.0000
    1328  -6.4049   7.2971  11.8072   0.0000   0.0000   0.0000
    1329  -5.8431   8.3751  11.0291   0.0000   0.0000   0.0000
    1330  -6.7091   9.2864  11.4484   0.0000   0.0000   0.0000
    1331  -6.0408   8.0764  11.4826   0.0000   0.0000   0.0000
    1332  -5.8793   8.6256  11.0627   0.0000   0.0000   0.0000
    1333  -6.1783   8.1004  11.8628   0.0000   0.0000   0.0000
    1334  -6.3437   9.0108  11.9244   0.0000   0.0000   0.0000
    1335  -6.4808  10.0576  10.8730   0.0000   0.0000   0.0000
    1336  -4.9667   9.9035  11.1800   0.0000   0.0000   0.0000
    1337  -5.2210   9.3737  10.9610   0.0000   0.0000   0.0000
    1338  -5.9412   9.2210  10.7655   0.0000   0.0000   0.0000
    1339  -5.1398   8.4666  10.8542   0.0000   0.0000   0.0000
    1340  -5.7896   8.6787  10.2442   0.0000   0.0000   0.0000
    1341  -5.8694   8.5977  10.1678   0.0000   0.0000   0.0000
    1342  -5.8910   7.7886  11.0276   0.0000   0.0000   0.0000
    1343  -5.3013   8.4609  10.3782   0.0000   0.0000   0.0000
    1344  -5.3869   7.7467  11.0015   0.0000   0.0000   0.0000
    1345  -5.7771   8.9085  10.5884   0.0000   0.0000   0.0000
    1346  -5.5855   8.7514  10.2931   0.0000   0.0000   0.0000
    1347  -5.1171   9.0568  10.3290   0.0000   0.0000   0.0000
    1348  -6.4511   9.4933  10.2137   0.0000   0.0000   0.0000
    1349  -5.6250   8.5157   9.5635   0.0000   0.0000   0.0000
    1350  -5.9108   8.5043  10.5869   0.0000   0.0000   0.0000
    1351  -5.6912   8.9078   9.6847   0.0000   0.0000   0.0000
    1352  -5.7241   8.4059  10.0420   0.0000   0.0000   0.0000
    1353  -6.1926   8.9277   9.2133   0.0000   0.0000   0.0000
    1354  -6.5929   9.0556   8.9791   0.0000   0.0000   0.0000
    1355  -5.2958   8.2366   9.6353   0.0000   0.0000   0.0000
    1356  -5.1482   8.1733   9.4717   0.0000   0.0000   0.0000
    1357  -5.2509   7.8768  10.5930   0.0000   0.0000   0.0000
    1358  -5.9143   7.2283  11.2999   0.0000   0.0000   0.0000
    1359  -5.6210   7.5029  11.0055   0.0000   0.0000   0.0000
    1360  -5.9759   7.2592  11.0654   0.0000   0.0000   0.0000
    1361  -5.2208   6.7695  11.1492   0.0000   0.0000   0.0000
    1362  -5.4437   6.9755  10.9686   0.0000   0.0000   0.0000
    1363  -5.0746   6.9197  11.4587   0.0000   0.0000   0.0000
    1364  -4.8356   6.9616  10.3769   0.0000   0.0000   0.0000
    1365  -5.5330   7.5979  10.6829   0.0000   0.0000   0.0000
    1366  -5.8255   7.1460  10.0195   0.0000   0.0000   0.0000
    1367  -7.0535   7.3533  10.4828   0.0000   0.0000   0.0000
    1368  -6.1389   7.8983   9.9877   0.0000   0.0000   0.0000
    1369  -6.2341   7.1810  10.0477   0.0000   0.0000   0.0000
    1370  -6.3093   7.6881  10.0640   0.0000   0.0000   0.0000
    1371  -5.9953   7.7211   9.7670   0.0000   0.0000   0.0000
    1372  -6.5076   6.6987   9.8871   0.0000   0.0000   0.0000
    1373  -6.7232   6.9168   9.6352   0.0000   0.0000   0.0000
    1374  -6.9672   8.0681   9.9599   0.0000   0.0000   0.0000
    1375  -6.0613   7.9461  10.6747   0.0000   0.0000   0.0000
    1376  -6.6448   7.6454  10.5768   0.0000   0.0000   0.0000
    1377  -6.6510   8.4524  10.1786   0.0000   0.0000   0.0000
    1378  -7.6595   8.1186  10.0445   0.0000   0.0000   0.0000
    1379  -7.4607   8.2190  10.4951   0.0000   0.0000   0.0000
    1380  -7.7229   7.6316  10.7156   0.0000   0.0000   0.0000
    1381  -6.9918   7.7347  10.6270   0.0000   0.0000   0.0000
    1382  -6.8567   7.7291  10.1083   0.0000   0.0000   0.0000
    1383  -6.6961   7.7651  11.3474   0.0000   0.0000   0.0000
    1384  -6.9045   8.1628  11.2010   0.0000   0.0000   0.0000
    1385  -7.0308   7.9821  11.3963   0.0000   0.0000   0.0000
    1386  -6.6571   8.1918  11.9159   0.0000   0.0000   0.0000
    1387  -7.4570   8.4022  12.8031   0.0000   0.0000   0.0000
    1388  -6.5271   7.7388  12.7710   0.0000   0.0000   0.0000
    1389  -6.9456   8.1659  12.3590   0.0000   0.0000   0.0000
    1390  -6.4467   7.5796  13.1199   0.0000   0.0000   0.0000
    1391  -7.3638   8.1464  11.8520   0.0000   0.0000   0.0000
    1392  -6.4556   7.9939  12.2396   0.0000   0.0000   0.0000
    1393  -6.7049   8.1172  11.5126   0.0000   0.0000   0.0000
    1394  -7.4985   8.4949  12.5518   0.0000   0.0000   0.0000
    1395  -7.1899   7.0718  11.7943   0.0000   0.0000   0.0000
    1396  -6.9159   8.8389  12.2136   0.0000   0.0000   0.0000
    1397  -6.7816   8.6761  11.6577   0.0000   0.0000   0.0000
    1398  -5.8627   8.6130  12.5252   0.0000   0.0000   0.0000
    1399  -6.5368   8.1759  12.7329   0.0000   0.0000   0.0000
    1400  -6.8003   9.0449  11.4278   0.0000   0.0000   0.0000
    1401  -6.3243   7.9580  12.0369   0.0000   0.0000   0.0000
    1402  -4.8162   8.2469  12.5934   0.0000   0.0000   0.0000
    1403  -5.7540   9.0404  12.6859   0.0000   0.0000   0.0000
    1404  -5.3105   8.7664  12.8604   0.0000   0.0000   0.0000
    1405  -5.8967   9.5983  11.9516   0.0000   0.0000   0.0000
    1406  -6.0249   9.8696  11.8819   0.0000   0.0000   0.0000
    1407  -5.3993   8.8525  12.7830   0.0000   0.0000   0.0000
    1408  -6.1167   9.3685  12.0028   0.0000   0.0000   0.0000
    1409  -5.4190   9.9587  11.4737   0.0000   0.0000   0.0000
    1410  -4.8053  10.6523  10.5967   0.0000   0.0000   0.0000
    1411  -4.4623   9.1252  11.3131   0.0000   0.0000   0.0000
    1412  -4.7050   9.5926  11.4428   0.0000   0.0000   0.0000
    1413  -3.9394   9.3332  10.9339   0.0000   0.0000   0.0000
    1414  -4.8163   8.1883  11.5681   0.0000   0.0000   0.0000
    1415  -4.3333   9.0475  10.9750   0.0000   0.0000   0.0000
    1416  -4.9175   8.7386  11.5376   0.0000   0.0000   0.0000
    1417  -4.5095   9.2794  12.0879   0.0000   0.0000   0.0000
    1418  -5.2701   8.0759  12.0147   0.0000   0.0000   0.0000
    1419  -4.9109   9.2860  12.1255   0.0000   0.0000   0.0000
    1420  -5.8366   9.2405  12.3178   0.0000   0.0000   0.0000
    1421  -6.7757   9.5878  12.0947   0.0000   0.0000   0.0000
    1422  -5.8549   9.3974  12.4180   0.0000   0.0000   0.0000
    1423  -5.8838   9.7229  11.9047   0.0000   0.0000   0.0000
    1424  -6.4846  10.3805  11.6380   0.0000   0.0000   0.0000
    1425  -7.5265   8.2879  12.8556   0.0000   0.0000   0.0000
    1426  -6.5302   8.9238  13.0908   0.0000   0.0000   0.0000
    1427  -6.3170   9.0051  13.2242   0.0000   0.0000   0.0000
    1428  -6.1345   8.9623  13.2917   0.0000   0.0000   0.0000
    1429  -6.8265   9.1585  13.2069   0.0000   0.0000   0.0000
    1430  -6.7726   8.2801  12.7850   0.0000   0.0000   0.0000
    1431  -7.3874   8.3817  12.5917   0.0000   0.0000   0.0000
    1432  -7.3550   7.3383  12.7655   0.0000   0.0000   0.0000
    1433  -6.8821   8.5386  12.7946   0.0000   0.0000   0.0000
    1434  -6.3975   8.6868  12.6873   0.0000   0.0000   0.0000
    1435  -6.5360   8.1723  12.4677   0.0000   0.0000   0.0000
    1436  -5.7891   8.2778  12.2142   0.0000   0.0000   0.0000
    1437  -5.8536   9.1719  12.2215   0.0000   0.0000   0.0000
    1438  -6.6648   9.3230  12.9610   0.0000   0.0000   0.0000
    1439  -6.4489   9.7565  11.9738   0.0000   0.0000   0.0000
    1440  -7.1478   9.6951  12.4982   0.0000   0.0000   0.0000
    1441  -5.3713   9.1764  13.0212   0.0000   0.0000   0.0000
    1442  -6.4199   8.8485  12.8374   0.0000   0.0000   0.0000
    1443  -6.0032   8.3921  12.1629   0.0000   0.0000   0.0000
    1444  -6.2077   8.9645  11.9567   0.0000   0.0000   0.0000
    1445  -4.9358   9.3240  11.4139   0.0000   0.0000   0.0000
    1446  -6.1557   8.5206  12.4092   0.0000   0.0000   0.0000
    1447  -7.4603   8.2377  12.2046   0.0000   0.0000   0.0000
    1448  -6.6389   8.2471  11.6550   0.0000   0.0000   0.0000
    1449  -7.1223   8.1960  11.5986   0.0000   0.0000   0.0000
    1450  -7.1009   7.7045  10.7456   0.0000   0.0000   0.0000
    1451  -6.3244   7.9622  10.9443   0.0000   0.0000   0.0000
    1452  -7.2673   8.2907  11.4208   0.0000   0.0000   0.0000
    1453  -7.1946   8.4733  10.2937   0.0000   0.0000   0.0000
    1454  -6.8062   9.0820  10.0898   0.0000   0.0000   0.0000
    1455  -7.4276   9.4775  10.1120   0.0000   0.0000   0.0000
    1456  -7.2913   9.5460  10.7554   0.0000   0.0000   0.0000
    1457  -7.5947   9.7515  10.9333   0.0000   0.0000   0.0000
    1458  -7.0252   9.2300  10.3092   0.0000   0.0000   0.0000
    1459  -6.0470   9.1347  10.6744   0.0000   0.0000   0.0000
    1460  -6.7190   9.5443  11.9940   0.0000   0.0000   0.0000
    1461  -7.6561   9.4796  11.8865   0.0000   0.0000   0.0000
    1462  -6.5250   9.6241  11.7131   0.0000   0.0000   0.0000
    1463  -7.4064  10.0965  11.9501   0.0000   0.0000   0.0000
    1464  -6.3662  10.0472  11.5515   0.0000   0.0000   0.0000
    1465  -5.8777   9.7495  11.4268   0.0000   0.0000   0.0000
    1466  -6.9696   9.6113  11.8007   0.0000   0.0000   0.0000
    1467  -7.3563  10.4608  11.3034   0.0000   0.0000   0.0000
    1468  -6.4741   9.7707  10.8667   0.0000   0.0000   0.0000
    1469  -6.3280  10.2556  10.4961   0.0000   0.0000   0.0000
    1470  -6.8858  10.4957   9.8169   0.0000   0.0000   0.0000
    1471  -6.2396   9.6476  10.8163   0.0000   0.0000   0.0000
    1472  -6.5051   9.7033  10.7219   0.0000   0.0000   0.0000
    1473  -7.2055  10.3577  10.5746   0.0000   0.0000   0.0000
    1474  -6.0433   9.6257  10.1095   0.0000   0.0000   0.0000
    1475  -7.0024   9.9317  10.8461   0.0000   0.0000   0.0000
    1476  -7.9360  10.5948  10.4652   0.0000   0.0000   0.0000
    1477  -6.8585  10.1041  10.6365   0.0000   0.0000   0.0000
    1478  -6.7969   9.3973  10.0716   0.0000   0.0000   0.0000
    1479  -7.3413   9.8628  10.5645   0.0000   0.0000   0.0000
    1480  -6.9415   8.7732  10.8681   0.0000   0.0000   0.0000
    1481  -7.1596   9.2924  10.8707   0.0000   0.0000   0.0000
    1482  -6.8688   8.7862  10.8068   0.0000   0.0000   0.0000
    1483  -7.3959   8.8845  11.2298   0.0000   0.0000   0.0000
    1484  -7.5912   8.4872  11.2617   0.0000   0.0000   0.0000
    1485  -6.7147   9.1697  11.5060   0.0000   0.0000   0.0000
    1486  -7.3884   9.2517  10.7988   0.0000   0.0000   0.0000
    1487  -7.4300   8.8610  11.1195   0.0000   0.0000   0.0000
    1488  -6.9567   9.0065  10.4751   0.0000   0.0000   0.0000
    1489  -7.8898   8.9675  10.9335   0.0000   0.0000   0.0000
    1490  -7.9955   8.7742  11.0615   0.0000   0.0000   0.0000
    1491  -6.9053   9.0776  11.2022   0.0000   0.0000   0.0000
    1492  -7.6385   9.2293  11.0812   0.0000   0.0000   0.0000
    1493  -7.8948   8.8987  10.6331   0.0000   0.0000   0.0000
    1494  -7.6753   9.1412  11.4127   0.0000   0.0000   0.0000
    1495  -7.3635   8.9730  11.7710   0.0000   0.0000   0.0000
    1496  -7.8875   8.7874  11.2520   0.0000   0.0000   0.0000
    1497  -7.7707   9.2548  11.5545   0.0000   0.0000   0.0000
    1498  -7.4721   9.9417  11.1098   0.0000   0.0000   0.0000
    1499  -7.9852  10.1156  11.7409   0.0000   0.0000   0.0000
    1500  -7.8765   9.8924  11.2678   0.0000   0.0000   0.0000
    1501  -7.3699   9.7289  11.6290   0.0000   0.0000   0.0000
    1502  -6.8044  10.2436  11.4914   0.0000   0.0000   0.0000
    1503  -6.8742   8.2714  11.4950   0.0000   0.0000   0.0000
    1504  -6.9871   8.3157  11.6574   0.0000   0.0000   0.0000
    1505  -6.8223   8.5268  11.8430   0.0000   0.0000   0.0000
    1506  -7.9917   8.7551  11.3737   0.0000   0.0000   0.0000
    1507  -6.4006   7.7359  11.5547   0.0000   0.0000   0.0000
    1508  -6.6151   8.3002  11.9105   0.0000   0.0000   0.0000
    1509  -7.1016   8.8200  12.1238   0.0000   0.0000   0.0000
    1510  -6.9043   9.2199  12.7142   0.0000   0.0000   0.0000
    1511  -7.5267   8.5081  11.7158   0.0000   0.0000   0.0000
    1512  -7.8814   8.8867  11.7138   0.0000   0.0000   0.0000
    1513  -7.4763   8.7483  11.5792   0.0000   0.0000   0.0000
    1514  -7.4022   8.2738  12.2317   0.0000   0.0000   0.0000
    1515  -6.7015   8.1603  12.2147   0.0000   0.0000   0.0000
    1516  -7.0445   8.5323  12.3101   0.0000   0.0000   0.0000
    1517  -6.5033   8.8444  11.4170   0.0000   0.0000   0.0000
    1518  -7.0261   8.6305  11.3750   0.0000   0.0000   0.0000
    1519  -6.8690   8.7167  12.1208   0.0000   0.0000   0.0000
    1520  -6.4407   8.2831  11.8552   0.0000   0.0000   0.0000
    1521  -6.1728   8.3070  12.5944   0.0000   0.0000   0.0000
    1522  -6.3073   7.5463  12.2397   0.0000   0.0000   0.0000
    1523  -6.0425   8.0294  12.4061   0.0000   0.0000   0.0000
    1524  -5.9402   8.3940  12.8201   0.0000   0.0000   0.0000
    1525  -6.2046   8.2403  12.6864   0.0000   0.0000   0.0000
    1526  -6.7837   8.6530  13.6914   0.0000   0.0000   0.0000
    1527  -6.9341   9.3455  13.5133   0.0000   0.0000   0.0000
    1528  -6.9407   7.5995  13.7878   0.0000   0.0000   0.0000
    1529  -6.6781   8.4994  12.3238   0.0000   0.0000   0.0000
    1530  -5.7688   6.9904  12.6092   0.0000   0.0000   0.0000
    1531  -6.4616   7.8662  13.9803   0.0000   0.0000   0.0000
    1532  -5.6648   7.6039  13.5730   0.0000   0.0000   0.0000
    1533  -6.1367   8.2195  13.8248   0.0000   0.0000   0.0000
    1534  -6.6252   8.1875  13.7309   0.0000   0.0000   0.0000
    1535  -6.5772   8.3247  12.7264   0.0000   0.0000   0.0000
    1536  -6.9794   8.9233  13.2230   0.0000   0.0000   0.0000
    1537  -7.5479   8.8464  12.5950   0.0000   0.0000   0.0000
    1538  -6.9114   8.5248  12.7191   0.0000   0.0000   0.0000
    1539  -6.7984   8.7850  12.9425   0.0000   0.0000   0.0000
    1540  -6.0340   8.1564  12.8507   0.0000   0.0000   0.0000
    1541  -6.9505   7.6571  13.3527   0.0000   0.0000   0.0000
    1542  -5.8435   8.3513  13.6241   0.0000   0.0000   0.0000
    1543  -5.6217   7.9214  12.9846   0.0000   0.0000   0.0000
    1544  -5.9203   8.7648  12.9118   0.0000   0.0000   0.0000
    1545  -6.9675   8.6702  12.9068   0.0000   0.0000   0.0000
    1546  -6.7802   8.9990  12.8997   0.0000   0.0000   0.0000
    1547  -6.9002   8.1175  12.5116   0.0000   0.0000   0.0000
    1548  -7.9041   8.3800  13.2733   0.0000   0.0000   0.0000
    1549  -6.8479   8.8764  13.5227   0.0000   0.0000   0.0000
    1550  -7.4490   8.2089  13.3433   0.0000   0.0000   0.0000
    1551  -6.8941   7.6085  13.1093   0.0000   0.0000   0.0000
    1552  -6.7476   8.1082  13.3681   0.0000   0.0000   0.0000
    1553  -7.1409   8.4315  13.9957   0.0000   0.0000   0.0000
    1554  -7.4292   8.4170  13.8731   0.0000   0.0000   0.0000
    1555  -6.7913   9.1496  14.2570   0.0000   0.0000   0.0000
    1556  -7.6360   8.5825  13.4147   0.0000   0.0000   0.0000
    1557  -7.3415   8.0107  13.2584   0.0000   0.0000   0.0000
    1558  -5.8120   7.6104  14.4943   0.0000   0.0000   0.0000
    1559  -5.8554   7.8617  15.1946   0.0000   0.0000   0.0000
    1560  -6.0495   8.1243  14.6100   0.0000   0.0000   0.0000
    1561  -5.9976   8.7112  13.9026   0.0000   0.0000   0.0000
    1562  -5.7419   8.9222  13.6760   0.0000   0.0000   0.0000
    1563  -5.4499   8.5042  13.8072   0.0000   0.0000   0.0000
    1564  -4.6111   9.2388  13.1992   0.0000   0.0000   0.0000
    1565  -5.0580   8.4065  13.6044   0.0000   0.0000   0.0000
    1566  -5.2945   8.0022  13.9232   0.0000   0.0000   0.0000
    1567  -5.6415   7.9846  13.8255   0.0000   0.0000   0.0000
    1568  -4.8015   7.7734  13.8481   0.0000   0.0000   0.0000
    1569  -4.1547   7.9585  14.2785   0.0000   0.0000   0.0000
    1570  -4.3829   8.0373  13.4884   0.0000   0.0000   0.0000
    1571  -5.0862   7.6041  14.1518   0.0000   0.0000   0.0000
    1572  -4.5982   7.4798  14.6315   0.0000   0.0000   0.0000
    1573  -4.5081   7.2611  14.2885   0.0000   0.0000   0.0000
    1574  -4.7821   7.8295  14.0724   0.0000   0.0000   0.0000
    1575  -5.2641   8.0999  13.7961   0.0000   0.0000   0.0000
    1576  -4.6840   7.6268  13.9031   0.0000   0.0000   0.0000
    1577  -6.0015   7.7735  13.1487   0.0000   0.0000   0.0000
    1578  -5.5994   7.4622  13.6816   0.0000   0.0000   0.0000
    1579  -6.3356   7.2509  14.0800   0.0000   0.0000   0.0000
    1580  -6.2083   7.9009  12.9677   0.0000   0.0000   0.0000
    1581  -6.6801   8.3288  12.7709   0.0000   0.0000   0.0000
    1582  -5.7961   7.9562  12.8966   0.0000   0.0000   0.0000
    1583  -5.9203   8.1091  14.8126   0.0000   0.0000   0.0000
    1584  -5.4175   9.1141  12.8235   0.0000   0.0000   0.0000
    1585  -5.5197   8.4172  12.8310   0.0000   0.0000   0.0000
    1586  -5.4817   8.7774  13.0902   0.0000   0.0000   0.0000
    1587  -5.6520   9.2033  13.2522   0.0000   0.0000   0.0000
    1588  -6.1653   9.2348  14.2368   0.0000   0.0000   0.0000
    1589  -6.5653   8.6833  13.3817   0.0000   0.0000   0.0000
    1590  -6.0485   9.6098  13.2856   0.0000   0.0000   0.0000
    1591  -6.2180   9.1030  13.2083   0.0000   0.0000   0.0000
    1592  -6.3055   9.0579  13.2942   0.0000   0.0000   0.0000
    1593  -6.2913   7.7215  13.3173   0.0000   0.0000   0.0000
    1594  -6.2628   8.3674  12.9582   0.0000   0.0000   0.0000
    1595  -7.3486   8.3459  12.7564   0.0000   0.0000   0.0000
    1596  -6.9145   8.9143  12.4597   0.0000   0.0000   0.0000
    1597  -7.4274   9.3739  13.3027   0.0000   0.0000   0.0000
    1598  -6.7577   8.0917  12.9826   0.0000   0.0000   0.0000
    1599  -6.8427   7.9107  13.9105   0.0000   0.0000   0.0000
    1600  -7.4212   8.3508  13.5259   0.0000   0.0000   0.0000
    1601  -6.7546   8.6733  12.9759   0.0000   0.0000   0.0000
    1602  -6.5249   9.7714  13.3355   0.0000   0.0000   0.0000
    1603  -6.7129   9.0277  13.1233   0.0000   0.0000   0.0000
    1604  -6.5252   9.6690  14.1407   0.0000   0.0000   0.0000
    1605  -5.9398   9.1982  13.7129   0.0000   0.0000   0.0000
    1606  -5.8695  10.2212  13.7758   0.0000   0.0000   0.0000
    1607  -5.6259  10.5278  14.0971   0.0000   0.0000   0.0000
    1608  -5.8219  11.2971  13.0973   0.0000   0.0000   0.0000
    1609  -5.8940  10.9337  13.4171   0.0000   0.0000   0.0000
    1610  -6.8123  10.3675  12.6078   0.0000   0.0000   0.0000
    1611  -6.8763  10.9163  12.5227   0.0000   0.0000   0.0000
    1612  -7.2489  10.2157  13.2826   0.0000   0.0000   0.0000
    1613  -7.6979   9.6225  13.6815   0.0000   0.0000   0.0000
    1614  -7.5277  10.1506  13.6630   0.0000   0.0000   0.0000
    1615  -7.0383  10.2037  13.5377   0.0000   0.0000   0.0000
    1616  -7.1593  11.2202  13.7950   0.0000   0.0000   0.0000
    1617  -7.0672  10.2269  13.9190   0.0000   0.0000   0.0000
    1618  -8.2325  10.7971  13.9749   0.0000   0.0000   0.0000
    1619  -8.0465  10.1491  14.8236   0.0000   0.0000   0.0000
    1620  -8.0417  10.3871  14.1092   0.0000   0.0000   0.0000
    1621  -7.8669  10.3641  14.7252   0.0000   0.0000   0.0000
    1622  -8.3859  10.2356  14.7899   0.0000   0.0000   0.0000
    1623  -7.1912  10.0776  14.5244   0.0000   0.0000   0.0000
    1624  -7.6691   9.9573  15.2774   0.0000   0.0000   0.0000
    1625  -7.2262  10.4401  14.9374   0.0000   0.0000   0.0000
    1626  -7.5813   9.7210  16.0219   0.0000   0.0000   0.0000
    1627  -7.8498   9.8517  15.4824   0.0000   0.0000   0.0000
    1628  -7.7507   8.9047  15.9653   0.0000   0.0000   0.0000
    1629  -7.6561   9.6815  14.4358   0.0000   0.0000   0.0000
    1630  -7.3194   9.4504  15.0860   0.0000   0.0000   0.0000
    1631  -7.8642   9.7920  15.2444   0.0000   0.0000   0.0000
    1632  -7.5954   9.2788  14.6282   0.0000   0.0000   0.0000
    1633  -7.7769   8.7568  14.9789   0.0000   0.0000   0.0000
    1634  -7.8483   8.3169  14.6837   0.0000   0.0000   0.0000
    1635  -7.5951   9.1538  14.9140   0.0000   0.0000   0.0000
    1636  -8.1102   9.0165  14.3497   0.0000   0.0000   0.0000
    1637  -7.8529   9.1850  14.9898   0.0000   0.0000   0.0000
    1638  -8.1606   9.4647  14.6503   0.0000   0.0000   0.0000
    1639  -7.9541   9.9846  14.2033   0.0000   0.0000   0.0000
    1640  -7.8307  10.3500  14.6628   0.0000   0.0000   0.0000
    1641  -8.0745  10.2471  14.6105   0.0000   0.0000   0.0000
    1642  -7.9981  10.0525  14.8522   0.0000   0.0000   0.0000
    1643  -8.2629   9.8335  14.7631   0.0000   0.0000   0.0000
    1644  -8.5141  10.7870  14.9997   0.0000   0.0000   0.0000
    1645  -7.8533   9.8036  15.7707   0.0000   0.0000   0.0000
    1646  -8.5158  10.3407  15.6776   0.0000   0.0000   0.0000
    1647  -7.4222   9.6182  16.3720   0.0000   0.0000   0.0000
    1648  -7.4078   9.6332  14.9619   0.0000   0.0000   0.0000
    1649  -7.4168   9.1581  14.7509   0.0000   0.0000   0.0000
    1650  -7.5504   9.8097  14.4632   0.0000   0.0000   0.0000
    1651  -7.7307  10.2154  14.8685   0.0000   0.0000   0.0000
    1652  -7.7269  10.0895  14.3958   0.0000   0.0000   0.0000
    1653  -7.7429   8.6341  15.2421   0.0000   0.0000   0.0000
    1654  -7.9517   9.1872  15.4989   0.0000   0.0000   0.0000
    1655  -7.5064  10.1151  16.2933   0.0000   0.0000   0.0000
    1656  -7.2641   9.2983  15.6889   0.0000   0.0000   0.0000
    1657  -8.1453  10.0909  15.2606   0.0000   0.0000   0.0000
    1658  -8.1319  10.6851  15.1267   0.0000   0.0000   0.0000
    1659  -8.2650  10.0497  14.5662   0.0000   0.0000   0.0000
    1660  -7.3018  10.3441  14.2035   0.0000   0.0000   0.0000
    1661  -7.3200   9.9914  14.7989   0.0000   0.0000   0.0000
    1662  -7.4641  10.4699  14.6270   0.0000   0.0000   0.0000
    1663  -6.4145   9.1060  14.2475   0.0000   0.0000   0.0000
    1664  -7.3635   9.2888  14.0855   0.0000   0.0000   0.0000
    1665  -7.4617   8.8836  14.4274   0.0000   0.0000   0.0000
    1666  -7.5087   9.1597  14.6032   0.0000   0.0000   0.0000
    1667  -7.0402   8.6207  14.8891   0.0000   0.0000   0.0000
    1668  -7.6002   9.5314  14.9624   0.0000   0.0000   0.0000
    1669  -7.1970  10.2293  14.0243   0.0000   0.0000   0.0000
    1670  -7.9975   9.6988  14.0148   0.0000   0.0000   0.0000
    1671  -8.5001   9.8540  14.4560   0.0000   0.0000   0.0000
    1672  -7.1065   9.6947  14.0266   0.0000   0.0000   0.0000
    1673  -7.5772   9.0743  14.6242   0.0000   0.0000   0.0000
    1674  -7.7479   8.9124  14.7231   0.0000   0.0000   0.0000
    1675  -7.0202   8.9460  15.3085   0.0000   0.0000   0.0000
    1676  -6.5103   8.5824  15.0309   0.0000   0.0000   0.0000
    1677  -7.1806   9.6513  15.1315   0.0000   0.0000   0.0000
    1678  -6.8449   8.6700  15.8826   0.0000   0.0000   0.0000
    1679  -6.5639   8.6980  14.8885   0.0000   0.0000   0.0000
    1680  -6.9150   8.9853  13.8414   0.0000   0.0000   0.0000
    1681  -7.1352   7.9794  14.1886   0.0000   0.0000   0.0000
    1682  -7.4862   8.6192  15.3740   0.0000   0.0000   0.0000
    1683  -7.5999   7.6634  14.8362   0.0000   0.0000   0.0000
    1684  -8.3537   9.5065  14.2604   0.0000   0.0000   0.0000
    1685  -7.7347   9.8189  15.0573   0.0000   0.0000   0.0000
    1686  -7.1257   9.5692  15.0011   0.0000   0.0000   0.0000
    1687  -7.2196   8.9311  15.0074   0.0000   0.0000   0.0000
    1688  -6.2756   9.5413  13.8633   0.0000   0.0000   0.0000
    1689  -6.5949   9.0269  13.8332   0.0000   0.0000   0.0000
    1690  -6.8507   8.5152  14.7356   0.0000   0.0000   0.0000
    1691  -6.1574   9.8480  14.2419   0.0000   0.0000   0.0000
    1692  -5.9123   9.6235  14.0783   0.0000   0.0000   0.0000
    1693  -6.6459   9.0604  13.4739   0.0000   0.0000   0.0000
    1694  -5.9943   9.1567  13.4977   0.0000   0.0000   0.0000
    1695  -6.1002   9.0767  14.3631   0.0000   0.0000   0.0000
    1696  -5.9828   9.7985  14.2406   0.0000   0.0000   0.0000
    1697  -5.9666  10.1067  14.4772   0.0000   0.0000   0.0000
    1698  -6.3780   9.7749  14.6217   0.0000   0.0000   0.0000
    1699  -6.0174  10.0894  13.9527   0.0000   0.0000   0.0000
    1700  -5.3982   9.2957  13.6693   0.0000   0.0000   0.0000
    1701  -6.3634   9.5370  14.8449   0.0000   0.0000   0.0000
    1702  -5.8081   9.9625  15.4866   0.0000   0.0000   0.0000
    1703  -5.8772  10.5309  15.4640   0.0000   0.0000   0.0000
    1704  -6.1562  10.3020  14.6680   0.0000   0.0000   0.0000
    1705  -6.5016  10.4234  14.8874   0.0000   0.0000   0.0000
    1706  -5.5529  10.6521  14.6592   0.0000   0.0000   0.0000
    1707  -6.2435  10.9877  14.7210   0.0000   0.0000   0.0000
    1708  -6.4240  10.4726  14.8143   0.0000   0.0000   0.0000
    1709  -6.2010  10.7491  15.2510   0.0000   0.0000   0.0000
    1710  -5.6087  10.6780  13.8132   0.0000   0.0000   0.0000
    1711  -5.5550  10.6969  14.6807   0.0000   0.0000   0.0000
    1712  -5.3522  10.5592  13.7679   0.0000   0.0000   0.0000
    1713  -6.5942   9.8309  14.7199   0.0000   0.0000   0.0000
    1714  -5.8553   9.1848  15.2015   0.0000   0.0000   0.0000
    1715  -5.6348   9.1814  14.3569   0.0000   0.0000   0.0000
    1716  -5.1410   9.5482  14.0384   0.0000   0.0000   0.0000
    1717  -6.0770   8.8565  14.0646   0.0000   0.0000   0.0000
    1718  -6.8160   9.9148  13.3866   0.0000   0.0000   0.0000
    1719  -7.6037  10.4524  13.5422   0.0000   0.0000   0.0000
    1720  -5.7488  10.3496  13.3315   0.0000   0.0000   0.0000
    1721  -5.2418  10.4508  14.1946   0.0000   0.0000   0.0000
    1722  -5.7349  11.0127  14.6453   0.0000   0.0000   0.0000
    1723  -5.3183  10.8377  14.0063   0.0000   0.0000   0.0000
    1724  -5.4891   9.9337  14.4108   0.0000   0.0000   0.0000
    1725  -5.1280   9.8626  14.8199   0.0000   0.0000   0.0000
    1726  -5.3240   9.5884  14.5649   0.0000   0.0000   0.0000
    1727  -5.6679  10.7685  14.4715   0.0000   0.0000   0.0000
    1728  -6.2142  10.2242  15.2479   0.0000   0.0000   0.0000
    1729  -5.7019  10.8957  14.9534   0.0000   0.0000   0.0000
    1730  -6.3630  10.4442  13.7655   0.0000   0.0000   0.0000
    1731  -5.9703  10.8571  14.4014   0.0000   0.0000   0.0000
    1732  -6.6228  10.9480  13.9352   0.0000   0.0000   0.0000
    1733  -6.2232  10.5297  14.2075   0.0000   0.0000   0.0000
    1734  -6.9493  10.3023  13.5544   0.0000   0.0000   0.0000
    1735  -6.7166  11.4658  14.1424   0.0000   0.0000   0.0000
    1736  -5.9379  11.2562  13.4379   0.0000   0.0000   0.0000
    1737  -6.5710  11.3467  13.0926   0.0000   0.0000   0.0000
    1738  -5.7238  11.4415  13.8348   0.0000   0.0000   0.0000
    1739  -6.7128  11.7047  13.5486   0.0000   0.0000   0.0000
    1740  -6.7169  11.5809  13.4468   0.0000   0.0000   0.0000
    1741  -6.8257  11.8530  13.0748   0.0000   0.0000   0.0000
    1742  -6.3007  12.0485  14.8068   0.0000   0.0000   0.0000
    1743  -6.2587  12.1175  14.1724   0.0000   0.0000   0.0000
    1744  -6.3482  11.2961  14.4978   0.0000   0.0000   0.0000
    1745  -5.7761  11.8102  14.7512   0.0000   0.0000   0.0000
    1746  -5.3905  11.7769  14.5436   0.0000   0.0000   0.0000
    1747  -5.7709  10.2833  14.6503   0.0000   0.0000   0.0000
    1748  -6.1751  11.0274  14.9712   0.0000   0.0000   0.0000
    1749  -4.8592  11.3827  14.9665   0.0000   0.0000   0.0000
    1750  -5.7546  10.7560  14.9303   0.0000   0.0000   0.0000
    1751  -4.7866   9.7196  15.0616   0.0000   0.0000   0.0000
    1752  -5.1194  10.0489  15.2401   0.0000   0.0000   0.0000
    1753  -6.0408   9.5234  14.8414   0.0000   0.0000   0.0000
    1754  -6.0216   9.6904  14.4679   0.0000   0.0000   0.0000
    1755  -6.1669   9.5879  14.4645   0.0000   0.0000   0.0000
    1756  -6.2499   9.7411  14.8008   0.0000   0.0000   0.0000
    1757  -5.8979   9.8414  15.3284   0.0000   0.0000   0.0000
    1758  -5.8030  10.3130  15.0869   0.0000   0.0000   0.0000
    1759  -5.6689  11.0788  14.8761   0.0000   0.0000   0.0000
    1760  -5.4179  10.7258  15.3766   0.0000   0.0000   0.0000
    1761  -5.5593  10.1932  15.2380   0.0000   0.0000   0.0000
    1762  -5.2462  10.3007  15.2595   0.0000   0.0000   0.0000
    1763  -4.6116   9.6098  14.6764   0.0000   0.0000   0.0000
    1764  -3.9434   9.1270  15.7320   0.0000   0.0000   0.0000
    1765  -4.2651   9.3481  15.6886   0.0000   0.0000   0.0000
    1766  -4.2627  10.0488  15.4931   0.0000   0.0000   0.0000
    1767  -4.4459   9.4042  15.2041   0.0000   0.0000   0.0000
    1768  -4.8753   9.5116  15.7137   0.0000   0.0000   0.0000
    1769  -5.0218   9.5022  14.4361   0.0000   0.0000   0.0000
    1770  -5.7324   9.0000  14.5755   0.0000   0.0000   0.0000
    1771  -4.7251   8.9088  14.0446   0.0000   0.0000   0.0000
    1772  -4.2103   9.2043  13.9803   0.0000   0.0000   0.0000
    1773  -5.3613   9.7229  14.2386   0.0000   0.0000   0.0000
    1774  -5.7263   9.3218  13.9206   0.0000   0.0000   0.0000
    1775  -6.2558   9.9009  13.2571   0.0000   0.0000   0.0000
    1776  -6.0130   9.0387  14.0480   0.0000   0.0000   0.0000
    1777  -6.5019   9.8429  14.7420   0.0000   0.0000   0.0000
    1778  -6.1353   9.2249  14.6150   0.0000   0.0000   0.0000
    1779  -5.7417   9.7739  13.7035   0.0000   0.0000   0.0000
    1780  -5.8305  10.1178  13.7469   0.0000   0.0000   0.0000
    1781  -5.2281   9.4056  14.0537   0.0000   0.0000   0.0000
    1782  -5.7731   9.3575  14.5795   0.0000   0.0000   0.0000
    1783  -5.9164   8.7915  15.2162   0.0000   0.0000   0.0000
    1784  -6.6040   9.8070  14.2238   0.0000   0.0000   0.0000
    1785  -6.7028   9.0567  15.1104   0.0000   0.0000   0.0000
    1786  -6.7974   9.8532  14.4223   0.0000   0.0000   0.0000
    1787  -6.4978   9.8352  14.4907   0.0000   0.0000   0.0000
    1788  -6.3660  10.4001  13.9188   0.0000   0.0000   0.0000
    1789  -6.1046  10.3117  14.5026   0.0000   0.0000   0.0000
    1790  -5.1722   9.9615  14.5483   0.0000   0.0000   0.0000
    1791  -5.8533  10.2731  14.0376   0.0000   0.0000   0.0000
    1792  -4.8759  10.1083  14.4278   0.0000   0.0000   0.0000
    1793  -4.9138  10.9526  15.9390   0.0000   0.0000   0.0000
    1794  -4.3733  10.2639  15.4510   0.0000   0.0000   0.0000
    1795  -4.6275  10.5002  14.4450   0.0000   0.0000   0.0000
    1796  -5.2435  10.1410  14.4804   0.0000   0.0000   0.0000
    1797  -3.7581   9.5735  14.5604   0.0000   0.0000   0.0000
    1798  -4.6527   9.5854  14.0244   0.0000   0.0000   0.0000
    1799  -5.3212   9.1170  14.1828   0.0000   0.0000   0.0000
    1800  -5.6224   8.6563  14.1581   0.0000   0.0000   0.0000
    1801  -5.3099   8.9047  14.6277   0.0000   0.0000   0.0000
    1802  -5.0703   9.5376  14.8670   0.0000   0.0000   0.0000
    1803  -4.6610  10.1490  14.4800   0.0000   0.0000   0.0000
    1804  -4.6551   9.9898  15.0139   0.0000   0.0000   0.0000
    1805  -4.6464   9.6941  14.9689   0.0000   0.0000   0.0000
    1806  -4.5206   9.9478  14.5069   0.0000   0.0000   0.0000
    1807  -5.0004   9.8083  15.0797   0.0000   0.0000   0.0000
    1808  -5.3313  10.6168  14.7626   0.0000   0.0000   0.0000
    1809  -5.8708  10.9557  15.0746   0.0000   0.0000   0.0000
    1810  -4.5528  10.8716  15.3465   0.0000   0.0000   0.0000
    1811  -5.5427  10.3159  14.7832   0.0000   0.0000   0.0000
    1812  -4.8212  10.3606  14.1318   0.0000   0.0000   0.0000
    1813  -4.3413  10.8968  14.2135   0.0000   0.0000   0.0000
    1814  -3.9664  10.7141  14.5434   0.0000   0.0000   0.0000
    1815  -3.1853  10.9512  15.2818   0.0000   0.0000   0.0000
    1816  -3.3084  11.9327  15.4837   0.0000   0.0000   0.0000
    1817  -3.4296  11.1172  15.4563   0.0000   0.0000   0.0000
    1818  -3.8857  10.3330  15.7425   0.0000   0.0000   0.0000
    1819  -3.5406   9.9386  15.9554   0.0000   0.0000   0.0000
    1820  -4.3528  11.4085  15.7506   0.0000   0.0000   0.0000
    1821  -4.2672  10.3871  15.6837   0.0000   0.0000   0.0000
    1822  -3.4915  10.8622  16.0315   0.0000   0.0000   0.0000
    1823  -3.2054  10.8246  15.3586   0.0000   0.0000   0.0000
    1824  -3.3540  11.7574  15.9598   0.0000   0.0000   0.0000
    1825  -3.7952  11.1273  15.7307   0.0000   0.0000   0.0000
    1826  -3.1948  11.7075  16.0365   0.0000   0.0000   0.0000
    1827  -4.4855  11.3287  14.9035   0.0000   0.0000   0.0000
    1828  -3.7924  10.4552  14.6855   0.0000   0.0000   0.0000
    1829  -3.7970  11.2993  15.4724   0.0000   0.0000   0.0000
    1830  -4.1412  10.3634  15.4252   0.0000   0.0000   0.0000
    1831  -3.7510  10.1723  16.0958   0.0000   0.0000   0.0000
    1832  -3.5708  10.1131  15.1138   0.0000   0.0000   0.0000
    1833  -4.5054  10.7030  15.3241   0.0000   0.0000   0.0000
    1834  -4.1092  10.2861  15.3188   0.0000   0.0000   0.0000
    1835  -4.2013  10.7421  15.8763   0.0000   0.0000   0.0000
    1836  -4.5879  10.2133  16.9117   0.0000   0.0000   0.0000
    1837  -4.1436  10.5256  16.0687   0.0000   0.0000   0.0000
    1838  -3.8290  11.0788  16.8064   0.0000   0.0000   0.0000
    1839  -3.2517  10.5683  16.4883   0.0000   0.0000   0.0000
    1840  -3.9522  10.4398  15.4354   0.0000   0.0000   0.0000
    1841  -4.5870  10.7830  16.3034   0.0000   0.0000   0.0000
    1842  -4.2450  10.8701  16.0613   0.0000   0.0000   0.0000
    1843  -4.1616  10.9600  15.5374   0.0000   0.0000   0.0000
    1844  -4.6352  11.5915  15.9308   0.0000   0.0000   0.0000
    1845  -3.9514  11.1467  15.9005   0.0000   0.0000   0.0000
    1846  -3.7400   9.9737  16.0761   0.0000   0.0000   0.0000
    1847  -3.5872  10.8309  15.4657   0.0000   0.0000   0.0000
    1848  -3.5290  10.6340  14.8729   0.0000   0.0000   0.0000
    1849  -3.4867  11.0493  15.3447   0.0000   0.0000   0.0000
    1850  -3.1519  10.8073  15.6984   0.0000   0.0000   0.0000
    1851  -2.7788  10.6833  15.3955   0.0000   0.0000   0.0000
    1852  -3.4275  11.3197  15.0205   0.0000   0.0000   0.0000
    1853  -2.8510  11.0722  16.1885   0.0000   0.0000   0.0000
    1854  -3.4906  10.8815  16.7949   0.0000   0.0000   0.0000
    1855  -3.2199  10.5112  16.5065   0.0000   0.0000   0.0000
    1856  -3.1228  10.9236  16.7341   0.0000   0.0000   0.0000
    1857  -3.5083  11.7191  16.4939   0.0000   0.0000   0.0000
    1858  -3.8791  10.4468  16.6423   0.0000   0.0000   0.0000
    1859  -4.5096  10.6217  17.1959   0.0000   0.0000   0.0000
    1860  -3.9336  10.0776  17.2429   0.0000   0.0000   0.0000
    1861  -3.9290   9.6584  17.1890   0.0000   0.0000   0.0000
    1862  -4.3420  10.6951  16.9644   0.0000   0.0000   0.0000
    1863  -4.3305  10.9175  16.9505   0.0000   0.0000   0.0000
    1864  -4.2265  10.4682  16.5118   0.0000   0.0000   0.0000
    1865  -4.5120  11.1159  16.6474   0.0000   0.0000   0.0000
    1866  -3.8086  10.1441  16.7143   0.0000   0.0000   0.0000
    1867  -4.7477  10.8211  16.2586   0.0000   0.0000   0.0000
    1868  -3.9543  10.0939  16.0592   0.0000   0.0000   0.0000
    1869  -3.9357  10.6040  15.0691   0.0000   0.0000   0.0000
    1870  -3.7746  11.2568  14.7981   0.0000   0.0000   0.0000
    1871  -4.7042  10.3920  15.1626   0.0000   0.0000   0.0000
    1872  -3.6273  11.2939  15.4184   0.0000   0.0000   0.0000
    1873  -3.4762  11.5974  14.9822   0.0000   0.0000   0.0000
    1874  -4.4154  10.6525  14.9028   0.0000   0.0000   0.0000
    1875  -3.8941  11.0647  15.2877   0.0000   0.0000   0.0000
    1876  -4.1279  11.1545  15.0592   0.0000   0.0000   0.0000
    1877  -4.0927  10.5872  15.1687   0.0000   0.0000   0.0000
    1878  -4.2121  11.1072  15.2080   0.0000   0.0000   0.0000
    1879  -4.5943  11.2046  15.3985   0.0000   0.0000   0.0000
    1880  -4.0000  11.7223  14.8335   0.0000   0.0000   0.0000
    1881  -4.7225  11.2143  15.0279   0.0000   0.0000   0.0000
    1882  -4.8934  11.3366  15.7408   0.0000   0.0000   0.0000
    1883  -3.4757  10.4243  14.8792   0.0000   0.0000   0.0000
    1884  -4.5529   9.6398  15.1912   0.0000   0.0000   0.0000
    1885  -3.5845  11.2435  15.3623   0.0000   0.0000   0.0000
    1886  -3.8157  11.9886  14.8023   0.0000   0.0000   0.0000
    1887  -4.3277  11.5180  15.3308   0.0000   0.0000   0.0000
    1888  -4.2535  11.0491  15.1715   0.0000   0.0000   0.0000
    1889  -4.7239  12.1783  15.7014   0.0000   0.0000   0.0000
    1890  -3.4736  11.0143  15.4282   0.0000   0.0000   0.0000
    1891  -3.6194  11.2428  15.0474   0.0000   0.0000   0.0000
    1892  -5.3921  11.5644  15.5680   0.0000   0.0000   0.0000
    1893  -5.6305  10.5247  15.0405   0.0000   0.0000   0.0000
    1894  -4.7861  10.6135  15.0203   0.0000   0.0000   0.0000
    1895  -4.6542  11.1402  14.8911   0.0000   0.0000   0.0000
    1896  -4.6239  11.4424  15.6394   0.0000   0.0000   0.0000
    1897  -3.9587  10.8001  15.6380   0.0000   0.0000   0.0000
    1898  -4.7948  10.2219  14.6335   0.0000   0.0000   0.0000
    1899  -4.8528  10.9951  14.8567   0.0000   0.0000   0.0000
    1900  -4.0664  11.2739  14.6533   0.0000   0.0000   0.0000
    1901  -3.9022  11.1398  15.2343   0.0000   0.0000   0.0000
    1902  -4.4743  10.7358  15.0990   0.0000   0.0000   0.0000
    1903  -4.9003  10.5079  15.0347   0.0000   0.0000   0.0000
    1904  -4.1795  11.2631  15.4825   0.0000   0.0000   0.0000
    1905  -4.6364  11.2235  15.7536   0.0000   0.0000   0.0000
    1906  -4.4306  10.9643  15.8175   0.0000   0.0000   0.0000
    1907  -5.1930  10.8202  15.6709   0.0000   0.0000   0.0000
    1908  -4.9232  11.9815  15.5656   0.0000   0.0000   0.0000
    1909  -4.2524  11.1411  15.5193   0.0000   0.0000   0.0000
    1910  -3.0600  11.2682  15.4740   0.0000   0.0000   0.0000
    1911  -3.7459  12.2309  14.1626   0.0000   0.0000   0.0000
    1912  -4.4739  12.4714  15.1319   0.0000   0.0000   0.0000
    1913  -4.2954  11.7687  15.2722   0.0000   0.0000   0.0000
    1914  -4.0745  12.1462  15.7084   0.0000   0.0000   0.0000
    1915  -3.8416  11.5666  15.3978   0.0000   0.0000   0.0000
    1916  -4.1998  11.6670  15.4971   0.0000   0.0000   0.0000
    1917  -4.3760  10.8547  15.0623   0.0000   0.0000   0.0000
    1918  -5.0461  10.6785  14.8298   0.0000   0.0000   0.0000
    1919  -5.0736  10.4530  15.4179   0.0000   0.0000   0.0000
    1920  -4.4925  10.9749  14.5916   0.0000   0.0000   0.0000
    1921  -5.3735  11.5915  15.6058   0.0000   0.0000   0.0000
    1922  -4.0756  10.5384  15.6202   0.0000   0.0000   0.0000
    1923  -3.7880  11.4687  15.3868   0.0000   0.0000   0.0000
    1924  -3.6264  11.7548  15.3839   0.0000   0.0000   0.0000
    1925  -3.8453  12.1571  14.7749   0.0000   0.0000   0.0000
    1926  -4.0585  11.2402  14.3177   0.0000   0.0000   0.0000
    1927  -3.6801  11.8495  14.9563   0.0000   0.0000   0.0000
    1928  -4.3781  11.4133  15.3813   0.0000   0.0000   0.0000
    1929  -4.5372  11.1909  15.3638   0.0000   0.0000   0.0000
    1930  -5.0677  11.6590  15.4104   0.0000   0.0000   0.0000
    1931  -3.8809  10.6602  15.6891   0.0000   0.0000   0.0000
    1932  -4.7597  10.9219  15.5651   0.0000   0.0000   0.0000
    1933  -4.2564  10.5839  15.7805   0.0000   0.0000   0.0000
    1934  -4.6979  10.5836  15.8177   0.0000   0.0000   0.0000
    1935  -4.5466  10.8469  15.5079   0.0000   0.0000   0.0000
    1936  -4.6790  11.1191  15.5236   0.0000   0.0000   0.0000
    1937  -4.7498  11.6987  15.8395   0.0000   0.0000   0.0000
    1938  -3.9576   9.4815  15.6661   0.0000   0.0000   0.0000
    1939  -3.8829  10.4061  15.9394   0.0000   0.0000   0.0000
    1940  -4.4656   9.8380  15.5895   0.0000   0.0000   0.0000
    1941  -5.2222  10.7172  16.3503   0.0000   0.0000   0.0000
    1942  -4.7525  10.8217  15.6794   0.0000   0.0000   0.0000
    1943  -5.2019  10.6614  15.8411   0.0000   0.0000   0.0000
    1944  -4.8169  10.7243  16.7266   0.0000   0.0000   0.0000
    1945  -5.1805  10.9418  15.6207   0.0000   0.0000   0.0000
    1946  -5.6976  11.0334  15.1736   0.0000   0.0000   0.0000
    1947  -5.6212  10.6295  15.3476   0.0000   0.0000   0.0000
    1948  -5.3644  10.3389  15.0740   0.0000   0.0000   0.0000
    1949  -5.7293  10.3545  14.3474   0.0000   0.0000   0.0000
    1950  -5.6164  10.2537  14.3023   0.0000   0.0000   0.0000
    1951  -5.3621   9.1752  15.0810   0.0000   0.0000   0.0000
    1952  -5.2287   9.3963  14.5340   0.0000   0.0000   0.0000
    1953  -5.7059   8.9900  15.0493   0.0000   0.0000   0.0000
    1954  -5.2567  10.4761  15.1679   0.0000   0.0000   0.0000
    1955  -5.9950   9.8598  15.8030   0.0000   0.0000   0.0000
    1956  -4.9989  10.3663  15.2825   0.0000   0.0000   0.0000
    1957  -5.4331  10.7050  15.6077   0.0000   0.0000   0.0000
    1958  -5.0718   9.9847  14.9578   0.0000   0.0000   0.0000
    1959  -5.0195  11.1328  15.0935   0.0000   0.0000   0.0000
    1960  -5.5705  11.2796  14.5484   0.0000   0.0000   0.0000
    1961  -5.9201  10.6288  15.1177   0.0000   0.0000   0.0000
    1962  -5.5184  10.7635  14.9874   0.0000   0.0000   0.0000
    1963  -5.5092  11.0544  15.0792   0.0000   0.0000   0.0000
    1964  -5.8577  10.6375  15.5249   0.0000   0.0000   0.0000
    1965  -5.2918  10.7030  15.3567   0.0000   0.0000   0.0000
    1966  -6.1404   9.8710  15.0343   0.0000   0.0000   0.0000
    1967  -5.8143  10.7369  14.7466   0.0000   0.0000   0.0000
    1968  -5.7440  11.5579  14.9884   0.0000   0.0000   0.0000
    1969  -5.3180  10.2691  15.0454   0.0000   0.0000   0.0000
    1970  -5.1544  11.4137  14.4075   0.0000   0.0000   0.0000
    1971  -5.2271  11.1250  15.0017   0.0000   0.0000   0.0000
    1972  -5.0424  11.3542  15.6354   0.0000   0.0000   0.0000
    1973  -4.6511  10.9486  15.5117   0.0000   0.0000   0.0000
    1974  -4.6671  11.1870  15.4809   0.0000   0.0000   0.0000
    1975  -5.4016  10.0402  16.0910   0.0000   0.0000   0.0000
    1976  -4.7858  10.1953  16.4249   0.0000   0.0000   0.0000
    1977  -5.1580  10.9070  16.1883   0.0000   0.0000   0.0000
    1978  -4.7457  10.7543  16.3341   0.0000   0.0000   0.0000
    1979  -4.8464  10.0909  16.0290   0.0000   0.0000   0.0000
    1980  -5.3603  10.0819  15.2553   0.0000   0.0000   0.0000
    1981  -4.8630  10.2134  15.7846   0.0000   0.0000   0.0000
    1982  -4.5187  10.9707  15.4269   0.0000   0.0000   0.0000
    1983  -4.6906  10.3790  14.7233   0.0000   0.0000   0.0000
    1984  -4.6765  10.9888  15.3707   0.0000   0.0000   0.0000
    1985  -5.9430  10.4536  15.2891   0.0000   0.0000   0.0000
    1986  -5.5569   9.8296  15.8930   0.0000   0.0000   0.0000
    1987  -5.1879  10.3971  14.9146   0.0000   0.0000   0.0000
    1988  -5.5465  11.3818  14.9404   0.0000   0.0000   0.0000
    1989  -5.7243  11.3536  14.9567   0.0000   0.0000   0.0000
    1990  -5.1707  11.3690  14.9445   0.0000   0.0000   0.0000
    1991  -5.9168  10.9211  14.3767   0.0000   0.0000   0.0000
    1992  -6.0250  11.2256  13.9060   0.0000   0.0000   0.0000
    1993  -5.1548  11.1536  13.6233   0.0000   0.0000   0.0000
    1994  -5.9732  10.7760  13.9553   0.0000   0.0000   0.0000
    1995  -5.0713  10.6474  14.8344   0.0000   0.0000   0.0000
    1996  -5.5379  11.4530  14.6864   0.0000   0.0000   0.0000
    1997  -6.3943  11.0589  15.3617   0.0000   0.0000   0.0000
    1998  -5.7963  10.2394  15.6413   0.0000   0.0000   0.0000
    1999  -5.0340  10.8149  14.5875   0.0000   0.0000   0.0000
    2000  -4.9515   9.9599  15.0919   0.0000   0.0000   0.0000
    2001  -5.0592  10.3146  14.6757   0.0000   0.0000   0.0000
    2002  -4.9408  10.7897  14.1218   0.0000   0.0000   0.0000
    2003  -5.0124  11.4512  14.5130   0.0000   0.0000   0.0000
    2004  -4.9194  10.3730  14.7362   0.0000   0.0000   0.0000
    2005  -5.5011  10.2025  14.1610   0.0000   0.0000   0.0000
    2006  -4.9049  10.5285  13.8127   0.0000   0.0000   0.0000
    2007  -5.4032  10.4552  14.1290   0.0000   0.0000   0.0000
    2008  -5.1740  11.1448  14.0830   0.0000   0.0000   0.0000
    2009  -4.7048  10.7499  14.8193   0.0000   0.0000   0.0000
    2010  -4.5740  10.2267  14.4353   0.0000   0.0000   0.0000
    2011  -4.0879  10.9428  14.0007   0.0000   0.0000   0.0000
    2012  -4.1502  10.7223  13.7409   0.0000   0.0000   0.0000
    2013  -4.3624   9.6891  13.7736   0.0000   0.0000   0.0000
    2014  -4.6109   9.8162  14.3065   0.0000   0.0000   0.0000
    2015  -4.4637   9.6686  14.4251   0.0000   0.0000   0.0000
    2016  -5.3051  11.1678  14.3449   0.0000   0.0000   0.0000
    2017  -4.9694   9.9187  13.8897   0.0000   0.0000   0.0000
    2018  -4.4918  10.4405  14.7553   0.0000   0.0000   0.0000
    2019  -5.6518   9.6997  15.5920   0.0000   0.0000   0.0000
    2020  -5.3104  10.1372  15.6860   0.0000   0.0000   0.0000
    2021  -5.4921  11.2563  14.9864   0.0000   0.0000   0.0000
    2022  -5.2492   9.6728  15.4227   0.0000   0.0000   0.0000
    2023  -5.2498   9.4504  14.6024   0.0000   0.0000   0.0000
    2024  -5.4669   9.9822  14.4255   0.0000   0.0000   0.0000
    2025  -5.4042   9.6978  14.2178   0.0000   0.0000   0.0000
    2026  -5.3320   8.9381  14.3883   0.0000   0.0000   0.0000
    2027  -5.5506   8.3939  14.5580   0.0000   0.0000   0.0000
    2028  -5.9035   8.9816  14.2998   0.0000   0.0000   0.0000
    2029  -5.0034   8.9957  14.4606   0.0000   0.0000   0.0000
    2030  -5.0938   9.3022  14.5474   0.0000   0.0000   0.0000
    2031  -5.2993   9.4804  13.8958   0.0000   0.0000   0.0000
    2032  -4.8690   9.9634  13.6769   0.0000   0.0000   0.0000
    2033  -5.2006   8.9272  14.6209   0.0000   0.0000   0.0000
    2034  -5.1038   9.1119  15.1698   0.0000   0.0000   0.0000
    2035  -5.2585   9.3205  14.2844   0.0000   0.0000   0.0000
    2036  -5.8061   9.6255  13.9731   0.0000   0.0000   0.0000
    2037  -4.5480   9.3609  15.0390   0.0000   0.0000   0.0000
    2038  -5.6034   9.1680  14.4450   0.0000   0.0000   0.0000
    2039  -5.2387   9.9071  15.1582   0.0000   0.0000   0.0000
    2040  -6.9626   8.8591  14.5431   0.0000   0.0000   0.0000
    2041  -6.3903   9.3900  14.3041   0.0000   0.0000   0.0000
    2042  -6.6782   9.8035  15.2714   0.0000   0.0000   0.0000
    2043  -6.3539   9.5298  14.9093   0.0000   0.0000   0.0000
    2044  -6.5178   9.6643  14.6654   0.0000   0.0000   0.0000
    2045  -6.7518   9.2705  14.5955   0.0000   0.0000   0.0000
    2046  -6.9099   9.9464  14.0935   0.0000   0.0000   0.0000
    2047  -5.9605   9.2000  14.0053   0.0000   0.0000   0.0000
    2048  -5.6060   9.9220  13.9659   0.0000   0.0000   0.0000
    2049  -6.2692   8.9831  14.1282   0.0000   0.0000   0.0000
    2050  -5.7199   9.2464  13.3800   0.0000   0.0000   0.0000
    2051  -5.4104   8.6491  14.1274   0.0000   0.0000   0.0000
    2052  -6.3431   9.0433  13.0683   0.0000   0.0000   0.0000
    2053  -6.1643   9.3152  13.3388   0.0000   0.0000   0.0000
    2054  -6.6329   9.8575  13.3389   0.0000   0.0000   0.0000
    2055  -6.3909   8.7784  14.2633   0.0000   0.0000   0.0000
    2056  -6.4754   9.3086  13.2841   0.0000   0.0000   0.0000
    2057  -6.0018   8.6618  13.3009   0.0000   0.0000   0.0000
    2058  -5.3434   9.1938  13.6483   0.0000   0.0000   0.0000
    2059  -5.4275   9.1347  13.8530   0.0000   0.0000   0.0000
    2060  -5.9405   8.6199  13.6583   0.0000   0.0000   0.0000
    2061  -5.3057   8.1505  14.2992   0.0000   0.0000   0.0000
    2062  -4.4865   8.1176  13.2050   0.0000   0.0000   0.0000
    2063  -4.2505   8.0550  13.1608   0.0000   0.0000   0.0000
    2064  -5.3959   7.8888  13.0947   0.0000   0.0000   0.0000
    2065  -4.5336   9.0563  14.0247   0.0000   0.0000   0.0000
    2066  -4.6082   8.9524  13.8744   0.0000   0.0000   0.0000
    2067  -4.7250   8.8566  14.6149   0.0000   0.0000   0.0000
    2068  -4.7650   8.2968  14.6330   0.0000   0.0000   0.0000
    2069  -5.7880   8.5040  13.6211   0.0000   0.0000   0.0000
    2070  -3.9976   8.9082  14.8279   0.0000   0.0000   0.0000
    2071  -4.5998   8.0903  14.2899   0.0000   0.0000   0.0000
    2072  -4.4397   7.7859  13.8584   0.0000   0.0000   0.0000
    2073  -4.8288   8.7973  14.4276   0.0000   0.0000   0.0000
    2074  -4.1800   8.3238  14.5383   0.0000   0.0000   0.0000
    2075  -4.5260   8.6077  14.3331   0.0000   0.0000   0.0000
    2076  -4.9425   8.4562  14.4963   0.0000   0.0000   0.0000
    2077  -4.0748   8.3680  14.4958   0.0000   0.0000   0.0000
    2078  -4.3072   8.3777  13.7846   0.0000   0.0000   0.0000
    2079  -4.5788   8.5450  14.8845   0.0000   0.0000   0.0000
    2080  -4.5989   7.6946  14.0582   0.0000   0.0000   0.0000
    2081  -3.9585   7.8388  15.0114   0.0000   0.0000   0.0000
    2082  -5.0980   7.4958  14.0442   0.0000   0.0000   0.0000
    2083  -4.3227   7.5491  14.4061   0.0000   0.0000   0.0000
    2084  -4.7978   8.4403  14.8947   0.0000   0.0000   0.0000
    2085  -5.0500   8.0963  14.1732   0.0000   0.0000   0.0000
    2086  -4.2770   8.0381  13.6799   0.0000   0.0000   0.0000
    2087  -4.1513   7.5447  13.7967   0.0000   0.0000   0.0000
    2088  -4.0965   7.1245  14.7200   0.0000   0.0000   0.0000
    2089  -3.8723   7.7390  14.6949   0.0000   0.0000   0.0000
    2090  -3.5148   7.8327  14.7444   0.0000   0.0000   0.0000
    2091  -3.0552   7.6294  14.3452   0.0000   0.0000   0.0000
    2092  -3.7616   7.3325  14.6998   0.0000   0.0000   0.0000
    2093  -3.7850   7.2788  14.1267   0.0000   0.0000   0.0000
    2094  -4.3091   7.8975  12.8366   0.0000   0.0000   0.0000
    2095  -4.4581   8.1290  13.5554   0.0000   0.0000   0.0000
    2096  -3.9776   8.2957  14.4249   0.0000   0.0000   0.0000
    2097  -4.2536   7.5505  13.9701   0.0000   0.0000   0.0000
    2098  -4.6109   7.5465  14.5018   0.0000   0.0000   0.0000
    2099  -4.4391   8.2987  13.8904   0.0000   0.0000   0.0000
    2100  -3.7118   8.0727  14.1009   0.0000   0.0000   0.0000
    2101  -4.2137   8.2783  13.3586   0.0000   0.0000   0.0000
    2102  -4.4950   8.5631  13.8963   0.0000   0.0000   0.0000
    2103  -5.2399   9.1746  13.8650   0.0000   0.0000   0.0000
    2104  -5.6864   8.4327  13.3926   0.0000   0.0000   0.0000
    2105  -5.2687   8.1597  13.9110   0.0000   0.0000   0.0000
    2106  -4.8950   7.9830  13.4952   0.0000   0.0000   0.0000
    2107  -5.4259   8.1418  14.4620   0.0000   0.0000   0.0000
    2108  -5.9987   7.6995  14.2364   0.0000   0.0000   0.0000
    2109  -5.8044   7.9315  13.8811   0.0000   0.0000   0.0000
    2110  -5.4897   8.2277  14.2399   0.0000   0.0000   0.0000
    2111  -5.6838   8.1151  12.6874   0.0000   0.0000   0.0000
    2112  -6.5562   8.3511  13.5861   0.0000   0.0000   0.0000
    2113  -5.3289   9.3005  13.3864   0.0000   0.0000   0.0000
    2114  -5.5975   9.4322  13.5384   0.0000   0.0000   0.0000
    2115  -4.7836   9.2366  13.2369   0.0000   0.0000   0.0000
    2116  -5.9416   9.2172  13.4201   0.0000   0.0000   0.0000
    2117  -5.8065   8.8740  13.9025   0.0000   0.0000   0.0000
    2118  -4.9217   8.5190  14.0337   0.0000   0.0000   0.0000
    2119  -3.9955   8.2900  14.3521   0.0000   0.0000   0.0000
    2120  -4.8394   7.3670  14.4530   0.0000   0.0000   0.0000
    2121  -4.5260   7.3629  14.4700   0.0000   0.0000   0.0000
    2122  -4.8760   8.7740  13.6423   0.0000   0.0000   0.0000
    2123  -4.3091   7.4080  14.4943   0.0000   0.0000   0.0000
    2124  -5.0685   7.4657  14.4859   0.0000   0.0000   0.0000
    2125  -5.4121   7.6938  14.2535   0.0000   0.0000   0.0000
    2126  -4.9575   8.0677  15.2349   0.0000   0.0000   0.0000
    2127  -4.4619   7.8543  15.0468   0.0000   0.0000   0.0000
    2128  -4.2293   8.1973  15.5791   0.0000   0.0000   0.0000
    2129  -5.2035   8.6197  14.1855   0.0000   0.0000   0.0000
    2130  -4.4336   8.7016  14.8311   0.0000   0.0000   0.0000
    2131  -5.0879   7.8839  14.5191   0.0000   0.0000   0.0000
    2132  -5.1931   8.3208  14.5513   0.0000   0.0000   0.0000
    2133  -5.1555   8.5786  14.0914   0.0000   0.0000   0.0000
    2134  -4.0379   8.7468  14.4567   0.0000   0.0000   0.0000
    2135  -4.0665   8.1840  14.5383   0.0000   0.0000   0.0000
    2136  -4.1847   8.4424  13.7927   0.0000   0.0000   0.0000
    2137  -5.0882   8.1902  14.3783   0.0000   0.0000   0.0000
    2138  -4.1321   8.1617  13.6992   0.0000   0.0000   0.0000
    2139  -4.6876   9.3150  14.0148   0.0000   0.0000   0.0000
    2140  -4.5830   8.9816  14.0334   0.0000   0.0000   0.0000
    2141  -4.5567   8.5155  14.0587   0.0000   0.0000   0.0000
    2142  -5.4410   8.0064  14.7885   0.0000   0.0000   0.0000
    2143  -5.1252   7.9512  14.3898   0.0000   0.0000   0.0000
    2144  -4.8413   8.1252  14.0649   0.0000   0.0000   0.0000
    2145  -5.7198   8.2439  14.1701   0.0000   0.0000   0.0000
    2146  -4.6850   8.3870  13.9271   0.0000   0.0000   0.0000
    2147  -4.5236   7.6336  14.4243   0.0000   0.0000   0.0000
    2148  -5.3499   8.0118  14.5500   0.0000   0.0000   0.0000
    2149  -4.2618   7.9794  15.4283   0.0000   0.0000   0.0000
    2150  -5.2543   8.0390  15.7488   0.0000   0.0000   0.0000
    2151  -5.7219   7.0829  15.4332   0.0000   0.0000   0.0000
    2152  -4.6521   8.0386  15.3983   0.0000   0.0000   0.0000
    2153  -5.8022   7.4501  15.6282   0.0000   0.0000   0.0000
    2154  -4.4614   7.9423  15.4655   0.0000   0.0000   0.0000
    2155  -4.0755   7.5950  15.0941   0.0000   0.0000   0.0000
    2156  -4.5317   8.0035  15.4732   0.0000   0.0000   0.0000
    2157  -4.2778   7.8912  15.4236   0.0000   0.0000   0.0000
    2158  -4.4499   7.6695  15.8378   0.0000   0.0000   0.0000
    2159  -4.2703   8.2998  16.0090   0.0000   0.0000   0.0000
    2160  -3.8222   7.9589  16.7053   0.0000   0.0000   0.0000
    2161  -2.8934   7.5436  16.2752   0.0000   0.0000   0.0000
    2162  -3.4722   7.4624  16.2662   0.0000   0.0000   0.0000
    2163  -4.1865   8.4102  16.6115   0.0000   0.0000   0.0000
    2164  -4.6009   8.1439  15.3767   0.0000   0.0000   0.0000
    2165  -4.4490   8.6649  16.4017   0.0000   0.0000   0.0000
    2166  -5.0366   8.7052  16.4037   0.0000   0.0000   0.0000
    2167  -4.9092   8.4783  15.6496   0.0000   0.0000   0.0000
    2168  -5.3096   8.1421  16.0047   0.0000   0.0000   0.0000
    2169  -4.5986   9.5929  15.5150   0.0000   0.0000   0.0000
    2170  -3.9657   7.8659  15.5886   0.0000   0.0000   0.0000
    2171  -4.3309   7.2358  15.0366   0.0000   0.0000   0.0000
    2172  -4.4792   8.2082  14.7848   0.0000   0.0000   0.0000
    2173  -3.1792   8.2457  15.1971   0.0000   0.0000   0.0000
    2174  -4.0055   7.9089  14.8569   0.0000   0.0000   0.0000
    2175  -4.1680   8.3581  15.5963   0.0000   0.0000   0.0000
    2176  -3.8776   8.9029  15.6763   0.0000   0.0000   0.0000
    2177  -3.3133   8.2059  15.7249   0.0000   0.0000   0.0000
    2178  -3.8176   6.9083  16.1862   0.0000   0.0000   0.0000
    2179  -3.8371   7.3979  15.3595   0.0000   0.0000   0.0000
    2180  -3.8780   7.8819  14.1852   0.0000   0.0000   0.0000
    2181  -3.2735   8.2187  14.6333   0.0000   0.0000   0.0000
    2182  -4.9381   6.9684  14.4400   0.0000   0.0000   0.0000
    2183  -4.5051   8.1290  14.9972   0.0000   0.0000   0.0000
    2184  -4.0864   7.3137  14.0766   0.0000   0.0000   0.0000
    2185  -4.3497   8.0150  14.7442   0.0000   0.0000   0.0000
    2186  -4.9412   7.7290  14.5363   0.0000   0.0000   0.0000
    2187  -4.7493   7.3467  15.3837   0.0000   0.0000   0.0000
    2188  -4.1355   7.3122  14.5635   0.0000   0.0000   0.0000
    2189  -3.9192   7.5198  14.4149   0.0000   0.0000   0.0000
    2190  -4.0076   7.5191  14.5902   0.0000   0.0000   0.0000
    2191  -4.5083   7.1436  13.8842   0.0000   0.0000   0.0000
    2192  -3.7190   7.9709  14.5296   0.0000   0.0000   0.0000
    2193  -3.6560   7.1904  14.5045   0.0000   0.0000   0.0000
    2194  -4.2935   7.7150  14.1999   0.0000   0.0000   0.0000
    2195  -5.5427   7.6481  13.9582   0.0000   0.0000   0.0000
    2196  -5.3982   7.8826  13.4168   0.0000   0.0000   0.0000
    2197  -6.3846   8.4457  13.8332   0.0000   0.0000   0.0000
    2198  -5.7526   7.6798  13.8431   0.0000   0.0000   0.0000
    2199  -5.9640   8.2932  14.4872   0.0000   0.0000   0.0000
    2200  -5.2083   8.6428  13.6838   0.0000   0.0000   0.0000
    2201  -5.6258   8.6952  13.5353   0.0000   0.0000   0.0000
    2202  -5.0477   8.8304  13.8259   0.0000   0.0000   0.0000
    2203  -5.2735   9.4687  14.3316   0.0000   0.0000   0.0000
    2204  -5.5531   8.4586  14.9149   0.0000   0.0000   0.0000
    2205  -5.9420   8.8361  14.8862   0.0000   0.0000   0.0000
    2206  -5.6151   8.4905  14.1287   0.0000   0.0000   0.0000
    2207  -5.4197   8.1648  14.7929   0.0000   0.0000   0.0000
    2208  -5.7008   9.0684  14.3695   0.0000   0.0000   0.0000
    2209  -4.9299   9.2700  14.6014   0.0000   0.0000   0.0000
    2210  -6.1118   9.2267  14.7775   0.0000   0.0000   0.0000
    2211  -6.3513   8.4884  14.4101   0.0000   0.0000   0.0000
    2212  -6.4118   9.1275  14.2764   0.0000   0.0000   0.0000
    2213  -6.6457   8.3766  15.2421   0.0000   0.0000   0.0000
    2214  -6.8870   7.4683  13.9488   0.0000   0.0000   0.0000
    2215  -6.6468   7.2091  14.0988   0.0000   0.0000   0.0000
    2216  -7.3997   8.1512  14.0288   0.0000   0.0000   0.0000
    2217  -7.2968   8.4072  14.1350   0.0000   0.0000   0.0000
    2218  -6.1758   6.8391  14.1394   0.0000   0.0000   0.0000
    2219  -7.4381   8.3110  13.7548   0.0000   0.0000   0.0000
    2220  -6.4119   8.4658  14.1244   0.0000   0.0000   0.0000
    2221  -7.0272   8.4557  13.5627   0.0000   0.0000   0.0000
    2222  -6.8841   7.7049  13.6305   0.0000   0.0000   0.0000
    2223  -6.8785   7.5723  14.5989   0.0000   0.0000   0.0000
    2224  -6.6327   7.9779  13.9586   0.0000   0.0000   0.0000
    2225  -6.3760   8.4496  13.9345   0.0000   0.0000   0.0000
    2226  -6.4516   8.1525  14.0249   0.0000   0.0000   0.0000
    2227  -6.5133   7.1123  13.9689   0.0000   0.0000   0.0000
    2228  -7.0143   8.2510  13.8895   0.0000   0.0000   0.0000
    2229  -6.1860   6.6737  14.5825   0.0000   0.0000   0.0000
    2230  -6.9362   7.4184  13.0710   0.0000   0.0000   0.0000
    2231  -7.0949   8.1516  14.2968   0.0000   0.0000   0.0000
    2232  -7.0623   7.6963  14.4220   0.0000   0.0000   0.0000
    2233  -6.5337   8.3685  14.9063   0.0000   0.0000   0.0000
    2234  -6.0792   7.1106  13.8341   0.0000   0.0000   0.0000
    2235  -6.1312   7.1095  13.8569   0.0000   0.0000   0.0000
    2236  -7.0325   7.2069  13.7249   0.0000   0.0000   0.0000
    2237  -6.6562   6.7447  14.3628   0.0000   0.0000   0.0000
    2238  -5.4777   7.3532  14.9567   0.0000   0.0000   0.0000
    2239  -5.4507   7.3716  15.3900   0.0000   0.0000   0.0000
    2240  -6.1243   8.1114  14.2524   0.0000   0.0000   0.0000
    2241  -5.4119   8.0640  15.2651   0.0000   0.0000   0.0000
    2242  -5.3667   8.0959  14.0440   0.0000   0.0000   0.0000
    2243  -6.0628   8.4504  14.7146   0.0000   0.0000   0.0000
    2244  -5.8473   8.1525  14.6225   0.0000   0.0000   0.0000
    2245  -5.5735   7.1338  14.7744   0.0000   0.0000   0.0000
    2246  -5.4542   7.1700  14.6160   0.0000   0.0000   0.0000
    2247  -4.9891   7.2753  14.7546   0.0000   0.0000   0.0000
    2248  -5.7611   7.3808  13.6642   0.0000   0.0000   0.0000
    2249  -5.4640   6.6848  13.4955   0.0000   0.0000   0.0000
    2250  -5.3239   6.9687  13.1906   0.0000   0.0000   0.0000
    2251  -5.2866   7.4508  14.4797   0.0000   0.0000   0.0000
    2252  -4.8037   6.5316  14.4965   0.0000   0.0000   0.0000
    2253  -5.1411   6.5714  14.4894   0.0000   0.0000   0.0000
    2254  -5.7481   7.1893  15.1194   0.0000   0.0000   0.0000
    2255  -5.8653   6.6173  14.3867   0.0000   0.0000   0.0000
    2256  -5.7121   7.0967  15.3758   0.0000   0.0000   0.0000
    2257  -5.4270   6.6226  15.5653   0.0000   0.0000   0.0000
    2258  -4.9902   6.5507  14.5584   0.0000   0.0000   0.0000
    2259  -5.8092   7.3042  14.7861   0.0000   0.0000   0.0000
    2260  -5.9725   7.4327  15.4360   0.0000   0.0000   0.0000
    2261  -5.7481   7.6921  15.6345   0.0000   0.0000   0.0000
    2262  -6.2193   7.5246  15.6047   0.0000   0.0000   0.0000
    2263  -6.0090   7.7813  15.5090   0.0000   0.0000   0.0000
    2264  -5.3413   7.8365  15.0456   0.0000   0.0000   0.0000
    2265  -6.3457   7.7445  15.0426   0.0000   0.0000   0.0000
    2266  -5.5852   7.7676  15.7935   0.0000   0.0000   0.0000
    2267  -5.6584   7.9119  15.6607   0.0000   0.0000   0.0000
    2268  -5.8371   7.8835  15.4168   0.0000   0.0000   0.0000
    2269  -5.4198   7.4606  14.4546   0.0000   0.0000   0.0000
    2270  -5.9152   6.7606  15.0251   0.0000   0.0000   0.0000
    2271  -5.6384   7.0046  15.0968   0.0000   0.0000   0.0000
    2272  -6.0843   6.7703  14.8013   0.0000   0.0000   0.0000
    2273  -5.2399   6.3049  16.0028   0.0000   0.0000   0.0000
    2274  -5.7068   6.3720  15.3306   0.0000   0.0000   0.0000
    2275  -5.2746   5.8250  14.9866   0.0000   0.0000   0.0000
    2276  -5.4198   6.4334  15.4203   0.0000   0.0000   0.0000
    2277  -5.6035   7.2497  15.3451   0.0000   0.0000   0.0000
    2278  -4.6782   6.6217  15.1927   0.0000   0.0000   0.0000
    2279  -5.5091   7.0206  15.1105   0.0000   0.0000   0.0000
    2280  -5.2340   7.2062  15.1398   0.0000   0.0000   0.0000
    2281  -5.6517   7.5602  14.7732   0.0000   0.0000   0.0000
    2282  -4.9506   6.7338  14.9112   0.0000   0.0000   0.0000
    2283  -5.5504   7.8739  14.2720   0.0000   0.0000   0.0000
    2284  -5.0519   7.0672  14.8863   0.0000   0.0000   0.0000
    2285  -6.2827   6.7112  14.8874   0.0000   0.0000   0.0000
    2286  -7.9610   7.6490  14.5768   0.0000   0.0000   0.0000
    2287  -6.6950   6.7464  14.2082   0.0000   0.0000   0.0000
    2288  -6.8952   6.1334  13.8449   0.0000   0.0000   0.0000
    2289  -5.9686   7.1881  14.1034   0.0000   0.0000   0.0000
    2290  -6.4400   6.6640  13.8697   0.0000   0.0000   0.0000
    2291  -7.6319   6.2509  13.3830   0.0000   0.0000   0.0000
    2292  -7.5499   6.4936  14.6708   0.0000   0.0000   0.0000
    2293  -7.6168   6.1987  13.0900   0.0000   0.0000   0.0000
    2294  -7.0852   5.8124  13.1306   0.0000   0.0000   0.0000
    2295  -6.1635   6.1994  14.0039   0.0000   0.0000   0.0000
    2296  -6.1898   5.3067  14.5686   0.0000   0.0000   0.0000
    2297  -5.9318   6.2257  13.6545   0.0000   0.0000   0.0000
    2298  -6.2592   6.5429  13.5773   0.0000   0.0000   0.0000
    2299  -6.1222   5.9842  13.8916   0.0000   0.0000   0.0000
    2300  -7.0712   5.9918  13.7402   0.0000   0.0000   0.0000
    2301  -6.4828   5.8003  13.9245   0.0000   0.0000   0.0000
    2302  -6.7060   6.1197  13.6117   0.0000   0.0000   0.0000
    2303  -6.1432   6.5513  13.9597   0.0000   0.0000   0.0000
    2304  -6.5850   6.7452  13.2023   0.0000   0.0000   0.0000
    2305  -6.7508   6.0222  13.1482   0.0000   0.0000   0.0000
    2306  -6.9051   6.8313  12.3548   0.0000   0.0000   0.0000
    2307  -6.7458   6.3380  13.2879   0.0000   0.0000   0.0000
    2308  -6.3307   7.5520  13.5303   0.0000   0.0000   0.0000
    2309  -5.7677   7.1949  13.4409   0.0000   0.0000   0.0000
    2310  -6.1910   7.1193  14.0575   0.0000   0.0000   0.0000
    2311  -6.2706   7.5398  13.3839   0.0000   0.0000   0.0000
    2312  -6.5193   7.4346  13.2707   0.0000   0.0000   0.0000
    2313  -6.0613   6.5520  14.0354   0.0000   0.0000   0.0000
    2314  -6.8509   6.6626  13.4773   0.0000   0.0000   0.0000
    2315  -6.5442   6.7079  13.8338   0.0000   0.0000   0.0000
    2316  -5.6036   6.3877  13.5544   0.0000   0.0000   0.0000
    2317  -5.7137   6.4841  14.3217   0.0000   0.0000   0.0000
    2318  -5.6283   6.6461  14.1035   0.0000   0.0000   0.0000
    2319  -6.2634   7.7750  13.6602   0.0000   0.0000   0.0000
    2320  -5.2653   6.5741  13.8199   0.0000   0.0000   0.0000
    2321  -6.2516   7.1580  13.6302   0.0000   0.0000   0.0000
    2322  -7.1581   7.2116  13.2507   0.0000   0.0000   0.0000
    2323  -6.8962   6.7456  13.8781   0.0000   0.0000   0.0000
    2324  -6.4321   7.9531  13.1513   0.0000   0.0000   0.0000
    2325  -6.6735   7.4104  13.3913   0.0000   0.0000   0.0000
    2326  -7.1433   7.5493  12.8350   0.0000   0.0000   0.0000
    2327  -6.9433   7.1646  13.4736   0.0000   0.0000   0.0000
    2328  -6.3530   6.8076  12.7771   0.0000   0.0000   0.0000
    2329  -5.2832   7.4182  13.2120   0.0000   0.0000   0.0000
    2330  -5.8749   7.2475  12.7697   0.0000   0.0000   0.0000
    2331  -4.9976   6.8290  13.5077   0.0000   0.0000   0.0000
    2332  -5.0962   6.6600  12.6663   0.0000   0.0000   0.0000
    2333  -5.1533   7.0245  13.1245   0.0000   0.0000   0.0000
    2334  -4.3729   7.6250  13.5568   0.0000   0.0000   0.0000
    2335  -4.7168   6.5645  13.2470   0.0000   0.0000   0.0000
    2336  -5.7978   6.4121  12.7050   0.0000   0.0000   0.0000
    2337  -5.7430   7.2097  12.9074   0.0000   0.0000   0.0000
    2338  -4.8340   7.2167  12.9916   0.0000   0.0000   0.0000
    2339  -4.6358   6.6676  13.1722   0.0000   0.0000   0.0000
    2340  -5.2228   5.7733  13.0408   0.0000   0.0000   0.0000
    2341  -5.6551   6.3043  13.2243   0.0000   0.0000   0.0000
    2342  -5.8852   6.6605  13.1686   0.0000   0.0000   0.0000
    2343  -5.1858   5.7721  13.4522   0.0000   0.0000   0.0000
    2344  -7.3254   5.2133  13.2656   0.0000   0.0000   0.0000
    2345  -6.3004   6.1380  13.3587   0.0000   0.0000   0.0000
    2346  -7.4492   6.3553  13.0516   0.0000   0.0000   0.0000
    2347  -6.3589   5.4940  12.6982   0.0000   0.0000   0.0000
    2348  -7.3277   6.1347  12.9279   0.0000   0.0000   0.0000
    2349  -6.9667   5.9374  12.5267   0.0000   0.0000   0.0000
    2350  -6.0959   5.9850  13.5905   0.0000   0.0000   0.0000
    2351  -6.8307   5.4693  12.7322   0.0000   0.0000   0.0000
    2352  -6.3332   5.5598  12.9172   0.0000   0.0000   0.0000
    2353  -6.3255   5.8540  12.7041   0.0000   0.0000   0.0000
    2354  -5.2497   4.8091  12.8063   0.0000   0.0000   0.0000
    2355  -5.0424   5.9448  12.9672   0.0000   0.0000   0.0000
    2356  -4.9630   4.5459  13.4067   0.0000   0.0000   0.0000
    2357  -5.5635   5.1507  13.2599   0.0000   0.0000   0.0000
    2358  -5.7482   5.5022  13.2444   0.0000   0.0000   0.0000
    2359  -5.5687   4.4232  13.2909   0.0000   0.0000   0.0000
    2360  -5.1994   4.4966  13.3436   0.0000   0.0000   0.0000
    2361  -5.9015   4.8956  13.1124   0.0000   0.0000   0.0000
    2362  -5.9142   4.1406  13.4386   0.0000   0.0000   0.0000
    2363  -6.3895   4.3039  13.7137   0.0000   0.0000   0.0000
    2364  -6.9795   5.2466  13.7656   0.0000   0.0000   0.0000
    2365  -7.1873   5.1974  13.3292   0.0000   0.0000   0.0000
    2366  -6.7027   4.6683  13.1387   0.0000   0.0000   0.0000
    2367  -6.3741   4.3320  13.2386   0.0000   0.0000   0.0000
    2368  -6.8053   4.6308  13.3087   0.0000   0.0000   0.0000
    2369  -6.1823   4.1737  12.7307   0.0000   0.0000   0.0000
    2370  -7.2932   3.7945  12.5184   0.0000   0.0000   0.0000
    2371  -6.7849   2.8698  12.2288   0.0000   0.0000   0.0000
    2372  -6.5430   3.8958  12.8902   0.0000   0.0000   0.0000
    2373  -6.1028   4.7400  12.8758   0.0000   0.0000   0.0000
    2374  -5.8830   4.5103  12.1536   0.0000   0.0000   0.0000
    2375  -5.7914   4.8937  12.6006   0.0000   0.0000   0.0000
    2376  -6.2637   4.4579  12.5726   0.0000   0.0000   0.0000
    2377  -6.3949   4.7042  12.2176   0.0000   0.0000   0.0000
    2378  -5.9621   4.7308  12.7835   0.0000   0.0000   0.0000
    2379  -6.5827   3.1680  12.9234   0.0000   0.0000   0.0000
    2380  -7.1921   4.2769  12.3961   0.0000   0.0000   0.0000
    2381  -7.5026   4.9188  12.3464   0.0000   0.0000   0.0000
    2382  -6.9051   5.1228  12.3454   0.0000   0.0000   0.0000
    2383  -6.8521   5.8453  12.3614   0.0000   0.0000   0.0000
    2384  -6.8078   5.7693  11.7496   0.0000   0.0000   0.0000
    2385  -6.0098   5.3384  11.5719   0.0000   0.0000   0.0000
    2386  -7.0058   5.3244  11.8459   0.0000   0.0000   0.0000
    2387  -6.1867   5.1838  11.4303   0.0000   0.0000   0.0000
    2388  -6.7991   5.1436  11.9120   0.0000   0.0000   0.0000
    2389  -5.3052   4.8298  11.5271   0.0000   0.0000   0.0000
    2390  -6.3211   5.7095  11.5887   0.0000   0.0000   0.0000
    2391  -6.2762   4.8068  11.4178   0.0000   0.0000   0.0000
    2392  -6.5345   6.0249  10.8155   0.0000   0.0000   0.0000
    2393  -6.3326   5.9403  11.6910   0.0000   0.0000   0.0000
    2394  -6.4900   5.9093  11.3588   0.0000   0.0000   0.0000
    2395  -6.6978   5.4752  11.3369   0.0000   0.0000   0.0000
    2396  -5.2030   5.1757  11.3685   0.0000   0.0000   0.0000
    2397  -5.9569   5.4577  12.2913   0.0000   0.0000   0.0000
    2398  -5.7640   5.1623  11.6130   0.0000   0.0000   0.0000
    2399  -5.1125   5.2272  11.6195   0.0000   0.0000   0.0000
    2400  -5.5752   5.2737  11.6892   0.0000   0.0000   0.0000
    2401  -4.8762   5.0047  11.9700   0.0000   0.0000   0.0000
    2402  -4.9792   5.4536  12.3613   0.0000   0.0000   0.0000
    2403  -4.9275   6.5132  11.4759   0.0000   0.0000   0.0000
    2404  -5.3020   5.1920  10.9138   0.0000   0.0000   0.0000
    2405  -5.1195   4.4197  11.4426   0.0000   0.0000   0.0000
    2406  -5.2469   5.1745  11.3313   0.0000   0.0000   0.0000
    2407  -5.2518   4.6574  11.8509   0.0000   0.0000   0.0000
    2408  -5.4038   5.3668  11.7254   0.0000   0.0000   0.0000
    2409  -6.0843   4.6659  10.8948   0.0000   0.0000   0.0000
    2410  -6.0751   5.6911  10.2868   0.0000   0.0000   0.0000
    2411  -4.7255   4.8118  11.5689   0.0000   0.0000   0.0000
    2412  -5.3341   4.9334  11.6444   0.0000   0.0000   0.0000
    2413  -5.5073   4.6573  12.1623   0.0000   0.0000   0.0000
    2414  -5.2464   4.1517  12.3909   0.0000   0.0000   0.0000
    2415  -5.4284   4.7221  13.3175   0.0000   0.0000   0.0000
    2416  -5.9581   5.5427  12.9464   0.0000   0.0000   0.0000
    2417  -5.4493   5.1863  12.9532   0.0000   0.0000   0.0000
    2418  -5.5591   6.0454  13.1925   0.0000   0.0000   0.0000
    2419  -5.3838   5.3421  12.6729   0.0000   0.0000   0.0000
    2420  -5.6642   5.8066  12.6436   0.0000   0.0000   0.0000
    2421  -5.6466   4.4534  13.7236   0.0000   0.0000   0.0000
    2422  -6.5747   4.9935  14.1015   0.0000   0.0000   0.0000
    2423  -6.1252   5.5219  13.1392   0.0000   0.0000   0.0000
    2424  -5.9869   5.1228  13.4917   0.0000   0.0000   0.0000
    2425  -6.4069   5.5211  13.7861   0.0000   0.0000   0.0000
    2426  -6.6482   4.8982  12.5034   0.0000   0.0000   0.0000
    2427  -5.6371   6.1747  12.3694   0.0000   0.0000   0.0000
    2428  -5.7168   5.4234  12.6532   0.0000   0.0000   0.0000
    2429  -5.6894   5.4780  11.9499   0.0000   0.0000   0.0000
    2430  -6.0261   5.8311  12.2049   0.0000   0.0000   0.0000
    2431  -5.3501   5.2020  12.1182   0.0000   0.0000   0.0000
    2432  -4.9963   6.5446  11.7687   0.0000   0.0000   0.0000
    2433  -5.5502   6.1376  12.2907   0.0000   0.0000   0.0000
    2434  -5.7203   5.9838  12.0549   0.0000   0.0000   0.0000
    2435  -4.6835   5.6153  12.7023   0.0000   0.0000   0.0000
    2436  -4.0485   6.4993  12.8427   0.0000   0.0000   0.0000
    2437  -3.8731   6.1423  12.9008   0.0000   0.0000   0.0000
    2438  -3.8383   6.2943  12.3242   0.0000   0.0000   0.0000
    2439  -5.6270   5.9418  11.6270   0.0000   0.0000   0.0000
    2440  -3.8365   6.4021  12.6269   0.0000   0.0000   0.0000
    2441  -4.7880   6.2590  12.2859   0.0000   0.0000   0.0000
    2442  -5.2536   5.1506  12.2531   0.0000   0.0000   0.0000
    2443  -5.1951   5.8386  11.9407   0.0000   0.0000   0.0000
    2444  -4.8352   4.9900  11.8012   0.0000   0.0000   0.0000
    2445  -6.0546   5.7285  12.0012   0.0000   0.0000   0.0000
    2446  -6.3494   4.9649  11.1918   0.0000   0.0000   0.0000
    2447  -6.8736   5.1800  11.9508   0.0000   0.0000   0.0000
    2448  -6.5794   5.6730  12.0976   0.0000   0.0000   0.0000
    2449  -6.6201   4.9990  11.8861   0.0000   0.0000   0.0000
    2450  -5.7127   6.0904  12.2551   0.0000   0.0000   0.0000
    2451  -4.3605   5.1343  13.0551   0.0000   0.0000   0.0000
    2452  -5.4637   6.6656  12.4386   0.0000   0.0000   0.0000
    2453  -5.9968   6.3755  12.0213   0.0000   0.0000   0.0000
    2454  -4.9220   5.7874  12.2117   0.0000   0.0000   0.0000
    2455  -4.7517   6.7240  12.2895   0.0000   0.0000   0.0000
    2456  -5.7824   5.3256  11.6203   0.0000   0.0000   0.0000
    2457  -5.3114   5.4682  11.6701   0.0000   0.0000   0.0000
    2458  -5.0116   5.7307  13.0079   0.0000   0.0000   0.0000
    2459  -5.1398   5.8470  12.3351   0.0000   0.0000   0.0000
    2460  -4.6054   5.3254  12.3069   0.0000   0.0000   0.0000
    2461  -3.4434   6.3443  12.5769   0.0000   0.0000   0.0000
    2462  -3.7661   5.8499  12.3151   0.0000   0.0000   0.0000
    2463  -3.8949   5.1665  12.6029   0.0000   0.0000   0.0000
    2464  -3.1900   5.2308  12.7428   0.0000   0.0000   0.0000
    2465  -3.2857   5.8141  12.0503   0.0000   0.0000   0.0000
    2466  -3.5959   5.5248  13.3131   0.0000   0.0000   0.0000
    2467  -4.4006   5.8563  13.2275   0.0000   0.0000   0.0000
    2468  -3.7066   4.7144  13.6900   0.0000   0.0000   0.0000
    2469  -3.6014   5.0416  12.4668   0.0000   0.0000   0.0000
    2470  -3.6305   5.5358  13.2978   0.0000   0.0000   0.0000
    2471  -2.6981   5.4080  13.5253   0.0000   0.0000   0.0000
    2472  -3.0974   4.9871  13.7539   0.0000   0.0000   0.0000
    2473  -4.1707   4.3757  13.0075   0.0000   0.0000   0.0000
    2474  -2.8218   5.5053  13.0907   0.0000   0.0000   0.0000
    2475  -3.0602   4.7856  13.3501   0.0000   0.0000   0.0000
    2476  -4.4429   4.7470  13.8327   0.0000   0.0000   0.0000
    2477  -3.6066   5.1262  13.4920   0.0000   0.0000   0.0000
    2478  -3.8701   4.9102  13.4012   0.0000   0.0000   0.0000
    2479  -4.2759   5.0470  13.5164   0.0000   0.0000   0.0000
    2480  -5.0287   4.4833  13.9440   0.0000   0.0000   0.0000
    2481  -4.1420   5.1535  13.6938   0.0000   0.0000   0.0000
    2482  -5.1021   4.6981  14.5056   0.0000   0.0000   0.0000
    2483  -4.6522   4.9516  14.4909   0.0000   0.0000   0.0000
    2484  -3.9885   4.8592  14.2665   0.0000   0.0000   0.0000
    2485  -4.8165   4.6029  13.8636   0.0000   0.0000   0.0000
    2486  -5.2016   4.9463  13.7915   0.0000   0.0000   0.0000
    2487  -4.6237   4.1216  14.6235   0.0000   0.0000   0.0000
    2488  -4.4469   4.6809  14.1615   0.0000   0.0000   0.0000
    2489  -4.1639   5.2198  13.4475   0.0000   0.0000   0.0000
    2490  -4.1508   4.0987  13.0544   0.0000   0.0000   0.0000
    2491  -4.4199   3.7877  13.9079   0.0000   0.0000   0.0000
    2492  -4.9703   3.5528  12.9205   0.0000   0.0000   0.0000
    2493  -5.4488   3.9829  13.2205   0.0000   0.0000   0.0000
    2494  -4.7534   3.9467  13.6457   0.0000   0.0000   0.0000
    2495  -5.5210   4.6353  12.9682   0.0000   0.0000   0.0000
    2496  -5.5744   4.0376  13.4182   0.0000   0.0000   0.0000
    2497  -4.2324   4.0817  13.3410   0.0000   0.0000   0.0000
    2498  -4.9178   4.1627  13.5256   0.0000   0.0000   0.0000
    2499  -4.4571   4.2605  13.2301   0.0000   0.0000   0.0000
    2500  -4.4320   4.5255  13.1658   0.0000   0.0000   0.0000
    2501  -4.9694   5.0279  12.6375   0.0000   0.0000   0.0000
    2502  -5.1227   5.7490  12.0396   0.0000   0.0000   0.0000
    2503  -4.7885   4.9006  13.4045   0.0000   0.0000   0.0000
    2504  -5.4097   4.6402  13.3200   0.0000   0.0000   0.0000
    2505  -5.0525   5.1194  12.7515   0.0000   0.0000   0.0000
    2506  -5.5211   5.5058  12.5273   0.0000   0.0000   0.0000
    2507  -5.0799   5.4463  12.0980   0.0000   0.0000   0.0000
    2508  -5.7547   5.6522  12.0903   0.0000   0.0000   0.0000
    2509  -4.1585   6.3394  12.1524   0.0000   0.0000   0.0000
    2510  -4.1820   4.9998  11.7612   0.0000   0.0000   0.0000
    2511  -4.3711   4.9291  12.3875   0.0000   0.0000   0.0000
    2512  -4.2472   4.9899  12.0827   0.0000   0.0000   0.0000
    2513  -4.5558   4.4853  12.4335   0.0000   0.0000   0.0000
    2514  -4.3533   5.1602  12.3455   0.0000   0.0000   0.0000
    2515  -3.1704   4.7513  12.6708   0.0000   0.0000   0.0000
    2516  -4.3155   4.6036  12.8056   0.0000   0.0000   0.0000
    2517  -4.1999   4.4850  13.2046   0.0000   0.0000   0.0000
    2518  -3.9849   4.6706  13.0811   0.0000   0.0000   0.0000
    2519  -3.4560   3.9830  13.0247   0.0000   0.0000   0.0000
    2520  -3.6547   5.1929  12.7014   0.0000   0.0000   0.0000
    2521  -3.9104   5.2013  13.3250   0.0000   0.0000   0.0000
    2522  -3.7832   4.7785  12.7721   0.0000   0.0000   0.0000
    2523  -3.9980   4.5827  13.4635   0.0000   0.0000   0.0000
    2524  -4.2427   5.1560  13.0039   0.0000   0.0000   0.0000
    2525  -4.7389   4.2112  13.4045   0.0000   0.0000   0.0000
    2526  -3.8666   4.6100  13.7225   0.0000   0.0000   0.0000
    2527  -4.0958   4.4067  13.7412   0.0000   0.0000   0.0000
    2528  -3.4219   4.9844  13.5237   0.0000   0.0000   0.0000
    2529  -4.9165   4.6726  14.4815   0.0000   0.0000   0.0000
    2530  -4.1594   4.6564  13.4157   0.0000   0.0000   0.0000
    2531  -4.0796   4.6521  13.4037   0.0000   0.0000   0.0000
    2532  -4.1298   5.1583  13.4273   0.0000   0.0000   0.0000
    2533  -4.3175   5.0136  13.2842   0.0000   0.0000   0.0000
    2534  -4.5967   5.4094  13.1174   0.0000   0.0000   0.0000
    2535  -5.1160   5.3174  13.2656   0.0000   0.0000   0.0000
    2536  -5.2946   5.0057  12.6191   0.0000   0.0000   0.0000
    2537  -4.4974   4.8886  12.7932   0.0000   0.0000   0.0000
    2538  -4.1992   4.7305  13.1519   0.0000   0.0000   0.0000
    2539  -4.8705   5.5148  12.5705   0.0000   0.0000   0.0000
    2540  -5.1430   4.8436  11.9998   0.0000   0.0000   0.0000
    2541  -5.2944   4.6104  12.6389   0.0000   0.0000   0.0000
    2542  -4.7475   4.1497  12.0181   0.0000   0.0000   0.0000
    2543  -5.0255   5.3986  12.5862   0.0000   0.0000   0.0000
    2544  -5.8707   4.7264  12.4587   0.0000   0.0000   0.0000
    2545  -5.2525   4.6631  12.5377   0.0000   0.0000   0.0000
    2546  -4.7088   5.0284  12.9836   0.0000   0.0000   0.0000
    2547  -4.3949   4.7666  13.3348   0.0000   0.0000   0.0000
    2548  -3.5422   5.1650  13.5422   0.0000   0.0000   0.0000
    2549  -4.8801   4.8159  13.2144   0.0000   0.0000   0.0000
    2550  -4.7588   4.8289  13.5413   0.0000   0.0000   0.0000
    2551  -4.7178   5.0121  13.4457   0.0000   0.0000   0.0000
    2552  -5.0252   4.9829  13.5962   0.0000   0.0000   0.0000
    2553  -5.4323   4.3471  14.1225   0.0000   0.0000   0.0000
    2554  -5.3751   4.7571  13.8624   0.0000   0.0000   0.0000
    2555  -4.3138   4.3420  14.2546   0.0000   0.0000   0.0000
    2556  -4.7464   4.0947  13.8148   0.0000   0.0000   0.0000
    2557  -4.7207   4.5015  13.9912   0.0000   0.0000   0.0000
    2558  -4.7780   4.5431  14.3978   0.0000   0.0000   0.0000
    2559  -4.5550   4.7268  14.3586   0.0000   0.0000   0.0000
    2560  -4.8895   3.8352  14.1094   0.0000   0.0000   0.0000
    2561  -4.8278   4.1939  14.6506   0.0000   0.0000   0.0000
    2562  -4.5255   4.0576  13.5127   0.0000   0.0000   0.0000
    2563  -4.5117   4.0961  14.0461   0.0000   0.0000   0.0000
    2564  -5.3866   3.9478  13.9422   0.0000   0.0000   0.0000
    2565  -5.1180   4.4134  14.9027   0.0000   0.0000   0.0000
    2566  -4.5211   4.4459  14.2216   0.0000   0.0000   0.0000
    2567  -4.2049   4.6420  14.1704   0.0000   0.0000   0.0000
    2568  -4.4993   4.2652  14.4233   0.0000   0.0000   0.0000
    2569  -4.2363   3.9420  14.7157   0.0000   0.0000   0.0000
    2570  -4.7234   3.6665  14.6171   0.0000   0.0000   0.0000
    2571  -3.6014   3.9940  14.3906   0.0000   0.0000   0.0000
    2572  -3.3543   4.0713  14.4945   0.0000   0.0000   0.0000
    2573  -4.8915   3.9789  14.0984   0.0000   0.0000   0.0000
    2574  -6.1850   3.8359  14.3192   0.0000   0.0000   0.0000
    2575  -5.0727   3.8857  13.8336   0.0000   0.0000   0.0000
    2576  -4.6814   4.2307  13.9280   0.0000   0.0000   0.0000
    2577  -3.9074   4.3393  13.9192   0.0000   0.0000   0.0000
    2578  -3.5123   3.9237  13.7957   0.0000   0.0000   0.0000
    2579  -3.0630   4.5829  13.3040   0.0000   0.0000   0.0000
    2580  -3.8561   4.0475  13.2847   0.0000   0.0000   0.0000
    2581  -4.2681   4.2345  13.9445   0.0000   0.0000   0.0000
    2582  -3.8653   4.5403  13.4555   0.0000   0.0000   0.0000
    2583  -3.6395   4.9954  12.9648   0.0000   0.0000   0.0000
    2584  -4.9372   4.5406  13.1903   0.0000   0.0000   0.0000
    2585  -4.2627   4.8878  12.7994   0.0000   0.0000   0.0000
    2586  -4.9840   4.7475  13.2098   0.0000   0.0000   0.0000
    2587  -4.8403   4.4379  13.4970   0.0000   0.0000   0.0000
    2588  -4.5002   4.0340  13.1537   0.0000   0.0000   0.0000
    2589  -4.4149   3.6913  14.6554   0.0000   0.0000   0.0000
    2590  -4.0331   4.2673  13.9232   0.0000   0.0000   0.0000
    2591  -3.5993   3.7094  13.8448   0.0000   0.0000   0.0000
    2592  -4.8848   4.7015  13.9973   0.0000   0.0000   0.0000
    2593  -3.5181   4.6205  13.9323   0.0000   0.0000   0.0000
    2594  -4.3807   4.4429  14.6458   0.0000   0.0000   0.0000
    2595  -4.0796   4.8192  14.1982   0.0000   0.0000   0.0000
    2596  -3.8340   4.6753  14.1806   0.0000   0.0000   0.0000
    2597  -3.6899   4.8462  13.3680   0.0000   0.0000   0.0000
    2598  -4.7994   5.1359  13.8310   0.0000   0.0000   0.0000
    2599  -4.9738   5.0715  14.0287   0.0000   0.0000   0.0000
    2600  -3.6457   4.9403  13.6100   0.0000   0.0000   0.0000
    2601  -3.8653   5.0743  13.9497   0.0000   0.0000   0.0000
    2602  -3.4370   4.5552  13.7850   0.0000   0.0000   0.0000
    2603  -3.2831   4.6505  13.6017   0.0000   0.0000   0.0000
    2604  -2.6706   5.4684  13.6996   0.0000   0.0000   0.0000
    2605  -2.8498   5.6001  13.6817   0.0000   0.0000   0.0000
    2606  -2.6864   4.1989  14.1572   0.0000   0.0000   0.0000
    2607  -2.7037   5.4852  13.7348   0.0000   0.0000   0.0000
    2608  -2.3088   4.4093  14.0716   0.0000   0.0000   0.0000
    2609  -2.5345   4.0536  13.7389   0.0000   0.0000   0.0000
    2610  -3.1365   4.4682  13.7408   0.0000   0.0000   0.0000
    2611  -3.2781   3.8679  13.8335   0.0000   0.0000   0.0000
    2612  -3.7414   4.6873  13.6672   0.0000   0.0000   0.0000
    2613  -4.2103   5.2205  13.5360   0.0000   0.0000   0.0000
    2614  -3.9313   4.4167  13.0770   0.0000   0.0000   0.0000
    2615  -3.8678   4.5689  12.9437   0.0000   0.0000   0.0000
    2616  -3.8760   4.3467  13.1037   0.0000   0.0000   0.0000
    2617  -3.6438   4.4166  13.0709   0.0000   0.0000   0.0000
    2618  -3.2139   4.0315  13.5994   0.0000   0.0000   0.0000
    2619  -3.0847   4.4253  12.8004   0.0000   0.0000   0.0000
    2620  -3.3981   4.0353  13.0801   0.0000   0.0000   0.0000
    2621  -2.9088   4.1666  12.9218   0.0000   0.0000   0.0000
    2622  -3.4565   4.4583  13.4101   0.0000   0.0000   0.0000
    2623  -4.4434   4.5756  12.6375   0.0000   0.0000   0.0000
    2624  -3.4619   3.7388  12.5722   0.0000   0.0000   0.0000
    2625  -3.7642   4.3116  12.5255   0.0000   0.0000   0.0000
    2626  -3.9496   4.5617  12.3590   0.0000   0.0000   0.0000
    2627  -3.6761   5.3429  12.8950   0.0000   0.0000   0.0000
    2628  -3.7624   4.7122  13.0732   0.0000   0.0000   0.0000
    2629  -3.3244   4.8651  12.6549   0.0000   0.0000   0.0000
    2630  -3.2558   5.0753  12.7755   0.0000   0.0000   0.0000
    2631  -3.6042   4.6502  12.6882   0.0000   0.0000   0.0000
    2632  -3.8332   3.3195  12.6719   0.0000   0.0000   0.0000
    2633  -2.9682   4.2928  12.9466   0.0000   0.0000   0.0000
    2634  -4.2992   3.3807  13.4778   0.0000   0.0000   0.0000
    2635  -3.3380   3.0339  13.2221   0.0000   0.0000   0.0000
    2636  -3.1554   3.9513  13.0477   0.0000   0.0000   0.0000
    2637  -3.8267   3.6500  13.1916   0.0000   0.0000   0.0000
    2638  -3.1533   5.2898  12.8290   0.0000   0.0000   0.0000
    2639  -3.3653   4.3262  14.0567   0.0000   0.0000   0.0000
    2640  -3.6443   4.5081  14.3098   0.0000   0.0000   0.0000
    2641  -3.3979   4.9074  14.3938   0.0000   0.0000   0.0000
    2642  -3.1946   5.1158  14.1223   0.0000   0.0000   0.0000
    2643  -2.6589   3.7416  14.3434   0.0000   0.0000   0.0000
    2644  -2.6396   4.4439  13.8193   0.0000   0.0000   0.0000
    2645  -3.0242   4.0226  14.8792   0.0000   0.0000   0.0000
    2646  -2.9936   4.0952  15.6452   0.0000   0.0000   0.0000
    2647  -2.7691   3.9080  15.5797   0.0000   0.0000   0.0000
    2648  -2.3751   3.2907  15.2577   0.0000   0.0000   0.0000
    2649  -2.5391   2.7009  15.5303   0.0000   0.0000   0.0000
    2650  -3.9039   3.6874  15.1052   0.0000   0.0000   0.0000
    2651  -3.2539   4.2446  14.5887   0.0000   0.0000   0.0000
    2652  -2.1878   3.7520  15.6700   0.0000   0.0000   0.0000
    2653  -2.5778   4.9112  14.9275   0.0000   0.0000   0.0000
    2654  -2.7667   4.3256  16.2118   0.0000   0.0000   0.0000
    2655  -2.3779   3.9588  15.9276   0.0000   0.0000   0.0000
    2656  -2.3814   4.0373  15.3302   0.0000   0.0000   0.0000
    2657  -2.7783   3.8634  15.8825   0.0000   0.0000   0.0000
    2658  -2.9939   4.5501  15.4458   0.0000   0.0000   0.0000
    2659  -2.7116   4.0133  15.5053   0.0000   0.0000   0.0000
    2660  -1.6056   4.2478  14.9748   0.0000   0.0000   0.0000
    2661  -1.7224   3.8228  14.1338   0.0000   0.0000   0.0000
    2662  -2.0632   4.3578  14.3549   0.0000   0.0000   0.0000
    2663  -1.9773   4.0662  14.5956   0.0000   0.0000   0.0000
    2664  -3.0556   3.8065  14.3203   0.0000   0.0000   0.0000
    2665  -2.9586   3.7125  14.0629   0.0000   0.0000   0.0000
    2666  -2.4563   2.4609  14.4169   0.0000   0.0000   0.0000
    2667  -2.1273   4.4887  14.9970   0.0000   0.0000   0.0000
    2668  -2.1256   3.6410  14.4883   0.0000   0.0000   0.0000
    2669  -2.6267   3.8778  14.2987   0.0000   0.0000   0.0000
    2670  -2.4444   5.0119  14.2544   0.0000   0.0000   0.0000
    2671  -2.9408   4.8534  14.4643   0.0000   0.0000   0.0000
    2672  -3.1282   4.6120  13.6280   0.0000   0.0000   0.0000
    2673  -2.9100   4.0915  13.9569   0.0000   0.0000   0.0000
    2674  -2.6585   4.1029  14.4343   0.0000   0.0000   0.0000
    2675  -3.4061   5.1639  14.0943   0.0000   0.0000   0.0000
    2676  -2.8769   4.4288  13.8281   0.0000   0.0000   0.0000
    2677  -3.0270   4.2045  14.2937   0.0000   0.0000   0.0000
    2678  -2.8037   5.4525  12.8596   0.0000   0.0000   0.0000
    2679  -2.5106   5.1880  12.9890   0.0000   0.0000   0.0000
    2680  -3.2729   5.3560  13.0626   0.0000   0.0000   0.0000
    2681  -3.5062   5.1032  13.1335   0.0000   0.0000   0.0000
    2682  -2.9929   5.1660  12.6072   0.0000   0.0000   0.0000
    2683  -3.5410   4.8982  12.4278   0.0000   0.0000   0.0000
    2684  -3.5542   5.4048  12.9824   0.0000   0.0000   0.0000
    2685  -3.9327   5.3439  12.4688   0.0000   0.0000   0.0000
    2686  -4.2229   6.2739  12.0918   0.0000   0.0000   0.0000
    2687  -3.6164   5.9146  12.5604   0.0000   0.0000   0.0000
    2688  -3.4301   4.7091  12.1015   0.0000   0.0000   0.0000
    2689  -3.7594   4.7669  12.1550   0.0000   0.0000   0.0000
    2690  -4.0672   5.5117  12.2239   0.0000   0.0000   0.0000
    2691  -3.2806   4.3833  12.1245   0.0000   0.0000   0.0000
    2692  -3.5784   4.5733  12.2667   0.0000   0.0000   0.0000
    2693  -3.9213   4.6406  13.0775   0.0000   0.0000   0.0000
    2694  -4.2811   4.9924  12.7373   0.0000   0.0000   0.0000
    2695  -4.3707   4.4042  13.3344   0.0000   0.0000   0.0000
    2696  -4.3631   4.9189  13.0213   0.0000   0.0000   0.0000
    2697  -3.7176   5.4286  12.2291   0.0000   0.0000   0.0000
    2698  -4.1140   4.5290  12.6342   0.0000   0.0000   0.0000
    2699  -3.5723   4.2948  12.9882   0.0000   0.0000   0.0000
    2700  -4.1226   4.9287  13.6040   0.0000   0.0000   0.0000
    2701  -4.1478   5.3830  13.7295   0.0000   0.0000   0.0000
    2702  -3.6872   4.6052  13.5473   0.0000   0.0000   0.0000
    2703  -4.1376   5.0481  13.4116   0.0000   0.0000   0.0000
    2704  -3.9195   4.8782  13.2631   0.0000   0.0000   0.0000
    2705  -4.8783   4.7688  13.2075   0.0000   0.0000   0.0000
    2706  -5.3785   4.3644  13.7431   0.0000   0.0000   0.0000
    2707  -4.3754   4.9060  14.1944   0.0000   0.0000   0.0000
    2708  -4.8140   5.0268  13.9413   0.0000   0.0000   0.0000
    2709  -4.9559   4.8680  13.7011   0.0000   0.0000   0.0000
    2710  -5.0973   4.9067  13.0070   0.0000   0.0000   0.0000
    2711  -5.6034   4.9774  13.7110   0.0000   0.0000   0.0000
    2712  -5.6886   4.4279  13.5568   0.0000   0.0000   0.0000
    2713  -6.0283   5.0595  14.3801   0.0000   0.0000   0.0000
    2714  -5.6939   4.1282  14.1217   0.0000   0.0000   0.0000
    2715  -4.7401   4.4138  14.2618   0.0000   0.0000   0.0000
    2716  -5.0077   4.8822  13.5914   0.0000   0.0000   0.0000
    2717  -4.7720   4.6994  13.4273   0.0000   0.0000   0.0000
    2718  -4.7808   4.4658  13.3895   0.0000   0.0000   0.0000
    2719  -5.5569   4.7962  13.4481   0.0000   0.0000   0.0000
    2720  -5.0896   4.6559  13.3287   0.0000   0.0000   0.0000
    2721  -4.9362   4.2962  13.5191   0.0000   0.0000   0.0000
    2722  -5.7784   3.8220  12.8069   0.0000   0.0000   0.0000
    2723  -6.8471   4.0710  13.1680   0.0000   0.0000   0.0000
    2724  -6.1577   3.2504  12.9656   0.0000   0.0000   0.0000
    2725  -5.5193   3.6271  13.6632   0.0000   0.0000   0.0000
    2726  -4.9734   3.4673  13.1804   0.0000   0.0000   0.0000
    2727  -4.8127   4.0364  13.2690   0.0000   0.0000   0.0000
    2728  -5.6336   4.2040  13.7341   0.0000   0.0000   0.0000
    2729  -5.7191   4.8248  14.0867   0.0000   0.0000   0.0000
    2730  -5.3466   4.8941  13.6436   0.0000   0.0000   0.0000
    2731  -5.6925   4.4920  13.8487   0.0000   0.0000   0.0000
    2732  -6.1794   4.2342  14.2075   0.0000   0.0000   0.0000
    2733  -5.2373   3.6881  13.6798   0.0000   0.0000   0.0000
    2734  -4.9443   2.8583  13.6853   0.0000   0.0000   0.0000
    2735  -5.3802   3.1747  13.7650   0.0000   0.0000   0.0000
    2736  -5.5255   3.5657  13.8397   0.0000   0.0000   0.0000
    2737  -5.2085   3.4858  13.5168   0.0000   0.0000   0.0000
    2738  -5.4644   3.0464  13.5413   0.0000   0.0000   0.0000
    2739  -5.6272   3.3791  13.3135   0.0000   0.0000   0.0000
    2740  -5.7876   3.4533  14.0383   0.0000   0.0000   0.0000
    2741  -5.2157   2.8313  13.7722   0.0000   0.0000   0.0000
    2742  -6.2293   2.9533  14.2084   0.0000   0.0000   0.0000
    2743  -5.2828   2.7473  14.3214   0.0000   0.0000   0.0000
    2744  -5.3541   2.8125  13.6750   0.0000   0.0000   0.0000
    2745  -5.2342   2.8630  13.5687   0.0000   0.0000   0.0000
    2746  -5.8234   3.2335  13.6481   0.0000   0.0000   0.0000
    2747  -5.6540   3.9391  13.7347   0.0000   0.0000   0.0000
    2748  -5.9091   3.7526  13.9605   0.0000   0.0000   0.0000
    2749  -4.5841   3.3528  14.0539   0.0000   0.0000   0.0000
    2750  -4.8261   3.9863  14.3958   0.0000   0.0000   0.0000
    2751  -5.4110   2.9557  13.5190   0.0000   0.0000   0.0000
    2752  -4.8903   2.6990  13.6965   0.0000   0.0000   0.0000
    2753  -4.7494   2.8358  14.3475   0.0000   0.0000   0.0000
    2754  -5.7527   2.9220  14.3909   0.0000   0.0000   0.0000
    2755  -5.6739   3.1981  14.4889   0.0000   0.0000   0.0000
    2756  -5.5629   3.0577  14.2824   0.0000   0.0000   0.0000
    2757  -5.1999   4.5627  14.7378   0.0000   0.0000   0.0000
    2758  -5.0746   3.5676  14.3699   0.0000   0.0000   0.0000
    2759  -4.9879   3.5645  14.8192   0.0000   0.0000   0.0000
    2760  -5.3695   2.5178  14.1815   0.0000   0.0000   0.0000
    2761  -5.5571   2.2414  13.8660   0.0000   0.0000   0.0000
    2762  -5.3019   2.3706  13.7914   0.0000   0.0000   0.0000
    2763  -4.8740   3.0333  14.8475   0.0000   0.0000   0.0000
    2764  -5.7607   2.5106  14.5459   0.0000   0.0000   0.0000
    2765  -6.6732   3.0878  14.2068   0.0000   0.0000   0.0000
    2766  -6.1496   2.8118  13.8651   0.0000   0.0000   0.0000
    2767  -5.7006   3.0869  14.2007   0.0000   0.0000   0.0000
    2768  -6.1757   3.0646  13.1474   0.0000   0.0000   0.0000
    2769  -5.8086   3.9108  13.8639   0.0000   0.0000   0.0000
    2770  -4.4660   3.3743  13.9797   0.0000   0.0000   0.0000
    2771  -4.8700   3.5099  14.8479   0.0000   0.0000   0.0000
    2772  -4.8841   3.8742  14.9657   0.0000   0.0000   0.0000
    2773  -4.3758   3.1850  14.3999   0.0000   0.0000   0.0000
    2774  -3.8631   3.1700  15.0981   0.0000   0.0000   0.0000
    2775  -4.3814   3.9815  14.4769   0.0000   0.0000   0.0000
    2776  -3.2542   3.9181  14.3109   0.0000   0.0000   0.0000
    2777  -4.7888   3.4434  14.8086   0.0000   0.0000   0.0000
    2778  -5.4513   3.4478  14.7083   0.0000   0.0000   0.0000
    2779  -5.7950   3.2092  13.9626   0.0000   0.0000   0.0000
    2780  -5.2133   2.7984  13.9660   0.0000   0.0000   0.0000
    2781  -4.8878   2.8309  14.1798   0.0000   0.0000   0.0000
    2782  -4.3944   1.6711  14.6093   0.0000   0.0000   0.0000
    2783  -4.8749   1.5362  13.8269   0.0000   0.0000   0.0000
    2784  -4.3255   1.7315  13.2430   0.0000   0.0000   0.0000
    2785  -4.7476   1.8774  14.1217   0.0000   0.0000   0.0000
    2786  -5.3106   2.9625  13.9571   0.0000   0.0000   0.0000
    2787  -5.7209   2.2812  13.3350   0.0000   0.0000   0.0000
    2788  -5.5635   2.0486  13.4697   0.0000   0.0000   0.0000
    2789  -5.6689   1.9844  12.9418   0.0000   0.0000   0.0000
    2790  -5.4669   2.6534  12.9715   0.0000   0.0000   0.0000
    2791  -4.6470   3.0001  13.3368   0.0000   0.0000   0.0000
    2792  -5.0129   2.8147  13.1489   0.0000   0.0000   0.0000
    2793  -4.8548   2.6129  14.2187   0.0000   0.0000   0.0000
    2794  -4.3309   1.5839  13.3600   0.0000   0.0000   0.0000
    2795  -5.7698   2.1389  13.1736   0.0000   0.0000   0.0000
    2796  -5.6133   1.4311  12.6051   0.0000   0.0000   0.0000
    2797  -4.7740   1.4003  12.8743   0.0000   0.0000   0.0000
    2798  -5.1077   1.7169  12.3143   0.0000   0.0000   0.0000
    2799  -4.0273   1.5970  12.5773   0.0000   0.0000   0.0000
    2800  -4.8819   0.7008  12.9733   0.0000   0.0000   0.0000
    2801  -6.1216   3.0424  12.7575   0.0000   0.0000   0.0000
    2802  -6.0462   1.7462  12.8703   0.0000   0.0000   0.0000
    2803  -5.3354   2.9535  11.9748   0.0000   0.0000   0.0000
    2804  -5.0773   3.2108  13.2818   0.0000   0.0000   0.0000
    2805  -4.5598   2.1161  13.9847   0.0000   0.0000   0.0000
    2806  -5.1738   2.9751  14.0136   0.0000   0.0000   0.0000
    2807  -5.4714   2.5384  13.9966   0.0000   0.0000   0.0000
    2808  -5.2115   2.4045  13.0030   0.0000   0.0000   0.0000
    2809  -5.0886   2.6049  12.2056   0.0000   0.0000   0.0000
    2810  -5.1842   2.9564  13.2798   0.0000   0.0000   0.0000
    2811  -5.6401   3.2215  13.3231   0.0000   0.0000   0.0000
    2812  -5.6848   2.9227  13.6779   0.0000   0.0000   0.0000
    2813  -5.9183   3.8578  12.7742   0.0000   0.0000   0.0000
    2814  -4.9830   3.3665  13.8480   0.0000   0.0000   0.0000
    2815  -5.1999   3.0821  14.1034   0.0000   0.0000   0.0000
    2816  -5.1939   1.8922  13.8769   0.0000   0.0000   0.0000
    2817  -5.1611   1.6753  12.9544   0.0000   0.0000   0.0000
    2818  -4.8004   2.8712  13.1555   0.0000   0.0000   0.0000
    2819  -4.0099   2.9799  13.1590   0.0000   0.0000   0.0000
    2820  -4.7821   2.6603  12.8350   0.0000   0.0000   0.0000
    2821  -4.9795   3.1662  12.7878   0.0000   0.0000   0.0000
    2822  -5.6956   2.9473  13.0820   0.0000   0.0000   0.0000
    2823  -5.3253   2.4298  13.6007   0.0000   0.0000   0.0000
    2824  -4.7388   2.3586  13.6668   0.0000   0.0000   0.0000
    2825  -5.1479   3.2597  14.0850   0.0000   0.0000   0.0000
    2826  -5.6067   3.4286  14.1821   0.0000   0.0000   0.0000
    2827  -5.6859   3.7278  13.3505   0.0000   0.0000   0.0000
    2828  -5.2680   3.9897  14.0846   0.0000   0.0000   0.0000
    2829  -5.2033   2.6232  14.3255   0.0000   0.0000   0.0000
    2830  -5.8648   2.9213  13.8147   0.0000   0.0000   0.0000
    2831  -6.0938   2.8799  13.3577   0.0000   0.0000   0.0000
    2832  -4.9054   2.9176  14.5857   0.0000   0.0000   0.0000
    2833  -6.2316   3.3681  13.7177   0.0000   0.0000   0.0000
    2834  -6.0155   3.0713  14.3687   0.0000   0.0000   0.0000
    2835  -6.4354   3.0178  13.3254   0.0000   0.0000   0.0000
    2836  -5.5291   3.4152  13.8286   0.0000   0.0000   0.0000
    2837  -6.1590   2.6674  14.1650   0.0000   0.0000   0.0000
    2838  -6.8224   3.5207  13.3709   0.0000   0.0000   0.0000
    2839  -6.3594   3.0288  14.0929   0.0000   0.0000   0.0000
    2840  -5.6529   3.4871  13.9623   0.0000   0.0000   0.0000
    2841  -5.9307   3.1172  13.3787   0.0000   0.0000   0.0000
    2842  -6.5330   3.1664  14.0709   0.0000   0.0000   0.0000
    2843  -6.3522   2.2831  13.3159   0.0000   0.0000   0.0000
    2844  -5.5981   2.8121  14.3331   0.0000   0.0000   0.0000
    2845  -5.6642   2.9745  14.1149   0.0000   0.0000   0.0000
    2846  -5.5169   3.1936  14.4833   0.0000   0.0000   0.0000
    2847  -4.4651   3.4326  13.5696   0.0000   0.0000   0.0000
    2848  -6.0399   3.1463  13.8063   0.0000   0.0000   0.0000
    2849  -6.1137   3.2939  13.7546   0.0000   0.0000   0.0000
    2850  -6.1939   2.8834  13.8531   0.0000   0.0000   0.0000
    2851  -5.4719   3.2395  14.2007   0.0000   0.0000   0.0000
    2852  -5.4886   2.8680  14.0257   0.0000   0.0000   0.0000
    2853  -5.6483   3.3485  14.0368   0.0000   0.0000   0.0000
    2854  -5.1407   2.3279  13.8135   0.0000   0.0000   0.0000
    2855  -5.8779   3.2391  13.2219   0.0000   0.0000   0.0000
    2856  -5.7565   4.2355  12.6060   0.0000   0.0000   0.0000
    2857  -6.1908   3.8471  12.3329   0.0000   0.0000   0.0000
    2858  -5.3063   3.5099  12.7675   0.0000   0.0000   0.0000
    2859  -5.3174   3.8385  12.5275   0.0000   0.0000   0.0000
    2860  -5.2438   4.2132  12.6715   0.0000   0.0000   0.0000
    2861  -5.7670   4.6182  12.8052   0.0000   0.0000   0.0000
    2862  -5.2968   3.9145  12.4080   0.0000   0.0000   0.0000
    2863  -4.9368   4.2726  13.5723   0.0000   0.0000   0.0000
    2864  -5.0038   4.2160  13.5569   0.0000   0.0000   0.0000
    2865  -5.0517   3.9163  13.2466   0.0000   0.0000   0.0000
    2866  -5.6956   4.3726  13.7899   0.0000   0.0000   0.0000
    2867  -5.2732   4.1090  13.9620   0.0000   0.0000   0.0000
    2868  -6.7292   3.1648  14.2579   0.0000   0.0000   0.0000
    2869  -6.4553   3.1962  14.8316   0.0000   0.0000   0.0000
    2870  -4.9154   3.0955  14.6823   0.0000   0.0000   0.0000
    2871  -4.9115   2.7195  14.5043   0.0000   0.0000   0.0000
    2872  -5.5323   3.5008  15.1334   0.0000   0.0000   0.0000
    2873  -6.2463   2.7646  15.1440   0.0000   0.0000   0.0000
    2874  -5.5807   3.0142  15.1705   0.0000   0.0000   0.0000
    2875  -5.9950   3.1176  15.1035   0.0000   0.0000   0.0000
    2876  -5.1514   3.0675  15.2014   0.0000   0.0000   0.0000
    2877  -4.6245   3.3188  15.9072   0.0000   0.0000   0.0000
    2878  -3.7986   3.8723  15.2295   0.0000   0.0000   0.0000
    2879  -4.8031   3.6490  14.3360   0.0000   0.0000   0.0000
    2880  -5.1077   3.6307  14.8795   0.0000   0.0000   0.0000
    2881  -5.7656   3.1366  14.6890   0.0000   0.0000   0.0000
    2882  -5.7144   2.8995  14.6088   0.0000   0.0000   0.0000
    2883  -5.8576   3.1778  14.8535   0.0000   0.0000   0.0000
    2884  -5.2783   3.1293  15.2565   0.0000   0.0000   0.0000
    2885  -5.2239   3.3730  15.5156   0.0000   0.0000   0.0000
    2886  -5.6623   3.1358  16.0475   0.0000   0.0000   0.0000
    2887  -5.2426   3.7507  15.7059   0.0000   0.0000   0.0000
    2888  -5.3998   3.1251  15.6453   0.0000   0.0000   0.0000
    2889  -5.1141   3.4300  15.8088   0.0000   0.0000   0.0000
    2890  -5.4312   3.5566  14.9773   0.0000   0.0000   0.0000
    2891  -5.5891   4.4518  15.4193   0.0000   0.0000   0.0000
    2892  -5.1221   4.3629  15.7837   0.0000   0.0000   0.0000
    2893  -4.6323   3.7436  15.0145   0.0000   0.0000   0.0000
    2894  -5.3674   4.3460  15.2654   0.0000   0.0000   0.0000
    2895  -6.1776   4.7257  15.6263   0.0000   0.0000   0.0000
    2896  -4.2111   4.3644  15.5147   0.0000   0.0000   0.0000
    2897  -5.2063   4.9444  15.8726   0.0000   0.0000   0.0000
    2898  -4.8503   4.5230  14.9241   0.0000   0.0000   0.0000
    2899  -4.9543   4.4490  14.9709   0.0000   0.0000   0.0000
    2900  -4.6846   4.7080  14.5047   0.0000   0.0000   0.0000
    2901  -4.3164   4.5293  15.5906   0.0000   0.0000   0.0000
    2902  -4.9100   5.6858  15.2591   0.0000   0.0000   0.0000
    2903  -5.2791   5.3988  14.3112   0.0000   0.0000   0.0000
    2904  -4.5866   5.2475  14.5350   0.0000   0.0000   0.0000
    2905  -4.8101   5.8678  14.2848   0.0000   0.0000   0.0000
    2906  -4.6711   5.2985  14.1738   0.0000   0.0000   0.0000
    2907  -5.1882   4.8818  14.1803   0.0000   0.0000   0.0000
    2908  -4.6794   4.1368  14.3866   0.0000   0.0000   0.0000
    2909  -4.4944   3.7353  14.4987   0.0000   0.0000   0.0000
    2910  -4.3072   3.4721  14.9540   0.0000   0.0000   0.0000
    2911  -4.0593   3.6316  14.6843   0.0000   0.0000   0.0000
    2912  -4.3094   3.9865  14.8857   0.0000   0.0000   0.0000
    2913  -4.3558   3.3963  15.1617   0.0000   0.0000   0.0000
    2914  -4.2523   3.9069  14.8039   0.0000   0.0000   0.0000
    2915  -3.5639   3.7624  14.6934   0.0000   0.0000   0.0000
    2916  -4.5372   3.8612  14.0625   0.0000   0.0000   0.0000
    2917  -4.1311   3.9639  14.1964   0.0000   0.0000   0.0000
    2918  -4.5232   3.5057  13.4553   0.0000   0.0000   0.0000
    2919  -5.0864   4.3758  13.3151   0.0000   0.0000   0.0000
    2920  -4.9210   5.0886  13.6663   0.0000   0.0000   0.0000
    2921  -4.4929   4.7087  14.2990   0.0000   0.0000   0.0000
    2922  -5.3737   3.8891  14.0507   0.0000   0.0000   0.0000
    2923  -5.3786   4.0629  13.9764   0.0000   0.0000   0.0000
    2924  -4.3916   4.0591  14.0583   0.0000   0.0000   0.0000
    2925  -4.1668   4.2354  14.2444   0.0000   0.0000   0.0000
    2926  -4.1108   4.3798  13.3737   0.0000   0.0000   0.0000
    2927  -4.1401   5.2470  13.7342   0.0000   0.0000   0.0000
    2928  -4.8948   4.9778  14.3925   0.0000   0.0000   0.0000
    2929  -4.8547   5.2535  14.6281   0.0000   0.0000   0.0000
    2930  -5.1189   5.1220  14.2136   0.0000   0.0000   0.0000
    2931  -4.3102   4.8226  14.0338   0.0000   0.0000   0.0000
    2932  -4.6078   4.7620  14.1872   0.0000   0.0000   0.0000
    2933  -4.9230   4.2934  14.9044   0.0000   0.0000   0.0000
    2934  -4.9944   4.2345  14.2887   0.0000   0.0000   0.0000
    2935  -5.2135   5.0566  14.5732   0.0000   0.0000   0.0000
    2936  -4.8769   4.4665  14.3263   0.0000   0.0000   0.0000
    2937  -5.1932   3.9950  14.9926   0.0000   0.0000   0.0000
    2938  -4.6229   3.1016  14.7988   0.0000   0.0000   0.0000
    2939  -4.7767   3.6531  14.5461   0.0000   0.0000   0.0000
    2940  -4.8966   4.2337  14.7112   0.0000   0.0000   0.0000
    2941  -4.4023   5.3935  14.2632   0.0000   0.0000   0.0000
    2942  -4.9294   4.9355  14.3950   0.0000   0.0000   0.0000
    2943  -4.6964   5.4488  14.4275   0.0000   0.0000   0.0000
    2944  -4.5743   5.1350  14.7450   0.0000   0.0000   0.0000
    2945  -4.9368   5.0779  14.8023   0.0000   0.0000   0.0000
    2946  -4.9750   4.4252  15.0497   0.0000   0.0000   0.0000
    2947  -5.1837   4.6943  14.5375   0.0000   0.0000   0.0000
    2948  -5.1444   4.6978  15.1162   0.0000   0.0000   0.0000
    2949  -5.7240   4.7797  14.7543   0.0000   0.0000   0.0000
    2950  -5.7869   5.1445  15.0788   0.0000   0.0000   0.0000
    2951  -4.9362   5.2856  14.4541   0.0000   0.0000   0.0000
    2952  -5.1347   4.4905  14.3489   0.0000   0.0000   0.0000
    2953  -5.2215   4.3276  14.0879   0.0000   0.0000   0.0000
    2954  -6.3082   4.4725  13.5532   0.0000   0.0000   0.0000
    2955  -5.4870   3.4431  14.3586   0.0000   0.0000   0.0000
    2956  -6.0985   4.0718  14.3535   0.0000   0.0000   0.0000
    2957  -6.0677   4.3067  14.5612   0.0000   0.0000   0.0000
    2958  -6.2245   4.8329  14.7999   0.0000   0.0000   0.0000
    2959  -6.4721   4.8421  15.0715   0.0000   0.0000   0.0000
    2960  -5.8153   4.2275  15.7913   0.0000   0.0000   0.0000
    2961  -5.7656   4.8378  14.7848   0.0000   0.0000   0.0000
    2962  -5.4551   4.8092  14.8936   0.0000   0.0000   0.0000
    2963  -6.8891   4.8689  15.0865   0.0000   0.0000   0.0000
    2964  -7.1558   4.3848  14.7371   0.0000   0.0000   0.0000
    2965  -6.0152   4.8780  14.9138   0.0000   0.0000   0.0000
    2966  -6.3692   3.9536  14.3316   0.0000   0.0000   0.0000
    2967  -6.2303   4.8450  15.0522   0.0000   0.0000   0.0000
    2968  -6.0960   3.7182  14.8816   0.0000   0.0000   0.0000
    2969  -5.9869   4.4363  14.7577   0.0000   0.0000   0.0000
    2970  -5.8030   4.0931  14.8608   0.0000   0.0000   0.0000
    2971  -5.2362   5.1474  14.5347   0.0000   0.0000   0.0000
    2972  -5.8974   3.7782  15.0698   0.0000   0.0000   0.0000
    2973  -6.1805   4.5997  14.6708   0.0000   0.0000   0.0000
    2974  -5.9610   4.1568  14.1399   0.0000   0.0000   0.0000
    2975  -5.6741   4.0870  13.7755   0.0000   0.0000   0.0000
    2976  -5.9749   4.7643  13.7948   0.0000   0.0000   0.0000
    2977  -5.9692   4.2659  13.7407   0.0000   0.0000   0.0000
    2978  -5.6108   5.5467  13.7915   0.0000   0.0000   0.0000
    2979  -5.6671   4.3920  13.5508   0.0000   0.0000   0.0000
    2980  -5.5297   4.2329  14.2672   0.0000   0.0000   0.0000
    2981  -5.6717   5.5327  13.9957   0.0000   0.0000   0.0000
    2982  -5.9034   6.3917  13.3714   0.0000   0.0000   0.0000
    2983  -4.9726   5.2514  14.0348   0.0000   0.0000   0.0000
    2984  -5.5402   5.6316  14.2346   0.0000   0.0000   0.0000
    2985  -4.8985   4.8791  13.8911   0.0000   0.0000   0.0000
    2986  -4.4337   5.4171  13.7370   0.0000   0.0000   0.0000
    2987  -4.5382   4.4551  13.9797   0.0000   0.0000   0.0000
    2988  -4.3859   5.4226  13.9143   0.0000   0.0000   0.0000
    2989  -5.5152   4.9504  13.6854   0.0000   0.0000   0.0000
    2990  -5.3153   5.0720  14.7573   0.0000   0.0000   0.0000
    2991  -5.4627   4.4651  14.5921   0.0000   0.0000   0.0000
    2992  -5.1512   3.8697  14.6138   0.0000   0.0000   0.0000
    2993  -5.4020   3.5263  14.5966   0.0000   0.0000   0.0000
    2994  -4.9428   4.0053  15.2879   0.0000   0.0000   0.0000
    2995  -5.1942   3.7490  14.6734   0.0000   0.0000   0.0000
    2996  -4.4758   3.9580  15.0335   0.0000   0.0000   0.0000
    2997  -4.3119   3.5811  15.3658   0.0000   0.0000   0.0000
    2998  -3.7644   2.9056  14.8173   0.0000   0.0000   0.0000
    2999  -4.2830   3.2035  14.6686   0.0000   0.0000   0.0000
    3000  -4.5482   2.9908  15.2802   0.0000   0.0000   0.0000
    3001  -4.8339   3.3104  14.6036   0.0000   0.0000   0.0000
    3002  -4.9068   3.8943  14.8602   0.0000   0.0000   0.0000
    3003  -4.9785   4.6999  15.4284   0.0000   0.0000   0.0000
    3004  -4.9725   4.3292  15.4547   0.0000   0.0000   0.0000
    3005  -4.9117   4.2158  15.1151   0.0000   0.0000   0.0000
    3006  -5.1005   4.1491  14.9990   0.0000   0.0000   0.0000
    3007  -5.3325   3.6191  15.2308   0.0000   0.0000   0.0000
    3008  -5.7178   3.6908  14.3441   0.0000   0.0000   0.0000
    3009  -5.0459   4.2683  14.4045   0.0000   0.0000   0.0000
    3010  -4.7573   4.8722  14.8814   0.0000   0.0000   0.0000
    3011  -5.7936   4.1543  14.7653   0.0000   0.0000   0.0000
    3012  -4.7225   4.0021  14.2015   0.0000   0.0000   0.0000
    3013  -5.5981   4.7536  14.0757   0.0000   0.0000   0.0000
    3014  -4.9046   4.2102  14.2955   0.0000   0.0000   0.0000
    3015  -5.4714   3.9426  13.9207   0.0000   0.0000   0.0000
    3016  -4.1473   4.4768  14.4265   0.0000   0.0000   0.0000
    3017  -3.7970   4.1432  14.1269   0.0000   0.0000   0.0000
    3018  -3.5600   3.6294  14.2591   0.0000   0.0000   0.0000
    3019  -4.1117   3.6415  13.7619   0.0000   0.0000   0.0000
    3020  -4.0555   4.1144  13.4544   0.0000   0.0000   0.0000
    3021  -4.6665   3.9815  13.0692   0.0000   0.0000   0.0000
    3022  -4.1430   4.1508  13.4332   0.0000   0.0000   0.0000
    3023  -5.9125   4.6717  13.5004   0.0000   0.0000   0.0000
    3024  -5.1734   4.5679  13.6534   0.0000   0.0000   0.0000
    3025  -4.9030   3.7860  13.0527   0.0000   0.0000   0.0000
    3026  -6.0394   3.5665  14.0923   0.0000   0.0000   0.0000
    3027  -5.0702   2.9342  14.1766   0.0000   0.0000   0.0000
    3028  -5.1402   3.6255  14.7086   0.0000   0.0000   0.0000
    3029  -4.7485   3.3598  14.9764   0.0000   0.0000   0.0000
    3030  -4.4896   2.9691  14.9013   0.0000   0.0000   0.0000
    3031  -4.5344   3.4599  14.4581   0.0000   0.0000   0.0000
    3032  -5.1409   3.1418  14.6711   0.0000   0.0000   0.0000
    3033  -4.3993   2.5353  15.0734   0.0000   0.0000   0.0000
    3034  -4.9281   2.2184  14.6254   0.0000   0.0000   0.0000
    3035  -4.7668   2.1974  15.1592   0.0000   0.0000   0.0000
    3036  -4.2479   2.4875  14.1947   0.0000   0.0000   0.0000
    3037  -4.4370   2.4799  14.9244   0.0000   0.0000   0.0000
    3038  -5.2069   3.0020  15.4600   0.0000   0.0000   0.0000
    3039  -5.1195   3.2941  15.0636   0.0000   0.0000   0.0000
    3040  -4.9622   2.4541  14.8151   0.0000   0.0000   0.0000
    3041  -3.6970   3.3305  15.2479   0.0000   0.0000   0.0000
    3042  -4.9760   2.2909  14.5103   0.0000   0.0000   0.0000
    3043  -5.4043   3.0668  13.7855   0.0000   0.0000   0.0000
    3044  -4.5769   4.0631  14.1024   0.0000   0.0000   0.0000
    3045  -4.8827   3.8537  13.8347   0.0000   0.0000   0.0000
    3046  -3.9806   4.7063  13.2439   0.0000   0.0000   0.0000
    3047  -4.3640   3.9290  13.9899   0.0000   0.0000   0.0000
    3048  -4.6260   3.5355  13.8774   0.0000   0.0000   0.0000
    3049  -4.1835   3.7510  14.0878   0.0000   0.0000   0.0000
    3050  -4.8009   3.6912  13.3458   0.0000   0.0000   0.0000
    3051  -5.8800   4.0085  13.3508   0.0000   0.0000   0.0000
    3052  -5.3210   3.7188  13.2927   0.0000   0.0000   0.0000
    3053  -5.1262   3.2980  12.8987   0.0000   0.0000   0.0000
    3054  -5.5374   4.2028  13.1259   0.0000   0.0000   0.0000
    3055  -5.7859   4.2526  13.4320   0.0000   0.0000   0.0000
    3056  -6.0549   3.7478  14.2609   0.0000   0.0000   0.0000
    3057  -5.3411   3.7567  14.8550   0.0000   0.0000   0.0000
    3058  -5.8753   3.0391  14.5031   0.0000   0.0000   0.0000
    3059  -5.8691   3.9474  15.0161   0.0000   0.0000   0.0000
    3060  -5.6158   2.3736  14.9393   0.0000   0.0000   0.0000
    3061  -5.7338   3.1783  14.2343   0.0000   0.0000   0.0000
    3062  -6.5567   2.6329  14.9764   0.0000   0.0000   0.0000
    3063  -6.3504   4.4309  14.3137   0.0000   0.0000   0.0000
    3064  -6.6294   4.0375  13.7847   0.0000   0.0000   0.0000
    3065  -6.1369   3.5843  13.9648   0.0000   0.0000   0.0000
    3066  -6.0306   3.5240  14.0005   0.0000   0.0000   0.0000
    3067  -6.0580   3.3882  13.7593   0.0000   0.0000   0.0000
    3068  -7.0290   3.7899  14.2308   0.0000   0.0000   0.0000
    3069  -6.4180   3.2330  14.9396   0.0000   0.0000   0.0000
    3070  -6.7412   3.5838  15.1809   0.0000   0.0000   0.0000
    3071  -7.5235   3.1516  15.0770   0.0000   0.0000   0.0000
    3072  -6.9684   3.5881  15.2314   0.0000   0.0000   0.0000
    3073  -6.3852   3.3101  14.6258   0.0000   0.0000   0.0000
    3074  -6.2762   3.3155  14.1438   0.0000   0.0000   0.0000
    3075  -6.3120   3.4473  13.8554   0.0000   0.0000   0.0000
    3076  -6.7333   3.5764  13.4692   0.0000   0.0000   0.0000
    3077  -6.1858   3.6481  13.4004   0.0000   0.0000   0.0000
    3078  -5.7954   4.5167  13.3429   0.0000   0.0000   0.0000
    3079  -6.4518   4.2712  13.3903   0.0000   0.0000   0.0000
    3080  -5.6663   2.2526  14.2587   0.0000   0.0000   0.0000
    3081  -6.3076   2.4587  13.4574   0.0000   0.0000   0.0000
    3082  -5.9179   2.9161  12.9779   0.0000   0.0000   0.0000
    3083  -6.7311   3.7674  12.9040   0.0000   0.0000   0.0000
    3084  -7.6088   3.2785  13.0239   0.0000   0.0000   0.0000
    3085  -7.3966   2.4139  13.6127   0.0000   0.0000   0.0000
    3086  -6.7964   2.7292  12.5881   0.0000   0.0000   0.0000
    3087  -6.4088   3.1916  12.9091   0.0000   0.0000   0.0000
    3088  -5.9517   2.5963  13.3039   0.0000   0.0000   0.0000
    3089  -6.0915   2.2108  12.9319   0.0000   0.0000   0.0000
    3090  -5.7265   3.1948  13.7470   0.0000   0.0000   0.0000
    3091  -5.2396   2.5368  14.3730   0.0000   0.0000   0.0000
    3092  -5.7363   2.3939  13.7701   0.0000   0.0000   0.0000
    3093  -5.8577   2.2105  13.2168   0.0000   0.0000   0.0000
    3094  -6.1052   3.0218  13.1593   0.0000   0.0000   0.0000
    3095  -6.1896   3.0124  13.2399   0.0000   0.0000   0.0000
    3096  -6.3071   3.3060  12.5858   0.0000   0.0000   0.0000
    3097  -5.4550   2.6473  13.1264   0.0000   0.0000   0.0000
    3098  -5.4908   2.3029  14.4674   0.0000   0.0000   0.0000
    3099  -5.6878   3.6921  14.1591   0.0000   0.0000   0.0000
    3100  -4.7858   3.8232  14.4178   0.0000   0.0000   0.0000
    3101  -6.1676   3.8552  14.0822   0.0000   0.0000   0.0000
    3102  -5.9129   3.8891  14.0782   0.0000   0.0000   0.0000
    3103  -5.0980   3.4568  14.3298   0.0000   0.0000   0.0000
    3104  -5.0557   3.3540  14.5603   0.0000   0.0000   0.0000
    3105  -5.6583   3.6482  13.9791   0.0000   0.0000   0.0000
    3106  -5.5805   4.2185  13.5500   0.0000   0.0000   0.0000
    3107  -5.7078   3.6711  14.0729   0.0000   0.0000   0.0000
    3108  -5.4212   3.3602  14.2553   0.0000   0.0000   0.0000
    3109  -6.5483   3.3890  13.4797   0.0000   0.0000   0.0000
    3110  -5.8030   2.3453  14.2098   0.0000   0.0000   0.0000
    3111  -6.4225   2.3777  14.7503   0.0000   0.0000   0.0000
    3112  -5.9193   2.6464  14.1161   0.0000   0.0000   0.0000
    3113  -7.1532   2.7076  13.3698   0.0000   0.0000   0.0000
    3114  -7.0453   3.1838  14.1452   0.0000   0.0000   0.0000
    3115  -6.5781   1.9223  15.1841   0.0000   0.0000   0.0000
    3116  -6.0262   2.8022  14.9048   0.0000   0.0000   0.0000
    3117  -5.6740   1.9970  14.9509   0.0000   0.0000   0.0000
    3118  -5.2891   2.5401  14.4344   0.0000   0.0000   0.0000
    3119  -5.8873   1.9744  14.8385   0.0000   0.0000   0.0000
    3120  -5.2889   1.5748  15.0026   0.0000   0.0000   0.0000
    3121  -5.7099   2.8120  15.1711   0.0000   0.0000   0.0000
    3122  -5.4687   2.2268  14.7051   0.0000   0.0000   0.0000
    3123  -5.1351   2.0430  15.4412   0.0000   0.0000   0.0000
    3124  -5.3749   2.7722  14.8272   0.0000   0.0000   0.0000
    3125  -4.9815   1.8251  14.8820   0.0000   0.0000   0.0000
    3126  -6.2832   0.9985  14.2531   0.0000   0.0000   0.0000
    3127  -5.0319   2.3699  14.9354   0.0000   0.0000   0.0000
    3128  -6.2964   1.7340  13.9578   0.0000   0.0000   0.0000
    3129  -5.7614   2.2628  14.2986   0.0000   0.0000   0.0000
    3130  -5.5724   2.0923  14.8431   0.0000   0.0000   0.0000
    3131  -5.0925   1.7789  14.6070   0.0000   0.0000   0.0000
    3132  -5.8075   2.5455  14.8256   0.0000   0.0000   0.0000
    3133  -5.5260   2.9631  14.7506   0.0000   0.0000   0.0000
    3134  -6.1427   2.4573  14.7063   0.0000   0.0000   0.0000
    3135  -5.9918   3.2996  14.3074   0.0000   0.0000   0.0000
    3136  -5.8435   3.6633  14.3308   0.0000   0.0000   0.0000
    3137  -6.1365   3.7089  13.9095   0.0000   0.0000   0.0000
    3138  -6.0741   3.5430  14.5015   0.0000   0.0000   0.0000
    3139  -5.8567   3.1828  13.5954   0.0000   0.0000   0.0000
    3140  -6.6610   3.1677  13.7525   0.0000   0.0000   0.0000
    3141  -5.9197   3.1477  13.9053   0.0000   0.0000   0.0000
    3142  -7.1727   2.5426  14.0704   0.0000   0.0000   0.0000
    3143  -6.6543   2.4782  14.4255   0.0000   0.0000   0.0000
    3144  -6.8566   2.9711  14.7818   0.0000   0.0000   0.0000
    3145  -6.2205   3.2465  14.9297   0.0000   0.0000   0.0000
    3146  -6.3999   2.3140  14.3538   0.0000   0.0000   0.0000
    3147  -6.8501   3.4984  13.8682   0.0000   0.0000   0.0000
    3148  -5.8597   1.8507  14.7477   0.0000   0.0000   0.0000
    3149  -5.6898   2.2606  14.7446   0.0000   0.0000   0.0000
    3150  -5.1621   2.9078  14.4187   0.0000   0.0000   0.0000
    3151  -5.7472   4.0858  14.3204   0.0000   0.0000   0.0000
    3152  -4.8913   3.5758  15.6689   0.0000   0.0000   0.0000
    3153  -5.4539   2.9216  14.6756   0.0000   0.0000   0.0000
    3154  -4.7731   2.8591  14.6964   0.0000   0.0000   0.0000
    3155  -4.7935   2.2912  14.8260   0.0000   0.0000   0.0000
    3156  -5.3187   2.4215  14.6860   0.0000   0.0000   0.0000
    3157  -5.9550   2.7271  14.6560   0.0000   0.0000   0.0000
    3158  -6.3500   3.3443  15.1577   0.0000   0.0000   0.0000
    3159  -5.8805   3.7485  15.0581   0.0000   0.0000   0.0000
    3160  -5.0983   3.2194  15.0281   0.0000   0.0000   0.0000
    3161  -5.5897   3.9702  15.5816   0.0000   0.0000   0.0000
    3162  -5.5040   2.8322  15.8364   0.0000   0.0000   0.0000
    3163  -5.3416   4.4980  15.4534   0.0000   0.0000   0.0000
    3164  -5.7472   3.8527  15.6279   0.0000   0.0000   0.0000
    3165  -5.0867   4.6910  15.5213   0.0000   0.0000   0.0000
    3166  -5.2961   4.2761  14.8419   0.0000   0.0000   0.0000
    3167  -5.4654   4.6403  14.3373   0.0000   0.0000   0.0000
    3168  -6.1525   5.0184  14.0482   0.0000   0.0000   0.0000
    3169  -5.8109   4.0011  14.7112   0.0000   0.0000   0.0000
    3170  -6.5164   4.3674  14.9618   0.0000   0.0000   0.0000
    3171  -5.7565   4.5258  14.5737   0.0000   0.0000   0.0000
    3172  -5.1547   4.5415  15.1446   0.0000   0.0000   0.0000
    3173  -5.5244   4.3767  14.8143   0.0000   0.0000   0.0000
    3174  -5.0312   4.9689  14.6539   0.0000   0.0000   0.0000
    3175  -5.1704   5.0566  15.5345   0.0000   0.0000   0.0000
    3176  -5.0464   4.4330  15.1081   0.0000   0.0000   0.0000
    3177  -6.0520   4.8485  15.0516   0.0000   0.0000   0.0000
    3178  -5.9500   5.5945  14.9987   0.0000   0.0000   0.0000
    3179  -6.0667   5.2684  13.8350   0.0000   0.0000   0.0000
    3180  -5.3975   5.0101  14.3714   0.0000   0.0000   0.0000
    3181  -5.5959   4.8187  14.7224   0.0000   0.0000   0.0000
    3182  -6.1091   4.8631  14.6856   0.0000   0.0000   0.0000
    3183  -5.8074   4.4086  13.8636   0.0000   0.0000   0.0000
    3184  -5.8917   4.4460  14.1186   0.0000   0.0000   0.0000
    3185  -5.3717   4.2470  13.3256   0.0000   0.0000   0.0000
    3186  -5.8777   4.7834  13.2551   0.0000   0.0000   0.0000
    3187  -6.4176   4.3690  13.1995   0.0000   0.0000   0.0000
    3188  -6.3632   5.0970  12.6283   0.0000   0.0000   0.0000
    3189  -5.6433   5.1301  12.1107   0.0000   0.0000   0.0000
    3190  -5.1589   5.2465  12.5651   0.0000   0.0000   0.0000
    3191  -4.6056   5.4750  13.4909   0.0000   0.0000   0.0000
    3192  -5.4309   5.5447  12.8950   0.0000   0.0000   0.0000
    3193  -5.2318   4.5327  12.4773   0.0000   0.0000   0.0000
    3194  -5.5815   4.5863  13.2734   0.0000   0.0000   0.0000
    3195  -5.8723   4.6840  13.4349   0.0000   0.0000   0.0000
    3196  -6.3505   4.5990  12.5252   0.0000   0.0000   0.0000
    3197  -6.4396   5.3145  12.6534   0.0000   0.0000   0.0000
    3198  -6.3300   5.1006  12.7845   0.0000   0.0000   0.0000
    3199  -5.8441   4.8424  12.8557   0.0000   0.0000   0.0000
    3200  -6.1636   4.2989  12.8329   0.0000   0.0000   0.0000
    3201  -5.5758   4.6036  12.7671   0.0000   0.0000   0.0000
    3202  -4.9634   4.8977  12.3444   0.0000   0.0000   0.0000
    3203  -5.6802   4.6868  12.3473   0.0000   0.0000   0.0000
    3204  -5.7759   5.3757  12.5512   0.0000   0.0000   0.0000
    3205  -5.4657   4.0771  13.0992   0.0000   0.0000   0.0000
    3206  -5.1811   4.0952  12.9641   0.0000   0.0000   0.0000
    3207  -5.2122   4.3503  12.8252   0.0000   0.0000   0.0000
    3208  -5.9026   3.3640  13.4992   0.0000   0.0000   0.0000
    3209  -6.1511   3.9273  12.7883   0.0000   0.0000   0.0000
    3210  -5.2921   3.3179  13.0081   0.0000   0.0000   0.0000
    3211  -5.3207   3.3564  12.8657   0.0000   0.0000   0.0000
    3212  -4.8953   3.5259  11.8215   0.0000   0.0000   0.0000
    3213  -5.5522   3.7950  12.3759   0.0000   0.0000   0.0000
    3214  -5.5739   3.8466  12.7258   0.0000   0.0000   0.0000
    3215  -5.5759   4.5177  12.8590   0.0000   0.0000   0.0000
    3216  -5.5944   2.9562  13.0331   0.0000   0.0000   0.0000
    3217  -5.3463   4.1967  13.2656   0.0000   0.0000   0.0000
    3218  -4.8912   4.2787  13.0293   0.0000   0.0000   0.0000
    3219  -5.0677   4.5229  12.7475   0.0000   0.0000   0.0000
    3220  -5.2603   3.4790  12.9665   0.0000   0.0000   0.0000
    3221  -4.7606   4.8249  13.4907   0.0000   0.0000   0.0000
    3222  -4.7940   3.6704  13.7914   0.0000   0.0000   0.0000
    3223  -4.6042   3.6117  13.7801   0.0000   0.0000   0.0000
    3224  -4.7022   3.8167  14.5456   0.0000   0.0000   0.0000
    3225  -4.7075   3.6476  13.8475   0.0000   0.0000   0.0000
    3226  -5.7037   3.4935  14.0074   0.0000   0.0000   0.0000
    3227  -4.2739   3.4282  14.1961   0.0000   0.0000   0.0000
    3228  -4.9643   4.1786  13.6536   0.0000   0.0000   0.0000
    3229  -4.0545   3.3761  13.8560   0.0000   0.0000   0.0000
    3230  -5.1179   3.1570  14.0335   0.0000   0.0000   0.0000
    3231  -4.9188   3.2408  14.0133   0.0000   0.0000   0.0000
    3232  -5.0690   3.7208  12.9304   0.0000   0.0000   0.0000
    3233  -3.3637   2.1974  14.4883   0.0000   0.0000   0.0000
    3234  -4.4303   2.6782  13.9914   0.0000   0.0000   0.0000
    3235  -4.4301   2.5192  15.4409   0.0000   0.0000   0.0000
    3236  -4.9566   3.6659  14.4941   0.0000   0.0000   0.0000
    3237  -5.0445   3.4070  15.4942   0.0000   0.0000   0.0000
    3238  -4.4282   3.0609  14.7863   0.0000   0.0000   0.0000
    3239  -4.4957   3.1124  14.6573   0.0000   0.0000   0.0000
    3240  -5.1563   3.0074  14.1579   0.0000   0.0000   0.0000
    3241  -5.2375   2.5036  13.4618   0.0000   0.0000   0.0000
    3242  -5.5787   2.5791  14.1322   0.0000   0.0000   0.0000
    3243  -6.1023   2.3746  14.0201   0.0000   0.0000   0.0000
    3244  -5.6138   2.0249  14.0940   0.0000   0.0000   0.0000
    3245  -5.3319   2.4984  13.8420   0.0000   0.0000   0.0000
    3246  -6.2135   2.0106  14.1572   0.0000   0.0000   0.0000
    3247  -6.0410   2.6046  13.0554   0.0000   0.0000   0.0000
    3248  -5.4062   2.1869  13.5402   0.0000   0.0000   0.0000
    3249  -5.4813   1.5370  13.8926   0.0000   0.0000   0.0000
    3250  -5.3724   2.0310  13.8820   0.0000   0.0000   0.0000
    3251  -5.3594   1.8384  14.1658   0.0000   0.0000   0.0000
    3252  -5.6632   1.7948  14.2886   0.0000   0.0000   0.0000
    3253  -5.3072   2.4052  13.9201   0.0000   0.0000   0.0000
    3254  -4.8870   1.8716  14.2922   0.0000   0.0000   0.0000
    3255  -5.0379   2.3123  14.0176   0.0000   0.0000   0.0000
    3256  -4.8945   2.1489  13.9597   0.0000   0.0000   0.0000
    3257  -5.9970   1.3063  13.3048   0.0000   0.0000   0.0000
    3258  -5.4535   1.2641  13.8997   0.0000   0.0000   0.0000
    3259  -5.5784   2.1311  13.3828   0.0000   0.0000   0.0000
    3260  -5.2394   2.2217  13.3209   0.0000   0.0000   0.0000
    3261  -5.9499   1.1275  13.8779   0.0000   0.0000   0.0000
    3262  -5.7649   1.2793  13.1974   0.0000   0.0000   0.0000
    3263  -6.0882   2.0954  13.4461   0.0000   0.0000   0.0000
    3264  -4.8282   1.6079  13.2106   0.0000   0.0000   0.0000
    3265  -5.5242   1.4686  13.5392   0.0000   0.0000   0.0000
    3266  -5.8441   1.3092  12.7721   0.0000   0.0000   0.0000
    3267  -5.7697   1.8736  13.3745   0.0000   0.0000   0.0000
    3268  -5.2196   1.5993  13.8836   0.0000   0.0000   0.0000
    3269  -5.5293   1.6183  13.4113   0.0000   0.0000   0.0000
    3270  -4.9985   3.1415  13.9938   0.0000   0.0000   0.0000
    3271  -5.9031   1.8802  13.9089   0.0000   0.0000   0.0000
    3272  -5.3905   1.5191  13.0831   0.0000   0.0000   0.0000
    3273  -4.8066   1.6991  13.5080   0.0000   0.0000   0.0000
    3274  -4.4934   2.0221  13.9769   0.0000   0.0000   0.0000
    3275  -4.6828   2.5032  13.3761   0.0000   0.0000   0.0000
    3276  -6.0802   2.1216  13.6718   0.0000   0.0000   0.0000
    3277  -5.6886   2.6679  14.0053   0.0000   0.0000   0.0000
    3278  -5.5592   2.2484  13.7325   0.0000   0.0000   0.0000
    3279  -5.5747   2.4762  13.4664   0.0000   0.0000   0.0000
    3280  -5.2649   2.7200  13.9575   0.0000   0.0000   0.0000
    3281  -4.6568   2.2654  13.3693   0.0000   0.0000   0.0000
    3282  -4.9044   2.4857  13.5228   0.0000   0.0000   0.0000
    3283  -4.6047   2.9785  12.6040   0.0000   0.0000   0.0000
    3284  -5.3597   2.2223  13.4002   0.0000   0.0000   0.0000
    3285  -4.8474   2.2345  12.9332   0.0000   0.0000   0.0000
    3286  -4.4286   2.0994  13.2638   0.0000   0.0000   0.0000
    3287  -5.8763   3.2020  13.2860   0.0000   0.0000   0.0000
    3288  -5.9994   2.8122  13.1509   0.0000   0.0000   0.0000
    3289  -5.1574   2.3538  13.2228   0.0000   0.0000   0.0000
    3290  -5.3745   2.9713  12.7671   0.0000   0.0000   0.0000
    3291  -5.1501   2.6637  13.0150   0.0000   0.0000   0.0000
    3292  -5.3732   2.5866  12.1980   0.0000   0.0000   0.0000
    3293  -5.2068   3.6075  13.1173   0.0000   0.0000   0.0000
    3294  -5.0265   4.0314  13.1911   0.0000   0.0000   0.0000
    3295  -5.3947   3.7281  12.9226   0.0000   0.0000   0.0000
    3296  -5.5229   3.3345  13.3111   0.0000   0.0000   0.0000
    3297  -5.4419   3.4809  12.6402   0.0000   0.0000   0.0000
    3298  -6.5577   2.8534  12.5397   0.0000   0.0000   0.0000
    3299  -5.9910   4.0825  12.6666   0.0000   0.0000   0.0000
    3300  -5.2048   4.1591  12.3584   0.0000   0.0000   0.0000
    3301  -5.0907   3.5963  12.1079   0.0000   0.0000   0.0000
    3302  -5.5209   3.7041  12.1212   0.0000   0.0000   0.0000
    3303  -5.1910   3.4161  11.3843   0.0000   0.0000   0.0000
    3304  -4.6573   2.8667  12.6135   0.0000   0.0000   0.0000
    3305  -5.6843   4.9019  11.7229   0.0000   0.0000   0.0000
    3306  -5.5518   3.8768  12.1668   0.0000   0.0000   0.0000
    3307  -6.0120   1.8222  13.4016   0.0000   0.0000   0.0000
    3308  -5.5254   2.5348  13.8618   0.0000   0.0000   0.0000
    3309  -6.1465   2.9020  13.6860   0.0000   0.0000   0.0000
    3310  -6.6302   3.8324  13.9670   0.0000   0.0000   0.0000
    3311  -5.6099   3.2128  14.3265   0.0000   0.0000   0.0000
    3312  -5.3315   4.0764  14.1367   0.0000   0.0000   0.0000
    3313  -5.6189   3.5569  14.5806   0.0000   0.0000   0.0000
    3314  -5.7679   2.7892  14.4212   0.0000   0.0000   0.0000
    3315  -5.5620   3.3538  14.5466   0.0000   0.0000   0.0000
    3316  -5.9388   3.8949  14.1596   0.0000   0.0000   0.0000
    3317  -5.2564   3.7115  14.8776   0.0000   0.0000   0.0000
    3318  -5.2490   3.0785  14.9709   0.0000   0.0000   0.0000
    3319  -6.0950   3.3126  14.0253   0.0000   0.0000   0.0000
    3320  -5.6136   3.8357  14.7321   0.0000   0.0000   0.0000
    3321  -5.1180   3.7518  14.7709   0.0000   0.0000   0.0000
    3322  -5.8388   3.1770  14.5715   0.0000   0.0000   0.0000
    3323  -5.2716   4.2387  14.2236   0.0000   0.0000   0.0000
    3324  -4.8064   3.9774  14.6934   0.0000   0.0000   0.0000
    3325  -5.5509   3.7781  14.8544   0.0000   0.0000   0.0000
    3326  -5.0466   3.8344  14.2657   0.0000   0.0000   0.0000
    3327  -5.8422   4.9342  14.1763   0.0000   0.0000   0.0000
    3328  -5.2336   3.3324  14.1657   0.0000   0.0000   0.0000
    3329  -5.8490   4.2543  13.6421   0.0000   0.0000   0.0000
    3330  -4.1312   4.2143  14.1807   0.0000   0.0000   0.0000
    3331  -3.9645   3.9463  14.2675   0.0000   0.0000   0.0000
    3332  -4.7729   4.6829  14.0404   0.0000   0.0000   0.0000
    3333  -5.6079   3.4145  13.8998   0.0000   0.0000   0.0000
    3334  -6.0179   3.5798  13.8116   0.0000   0.0000   0.0000
    3335  -4.4091   3.3012  14.1706   0.0000   0.0000   0.0000
    3336  -5.0697   3.4953  13.8544   0.0000   0.0000   0.0000
    3337  -5.7735   2.8158  14.3595   0.0000   0.0000   0.0000
    3338  -4.5427   2.6903  14.3573   0.0000   0.0000   0.0000
    3339  -4.6185   2.2837  14.0185   0.0000   0.0000   0.0000
    3340  -4.5071   2.4151  14.1978   0.0000   0.0000   0.0000
    3341  -4.9441   2.3155  14.5689   0.0000   0.0000   0.0000
    3342  -5.2142   2.9071  14.2802   0.0000   0.0000   0.0000
    3343  -4.6240   2.8361  15.1102   0.0000   0.0000   0.0000
    3344  -5.0418   2.8325  14.4823   0.0000   0.0000   0.0000
    3345  -5.0547   2.6003  14.8096   0.0000   0.0000   0.0000
    3346  -4.4714   1.7254  14.5939   0.0000   0.0000   0.0000
    3347  -5.6931   2.3479  14.6935   0.0000   0.0000   0.0000
    3348  -4.9476   2.0736  15.6876   0.0000   0.0000   0.0000
    3349  -5.0833   3.0089  14.3797   0.0000   0.0000   0.0000
    3350  -5.3451   2.3997  14.1724   0.0000   0.0000   0.0000
    3351  -4.3504   3.3312  14.4261   0.0000   0.0000   0.0000
    3352  -4.0914   3.1567  14.3848   0.0000   0.0000   0.0000
    3353  -4.4028   2.9749  14.0435   0.0000   0.0000   0.0000
    3354  -4.1194   2.8755  14.3558   0.0000   0.0000   0.0000
    3355  -4.1792   3.1931  14.3639   0.0000   0.0000   0.0000
    3356  -4.7241   3.1178  14.9008   0.0000   0.0000   0.0000
    3357  -4.2125   2.3694  15.4425   0.0000   0.0000   0.0000
    3358  -5.2351   2.5710  15.1154   0.0000   0.0000   0.0000
    3359  -5.0254   2.8137  15.4460   0.0000   0.0000   0.0000
    3360  -4.4174   3.2382  15.3426   0.0000   0.0000   0.0000
    3361  -4.3781   2.4718  15.2716   0.0000   0.0000   0.0000
    3362  -4.4986   2.2682  15.2464   0.0000   0.0000   0.0000
    3363  -5.0643   3.1863  15.5578   0.0000   0.0000   0.0000
    3364  -5.7875   3.2427  15.3380   0.0000   0.0000   0.0000
    3365  -5.1342   3.2728  15.6236   0.0000   0.0000   0.0000
    3366  -4.6443   3.1238  15.2515   0.0000   0.0000   0.0000
    3367  -4.3896   2.2387  14.7928   0.0000   0.0000   0.0000
    3368  -5.2200   3.0612  14.5287   0.0000   0.0000   0.0000
    3369  -4.9269   2.1607  15.3752   0.0000   0.0000   0.0000
    3370  -6.0415   2.0079  14.5722   0.0000   0.0000   0.0000
    3371  -5.6621   2.1244  14.1748   0.0000   0.0000   0.0000
    3372  -5.5383   1.6325  14.6270   0.0000   0.0000   0.0000
    3373  -4.9155   1.9562  15.3291   0.0000   0.0000   0.0000
    3374  -4.8424   1.9669  14.3707   0.0000   0.0000   0.0000
    3375  -4.8188   2.3972  14.6947   0.0000   0.0000   0.0000
    3376  -4.8506   2.4570  13.8208   0.0000   0.0000   0.0000
    3377  -5.0310   2.6313  14.6076   0.0000   0.0000   0.0000
    3378  -4.4469   1.9412  15.2579   0.0000   0.0000   0.0000
    3379  -4.5086   2.1939  15.4891   0.0000   0.0000   0.0000
    3380  -5.3067   3.1214  14.5953   0.0000   0.0000   0.0000
    3381  -4.6845   3.3140  14.8496   0.0000   0.0000   0.0000
    3382  -4.4465   2.8881  14.7687   0.0000   0.0000   0.0000
    3383  -4.5669   1.7666  14.6610   0.0000   0.0000   0.0000
    3384  -5.6430   3.2743  14.1118   0.0000   0.0000   0.0000
    3385  -5.5408   2.2152  14.0469   0.0000   0.0000   0.0000
    3386  -4.3883   3.0305  15.0861   0.0000   0.0000   0.0000
    3387  -5.3500   2.2627  13.8253   0.0000   0.0000   0.0000
    3388  -4.6532   1.9228  14.1255   0.0000   0.0000   0.0000
    3389  -5.1283   2.0408  14.4392   0.0000   0.0000   0.0000
    3390  -4.7030   2.1134  14.4120   0.0000   0.0000   0.0000
    3391  -4.6624   3.0660  14.4111   0.0000   0.0000   0.0000
    3392  -4.3427   1.8374  14.5173   0.0000   0.0000   0.0000
    3393  -4.7302   1.7717  15.1085   0.0000   0.0000   0.0000
    3394  -5.3816   2.3694  14.6298   0.0000   0.0000   0.0000
    3395  -5.9038   2.5568  14.4056   0.0000   0.0000   0.0000
    3396  -5.8480   2.7502  13.7129   0.0000   0.0000   0.0000
    3397  -5.7186   3.0506  13.4777   0.0000   0.0000   0.0000
    3398  -4.7537   3.0009  14.3865   0.0000   0.0000   0.0000
    3399  -4.3971   2.5864  14.0503   0.0000   0.0000   0.0000
    3400  -4.1786   3.2149  14.3930   0.0000   0.0000   0.0000
    3401  -4.6992   3.0792  14.3121   0.0000   0.0000   0.0000
    3402  -4.1830   3.6950  14.1125   0.0000   0.0000   0.0000
    3403  -4.6962   3.1395  13.5826   0.0000   0.0000   0.0000
    3404  -5.6047   3.0222  13.7275   0.0000   0.0000   0.0000
    3405  -5.8971   2.9787  13.4003   0.0000   0.0000   0.0000
    3406  -5.2502   3.3789  13.9927   0.0000   0.0000   0.0000
    3407  -5.5923   2.7608  13.0768   0.0000   0.0000   0.0000
    3408  -5.2246   2.4660  13.2479   0.0000   0.0000   0.0000
    3409  -5.2081   3.0545  13.0422   0.0000   0.0000   0.0000
    3410  -5.7116   2.6918  13.4155   0.0000   0.0000   0.0000
    3411  -5.9827   3.4944  12.5491   0.0000   0.0000   0.0000
    3412  -5.4885   2.4485  13.2424   0.0000   0.0000   0.0000
    3413  -4.7152   3.2680  13.8650   0.0000   0.0000   0.0000
    3414  -4.3055   3.2998  13.3163   0.0000   0.0000   0.0000
    3415  -4.6998   3.5300  13.0413   0.0000   0.0000   0.0000
    3416  -5.5459   3.8427  13.2163   0.0000   0.0000   0.0000
    3417  -5.1667   3.3320  13.4168   0.0000   0.0000   0.0000
    3418  -6.0636   3.4755  13.2449   0.0000   0.0000   0.0000
    3419  -5.9631   3.2134  13.1239   0.0000   0.0000   0.0000
    3420  -6.0403   3.0663  13.4270   0.0000   0.0000   0.0000
    3421  -6.1822   3.4728  13.8024   0.0000   0.0000   0.0000
    3422  -6.3745   3.5055  13.3025   0.0000   0.0000   0.0000
    3423  -6.2591   3.6047  13.2431   0.0000   0.0000   0.0000
    3424  -6.4303   3.5846  13.0713   0.0000   0.0000   0.0000
    3425  -6.6490   2.9460  14.0764   0.0000   0.0000   0.0000
    3426  -6.4003   3.3631  13.3607   0.0000   0.0000   0.0000
    3427  -6.6054   3.4556  13.5950   0.0000   0.0000   0.0000
    3428  -6.1953   2.6880  14.3550   0.0000   0.0000   0.0000
    3429  -5.7707   3.0193  13.4361   0.0000   0.0000   0.0000
    3430  -5.9325   3.2224  13.4216   0.0000   0.0000   0.0000
    3431  -6.8160   3.8457  13.5691   0.0000   0.0000   0.0000
    3432  -5.4848   3.6826  14.2278   0.0000   0.0000   0.0000
    3433  -6.3382   3.8497  13.0112   0.0000   0.0000   0.0000
    3434  -5.7337   3.5169  13.3248   0.0000   0.0000   0.0000
    3435  -6.2577   3.5114  12.7568   0.0000   0.0000   0.0000
    3436  -5.7732   4.1928  11.9397   0.0000   0.0000   0.0000
    3437  -5.3208   4.1015  12.0398   0.0000   0.0000   0.0000
    3438  -6.0629   4.0378  11.7729   0.0000   0.0000   0.0000
    3439  -5.9920   3.5383  11.9930   0.0000   0.0000   0.0000
    3440  -6.0914   4.1229  11.9046   0.0000   0.0000   0.0000
    3441  -7.0810   3.9021  12.0601   0.0000   0.0000   0.0000
    3442  -6.1575   3.8383  11.3117   0.0000   0.0000   0.0000
    3443  -5.8301   3.4596  12.2654   0.0000   0.0000   0.0000
    3444  -5.9328   3.7139  12.0807   0.0000   0.0000   0.0000
    3445  -6.0268   3.9303  11.9985   0.0000   0.0000   0.0000
    3446  -7.1719   4.1519  11.6235   0.0000   0.0000   0.0000
    3447  -6.4417   4.4117  12.0467   0.0000   0.0000   0.0000
    3448  -6.4998   3.9487  11.3070   0.0000   0.0000   0.0000
    3449  -6.4901   4.3673  11.5871   0.0000   0.0000   0.0000
    3450  -6.7570   3.4827  11.5379   0.0000   0.0000   0.0000
    3451  -6.2551   3.3850  11.6045   0.0000   0.0000   0.0000
    3452  -6.0739   4.4835  11.3812   0.0000   0.0000   0.0000
    3453  -6.0008   4.1804  11.0778   0.0000   0.0000   0.0000
    3454  -6.1820   4.2704  12.2158   0.0000   0.0000   0.0000
    3455  -5.2547   3.4652  12.3399   0.0000   0.0000   0.0000
    3456  -5.6502   3.4694  12.5263   0.0000   0.0000   0.0000
    3457  -5.5539   3.1160  11.9255   0.0000   0.0000   0.0000
    3458  -5.4778   2.0558  11.8974   0.0000   0.0000   0.0000
    3459  -6.6403   3.8169  12.2341   0.0000   0.0000   0.0000
    3460  -6.0698   3.4983  11.6855   0.0000   0.0000   0.0000
    3461  -6.0677   3.0322  11.1948   0.0000   0.0000   0.0000
    3462  -6.1750   2.7125  11.9322   0.0000   0.0000   0.0000
    3463  -6.2291   2.2911  12.4761   0.0000   0.0000   0.0000
    3464  -5.9355   2.0965  11.8732   0.0000   0.0000   0.0000
    3465  -5.8129   2.2358  11.9535   0.0000   0.0000   0.0000
    3466  -6.0743   1.7887  12.6465   0.0000   0.0000   0.0000
    3467  -6.0700   2.4177  12.5083   0.0000   0.0000   0.0000
    3468  -6.3900   1.9199  12.8596   0.0000   0.0000   0.0000
    3469  -6.1312   2.1725  12.5321   0.0000   0.0000   0.0000
    3470  -6.0772   1.9614  12.7386   0.0000   0.0000   0.0000
    3471  -6.5023   2.0642  11.4724   0.0000   0.0000   0.0000
    3472  -6.3015   1.4878  12.0340   0.0000   0.0000   0.0000
    3473  -6.5436   2.3289  12.5945   0.0000   0.0000   0.0000
    3474  -5.8464   1.7736  12.4786   0.0000   0.0000   0.0000
    3475  -6.3103   2.4607  13.0133   0.0000   0.0000   0.0000
    3476  -6.0927   2.1309  12.8760   0.0000   0.0000   0.0000
    3477  -5.8551   2.2364  13.1143   0.0000   0.0000   0.0000
    3478  -5.6578   2.2738  12.7584   0.0000   0.0000   0.0000
    3479  -5.7481   2.3825  13.2548   0.0000   0.0000   0.0000
    3480  -5.5665   3.1632  13.7986   0.0000   0.0000   0.0000
    3481  -5.3705   3.5829  13.9237   0.0000   0.0000   0.0000
    3482  -5.3558   2.9666  13.1388   0.0000   0.0000   0.0000
    3483  -5.4199   2.8253  13.5858   0.0000   0.0000   0.0000
    3484  -5.6992   3.5178  13.1132   0.0000   0.0000   0.0000
    3485  -5.8981   3.6644  12.4278   0.0000   0.0000   0.0000
    3486  -5.4985   3.6056  12.5596   0.0000   0.0000   0.0000
    3487  -6.3803   3.4381  12.9496   0.0000   0.0000   0.0000
    3488  -6.7115   3.6550  12.7048   0.0000   0.0000   0.0000
    3489  -6.5339   3.1271  13.6183   0.0000   0.0000   0.0000
    3490  -5.9912   3.3326  12.4796   0.0000   0.0000   0.0000
    3491  -5.3154   3.0608  12.5880   0.0000   0.0000   0.0000
    3492  -5.7142   3.6829  12.0063   0.0000   0.0000   0.0000
    3493  -5.6368   3.1313  12.3054   0.0000   0.0000   0.0000
    3494  -5.3646   2.8454  12.5071   0.0000   0.0000   0.0000
    3495  -4.9627   2.7637  12.4332   0.0000   0.0000   0.0000
    3496  -5.1524   3.4630  11.2110   0.0000   0.0000   0.0000
    3497  -5.3608   3.8685  11.2594   0.0000   0.0000   0.0000
    3498  -6.4037   3.6868  11.0269   0.0000   0.0000   0.0000
    3499  -5.6792   3.4252  11.9957   0.0000   0.0000   0.0000
    3500  -5.2641   3.6470  12.0745   0.0000   0.0000   0.0000
    3501  -5.0737   3.5547  11.9916   0.0000   0.0000   0.0000
    3502  -5.2830   2.2100  11.7973   0.0000   0.0000   0.0000
    3503  -5.5369   3.1690  12.2590   0.0000   0.0000   0.0000
    3504  -5.5639   3.5664  11.7743   0.0000   0.0000   0.0000
    3505  -4.6493   2.2328  12.3504   0.0000   0.0000   0.0000
    3506  -4.9897   2.5347  12.5069   0.0000   0.0000   0.0000
    3507  -5.1815   2.6607  13.9584   0.0000   0.0000   0.0000
    3508  -5.9698   2.2589  13.5340   0.0000   0.0000   0.0000
    3509  -5.8445   2.8398  13.1966   0.0000   0.0000   0.0000
    3510  -5.3926   3.0019  12.8456   0.0000   0.0000   0.0000
    3511  -5.5018   3.1450  12.8860   0.0000   0.0000   0.0000
    3512  -5.3395   2.8622  12.8591   0.0000   0.0000   0.0000
    3513  -5.6533   3.8427  12.8428   0.0000   0.0000   0.0000
    3514  -6.3632   3.2954  13.3328   0.0000   0.0000   0.0000
    3515  -6.0740   2.9570  13.2474   0.0000   0.0000   0.0000
    3516  -5.7000   2.7271  13.6143   0.0000   0.0000   0.0000
    3517  -4.9533   3.1630  14.4225   0.0000   0.0000   0.0000
    3518  -6.0152   3.2986  13.4013   0.0000   0.0000   0.0000
    3519  -5.2673   2.8015  13.7114   0.0000   0.0000   0.0000
    3520  -5.3294   3.0475  13.7232   0.0000   0.0000   0.0000
    3521  -5.3806   3.6766  13.9609   0.0000   0.0000   0.0000
    3522  -4.7009   3.7806  13.3420   0.0000   0.0000   0.0000
    3523  -5.4156   3.5255  13.8714   0.0000   0.0000   0.0000
    3524  -4.9993   3.3423  14.2293   0.0000   0.0000   0.0000
    3525  -4.8253   3.1721  14.0920   0.0000   0.0000   0.0000
    3526  -4.7131   2.9178  14.7162   0.0000   0.0000   0.0000
    3527  -4.4657   3.1797  14.8853   0.0000   0.0000   0.0000
    3528  -4.4299   2.5837  14.2897   0.0000   0.0000   0.0000
    3529  -4.3415   2.5343  15.6308   0.0000   0.0000   0.0000
    3530  -5.2105   2.9134  14.6231   0.0000   0.0000   0.0000
    3531  -5.0321   2.0227  14.6015   0.0000   0.0000   0.0000
    3532  -5.7691   2.9944  13.8022   0.0000   0.0000   0.0000
    3533  -4.8799   2.0221  15.0168   0.0000   0.0000   0.0000
    3534  -4.0783   2.3899  14.8404   0.0000   0.0000   0.0000
    3535  -4.3619   3.1472  14.2917   0.0000   0.0000   0.0000
    3536  -4.4367   2.9165  14.2952   0.0000   0.0000   0.0000
    3537  -4.3383   3.2163  15.2022   0.0000   0.0000   0.0000
    3538  -4.6303   3.0980  14.8613   0.0000   0.0000   0.0000
    3539  -5.1862   2.7292  14.7452   0.0000   0.0000   0.0000
    3540  -5.4831   3.2643  15.0454   0.0000   0.0000   0.0000
    3541  -5.1568   3.1478  15.3639   0.0000   0.0000   0.0000
    3542  -5.3739   3.0410  14.6348   0.0000   0.0000   0.0000
    3543  -5.8239   2.9005  15.3455   0.0000   0.0000   0.0000
    3544  -4.9708   3.6046  14.7692   0.0000   0.0000   0.0000
    3545  -4.6367   2.5064  14.7562   0.0000   0.0000   0.0000
    3546  -5.0110   2.6674  14.6568   0.0000   0.0000   0.0000
    3547  -4.9178   1.8308  15.9132   0.0000   0.0000   0.0000
    3548  -5.9610   3.9226  15.4389   0.0000   0.0000   0.0000
    3549  -5.1617   3.4526  14.6186   0.0000   0.0000   0.0000
    3550  -5.2004   3.8803  14.9998   0.0000   0.0000   0.0000
    3551  -5.7478   2.7587  15.6921   0.0000   0.0000   0.0000
    3552  -5.7906   2.9659  15.1218   0.0000   0.0000   0.0000
    3553  -5.3165   2.7817  14.9704   0.0000   0.0000   0.0000
    3554  -5.3196   3.9501  14.7695   0.0000   0.0000   0.0000
    3555  -5.2935   4.7416  14.3465   0.0000   0.0000   0.0000
    3556  -4.9315   4.2845  14.6375   0.0000   0.0000   0.0000
    3557  -5.9890   4.1132  14.1207   0.0000   0.0000   0.0000
    3558  -4.3065   4.4363  13.3745   0.0000   0.0000   0.0000
    3559  -4.8313   4.8082  13.6433   0.0000   0.0000   0.0000
    3560  -5.0260   4.3214  13.7196   0.0000   0.0000   0.0000
    3561  -4.9828   4.4130  13.7843   0.0000   0.0000   0.0000
    3562  -5.1235   4.1025  14.0798   0.0000   0.0000   0.0000
    3563  -3.3003   3.8225  13.5440   0.0000   0.0000   0.0000
    3564  -4.2557   3.3905  14.5883   0.0000   0.0000   0.0000
    3565  -4.7203   3.4492  14.7553   0.0000   0.0000   0.0000
    3566  -4.5599   3.9695  15.6273   0.0000   0.0000   0.0000
    3567  -5.6460   3.3664  14.5048   0.0000   0.0000   0.0000
    3568  -6.1809   3.5735  14.2384   0.0000   0.0000   0.0000
    3569  -5.3240   4.0148  14.1599   0.0000   0.0000   0.0000
    3570  -4.8284   3.9186  14.3196   0.0000   0.0000   0.0000
    3571  -4.3449   3.4808  14.0355   0.0000   0.0000   0.0000
    3572  -4.7890   3.4367  14.1946   0.0000   0.0000   0.0000
    3573  -4.1501   3.6333  12.9735   0.0000   0.0000   0.0000
    3574  -3.9837   3.1669  13.2338   0.0000   0.0000   0.0000
    3575  -3.6496   4.0122  13.3243   0.0000   0.0000   0.0000
    3576  -4.6187   3.7310  13.6070   0.0000   0.0000   0.0000
    3577  -4.0557   3.7972  13.4714   0.0000   0.0000   0.0000
    3578  -5.0546   2.9954  13.4721   0.0000   0.0000   0.0000
    3579  -5.0536   2.6255  13.7650   0.0000   0.0000   0.0000
    3580  -5.1442   2.1688  13.9686   0.0000   0.0000   0.0000
    3581  -4.5027   3.1392  14.3866   0.0000   0.0000   0.0000
    3582  -4.5728   3.3681  14.3379   0.0000   0.0000   0.0000
    3583  -4.7550   4.4208  13.8107   0.0000   0.0000   0.0000
    3584  -4.8019   3.2803  14.1155   0.0000   0.0000   0.0000
    3585  -4.7849   4.2157  13.9814   0.0000   0.0000   0.0000
    3586  -4.7955   3.4519  13.6536   0.0000   0.0000   0.0000
    3587  -4.9158   3.5291  14.3543   0.0000   0.0000   0.0000
    3588  -5.2279   3.1576  14.2409   0.0000   0.0000   0.0000
    3589  -5.8057   3.1287  13.9935   0.0000   0.0000   0.0000
    3590  -5.4729   2.9835  14.0525   0.0000   0.0000   0.0000
    3591  -5.8380   3.3455  14.1915   0.0000   0.0000   0.0000
    3592  -5.0465   3.2967  13.5811   0.0000   0.0000   0.0000
    3593  -4.4973   2.9097  14.5187   0.0000   0.0000   0.0000
    3594  -4.5331   2.7547  13.9407   0.0000   0.0000   0.0000
    3595  -4.9206   4.5375  13.7664   0.0000   0.0000   0.0000
    3596  -5.2388   4.0126  13.7240   0.0000   0.0000   0.0000
    3597  -4.6462   3.4781  13.7533   0.0000   0.0000   0.0000
    3598  -5.2826   3.6757  12.9860   0.0000   0.0000   0.0000
    3599  -5.3558   4.8185  13.4107   0.0000   0.0000   0.0000
    3600  -5.0637   3.9240  13.4758   0.0000   0.0000   0.0000
    3601  -4.8919   3.9557  12.6345   0.0000   0.0000   0.0000
    3602  -5.5299   3.1556  13.3898   0.0000   0.0000   0.0000
    3603  -5.8390   2.8818  13.7754   0.0000   0.0000   0.0000
    3604  -5.1904   3.6163  13.2449   0.0000   0.0000   0.0000
    3605  -4.6896   3.3509  13.6254   0.0000   0.0000   0.0000
    3606  -4.7354   3.4477  13.6701   0.0000   0.0000   0.0000
    3607  -3.9009   3.8951  13.7301   0.0000   0.0000   0.0000
    3608  -4.2631   3.1500  13.4780   0.0000   0.0000   0.0000
    3609  -4.6191   3.3447  13.4937   0.0000   0.0000   0.0000
    3610  -4.4139   2.5077  12.9736   0.0000   0.0000   0.0000
    3611  -4.4680   3.2084  12.8145   0.0000   0.0000   0.0000
    3612  -5.0293   3.2169  12.6747   0.0000   0.0000   0.0000
    3613  -4.9865   3.7680  13.5139   0.0000   0.0000   0.0000
    3614  -4.9651   2.9349  12.9579   0.0000   0.0000   0.0000
    3615  -4.2254   3.2656  13.2334   0.0000   0.0000   0.0000
    3616  -4.7207   4.7359  14.0342   0.0000   0.0000   0.0000
    3617  -4.5658   4.2064  12.9813   0.0000   0.0000   0.0000
    3618  -4.5074   5.1996  12.9959   0.0000   0.0000   0.0000
    3619  -4.5330   5.0422  12.5684   0.0000   0.0000   0.0000
    3620  -4.6666   4.0535  12.4412   0.0000   0.0000   0.0000
    3621  -4.6544   4.5441  12.3745   0.0000   0.0000   0.0000
    3622  -4.8284   4.2884  12.7752   0.0000   0.0000   0.0000
    3623  -4.4549   4.4347  12.3686   0.0000   0.0000   0.0000
    3624  -4.5079   3.6642  13.2014   0.0000   0.0000   0.0000
    3625  -4.0637   3.2920  13.3663   0.0000   0.0000   0.0000
    3626  -4.1815   3.5678  13.5575   0.0000   0.0000   0.0000
    3627  -4.4045   3.4911  13.6927   0.0000   0.0000   0.0000
    3628  -4.9610   3.9726  12.9424   0.0000   0.0000   0.0000
    3629  -5.5352   3.5554  12.9352   0.0000   0.0000   0.0000
    3630  -4.7968   3.8769  12.8411   0.0000   0.0000   0.0000
    3631  -5.6060   3.8734  12.3078   0.0000   0.0000   0.0000
    3632  -4.7960   4.6354  12.7918   0.0000   0.0000   0.0000
    3633  -5.0148   5.0416  13.0075   0.0000   0.0000   0.0000
    3634  -5.2859   5.1550  12.4533   0.0000   0.0000   0.0000
    3635  -5.1436   3.2049  13.6203   0.0000   0.0000   0.0000
    3636  -5.2099   3.7408  13.3416   0.0000   0.0000   0.0000
    3637  -4.1504   3.4938  13.0020   0.0000   0.0000   0.0000
    3638  -4.5446   3.0562  14.1203   0.0000   0.0000   0.0000
    3639  -4.2461   3.9511  12.4034   0.0000   0.0000   0.0000
    3640  -4.8937   2.9678  13.6003   0.0000   0.0000   0.0000
    3641  -5.2810   3.9185  12.7471   0.0000   0.0000   0.0000
    3642  -4.7433   3.9909  13.5148   0.0000   0.0000   0.0000
    3643  -4.7588   3.7540  12.6470   0.0000   0.0000   0.0000
    3644  -5.1303   5.0723  12.5088   0.0000   0.0000   0.0000
    3645  -6.1748   4.3432  12.6896   0.0000   0.0000   0.0000
    3646  -5.6531   4.9061  13.1604   0.0000   0.0000   0.0000
    3647  -5.1756   4.0090  12.9523   0.0000   0.0000   0.0000
    3648  -5.3918   4.1560  13.5253   0.0000   0.0000   0.0000
    3649  -4.6346   4.2814  13.6588   0.0000   0.0000   0.0000
    3650  -4.4848   3.9058  13.7545   0.0000   0.0000   0.0000
    3651  -5.1312   4.3634  13.1771   0.0000   0.0000   0.0000
    3652  -4.5487   4.5583  13.8931   0.0000   0.0000   0.0000
    3653  -3.8302   3.7186  13.8886   0.0000   0.0000   0.0000
    3654  -3.4180   4.0827  13.3156   0.0000   0.0000   0.0000
    3655  -3.9780   3.3384  13.3377   0.0000   0.0000   0.0000
    3656  -5.1177   3.8452  13.4659   0.0000   0.0000   0.0000
    3657  -4.5629   3.5749  13.5090   0.0000   0.0000   0.0000
    3658  -3.8931   3.7443  13.5169   0.0000   0.0000   0.0000
    3659  -4.0012   3.3910  12.9620   0.0000   0.0000   0.0000
    3660  -4.5994   3.6709  14.0384   0.0000   0.0000   0.0000
    3661  -4.6958   3.6738  13.2151   0.0000   0.0000   0.0000
    3662  -4.7427   3.6293  13.6734   0.0000   0.0000   0.0000
    3663  -5.6175   4.0659  13.2437   0.0000   0.0000   0.0000
    3664  -5.2845   2.7918  13.2421   0.0000   0.0000   0.0000
    3665  -3.9400   2.5113  13.7563   0.0000   0.0000   0.0000
    3666  -5.6111   3.5573  14.1193   0.0000   0.0000   0.0000
    3667  -5.0475   3.5872  14.1175   0.0000   0.0000   0.0000
    3668  -4.8425   3.5541  13.6989   0.0000   0.0000   0.0000
    3669  -4.5453   2.6558  14.6437   0.0000   0.0000   0.0000
    3670  -4.6822   3.6300  14.5727   0.0000   0.0000   0.0000
    3671  -4.2275   3.6945  14.6243   0.0000   0.0000   0.0000
    3672  -3.5991   3.5971  15.2098   0.0000   0.0000   0.0000
    3673  -4.9208   4.1507  14.9718   0.0000   0.0000   0.0000
    3674  -4.7683   3.1918  14.9397   0.0000   0.0000   0.0000
    3675  -4.8085   3.4829  14.6007   0.0000   0.0000   0.0000
    3676  -5.4449   3.7724  14.0575   0.0000   0.0000   0.0000
    3677  -4.7710   3.3406  14.4152   0.0000   0.0000   0.0000
    3678  -4.9088   2.3596  14.1166   0.0000   0.0000   0.0000
    3679  -4.9732   3.0649  13.8449   0.0000   0.0000   0.0000
    3680  -4.9085   3.0610  13.7998   0.0000   0.0000   0.0000
    3681  -4.7900   2.9230  13.8146   0.0000   0.0000   0.0000
    3682  -5.7368   3.5745  14.6846   0.0000   0.0000   0.0000
    3683  -5.2919   4.1272  13.7902   0.0000   0.0000   0.0000
    3684  -5.6717   2.7972  13.6101   0.0000   0.0000   0.0000
    3685  -5.1068   1.9153  14.3677   0.0000   0.0000   0.0000
    3686  -5.0975   2.3400  13.7062   0.0000   0.0000   0.0000
    3687  -4.6350   3.3220  14.1310   0.0000   0.0000   0.0000
    3688  -5.0266   2.2921  14.2526   0.0000   0.0000   0.0000
    3689  -4.3999   1.4650  13.6285   0.0000   0.0000   0.0000
    3690  -5.2787   2.7499  13.7531   0.0000   0.0000   0.0000
    3691  -4.7228   2.8077  13.6575   0.0000   0.0000   0.0000
    3692  -4.3731   2.8678  14.4260   0.0000   0.0000   0.0000
    3693  -4.2276   3.1958  13.8622   0.0000   0.0000   0.0000
    3694  -5.2020   3.1106  13.5832   0.0000   0.0000   0.0000
    3695  -5.0325   2.9161  13.7395   0.0000   0.0000   0.0000
    3696  -5.4644   2.5628  14.0368   0.0000   0.0000   0.0000
    3697  -5.3431   2.0473  13.4371   0.0000   0.0000   0.0000
    3698  -4.8324   2.8357  13.8823   0.0000   0.0000   0.0000
    3699  -4.7811   2.7672  13.2272   0.0000   0.0000   0.0000
    3700  -4.5888   2.6391  13.2608   0.0000   0.0000   0.0000
    3701  -5.3917   2.8824  13.7260   0.0000   0.0000   0.0000
    3702  -5.0051   2.7336  13.5032   0.0000   0.0000   0.0000
    3703  -5.4012   2.7407  13.8291   0.0000   0.0000   0.0000
    3704  -4.7950   3.1757  13.9952   0.0000   0.0000   0.0000
    3705  -5.8731   3.2145  13.6367   0.0000   0.0000   0.0000
    3706  -3.9203   2.5869  14.0228   0.0000   0.0000   0.0000
    3707  -5.0215   2.7437  13.3994   0.0000   0.0000   0.0000
    3708  -4.4117   2.8771  13.6947   0.0000   0.0000   0.0000
    3709  -4.5710   2.3267  13.6348   0.0000   0.0000   0.0000
    3710  -5.0067   2.1341  13.7929   0.0000   0.0000   0.0000
    3711  -4.9070   2.8808  13.5960   0.0000   0.0000   0.0000
    3712  -5.1334   1.6582  13.0338   0.0000   0.0000   0.0000
    3713  -5.1865   2.1655  13.0672   0.0000   0.0000   0.0000
    3714  -4.3319   2.8476  13.1169   0.0000   0.0000   0.0000
    3715  -5.2094   2.1285  13.5510   0.0000   0.0000   0.0000
    3716  -5.1481   1.8942  14.1873   0.0000   0.0000   0.0000
    3717  -4.5874   3.3119  14.0944   0.0000   0.0000   0.0000
    3718  -4.3573   2.7965  13.9569   0.0000   0.0000   0.0000
    3719  -3.6559   2.7293  13.8810   0.0000   0.0000   0.0000
    3720  -4.8104   3.0266  13.7365   0.0000   0.0000   0.0000
    3721  -4.7055   2.4887  13.8527   0.0000   0.0000   0.0000
    3722  -4.3385   2.0602  13.7896   0.0000   0.0000   0.0000
    3723  -5.6090   3.2336  13.7291   0.0000   0.0000   0.0000
    3724  -5.8445   3.1151  13.5018   0.0000   0.0000   0.0000
    3725  -5.8781   3.2094  13.5206   0.0000   0.0000   0.0000
    3726  -6.0386   2.8458  13.6440   0.0000   0.0000   0.0000
    3727  -6.2158   2.5191  13.6729   0.0000   0.0000   0.0000
    3728  -5.5297   3.0507  13.6551   0.0000   0.0000   0.0000
    3729  -5.4624   2.4227  14.0359   0.0000   0.0000   0.0000
    3730  -6.0200   2.8871  13.9818   0.0000   0.0000   0.0000
    3731  -6.4939   2.4411  14.4971   0.0000   0.0000   0.0000
    3732  -5.1300   1.9609  14.8305   0.0000   0.0000   0.0000
    3733  -5.0903   2.3512  15.0638   0.0000   0.0000   0.0000
    3734  -4.5127   1.9426  15.0359   0.0000   0.0000   0.0000
    3735  -5.6116   2.1329  15.3059   0.0000   0.0000   0.0000
    3736  -5.1643   2.3361  15.2338   0.0000   0.0000   0.0000
    3737  -5.2051   1.9776  14.5936   0.0000   0.0000   0.0000
    3738  -5.7544   2.5845  15.1543   0.0000   0.0000   0.0000
    3739  -4.7771   1.8769  15.0560   0.0000   0.0000   0.0000
    3740  -5.5202   1.5044  14.0891   0.0000   0.0000   0.0000
    3741  -5.2825   2.0848  13.7894   0.0000   0.0000   0.0000
    3742  -5.3208   2.1165  13.8651   0.0000   0.0000   0.0000
    3743  -4.9355   1.9942  13.7024   0.0000   0.0000   0.0000
    3744  -5.0404   1.2244  13.6293   0.0000   0.0000   0.0000
    3745  -4.6998   1.6486  13.8222   0.0000   0.0000   0.0000
    3746  -3.8163   1.5939  14.2390   0.0000   0.0000   0.0000
    3747  -4.4954   0.6323  13.7283   0.0000   0.0000   0.0000
    3748  -4.6377   0.1162  13.9816   0.0000   0.0000   0.0000
    3749  -5.0731   0.7298  13.3716   0.0000   0.0000   0.0000
    3750  -5.5616   0.1827  12.7064   0.0000   0.0000   0.0000
    3751  -5.5009  -0.3190  13.4235   0.0000   0.0000   0.0000
    3752  -5.2960   0.5482  13.1325   0.0000   0.0000   0.0000
    3753  -5.9571   1.2089  14.0203   0.0000   0.0000   0.0000
    3754  -6.2048   1.3732  14.0885   0.0000   0.0000   0.0000
    3755  -5.5334   1.5145  13.7948   0.0000   0.0000   0.0000
    3756  -5.2256   0.7899  13.3639   0.0000   0.0000   0.0000
    3757  -5.2701   0.7121  13.3923   0.0000   0.0000   0.0000
    3758  -4.6350   1.5756  13.1512   0.0000   0.0000   0.0000
    3759  -4.5315   1.7332  13.5132   0.0000   0.0000   0.0000
    3760  -4.7179   1.4981  13.5976   0.0000   0.0000   0.0000
    3761  -5.0412   1.2540  13.2555   0.0000   0.0000   0.0000
    3762  -4.6055   0.9416  12.4932   0.0000   0.0000   0.0000
    3763  -4.6186   0.5519  13.3983   0.0000   0.0000   0.0000
    3764  -4.7876   1.7688  13.4372   0.0000   0.0000   0.0000
    3765  -4.3658   1.3716  14.2512   0.0000   0.0000   0.0000
    3766  -4.5791   1.4259  13.8161   0.0000   0.0000   0.0000
    3767  -4.3548   1.2906  13.4434   0.0000   0.0000   0.0000
    3768  -5.9500   1.1643  13.9931   0.0000   0.0000   0.0000
    3769  -6.0361   1.8202  13.4824   0.0000   0.0000   0.0000
    3770  -5.5010   1.5960  13.6376   0.0000   0.0000   0.0000
    3771  -5.6002   1.2299  13.4585   0.0000   0.0000   0.0000
    3772  -5.5649   1.9790  13.1451   0.0000   0.0000   0.0000
    3773  -5.6997   1.5505  14.0789   0.0000   0.0000   0.0000
    3774  -5.2774   2.0677  13.9841   0.0000   0.0000   0.0000
    3775  -5.2021   1.4436  13.9609   0.0000   0.0000   0.0000
    3776  -5.0114   1.7244  14.0625   0.0000   0.0000   0.0000
    3777  -5.5334   1.0458  14.3585   0.0000   0.0000   0.0000
    3778  -5.6728   0.9520  15.0626   0.0000   0.0000   0.0000
    3779  -4.6074   0.4799  14.6203   0.0000   0.0000   0.0000
    3780  -5.3392   2.3010  14.1153   0.0000   0.0000   0.0000
    3781  -5.2797   2.7617  14.2241   0.0000   0.0000   0.0000
    3782  -4.4414   2.3266  14.9786   0.0000   0.0000   0.0000
    3783  -5.5283   3.0166  14.3040   0.0000   0.0000   0.0000
    3784  -4.3971   3.4366  15.5639   0.0000   0.0000   0.0000
    3785  -4.4661   2.0834  15.2330   0.0000   0.0000   0.0000
    3786  -4.9783   3.5906  14.4613   0.0000   0.0000   0.0000
    3787  -5.1970   3.5505  14.7917   0.0000   0.0000   0.0000
    3788  -5.7499   3.5240  14.9480   0.0000   0.0000   0.0000
    3789  -5.5391   2.8328  14.3369   0.0000   0.0000   0.0000
    3790  -5.6068   2.7634  14.8112   0.0000   0.0000   0.0000
    3791  -4.9427   3.1376  15.7508   0.0000   0.0000   0.0000
    3792  -5.2167   3.2514  15.4667   0.0000   0.0000   0.0000
    3793  -5.5217   3.5205  15.8723   0.0000   0.0000   0.0000
    3794  -5.3201   3.1202  15.6734   0.0000   0.0000   0.0000
    3795  -5.5717   2.6526  16.2921   0.0000   0.0000   0.0000
    3796  -5.5533   3.8414  16.0662   0.0000   0.0000   0.0000
    3797  -5.8434   3.3676  15.7152   0.0000   0.0000   0.0000
    3798  -4.5529   3.3814  15.8009   0.0000   0.0000   0.0000
    3799  -4.8307   2.8262  15.6621   0.0000   0.0000   0.0000
    3800  -4.0377   3.4166  16.0096   0.0000   0.0000   0.0000
    3801  -4.5808   2.7395  16.5145   0.0000   0.0000   0.0000
    3802  -4.6612   3.5047  15.5266   0.0000   0.0000   0.0000
    3803  -3.4844   3.0130  15.6541   0.0000   0.0000   0.0000
    3804  -5.4724   3.3853  15.7087   0.0000   0.0000   0.0000
    3805  -4.4874   3.3005  16.0124   0.0000   0.0000   0.0000
    3806  -5.3102   3.7593  16.2613   0.0000   0.0000   0.0000
    3807  -4.7238   2.8611  15.8031   0.0000   0.0000   0.0000
    3808  -4.7516   3.4214  15.5354   0.0000   0.0000   0.0000
    3809  -4.6508   3.7176  15.7445   0.0000   0.0000   0.0000
    3810  -5.1802   3.5217  16.7958   0.0000   0.0000   0.0000
    3811  -4.7637   3.0613  16.5359   0.0000   0.0000   0.0000
    3812  -5.0631   3.2733  15.3336   0.0000   0.0000   0.0000
    3813  -4.0400   3.1679  16.2950   0.0000   0.0000   0.0000
    3814  -4.0648   2.4564  16.0921   0.0000   0.0000   0.0000
    3815  -5.3321   2.7084  15.9554   0.0000   0.0000   0.0000
    3816  -4.8257   2.0630  16.1208   0.0000   0.0000   0.0000
    3817  -4.8095   2.7943  15.9383   0.0000   0.0000   0.0000
    3818  -4.9047   2.9241  15.8420   0.0000   0.0000   0.0000
    3819  -5.8599   3.2418  16.0106   0.0000   0.0000   0.0000
    3820  -6.0549   3.0976  15.4768   0.0000   0.0000   0.0000
    3821  -5.7397   4.4467  15.0007   0.0000   0.0000   0.0000
    3822  -5.4854   3.6884  15.2862   0.0000   0.0000   0.0000
    3823  -5.4328   2.7380  15.3719   0.0000   0.0000   0.0000
    3824  -5.4004   2.2209  14.8988   0.0000   0.0000   0.0000
    3825  -5.1754   2.7549  14.9194   0.0000   0.0000   0.0000
    3826  -5.8155   2.6858  14.5495   0.0000   0.0000   0.0000
    3827  -4.9745   3.1393  14.6577   0.0000   0.0000   0.0000
    3828  -5.1827   3.0675  14.1394   0.0000   0.0000   0.0000
    3829  -5.4985   2.7632  13.7457   0.0000   0.0000   0.0000
    3830  -5.3049   3.4911  14.0726   0.0000   0.0000   0.0000
    3831  -5.0218   2.6169  14.6627   0.0000   0.0000   0.0000
    3832  -5.3043   2.6369  14.5683   0.0000   0.0000   0.0000
    3833  -5.2825   3.2957  14.8503   0.0000   0.0000   0.0000
    3834  -4.7263   2.0440  15.1531   0.0000   0.0000   0.0000
    3835  -5.2021   2.7222  14.4031   0.0000   0.0000   0.0000
    3836  -5.4049   2.5987  15.0312   0.0000   0.0000   0.0000
    3837  -5.7670   2.9040  14.1410   0.0000   0.0000   0.0000
    3838  -6.2524   2.5762  14.4401   0.0000   0.0000   0.0000
    3839  -5.6201   2.8662  14.2992   0.0000   0.0000   0.0000
    3840  -5.9016   3.5040  13.9579   0.0000   0.0000   0.0000
    3841  -5.5103   2.8110  14.6216   0.0000   0.0000   0.0000
    3842  -5.7214   2.3533  14.5167   0.0000   0.0000   0.0000
    3843  -5.0733   2.2424  15.5110   0.0000   0.0000   0.0000
    3844  -4.5856   3.1274  15.5764   0.0000   0.0000   0.0000
    3845  -5.7708   2.4717  15.0044   0.0000   0.0000   0.0000
    3846  -5.3730   1.7388  15.8391   0.0000   0.0000   0.0000
    3847  -5.4736   2.4504  15.3034   0.0000   0.0000   0.0000
    3848  -4.9582   2.9476  15.1735   0.0000   0.0000   0.0000
    3849  -5.2150   2.0567  15.2506   0.0000   0.0000   0.0000
    3850  -5.1431   1.7412  15.0224   0.0000   0.0000   0.0000
    3851  -3.6181   2.3544  14.9243   0.0000   0.0000   0.0000
    3852  -4.9485   2.0884  15.3459   0.0000   0.0000   0.0000
    3853  -5.0389   1.8896  15.7714   0.0000   0.0000   0.0000
    3854  -5.5839   1.6629  15.6599   0.0000   0.0000   0.0000
    3855  -4.3095   2.9973  14.2922   0.0000   0.0000   0.0000
    3856  -5.4953   3.2377  14.4997   0.0000   0.0000   0.0000
    3857  -4.4319   3.1500  14.4434   0.0000   0.0000   0.0000
    3858  -4.6810   3.8479  14.1628   0.0000   0.0000   0.0000
    3859  -4.6687   2.8371  14.6622   0.0000   0.0000   0.0000
    3860  -4.8301   2.5152  15.0139   0.0000   0.0000   0.0000
    3861  -4.9822   2.0901  14.8033   0.0000   0.0000   0.0000
    3862  -5.3573   2.8732  15.0176   0.0000   0.0000   0.0000
    3863  -5.5523   2.8707  15.0844   0.0000   0.0000   0.0000
    3864  -5.5592   2.6632  15.1212   0.0000   0.0000   0.0000
    3865  -5.1105   1.7800  16.0395   0.0000   0.0000   0.0000
    3866  -5.3810   2.7045  16.1088   0.0000   0.0000   0.0000
    3867  -5.6193   3.4991  16.5406   0.0000   0.0000   0.0000
    3868  -5.8333   2.7007  15.8808   0.0000   0.0000   0.0000
    3869  -5.1337   2.7100  15.4383   0.0000   0.0000   0.0000
    3870  -5.4202   3.1378  15.8278   0.0000   0.0000   0.0000
    3871  -4.9968   3.8173  15.8178   0.0000   0.0000   0.0000
    3872  -4.6637   2.8307  16.0247   0.0000   0.0000   0.0000
    3873  -5.0337   2.7919  16.5527   0.0000   0.0000   0.0000
    3874  -4.7656   3.6038  16.5600   0.0000   0.0000   0.0000
    3875  -5.2088   3.1073  16.4868   0.0000   0.0000   0.0000
    3876  -5.6834   2.8350  16.6543   0.0000   0.0000   0.0000
    3877  -5.3214   3.5406  17.1128   0.0000   0.0000   0.0000
    3878  -5.4015   3.9516  17.0175   0.0000   0.0000   0.0000
    3879  -5.5058   3.4933  16.8499   0.0000   0.0000   0.0000
    3880  -5.7384   3.5657  17.0005   0.0000   0.0000   0.0000
    3881  -5.4168   3.7033  17.1863   0.0000   0.0000   0.0000
    3882  -5.8905   4.3658  16.7083   0.0000   0.0000   0.0000
    3883  -5.6881   3.7352  17.1896   0.0000   0.0000   0.0000
    3884  -5.5874   3.7135  16.3340   0.0000   0.0000   0.0000
    3885  -6.0738   4.1254  16.6452   0.0000   0.0000   0.0000
    3886  -6.8360   4.3029  15.8905   0.0000   0.0000   0.0000
    3887  -6.0608   3.9044  15.4365   0.0000   0.0000   0.0000
    3888  -5.8210   3.8331  16.2422   0.0000   0.0000   0.0000
    3889  -5.7947   2.6667  15.3071   0.0000   0.0000   0.0000
    3890  -5.6590   3.2875  15.5092   0.0000   0.0000   0.0000
    3891  -5.6553   2.8119  15.9386   0.0000   0.0000   0.0000
    3892  -5.2083   2.0893  15.8684   0.0000   0.0000   0.0000
    3893  -5.0489   2.9929  16.0895   0.0000   0.0000   0.0000
    3894  -6.0493   2.7264  15.9727   0.0000   0.0000   0.0000
    3895  -5.9751   2.7520  15.9305   0.0000   0.0000   0.0000
    3896  -5.8563   2.8788  16.6922   0.0000   0.0000   0.0000
    3897  -5.4085   2.3138  16.6136   0.0000   0.0000   0.0000
    3898  -6.1006   2.9602  15.7509   0.0000   0.0000   0.0000
    3899  -5.3092   2.3490  15.6869   0.0000   0.0000   0.0000
    3900  -5.9267   3.2276  16.0467   0.0000   0.0000   0.0000
    3901  -6.1645   2.7696  15.8069   0.0000   0.0000   0.0000
    3902  -6.9432   2.8390  16.2572   0.0000   0.0000   0.0000
    3903  -6.9672   2.6101  16.3584   0.0000   0.0000   0.0000
    3904  -6.0198   2.3940  16.2030   0.0000   0.0000   0.0000
    3905  -5.5623   2.5070  15.9443   0.0000   0.0000   0.0000
    3906  -5.1578   2.3375  15.7860   0.0000   0.0000   0.0000
    3907  -5.3274   2.4954  15.7878   0.0000   0.0000   0.0000
    3908  -5.6762   3.0488  15.8927   0.0000   0.0000   0.0000
    3909  -5.6868   2.1319  15.5087   0.0000   0.0000   0.0000
    3910  -6.2109   1.6905  16.0117   0.0000   0.0000   0.0000
    3911  -6.5850   2.0521  15.5759   0.0000   0.0000   0.0000
    3912  -6.8564   1.6022  16.0279   0.0000   0.0000   0.0000
    3913  -6.6762   3.0133  15.7310   0.0000   0.0000   0.0000
    3914  -6.6372   1.4543  16.3505   0.0000   0.0000   0.0000
    3915  -6.3874   1.2834  16.1874   0.0000   0.0000   0.0000
    3916  -6.7843   1.9101  16.1282   0.0000   0.0000   0.0000
    3917  -6.7222   2.8282  16.1651   0.0000   0.0000   0.0000
    3918  -6.3053   2.4091  16.5851   0.0000   0.0000   0.0000
    3919  -6.6676   1.6663  16.6081   0.0000   0.0000   0.0000
    3920  -6.3697   1.9602  16.5206   0.0000   0.0000   0.0000
    3921  -6.8461   2.1858  17.0068   0.0000   0.0000   0.0000
    3922  -6.2810   1.6007  15.5896   0.0000   0.0000   0.0000
    3923  -6.6886   2.8978  16.6838   0.0000   0.0000   0.0000
    3924  -7.2519   2.1403  15.1890   0.0000   0.0000   0.0000
    3925  -6.3519   1.9507  15.5819   0.0000   0.0000   0.0000
    3926  -6.1365   3.0238  15.4599   0.0000   0.0000   0.0000
    3927  -5.7265   2.2886  15.3154   0.0000   0.0000   0.0000
    3928  -6.1727   2.6948  15.1497   0.0000   0.0000   0.0000
    3929  -6.6730   1.8940  15.3604   0.0000   0.0000   0.0000
    3930  -6.4955   2.6297  16.0351   0.0000   0.0000   0.0000
    3931  -5.6388   2.1394  15.1001   0.0000   0.0000   0.0000
    3932  -6.2541   2.7594  15.5706   0.0000   0.0000   0.0000
    3933  -6.8845   1.4261  15.5198   0.0000   0.0000   0.0000
    3934  -6.5699   2.3388  15.3119   0.0000   0.0000   0.0000
    3935  -7.1480   1.8844  15.9287   0.0000   0.0000   0.0000
    3936  -7.1650   1.4978  15.8557   0.0000   0.0000   0.0000
    3937  -6.2942   2.0602  16.0267   0.0000   0.0000   0.0000
    3938  -7.1235   1.9141  15.0627   0.0000   0.0000   0.0000
    3939  -6.6133   2.4505  15.0376   0.0000   0.0000   0.0000
    3940  -7.0094   1.4524  15.3409   0.0000   0.0000   0.0000
    3941  -6.9186   2.1499  15.7893   0.0000   0.0000   0.0000
    3942  -6.8119   1.3259  15.9885   0.0000   0.0000   0.0000
    3943  -7.3674   1.3632  15.6193   0.0000   0.0000   0.0000
    3944  -7.4336   2.5832  15.0355   0.0000   0.0000   0.0000
    3945  -6.4557   1.7574  15.1601   0.0000   0.0000   0.0000
    3946  -6.4239   2.7714  15.2337   0.0000   0.0000   0.0000
    3947  -7.0761   2.6691  14.9890   0.0000   0.0000   0.0000
    3948  -6.3931   2.1369  15.3561   0.0000   0.0000   0.0000
    3949  -6.1462   2.1629  15.7021   0.0000   0.0000   0.0000
    3950  -6.9204   2.7280  15.5954   0.0000   0.0000   0.0000
    3951  -7.2215   2.5386  15.9400   0.0000   0.0000   0.0000
    3952  -6.8803   2.8517  15.8648   0.0000   0.0000   0.0000
    3953  -7.1325   2.1495  15.7920   0.0000   0.0000   0.0000
    3954  -6.0932   1.6715  15.5365   0.0000   0.0000   0.0000
    3955  -6.1367   2.1937  15.6634   0.0000   0.0000   0.0000
    3956  -7.1630   3.4155  16.5033   0.0000   0.0000   0.0000
    3957  -6.9383   1.9087  15.7971   0.0000   0.0000   0.0000
    3958  -7.4642   2.4907  15.2723   0.0000   0.0000   0.0000
    3959  -8.0134   2.6932  15.8282   0.0000   0.0000   0.0000
    3960  -7.3315   2.1970  15.6396   0.0000   0.0000   0.0000
    3961  -7.1166   1.7772  15.9991   0.0000   0.0000   0.0000
    3962  -6.7465   2.4054  15.9414   0.0000   0.0000   0.0000
    3963  -7.0141   2.6909  15.7868   0.0000   0.0000   0.0000
    3964  -7.5975   2.4463  15.8865   0.0000   0.0000   0.0000
    3965  -6.9669   2.1745  15.3563   0.0000   0.0000   0.0000
    3966  -7.5037   2.2203  15.3419   0.0000   0.0000   0.0000
    3967  -7.1751   2.2309  15.4075   0.0000   0.0000   0.0000
    3968  -5.9521   2.0587  16.0129   0.0000   0.0000   0.0000
    3969  -6.2321   1.5890  15.3131   0.0000   0.0000   0.0000
    3970  -6.6065   0.7366  16.1346   0.0000   0.0000   0.0000
    3971  -7.2569   2.0423  16.1012   0.0000   0.0000   0.0000
    3972  -6.1730   0.8011  15.9616   0.0000   0.0000   0.0000
    3973  -6.7206   0.6348  16.6674   0.0000   0.0000   0.0000
    3974  -7.6047   1.3366  16.2042   0.0000   0.0000   0.0000
    3975  -6.8633   1.0172  15.7046   0.0000   0.0000   0.0000
    3976  -6.1885   0.9320  15.8228   0.0000   0.0000   0.0000
    3977  -7.1330   0.8629  15.4495   0.0000   0.0000   0.0000
    3978  -7.3818   1.1787  14.8597   0.0000   0.0000   0.0000
    3979  -6.5718   0.9412  15.4019   0.0000   0.0000   0.0000
    3980  -7.3367   1.6381  15.0095   0.0000   0.0000   0.0000
    3981  -6.7393   1.5857  14.5446   0.0000   0.0000   0.0000
    3982  -7.4707   1.4673  14.5415   0.0000   0.0000   0.0000
    3983  -6.6290   1.7677  14.9499   0.0000   0.0000   0.0000
    3984  -7.1769   1.2101  14.2786   0.0000   0.0000   0.0000
    3985  -6.7976   1.1737  13.6664   0.0000   0.0000   0.0000
    3986  -6.1489   1.1570  14.7171   0.0000   0.0000   0.0000
    3987  -6.7354   1.6707  14.1812   0.0000   0.0000   0.0000
    3988  -7.0052   1.3020  14.3097   0.0000   0.0000   0.0000
    3989  -7.1571   1.4577  14.7444   0.0000   0.0000   0.0000
    3990  -7.0284   0.8682  15.0547   0.0000   0.0000   0.0000
    3991  -7.1756   1.0284  15.1618   0.0000   0.0000   0.0000
    3992  -7.1026   1.4042  14.8018   0.0000   0.0000   0.0000
    3993  -7.5800   1.3016  14.9795   0.0000   0.0000   0.0000
    3994  -6.7715   1.6796  15.1107   0.0000   0.0000   0.0000
    3995  -7.4153   1.6872  14.8800   0.0000   0.0000   0.0000
    3996  -6.9854   1.7861  14.9774   0.0000   0.0000   0.0000
    3997  -6.8401   2.2226  15.6100   0.0000   0.0000   0.0000
    3998  -5.8717   1.6943  15.4399   0.0000   0.0000   0.0000
    3999  -7.0709   2.4130  14.7073   0.0000   0.0000   0.0000
    4000  -7.2444   1.2950  14.8677   0.0000   0.0000   0.0000
    4001  -7.8127   2.0691  14.8613   0.0000   0.0000   0.0000
    4002  -7.6401   2.3654  14.9552   0.0000   0.0000   0.0000
    4003  -6.8905   1.4996  14.5197   0.0000   0.0000   0.0000
    4004  -7.8109   1.5570  14.6065   0.0000   0.0000   0.0000
    4005  -8.1374   1.7604  15.9937   0.0000   0.0000   0.0000
    4006  -8.3818   1.9523  14.7190   0.0000   0.0000   0.0000
    4007  -7.8637   1.7446  14.9952   0.0000   0.0000   0.0000
    4008  -7.9806   2.1736  14.7219   0.0000   0.0000   0.0000
    4009  -7.7127   2.1578  14.7682   0.0000   0.0000   0.0000
    4010  -7.5498   2.9764  14.5497   0.0000   0.0000   0.0000
    4011  -7.0204   2.8286  15.1834   0.0000   0.0000   0.0000
    4012  -7.2010   2.4168  16.2128   0.0000   0.0000   0.0000
    4013  -7.0456   2.8476  16.0148   0.0000   0.0000   0.0000
    4014  -6.9122   2.4488  15.8842   0.0000   0.0000   0.0000
    4015  -6.9032   2.4687  15.6226   0.0000   0.0000   0.0000
    4016  -7.7499   2.4299  15.1718   0.0000   0.0000   0.0000
    4017  -7.9091   1.5444  15.6336   0.0000   0.0000   0.0000
    4018  -7.1459   2.7591  15.6534   0.0000   0.0000   0.0000
    4019  -7.1693   2.1037  15.9680   0.0000   0.0000   0.0000
    4020  -7.5995   1.2104  15.3244   0.0000   0.0000   0.0000
    4021  -7.5406   1.2051  15.8417   0.0000   0.0000   0.0000
    4022  -7.2169   1.4557  16.0022   0.0000   0.0000   0.0000
    4023  -7.0842   1.8270  15.8803   0.0000   0.0000   0.0000
    4024  -7.2493   2.2518  16.2828   0.0000   0.0000   0.0000
    4025  -6.6422   1.9566  15.8551   0.0000   0.0000   0.0000
    4026  -7.5023   1.1762  15.7773   0.0000   0.0000   0.0000
    4027  -6.6846   1.0453  15.7081   0.0000   0.0000   0.0000
    4028  -7.2293   1.3510  15.1029   0.0000   0.0000   0.0000
    4029  -7.2351   1.9137  15.1530   0.0000   0.0000   0.0000
    4030  -7.0075   1.7959  15.8449   0.0000   0.0000   0.0000
    4031  -7.2897   1.1492  15.8040   0.0000   0.0000   0.0000
    4032  -7.6141   1.5267  15.8615   0.0000   0.0000   0.0000
    4033  -7.9441   2.0253  16.2538   0.0000   0.0000   0.0000
    4034  -8.0460   0.8887  15.4482   0.0000   0.0000   0.0000
    4035  -7.4328   0.5734  15.5343   0.0000   0.0000   0.0000
    4036  -7.1545   0.8525  16.0720   0.0000   0.0000   0.0000
    4037  -7.2493   1.2536  15.6505   0.0000   0.0000   0.0000
    4038  -7.0993   1.6673  15.3790   0.0000   0.0000   0.0000
    4039  -6.9767   1.2928  14.5940   0.0000   0.0000   0.0000
    4040  -7.4432   1.6094  15.3199   0.0000   0.0000   0.0000
    4041  -7.4740   1.2268  15.2163   0.0000   0.0000   0.0000
    4042  -7.6993   0.7629  15.0154   0.0000   0.0000   0.0000
    4043  -7.7697   0.7045  15.9871   0.0000   0.0000   0.0000
    4044  -8.2419   0.8743  15.1905   0.0000   0.0000   0.0000
    4045  -7.8541   0.9383  15.4096   0.0000   0.0000   0.0000
    4046  -7.6512   1.5769  15.1827   0.0000   0.0000   0.0000
    4047  -8.2658   1.4816  15.2091   0.0000   0.0000   0.0000
    4048  -8.1553   1.2591  15.5335   0.0000   0.0000   0.0000
    4049  -8.9579   0.6984  14.8160   0.0000   0.0000   0.0000
    4050  -7.7276   1.5026  15.0771   0.0000   0.0000   0.0000
    4051  -8.5979   1.4743  14.8296   0.0000   0.0000   0.0000
    4052  -8.0370   0.4334  14.3312   0.0000   0.0000   0.0000
    4053  -7.1268   0.0710  14.0510   0.0000   0.0000   0.0000
    4054  -8.4922   1.2370  14.7401   0.0000   0.0000   0.0000
    4055  -8.3339   0.4423  14.5964   0.0000   0.0000   0.0000
    4056  -7.5309   1.2504  14.3410   0.0000   0.0000   0.0000
    4057  -7.2012   1.9289  15.0146   0.0000   0.0000   0.0000
    4058  -7.9782   1.5946  15.6039   0.0000   0.0000   0.0000
    4059  -7.9950   1.0827  15.2472   0.0000   0.0000   0.0000
    4060  -8.4747   1.0931  15.3409   0.0000   0.0000   0.0000
    4061  -8.1414   0.6233  15.0479   0.0000   0.0000   0.0000
    4062  -7.1634   0.5549  15.5182   0.0000   0.0000   0.0000
    4063  -8.0249   0.6603  15.1425   0.0000   0.0000   0.0000
    4064  -8.2223   1.7244  14.5327   0.0000   0.0000   0.0000
    4065  -8.6193   0.7021  14.3541   0.0000   0.0000   0.0000
    4066  -9.0227   0.4670  15.2303   0.0000   0.0000   0.0000
    4067  -8.4805   0.2017  14.7107   0.0000   0.0000   0.0000
    4068  -8.1870   1.1166  14.5890   0.0000   0.0000   0.0000
    4069  -8.9416   0.4347  15.2656   0.0000   0.0000   0.0000
    4070  -8.2110   0.5454  14.6094   0.0000   0.0000   0.0000
    4071  -8.1893   1.2068  14.7999   0.0000   0.0000   0.0000
    4072  -7.7108   1.8084  14.8013   0.0000   0.0000   0.0000
    4073  -7.7421   1.5726  15.1176   0.0000   0.0000   0.0000
    4074  -7.3852   0.9913  15.6591   0.0000   0.0000   0.0000
    4075  -7.4511   1.0904  15.3279   0.0000   0.0000   0.0000
    4076  -7.6172   1.4705  14.9830   0.0000   0.0000   0.0000
    4077  -6.3768   1.1867  14.4839   0.0000   0.0000   0.0000
    4078  -6.8270   0.8858  14.3171   0.0000   0.0000   0.0000
    4079  -8.0039   1.2119  14.9255   0.0000   0.0000   0.0000
    4080  -6.7095   0.9864  14.7205   0.0000   0.0000   0.0000
    4081  -7.4259   0.7621  15.4248   0.0000   0.0000   0.0000
    4082  -7.5540   0.4699  16.0788   0.0000   0.0000   0.0000
    4083  -7.2441   0.6712  15.2594   0.0000   0.0000   0.0000
    4084  -7.0202   0.6971  15.3622   0.0000   0.0000   0.0000
    4085  -6.7086   0.2091  15.2898   0.0000   0.0000   0.0000
    4086  -6.9134   1.7727  14.4597   0.0000   0.0000   0.0000
    4087  -7.0387   1.1823  14.4213   0.0000   0.0000   0.0000
    4088  -7.4127   0.5280  15.3698   0.0000   0.0000   0.0000
    4089  -7.7436   0.1254  14.7493   0.0000   0.0000   0.0000
    4090  -7.5909   1.6162  15.2108   0.0000   0.0000   0.0000
    4091  -8.4782   1.5808  14.8290   0.0000   0.0000   0.0000
    4092  -8.1950   1.4107  16.0952   0.0000   0.0000   0.0000
    4093  -7.5383   0.9993  15.2911   0.0000   0.0000   0.0000
    4094  -7.3128   0.3584  15.2231   0.0000   0.0000   0.0000
    4095  -7.1291   1.9957  14.8618   0.0000   0.0000   0.0000
    4096  -7.4506   1.9865  14.6823   0.0000   0.0000   0.0000
    4097  -7.3454   1.4035  15.0987   0.0000   0.0000   0.0000
    4098  -7.2951   0.8172  14.9775   0.0000   0.0000   0.0000
    4099  -8.0798   1.4934  14.7918   0.0000   0.0000   0.0000
    4100  -7.8560   0.8488  14.8489   0.0000   0.0000   0.0000
    4101  -8.0433   0.8693  14.1271   0.0000   0.0000   0.0000
    4102  -7.3672   1.3188  14.5293   0.0000   0.0000   0.0000
    4103  -7.2635   0.8256  13.9706   0.0000   0.0000   0.0000
    4104  -7.5925   1.7017  13.5024   0.0000   0.0000   0.0000
    4105  -7.4170   1.6318  14.0669   0.0000   0.0000   0.0000
    4106  -8.0731   1.8952  13.9923   0.0000   0.0000   0.0000
    4107  -7.5010   1.2688  13.6216   0.0000   0.0000   0.0000
    4108  -6.9683   1.0873  14.5273   0.0000   0.0000   0.0000
    4109  -7.6005   0.7036  14.4984   0.0000   0.0000   0.0000
    4110  -7.2908   0.7465  14.8741   0.0000   0.0000   0.0000
    4111  -6.2340   0.2978  14.8762   0.0000   0.0000   0.0000
    4112  -6.4044   1.0482  14.6883   0.0000   0.0000   0.0000
    4113  -6.8318   0.1756  15.1024   0.0000   0.0000   0.0000
    4114  -6.3802   0.2693  15.0142   0.0000   0.0000   0.0000
    4115  -7.0082  -0.5024  14.6297   0.0000   0.0000   0.0000
    4116  -6.3067  -0.1628  14.3569   0.0000   0.0000   0.0000
    4117  -5.7805   0.0979  14.8729   0.0000   0.0000   0.0000
    4118  -6.8574   0.9617  14.5359   0.0000   0.0000   0.0000
    4119  -5.8396   0.2569  14.0803   0.0000   0.0000   0.0000
    4120  -6.7341   0.5982  14.6251   0.0000   0.0000   0.0000
    4121  -6.7946   0.5514  14.7224   0.0000   0.0000   0.0000
    4122  -5.8210  -0.6667  15.1390   0.0000   0.0000   0.0000
    4123  -6.2085  -0.8475  15.7290   0.0000   0.0000   0.0000
    4124  -6.4234  -0.8441  15.1863   0.0000   0.0000   0.0000
    4125  -5.4236  -0.2289  15.6415   0.0000   0.0000   0.0000
    4126  -5.7288  -0.0718  14.4529   0.0000   0.0000   0.0000
    4127  -5.6778  -0.3269  15.5740   0.0000   0.0000   0.0000
    4128  -6.4954   0.2914  15.1796   0.0000   0.0000   0.0000
    4129  -6.6890  -0.0830  14.7268   0.0000   0.0000   0.0000
    4130  -5.8178   0.5446  14.4344   0.0000   0.0000   0.0000
    4131  -6.3332   0.6302  14.1633   0.0000   0.0000   0.0000
    4132  -5.4152  -0.2803  13.5572   0.0000   0.0000   0.0000
    4133  -6.1039  -0.3759  12.8888   0.0000   0.0000   0.0000
    4134  -6.0760  -1.0515  14.3290   0.0000   0.0000   0.0000
    4135  -5.8970  -0.1884  14.9821   0.0000   0.0000   0.0000
    4136  -6.4541  -0.4306  14.4598   0.0000   0.0000   0.0000
    4137  -5.9712  -0.8080  14.6149   0.0000   0.0000   0.0000
    4138  -6.1486  -0.3889  14.5033   0.0000   0.0000   0.0000
    4139  -5.4969   0.0864  13.9560   0.0000   0.0000   0.0000
    4140  -4.6656   0.2479  14.0911   0.0000   0.0000   0.0000
    4141  -4.5036  -0.6063  13.8143   0.0000   0.0000   0.0000
    4142  -5.2456  -0.1919  14.0235   0.0000   0.0000   0.0000
    4143  -5.4161  -0.1220  14.2284   0.0000   0.0000   0.0000
    4144  -5.8329   0.6566  13.8745   0.0000   0.0000   0.0000
    4145  -6.2428  -0.1775  13.7280   0.0000   0.0000   0.0000
    4146  -5.1229   0.0071  14.1492   0.0000   0.0000   0.0000
    4147  -5.6160  -0.7866  14.8165   0.0000   0.0000   0.0000
    4148  -6.0335  -0.2184  15.7023   0.0000   0.0000   0.0000
    4149  -6.1454  -0.2072  14.2917   0.0000   0.0000   0.0000
    4150  -5.3138   0.1258  15.0702   0.0000   0.0000   0.0000
    4151  -6.5648   0.3036  15.7070   0.0000   0.0000   0.0000
    4152  -5.8879   0.0618  15.3391   0.0000   0.0000   0.0000
    4153  -5.5845   0.6598  14.5435   0.0000   0.0000   0.0000
    4154  -4.9085   0.9339  14.7335   0.0000   0.0000   0.0000
    4155  -4.9434   1.1289  14.9696   0.0000   0.0000   0.0000
    4156  -5.4717   1.7100  14.0464   0.0000   0.0000   0.0000
    4157  -5.8704   0.9660  13.6474   0.0000   0.0000   0.0000
    4158  -5.7051   1.3128  13.9261   0.0000   0.0000   0.0000
    4159  -6.5616   1.8279  14.0712   0.0000   0.0000   0.0000
    4160  -6.7520   1.8562  13.6218   0.0000   0.0000   0.0000
    4161  -6.3761   1.9334  14.0397   0.0000   0.0000   0.0000
    4162  -5.9461   1.8635  13.8321   0.0000   0.0000   0.0000
    4163  -5.9754   1.4504  13.7725   0.0000   0.0000   0.0000
    4164  -5.5788   2.1587  13.7100   0.0000   0.0000   0.0000
    4165  -5.8320   2.2500  13.3205   0.0000   0.0000   0.0000
    4166  -5.2935   1.6698  13.5472   0.0000   0.0000   0.0000
    4167  -6.1898   1.7932  14.1322   0.0000   0.0000   0.0000
    4168  -6.0012   2.1322  14.0271   0.0000   0.0000   0.0000
    4169  -5.6530   2.1799  13.2830   0.0000   0.0000   0.0000
    4170  -5.9980   1.9582  14.0595   0.0000   0.0000   0.0000
    4171  -5.3708   1.7518  14.2241   0.0000   0.0000   0.0000
    4172  -5.7013   2.5448  13.7818   0.0000   0.0000   0.0000
    4173  -5.4437   2.3450  13.9711   0.0000   0.0000   0.0000
    4174  -5.4126   2.4170  13.6375   0.0000   0.0000   0.0000
    4175  -6.0975   2.4709  14.3364   0.0000   0.0000   0.0000
    4176  -6.1265   2.5527  14.4522   0.0000   0.0000   0.0000
    4177  -6.5521   3.0114  13.1244   0.0000   0.0000   0.0000
    4178  -6.0066   2.2265  13.2253   0.0000   0.0000   0.0000
    4179  -5.9823   2.1885  13.0519   0.0000   0.0000   0.0000
    4180  -6.4190   1.4297  12.8599   0.0000   0.0000   0.0000
    4181  -5.7612   2.1348  13.4363   0.0000   0.0000   0.0000
    4182  -5.1246   2.2449  13.0087   0.0000   0.0000   0.0000
    4183  -7.1542   2.3323  12.8815   0.0000   0.0000   0.0000
    4184  -5.3083   0.8225  13.1566   0.0000   0.0000   0.0000
    4185  -6.5594   1.0460  13.0998   0.0000   0.0000   0.0000
    4186  -6.3664   1.0196  12.6354   0.0000   0.0000   0.0000
    4187  -6.0610   0.9319  12.8381   0.0000   0.0000   0.0000
    4188  -5.3894   0.9749  13.4319   0.0000   0.0000   0.0000
    4189  -5.6488   1.0238  13.5856   0.0000   0.0000   0.0000
    4190  -5.8025   0.7329  13.1039   0.0000   0.0000   0.0000
    4191  -5.8329   1.0787  12.8547   0.0000   0.0000   0.0000
    4192  -5.3778   1.5845  12.4418   0.0000   0.0000   0.0000
    4193  -5.5568   1.3311  13.1079   0.0000   0.0000   0.0000
    4194  -5.4376   1.2675  12.9483   0.0000   0.0000   0.0000
    4195  -5.9437   0.7957  12.6692   0.0000   0.0000   0.0000
    4196  -5.9733   1.7007  13.5857   0.0000   0.0000   0.0000
    4197  -6.2098   1.4348  12.9788   0.0000   0.0000   0.0000
    4198  -5.9659   1.7796  12.9472   0.0000   0.0000   0.0000
    4199  -5.4140   1.5223  12.7909   0.0000   0.0000   0.0000
    4200  -5.4684   2.3391  12.7550   0.0000   0.0000   0.0000
    4201  -5.6567   1.9682  13.5349   0.0000   0.0000   0.0000
    4202  -5.2543   1.5095  13.4941   0.0000   0.0000   0.0000
    4203  -5.0063   2.3181  13.1806   0.0000   0.0000   0.0000
    4204  -5.0881   1.2151  12.9277   0.0000   0.0000   0.0000
    4205  -4.9527   1.8957  12.4367   0.0000   0.0000   0.0000
    4206  -6.6160   2.8657  13.2399   0.0000   0.0000   0.0000
    4207  -5.4891   2.2958  13.4208   0.0000   0.0000   0.0000
    4208  -5.4374   2.0747  13.4178   0.0000   0.0000   0.0000
    4209  -5.2319   1.3466  13.6561   0.0000   0.0000   0.0000
    4210  -5.8221   1.9739  13.4620   0.0000   0.0000   0.0000
    4211  -5.1946   1.8633  13.2322   0.0000   0.0000   0.0000
    4212  -5.3528   1.4169  13.4552   0.0000   0.0000   0.0000
    4213  -5.3204   1.8117  13.6312   0.0000   0.0000   0.0000
    4214  -5.4674   2.2003  13.5973   0.0000   0.0000   0.0000
    4215  -5.1710   1.5837  13.6068   0.0000   0.0000   0.0000
    4216  -5.1291   2.0880  13.2538   0.0000   0.0000   0.0000
    4217  -4.9346   0.9993  13.7319   0.0000   0.0000   0.0000
    4218  -5.3922   2.0251  13.3234   0.0000   0.0000   0.0000
    4219  -5.5189   1.7636  12.9769   0.0000   0.0000   0.0000
    4220  -5.7849   1.6162  13.0265   0.0000   0.0000   0.0000
    4221  -6.1578   1.0017  13.2027   0.0000   0.0000   0.0000
    4222  -6.0530   1.5306  13.8092   0.0000   0.0000   0.0000
    4223  -5.0868   0.8343  14.4915   0.0000   0.0000   0.0000
    4224  -5.0906   1.5851  13.5970   0.0000   0.0000   0.0000
    4225  -5.2181   1.9311  13.5139   0.0000   0.0000   0.0000
    4226  -5.7096   1.9789  13.6191   0.0000   0.0000   0.0000
    4227  -5.4178   2.2564  13.6051   0.0000   0.0000   0.0000
    4228  -5.1907   1.9692  13.3247   0.0000   0.0000   0.0000
    4229  -4.4895   0.9817  13.6318   0.0000   0.0000   0.0000
    4230  -4.6870   1.8203  13.4109   0.0000   0.0000   0.0000
    4231  -4.8152   2.0220  13.7666   0.0000   0.0000   0.0000
    4232  -5.4063   2.7447  13.4556   0.0000   0.0000   0.0000
    4233  -4.5290   2.4229  13.2883   0.0000   0.0000   0.0000
    4234  -5.0565   3.1116  13.2475   0.0000   0.0000   0.0000
    4235  -4.5719   2.6153  13.9470   0.0000   0.0000   0.0000
    4236  -4.6882   2.7598  13.5024   0.0000   0.0000   0.0000
    4237  -4.3379   1.8605  13.0881   0.0000   0.0000   0.0000
    4238  -5.2128   2.1730  12.6013   0.0000   0.0000   0.0000
    4239  -4.7150   1.9474  12.7411   0.0000   0.0000   0.0000
    4240  -5.2866   2.5322  12.6066   0.0000   0.0000   0.0000
    4241  -6.0901   2.4661  12.9316   0.0000   0.0000   0.0000
    4242  -5.4156   2.0937  12.8784   0.0000   0.0000   0.0000
    4243  -5.7096   2.8983  13.3035   0.0000   0.0000   0.0000
    4244  -5.0747   1.3993  13.3604   0.0000   0.0000   0.0000
    4245  -5.0866   1.4259  13.2063   0.0000   0.0000   0.0000
    4246  -4.3609   1.5183  13.5625   0.0000   0.0000   0.0000
    4247  -4.4653   1.9085  13.5807   0.0000   0.0000   0.0000
    4248  -4.6912   2.3984  13.7665   0.0000   0.0000   0.0000
    4249  -5.0787   1.8471  13.4026   0.0000   0.0000   0.0000
    4250  -4.9007   3.1004  13.9187   0.0000   0.0000   0.0000
    4251  -4.6984   3.0489  14.0734   0.0000   0.0000   0.0000
    4252  -4.1147   3.1543  13.7542   0.0000   0.0000   0.0000
    4253  -3.5526   2.7661  13.1631   0.0000   0.0000   0.0000
    4254  -3.8991   2.4569  13.9885   0.0000   0.0000   0.0000
    4255  -4.1069   3.0224  13.8511   0.0000   0.0000   0.0000
    4256  -4.2827   2.7657  13.8504   0.0000   0.0000   0.0000
    4257  -4.2247   2.6405  13.8627   0.0000   0.0000   0.0000
    4258  -3.6796   2.7704  14.6515   0.0000   0.0000   0.0000
    4259  -3.8430   2.9151  14.5141   0.0000   0.0000   0.0000
    4260  -4.0755   2.5599  13.7950   0.0000   0.0000   0.0000
    4261  -4.7715   1.4856  14.1329   0.0000   0.0000   0.0000
    4262  -5.1276   1.9672  14.5974   0.0000   0.0000   0.0000
    4263  -4.7903   1.4818  14.9810   0.0000   0.0000   0.0000
    4264  -4.6878   1.9892  14.3958   0.0000   0.0000   0.0000
    4265  -5.1041   1.5094  14.1901   0.0000   0.0000   0.0000
    4266  -4.6289   2.2565  13.7119   0.0000   0.0000   0.0000
    4267  -4.5276   1.2923  13.1637   0.0000   0.0000   0.0000
    4268  -5.5121   1.6881  14.0550   0.0000   0.0000   0.0000
    4269  -5.6477   1.6229  14.3122   0.0000   0.0000   0.0000
    4270  -5.0259   1.3783  14.5349   0.0000   0.0000   0.0000
    4271  -5.4992   2.0136  14.7586   0.0000   0.0000   0.0000
    4272  -5.2189   1.9393  14.1017   0.0000   0.0000   0.0000
    4273  -5.0887   1.8775  13.5654   0.0000   0.0000   0.0000
    4274  -4.4697   2.2680  14.3306   0.0000   0.0000   0.0000
    4275  -4.9443   2.0983  14.3582   0.0000   0.0000   0.0000
    4276  -5.2144   2.3646  13.9217   0.0000   0.0000   0.0000
    4277  -5.4273   2.2776  13.9999   0.0000   0.0000   0.0000
    4278  -5.5573   2.8910  13.7240   0.0000   0.0000   0.0000
    4279  -4.6517   2.2170  14.8715   0.0000   0.0000   0.0000
    4280  -4.6958   2.3094  13.9445   0.0000   0.0000   0.0000
    4281  -4.4736   2.3503  14.3781   0.0000   0.0000   0.0000
    4282  -5.2139   1.7040  14.2470   0.0000   0.0000   0.0000
    4283  -4.2393   1.9069  13.8906   0.0000   0.0000   0.0000
    4284  -2.9576   2.2967  14.6630   0.0000   0.0000   0.0000
    4285  -3.4335   2.4442  13.4191   0.0000   0.0000   0.0000
    4286  -3.7156   3.1398  13.0038   0.0000   0.0000   0.0000
    4287  -3.8143   3.0944  13.3964   0.0000   0.0000   0.0000
    4288  -3.4075   2.5297  13.2797   0.0000   0.0000   0.0000
    4289  -3.7876   3.0698  12.9819   0.0000   0.0000   0.0000
    4290  -3.0569   3.1892  13.3290   0.0000   0.0000   0.0000
    4291  -2.8783   3.1245  13.3962   0.0000   0.0000   0.0000
    4292  -3.8833   2.5790  13.8927   0.0000   0.0000   0.0000
    4293  -2.8598   2.6654  13.8258   0.0000   0.0000   0.0000
    4294  -3.0320   2.9506  13.9714   0.0000   0.0000   0.0000
    4295  -2.9142   2.8516  14.3572   0.0000   0.0000   0.0000
    4296  -2.4344   2.5421  13.8262   0.0000   0.0000   0.0000
    4297  -2.1205   2.2768  13.8883   0.0000   0.0000   0.0000
    4298  -2.9136   2.5741  14.2237   0.0000   0.0000   0.0000
    4299  -2.3222   1.6925  14.3755   0.0000   0.0000   0.0000
    4300  -2.9802   1.2120  14.5523   0.0000   0.0000   0.0000
    4301  -3.4930   2.5160  13.8184   0.0000   0.0000   0.0000
    4302  -3.1180   1.9203  14.8998   0.0000   0.0000   0.0000
    4303  -2.9097   2.3762  14.2382   0.0000   0.0000   0.0000
    4304  -2.9286   2.4298  14.3030   0.0000   0.0000   0.0000
    4305  -2.7359   2.4397  14.6299   0.0000   0.0000   0.0000
    4306  -3.3206   1.8481  14.1845   0.0000   0.0000   0.0000
    4307  -3.1381   2.8034  14.1221   0.0000   0.0000   0.0000
    4308  -3.2782   2.4821  14.6097   0.0000   0.0000   0.0000
    4309  -3.5263   3.2321  14.7071   0.0000   0.0000   0.0000
    4310  -4.0199   3.0637  14.9845   0.0000   0.0000   0.0000
    4311  -3.8633   2.9893  14.8562   0.0000   0.0000   0.0000
    4312  -3.3924   2.5191  14.8318   0.0000   0.0000   0.0000
    4313  -3.1837   2.8435  14.8929   0.0000   0.0000   0.0000
    4314  -3.9109   3.1192  14.2850   0.0000   0.0000   0.0000
    4315  -3.2403   1.9558  14.9097   0.0000   0.0000   0.0000
    4316  -3.2076   2.4031  14.9106   0.0000   0.0000   0.0000
    4317  -2.2974   1.8875  14.9112   0.0000   0.0000   0.0000
    4318  -2.6198   1.6251  15.1106   0.0000   0.0000   0.0000
    4319  -2.5195   2.3897  14.7369   0.0000   0.0000   0.0000
    4320  -2.8936   1.8552  15.2273   0.0000   0.0000   0.0000
    4321  -3.1455   1.9681  14.2655   0.0000   0.0000   0.0000
    4322  -3.1472   1.8231  14.4238   0.0000   0.0000   0.0000
    4323  -2.9951   2.1431  15.3073   0.0000   0.0000   0.0000
    4324  -2.7625   2.1838  14.9153   0.0000   0.0000   0.0000
    4325  -3.0444   1.8235  15.1068   0.0000   0.0000   0.0000
    4326  -2.6729   2.3002  15.7938   0.0000   0.0000   0.0000
    4327  -3.7842   2.3184  15.3870   0.0000   0.0000   0.0000
    4328  -3.8185   1.7008  15.4369   0.0000   0.0000   0.0000
    4329  -3.7045   2.0056  15.0576   0.0000   0.0000   0.0000
    4330  -3.1653   1.8927  15.0174   0.0000   0.0000   0.0000
    4331  -3.4730   2.9281  14.3908   0.0000   0.0000   0.0000
    4332  -3.0107   1.9497  14.7337   0.0000   0.0000   0.0000
    4333  -2.7290   1.4685  14.6939   0.0000   0.0000   0.0000
    4334  -2.4113   1.2094  14.5477   0.0000   0.0000   0.0000
    4335  -2.3608   1.4446  14.6613   0.0000   0.0000   0.0000
    4336  -1.9479   1.5177  14.7045   0.0000   0.0000   0.0000
    4337  -1.9485   1.7600  13.9587   0.0000   0.0000   0.0000
    4338  -1.6638   1.6876  15.2085   0.0000   0.0000   0.0000
    4339  -2.3976   1.8877  13.8978   0.0000   0.0000   0.0000
    4340  -3.0756   1.3795  14.3145   0.0000   0.0000   0.0000
    4341  -2.1988   1.6507  13.7563   0.0000   0.0000   0.0000
    4342  -3.2113   1.0702  14.4089   0.0000   0.0000   0.0000
    4343  -2.2892   1.3647  15.4489   0.0000   0.0000   0.0000
    4344  -2.9232   1.4837  14.1621   0.0000   0.0000   0.0000
    4345  -2.1144   0.9041  15.1751   0.0000   0.0000   0.0000
    4346  -2.7533   0.6466  14.5460   0.0000   0.0000   0.0000
    4347  -1.5799   0.8786  14.3193   0.0000   0.0000   0.0000
    4348  -1.8837   1.6704  14.3290   0.0000   0.0000   0.0000
    4349  -1.2655   1.3950  14.2977   0.0000   0.0000   0.0000
    4350  -1.2218   1.4113  14.5682   0.0000   0.0000   0.0000
    4351  -1.2999   1.6576  14.6088   0.0000   0.0000   0.0000
    4352  -1.8929   1.6558  14.7284   0.0000   0.0000   0.0000
    4353  -1.3030   2.2806  14.1409   0.0000   0.0000   0.0000
    4354  -1.7827   1.4455  14.7209   0.0000   0.0000   0.0000
    4355  -1.2662   1.3525  15.1879   0.0000   0.0000   0.0000
    4356  -2.0451   1.8488  14.6593   0.0000   0.0000   0.0000
    4357  -2.3028   1.7933  14.0198   0.0000   0.0000   0.0000
    4358  -1.9215   2.5605  15.1071   0.0000   0.0000   0.0000
    4359  -2.6272   2.5737  14.5590   0.0000   0.0000   0.0000
    4360  -2.4441   2.4260  14.8339   0.0000   0.0000   0.0000
    4361  -2.8530   2.8674  14.2190   0.0000   0.0000   0.0000
    4362  -2.3756   2.5315  14.1939   0.0000   0.0000   0.0000
    4363  -2.4637   2.5178  14.1172   0.0000   0.0000   0.0000
    4364  -2.7278   2.8198  13.5795   0.0000   0.0000   0.0000
    4365  -1.9775   1.8446  14.8551   0.0000   0.0000   0.0000
    4366  -3.0914   2.0965  14.0324   0.0000   0.0000   0.0000
    4367  -2.2645   2.0946  14.3817   0.0000   0.0000   0.0000
    4368  -1.8471   2.5817  13.8121   0.0000   0.0000   0.0000
    4369  -1.6120   2.2263  14.5973   0.0000   0.0000   0.0000
    4370  -2.0224   1.4851  15.2903   0.0000   0.0000   0.0000
    4371  -1.7212   1.7240  14.9236   0.0000   0.0000   0.0000
    4372  -1.3096   1.4198  15.0225   0.0000   0.0000   0.0000
    4373  -0.9700   1.1274  15.4872   0.0000   0.0000   0.0000
    4374  -0.6861   1.6016  15.7279   0.0000   0.0000   0.0000
    4375  -0.7586   2.0583  15.5170   0.0000   0.0000   0.0000
    4376  -1.1792   2.8185  15.6514   0.0000   0.0000   0.0000
    4377  -1.2782   2.0002  15.5905   0.0000   0.0000   0.0000
    4378  -1.3443   2.3474  16.5197   0.0000   0.0000   0.0000
    4379  -1.0532   2.2160  16.0000   0.0000   0.0000   0.0000
    4380  -1.4290   1.9019  16.0270   0.0000   0.0000   0.0000
    4381  -1.3058   1.8631  15.7753   0.0000   0.0000   0.0000
    4382  -0.9421   1.6169  15.8894   0.0000   0.0000   0.0000
    4383  -0.6985   2.1369  16.0268   0.0000   0.0000   0.0000
    4384  -1.8853   1.4136  16.5623   0.0000   0.0000   0.0000
    4385  -0.9537   1.8361  16.7994   0.0000   0.0000   0.0000
    4386  -1.0205   1.3213  16.8054   0.0000   0.0000   0.0000
    4387  -1.7409   1.7284  16.8649   0.0000   0.0000   0.0000
    4388  -1.6111   2.2101  16.1733   0.0000   0.0000   0.0000
    4389  -1.9322   1.3347  16.1892   0.0000   0.0000   0.0000
    4390  -1.1688   1.9295  16.0744   0.0000   0.0000   0.0000
    4391  -2.2854   1.3824  17.0796   0.0000   0.0000   0.0000
    4392  -2.0503   1.4578  16.9739   0.0000   0.0000   0.0000
    4393  -2.1635   1.6138  16.4816   0.0000   0.0000   0.0000
    4394  -1.0002   1.6858  17.1984   0.0000   0.0000   0.0000
    4395  -1.3640   1.9198  17.6131   0.0000   0.0000   0.0000
    4396  -1.0196   1.6058  17.4917   0.0000   0.0000   0.0000
    4397  -1.3197   2.3153  16.7413   0.0000   0.0000   0.0000
    4398  -1.3906   2.4648  16.4279   0.0000   0.0000   0.0000
    4399  -1.4305   2.2931  16.3131   0.0000   0.0000   0.0000
    4400  -0.7999   2.6497  16.7730   0.0000   0.0000   0.0000
    4401  -1.2458   1.6657  16.4364   0.0000   0.0000   0.0000
    4402  -1.2964   1.3803  16.1499   0.0000   0.0000   0.0000
    4403  -1.5780   2.7832  15.7310   0.0000   0.0000   0.0000
    4404  -2.0491   1.5962  15.6796   0.0000   0.0000   0.0000
    4405  -1.7821   2.2205  15.8592   0.0000   0.0000   0.0000
    4406  -2.0846   1.6491  16.2805   0.0000   0.0000   0.0000
    4407  -2.7795   2.5279  15.7246   0.0000   0.0000   0.0000
    4408  -1.4274   2.1502  15.8924   0.0000   0.0000   0.0000
    4409  -2.2911   1.9619  16.2934   0.0000   0.0000   0.0000
    4410  -2.1301   1.3751  17.2731   0.0000   0.0000   0.0000
    4411  -2.5999   1.9919  16.5740   0.0000   0.0000   0.0000
    4412  -3.0994   1.4261  15.8332   0.0000   0.0000   0.0000
    4413  -3.0938   1.3755  16.2514   0.0000   0.0000   0.0000
    4414  -3.0270   1.8246  16.3456   0.0000   0.0000   0.0000
    4415  -2.8654   2.0037  15.8058   0.0000   0.0000   0.0000
    4416  -2.7363   2.4918  15.1572   0.0000   0.0000   0.0000
    4417  -2.0363   2.4168  15.8667   0.0000   0.0000   0.0000
    4418  -2.6535   2.1191  15.7869   0.0000   0.0000   0.0000
    4419  -1.9918   1.3404  15.5688   0.0000   0.0000   0.0000
    4420  -2.9406   1.8588  15.4480   0.0000   0.0000   0.0000
    4421  -2.2476   1.9601  15.1505   0.0000   0.0000   0.0000
    4422  -2.5719   2.6936  15.2346   0.0000   0.0000   0.0000
    4423  -2.9873   2.0952  15.7640   0.0000   0.0000   0.0000
    4424  -2.1599   1.9462  15.6536   0.0000   0.0000   0.0000
    4425  -2.5946   2.1995  15.4225   0.0000   0.0000   0.0000
    4426  -1.4594   1.7279  15.2307   0.0000   0.0000   0.0000
    4427  -1.5815   1.4474  15.7803   0.0000   0.0000   0.0000
    4428  -1.7887   1.9711  15.5835   0.0000   0.0000   0.0000
    4429  -1.6746   1.5842  16.0366   0.0000   0.0000   0.0000
    4430  -1.4099   1.1978  15.6898   0.0000   0.0000   0.0000
    4431  -0.9312   1.5808  16.1707   0.0000   0.0000   0.0000
    4432  -1.1174   1.3424  15.7937   0.0000   0.0000   0.0000
    4433  -1.6662   1.3629  15.9506   0.0000   0.0000   0.0000
    4434  -1.8959   2.0908  16.0452   0.0000   0.0000   0.0000
    4435  -2.4109   1.5495  16.4393   0.0000   0.0000   0.0000
    4436  -2.7506   1.7252  16.1165   0.0000   0.0000   0.0000
    4437  -2.0130   1.1515  16.7462   0.0000   0.0000   0.0000
    4438  -1.6557   1.1393  16.6276   0.0000   0.0000   0.0000
    4439  -1.5304   1.0506  17.0825   0.0000   0.0000   0.0000
    4440  -2.7410   1.2658  16.8708   0.0000   0.0000   0.0000
    4441  -3.1348   0.6180  16.0816   0.0000   0.0000   0.0000
    4442  -2.6979   1.0232  16.4544   0.0000   0.0000   0.0000
    4443  -2.6121   0.4039  16.8949   0.0000   0.0000   0.0000
    4444  -2.7737   0.6616  16.7611   0.0000   0.0000   0.0000
    4445  -2.9934   0.7501  16.8442   0.0000   0.0000   0.0000
    4446  -2.4911   1.1316  16.1874   0.0000   0.0000   0.0000
    4447  -2.8233   1.1962  16.6682   0.0000   0.0000   0.0000
    4448  -3.6457   0.5742  17.3020   0.0000   0.0000   0.0000
    4449  -2.9772   1.2125  16.6181   0.0000   0.0000   0.0000
    4450  -2.7546   0.3480  17.1143   0.0000   0.0000   0.0000
    4451  -1.8250   0.5631  16.4240   0.0000   0.0000   0.0000
    4452  -1.8448   1.1404  16.8503   0.0000   0.0000   0.0000
    4453  -3.0170   0.6203  17.3142   0.0000   0.0000   0.0000
    4454  -0.9684   0.7242  16.6664   0.0000   0.0000   0.0000
    4455  -2.0104   0.2663  17.4450   0.0000   0.0000   0.0000
    4456  -1.7168   1.1740  17.6200   0.0000   0.0000   0.0000
    4457  -1.8456   0.6893  18.3769   0.0000   0.0000   0.0000
    4458  -2.1985   0.2492  17.9084   0.0000   0.0000   0.0000
    4459  -2.3989   1.3434  17.6356   0.0000   0.0000   0.0000
    4460  -2.4059   0.9773  17.0459   0.0000   0.0000   0.0000
    4461  -1.8440   0.5073  17.0073   0.0000   0.0000   0.0000
    4462  -1.7827   0.9474  17.4676   0.0000   0.0000   0.0000
    4463  -2.5493   1.3802  16.0724   0.0000   0.0000   0.0000
    4464  -2.6699   1.4271  16.4809   0.0000   0.0000   0.0000
    4465  -2.5739   0.8860  16.4461   0.0000   0.0000   0.0000
    4466  -2.2215   1.2854  16.5643   0.0000   0.0000   0.0000
    4467  -2.6426   1.7048  16.4412   0.0000   0.0000   0.0000
    4468  -3.1331   1.9168  16.2084   0.0000   0.0000   0.0000
    4469  -2.6496   1.0014  17.1396   0.0000   0.0000   0.0000
    4470  -3.5492   1.1421  17.2534   0.0000   0.0000   0.0000
    4471  -2.5259   1.1754  17.1288   0.0000   0.0000   0.0000
    4472  -2.8849   0.5571  16.9790   0.0000   0.0000   0.0000
    4473  -2.9320   0.9973  17.1586   0.0000   0.0000   0.0000
    4474  -2.6796   1.5412  16.6339   0.0000   0.0000   0.0000
    4475  -1.7651   1.1900  16.8911   0.0000   0.0000   0.0000
    4476  -2.3927   1.7050  16.8293   0.0000   0.0000   0.0000
    4477  -2.4388   0.8588  16.6978   0.0000   0.0000   0.0000
    4478  -2.3016   0.7582  16.1057   0.0000   0.0000   0.0000
    4479  -2.0847   1.1853  17.0084   0.0000   0.0000   0.0000
    4480  -2.9863   2.3685  16.9912   0.0000   0.0000   0.0000
    4481  -1.6907   2.1997  16.9752   0.0000   0.0000   0.0000
    4482  -2.8110   1.7874  16.5905   0.0000   0.0000   0.0000
    4483  -2.2296   1.0275  17.1213   0.0000   0.0000   0.0000
    4484  -2.3954   1.4617  17.2701   0.0000   0.0000   0.0000
    4485  -2.2960   2.6919  16.2761   0.0000   0.0000   0.0000
    4486  -2.2144   1.1855  16.6012   0.0000   0.0000   0.0000
    4487  -3.1935   1.4089  16.2172   0.0000   0.0000   0.0000
    4488  -2.7729   1.6487  16.5543   0.0000   0.0000   0.0000
    4489  -2.8683   1.1725  15.9563   0.0000   0.0000   0.0000
    4490  -3.3123   2.4997  15.4087   0.0000   0.0000   0.0000
    4491  -2.9741   2.3611  16.6565   0.0000   0.0000   0.0000
    4492  -2.4222   1.6906  15.9712   0.0000   0.0000   0.0000
    4493  -2.3982   1.4486  16.5123   0.0000   0.0000   0.0000
    4494  -2.0725   1.8879  17.3022   0.0000   0.0000   0.0000
    4495  -2.0876   2.0329  17.5718   0.0000   0.0000   0.0000
    4496  -2.6376   1.9288  16.4372   0.0000   0.0000   0.0000
    4497  -2.1884   1.5287  16.2422   0.0000   0.0000   0.0000
    4498  -1.4273   1.3613  17.1258   0.0000   0.0000   0.0000
    4499  -1.5039   1.5932  16.4874   0.0000   0.0000   0.0000
    4500  -2.0856   1.4600  16.2084   0.0000   0.0000   0.0000
    4501  -2.4670   1.6814  16.3651   0.0000   0.0000   0.0000
    4502  -2.0786   0.8610  16.3382   0.0000   0.0000   0.0000
    4503  -2.4501   1.0756  16.3514   0.0000   0.0000   0.0000
    4504  -1.8108   1.2212  15.9415   0.0000   0.0000   0.0000
    4505  -2.3618   1.7257  15.5138   0.0000   0.0000   0.0000
    4506  -1.5558   1.2777  15.8100   0.0000   0.0000   0.0000
    4507  -2.0033   0.7629  15.9304   0.0000   0.0000   0.0000
    4508  -2.1354   1.4541  15.0311   0.0000   0.0000   0.0000
    4509  -1.0035   1.1402  15.3385   0.0000   0.0000   0.0000
    4510  -0.8027   1.5427  15.6426   0.0000   0.0000   0.0000
    4511  -1.2065   0.5388  14.8341   0.0000   0.0000   0.0000
    4512  -0.4247   0.2927  15.3936   0.0000   0.0000   0.0000
    4513  -1.5653   0.1664  15.1909   0.0000   0.0000   0.0000
    4514  -1.0963   0.9132  15.0849   0.0000   0.0000   0.0000
    4515  -1.6365   0.8687  15.6356   0.0000   0.0000   0.0000
    4516  -1.6335  -0.0559  16.4234   0.0000   0.0000   0.0000
    4517  -1.4099  -0.0584  14.7302   0.0000   0.0000   0.0000
    4518  -1.8422   0.2830  15.0290   0.0000   0.0000   0.0000
    4519  -1.3830   0.2798  14.8429   0.0000   0.0000   0.0000
    4520  -1.2709   0.4237  14.6740   0.0000   0.0000   0.0000
    4521  -1.6609   0.5277  15.3273   0.0000   0.0000   0.0000
    4522  -2.0073   0.8502  15.2551   0.0000   0.0000   0.0000
    4523  -1.1647   0.6178  15.9174   0.0000   0.0000   0.0000
    4524  -1.7463   0.1818  15.9553   0.0000   0.0000   0.0000
    4525  -0.4529   0.7628  15.6217   0.0000   0.0000   0.0000
    4526  -1.5468   0.6021  15.1183   0.0000   0.0000   0.0000
    4527  -1.4232   0.8866  15.0965   0.0000   0.0000   0.0000
    4528  -1.4655   1.0363  14.6393   0.0000   0.0000   0.0000
    4529  -0.7375   0.6458  15.9687   0.0000   0.0000   0.0000
    4530  -0.9801   1.2546  15.3342   0.0000   0.0000   0.0000
    4531  -0.8043   1.5643  15.4234   0.0000   0.0000   0.0000
    4532   0.0283   1.1833  14.6644   0.0000   0.0000   0.0000
    4533   0.2339   1.1256  14.5102   0.0000   0.0000   0.0000
    4534  -0.6581   0.3576  14.9168   0.0000   0.0000   0.0000
    4535  -0.8817   1.0517  15.0131   0.0000   0.0000   0.0000
    4536  -1.4476   1.5627  15.3947   0.0000   0.0000   0.0000
    4537  -0.8230   1.8584  14.5029   0.0000   0.0000   0.0000
    4538  -1.5615   2.8471  14.6492   0.0000   0.0000   0.0000
    4539  -0.3383   2.6230  14.7580   0.0000   0.0000   0.0000
    4540  -1.7600   2.5345  14.8212   0.0000   0.0000   0.0000
    4541  -1.6637   2.3139  14.4448   0.0000   0.0000   0.0000
    4542  -0.3801   1.8792  14.8150   0.0000   0.0000   0.0000
    4543  -0.2266   2.2986  14.9521   0.0000   0.0000   0.0000
    4544  -0.7194   1.7581  14.8275   0.0000   0.0000   0.0000
    4545  -0.4663   2.3709  14.7313   0.0000   0.0000   0.0000
    4546  -0.7513   1.8991  15.1748   0.0000   0.0000   0.0000
    4547  -1.4403   1.9525  14.7679   0.0000   0.0000   0.0000
    4548   0.0435   1.2693  16.0706   0.0000   0.0000   0.0000
    4549  -0.0871   1.8003  15.7146   0.0000   0.0000   0.0000
    4550   0.2659   1.5397  15.7197   0.0000   0.0000   0.0000
    4551   1.4571   0.4715  15.1390   0.0000   0.0000   0.0000
    4552   1.1519   0.7708  15.4187   0.0000   0.0000   0.0000
    4553   0.1484   1.3588  15.9637   0.0000   0.0000   0.0000
    4554  -0.0799   1.4577  15.3057   0.0000   0.0000   0.0000
    4555  -0.1098   2.0004  15.4245   0.0000   0.0000   0.0000
    4556  -1.1463   1.1580  16.3738   0.0000   0.0000   0.0000
    4557   0.0253   1.0149  15.9309   0.0000   0.0000   0.0000
    4558  -0.4137   0.7324  15.7019   0.0000   0.0000   0.0000
    4559  -0.0434   1.1423  15.2552   0.0000   0.0000   0.0000
    4560   1.4529   1.0418  16.2647   0.0000   0.0000   0.0000
    4561   0.9774   0.2404  15.9266   0.0000   0.0000   0.0000
    4562   1.0341   0.2452  16.0232   0.0000   0.0000   0.0000
    4563   1.4819   0.3418  16.7159   0.0000   0.0000   0.0000
    4564   1.2541   0.4378  16.2202   0.0000   0.0000   0.0000
    4565   1.1908   0.5665  15.4165   0.0000   0.0000   0.0000
    4566   1.1002   0.8981  15.1583   0.0000   0.0000   0.0000
    4567   0.3638   0.5919  15.5652   0.0000   0.0000   0.0000
    4568   1.1087   0.3696  15.6623   0.0000   0.0000   0.0000
    4569   0.2876   0.4426  15.0241   0.0000   0.0000   0.0000
    4570   0.9880   0.4751  15.1037   0.0000   0.0000   0.0000
    4571   0.0152   0.6029  14.9305   0.0000   0.0000   0.0000
    4572   0.7607   0.6377  14.8534   0.0000   0.0000   0.0000
    4573   0.6532  -0.1859  15.1803   0.0000   0.0000   0.0000
    4574   1.2904   1.0743  15.5379   0.0000   0.0000   0.0000
    4575   0.4812  -0.3735  15.6794   0.0000   0.0000   0.0000
    4576   0.9167   0.0673  15.6860   0.0000   0.0000   0.0000
    4577   0.5471  -0.7780  15.2480   0.0000   0.0000   0.0000
    4578   0.1135   0.0917  15.8066   0.0000   0.0000   0.0000
    4579   0.5165  -0.1698  15.4183   0.0000   0.0000   0.0000
    4580   0.8368  -0.2343  16.0650   0.0000   0.0000   0.0000
    4581  -0.4585   0.8444  15.4275   0.0000   0.0000   0.0000
    4582  -0.7014   0.3952  15.4851   0.0000   0.0000   0.0000
    4583  -0.2463   0.5373  15.3920   0.0000   0.0000   0.0000
    4584  -0.3725   0.7889  15.7498   0.0000   0.0000   0.0000
    4585  -0.2261   0.6614  16.3464   0.0000   0.0000   0.0000
    4586   0.1193   0.4154  15.3555   0.0000   0.0000   0.0000
    4587  -0.2427   0.6240  15.0654   0.0000   0.0000   0.0000
    4588   0.3600   0.4810  15.6668   0.0000   0.0000   0.0000
    4589  -0.0240   0.3947  15.1036   0.0000   0.0000   0.0000
    4590  -0.2539   0.7334  15.6709   0.0000   0.0000   0.0000
    4591  -0.4078   0.8617  15.9861   0.0000   0.0000   0.0000
    4592  -0.1639   1.3640  15.2476   0.0000   0.0000   0.0000
    4593  -0.5636   0.9004  14.7819   0.0000   0.0000   0.0000
    4594  -0.1887   1.5413  15.0134   0.0000   0.0000   0.0000
    4595  -0.1818   1.1406  14.7696   0.0000   0.0000   0.0000
    4596  -0.2015   1.6467  14.3673   0.0000   0.0000   0.0000
    4597  -0.5377   1.7977  13.6726   0.0000   0.0000   0.0000
    4598  -0.4729   0.5795  14.0826   0.0000   0.0000   0.0000
    4599  -0.7168   0.7363  14.2381   0.0000   0.0000   0.0000
    4600  -0.2902   0.5842  14.1665   0.0000   0.0000   0.0000
    4601  -0.3110   1.7165  14.1481   0.0000   0.0000   0.0000
    4602  -0.2447   0.7986  14.5458   0.0000   0.0000   0.0000
    4603  -0.0979   0.3375  15.2665   0.0000   0.0000   0.0000
    4604  -0.4359   0.6233  14.7306   0.0000   0.0000   0.0000
    4605  -0.2816  -0.0213  14.9638   0.0000   0.0000   0.0000
    4606   0.0191   0.4493  14.3529   0.0000   0.0000   0.0000
    4607   0.0691  -0.0515  15.0050   0.0000   0.0000   0.0000
    4608  -0.0011   0.7300  15.5999   0.0000   0.0000   0.0000
    4609   0.3362   1.1267  14.6799   0.0000   0.0000   0.0000
    4610  -0.5495   0.5817  14.2368   0.0000   0.0000   0.0000
    4611   0.3262   1.2519  15.5848   0.0000   0.0000   0.0000
    4612   0.4890   1.4088  15.2511   0.0000   0.0000   0.0000
    4613   0.3109   1.2953  16.4680   0.0000   0.0000   0.0000
    4614  -0.3008   0.8266  15.6592   0.0000   0.0000   0.0000
    4615  -0.8963   0.5968  15.0554   0.0000   0.0000   0.0000
    4616  -0.1232   1.3324  15.1024   0.0000   0.0000   0.0000
    4617  -0.3344   1.3525  14.9034   0.0000   0.0000   0.0000
    4618  -0.3367   1.4367  15.2090   0.0000   0.0000   0.0000
    4619   0.0019   1.1779  15.3411   0.0000   0.0000   0.0000
    4620   0.4788   1.5950  15.7556   0.0000   0.0000   0.0000
    4621   0.4334   1.8276  15.1147   0.0000   0.0000   0.0000
    4622  -0.2569   1.3710  14.8376   0.0000   0.0000   0.0000
    4623   0.4215   1.7809  15.3740   0.0000   0.0000   0.0000
    4624  -0.4950   2.4620  14.3096   0.0000   0.0000   0.0000
    4625  -0.1775   1.5335  14.9419   0.0000   0.0000   0.0000
    4626   0.3438   2.7573  15.1459   0.0000   0.0000   0.0000
    4627  -0.0714   1.3023  14.3460   0.0000   0.0000   0.0000
    4628   0.1385   1.6999  15.1267   0.0000   0.0000   0.0000
    4629  -1.1662   1.7462  15.3083   0.0000   0.0000   0.0000
    4630  -1.2688   1.1421  15.3797   0.0000   0.0000   0.0000
    4631  -1.4393   1.2347  15.2940   0.0000   0.0000   0.0000
    4632  -0.2723   0.8094  16.1038   0.0000   0.0000   0.0000
    4633  -0.5716   1.5748  14.9493   0.0000   0.0000   0.0000
    4634  -0.2239   0.9918  14.8295   0.0000   0.0000   0.0000
    4635  -0.3775   0.7204  15.3031   0.0000   0.0000   0.0000
    4636   0.0327  -0.0299  16.0412   0.0000   0.0000   0.0000
    4637  -0.3345   0.0690  15.2199   0.0000   0.0000   0.0000
    4638  -0.0220  -0.1893  14.9625   0.0000   0.0000   0.0000
    4639  -0.0913   0.0341  15.2461   0.0000   0.0000   0.0000
    4640  -0.5600   0.0228  15.9824   0.0000   0.0000   0.0000
    4641  -0.9052  -0.0453  15.8365   0.0000   0.0000   0.0000
    4642  -0.7593  -1.0231  15.4709   0.0000   0.0000   0.0000
    4643  -0.3428   0.1665  15.1909   0.0000   0.0000   0.0000
    4644  -0.2098   0.3541  16.2379   0.0000   0.0000   0.0000
    4645   0.7543   0.2355  16.0759   0.0000   0.0000   0.0000
    4646   0.7820   0.5128  15.5106   0.0000   0.0000   0.0000
    4647  -0.8247   1.6002  15.2731   0.0000   0.0000   0.0000
    4648  -0.7864   1.3132  15.3305   0.0000   0.0000   0.0000
    4649  -0.0650   0.1511  15.1708   0.0000   0.0000   0.0000
    4650  -0.5712   0.4469  16.2753   0.0000   0.0000   0.0000
    4651  -0.5927   0.4773  16.2182   0.0000   0.0000   0.0000
    4652  -0.7060   0.4137  15.7611   0.0000   0.0000   0.0000
    4653  -0.6377   0.4370  15.6127   0.0000   0.0000   0.0000
    4654  -1.4239   1.2130  14.9427   0.0000   0.0000   0.0000
    4655  -0.2020   1.5863  15.4468   0.0000   0.0000   0.0000
    4656  -0.6891   1.4982  15.5235   0.0000   0.0000   0.0000
    4657  -0.2470   1.8388  14.9788   0.0000   0.0000   0.0000
    4658  -0.0927   1.2241  15.7800   0.0000   0.0000   0.0000
    4659  -0.2483   1.1962  15.1395   0.0000   0.0000   0.0000
    4660  -1.4682   0.7066  15.5705   0.0000   0.0000   0.0000
    4661  -0.8496   1.5116  14.5159   0.0000   0.0000   0.0000
    4662   0.1246   1.4804  14.9347   0.0000   0.0000   0.0000
    4663  -0.9600   1.8920  14.4413   0.0000   0.0000   0.0000
    4664  -0.8588   1.3561  14.4813   0.0000   0.0000   0.0000
    4665  -0.5196   1.0172  14.3747   0.0000   0.0000   0.0000
    4666  -0.3779   1.3048  14.6256   0.0000   0.0000   0.0000
    4667  -0.2551   1.0126  14.4375   0.0000   0.0000   0.0000
    4668  -0.3663   0.6048  14.2291   0.0000   0.0000   0.0000
    4669   0.1046   0.2008  14.5414   0.0000   0.0000   0.0000
    4670   0.4421   0.2656  13.9057   0.0000   0.0000   0.0000
    4671  -0.2299   0.6322  13.8454   0.0000   0.0000   0.0000
    4672  -1.1444   0.2108  14.1954   0.0000   0.0000   0.0000
    4673  -0.4051   0.4711  14.6081   0.0000   0.0000   0.0000
    4674  -0.7251  -0.1128  15.0338   0.0000   0.0000   0.0000
    4675   0.0341   0.1530  15.2150   0.0000   0.0000   0.0000
    4676  -0.4121   1.2768  15.0017   0.0000   0.0000   0.0000
    4677  -0.0561   1.4880  14.4778   0.0000   0.0000   0.0000
    4678  -1.2693   1.1768  13.9102   0.0000   0.0000   0.0000
    4679  -1.6032   0.8657  14.1155   0.0000   0.0000   0.0000
    4680  -0.4865   1.5012  14.3950   0.0000   0.0000   0.0000
    4681   0.0434   2.6360  14.7704   0.0000   0.0000   0.0000
    4682  -0.2785   2.1235  14.7107   0.0000   0.0000   0.0000
    4683  -0.8679   2.3212  14.4569   0.0000   0.0000   0.0000
    4684  -0.8263   2.2522  14.2859   0.0000   0.0000   0.0000
    4685  -1.0025   1.7758  14.4223   0.0000   0.0000   0.0000
    4686  -1.3784   1.7221  14.4680   0.0000   0.0000   0.0000
    4687  -1.4568   1.6713  14.7361   0.0000   0.0000   0.0000
    4688  -1.9616   1.2358  15.6830   0.0000   0.0000   0.0000
    4689  -1.3252   1.4692  15.4242   0.0000   0.0000   0.0000
    4690  -1.6373   1.2538  15.6702   0.0000   0.0000   0.0000
    4691  -1.2726   1.8245  15.9272   0.0000   0.0000   0.0000
    4692  -1.2080   1.8362  15.0935   0.0000   0.0000   0.0000
    4693  -2.1025   1.5911  15.0661   0.0000   0.0000   0.0000
    4694  -1.3715   2.6883  14.5383   0.0000   0.0000   0.0000
    4695  -0.9667   2.8566  14.0027   0.0000   0.0000   0.0000
    4696  -1.3171   1.9607  14.8599   0.0000   0.0000   0.0000
    4697  -0.6539   2.9666  15.2383   0.0000   0.0000   0.0000
    4698  -1.9816   1.7347  15.0596   0.0000   0.0000   0.0000
    4699  -0.7681   2.6924  15.6100   0.0000   0.0000   0.0000
    4700  -0.8820   2.4077  15.4281   0.0000   0.0000   0.0000
    4701  -0.5834   1.8328  14.5602   0.0000   0.0000   0.0000
    4702  -0.9548   1.4677  15.2010   0.0000   0.0000   0.0000
    4703  -1.7880   1.5189  15.0094   0.0000   0.0000   0.0000
    4704  -1.1990   2.2120  15.1670   0.0000   0.0000   0.0000
    4705  -1.1599   2.2693  15.0940   0.0000   0.0000   0.0000
    4706  -1.0294   1.8847  14.8561   0.0000   0.0000   0.0000
    4707   0.6293   2.2186  14.6353   0.0000   0.0000   0.0000
    4708  -0.4705   1.6950  15.0078   0.0000   0.0000   0.0000
    4709   0.1203   2.7926  15.2709   0.0000   0.0000   0.0000
    4710   0.7690   2.5496  14.9367   0.0000   0.0000   0.0000
    4711  -0.5391   2.6301  16.0456   0.0000   0.0000   0.0000
    4712  -0.5040   2.5860  15.6302   0.0000   0.0000   0.0000
    4713  -1.4435   1.9692  15.0856   0.0000   0.0000   0.0000
    4714  -0.1599   2.5489  14.9563   0.0000   0.0000   0.0000
    4715  -0.0059   3.9286  14.9184   0.0000   0.0000   0.0000
    4716  -1.6084   3.6277  15.1581   0.0000   0.0000   0.0000
    4717  -1.3081   3.5881  13.9796   0.0000   0.0000   0.0000
    4718  -0.7616   3.7146  14.2147   0.0000   0.0000   0.0000
    4719  -0.2455   3.3167  14.3116   0.0000   0.0000   0.0000
    4720  -1.2022   3.4542  14.4790   0.0000   0.0000   0.0000
    4721  -2.1888   3.0760  14.1774   0.0000   0.0000   0.0000
    4722  -1.5409   3.2742  14.5526   0.0000   0.0000   0.0000
    4723  -0.5517   2.5379  14.7397   0.0000   0.0000   0.0000
    4724  -0.8632   3.3037  14.8943   0.0000   0.0000   0.0000
    4725  -0.2588   2.8081  15.2016   0.0000   0.0000   0.0000
    4726  -0.9093   2.6922  14.6052   0.0000   0.0000   0.0000
    4727  -1.2271   2.7041  15.1990   0.0000   0.0000   0.0000
    4728  -0.4891   2.4738  15.0225   0.0000   0.0000   0.0000
    4729  -1.0589   2.7914  14.8951   0.0000   0.0000   0.0000
    4730  -1.8270   2.6212  14.9983   0.0000   0.0000   0.0000
    4731  -1.1545   2.8508  14.9613   0.0000   0.0000   0.0000
    4732  -1.0047   2.4730  15.1939   0.0000   0.0000   0.0000
    4733  -1.6479   2.2694  14.2346   0.0000   0.0000   0.0000
    4734  -2.1126   2.3460  14.2022   0.0000   0.0000   0.0000
    4735  -1.2714   3.5866  14.2462   0.0000   0.0000   0.0000
    4736  -1.5604   3.2559  13.6242   0.0000   0.0000   0.0000
    4737  -1.6704   3.3456  13.9477   0.0000   0.0000   0.0000
    4738  -1.2181   3.5195  13.8587   0.0000   0.0000   0.0000
    4739  -1.4575   2.3642  13.7823   0.0000   0.0000   0.0000
    4740  -1.4874   2.8028  13.4103   0.0000   0.0000   0.0000
    4741  -1.6586   2.8626  13.5812   0.0000   0.0000   0.0000
    4742  -1.9521   2.4483  14.2792   0.0000   0.0000   0.0000
    4743  -1.8128   2.9732  13.8537   0.0000   0.0000   0.0000
    4744  -1.1742   3.4269  14.0861   0.0000   0.0000   0.0000
    4745  -1.1194   2.2744  14.0161   0.0000   0.0000   0.0000
    4746  -1.0328   2.2209  15.3764   0.0000   0.0000   0.0000
    4747  -0.5336   2.3450  14.8585   0.0000   0.0000   0.0000
    4748  -1.9367   2.2916  13.7413   0.0000   0.0000   0.0000
    4749  -2.2655   2.1174  14.8600   0.0000   0.0000   0.0000
    4750  -1.9788   2.3424  14.8015   0.0000   0.0000   0.0000
    4751  -2.1099   2.7353  14.9246   0.0000   0.0000   0.0000
    4752  -2.3504   2.8972  13.9603   0.0000   0.0000   0.0000
    4753  -1.2004   2.5065  14.1544   0.0000   0.0000   0.0000
    4754  -1.4295   2.7363  13.9605   0.0000   0.0000   0.0000
    4755  -1.1005   2.3975  14.0467   0.0000   0.0000   0.0000
    4756  -1.1059   2.1521  13.5066   0.0000   0.0000   0.0000
    4757  -0.8715   2.5844  13.8522   0.0000   0.0000   0.0000
    4758  -0.8553   2.5436  13.4397   0.0000   0.0000   0.0000
    4759  -1.8288   2.0838  13.0964   0.0000   0.0000   0.0000
    4760  -1.3422   2.8050  13.3817   0.0000   0.0000   0.0000
    4761  -1.2076   2.2371  12.7319   0.0000   0.0000   0.0000
    4762  -2.1389   1.7267  12.6718   0.0000   0.0000   0.0000
    4763  -0.5567   1.7698  12.9346   0.0000   0.0000   0.0000
    4764  -1.2160   2.0941  13.6163   0.0000   0.0000   0.0000
    4765  -1.1392   2.6783  12.6154   0.0000   0.0000   0.0000
    4766  -1.5772   2.6967  12.8550   0.0000   0.0000   0.0000
    4767  -2.0982   2.5043  13.5951   0.0000   0.0000   0.0000
    4768  -1.2581   2.4861  13.1289   0.0000   0.0000   0.0000
    4769  -1.4672   1.7911  13.7808   0.0000   0.0000   0.0000
    4770  -1.7459   1.9165  13.0838   0.0000   0.0000   0.0000
    4771  -0.7260   1.2660  12.7120   0.0000   0.0000   0.0000
    4772  -1.2815   1.5846  12.7559   0.0000   0.0000   0.0000
    4773  -1.1745   1.0839  13.3494   0.0000   0.0000   0.0000
    4774  -1.7044   2.0198  12.8338   0.0000   0.0000   0.0000
    4775  -0.7518   1.9786  13.7708   0.0000   0.0000   0.0000
    4776  -1.2949   2.2773  13.5817   0.0000   0.0000   0.0000
    4777  -1.0622   2.4668  13.8414   0.0000   0.0000   0.0000
    4778  -1.3390   2.6431  14.1154   0.0000   0.0000   0.0000
    4779  -0.6762   2.8007  14.7103   0.0000   0.0000   0.0000
    4780  -0.7612   2.3130  15.1777   0.0000   0.0000   0.0000
    4781  -1.1512   2.0874  15.3447   0.0000   0.0000   0.0000
    4782  -1.9831   2.0022  14.2367   0.0000   0.0000   0.0000
    4783  -1.4116   1.4311  14.6857   0.0000   0.0000   0.0000
    4784  -1.3699   0.7194  15.1138   0.0000   0.0000   0.0000
    4785  -0.6150   0.3165  14.7946   0.0000   0.0000   0.0000
    4786  -0.9535   1.5905  14.5823   0.0000   0.0000   0.0000
    4787  -0.4015   1.9706  14.0767   0.0000   0.0000   0.0000
    4788  -1.0445   1.2928  14.9322   0.0000   0.0000   0.0000
    4789   0.6869   1.8883  15.4294   0.0000   0.0000   0.0000
    4790   0.9969   1.3871  15.8592   0.0000   0.0000   0.0000
    4791   0.4697   0.9464  15.5396   0.0000   0.0000   0.0000
    4792   0.0225   1.2703  15.3960   0.0000   0.0000   0.0000
    4793   0.6212   0.9573  16.0039   0.0000   0.0000   0.0000
    4794   0.5264   1.4426  15.0958   0.0000   0.0000   0.0000
    4795  -0.4413   2.0365  14.0818   0.0000   0.0000   0.0000
    4796   1.0066   1.5500  15.3100   0.0000   0.0000   0.0000
    4797   0.5722   0.8058  15.3114   0.0000   0.0000   0.0000
    4798   0.9092   1.5037  14.9776   0.0000   0.0000   0.0000
    4799   0.0573   1.5843  14.6327   0.0000   0.0000   0.0000
    4800   0.5511   0.9290  15.3768   0.0000   0.0000   0.0000
    4801  -0.0862   1.2287  14.5461   0.0000   0.0000   0.0000
    4802  -0.1032   0.6102  15.2187   0.0000   0.0000   0.0000
    4803   0.6588   1.3021  14.9716   0.0000   0.0000   0.0000
    4804   0.9336   1.9386  14.9892   0.0000   0.0000   0.0000
    4805   1.3495   0.8892  15.0308   0.0000   0.0000   0.0000
    4806   1.4251   1.7441  14.8683   0.0000   0.0000   0.0000
    4807   0.3495   2.0918  14.1524   0.0000   0.0000   0.0000
    4808   0.4410   1.4672  14.1416   0.0000   0.0000   0.0000
    4809   0.6966   0.7863  13.7066   0.0000   0.0000   0.0000
    4810   1.1135   1.2483  14.3659   0.0000   0.0000   0.0000
    4811   0.8936   0.9490  14.5640   0.0000   0.0000   0.0000
    4812   0.4167   1.0886  14.4740   0.0000   0.0000   0.0000
    4813   0.7114   1.5357  14.4027   0.0000   0.0000   0.0000
    4814   1.5527   0.2789  14.3163   0.0000   0.0000   0.0000
    4815  -0.1449   1.4877  13.5522   0.0000   0.0000   0.0000
    4816   0.2392   0.3636  13.6955   0.0000   0.0000   0.0000
    4817   1.0809   0.7732  13.7642   0.0000   0.0000   0.0000
    4818  -0.0884   0.1232  14.3103   0.0000   0.0000   0.0000
    4819   0.1472   0.3915  14.3826   0.0000   0.0000   0.0000
    4820   0.0686  -0.1334  14.1488   0.0000   0.0000   0.0000
    4821   0.9619   0.2130  14.1432   0.0000   0.0000   0.0000
    4822   1.2419   0.2655  13.9171   0.0000   0.0000   0.0000
    4823   1.3317   0.3945  13.8545   0.0000   0.0000   0.0000
    4824   1.4446  -0.2560  14.3687   0.0000   0.0000   0.0000
    4825   1.8060  -0.4981  14.6322   0.0000   0.0000   0.0000
    4826   1.4776   0.3296  14.4574   0.0000   0.0000   0.0000
    4827   0.8385   0.2657  15.2680   0.0000   0.0000   0.0000
    4828   0.5456   0.1638  15.0377   0.0000   0.0000   0.0000
    4829   0.5556   0.0459  14.5715   0.0000   0.0000   0.0000
    4830   0.5411   0.9550  14.4934   0.0000   0.0000   0.0000
    4831   0.4363   0.0462  14.3534   0.0000   0.0000   0.0000
    4832   0.2877   0.6073  14.1184   0.0000   0.0000   0.0000
    4833   0.6221   0.6749  14.7172   0.0000   0.0000   0.0000
    4834   0.3226   0.2846  13.7581   0.0000   0.0000   0.0000
    4835  -0.2637   0.4593  13.4677   0.0000   0.0000   0.0000
    4836  -0.1767   0.4808  13.2955   0.0000   0.0000   0.0000
    4837  -1.1995   0.2771  13.6411   0.0000   0.0000   0.0000
    4838  -1.5272   1.7045  13.5679   0.0000   0.0000   0.0000
    4839  -0.4363   1.7682  13.7427   0.0000   0.0000   0.0000
    4840  -1.0276   1.1376  13.6794   0.0000   0.0000   0.0000
    4841  -0.3108   0.4658  14.2274   0.0000   0.0000   0.0000
    4842  -0.9516   1.3019  13.9150   0.0000   0.0000   0.0000
    4843  -0.4716   1.9291  13.8444   0.0000   0.0000   0.0000
    4844  -0.5272   0.8034  12.9809   0.0000   0.0000   0.0000
    4845  -0.9408   2.0910  14.0962   0.0000   0.0000   0.0000
    4846  -0.0868   1.3952  13.8702   0.0000   0.0000   0.0000
    4847  -1.0380   1.4840  13.5059   0.0000   0.0000   0.0000
    4848  -0.2171   1.2682  12.8332   0.0000   0.0000   0.0000
    4849  -0.0170   0.4681  13.6088   0.0000   0.0000   0.0000
    4850  -0.6101   1.7588  14.3084   0.0000   0.0000   0.0000
    4851  -0.8263   1.3884  14.3713   0.0000   0.0000   0.0000
    4852  -0.6699   1.7923  14.5679   0.0000   0.0000   0.0000
    4853  -0.6614   1.8851  14.1718   0.0000   0.0000   0.0000
    4854  -0.4498   1.1664  14.6803   0.0000   0.0000   0.0000
    4855  -0.4417   1.5770  15.1252   0.0000   0.0000   0.0000
    4856  -0.9844   1.9175  15.2007   0.0000   0.0000   0.0000
    4857  -0.2663   1.4620  14.7266   0.0000   0.0000   0.0000
    4858  -0.9864   1.4329  15.1437   0.0000   0.0000   0.0000
    4859  -0.5437   2.3929  15.8851   0.0000   0.0000   0.0000
    4860  -0.4254   2.4017  15.5989   0.0000   0.0000   0.0000
    4861  -0.4803   2.4699  14.8395   0.0000   0.0000   0.0000
    4862  -1.0048   1.8141  14.6645   0.0000   0.0000   0.0000
    4863  -0.9481   1.9101  14.8294   0.0000   0.0000   0.0000
    4864  -1.1842   1.6307  14.4520   0.0000   0.0000   0.0000
    4865  -1.5446   1.0219  14.2807   0.0000   0.0000   0.0000
    4866  -1.5429   0.7422  14.8551   0.0000   0.0000   0.0000
    4867  -1.3134   1.0251  14.4287   0.0000   0.0000   0.0000
    4868  -0.8990   1.1033  14.8515   0.0000   0.0000   0.0000
    4869  -1.1929   0.8387  14.8277   0.0000   0.0000   0.0000
    4870  -0.9798   1.1755  14.5520   0.0000   0.0000   0.0000
    4871  -1.4451   1.6435  14.5123   0.0000   0.0000   0.0000
    4872  -0.8383   2.0767  15.6144   0.0000   0.0000   0.0000
    4873  -1.1617   0.3548  15.4808   0.0000   0.0000   0.0000
    4874  -1.2513   0.6365  14.6768   0.0000   0.0000   0.0000
    4875  -1.2892   0.7830  14.1296   0.0000   0.0000   0.0000
    4876  -1.7040  -0.2569  14.0680   0.0000   0.0000   0.0000
    4877  -1.7083   0.7421  13.8828   0.0000   0.0000   0.0000
    4878  -1.0247   1.0395  13.9674   0.0000   0.0000   0.0000
    4879  -1.4732   0.3875  14.5488   0.0000   0.0000   0.0000
    4880  -2.1607   0.0926  13.6250   0.0000   0.0000   0.0000
    4881  -2.4551   0.6324  13.6690   0.0000   0.0000   0.0000
    4882  -1.7175  -0.4107  14.2459   0.0000   0.0000   0.0000
    4883  -0.5553   1.0320  15.3255   0.0000   0.0000   0.0000
    4884  -1.3481  -0.0292  14.6402   0.0000   0.0000   0.0000
    4885  -1.0497   0.5109  13.8475   0.0000   0.0000   0.0000
    4886  -1.4933   1.4927  14.3037   0.0000   0.0000   0.0000
    4887  -1.6167   0.9465  13.9997   0.0000   0.0000   0.0000
    4888  -1.7827   1.6673  13.2418   0.0000   0.0000   0.0000
    4889  -1.9624   1.3394  13.3076   0.0000   0.0000   0.0000
    4890  -1.3018   0.3145  14.0509   0.0000   0.0000   0.0000
    4891  -1.0768   0.1084  14.1253   0.0000   0.0000   0.0000
    4892  -0.6660   0.3422  13.9819   0.0000   0.0000   0.0000
    4893  -1.0325   0.5333  14.4594   0.0000   0.0000   0.0000
    4894  -0.9853   0.4098  14.6865   0.0000   0.0000   0.0000
    4895  -1.4845   0.2521  14.3603   0.0000   0.0000   0.0000
    4896  -1.3983   0.2502  14.2742   0.0000   0.0000   0.0000
    4897  -0.8385  -0.2870  14.1821   0.0000   0.0000   0.0000
    4898  -1.0437   0.6083  13.8869   0.0000   0.0000   0.0000
    4899  -0.7047  -0.2101  14.3340   0.0000   0.0000   0.0000
    4900  -0.8126  -0.1167  13.8016   0.0000   0.0000   0.0000
    4901  -0.7084   0.1076  13.8909   0.0000   0.0000   0.0000
    4902  -0.8235   0.9488  13.5715   0.0000   0.0000   0.0000
    4903  -1.2635   0.4236  14.5998   0.0000   0.0000   0.0000
    4904  -0.7143   0.3971  13.9960   0.0000   0.0000   0.0000
    4905  -0.9281   0.6223  14.4238   0.0000   0.0000   0.0000
    4906  -0.2914   0.3990  14.5783   0.0000   0.0000   0.0000
    4907  -0.6238  -0.0082  14.8784   0.0000   0.0000   0.0000
    4908  -0.5799   0.1991  14.3799   0.0000   0.0000   0.0000
    4909  -0.9008   0.3923  14.2356   0.0000   0.0000   0.0000
    4910  -0.7884   0.5586  14.2077   0.0000   0.0000   0.0000
    4911  -0.4325   0.8959  13.7811   0.0000   0.0000   0.0000
    4912  -0.2509   1.3450  14.3640   0.0000   0.0000   0.0000
    4913  -0.5053   0.8793  14.3917   0.0000   0.0000   0.0000
    4914  -0.7753  -0.0572  13.6399   0.0000   0.0000   0.0000
    4915  -0.6673  -0.3426  13.5007   0.0000   0.0000   0.0000
    4916  -1.0818   0.1777  13.7202   0.0000   0.0000   0.0000
    4917  -0.9927   0.7001  14.0444   0.0000   0.0000   0.0000
    4918  -1.5041   0.9392  14.5953   0.0000   0.0000   0.0000
    4919  -1.4101   1.2917  13.9412   0.0000   0.0000   0.0000
    4920  -1.7607   1.6091  13.5922   0.0000   0.0000   0.0000
    4921  -1.9156   1.1612  13.9738   0.0000   0.0000   0.0000
    4922  -0.2629   1.2160  14.0748   0.0000   0.0000   0.0000
    4923  -0.8039   1.5957  14.4088   0.0000   0.0000   0.0000
    4924  -0.7663   2.3410  14.6425   0.0000   0.0000   0.0000
    4925  -1.2074   1.2455  14.5296   0.0000   0.0000   0.0000
    4926  -1.0592   1.7182  14.0618   0.0000   0.0000   0.0000
    4927  -1.5014   1.5088  14.4600   0.0000   0.0000   0.0000
    4928  -1.4013   0.5141  14.4102   0.0000   0.0000   0.0000
    4929  -1.1319   1.2385  14.7898   0.0000   0.0000   0.0000
    4930  -1.3082   1.0874  14.8921   0.0000   0.0000   0.0000
    4931  -1.0992   1.3644  14.4794   0.0000   0.0000   0.0000
    4932  -0.5848   0.3601  14.7268   0.0000   0.0000   0.0000
    4933  -1.0447   1.5831  14.9932   0.0000   0.0000   0.0000
    4934  -1.5450   0.9548  15.0883   0.0000   0.0000   0.0000
    4935  -1.4380   1.0614  14.7057   0.0000   0.0000   0.0000
    4936  -1.3995   1.4383  14.4394   0.0000   0.0000   0.0000
    4937  -1.2388   0.8845  15.0542   0.0000   0.0000   0.0000
    4938  -1.4971   1.2032  15.4746   0.0000   0.0000   0.0000
    4939  -1.5776   0.2564  15.5300   0.0000   0.0000   0.0000
    4940  -1.3568   1.1304  16.1839   0.0000   0.0000   0.0000
    4941  -2.3807   1.1866  17.1671   0.0000   0.0000   0.0000
    4942  -2.5430   1.8768  15.6778   0.0000   0.0000   0.0000
    4943  -2.1799   1.1695  14.7483   0.0000   0.0000   0.0000
    4944  -1.0408   1.1989  15.7681   0.0000   0.0000   0.0000
    4945  -2.2378   0.9851  15.5931   0.0000   0.0000   0.0000
    4946  -1.1907   1.5507  15.5068   0.0000   0.0000   0.0000
    4947  -2.1158   0.7673  14.5456   0.0000   0.0000   0.0000
    4948  -2.2543   0.6910  14.8422   0.0000   0.0000   0.0000
    4949  -1.2958   0.4507  14.7996   0.0000   0.0000   0.0000
    4950  -1.0993   0.6946  15.6967   0.0000   0.0000   0.0000
    4951  -1.0078   0.9920  15.3526   0.0000   0.0000   0.0000
    4952  -1.5026   0.9527  15.7301   0.0000   0.0000   0.0000
    4953  -1.4480   0.9421  16.0273   0.0000   0.0000   0.0000
    4954  -1.0460   2.2414  16.2307   0.0000   0.0000   0.0000
    4955  -1.7178   2.2567  15.7962   0.0000   0.0000   0.0000
    4956  -0.4376   2.3911  15.6166   0.0000   0.0000   0.0000
    4957  -2.1189   2.4127  14.8134   0.0000   0.0000   0.0000
    4958  -0.9313   2.7484  15.1948   0.0000   0.0000   0.0000
    4959  -1.2916   3.5562  15.4718   0.0000   0.0000   0.0000
    4960  -1.2738   3.0986  14.9010   0.0000   0.0000   0.0000
    4961  -0.1609   1.3600  15.9183   0.0000   0.0000   0.0000
    4962  -2.0895   2.6160  16.0341   0.0000   0.0000   0.0000
    4963  -0.7057   1.6099  15.9227   0.0000   0.0000   0.0000
    4964  -0.2900   1.4561  15.4668   0.0000   0.0000   0.0000
    4965  -0.3817   1.7084  14.3716   0.0000   0.0000   0.0000
    4966  -1.4466   2.5469  14.3127   0.0000   0.0000   0.0000
    4967  -0.5599   2.2247  14.2058   0.0000   0.0000   0.0000
    4968  -1.0295   2.6229  14.3695   0.0000   0.0000   0.0000
    4969  -1.3122   3.2284  14.5046   0.0000   0.0000   0.0000
    4970  -0.9412   2.7302  14.0352   0.0000   0.0000   0.0000
    4971  -0.6468   2.3792  14.0436   0.0000   0.0000   0.0000
    4972  -0.9996   2.4030  13.6442   0.0000   0.0000   0.0000
    4973  -1.0665   2.0703  14.2952   0.0000   0.0000   0.0000
    4974  -0.0653   2.7740  14.8955   0.0000   0.0000   0.0000
    4975  -1.6421   2.5805  14.2379   0.0000   0.0000   0.0000
    4976  -1.5142   1.7509  14.9914   0.0000   0.0000   0.0000
    4977  -0.7953   2.3575  15.0510   0.0000   0.0000   0.0000
    4978  -1.2467   2.9279  15.0947   0.0000   0.0000   0.0000
    4979  -1.6612   2.7583  15.3043   0.0000   0.0000   0.0000
    4980  -0.9038   3.3894  14.7189   0.0000   0.0000   0.0000
    4981  -1.3529   2.6986  14.5310   0.0000   0.0000   0.0000
    4982  -1.8698   3.1332  14.9933   0.0000   0.0000   0.0000
    4983  -1.2942   3.6788  15.4943   0.0000   0.0000   0.0000
    4984  -0.7857   4.3837  15.3560   0.0000   0.0000   0.0000
    4985   0.1789   2.7445  15.8032   0.0000   0.0000   0.0000
    4986   0.4475   2.9735  15.1210   0.0000   0.0000   0.0000
    4987  -0.3262   2.5243  14.6601   0.0000   0.0000   0.0000
    4988  -0.0275   2.4559  14.7480   0.0000   0.0000   0.0000
    4989  -0.5134   1.9321  15.1177   0.0000   0.0000   0.0000
    4990  -0.1973   2.7334  14.9693   0.0000   0.0000   0.0000
    4991  -0.6165   3.1490  15.1113   0.0000   0.0000   0.0000
    4992  -1.4554   2.5532  15.3693   0.0000   0.0000   0.0000
    4993  -1.2993   3.0233  14.7805   0.0000   0.0000   0.0000
    4994  -0.5698   2.9727  14.7324   0.0000   0.0000   0.0000
    4995  -1.4022   1.7700  15.0376   0.0000   0.0000   0.0000
    4996  -1.7333   2.3227  14.3412   0.0000   0.0000   0.0000
    4997  -1.3681   2.8040  15.4868   0.0000   0.0000   0.0000
    4998  -1.8764   2.3609  15.6292   0.0000   0.0000   0.0000
    4999  -1.9020   2.1222  15.5773   0.0000   0.0000   0.0000
    5000  -1.6827   2.0150  14.4654   0.0000   0.0000   0.0000
    5001  -1.8726   3.0200  15.0597   0.0000   0.0000   0.0000
    5002  -1.5581   2.4678  15.1230   0.0000   0.0000   0.0000
    5003  -0.8318   1.3894  15.5496   0.0000   0.0000   0.0000
    5004  -1.0929   3.4852  15.2239   0.0000   0.0000   0.0000
    5005  -0.5664   1.8930  15.4275   0.0000   0.0000   0.0000
    5006  -0.6742   1.7627  14.8649   0.0000   0.0000   0.0000
    5007  -1.4207   0.8432  15.2249   0.0000   0.0000   0.0000
    5008  -1.4639   1.0569  15.3416   0.0000   0.0000   0.0000
    5009  -0.6346   0.9327  15.8451   0.0000   0.0000   0.0000
    5010  -0.0169   2.1833  15.3782   0.0000   0.0000   0.0000
    5011  -0.2268  -0.1385  16.3096   0.0000   0.0000   0.0000
    5012  -0.4481   1.2813  16.4182   0.0000   0.0000   0.0000
    5013  -0.4551   1.7656  16.3726   0.0000   0.0000   0.0000
    5014  -0.5040   2.1435  16.8806   0.0000   0.0000   0.0000
    5015  -0.3911   1.2435  16.5281   0.0000   0.0000   0.0000
    5016  -1.0094   1.0918  15.8193   0.0000   0.0000   0.0000
    5017  -0.4477   1.4496  16.6418   0.0000   0.0000   0.0000
    5018  -1.2555   2.2526  15.5542   0.0000   0.0000   0.0000
    5019  -0.7876   1.7856  15.0340   0.0000   0.0000   0.0000
    5020  -1.1560   1.1400  14.9965   0.0000   0.0000   0.0000
    5021  -1.6233   2.8363  14.7596   0.0000   0.0000   0.0000
    5022  -1.7667   1.6867  14.7578   0.0000   0.0000   0.0000
    5023  -0.5337   2.2112  15.7076   0.0000   0.0000   0.0000
    5024  -0.8235   2.5358  15.4708   0.0000   0.0000   0.0000
    5025  -1.6024   2.8826  15.9363   0.0000   0.0000   0.0000
    5026  -2.0297   1.8897  15.6207   0.0000   0.0000   0.0000
    5027  -2.4182   0.8906  16.4597   0.0000   0.0000   0.0000
    5028  -2.2866   1.2729  16.1244   0.0000   0.0000   0.0000
    5029  -1.6357   0.8676  15.8982   0.0000   0.0000   0.0000
    5030  -2.1721   0.5017  15.4993   0.0000   0.0000   0.0000
    5031  -1.9034   1.4480  14.9895   0.0000   0.0000   0.0000
    5032  -2.1722   1.8884  14.8415   0.0000   0.0000   0.0000
    5033  -2.3348   1.6982  14.6914   0.0000   0.0000   0.0000
    5034  -2.0225   1.6423  15.7650   0.0000   0.0000   0.0000
    5035  -2.2054   1.8593  14.8605   0.0000   0.0000   0.0000
    5036  -2.2589   2.1863  14.7621   0.0000   0.0000   0.0000
    5037  -2.1467   2.5737  15.0304   0.0000   0.0000   0.0000
    5038  -1.4875   1.7779  14.8428   0.0000   0.0000   0.0000
    5039  -2.3560   2.1477  14.6355   0.0000   0.0000   0.0000
    5040  -2.6933   1.9880  13.8566   0.0000   0.0000   0.0000
    5041  -2.9285   2.2424  13.7317   0.0000   0.0000   0.0000
    5042  -2.3361   2.0983  14.4093   0.0000   0.0000   0.0000
    5043  -1.8736   1.7093  14.3307   0.0000   0.0000   0.0000
    5044  -2.5067   2.8430  14.6324   0.0000   0.0000   0.0000
    5045  -2.8157   1.8358  14.2219   0.0000   0.0000   0.0000
    5046  -2.1327   2.2352  15.1804   0.0000   0.0000   0.0000
    5047  -2.2710   2.0800  15.5812   0.0000   0.0000   0.0000
    5048  -2.5306   1.2192  15.2588   0.0000   0.0000   0.0000
    5049  -2.0203   1.6260  15.1023   0.0000   0.0000   0.0000
    5050  -1.8701   2.7642  15.1473   0.0000   0.0000   0.0000
    5051  -2.8086   2.8927  14.8931   0.0000   0.0000   0.0000
    5052  -3.1691   3.1959  14.6334   0.0000   0.0000   0.0000
    5053  -3.0817   2.3909  15.2823   0.0000   0.0000   0.0000
    5054  -1.5382   2.3456  14.9809   0.0000   0.0000   0.0000
    5055  -2.5869   2.2256  15.2525   0.0000   0.0000   0.0000
    5056  -1.6526   2.1695  15.9423   0.0000   0.0000   0.0000
    5057  -2.3299   2.9259  16.4926   0.0000   0.0000   0.0000
    5058  -2.6183   1.9405  16.9177   0.0000   0.0000   0.0000
    5059  -1.9373   0.9992  16.7897   0.0000   0.0000   0.0000
    5060  -2.5401   1.3583  15.7779   0.0000   0.0000   0.0000
    5061  -2.2959   1.6201  16.0927   0.0000   0.0000   0.0000
    5062  -1.3129   1.8351  15.9160   0.0000   0.0000   0.0000
    5063  -2.3435   1.3685  15.4011   0.0000   0.0000   0.0000
    5064  -2.1397   2.2541  16.2622   0.0000   0.0000   0.0000
    5065  -3.0719   1.6298  16.1569   0.0000   0.0000   0.0000
    5066  -2.4415   2.0961  16.0230   0.0000   0.0000   0.0000
    5067  -2.8436   2.2469  15.9999   0.0000   0.0000   0.0000
    5068  -2.5031   2.0648  15.6518   0.0000   0.0000   0.0000
    5069  -2.4864   2.0206  15.6070   0.0000   0.0000   0.0000
    5070  -2.3881   1.5113  15.5649   0.0000   0.0000   0.0000
    5071  -1.7029   1.7197  15.5834   0.0000   0.0000   0.0000
    5072  -1.9193   1.3987  15.4286   0.0000   0.0000   0.0000
    5073  -1.5922   1.4516  15.3107   0.0000   0.0000   0.0000
    5074  -2.5604   1.1594  15.6491   0.0000   0.0000   0.0000
    5075  -2.3944   1.3130  15.5097   0.0000   0.0000   0.0000
    5076  -2.8724   2.1668  15.3104   0.0000   0.0000   0.0000
    5077  -2.3688   1.9002  14.4755   0.0000   0.0000   0.0000
    5078  -2.5786   0.7397  15.2792   0.0000   0.0000   0.0000
    5079  -2.6595   1.5591  15.4573   0.0000   0.0000   0.0000
    5080  -2.4707   0.8982  15.1091   0.0000   0.0000   0.0000
    5081  -2.6580   1.5224  15.3770   0.0000   0.0000   0.0000
    5082  -2.1407   1.3437  15.6214   0.0000   0.0000   0.0000
    5083  -2.2609   1.3101  16.2393   0.0000   0.0000   0.0000
    5084  -2.0049   1.4695  15.3415   0.0000   0.0000   0.0000
    5085  -2.0096   1.0027  14.6907   0.0000   0.0000   0.0000
    5086  -2.1494   2.1372  15.1301   0.0000   0.0000   0.0000
    5087  -2.7084   1.5745  15.3961   0.0000   0.0000   0.0000
    5088  -1.8953   1.0642  15.3530   0.0000   0.0000   0.0000
    5089  -1.9921   1.0085  15.4582   0.0000   0.0000   0.0000
    5090  -2.5734   0.6791  15.3707   0.0000   0.0000   0.0000
    5091  -2.5917   0.5751  14.2065   0.0000   0.0000   0.0000
    5092  -2.1701  -0.2149  14.0933   0.0000   0.0000   0.0000
    5093  -3.1577   0.0155  14.5693   0.0000   0.0000   0.0000
    5094  -1.9373  -0.1739  13.6219   0.0000   0.0000   0.0000
    5095  -3.1015  -0.2165  13.7289   0.0000   0.0000   0.0000
    5096  -3.3547   0.0068  14.3187   0.0000   0.0000   0.0000
    5097  -2.6787   0.6916  14.1400   0.0000   0.0000   0.0000
    5098  -2.4523  -0.5730  14.1760   0.0000   0.0000   0.0000
    5099  -1.3459  -0.0100  14.2011   0.0000   0.0000   0.0000
    5100  -2.6542  -1.2484  14.1891   0.0000   0.0000   0.0000
    5101  -1.3382  -0.3963  14.1422   0.0000   0.0000   0.0000
    5102  -1.8492  -1.4204  14.7623   0.0000   0.0000   0.0000
    5103  -1.7500  -1.9409  14.7520   0.0000   0.0000   0.0000
    5104  -1.3112  -0.8881  14.6237   0.0000   0.0000   0.0000
    5105  -1.3620  -0.5668  14.9959   0.0000   0.0000   0.0000
    5106  -2.0146  -0.5449  14.5209   0.0000   0.0000   0.0000
    5107  -1.5898   0.1919  14.3322   0.0000   0.0000   0.0000
    5108  -1.7549   0.5687  14.1919   0.0000   0.0000   0.0000
    5109  -2.1677   1.6328  13.2118   0.0000   0.0000   0.0000
    5110  -2.2834   0.8624  14.1530   0.0000   0.0000   0.0000
    5111  -1.5356  -0.3154  14.1953   0.0000   0.0000   0.0000
    5112  -1.4931   0.2464  13.8754   0.0000   0.0000   0.0000
    5113  -2.9765  -0.4681  14.5839   0.0000   0.0000   0.0000
    5114  -3.0203  -0.2185  14.4398   0.0000   0.0000   0.0000
    5115  -2.8923   0.0042  14.1769   0.0000   0.0000   0.0000
    5116  -2.8905  -0.7940  14.4850   0.0000   0.0000   0.0000
    5117  -2.3687   0.1266  14.2500   0.0000   0.0000   0.0000
    5118  -2.0971  -0.1980  14.3794   0.0000   0.0000   0.0000
    5119  -2.2056  -0.6656  14.3925   0.0000   0.0000   0.0000
    5120  -2.1508  -0.9657  14.3072   0.0000   0.0000   0.0000
    5121  -2.7364  -1.2170  14.2993   0.0000   0.0000   0.0000
    5122  -3.2551  -1.3135  14.3048   0.0000   0.0000   0.0000
    5123  -2.2593  -0.9390  14.8036   0.0000   0.0000   0.0000
    5124  -2.9942  -0.7913  13.9237   0.0000   0.0000   0.0000
    5125  -2.6250  -0.7838  14.1458   0.0000   0.0000   0.0000
    5126  -2.4642  -1.3081  14.3541   0.0000   0.0000   0.0000
    5127  -2.6052  -0.5102  13.7907   0.0000   0.0000   0.0000
    5128  -2.4908  -0.2637  13.2869   0.0000   0.0000   0.0000
    5129  -3.3065  -0.8778  14.1172   0.0000   0.0000   0.0000
    5130  -2.8484  -0.1603  14.6452   0.0000   0.0000   0.0000
    5131  -2.7241   0.0667  14.1813   0.0000   0.0000   0.0000
    5132  -2.4241   0.5527  14.8897   0.0000   0.0000   0.0000
    5133  -3.0943   0.4779  14.2947   0.0000   0.0000   0.0000
    5134  -3.0291   1.0172  14.7474   0.0000   0.0000   0.0000
    5135  -2.8040   0.2552  15.5584   0.0000   0.0000   0.0000
    5136  -2.7233   0.9522  14.7101   0.0000   0.0000   0.0000
    5137  -2.9358   0.7560  15.1053   0.0000   0.0000   0.0000
    5138  -3.1075   0.7757  15.0091   0.0000   0.0000   0.0000
    5139  -3.3075  -0.3618  15.3040   0.0000   0.0000   0.0000
    5140  -2.6755  -0.4749  14.5513   0.0000   0.0000   0.0000
    5141  -2.8292  -0.8972  14.1649   0.0000   0.0000   0.0000
    5142  -2.2475  -0.5089  14.4644   0.0000   0.0000   0.0000
    5143  -2.4972  -0.8933  13.9030   0.0000   0.0000   0.0000
    5144  -2.4351  -0.9537  13.9775   0.0000   0.0000   0.0000
    5145  -3.0086  -1.0441  14.4530   0.0000   0.0000   0.0000
    5146  -1.8996  -1.3500  13.8923   0.0000   0.0000   0.0000
    5147  -2.2361  -1.3902  14.1523   0.0000   0.0000   0.0000
    5148  -1.4197  -1.1696  14.3174   0.0000   0.0000   0.0000
    5149  -1.3373  -0.6335  13.8817   0.0000   0.0000   0.0000
    5150  -2.3519  -1.0128  14.0024   0.0000   0.0000   0.0000
    5151  -2.7685  -0.7190  14.9235   0.0000   0.0000   0.0000
    5152  -3.2615  -1.2965  15.0988   0.0000   0.0000   0.0000
    5153  -3.3699  -1.0006  15.0020   0.0000   0.0000   0.0000
    5154  -2.6022  -0.3765  15.0745   0.0000   0.0000   0.0000
    5155  -2.4460  -0.1190  14.5221   0.0000   0.0000   0.0000
    5156  -2.4225  -0.5446  14.4309   0.0000   0.0000   0.0000
    5157  -3.0397  -0.3014  13.4265   0.0000   0.0000   0.0000
    5158  -1.9383  -0.7142  14.3245   0.0000   0.0000   0.0000
    5159  -2.1429   0.0523  15.0080   0.0000   0.0000   0.0000
    5160  -3.4282  -0.3272  15.1789   0.0000   0.0000   0.0000
    5161  -2.8377  -0.4546  16.1866   0.0000   0.0000   0.0000
    5162  -2.6755  -0.0618  15.4088   0.0000   0.0000   0.0000
    5163  -3.0900  -0.8614  15.4501   0.0000   0.0000   0.0000
    5164  -2.6066  -0.1893  15.2128   0.0000   0.0000   0.0000
    5165  -2.5922   0.2305  15.5590   0.0000   0.0000   0.0000
    5166  -2.6534  -0.5825  15.8052   0.0000   0.0000   0.0000
    5167  -2.6551   0.1686  16.3937   0.0000   0.0000   0.0000
    5168  -3.2390   0.3719  15.5005   0.0000   0.0000   0.0000
    5169  -3.5278  -0.1106  16.2129   0.0000   0.0000   0.0000
    5170  -4.1457  -0.6661  15.8780   0.0000   0.0000   0.0000
    5171  -3.9519   0.5930  15.3524   0.0000   0.0000   0.0000
    5172  -4.0706   0.3063  16.0561   0.0000   0.0000   0.0000
    5173  -3.1371  -0.1062  16.2103   0.0000   0.0000   0.0000
    5174  -3.2997  -0.0776  16.0695   0.0000   0.0000   0.0000
    5175  -3.6053  -0.3512  15.3655   0.0000   0.0000   0.0000
    5176  -3.6465   0.0100  14.4567   0.0000   0.0000   0.0000
    5177  -3.5237  -1.1191  14.6974   0.0000   0.0000   0.0000
    5178  -3.0096  -0.0173  15.0740   0.0000   0.0000   0.0000
    5179  -3.5622   0.5568  15.5712   0.0000   0.0000   0.0000
    5180  -3.2223   0.8210  15.6611   0.0000   0.0000   0.0000
    5181  -3.7168   0.4628  15.1113   0.0000   0.0000   0.0000
    5182  -3.1984   0.3415  16.4282   0.0000   0.0000   0.0000
    5183  -3.1500   1.2218  15.5660   0.0000   0.0000   0.0000
    5184  -2.8376   1.4204  15.4655   0.0000   0.0000   0.0000
    5185  -2.6125   0.3235  15.9726   0.0000   0.0000   0.0000
    5186  -2.5058   1.5599  15.2277   0.0000   0.0000   0.0000
    5187  -2.5852   1.0807  14.6407   0.0000   0.0000   0.0000
    5188  -2.7360   0.8135  14.1972   0.0000   0.0000   0.0000
    5189  -1.6322   1.1576  14.1896   0.0000   0.0000   0.0000
    5190  -1.7135   0.5847  14.5001   0.0000   0.0000   0.0000
    5191  -1.6039   0.8933  14.8206   0.0000   0.0000   0.0000
    5192  -3.0896   1.5576  14.7814   0.0000   0.0000   0.0000
    5193  -2.6416   1.2631  14.9740   0.0000   0.0000   0.0000
    5194  -3.3682   0.9979  14.1322   0.0000   0.0000   0.0000
    5195  -4.1025   0.1754  14.3499   0.0000   0.0000   0.0000
    5196  -2.3232   0.0825  15.0622   0.0000   0.0000   0.0000
    5197  -3.2323   0.1714  14.7782   0.0000   0.0000   0.0000
    5198  -3.1461  -0.8573  15.4906   0.0000   0.0000   0.0000
    5199  -3.0659  -0.6090  14.2320   0.0000   0.0000   0.0000
    5200  -3.9851  -0.6037  13.9871   0.0000   0.0000   0.0000
    5201  -3.3793  -0.0131  14.8109   0.0000   0.0000   0.0000
    5202  -3.3854  -0.2034  15.9000   0.0000   0.0000   0.0000
    5203  -3.0242   0.4476  15.5785   0.0000   0.0000   0.0000
    5204  -4.0984  -0.1625  15.3617   0.0000   0.0000   0.0000
    5205  -3.3758  -0.7802  15.4187   0.0000   0.0000   0.0000
    5206  -3.8480   0.2756  15.5616   0.0000   0.0000   0.0000
    5207  -2.6460   0.3742  15.4406   0.0000   0.0000   0.0000
    5208  -3.3381   0.4544  15.0369   0.0000   0.0000   0.0000
    5209  -2.9465   0.2767  14.9675   0.0000   0.0000   0.0000
    5210  -2.9737  -0.4796  14.5927   0.0000   0.0000   0.0000
    5211  -2.5515  -0.4578  15.3534   0.0000   0.0000   0.0000
    5212  -3.8846  -0.3549  15.2515   0.0000   0.0000   0.0000
    5213  -3.7157  -0.3818  15.0078   0.0000   0.0000   0.0000
    5214  -3.5156  -0.6494  14.6602   0.0000   0.0000   0.0000
    5215  -2.9036  -0.2352  15.3467   0.0000   0.0000   0.0000
    5216  -3.5746  -0.3562  15.4605   0.0000   0.0000   0.0000
    5217  -3.2152  -0.7935  16.1023   0.0000   0.0000   0.0000
    5218  -3.2406  -0.6749  15.7873   0.0000   0.0000   0.0000
    5219  -3.0794  -1.0583  15.2049   0.0000   0.0000   0.0000
    5220  -3.4492   0.0991  15.3491   0.0000   0.0000   0.0000
    5221  -4.2540  -0.2173  15.5707   0.0000   0.0000   0.0000
    5222  -4.1553  -0.5061  15.6017   0.0000   0.0000   0.0000
    5223  -3.9850   0.7206  15.3279   0.0000   0.0000   0.0000
    5224  -3.4441   0.3884  15.5740   0.0000   0.0000   0.0000
    5225  -3.5540  -0.2174  15.6492   0.0000   0.0000   0.0000
    5226  -3.3086   0.0559  15.8694   0.0000   0.0000   0.0000
    5227  -2.8428   0.6248  15.7923   0.0000   0.0000   0.0000
    5228  -2.4086   0.0327  15.3789   0.0000   0.0000   0.0000
    5229  -2.6850  -0.1226  16.0729   0.0000   0.0000   0.0000
    5230  -3.2047   0.1373  15.8804   0.0000   0.0000   0.0000
    5231  -3.0497  -0.6972  16.0853   0.0000   0.0000   0.0000
    5232  -3.9797  -0.6485  15.7621   0.0000   0.0000   0.0000
    5233  -2.9782   0.2945  15.6157   0.0000   0.0000   0.0000
    5234  -3.0273   0.8103  16.3257   0.0000   0.0000   0.0000
    5235  -2.4285  -0.3296  16.1550   0.0000   0.0000   0.0000
    5236  -1.5840   1.2849  15.9060   0.0000   0.0000   0.0000
    5237  -2.2977   0.0251  14.8201   0.0000   0.0000   0.0000
    5238  -3.0254   0.1785  14.8886   0.0000   0.0000   0.0000
    5239  -2.6159   0.4284  14.3138   0.0000   0.0000   0.0000
    5240  -3.2898   0.5521  15.1333   0.0000   0.0000   0.0000
    5241  -3.6982  -0.1453  15.1720   0.0000   0.0000   0.0000
    5242  -3.3933  -0.6667  15.1136   0.0000   0.0000   0.0000
    5243  -3.5593   0.3482  15.3651   0.0000   0.0000   0.0000
    5244  -2.7884   1.8938  15.5020   0.0000   0.0000   0.0000
    5245  -2.7300   2.1726  15.6914   0.0000   0.0000   0.0000
    5246  -2.9777   0.5819  15.2410   0.0000   0.0000   0.0000
    5247  -2.5765   1.5633  15.4269   0.0000   0.0000   0.0000
    5248  -3.0738   0.4973  15.5523   0.0000   0.0000   0.0000
    5249  -2.4750   1.1510  15.0448   0.0000   0.0000   0.0000
    5250  -3.2496   1.5745  15.5663   0.0000   0.0000   0.0000
    5251  -2.1195   0.8190  15.9504   0.0000   0.0000   0.0000
    5252  -3.2117   1.4110  15.5540   0.0000   0.0000   0.0000
    5253  -3.0475   0.9961  15.1091   0.0000   0.0000   0.0000
    5254  -3.1903   1.2571  15.9132   0.0000   0.0000   0.0000
    5255  -3.4858   0.5300  15.4252   0.0000   0.0000   0.0000
    5256  -3.7202   0.6360  15.1334   0.0000   0.0000   0.0000
    5257  -3.3708   0.7003  14.9000   0.0000   0.0000   0.0000
    5258  -3.4470   0.3187  15.6752   0.0000   0.0000   0.0000
    5259  -3.8056   0.1910  15.8509   0.0000   0.0000   0.0000
    5260  -3.5153   1.4180  15.1973   0.0000   0.0000   0.0000
    5261  -2.8625   0.4629  15.9251   0.0000   0.0000   0.0000
    5262  -2.8124   0.4482  15.2507   0.0000   0.0000   0.0000
    5263  -2.5850   0.2127  15.3132   0.0000   0.0000   0.0000
    5264  -3.4685   0.6693  14.9774   0.0000   0.0000   0.0000
    5265  -3.2395   0.6456  15.0145   0.0000   0.0000   0.0000
    5266  -3.0716   0.9162  15.4025   0.0000   0.0000   0.0000
    5267  -4.0919   0.7598  15.4951   0.0000   0.0000   0.0000
    5268  -4.3716   0.6612  14.7735   0.0000   0.0000   0.0000
    5269  -3.3140   0.8440  15.1296   0.0000   0.0000   0.0000
    5270  -3.0754   1.0201  15.0086   0.0000   0.0000   0.0000
    5271  -3.3210   1.1080  15.5402   0.0000   0.0000   0.0000
    5272  -2.5705   0.9881  15.9396   0.0000   0.0000   0.0000
    5273  -3.3861   0.6011  16.2971   0.0000   0.0000   0.0000
    5274  -4.0599   0.3185  16.5129   0.0000   0.0000   0.0000
    5275  -3.8846   0.0107  15.5684   0.0000   0.0000   0.0000
    5276  -4.0244   0.8297  15.9110   0.0000   0.0000   0.0000
    5277  -3.8087   1.0561  15.2654   0.0000   0.0000   0.0000
    5278  -3.2734   0.7472  15.8594   0.0000   0.0000   0.0000
    5279  -3.1101   0.7805  15.7748   0.0000   0.0000   0.0000
    5280  -3.4860   1.5172  16.0502   0.0000   0.0000   0.0000
    5281  -3.1811   1.8981  15.5739   0.0000   0.0000   0.0000
    5282  -2.7254   1.5529  15.9034   0.0000   0.0000   0.0000
    5283  -4.0408   1.7842  15.6281   0.0000   0.0000   0.0000
    5284  -2.7875   1.7597  15.7580   0.0000   0.0000   0.0000
    5285  -3.6829   1.8868  15.6691   0.0000   0.0000   0.0000
    5286  -2.9410   0.8218  16.6530   0.0000   0.0000   0.0000
    5287  -3.6848   1.0905  15.6300   0.0000   0.0000   0.0000
    5288  -3.7300   1.4409  15.3652   0.0000   0.0000   0.0000
    5289  -3.2703  -0.2467  15.1808   0.0000   0.0000   0.0000
    5290  -4.1570  -0.0648  15.9084   0.0000   0.0000   0.0000
    5291  -3.6974   0.4214  15.7556   0.0000   0.0000   0.0000
    5292  -4.0451   0.1583  15.3080   0.0000   0.0000   0.0000
    5293  -4.8575   0.2417  16.0060   0.0000   0.0000   0.0000
    5294  -4.2891  -0.3781  16.0545   0.0000   0.0000   0.0000
    5295  -4.0489  -0.5691  15.6337   0.0000   0.0000   0.0000
    5296  -3.1797  -0.0746  16.3286   0.0000   0.0000   0.0000
    5297  -3.5241  -0.0913  16.2636   0.0000   0.0000   0.0000
    5298  -3.3967   0.4192  15.1879   0.0000   0.0000   0.0000
    5299  -4.2105   0.1317  15.8096   0.0000   0.0000   0.0000
    5300  -4.6266   0.6539  15.1274   0.0000   0.0000   0.0000
    5301  -4.6772   1.0143  14.9866   0.0000   0.0000   0.0000
    5302  -3.9334   0.1312  15.7998   0.0000   0.0000   0.0000
    5303  -4.3432   0.2875  16.4125   0.0000   0.0000   0.0000
    5304  -4.0936   0.7670  15.9496   0.0000   0.0000   0.0000
    5305  -4.7322   0.9556  15.8362   0.0000   0.0000   0.0000
    5306  -4.1506   0.7755  15.3556   0.0000   0.0000   0.0000
    5307  -4.1449   0.4542  16.0545   0.0000   0.0000   0.0000
    5308  -4.0025   1.1778  15.5641   0.0000   0.0000   0.0000
    5309  -5.0915   0.5472  15.4997   0.0000   0.0000   0.0000
    5310  -4.9273   0.7788  15.2927   0.0000   0.0000   0.0000
    5311  -4.7445   1.0724  15.3130   0.0000   0.0000   0.0000
    5312  -3.5559   1.4565  15.6136   0.0000   0.0000   0.0000
    5313  -4.1273   0.9883  15.5669   0.0000   0.0000   0.0000
    5314  -3.5570   0.5780  15.8899   0.0000   0.0000   0.0000
    5315  -3.5803   1.3486  16.2615   0.0000   0.0000   0.0000
    5316  -3.5403   1.3339  15.8781   0.0000   0.0000   0.0000
    5317  -3.6630  -0.1717  16.1697   0.0000   0.0000   0.0000
    5318  -2.9014   1.0928  16.1623   0.0000   0.0000   0.0000
    5319  -3.7317   0.4533  16.7507   0.0000   0.0000   0.0000
    5320  -3.8032   0.7349  16.3468   0.0000   0.0000   0.0000
    5321  -3.6178   0.7667  16.2739   0.0000   0.0000   0.0000
    5322  -3.3758   0.9100  16.7158   0.0000   0.0000   0.0000
    5323  -3.6026   1.4673  16.3158   0.0000   0.0000   0.0000
    5324  -3.5320   1.6221  17.0146   0.0000   0.0000   0.0000
    5325  -4.1518   1.2352  15.9417   0.0000   0.0000   0.0000
    5326  -3.2472   1.8744  16.9447   0.0000   0.0000   0.0000
    5327  -3.3072   1.7368  16.2000   0.0000   0.0000   0.0000
    5328  -3.3320   2.1721  15.9724   0.0000   0.0000   0.0000
    5329  -3.2755   1.5753  15.9748   0.0000   0.0000   0.0000
    5330  -4.0425   1.8420  16.2981   0.0000   0.0000   0.0000
    5331  -3.7598   0.7298  17.0560   0.0000   0.0000   0.0000
    5332  -3.8770   1.4464  16.6822   0.0000   0.0000   0.0000
    5333  -3.9832   0.7074  17.4477   0.0000   0.0000   0.0000
    5334  -4.7619   2.2239  16.4180   0.0000   0.0000   0.0000
    5335  -3.5990   1.8677  16.0758   0.0000   0.0000   0.0000
    5336  -3.7234   1.5650  15.5153   0.0000   0.0000   0.0000
    5337  -4.1945   0.9819  15.4644   0.0000   0.0000   0.0000
    5338  -4.1650   1.0395  15.9462   0.0000   0.0000   0.0000
    5339  -4.8113   0.7365  16.0570   0.0000   0.0000   0.0000
    5340  -3.3495   0.7726  15.8615   0.0000   0.0000   0.0000
    5341  -3.1340   1.5648  16.8026   0.0000   0.0000   0.0000
    5342  -3.5720   0.6025  17.2452   0.0000   0.0000   0.0000
    5343  -3.6459   0.0350  16.4890   0.0000   0.0000   0.0000
    5344  -3.8110   0.8494  16.7101   0.0000   0.0000   0.0000
    5345  -3.8812   0.6161  16.5074   0.0000   0.0000   0.0000
    5346  -3.3074   1.0084  16.5788   0.0000   0.0000   0.0000
    5347  -3.4066   0.5531  16.4205   0.0000   0.0000   0.0000
    5348  -3.6837   0.4869  16.2433   0.0000   0.0000   0.0000
    5349  -5.0513   1.0820  16.8271   0.0000   0.0000   0.0000
    5350  -4.1112   0.9016  16.7301   0.0000   0.0000   0.0000
    5351  -3.9612   1.1462  16.7814   0.0000   0.0000   0.0000
    5352  -3.7095   0.4760  16.5242   0.0000   0.0000   0.0000
    5353  -4.1292   1.9893  16.7725   0.0000   0.0000   0.0000
    5354  -4.1691   1.0747  17.0336   0.0000   0.0000   0.0000
    5355  -4.1016   1.4791  16.1633   0.0000   0.0000   0.0000
    5356  -4.0018   1.1791  16.5427   0.0000   0.0000   0.0000
    5357  -3.8467   0.6701  16.6857   0.0000   0.0000   0.0000
    5358  -4.8904   2.3958  16.1726   0.0000   0.0000   0.0000
    5359  -4.8465   1.8867  15.8271   0.0000   0.0000   0.0000
    5360  -4.8402   1.7604  15.6098   0.0000   0.0000   0.0000
    5361  -5.1801   0.4466  15.0408   0.0000   0.0000   0.0000
    5362  -5.0422   1.7184  15.6162   0.0000   0.0000   0.0000
    5363  -4.3461   0.7421  15.1671   0.0000   0.0000   0.0000
    5364  -4.6503   0.9509  15.4157   0.0000   0.0000   0.0000
    5365  -4.3825   1.2919  15.1996   0.0000   0.0000   0.0000
    5366  -4.9516   2.3410  14.9679   0.0000   0.0000   0.0000
    5367  -4.5595   2.4114  15.3672   0.0000   0.0000   0.0000
    5368  -3.9295   1.7235  15.2594   0.0000   0.0000   0.0000
    5369  -3.8059   1.5457  15.4964   0.0000   0.0000   0.0000
    5370  -3.0709   1.3737  15.5688   0.0000   0.0000   0.0000
    5371  -3.3435   1.8376  14.6721   0.0000   0.0000   0.0000
    5372  -4.5106   2.4712  15.0674   0.0000   0.0000   0.0000
    5373  -4.0797   2.0767  15.6563   0.0000   0.0000   0.0000
    5374  -4.1396   2.6393  14.9493   0.0000   0.0000   0.0000
    5375  -3.8063   2.4636  15.6225   0.0000   0.0000   0.0000
    5376  -3.8599   1.6800  15.7282   0.0000   0.0000   0.0000
    5377  -3.7291   1.4964  15.8808   0.0000   0.0000   0.0000
    5378  -4.0373   1.8318  16.2257   0.0000   0.0000   0.0000
    5379  -4.2759   1.7241  15.3943   0.0000   0.0000   0.0000
    5380  -3.4094   2.4911  15.6993   0.0000   0.0000   0.0000
    5381  -4.5050   1.4557  15.0440   0.0000   0.0000   0.0000
    5382  -4.0101   1.6359  14.7633   0.0000   0.0000   0.0000
    5383  -4.5580   1.7537  14.6276   0.0000   0.0000   0.0000
    5384  -5.0499   0.9584  14.8657   0.0000   0.0000   0.0000
    5385  -4.6116   0.8774  14.9530   0.0000   0.0000   0.0000
    5386  -5.0448   2.3764  14.2670   0.0000   0.0000   0.0000
    5387  -3.7080   0.3986  14.3943   0.0000   0.0000   0.0000
    5388  -2.8257   0.8992  14.8070   0.0000   0.0000   0.0000
    5389  -3.0954   2.0344  15.7289   0.0000   0.0000   0.0000
    5390  -3.4218   0.6353  15.6375   0.0000   0.0000   0.0000
    5391  -3.7387   1.9656  15.3005   0.0000   0.0000   0.0000
    5392  -3.8027   1.0993  15.7843   0.0000   0.0000   0.0000
    5393  -3.0142   0.7078  15.6152   0.0000   0.0000   0.0000
    5394  -2.3956   1.0918  14.9970   0.0000   0.0000   0.0000
    5395  -2.0835   1.9038  15.4137   0.0000   0.0000   0.0000
    5396  -2.6033   2.0169  15.5519   0.0000   0.0000   0.0000
    5397  -2.6420   2.1675  14.7492   0.0000   0.0000   0.0000
    5398  -2.0667   2.0401  15.4489   0.0000   0.0000   0.0000
    5399  -2.5786   2.2017  15.3666   0.0000   0.0000   0.0000
    5400  -2.6006   2.0674  15.1568   0.0000   0.0000   0.0000
    5401  -3.1784   1.5719  14.2923   0.0000   0.0000   0.0000
    5402  -2.0151   1.6949  14.7606   0.0000   0.0000   0.0000
    5403  -2.0483   1.4126  14.8761   0.0000   0.0000   0.0000
    5404  -2.2455   1.3529  15.0780   0.0000   0.0000   0.0000
    5405  -2.3037   1.7686  14.7049   0.0000   0.0000   0.0000
    5406  -2.7486   1.4543  15.1594   0.0000   0.0000   0.0000
    5407  -2.1422   1.6271  13.9559   0.0000   0.0000   0.0000
    5408  -2.1301   1.8340  15.3293   0.0000   0.0000   0.0000
    5409  -2.3447   1.5758  14.4139   0.0000   0.0000   0.0000
    5410  -1.8465   2.4713  15.0464   0.0000   0.0000   0.0000
    5411  -2.1162   1.7874  15.1353   0.0000   0.0000   0.0000
    5412  -2.0759   1.9394  15.0634   0.0000   0.0000   0.0000
    5413  -1.5348   2.0129  15.7745   0.0000   0.0000   0.0000
    5414  -1.7956   2.5011  15.7729   0.0000   0.0000   0.0000
    5415  -1.6368   2.0522  15.4446   0.0000   0.0000   0.0000
    5416  -2.3516   1.0363  15.7578   0.0000   0.0000   0.0000
    5417  -1.5512   1.3616  16.0412   0.0000   0.0000   0.0000
    5418  -1.3962   0.6215  15.8613   0.0000   0.0000   0.0000
    5419  -2.0906   1.1614  15.4248   0.0000   0.0000   0.0000
    5420  -2.3100   1.7396  15.4598   0.0000   0.0000   0.0000
    5421  -2.4505   1.9216  16.6079   0.0000   0.0000   0.0000
    5422  -2.8746   2.4570  17.0756   0.0000   0.0000   0.0000
    5423  -2.2627   1.0950  16.5760   0.0000   0.0000   0.0000
    5424  -2.5528   1.1673  16.3436   0.0000   0.0000   0.0000
    5425  -2.0681   1.0536  17.0671   0.0000   0.0000   0.0000
    5426  -2.7459   0.7316  16.5762   0.0000   0.0000   0.0000
    5427  -1.9642   1.5782  17.1049   0.0000   0.0000   0.0000
    5428  -2.2941   1.3495  17.0847   0.0000   0.0000   0.0000
    5429  -2.6368   0.9200  16.6538   0.0000   0.0000   0.0000
    5430  -2.3286   1.1217  17.2829   0.0000   0.0000   0.0000
    5431  -1.6933   0.7591  17.3749   0.0000   0.0000   0.0000
    5432  -2.7106   0.8342  17.3306   0.0000   0.0000   0.0000
    5433  -1.7892   0.4780  17.8606   0.0000   0.0000   0.0000
    5434  -1.8247   0.3595  17.8788   0.0000   0.0000   0.0000
    5435  -2.4426   1.1155  17.5725   0.0000   0.0000   0.0000
    5436  -1.1225   1.4395  16.4425   0.0000   0.0000   0.0000
    5437  -1.5822   1.3186  16.3127   0.0000   0.0000   0.0000
    5438  -1.6520   1.4160  17.0169   0.0000   0.0000   0.0000
    5439  -1.8828   1.1770  16.7476   0.0000   0.0000   0.0000
    5440  -2.7152   0.9208  16.4983   0.0000   0.0000   0.0000
    5441  -1.5784   1.5358  15.7010   0.0000   0.0000   0.0000
    5442  -2.4243   1.1306  16.6840   0.0000   0.0000   0.0000
    5443  -3.0259   1.7204  15.9042   0.0000   0.0000   0.0000
    5444  -2.0574   1.4468  15.5551   0.0000   0.0000   0.0000
    5445  -1.7129   1.1479  15.4797   0.0000   0.0000   0.0000
    5446  -2.3197   0.9531  14.5020   0.0000   0.0000   0.0000
    5447  -3.2923   0.8979  15.0027   0.0000   0.0000   0.0000
    5448  -2.6115   0.9206  14.9002   0.0000   0.0000   0.0000
    5449  -2.6680   1.1372  15.1947   0.0000   0.0000   0.0000
    5450  -2.1780   0.7961  14.7208   0.0000   0.0000   0.0000
    5451  -2.5512   1.6016  14.7140   0.0000   0.0000   0.0000
    5452  -2.0491   1.2798  15.6449   0.0000   0.0000   0.0000
    5453  -2.4869   1.0431  15.0900   0.0000   0.0000   0.0000
    5454  -1.7452   1.1677  14.0589   0.0000   0.0000   0.0000
    5455  -1.5997   1.9279  14.4510   0.0000   0.0000   0.0000
    5456  -2.0828   1.6220  14.7239   0.0000   0.0000   0.0000
    5457  -2.6153   2.2412  14.5484   0.0000   0.0000   0.0000
    5458  -2.2206   1.2571  15.3682   0.0000   0.0000   0.0000
    5459  -2.3773   2.7058  15.6952   0.0000   0.0000   0.0000
    5460  -1.5310   2.3828  14.5966   0.0000   0.0000   0.0000
    5461  -1.6006   1.5810  15.0176   0.0000   0.0000   0.0000
    5462  -2.7327   1.9142  13.7810   0.0000   0.0000   0.0000
    5463  -2.9062   1.2829  14.8320   0.0000   0.0000   0.0000
    5464  -2.7360   1.5134  14.4228   0.0000   0.0000   0.0000
    5465  -2.5074   1.6180  14.3258   0.0000   0.0000   0.0000
    5466  -3.1516   2.3111  15.4160   0.0000   0.0000   0.0000
    5467  -2.1393   2.0313  15.6956   0.0000   0.0000   0.0000
    5468  -2.0321   1.8596  14.9959   0.0000   0.0000   0.0000
    5469  -2.0670   1.9583  14.9759   0.0000   0.0000   0.0000
    5470  -1.7399   1.6050  14.6916   0.0000   0.0000   0.0000
    5471  -2.6169   2.1878  14.6698   0.0000   0.0000   0.0000
    5472  -2.1104   1.8705  15.2105   0.0000   0.0000   0.0000
    5473  -3.0704   1.5993  15.0604   0.0000   0.0000   0.0000
    5474  -3.2198   1.3123  15.2190   0.0000   0.0000   0.0000
    5475  -3.1758   1.1911  15.1295   0.0000   0.0000   0.0000
    5476  -2.7368   1.0595  15.2609   0.0000   0.0000   0.0000
    5477  -2.8888   1.8951  16.1170   0.0000   0.0000   0.0000
    5478  -2.2551   1.1981  15.3872   0.0000   0.0000   0.0000
    5479  -1.9785   1.0486  16.3090   0.0000   0.0000   0.0000
    5480  -2.0062   2.1372  15.6254   0.0000   0.0000   0.0000
    5481  -2.3274   1.0029  15.3653   0.0000   0.0000   0.0000
    5482  -2.6625   1.3824  16.1382   0.0000   0.0000   0.0000
    5483  -2.0898   1.2292  16.3097   0.0000   0.0000   0.0000
    5484  -2.1261   1.3008  16.5432   0.0000   0.0000   0.0000
    5485  -1.8426   1.4401  15.9152   0.0000   0.0000   0.0000
    5486  -1.6230   1.2407  16.6167   0.0000   0.0000   0.0000
    5487  -2.1192   1.8410  16.3069   0.0000   0.0000   0.0000
    5488  -2.4114   1.3348  15.8720   0.0000   0.0000   0.0000
    5489  -2.0632   1.4135  15.9236   0.0000   0.0000   0.0000
    5490  -2.0220   1.8513  16.3865   0.0000   0.0000   0.0000
    5491  -1.8898   1.4148  16.4961   0.0000   0.0000   0.0000
    5492  -1.8763   1.0245  15.9401   0.0000   0.0000   0.0000
    5493  -1.8118   0.9147  15.7867   0.0000   0.0000   0.0000
    5494  -2.2926   1.8092  16.4120   0.0000   0.0000   0.0000
    5495  -2.3471   1.2324  16.4540   0.0000   0.0000   0.0000
    5496  -1.6960   2.0930  15.6210   0.0000   0.0000   0.0000
    5497  -2.4881   2.4587  15.4978   0.0000   0.0000   0.0000
    5498  -1.8862   1.6413  15.4801   0.0000   0.0000   0.0000
    5499  -1.6588   2.1450  15.6658   0.0000   0.0000   0.0000
    5500  -2.5162   1.9201  16.1816   0.0000   0.0000   0.0000
    5501  -2.9153   1.8189  15.1188   0.0000   0.0000   0.0000
    5502  -2.5840   1.6417  15.6729   0.0000   0.0000   0.0000
    5503  -2.4090   0.8132  16.0580   0.0000   0.0000   0.0000
    5504  -2.6033   1.9078  15.3644   0.0000   0.0000   0.0000
    5505  -2.4069   1.3423  15.7822   0.0000   0.0000   0.0000
    5506  -2.2520   1.2170  14.8570   0.0000   0.0000   0.0000
    5507  -2.3718   2.1236  15.3820   0.0000   0.0000   0.0000
    5508  -2.6605   1.5640  15.7418   0.0000   0.0000   0.0000
    5509  -2.1093   1.4559  15.1959   0.0000   0.0000   0.0000
    5510  -2.7031   2.0845  15.5740   0.0000   0.0000   0.0000
    5511  -4.1411   1.9327  15.3693   0.0000   0.0000   0.0000
    5512  -3.4179   1.6209  15.2806   0.0000   0.0000   0.0000
    5513  -4.1990   1.9093  15.3529   0.0000   0.0000   0.0000
    5514  -2.1338   1.0992  15.3839   0.0000   0.0000   0.0000
    5515  -1.9342   1.4380  14.9881   0.0000   0.0000   0.0000
    5516  -3.2924   1.4901  15.9118   0.0000   0.0000   0.0000
    5517  -3.4932   1.7755  15.8809   0.0000   0.0000   0.0000
    5518  -2.6589   1.9463  15.5485   0.0000   0.0000   0.0000
    5519  -3.0984   1.2195  16.1193   0.0000   0.0000   0.0000
    5520  -2.7593   1.9252  16.2757   0.0000   0.0000   0.0000
    5521  -2.9019   1.1548  16.9225   0.0000   0.0000   0.0000
    5522  -3.9925   1.7587  16.4518   0.0000   0.0000   0.0000
    5523  -3.8762   1.6521  16.4156   0.0000   0.0000   0.0000
    5524  -3.4796   1.5537  16.6176   0.0000   0.0000   0.0000
    5525  -3.0082   1.6399  15.4051   0.0000   0.0000   0.0000
    5526  -2.9554   1.4594  15.2169   0.0000   0.0000   0.0000
    5527  -2.4842   1.4905  16.3978   0.0000   0.0000   0.0000
    5528  -2.6938   0.3159  16.0362   0.0000   0.0000   0.0000
    5529  -2.4724   1.2988  16.1098   0.0000   0.0000   0.0000
    5530  -3.0606   1.1818  16.2671   0.0000   0.0000   0.0000
    5531  -2.4087   0.0955  16.7693   0.0000   0.0000   0.0000
    5532  -1.9715   0.9773  16.2849   0.0000   0.0000   0.0000
    5533  -2.1451   0.7910  16.7407   0.0000   0.0000   0.0000
    5534  -3.2198   0.1044  16.5166   0.0000   0.0000   0.0000
    5535  -3.1084   1.0872  17.0766   0.0000   0.0000   0.0000
    5536  -2.6210   1.2331  16.9195   0.0000   0.0000   0.0000
    5537  -2.7923   1.5230  16.3587   0.0000   0.0000   0.0000
    5538  -2.3636   2.1152  16.2488   0.0000   0.0000   0.0000
    5539  -3.5664   1.4516  16.4488   0.0000   0.0000   0.0000
    5540  -2.5616   1.3179  16.8066   0.0000   0.0000   0.0000
    5541  -2.0317   1.1348  16.7539   0.0000   0.0000   0.0000
    5542  -3.3315   1.4737  17.2272   0.0000   0.0000   0.0000
    5543  -2.7507   1.0885  16.7278   0.0000   0.0000   0.0000
    5544  -3.4132   1.9786  16.9255   0.0000   0.0000   0.0000
    5545  -2.8551   1.2081  17.2309   0.0000   0.0000   0.0000
    5546  -3.7452   1.5134  17.3599   0.0000   0.0000   0.0000
    5547  -3.3582   2.5093  17.5068   0.0000   0.0000   0.0000
    5548  -3.0723   1.5898  17.0158   0.0000   0.0000   0.0000
    5549  -3.1649   1.2317  17.2244   0.0000   0.0000   0.0000
    5550  -3.0881   1.1499  17.1876   0.0000   0.0000   0.0000
    5551  -2.9821   0.2774  17.2802   0.0000   0.0000   0.0000
    5552  -3.9190   0.7212  16.7145   0.0000   0.0000   0.0000
    5553  -3.3918   0.2721  17.1746   0.0000   0.0000   0.0000
    5554  -4.0432   0.6282  16.8753   0.0000   0.0000   0.0000
    5555  -3.8102   2.0111  16.4096   0.0000   0.0000   0.0000
    5556  -2.9373   1.0208  17.4847   0.0000   0.0000   0.0000
    5557  -2.5654   1.3806  16.4775   0.0000   0.0000   0.0000
    5558  -2.7508   1.0724  16.8973   0.0000   0.0000   0.0000
    5559  -3.9105   0.3757  16.3345   0.0000   0.0000   0.0000
    5560  -3.3174   1.0986  15.7590   0.0000   0.0000   0.0000
    5561  -4.0889   1.3879  16.2595   0.0000   0.0000   0.0000
    5562  -3.3176   1.7648  15.3941   0.0000   0.0000   0.0000
    5563  -3.5984   1.6454  16.1711   0.0000   0.0000   0.0000
    5564  -3.3068   1.4306  15.9610   0.0000   0.0000   0.0000
    5565  -3.7495   1.2531  15.9621   0.0000   0.0000   0.0000
    5566  -3.6378   1.2993  16.6362   0.0000   0.0000   0.0000
    5567  -2.8011   0.2490  16.1554   0.0000   0.0000   0.0000
    5568  -2.3119   0.0032  16.2306   0.0000   0.0000   0.0000
    5569  -3.2364   1.7205  16.0887   0.0000   0.0000   0.0000
    5570  -3.4419   1.4447  16.0740   0.0000   0.0000   0.0000
    5571  -3.3479   1.5117  15.7424   0.0000   0.0000   0.0000
    5572  -3.7495   2.2396  15.7267   0.0000   0.0000   0.0000
    5573  -3.5035   1.8492  15.5488   0.0000   0.0000   0.0000
    5574  -3.0520   2.2401  16.3891   0.0000   0.0000   0.0000
    5575  -4.5247   1.5100  15.7356   0.0000   0.0000   0.0000
    5576  -3.4821   1.9945  15.5851   0.0000   0.0000   0.0000
    5577  -3.0614   1.4671  15.2010   0.0000   0.0000   0.0000
    5578  -3.8434   1.6750  16.0683   0.0000   0.0000   0.0000
    5579  -4.0703   0.4917  15.4365   0.0000   0.0000   0.0000
    5580  -4.5444   0.8289  15.4091   0.0000   0.0000   0.0000
    5581  -3.8669   0.8908  15.9026   0.0000   0.0000   0.0000
    5582  -3.9360   0.8044  16.4761   0.0000   0.0000   0.0000
    5583  -2.3405   1.0531  15.2910   0.0000   0.0000   0.0000
    5584  -3.4685   1.1210  15.6524   0.0000   0.0000   0.0000
    5585  -3.3406   1.0497  15.5114   0.0000   0.0000   0.0000
    5586  -3.3281   0.7661  16.9979   0.0000   0.0000   0.0000
    5587  -3.4334   0.6179  16.6452   0.0000   0.0000   0.0000
    5588  -4.1561   0.9986  15.5031   0.0000   0.0000   0.0000
    5589  -4.0858   0.7600  16.0439   0.0000   0.0000   0.0000
    5590  -3.7197   1.5471  15.0422   0.0000   0.0000   0.0000
    5591  -2.8417   0.9227  15.7411   0.0000   0.0000   0.0000
    5592  -2.6330   2.2520  15.6823   0.0000   0.0000   0.0000
    5593  -2.6193   1.4295  15.3506   0.0000   0.0000   0.0000
    5594  -3.2339   1.7242  14.9853   0.0000   0.0000   0.0000
    5595  -2.1281   1.4549  15.1996   0.0000   0.0000   0.0000
    5596  -2.7897   2.6288  15.0542   0.0000   0.0000   0.0000
    5597  -2.4008   2.2102  14.7788   0.0000   0.0000   0.0000
    5598  -2.7976   1.7314  14.5370   0.0000   0.0000   0.0000
    5599  -2.1480   2.8467  14.6982   0.0000   0.0000   0.0000
    5600  -3.3938   2.4230  14.5576   0.0000   0.0000   0.0000
    5601  -2.9447   2.0361  14.4610   0.0000   0.0000   0.0000
    5602  -2.6331   1.3064  15.0070   0.0000   0.0000   0.0000
    5603  -3.5599   1.0300  14.3921   0.0000   0.0000   0.0000
    5604  -3.9537   2.0599  14.4546   0.0000   0.0000   0.0000
    5605  -3.6008   2.6535  14.7666   0.0000   0.0000   0.0000
    5606  -3.5567   2.2830  15.2954   0.0000   0.0000   0.0000
    5607  -3.4509   1.0934  15.2664   0.0000   0.0000   0.0000
    5608  -4.5977   1.0139  15.7177   0.0000   0.0000   0.0000
    5609  -3.8206   1.6002  15.8637   0.0000   0.0000   0.0000
    5610  -3.2695   1.9853  15.6457   0.0000   0.0000   0.0000
    5611  -3.1127   1.4787  15.3928   0.0000   0.0000   0.0000
    5612  -3.6971   1.2075  15.4173   0.0000   0.0000   0.0000
    5613  -3.8544   1.1528  14.3047   0.0000   0.0000   0.0000
    5614  -3.5973   1.5075  14.7501   0.0000   0.0000   0.0000
    5615  -3.5501   1.1978  15.7880   0.0000   0.0000   0.0000
    5616  -3.9141   0.7858  15.2825   0.0000   0.0000   0.0000
    5617  -3.0370   0.6014  15.3124   0.0000   0.0000   0.0000
    5618  -4.1478   0.9787  15.0042   0.0000   0.0000   0.0000
    5619  -2.7522   0.3716  14.9318   0.0000   0.0000   0.0000
    5620  -2.5067   0.2967  14.4438   0.0000   0.0000   0.0000
    5621  -3.7391   0.3044  15.4660   0.0000   0.0000   0.0000
    5622  -3.2948   0.6038  14.9968   0.0000   0.0000   0.0000
    5623  -3.7486  -0.0036  15.1486   0.0000   0.0000   0.0000
    5624  -3.0526   0.0515  15.0662   0.0000   0.0000   0.0000
    5625  -2.8928  -0.2242  15.0233   0.0000   0.0000   0.0000
    5626  -2.8729   0.1466  14.8576   0.0000   0.0000   0.0000
    5627  -3.1021   0.5298  15.2278   0.0000   0.0000   0.0000
    5628  -3.9705  -0.1660  15.5959   0.0000   0.0000   0.0000
    5629  -3.5325  -0.7919  15.7784   0.0000   0.0000   0.0000
    5630  -3.5832  -0.6212  15.7032   0.0000   0.0000   0.0000
    5631  -3.3430   0.3365  15.2870   0.0000   0.0000   0.0000
    5632  -3.7348   0.0885  14.4078   0.0000   0.0000   0.0000
    5633  -3.5258  -0.0587  15.2033   0.0000   0.0000   0.0000
    5634  -3.6154  -0.2682  14.6965   0.0000   0.0000   0.0000
    5635  -2.9355   0.5368  15.4708   0.0000   0.0000   0.0000
    5636  -3.4723  -0.8337  14.9460   0.0000   0.0000   0.0000
    5637  -3.6716  -0.7546  14.7954   0.0000   0.0000   0.0000
    5638  -3.5997  -1.1214  14.4993   0.0000   0.0000   0.0000
    5639  -3.3566  -1.2065  15.9696   0.0000   0.0000   0.0000
    5640  -3.7884  -0.4578  15.0353   0.0000   0.0000   0.0000
    5641  -3.2279   0.6352  15.4537   0.0000   0.0000   0.0000
    5642  -3.5133  -0.4288  15.3595   0.0000   0.0000   0.0000
    5643  -4.1518   0.0733  15.5337   0.0000   0.0000   0.0000
    5644  -3.8899   0.1830  14.4376   0.0000   0.0000   0.0000
    5645  -3.9174   0.7776  14.7969   0.0000   0.0000   0.0000
    5646  -3.7142   0.5068  15.2325   0.0000   0.0000   0.0000
    5647  -3.8321   1.5182  14.9042   0.0000   0.0000   0.0000
    5648  -3.7600   0.8043  14.8388   0.0000   0.0000   0.0000
    5649  -4.8403   0.8141  14.8044   0.0000   0.0000   0.0000
    5650  -4.5195   1.0672  14.9198   0.0000   0.0000   0.0000
    5651  -4.0069   0.6529  14.5469   0.0000   0.0000   0.0000
    5652  -3.8614   0.2546  13.5465   0.0000   0.0000   0.0000
    5653  -2.7875   0.0672  13.8364   0.0000   0.0000   0.0000
    5654  -3.5646   0.5435  14.4110   0.0000   0.0000   0.0000
    5655  -2.7887  -0.0612  13.9436   0.0000   0.0000   0.0000
    5656  -2.2331   0.2829  14.2841   0.0000   0.0000   0.0000
    5657  -3.3495   0.5028  13.8870   0.0000   0.0000   0.0000
    5658  -2.4269   1.0572  14.9646   0.0000   0.0000   0.0000
    5659  -2.2520   1.3135  14.3740   0.0000   0.0000   0.0000
    5660  -3.0828   1.7820  13.3191   0.0000   0.0000   0.0000
    5661  -3.6840   1.6319  13.5234   0.0000   0.0000   0.0000
    5662  -3.3670   1.8378  13.8358   0.0000   0.0000   0.0000
    5663  -2.9863   1.3265  13.7609   0.0000   0.0000   0.0000
    5664  -3.4340   0.9052  13.7515   0.0000   0.0000   0.0000
    5665  -3.7636   0.7997  13.8866   0.0000   0.0000   0.0000
    5666  -3.7850   0.8510  14.1882   0.0000   0.0000   0.0000
    5667  -2.5646   0.5691  13.3324   0.0000   0.0000   0.0000
    5668  -4.0868  -0.3320  13.1874   0.0000   0.0000   0.0000
    5669  -2.8516   0.1147  13.5780   0.0000   0.0000   0.0000
    5670  -3.0898   0.7957  12.8239   0.0000   0.0000   0.0000
    5671  -3.5531   0.2694  14.1009   0.0000   0.0000   0.0000
    5672  -4.5182  -1.1214  14.5223   0.0000   0.0000   0.0000
    5673  -3.5085  -0.2268  14.3254   0.0000   0.0000   0.0000
    5674  -3.3677   0.0817  13.6809   0.0000   0.0000   0.0000
    5675  -3.3888   0.9842  13.0175   0.0000   0.0000   0.0000
    5676  -3.2892   1.6757  14.2037   0.0000   0.0000   0.0000
    5677  -3.2265   0.3755  13.8529   0.0000   0.0000   0.0000
    5678  -2.7285   0.6529  13.8050   0.0000   0.0000   0.0000
    5679  -3.5492   1.1164  14.1558   0.0000   0.0000   0.0000
    5680  -3.3134   2.0814  14.1594   0.0000   0.0000   0.0000
    5681  -2.7774   2.0228  13.9875   0.0000   0.0000   0.0000
    5682  -2.5699   2.2364  14.4918   0.0000   0.0000   0.0000
    5683  -2.8650   1.8685  13.3571   0.0000   0.0000   0.0000
    5684  -3.7017   2.5675  14.2466   0.0000   0.0000   0.0000
    5685  -3.6439   2.0595  14.7156   0.0000   0.0000   0.0000
    5686  -3.4774   2.7099  13.9299   0.0000   0.0000   0.0000
    5687  -3.9798   2.8223  14.0216   0.0000   0.0000   0.0000
    5688  -3.4521   1.9393  14.3830   0.0000   0.0000   0.0000
    5689  -4.9025   1.7364  14.1585   0.0000   0.0000   0.0000
    5690  -3.9301   1.3945  14.3257   0.0000   0.0000   0.0000
    5691  -3.7676   1.0417  14.0571   0.0000   0.0000   0.0000
    5692  -3.4387   0.7224  14.1884   0.0000   0.0000   0.0000
    5693  -3.3636   1.2594  14.6288   0.0000   0.0000   0.0000
    5694  -2.9873   0.9243  15.0276   0.0000   0.0000   0.0000
    5695  -3.0711   1.1993  14.3825   0.0000   0.0000   0.0000
    5696  -3.0498   1.2227  13.9593   0.0000   0.0000   0.0000
    5697  -3.0615   1.5717  13.3877   0.0000   0.0000   0.0000
    5698  -2.1093   2.1455  13.2400   0.0000   0.0000   0.0000
    5699  -2.6126   1.8056  13.1243   0.0000   0.0000   0.0000
    5700  -2.7621   1.5229  14.1940   0.0000   0.0000   0.0000
    5701  -2.6706   1.5433  13.4208   0.0000   0.0000   0.0000
    5702  -2.8409   1.5307  13.9603   0.0000   0.0000   0.0000
    5703  -2.6375   1.2436  13.4103   0.0000   0.0000   0.0000
    5704  -1.8264   0.4560  14.3174   0.0000   0.0000   0.0000
    5705  -2.5714   0.8898  13.8451   0.0000   0.0000   0.0000
    5706  -2.5515   0.6775  14.4433   0.0000   0.0000   0.0000
    5707  -2.1600   0.6319  13.5348   0.0000   0.0000   0.0000
    5708  -2.7396   0.0859  13.7346   0.0000   0.0000   0.0000
    5709  -2.4889   0.3069  13.4920   0.0000   0.0000   0.0000
    5710  -2.2299   0.7532  14.0273   0.0000   0.0000   0.0000
    5711  -2.4557  -0.1391  14.0063   0.0000   0.0000   0.0000
    5712  -2.4997   0.0782  13.5197   0.0000   0.0000   0.0000
    5713  -2.6356  -0.5990  13.0509   0.0000   0.0000   0.0000
    5714  -2.5603  -0.3477  13.5846   0.0000   0.0000   0.0000
    5715  -2.4609  -0.5526  13.5016   0.0000   0.0000   0.0000
    5716  -1.3317  -0.6448  13.5299   0.0000   0.0000   0.0000
    5717  -1.2051  -0.9417  13.7625   0.0000   0.0000   0.0000
    5718  -1.0362  -0.1075  13.6548   0.0000   0.0000   0.0000
    5719  -1.0146   0.3154  13.7970   0.0000   0.0000   0.0000
    5720  -1.2493  -0.6778  14.2063   0.0000   0.0000   0.0000
    5721  -0.8257   0.0942  14.2425   0.0000   0.0000   0.0000
    5722  -1.1655   0.4799  14.2715   0.0000   0.0000   0.0000
    5723  -1.5124  -0.1060  14.6823   0.0000   0.0000   0.0000
    5724  -1.3184  -1.5385  14.3251   0.0000   0.0000   0.0000
    5725  -1.1422  -1.5283  13.3282   0.0000   0.0000   0.0000
    5726  -1.6377  -0.3548  14.3044   0.0000   0.0000   0.0000
    5727  -0.8544  -1.3158  14.0328   0.0000   0.0000   0.0000
    5728  -0.9139  -0.1736  14.7380   0.0000   0.0000   0.0000
    5729  -1.7248   0.1616  15.0254   0.0000   0.0000   0.0000
    5730  -1.0422  -0.4728  14.4135   0.0000   0.0000   0.0000
    5731  -1.3670  -0.7771  13.9284   0.0000   0.0000   0.0000
    5732  -1.4499   0.1959  13.4139   0.0000   0.0000   0.0000
    5733  -1.9652   0.6848  13.8952   0.0000   0.0000   0.0000
    5734  -1.3803   0.2295  14.1676   0.0000   0.0000   0.0000
    5735  -1.8266  -0.3759  14.3536   0.0000   0.0000   0.0000
    5736  -1.6161  -0.1601  14.1881   0.0000   0.0000   0.0000
    5737  -2.0474  -0.7937  14.6946   0.0000   0.0000   0.0000
    5738  -1.4437  -1.5395  15.0446   0.0000   0.0000   0.0000
    5739  -2.3586  -0.5179  15.6469   0.0000   0.0000   0.0000
    5740  -1.7434  -1.2689  14.4993   0.0000   0.0000   0.0000
    5741  -2.2053  -0.9305  14.6495   0.0000   0.0000   0.0000
    5742  -3.0402  -1.7627  14.3917   0.0000   0.0000   0.0000
    5743  -2.8686  -1.1516  13.5700   0.0000   0.0000   0.0000
    5744  -2.8976  -0.7738  14.7063   0.0000   0.0000   0.0000
    5745  -2.6498  -0.5953  14.2054   0.0000   0.0000   0.0000
    5746  -2.3908  -1.0544  14.2329   0.0000   0.0000   0.0000
    5747  -2.0652  -1.2822  13.8616   0.0000   0.0000   0.0000
    5748  -2.0425  -1.5788  14.5452   0.0000   0.0000   0.0000
    5749  -2.5082  -1.0664  14.5420   0.0000   0.0000   0.0000
    5750  -2.0186  -1.0965  14.2593   0.0000   0.0000   0.0000
    5751  -2.3656  -0.3822  14.8656   0.0000   0.0000   0.0000
    5752  -2.1294  -1.8243  15.0178   0.0000   0.0000   0.0000
    5753  -2.1598  -0.9220  14.5641   0.0000   0.0000   0.0000
    5754  -3.4968  -1.5190  14.2466   0.0000   0.0000   0.0000
    5755  -3.3003  -0.8000  14.1568   0.0000   0.0000   0.0000
    5756  -3.6893  -1.6877  14.8105   0.0000   0.0000   0.0000
    5757  -3.6456  -1.1954  14.7048   0.0000   0.0000   0.0000
    5758  -2.0664  -1.3881  14.6630   0.0000   0.0000   0.0000
    5759  -4.0888  -1.4265  13.9685   0.0000   0.0000   0.0000
    5760  -3.6396  -1.6767  13.9039   0.0000   0.0000   0.0000
    5761  -3.4991  -0.1043  14.6440   0.0000   0.0000   0.0000
    5762  -4.3988  -0.3853  15.3799   0.0000   0.0000   0.0000
    5763  -3.4944  -0.6028  15.5335   0.0000   0.0000   0.0000
    5764  -3.4948  -0.2737  15.3566   0.0000   0.0000   0.0000
    5765  -3.3894  -0.6292  15.4246   0.0000   0.0000   0.0000
    5766  -4.1249  -1.3194  15.8465   0.0000   0.0000   0.0000
    5767  -3.4096  -0.3484  15.8846   0.0000   0.0000   0.0000
    5768  -4.4823   0.7826  14.5711   0.0000   0.0000   0.0000
    5769  -3.9384   0.3820  14.1999   0.0000   0.0000   0.0000
    5770  -4.1614  -0.0718  13.6093   0.0000   0.0000   0.0000
    5771  -3.9695   0.8860  14.0149   0.0000   0.0000   0.0000
    5772  -3.2449  -0.0218  14.7792   0.0000   0.0000   0.0000
    5773  -4.3526  -0.0688  14.2030   0.0000   0.0000   0.0000
    5774  -3.4276  -0.1847  13.8423   0.0000   0.0000   0.0000
    5775  -3.6093  -0.4077  14.4536   0.0000   0.0000   0.0000
    5776  -3.1679  -0.5249  13.7474   0.0000   0.0000   0.0000
    5777  -2.6673  -0.3847  14.4895   0.0000   0.0000   0.0000
    5778  -3.4201  -0.2974  14.1927   0.0000   0.0000   0.0000
    5779  -4.1784   0.1539  14.0796   0.0000   0.0000   0.0000
    5780  -3.3541  -0.5152  13.9120   0.0000   0.0000   0.0000
    5781  -3.1649  -0.4410  14.1811   0.0000   0.0000   0.0000
    5782  -3.2846  -0.0761  13.8326   0.0000   0.0000   0.0000
    5783  -4.0492  -1.4166  15.4210   0.0000   0.0000   0.0000
    5784  -3.8450  -0.3287  15.6319   0.0000   0.0000   0.0000
    5785  -3.0205  -0.9756  15.4933   0.0000   0.0000   0.0000
    5786  -2.5472  -0.7118  15.5558   0.0000   0.0000   0.0000
    5787  -1.7469  -1.2545  15.2755   0.0000   0.0000   0.0000
    5788  -2.0799  -1.2330  15.1997   0.0000   0.0000   0.0000
    5789  -2.5321  -1.3967  15.8549   0.0000   0.0000   0.0000
    5790  -2.8374  -0.8166  16.1646   0.0000   0.0000   0.0000
    5791  -2.9619  -1.5338  15.7701   0.0000   0.0000   0.0000
    5792  -3.0161  -1.1833  16.0418   0.0000   0.0000   0.0000
    5793  -2.2187  -0.9588  15.5338   0.0000   0.0000   0.0000
    5794  -2.2357   0.0816  15.7550   0.0000   0.0000   0.0000
    5795  -3.6133  -0.6293  15.6809   0.0000   0.0000   0.0000
    5796  -2.8046  -0.0180  15.0394   0.0000   0.0000   0.0000
    5797  -2.7386  -0.3155  14.8750   0.0000   0.0000   0.0000
    5798  -2.5402  -0.1566  14.4912   0.0000   0.0000   0.0000
    5799  -2.3455   0.1790  13.7896   0.0000   0.0000   0.0000
    5800  -2.4342   0.5053  14.5077   0.0000   0.0000   0.0000
    5801  -3.3270   0.7450  14.3630   0.0000   0.0000   0.0000
    5802  -3.7546  -0.0992  14.1492   0.0000   0.0000   0.0000
    5803  -4.2644  -0.1898  14.6484   0.0000   0.0000   0.0000
    5804  -4.0505  -0.5475  14.3756   0.0000   0.0000   0.0000
    5805  -3.9460   0.4303  14.9682   0.0000   0.0000   0.0000
    5806  -3.8743  -0.1960  14.5598   0.0000   0.0000   0.0000
    5807  -4.5284  -0.7857  15.0071   0.0000   0.0000   0.0000
    5808  -4.7007  -1.0900  14.8401   0.0000   0.0000   0.0000
    5809  -4.0020  -1.4798  15.7924   0.0000   0.0000   0.0000
    5810  -3.6652  -1.3396  15.8884   0.0000   0.0000   0.0000
    5811  -4.6411  -1.4547  14.9343   0.0000   0.0000   0.0000
    5812  -4.6651  -0.3758  15.6498   0.0000   0.0000   0.0000
    5813  -3.3953  -1.1064  15.7555   0.0000   0.0000   0.0000
    5814  -3.3737  -2.0272  15.9888   0.0000   0.0000   0.0000
    5815  -3.0734  -0.5324  15.4545   0.0000   0.0000   0.0000
    5816  -3.0293  -1.2698  15.7268   0.0000   0.0000   0.0000
    5817  -3.6731  -0.8784  15.8665   0.0000   0.0000   0.0000
    5818  -3.8221  -0.5386  15.2920   0.0000   0.0000   0.0000
    5819  -3.8680  -0.4487  16.0685   0.0000   0.0000   0.0000
    5820  -4.4135  -0.3032  16.4161   0.0000   0.0000   0.0000
    5821  -3.9209  -0.4814  15.5260   0.0000   0.0000   0.0000
    5822  -4.8383   0.1785  15.9527   0.0000   0.0000   0.0000
    5823  -3.1618  -0.6473  15.8668   0.0000   0.0000   0.0000
    5824  -3.3606  -0.0744  15.7192   0.0000   0.0000   0.0000
    5825  -2.9637  -0.5094  16.1731   0.0000   0.0000   0.0000
    5826  -3.7389  -0.3350  15.8817   0.0000   0.0000   0.0000
    5827  -3.0034   0.0213  16.1092   0.0000   0.0000   0.0000
    5828  -3.6476   0.1009  16.1529   0.0000   0.0000   0.0000
    5829  -4.3187  -0.6491  15.4345   0.0000   0.0000   0.0000
    5830  -3.7044  -0.2360  15.2218   0.0000   0.0000   0.0000
    5831  -4.0768   0.4198  15.5434   0.0000   0.0000   0.0000
    5832  -2.7183   0.4926  15.5475   0.0000   0.0000   0.0000
    5833  -3.4702  -0.2197  15.6642   0.0000   0.0000   0.0000
    5834  -4.0091  -0.1484  15.5222   0.0000   0.0000   0.0000
    5835  -2.7567  -0.6823  15.7788   0.0000   0.0000   0.0000
    5836  -2.9127  -1.1687  15.6024   0.0000   0.0000   0.0000
    5837  -2.8132  -0.7457  15.9055   0.0000   0.0000   0.0000
    5838  -3.7224  -0.5608  16.4006   0.0000   0.0000   0.0000
    5839  -2.6280  -0.5627  15.8813   0.0000   0.0000   0.0000
    5840  -3.4362  -0.5108  16.6472   0.0000   0.0000   0.0000
    5841  -2.7238  -0.8234  16.3085   0.0000   0.0000   0.0000
    5842  -3.1801  -1.1514  16.3275   0.0000   0.0000   0.0000
    5843  -2.7720  -0.4042  16.9439   0.0000   0.0000   0.0000
    5844  -2.4217  -0.6584  16.5291   0.0000   0.0000   0.0000
    5845  -2.4116  -0.5636  16.6717   0.0000   0.0000   0.0000
    5846  -2.0921  -1.4092  16.2487   0.0000   0.0000   0.0000
    5847  -2.6681  -0.9357  16.5619   0.0000   0.0000   0.0000
    5848  -2.9011  -0.6707  16.7148   0.0000   0.0000   0.0000
    5849  -2.8930  -0.2676  17.5049   0.0000   0.0000   0.0000
    5850  -2.6438  -0.3481  16.5515   0.0000   0.0000   0.0000
    5851  -2.8938  -0.2698  16.4630   0.0000   0.0000   0.0000
    5852  -2.6000   0.4734  16.4710   0.0000   0.0000   0.0000
    5853  -2.2675  -0.1642  17.1226   0.0000   0.0000   0.0000
    5854  -3.0354  -0.7296  16.6832   0.0000   0.0000   0.0000
    5855  -3.1821  -0.2905  16.5249   0.0000   0.0000   0.0000
    5856  -3.3825  -1.4369  16.9539   0.0000   0.0000   0.0000
    5857  -3.0984  -1.6320  16.1859   0.0000   0.0000   0.0000
    5858  -3.8931  -1.8263  16.3901   0.0000   0.0000   0.0000
    5859  -3.5908  -1.6969  16.7302   0.0000   0.0000   0.0000
    5860  -2.8384  -1.6286  16.8202   0.0000   0.0000   0.0000
    5861  -2.5695  -0.1490  16.9350   0.0000   0.0000   0.0000
    5862  -3.3639  -1.1474  16.6913   0.0000   0.0000   0.0000
    5863  -3.3161  -0.9363  16.6076   0.0000   0.0000   0.0000
    5864  -2.5840  -0.2668  16.7258   0.0000   0.0000   0.0000
    5865  -3.6058  -1.3777  16.3088   0.0000   0.0000   0.0000
    5866  -3.8727  -2.6768  16.5937   0.0000   0.0000   0.0000
    5867  -4.5200  -1.4077  16.3776   0.0000   0.0000   0.0000
    5868  -3.9958  -1.5897  16.4586   0.0000   0.0000   0.0000
    5869  -3.4245  -2.0482  15.9555   0.0000   0.0000   0.0000
    5870  -3.9447  -1.9965  16.3554   0.0000   0.0000   0.0000
    5871  -3.2589  -2.3935  16.4947   0.0000   0.0000   0.0000
    5872  -3.4592  -2.0145  17.2347   0.0000   0.0000   0.0000
    5873  -3.1215  -1.9168  17.0217   0.0000   0.0000   0.0000
    5874  -4.1298  -1.7816  17.0361   0.0000   0.0000   0.0000
    5875  -3.0451  -1.5907  17.5375   0.0000   0.0000   0.0000
    5876  -2.9526  -2.1826  17.3370   0.0000   0.0000   0.0000
    5877  -3.0238  -2.4862  16.8655   0.0000   0.0000   0.0000
    5878  -2.2991  -2.7571  17.2161   0.0000   0.0000   0.0000
    5879  -3.3509  -1.9790  17.0715   0.0000   0.0000   0.0000
    5880  -3.0940  -2.4576  16.5376   0.0000   0.0000   0.0000
    5881  -3.3389  -2.5523  17.4048   0.0000   0.0000   0.0000
    5882  -3.0250  -2.7863  16.7821   0.0000   0.0000   0.0000
    5883  -2.9048  -2.5227  17.5188   0.0000   0.0000   0.0000
    5884  -2.7929  -2.2066  17.9374   0.0000   0.0000   0.0000
    5885  -1.8491  -1.2704  17.9306   0.0000   0.0000   0.0000
    5886  -2.3483  -2.0289  17.5913   0.0000   0.0000   0.0000
    5887  -1.7984  -1.9509  17.4673   0.0000   0.0000   0.0000
    5888  -2.9066  -1.9203  17.1648   0.0000   0.0000   0.0000
    5889  -2.1580  -1.4757  16.7815   0.0000   0.0000   0.0000
    5890  -2.8843  -2.1963  16.6889   0.0000   0.0000   0.0000
    5891  -3.0037  -1.8447  16.5326   0.0000   0.0000   0.0000
    5892  -2.6110  -1.5500  16.3337   0.0000   0.0000   0.0000
    5893  -3.5072  -1.1979  16.7257   0.0000   0.0000   0.0000
    5894  -2.4307   0.0156  16.3830   0.0000   0.0000   0.0000
    5895  -2.4220  -0.9361  16.3796   0.0000   0.0000   0.0000
    5896  -2.5830  -1.1892  15.6343   0.0000   0.0000   0.0000
    5897  -2.8072  -1.4771  15.7402   0.0000   0.0000   0.0000
    5898  -2.7587  -0.4531  15.4794   0.0000   0.0000   0.0000
    5899  -3.6883  -0.9588  15.4588   0.0000   0.0000   0.0000
    5900  -3.8073  -1.2628  15.6429   0.0000   0.0000   0.0000
    5901  -4.2750  -2.3652  16.0781   0.0000   0.0000   0.0000
    5902  -3.3617  -1.3625  16.3563   0.0000   0.0000   0.0000
    5903  -3.8418  -0.6977  15.8706   0.0000   0.0000   0.0000
    5904  -3.3610  -0.7865  16.3937   0.0000   0.0000   0.0000
    5905  -3.1333  -0.9668  16.8085   0.0000   0.0000   0.0000
    5906  -2.6670  -0.9862  16.8221   0.0000   0.0000   0.0000
    5907  -3.9402  -0.3831  17.5676   0.0000   0.0000   0.0000
    5908  -4.2455  -1.1506  17.4483   0.0000   0.0000   0.0000
    5909  -3.1126  -1.1600  17.3948   0.0000   0.0000   0.0000
    5910  -2.1948  -0.3828  17.9836   0.0000   0.0000   0.0000
    5911  -3.2779  -0.8603  17.3689   0.0000   0.0000   0.0000
    5912  -2.6271  -1.2015  16.6133   0.0000   0.0000   0.0000
    5913  -3.3960  -1.0542  16.2437   0.0000   0.0000   0.0000
    5914  -3.1083  -1.1613  16.5868   0.0000   0.0000   0.0000
    5915  -3.8250  -0.5787  16.7451   0.0000   0.0000   0.0000
    5916  -3.6995  -0.2202  16.2315   0.0000   0.0000   0.0000
    5917  -3.3537  -0.7970  17.0049   0.0000   0.0000   0.0000
    5918  -3.6181  -0.6658  17.0012   0.0000   0.0000   0.0000
    5919  -3.4002  -0.5824  16.5549   0.0000   0.0000   0.0000
    5920  -4.0442  -0.1262  17.1282   0.0000   0.0000   0.0000
    5921  -4.1002   0.1305  16.3989   0.0000   0.0000   0.0000
    5922  -3.3795  -0.1194  16.4916   0.0000   0.0000   0.0000
    5923  -4.0331   0.1226  16.5666   0.0000   0.0000   0.0000
    5924  -3.1968  -0.0575  15.9026   0.0000   0.0000   0.0000
    5925  -2.7782   0.0235  17.0687   0.0000   0.0000   0.0000
    5926  -4.5681  -0.3209  16.3845   0.0000   0.0000   0.0000
    5927  -3.5684  -0.5120  16.1727   0.0000   0.0000   0.0000
    5928  -2.9618  -0.4459  16.6205   0.0000   0.0000   0.0000
    5929  -3.3992  -0.5933  15.9378   0.0000   0.0000   0.0000
    5930  -2.9766  -0.0242  16.3659   0.0000   0.0000   0.0000
    5931  -3.2750   0.0172  16.2198   0.0000   0.0000   0.0000
    5932  -3.6406   0.2529  16.6237   0.0000   0.0000   0.0000
    5933  -4.3013  -0.2977  16.3969   0.0000   0.0000   0.0000
    5934  -3.9982  -0.2229  16.2049   0.0000   0.0000   0.0000
    5935  -3.9289  -0.0712  16.1803   0.0000   0.0000   0.0000
    5936  -3.7668   0.7731  15.3198   0.0000   0.0000   0.0000
    5937  -2.0736   0.3261  15.5445   0.0000   0.0000   0.0000
    5938  -2.3686   0.6212  15.8623   0.0000   0.0000   0.0000
    5939  -2.3154  -0.0670  15.6030   0.0000   0.0000   0.0000
    5940  -3.0194   0.5886  15.6428   0.0000   0.0000   0.0000
    5941  -3.6582   0.1877  16.3715   0.0000   0.0000   0.0000
    5942  -3.3091  -0.0918  16.2923   0.0000   0.0000   0.0000
    5943  -3.1823  -0.0440  15.9350   0.0000   0.0000   0.0000
    5944  -3.6097   0.3903  16.3402   0.0000   0.0000   0.0000
    5945  -3.2742  -0.5495  16.5133   0.0000   0.0000   0.0000
    5946  -3.9353  -0.1341  16.3171   0.0000   0.0000   0.0000
    5947  -3.2223  -0.1573  16.3801   0.0000   0.0000   0.0000
    5948  -2.9946  -0.4198  16.7362   0.0000   0.0000   0.0000
    5949  -2.3471  -0.1235  16.7082   0.0000   0.0000   0.0000
    5950  -3.2412  -1.1320  16.1051   0.0000   0.0000   0.0000
    5951  -2.7646  -0.1187  16.1342   0.0000   0.0000   0.0000
    5952  -2.9743   0.0770  16.6046   0.0000   0.0000   0.0000
    5953  -3.0940  -0.8267  15.5739   0.0000   0.0000   0.0000
    5954  -3.7346  -0.6521  14.9937   0.0000   0.0000   0.0000
    5955  -3.7971  -0.5462  15.6610   0.0000   0.0000   0.0000
    5956  -4.1302  -0.3871  15.9344   0.0000   0.0000   0.0000
    5957  -3.2187  -0.1437  15.8408   0.0000   0.0000   0.0000
    5958  -4.3525   0.4460  16.3671   0.0000   0.0000   0.0000
    5959  -3.8808   0.4564  16.3164   0.0000   0.0000   0.0000
    5960  -3.9979   0.1515  16.3734   0.0000   0.0000   0.0000
    5961  -3.9565  -0.0883  16.7881   0.0000   0.0000   0.0000
    5962  -3.9801   0.4454  16.3956   0.0000   0.0000   0.0000
    5963  -3.1998   1.0944  16.6831   0.0000   0.0000   0.0000
    5964  -4.2232  -0.1691  17.3232   0.0000   0.0000   0.0000
    5965  -3.7008   0.7500  16.7201   0.0000   0.0000   0.0000
    5966  -3.4212   1.2134  16.8202   0.0000   0.0000   0.0000
    5967  -3.7706   1.8080  16.7684   0.0000   0.0000   0.0000
    5968  -3.4584   1.2537  16.9231   0.0000   0.0000   0.0000
    5969  -3.5199   1.4435  16.7973   0.0000   0.0000   0.0000
    5970  -4.1687   0.9643  16.5925   0.0000   0.0000   0.0000
    5971  -4.0153   1.0158  16.3530   0.0000   0.0000   0.0000
    5972  -4.0703  -0.0857  15.7224   0.0000   0.0000   0.0000
