#Frame                                                     D36
       1  -3.5669   4.0176  13.7080   0.0000   0.0000   0.0000
       2  -3.5975   2.7412  13.2933   0.0000   0.0000   0.0000
       3  -3.8303   3.5598  13.4200   0.0000   0.0000   0.0000
       4  -3.0514   3.1859  14.0916   0.0000   0.0000   0.0000
       5  -2.5803   3.1026  14.7509   0.0000   0.0000   0.0000
       6  -2.2403   3.7300  13.9211   0.0000   0.0000   0.0000
       7  -3.2694   4.5805  14.7010   0.0000   0.0000   0.0000
       8  -2.6590   3.7980  13.8859   0.0000   0.0000   0.0000
       9  -1.2985   3.3850  13.0363   0.0000   0.0000   0.0000
      10  -2.7869   4.2046  13.7510   0.0000   0.0000   0.0000
      11  -2.4469   3.6628  13.4154   0.0000   0.0000   0.0000
      12  -2.5835   3.4352  12.7650   0.0000   0.0000   0.0000
      13  -2.6388   3.9998  12.3365   0.0000   0.0000   0.0000
      14  -2.4646   4.0480  12.5249   0.0000   0.0000   0.0000
      15  -2.5046   4.0564  12.6782   0.0000   0.0000   0.0000
      16  -2.9907   3.7874  12.5708   0.0000   0.0000   0.0000
      17  -3.4855   3.6832  12.1674   0.0000   0.0000   0.0000
      18  -3.0914   3.5545  13.7929   0.0000   0.0000   0.0000
      19  -3.1751   3.4277  14.1899   0.0000   0.0000   0.0000
      20  -3.1330   3.5555  13.7034   0.0000   0.0000   0.0000
      21  -3.4031   4.1093  13.3106   0.0000   0.0000   0.0000
      22  -2.3218   4.3795  13.3663   0.0000   0.0000   0.0000
      23  -3.4511   4.4320  13.0527   0.0000   0.0000   0.0000
      24  -4.1250   3.7890  13.7170   0.0000   0.0000   0.0000
      25  -3.5545   4.9029  13.4897   0.0000   0.0000   0.0000
      26  -4.5911   4.5536  13.1838   0.0000   0.0000   0.0000
      27  -2.5627   5.0714  12.6547   0.0000   0.0000   0.0000
      28  -2.7393   5.2049  12.8440   0.0000   0.0000   0.0000
      29  -2.3184   5.3399  12.2599   0.0000   0.0000   0.0000
      30  -2.8698   5.2659  12.2387   0.0000   0.0000   0.0000
      31  -3.0368   6.2682  12.0976   0.0000   0.0000   0.0000
      32  -3.0160   4.8868  13.4175   0.0000   0.0000   0.0000
      33  -2.3676   5.3037  13.2695   0.0000   0.0000   0.0000
      34  -2.9764   5.1980  13.0644   0.0000   0.0000   0.0000
      35  -2.7941   5.1862  12.5409   0.0000   0.0000   0.0000
      36  -3.1453   4.6705  12.7762   0.0000   0.0000   0.0000
      37  -3.5062   6.1686  12.1849   0.0000   0.0000   0.0000
      38  -2.4994   6.2626  11.7696   0.0000   0.0000   0.0000
      39  -2.4002   5.5976  12.0211   0.0000   0.0000   0.0000
      40  -3.0336   6.0303  12.1030   0.0000   0.0000   0.0000
      41  -3.8375   6.6274  11.6997   0.0000   0.0000   0.0000
      42  -3.2848   6.6943  11.2546   0.0000   0.0000   0.0000
      43  -3.8626   6.1885  11.7159   0.0000   0.0000   0.0000
      44  -4.2211   5.8270  11.5556   0.0000   0.0000   0.0000
      45  -3.9258   5.1431  12.0739   0.0000   0.0000   0.0000
      46  -4.2595   5.5922  11.5287   0.0000   0.0000   0.0000
      47  -4.6216   5.9874  11.4603   0.0000   0.0000   0.0000
      48  -4.6586   5.9228  11.8110   0.0000   0.0000   0.0000
      49  -4.0508   6.0315  12.1225   0.0000   0.0000   0.0000
      50  -4.3887   5.4625  12.5567   0.0000   0.0000   0.0000
      51  -3.7955   4.7928  12.7354   0.0000   0.0000   0.0000
      52  -4.2052   5.0597  12.0505   0.0000   0.0000   0.0000
      53  -3.9489   4.9997  12.5929   0.0000   0.0000   0.0000
      54  -4.2185   4.9975  12.6804   0.0000   0.0000   0.0000
      55  -4.3524   4.7450  12.6301   0.0000   0.0000   0.0000
      56  -4.2705   4.7362  11.9205   0.0000   0.0000   0.0000
      57  -3.8685   5.4658  11.7493   0.0000   0.0000   0.0000
      58  -3.4629   4.5455  12.5355   0.0000   0.0000   0.0000
      59  -4.1303   5.0409  12.0014   0.0000   0.0000   0.0000
      60  -3.3838   4.5473  12.1409   0.0000   0.0000   0.0000
      61  -2.6214   4.7964  12.3175   0.0000   0.0000   0.0000
      62  -3.0643   5.2557  12.6873   0.0000   0.0000   0.0000
      63  -2.9915   4.6393  13.1408   0.0000   0.0000   0.0000
      64  -2.0960   4.3917  12.9709   0.0000   0.0000   0.0000
      65  -3.2125   4.4153  12.5034   0.0000   0.0000   0.0000
      66  -2.8473   4.5170  12.8204   0.0000   0.0000   0.0000
      67  -3.4344   5.4331  12.8297   0.0000   0.0000   0.0000
      68  -3.3391   5.4775  12.4691   0.0000   0.0000   0.0000
      69  -3.2942   4.7496  12.0434   0.0000   0.0000   0.0000
      70  -3.0214   4.9313  11.3825   0.0000   0.0000   0.0000
      71  -3.0323   5.6883  11.2663   0.0000   0.0000   0.0000
      72  -2.3533   5.6464  11.1796   0.0000   0.0000   0.0000
      73  -2.9151   5.3693  11.3582   0.0000   0.0000   0.0000
      74  -3.1121   4.9987  11.3638   0.0000   0.0000   0.0000
      75  -2.7620   5.0838  10.3398   0.0000   0.0000   0.0000
      76  -3.1345   5.8816  11.0425   0.0000   0.0000   0.0000
      77  -3.1432   4.7239  10.9677   0.0000   0.0000   0.0000
      78  -3.2404   3.4830  12.9036   0.0000   0.0000   0.0000
      79  -2.5781   4.2964  11.3996   0.0000   0.0000   0.0000
      80  -3.8997   4.7304  11.4701   0.0000   0.0000   0.0000
      81  -3.1670   5.1572  11.7823   0.0000   0.0000   0.0000
      82  -4.2637   4.4730  12.0445   0.0000   0.0000   0.0000
      83  -3.3434   5.3814  11.6670   0.0000   0.0000   0.0000
      84  -3.6484   4.7460  11.3782   0.0000   0.0000   0.0000
      85  -3.0901   4.4489  12.0264   0.0000   0.0000   0.0000
      86  -3.2423   4.7339  11.2903   0.0000   0.0000   0.0000
      87  -3.3121   4.9935  11.5317   0.0000   0.0000   0.0000
      88  -3.4601   4.9927  11.1283   0.0000   0.0000   0.0000
      89  -4.2656   4.4337  11.1221   0.0000   0.0000   0.0000
      90  -2.5529   5.9169  11.5191   0.0000   0.0000   0.0000
      91  -3.0894   5.8835  11.7807   0.0000   0.0000   0.0000
      92  -2.6503   5.9988  11.7601   0.0000   0.0000   0.0000
      93  -2.7445   4.5252  11.9227   0.0000   0.0000   0.0000
      94  -3.3167   5.5286  12.3408   0.0000   0.0000   0.0000
      95  -2.7990   6.0215  12.0925   0.0000   0.0000   0.0000
      96  -2.7961   5.4639  12.1075   0.0000   0.0000   0.0000
      97  -2.9663   5.3439  12.4159   0.0000   0.0000   0.0000
      98  -3.5418   4.5829  12.2578   0.0000   0.0000   0.0000
      99  -2.8121   4.9185  12.4542   0.0000   0.0000   0.0000
     100  -2.5505   5.2429  12.4464   0.0000   0.0000   0.0000
     101  -2.8450   5.5312  12.0404   0.0000   0.0000   0.0000
     102  -2.9707   5.3763  11.8759   0.0000   0.0000   0.0000
     103  -3.6617   5.5186  11.4806   0.0000   0.0000   0.0000
     104  -3.8956   5.3460  12.2895   0.0000   0.0000   0.0000
     105  -4.0163   5.1276  11.7976   0.0000   0.0000   0.0000
     106  -3.4553   6.7829  11.7215   0.0000   0.0000   0.0000
     107  -2.8709   5.6110  11.7167   0.0000   0.0000   0.0000
     108  -3.4799   5.9251  12.0333   0.0000   0.0000   0.0000
     109  -3.4493   5.5252  11.5096   0.0000   0.0000   0.0000
     110  -3.3491   5.2247  12.4097   0.0000   0.0000   0.0000
     111  -3.4534   5.5074  12.0314   0.0000   0.0000   0.0000
     112  -3.9680   5.8657  11.8681   0.0000   0.0000   0.0000
     113  -2.9687   5.7729  11.8043   0.0000   0.0000   0.0000
     114  -3.4735   5.8321  12.1796   0.0000   0.0000   0.0000
     115  -4.0829   5.0498  11.9701   0.0000   0.0000   0.0000
     116  -4.5192   5.5176  11.5636   0.0000   0.0000   0.0000
     117  -3.8200   5.7490  11.3849   0.0000   0.0000   0.0000
     118  -4.5588   5.3166  11.3719   0.0000   0.0000   0.0000
     119  -4.9216   5.4669  11.3649   0.0000   0.0000   0.0000
     120  -5.4411   6.2575  11.2815   0.0000   0.0000   0.0000
     121  -5.0922   6.5447  11.7644   0.0000   0.0000   0.0000
     122  -4.9532   5.9454  11.4611   0.0000   0.0000   0.0000
     123  -5.7914   6.7129  12.3273   0.0000   0.0000   0.0000
     124  -6.0485   6.1899  12.4005   0.0000   0.0000   0.0000
     125  -4.7638   6.7402  11.5691   0.0000   0.0000   0.0000
     126  -4.9722   6.4051  11.6356   0.0000   0.0000   0.0000
     127  -4.6438   6.5284  11.1566   0.0000   0.0000   0.0000
     128  -4.1103   6.6114  12.0882   0.0000   0.0000   0.0000
     129  -4.8208   7.1053  12.1269   0.0000   0.0000   0.0000
     130  -4.4025   6.3409  12.1685   0.0000   0.0000   0.0000
     131  -4.0300   5.4853  12.2782   0.0000   0.0000   0.0000
     132  -4.3886   5.7689  12.8900   0.0000   0.0000   0.0000
     133  -3.8904   6.4650  13.1437   0.0000   0.0000   0.0000
     134  -4.3651   5.3334  13.1399   0.0000   0.0000   0.0000
     135  -4.4708   4.9767  13.0198   0.0000   0.0000   0.0000
     136  -5.1261   5.2949  12.9390   0.0000   0.0000   0.0000
     137  -4.5345   5.0212  13.4850   0.0000   0.0000   0.0000
     138  -5.1946   4.4702  12.0565   0.0000   0.0000   0.0000
     139  -4.8207   4.1677  12.9231   0.0000   0.0000   0.0000
     140  -5.3871   4.3503  12.9519   0.0000   0.0000   0.0000
     141  -5.1848   5.4626  12.4450   0.0000   0.0000   0.0000
     142  -4.2110   4.8949  12.1187   0.0000   0.0000   0.0000
     143  -4.9668   5.0259  11.6663   0.0000   0.0000   0.0000
     144  -4.1377   6.1616  11.7191   0.0000   0.0000   0.0000
     145  -4.2034   4.9986  11.9578   0.0000   0.0000   0.0000
     146  -3.0073   5.1914  12.3119   0.0000   0.0000   0.0000
     147  -3.2647   5.2684  12.1716   0.0000   0.0000   0.0000
     148  -3.8036   5.9220  12.1015   0.0000   0.0000   0.0000
     149  -4.6151   4.7433  13.4684   0.0000   0.0000   0.0000
     150  -3.5489   5.0233  12.7754   0.0000   0.0000   0.0000
     151  -3.7637   5.5632  12.3555   0.0000   0.0000   0.0000
     152  -3.6221   5.7978  13.0122   0.0000   0.0000   0.0000
     153  -4.2811   5.1532  12.1178   0.0000   0.0000   0.0000
     154  -3.4186   4.7650  13.1217   0.0000   0.0000   0.0000
     155  -3.4035   4.3273  12.9406   0.0000   0.0000   0.0000
     156  -3.0127   4.5658  12.3237   0.0000   0.0000   0.0000
     157  -3.8222   4.4980  13.1189   0.0000   0.0000   0.0000
     158  -3.3618   4.8945  13.0286   0.0000   0.0000   0.0000
     159  -4.4525   4.6915  12.4926   0.0000   0.0000   0.0000
     160  -4.3275   4.9277  12.7828   0.0000   0.0000   0.0000
     161  -3.9731   4.8854  11.7209   0.0000   0.0000   0.0000
     162  -4.5230   4.6692  11.8086   0.0000   0.0000   0.0000
     163  -2.7878   3.9631  11.4690   0.0000   0.0000   0.0000
     164  -3.4114   3.8668  11.2806   0.0000   0.0000   0.0000
     165  -3.1368   3.7130  12.0745   0.0000   0.0000   0.0000
     166  -3.3897   3.9397  11.6796   0.0000   0.0000   0.0000
     167  -2.7866   4.2557  11.4803   0.0000   0.0000   0.0000
     168  -3.3209   4.0935  11.0763   0.0000   0.0000   0.0000
     169  -3.3762   5.2757  11.2350   0.0000   0.0000   0.0000
     170  -3.4404   4.3721  11.8113   0.0000   0.0000   0.0000
     171  -3.3945   4.6345  11.1794   0.0000   0.0000   0.0000
     172  -2.7034   3.9671  11.1958   0.0000   0.0000   0.0000
     173  -4.2610   4.2653  10.8527   0.0000   0.0000   0.0000
     174  -4.3303   4.2805  11.4120   0.0000   0.0000   0.0000
     175  -3.7171   4.7394  12.2130   0.0000   0.0000   0.0000
     176  -3.5757   3.9591  11.9964   0.0000   0.0000   0.0000
     177  -3.3951   3.6717  11.7574   0.0000   0.0000   0.0000
     178  -3.1829   4.5582  11.6781   0.0000   0.0000   0.0000
     179  -3.6318   4.2508  12.2280   0.0000   0.0000   0.0000
     180  -3.3476   3.9454  12.4945   0.0000   0.0000   0.0000
     181  -3.6811   3.7743  12.1142   0.0000   0.0000   0.0000
     182  -3.8662   4.8762  13.3927   0.0000   0.0000   0.0000
     183  -3.8703   5.1759  12.6946   0.0000   0.0000   0.0000
     184  -4.0965   4.0007  12.4454   0.0000   0.0000   0.0000
     185  -3.5568   4.5592  12.2165   0.0000   0.0000   0.0000
     186  -3.6793   5.1554  12.3748   0.0000   0.0000   0.0000
     187  -2.7855   4.6783  12.2489   0.0000   0.0000   0.0000
     188  -3.3708   4.5953  13.5082   0.0000   0.0000   0.0000
     189  -2.9813   4.7493  12.6597   0.0000   0.0000   0.0000
     190  -3.0798   5.1610  12.6590   0.0000   0.0000   0.0000
     191  -3.4070   5.0947  12.6964   0.0000   0.0000   0.0000
     192  -2.0084   6.0492  13.1107   0.0000   0.0000   0.0000
     193  -2.3088   5.4556  13.0933   0.0000   0.0000   0.0000
     194  -2.8535   5.1532  12.7445   0.0000   0.0000   0.0000
     195  -3.1922   4.8729  12.8340   0.0000   0.0000   0.0000
     196  -3.0290   4.5025  13.1620   0.0000   0.0000   0.0000
     197  -2.7224   4.8318  13.5332   0.0000   0.0000   0.0000
     198  -2.3410   5.0116  14.3187   0.0000   0.0000   0.0000
     199  -2.6204   4.7951  13.2380   0.0000   0.0000   0.0000
     200  -2.5468   5.1852  12.9801   0.0000   0.0000   0.0000
     201  -2.5236   4.5254  13.2655   0.0000   0.0000   0.0000
     202  -3.2290   4.4732  14.1699   0.0000   0.0000   0.0000
     203  -2.8932   4.4949  13.4787   0.0000   0.0000   0.0000
     204  -3.1159   4.6309  13.4412   0.0000   0.0000   0.0000
     205  -2.1101   4.0488  14.3365   0.0000   0.0000   0.0000
     206  -1.7908   4.1969  14.2120   0.0000   0.0000   0.0000
     207  -1.5096   3.9575  13.0876   0.0000   0.0000   0.0000
     208  -1.3349   4.0825  14.4302   0.0000   0.0000   0.0000
     209  -1.4680   3.9235  14.3800   0.0000   0.0000   0.0000
     210  -1.6565   3.4053  14.7650   0.0000   0.0000   0.0000
     211  -2.0278   3.9692  14.1844   0.0000   0.0000   0.0000
     212  -1.4633   4.5884  13.7738   0.0000   0.0000   0.0000
     213  -0.8260   6.1682  13.0852   0.0000   0.0000   0.0000
     214  -1.2178   3.8872  14.3576   0.0000   0.0000   0.0000
     215  -1.3895   5.0777  14.7557   0.0000   0.0000   0.0000
     216  -2.4811   4.5133  14.0668   0.0000   0.0000   0.0000
     217  -1.7552   3.9047  15.5037   0.0000   0.0000   0.0000
     218  -2.4667   3.8959  14.6075   0.0000   0.0000   0.0000
     219  -2.8652   4.4643  13.9499   0.0000   0.0000   0.0000
     220  -2.8824   3.6592  15.0335   0.0000   0.0000   0.0000
     221  -2.2000   3.4875  14.7023   0.0000   0.0000   0.0000
     222  -3.2864   4.4399  13.9603   0.0000   0.0000   0.0000
     223  -2.5795   4.1652  14.4985   0.0000   0.0000   0.0000
     224  -3.6825   4.9189  12.5632   0.0000   0.0000   0.0000
     225  -3.0048   6.0223  12.9518   0.0000   0.0000   0.0000
     226  -3.3565   5.3363  13.7260   0.0000   0.0000   0.0000
     227  -4.0193   4.8972  12.6430   0.0000   0.0000   0.0000
     228  -3.7507   4.8950  12.7309   0.0000   0.0000   0.0000
     229  -3.6017   4.4103  13.7071   0.0000   0.0000   0.0000
     230  -4.0932   4.6057  13.0574   0.0000   0.0000   0.0000
     231  -2.9494   4.4820  12.8109   0.0000   0.0000   0.0000
     232  -3.5689   3.8361  14.3265   0.0000   0.0000   0.0000
     233  -3.1754   3.5546  14.6187   0.0000   0.0000   0.0000
     234  -3.1191   4.1020  13.2774   0.0000   0.0000   0.0000
     235  -2.9700   3.8437  13.3483   0.0000   0.0000   0.0000
     236  -4.2233   4.3824  13.6250   0.0000   0.0000   0.0000
     237  -3.7169   4.0303  13.1827   0.0000   0.0000   0.0000
     238  -3.3987   4.9756  13.0207   0.0000   0.0000   0.0000
     239  -4.1975   4.3462  13.5643   0.0000   0.0000   0.0000
     240  -3.2529   4.3351  12.9115   0.0000   0.0000   0.0000
     241  -3.2155   4.8430  12.3028   0.0000   0.0000   0.0000
     242  -4.1619   3.7113  12.5755   0.0000   0.0000   0.0000
     243  -4.1777   4.2643  12.5036   0.0000   0.0000   0.0000
     244  -3.1843   4.2700  12.2918   0.0000   0.0000   0.0000
     245  -3.5504   4.4453  12.5645   0.0000   0.0000   0.0000
     246  -2.7890   4.6648  13.2283   0.0000   0.0000   0.0000
     247  -1.7337   4.8521  12.5358   0.0000   0.0000   0.0000
     248  -3.3954   4.1537  12.6462   0.0000   0.0000   0.0000
     249  -2.4396   4.9175  12.0667   0.0000   0.0000   0.0000
     250  -3.1234   4.5745  12.0674   0.0000   0.0000   0.0000
     251  -3.1127   5.1732  11.9934   0.0000   0.0000   0.0000
     252  -2.5561   4.4818  12.5602   0.0000   0.0000   0.0000
     253  -2.9827   5.1086  12.3713   0.0000   0.0000   0.0000
     254  -1.6356   5.2358  13.0520   0.0000   0.0000   0.0000
     255  -3.1266   5.3929  12.9447   0.0000   0.0000   0.0000
     256  -2.3368   3.7296  13.3051   0.0000   0.0000   0.0000
     257  -2.8892   4.6271  12.9304   0.0000   0.0000   0.0000
     258  -2.5148   4.8299  13.5233   0.0000   0.0000   0.0000
     259  -3.1422   4.6034  13.3987   0.0000   0.0000   0.0000
     260  -2.0472   4.4321  13.1986   0.0000   0.0000   0.0000
     261  -3.4569   5.1591  12.9185   0.0000   0.0000   0.0000
     262  -3.6918   4.9416  13.3625   0.0000   0.0000   0.0000
     263  -2.3234   4.7519  13.9337   0.0000   0.0000   0.0000
     264  -2.6714   4.2942  13.1043   0.0000   0.0000   0.0000
     265  -2.0488   3.7974  13.3697   0.0000   0.0000   0.0000
     266  -2.1908   4.0298  14.3346   0.0000   0.0000   0.0000
     267  -2.6129   4.4616  13.5392   0.0000   0.0000   0.0000
     268  -2.9038   4.2827  13.7956   0.0000   0.0000   0.0000
     269  -2.1571   3.4177  15.1605   0.0000   0.0000   0.0000
     270  -2.2418   3.3662  15.1192   0.0000   0.0000   0.0000
     271  -3.0188   3.8377  14.8781   0.0000   0.0000   0.0000
     272  -3.4123   4.1812  13.8121   0.0000   0.0000   0.0000
     273  -2.8534   4.4111  13.9078   0.0000   0.0000   0.0000
     274  -3.8063   3.9417  13.7680   0.0000   0.0000   0.0000
     275  -2.2554   4.1424  15.2093   0.0000   0.0000   0.0000
     276  -2.8644   5.2448  14.3778   0.0000   0.0000   0.0000
     277  -2.8911   4.1706  13.4883   0.0000   0.0000   0.0000
     278  -3.3918   4.6963  13.4349   0.0000   0.0000   0.0000
     279  -3.4936   4.0876  13.0477   0.0000   0.0000   0.0000
     280  -2.4830   4.0339  12.9304   0.0000   0.0000   0.0000
     281  -3.4464   4.4275  13.3334   0.0000   0.0000   0.0000
     282  -2.4640   3.6779  13.2240   0.0000   0.0000   0.0000
     283  -2.3750   3.3587  13.0681   0.0000   0.0000   0.0000
     284  -2.6992   3.7795  13.3291   0.0000   0.0000   0.0000
     285  -2.6432   4.1054  13.4148   0.0000   0.0000   0.0000
     286  -2.6525   4.3728  14.2947   0.0000   0.0000   0.0000
     287  -3.3533   4.7846  12.9529   0.0000   0.0000   0.0000
     288  -3.0663   4.7229  13.5508   0.0000   0.0000   0.0000
     289  -3.6864   4.6325  12.9787   0.0000   0.0000   0.0000
     290  -3.6994   3.9879  13.2878   0.0000   0.0000   0.0000
     291  -3.2107   3.4882  13.0999   0.0000   0.0000   0.0000
     292  -3.1887   3.7718  12.1074   0.0000   0.0000   0.0000
     293  -2.6913   4.4674  12.8153   0.0000   0.0000   0.0000
     294  -2.7451   4.0649  12.9781   0.0000   0.0000   0.0000
     295  -2.4381   3.4754  12.2985   0.0000   0.0000   0.0000
     296  -3.1344   3.8501  12.7516   0.0000   0.0000   0.0000
     297  -2.7328   4.6056  12.6695   0.0000   0.0000   0.0000
     298  -3.0188   3.2564  12.8094   0.0000   0.0000   0.0000
     299  -3.7776   3.5253  13.1482   0.0000   0.0000   0.0000
     300  -3.7026   4.2413  12.6897   0.0000   0.0000   0.0000
     301  -3.1838   3.4454  12.4620   0.0000   0.0000   0.0000
     302  -3.4605   2.8918  12.1514   0.0000   0.0000   0.0000
     303  -2.7005   4.2393  11.8181   0.0000   0.0000   0.0000
     304  -1.9947   3.8664  11.9652   0.0000   0.0000   0.0000
     305  -1.8609   4.3170  12.6768   0.0000   0.0000   0.0000
     306  -2.5482   3.8902  13.0777   0.0000   0.0000   0.0000
     307  -2.7184   4.8852  12.3196   0.0000   0.0000   0.0000
     308  -2.5511   3.1841  12.8578   0.0000   0.0000   0.0000
     309  -3.0800   3.7647  13.1425   0.0000   0.0000   0.0000
     310  -2.6566   3.2741  14.3398   0.0000   0.0000   0.0000
     311  -2.9647   2.9100  14.0934   0.0000   0.0000   0.0000
     312  -2.9490   3.7946  13.2999   0.0000   0.0000   0.0000
     313  -3.1692   3.4876  13.4484   0.0000   0.0000   0.0000
     314  -2.8360   3.6183  13.2793   0.0000   0.0000   0.0000
     315  -3.9388   4.2335  12.8044   0.0000   0.0000   0.0000
     316  -2.4017   3.8917  13.3148   0.0000   0.0000   0.0000
     317  -3.4540   4.3944  13.1735   0.0000   0.0000   0.0000
     318  -2.9965   4.3345  12.9236   0.0000   0.0000   0.0000
     319  -3.7415   4.5248  11.6942   0.0000   0.0000   0.0000
     320  -3.9669   4.6764  12.1987   0.0000   0.0000   0.0000
     321  -4.2635   4.6350  11.6400   0.0000   0.0000   0.0000
     322  -4.7237   4.3807  12.3156   0.0000   0.0000   0.0000
     323  -3.8388   3.7222  12.5232   0.0000   0.0000   0.0000
     324  -4.7620   5.7230  12.1306   0.0000   0.0000   0.0000
     325  -4.0694   5.4343  11.9635   0.0000   0.0000   0.0000
     326  -3.7169   4.8504  11.7558   0.0000   0.0000   0.0000
     327  -5.2250   5.2821  12.4974   0.0000   0.0000   0.0000
     328  -4.0218   4.3579  12.5173   0.0000   0.0000   0.0000
     329  -3.3410   5.0355  12.2760   0.0000   0.0000   0.0000
     330  -3.4432   5.1919  12.0481   0.0000   0.0000   0.0000
     331  -2.3858   5.6639  11.8542   0.0000   0.0000   0.0000
     332  -3.2959   5.5252  12.0351   0.0000   0.0000   0.0000
     333  -3.0990   5.0907  11.6931   0.0000   0.0000   0.0000
     334  -3.2649   5.6416  12.6604   0.0000   0.0000   0.0000
     335  -3.2885   5.0260  12.5769   0.0000   0.0000   0.0000
     336  -3.8401   5.2321  12.4800   0.0000   0.0000   0.0000
     337  -3.5563   5.4626  11.6219   0.0000   0.0000   0.0000
     338  -3.4899   4.4211  11.2834   0.0000   0.0000   0.0000
     339  -3.7904   3.9188  10.7767   0.0000   0.0000   0.0000
     340  -3.0074   3.7616  11.4034   0.0000   0.0000   0.0000
     341  -3.1369   4.3419  11.2664   0.0000   0.0000   0.0000
     342  -3.9616   4.8342  11.5511   0.0000   0.0000   0.0000
     343  -3.7089   3.7067  12.3335   0.0000   0.0000   0.0000
     344  -3.0164   2.9756  12.1865   0.0000   0.0000   0.0000
     345  -3.4718   3.6694  10.8192   0.0000   0.0000   0.0000
     346  -3.9711   4.4481  11.2834   0.0000   0.0000   0.0000
     347  -3.1215   3.3775  11.3590   0.0000   0.0000   0.0000
     348  -3.2453   4.0106  11.4908   0.0000   0.0000   0.0000
     349  -3.3544   3.4370  11.0688   0.0000   0.0000   0.0000
     350  -2.8650   3.7173  11.6395   0.0000   0.0000   0.0000
     351  -3.2619   3.0913  12.4010   0.0000   0.0000   0.0000
     352  -3.1079   2.8423  11.5257   0.0000   0.0000   0.0000
     353  -3.8623   2.8010  12.3067   0.0000   0.0000   0.0000
     354  -2.4458   3.5651  12.0529   0.0000   0.0000   0.0000
     355  -2.8064   2.9988  11.8529   0.0000   0.0000   0.0000
     356  -2.8939   2.0203  10.8426   0.0000   0.0000   0.0000
     357  -3.8952   2.7583  11.2800   0.0000   0.0000   0.0000
     358  -2.8097   2.1064  11.3176   0.0000   0.0000   0.0000
     359  -2.5529   3.9407  11.6044   0.0000   0.0000   0.0000
     360  -2.8613   3.8852  10.8305   0.0000   0.0000   0.0000
     361  -2.8767   3.5288  12.0646   0.0000   0.0000   0.0000
     362  -3.4939   2.4071  11.8049   0.0000   0.0000   0.0000
     363  -2.8831   3.6401  11.8907   0.0000   0.0000   0.0000
     364  -3.2167   3.4327  11.4938   0.0000   0.0000   0.0000
     365  -2.6057   3.0236  11.6689   0.0000   0.0000   0.0000
     366  -3.7422   3.3228  11.5006   0.0000   0.0000   0.0000
     367  -4.1530   3.4575  11.5195   0.0000   0.0000   0.0000
     368  -3.8233   2.6530  11.0240   0.0000   0.0000   0.0000
     369  -3.7920   2.9951  11.3499   0.0000   0.0000   0.0000
     370  -3.2810   2.6020  10.9532   0.0000   0.0000   0.0000
     371  -3.4768   1.9677  11.3581   0.0000   0.0000   0.0000
     372  -3.6452   1.9803  11.2900   0.0000   0.0000   0.0000
     373  -2.8518   3.5292  11.4147   0.0000   0.0000   0.0000
     374  -3.0686   2.6426  11.7398   0.0000   0.0000   0.0000
     375  -3.9210   1.8190  11.6423   0.0000   0.0000   0.0000
     376  -2.4820   1.1208  10.9986   0.0000   0.0000   0.0000
     377  -2.9328   2.6455  10.6288   0.0000   0.0000   0.0000
     378  -2.9867   1.9732  11.3044   0.0000   0.0000   0.0000
     379  -3.6824   1.5090  10.8064   0.0000   0.0000   0.0000
     380  -4.1588   0.6730  10.9312   0.0000   0.0000   0.0000
     381  -3.0287   2.3455  11.2529   0.0000   0.0000   0.0000
     382  -3.6830   1.1171  11.3401   0.0000   0.0000   0.0000
     383  -2.8285   1.2198  12.1143   0.0000   0.0000   0.0000
     384  -3.6802   1.2532  12.1407   0.0000   0.0000   0.0000
     385  -3.0564   1.0129  11.8863   0.0000   0.0000   0.0000
     386  -2.9931   0.7006  11.6723   0.0000   0.0000   0.0000
     387  -3.0417   0.7123  12.2498   0.0000   0.0000   0.0000
     388  -3.6582   0.2457  12.7135   0.0000   0.0000   0.0000
     389  -3.6861   1.0288  12.7506   0.0000   0.0000   0.0000
     390  -2.9385   0.7172  11.8201   0.0000   0.0000   0.0000
     391  -3.0515   0.2066  12.2725   0.0000   0.0000   0.0000
     392  -3.2296   1.7797  12.3830   0.0000   0.0000   0.0000
     393  -2.1570   2.0432  12.2114   0.0000   0.0000   0.0000
     394  -2.4862   1.2869  12.6193   0.0000   0.0000   0.0000
     395  -2.8694   1.5765  12.9461   0.0000   0.0000   0.0000
     396  -3.4598   1.6517  13.2674   0.0000   0.0000   0.0000
     397  -3.1369   1.5251  12.4698   0.0000   0.0000   0.0000
     398  -3.3504   2.2504  13.1593   0.0000   0.0000   0.0000
     399  -2.6448   1.2794  12.3575   0.0000   0.0000   0.0000
     400  -2.9502   2.3615  12.3941   0.0000   0.0000   0.0000
     401  -2.6804   1.7262  12.0013   0.0000   0.0000   0.0000
     402  -2.0528   2.7712  12.6081   0.0000   0.0000   0.0000
     403  -3.1300   2.2985  12.8577   0.0000   0.0000   0.0000
     404  -2.8568   2.0546  12.8932   0.0000   0.0000   0.0000
     405  -2.4275   1.8684  13.1580   0.0000   0.0000   0.0000
     406  -2.1558   1.9766  12.8399   0.0000   0.0000   0.0000
     407  -3.0571   1.9925  12.4832   0.0000   0.0000   0.0000
     408  -3.4252   1.8940  12.4237   0.0000   0.0000   0.0000
     409  -2.1717   1.4804  11.9591   0.0000   0.0000   0.0000
     410  -2.5439   1.7285  11.7703   0.0000   0.0000   0.0000
     411  -2.1055   1.6061  11.8355   0.0000   0.0000   0.0000
     412  -2.5289   0.8881  11.7350   0.0000   0.0000   0.0000
     413  -1.6309   1.2861  12.1189   0.0000   0.0000   0.0000
     414  -2.2208   0.9650  12.4882   0.0000   0.0000   0.0000
     415  -2.7879   0.3272  13.0940   0.0000   0.0000   0.0000
     416  -2.8909   0.8926  13.2018   0.0000   0.0000   0.0000
     417  -2.8671   1.2883  12.7282   0.0000   0.0000   0.0000
     418  -3.7273   0.9776  12.4714   0.0000   0.0000   0.0000
     419  -2.8823   0.7681  12.6607   0.0000   0.0000   0.0000
     420  -2.8829   0.4127  12.2563   0.0000   0.0000   0.0000
     421  -3.2105   1.0969  12.2397   0.0000   0.0000   0.0000
     422  -3.6901   0.4919  12.1304   0.0000   0.0000   0.0000
     423  -2.4433   1.2775  11.9527   0.0000   0.0000   0.0000
     424  -3.3296   1.0106  11.5426   0.0000   0.0000   0.0000
     425  -4.1422   1.2801  12.1869   0.0000   0.0000   0.0000
     426  -3.2255   1.6327  11.9997   0.0000   0.0000   0.0000
     427  -3.4224   1.3370  11.7445   0.0000   0.0000   0.0000
     428  -3.8799   1.9149  11.0889   0.0000   0.0000   0.0000
     429  -4.1241   1.0292  11.3303   0.0000   0.0000   0.0000
     430  -3.9203   1.0526  11.1139   0.0000   0.0000   0.0000
     431  -3.1278   0.7091  11.8365   0.0000   0.0000   0.0000
     432  -4.4253   1.6943  11.5883   0.0000   0.0000   0.0000
     433  -3.7131   1.4370  11.5282   0.0000   0.0000   0.0000
     434  -3.4410   1.6817  12.2669   0.0000   0.0000   0.0000
     435  -3.8489   1.9770  11.7124   0.0000   0.0000   0.0000
     436  -4.2926   1.2876  10.7674   0.0000   0.0000   0.0000
     437  -3.6868   0.8536  11.2248   0.0000   0.0000   0.0000
     438  -3.2840   0.7455  11.8945   0.0000   0.0000   0.0000
     439  -3.9086   0.8673  11.9015   0.0000   0.0000   0.0000
     440  -3.5787   0.6015  11.8406   0.0000   0.0000   0.0000
     441  -3.9057   0.5593  11.3077   0.0000   0.0000   0.0000
     442  -4.1449   0.5810  12.0980   0.0000   0.0000   0.0000
     443  -3.4437   0.4784  13.0908   0.0000   0.0000   0.0000
     444  -3.5880   0.2686  12.7150   0.0000   0.0000   0.0000
     445  -3.2682   0.9863  12.2300   0.0000   0.0000   0.0000
     446  -3.2850   1.4608  11.7205   0.0000   0.0000   0.0000
     447  -4.1726   0.7218  11.4218   0.0000   0.0000   0.0000
     448  -3.4371   0.8831  11.5520   0.0000   0.0000   0.0000
     449  -3.6523   0.0320  12.1746   0.0000   0.0000   0.0000
     450  -3.7478   0.3553  11.6155   0.0000   0.0000   0.0000
     451  -3.3849   0.7760  11.8590   0.0000   0.0000   0.0000
     452  -3.7049   0.2207  11.5131   0.0000   0.0000   0.0000
     453  -4.4373   0.8473  11.6939   0.0000   0.0000   0.0000
     454  -4.3964   0.9541  12.4189   0.0000   0.0000   0.0000
     455  -4.4260   0.8251  11.9882   0.0000   0.0000   0.0000
     456  -3.6836   1.7709  11.9783   0.0000   0.0000   0.0000
     457  -4.4720   1.4597  11.7889   0.0000   0.0000   0.0000
     458  -4.9379   1.3369  12.3662   0.0000   0.0000   0.0000
     459  -4.0904   1.0943  11.9806   0.0000   0.0000   0.0000
     460  -3.7483   1.3665  12.0238   0.0000   0.0000   0.0000
     461  -3.7742   1.1492  11.8236   0.0000   0.0000   0.0000
     462  -4.5517   1.4362  12.2550   0.0000   0.0000   0.0000
     463  -3.9068   2.3846  11.9709   0.0000   0.0000   0.0000
     464  -4.9601   0.9924  12.7318   0.0000   0.0000   0.0000
     465  -4.3984   0.6142  12.3966   0.0000   0.0000   0.0000
     466  -3.7218   1.1104  12.3423   0.0000   0.0000   0.0000
     467  -4.3965   1.5257  12.2942   0.0000   0.0000   0.0000
     468  -3.5485   2.1139  12.1505   0.0000   0.0000   0.0000
     469  -4.3267   1.7940  11.5836   0.0000   0.0000   0.0000
     470  -4.6234   1.9999  12.2926   0.0000   0.0000   0.0000
     471  -4.2993   1.3200  12.8406   0.0000   0.0000   0.0000
     472  -4.5584   2.4483  12.5591   0.0000   0.0000   0.0000
     473  -4.1583   2.0266  12.3203   0.0000   0.0000   0.0000
     474  -4.6805   1.8648  12.4682   0.0000   0.0000   0.0000
     475  -4.0883   2.6714  12.3522   0.0000   0.0000   0.0000
     476  -3.7433   1.8090  11.9435   0.0000   0.0000   0.0000
     477  -4.4260   1.1313  12.9561   0.0000   0.0000   0.0000
     478  -3.6533   1.4039  12.8515   0.0000   0.0000   0.0000
     479  -3.3713   2.8446  12.4304   0.0000   0.0000   0.0000
     480  -3.6078   1.6820  11.7035   0.0000   0.0000   0.0000
     481  -4.0290   1.4391  12.3313   0.0000   0.0000   0.0000
     482  -3.3478   1.0691  12.5049   0.0000   0.0000   0.0000
     483  -4.1091   1.2460  11.4233   0.0000   0.0000   0.0000
     484  -3.2293   0.8591  11.5851   0.0000   0.0000   0.0000
     485  -3.1390   0.6596  12.8301   0.0000   0.0000   0.0000
     486  -3.1324   1.3272  11.8119   0.0000   0.0000   0.0000
     487  -3.6725   0.6162  12.0806   0.0000   0.0000   0.0000
     488  -4.2499   0.3336  12.5052   0.0000   0.0000   0.0000
     489  -3.9954   0.5118  12.9086   0.0000   0.0000   0.0000
     490  -4.1252   1.3393  11.8207   0.0000   0.0000   0.0000
     491  -3.0216   1.8090  11.9553   0.0000   0.0000   0.0000
     492  -3.8776   1.4314  12.3959   0.0000   0.0000   0.0000
     493  -3.3379   0.5465  12.4057   0.0000   0.0000   0.0000
     494  -3.1560   1.2079  12.7594   0.0000   0.0000   0.0000
     495  -2.8604   2.0662  12.6416   0.0000   0.0000   0.0000
     496  -3.7119   1.2438  13.2884   0.0000   0.0000   0.0000
     497  -4.6050   1.1169  13.2205   0.0000   0.0000   0.0000
     498  -3.7372   0.5684  13.7480   0.0000   0.0000   0.0000
     499  -3.2592   1.3338  14.2420   0.0000   0.0000   0.0000
     500  -3.8820   1.3440  13.2380   0.0000   0.0000   0.0000
     501  -3.8597   1.2394  13.8800   0.0000   0.0000   0.0000
     502  -3.5410   1.0613  13.7426   0.0000   0.0000   0.0000
     503  -3.8035   0.4601  13.5598   0.0000   0.0000   0.0000
     504  -3.8140   0.2006  13.5672   0.0000   0.0000   0.0000
     505  -4.1240   0.6027  13.4554   0.0000   0.0000   0.0000
     506  -3.5726   1.0262  13.1325   0.0000   0.0000   0.0000
     507  -3.4772   1.5823  12.8561   0.0000   0.0000   0.0000
     508  -3.0268   1.2726  13.7744   0.0000   0.0000   0.0000
     509  -2.6034   0.5944  13.4597   0.0000   0.0000   0.0000
     510  -3.8463   1.5012  13.2097   0.0000   0.0000   0.0000
     511  -3.2194   1.5784  13.0009   0.0000   0.0000   0.0000
     512  -2.7753   1.2580  13.1568   0.0000   0.0000   0.0000
     513  -3.8225   1.3149  12.7620   0.0000   0.0000   0.0000
     514  -4.2220   0.8936  12.8775   0.0000   0.0000   0.0000
     515  -3.8440   0.8160  12.8949   0.0000   0.0000   0.0000
     516  -4.3717   0.7008  12.5717   0.0000   0.0000   0.0000
     517  -4.0089   1.8909  12.2363   0.0000   0.0000   0.0000
     518  -4.7700   1.5332  12.6731   0.0000   0.0000   0.0000
     519  -4.2691   0.7813  12.7221   0.0000   0.0000   0.0000
     520  -3.9997   1.6443  13.1807   0.0000   0.0000   0.0000
     521  -4.1428   1.3688  13.0281   0.0000   0.0000   0.0000
     522  -3.8127   0.6305  13.8645   0.0000   0.0000   0.0000
     523  -3.7876   0.9984  12.9046   0.0000   0.0000   0.0000
     524  -3.3488   1.6628  13.3640   0.0000   0.0000   0.0000
     525  -3.8244   2.0313  12.9240   0.0000   0.0000   0.0000
     526  -3.9007   1.0817  12.7838   0.0000   0.0000   0.0000
     527  -2.8009   1.5618  13.2178   0.0000   0.0000   0.0000
     528  -3.3435   1.1164  13.3463   0.0000   0.0000   0.0000
     529  -3.3544   1.3323  12.8182   0.0000   0.0000   0.0000
     530  -2.5354   0.8214  12.9850   0.0000   0.0000   0.0000
     531  -3.1726   1.4692  12.3383   0.0000   0.0000   0.0000
     532  -2.4048   1.2113  12.9942   0.0000   0.0000   0.0000
     533  -4.1288   1.3029  13.2108   0.0000   0.0000   0.0000
     534  -3.7384   0.7694  12.7811   0.0000   0.0000   0.0000
     535  -4.6910   0.4868  12.3409   0.0000   0.0000   0.0000
     536  -3.4979   0.3677  13.1825   0.0000   0.0000   0.0000
     537  -3.5079   0.3905  13.0048   0.0000   0.0000   0.0000
     538  -3.2541   0.9459  13.0873   0.0000   0.0000   0.0000
     539  -2.4203   1.2084  12.4804   0.0000   0.0000   0.0000
     540  -3.1403   0.9446  12.5037   0.0000   0.0000   0.0000
     541  -2.7391   0.7232  12.7345   0.0000   0.0000   0.0000
     542  -3.4997   1.3739  12.4506   0.0000   0.0000   0.0000
     543  -3.9529   1.2935  13.5021   0.0000   0.0000   0.0000
     544  -2.8825   2.3844  13.4224   0.0000   0.0000   0.0000
     545  -2.9093   1.1669  13.4490   0.0000   0.0000   0.0000
     546  -2.8709   1.4649  12.3092   0.0000   0.0000   0.0000
     547  -3.0963   1.3263  13.1759   0.0000   0.0000   0.0000
     548  -2.8719   1.1882  13.4558   0.0000   0.0000   0.0000
     549  -3.3092   1.6557  12.5541   0.0000   0.0000   0.0000
     550  -3.3723   0.6482  12.9759   0.0000   0.0000   0.0000
     551  -3.2543   1.3484  12.3829   0.0000   0.0000   0.0000
     552  -3.4357   1.3821  12.7999   0.0000   0.0000   0.0000
     553  -3.6033   1.4751  12.2394   0.0000   0.0000   0.0000
     554  -3.5146   1.5260  11.4986   0.0000   0.0000   0.0000
     555  -2.7860   1.1571  11.8557   0.0000   0.0000   0.0000
     556  -2.3030   1.4659  12.5015   0.0000   0.0000   0.0000
     557  -2.5797   0.1694  12.1110   0.0000   0.0000   0.0000
     558  -3.3234   0.8543  12.0544   0.0000   0.0000   0.0000
     559  -3.7612   1.5375  11.8743   0.0000   0.0000   0.0000
     560  -3.0692   0.7153  11.6521   0.0000   0.0000   0.0000
     561  -3.7129   1.2187  11.3123   0.0000   0.0000   0.0000
     562  -3.4509   1.4801  11.3996   0.0000   0.0000   0.0000
     563  -3.3668   0.8629  11.2184   0.0000   0.0000   0.0000
     564  -2.9614   0.5925  12.2477   0.0000   0.0000   0.0000
     565  -2.4369   1.4143  11.4132   0.0000   0.0000   0.0000
     566  -2.9507   1.1259  11.7575   0.0000   0.0000   0.0000
     567  -3.4325   1.2120  11.5984   0.0000   0.0000   0.0000
     568  -3.6137   1.1352  11.8765   0.0000   0.0000   0.0000
     569  -2.1543   1.6703  12.0563   0.0000   0.0000   0.0000
     570  -3.1361   1.1854  11.3227   0.0000   0.0000   0.0000
     571  -3.3279   0.9551  12.6419   0.0000   0.0000   0.0000
     572  -2.7262   0.7294  12.5124   0.0000   0.0000   0.0000
     573  -3.1873   0.7873  12.7232   0.0000   0.0000   0.0000
     574  -3.2006   0.4176  12.3907   0.0000   0.0000   0.0000
     575  -2.7161   0.5753  11.9207   0.0000   0.0000   0.0000
     576  -2.5911   0.7971  12.6715   0.0000   0.0000   0.0000
     577  -2.1755   1.0367  11.0692   0.0000   0.0000   0.0000
     578  -2.1132   1.3674  12.2233   0.0000   0.0000   0.0000
     579  -2.3024   0.6948  11.8632   0.0000   0.0000   0.0000
     580  -1.0338   0.9073  11.6922   0.0000   0.0000   0.0000
     581  -2.4310   1.3974  11.3949   0.0000   0.0000   0.0000
     582  -2.3272   2.1349  12.2669   0.0000   0.0000   0.0000
     583  -2.7143   0.5197  11.9799   0.0000   0.0000   0.0000
     584  -4.0154   1.0750  12.5333   0.0000   0.0000   0.0000
     585  -3.1118   0.2196  11.5815   0.0000   0.0000   0.0000
     586  -2.5045   0.5620  10.9565   0.0000   0.0000   0.0000
     587  -3.0322   1.1643  10.9568   0.0000   0.0000   0.0000
     588  -2.5017   0.2526  11.9710   0.0000   0.0000   0.0000
     589  -3.0217   0.2657  10.3936   0.0000   0.0000   0.0000
     590  -2.4409   0.2533  10.6814   0.0000   0.0000   0.0000
     591  -2.2130  -0.0981  11.4633   0.0000   0.0000   0.0000
     592  -2.3807   0.7533  11.0218   0.0000   0.0000   0.0000
     593  -2.0789  -0.1067  11.0307   0.0000   0.0000   0.0000
     594  -3.2405  -0.0729  11.2286   0.0000   0.0000   0.0000
     595  -2.0970   0.3452  11.0356   0.0000   0.0000   0.0000
     596  -2.1749   0.1846  11.2654   0.0000   0.0000   0.0000
     597  -2.9245  -0.5420  10.9154   0.0000   0.0000   0.0000
     598  -2.0907  -0.4813  10.9824   0.0000   0.0000   0.0000
     599  -3.3101  -0.0834  10.9673   0.0000   0.0000   0.0000
     600  -2.8137  -0.8700  10.2408   0.0000   0.0000   0.0000
     601  -3.3025  -0.3971  10.7710   0.0000   0.0000   0.0000
     602  -2.9547   0.0791  10.5488   0.0000   0.0000   0.0000
     603  -3.0783   0.0361  10.5734   0.0000   0.0000   0.0000
     604  -3.4951   0.2811  10.7371   0.0000   0.0000   0.0000
     605  -3.0128   0.2317  10.4949   0.0000   0.0000   0.0000
     606  -3.3323   0.1527  10.7974   0.0000   0.0000   0.0000
     607  -3.1140  -0.2055  10.8709   0.0000   0.0000   0.0000
     608  -3.5072   0.3078  11.0659   0.0000   0.0000   0.0000
     609  -4.0276   0.3591  10.7025   0.0000   0.0000   0.0000
     610  -4.3041   0.4471  11.5354   0.0000   0.0000   0.0000
     611  -3.2472  -0.2695  11.5880   0.0000   0.0000   0.0000
     612  -3.9044  -1.2129  11.3754   0.0000   0.0000   0.0000
     613  -3.5402  -0.9833  11.3962   0.0000   0.0000   0.0000
     614  -4.7431  -0.0372  11.1269   0.0000   0.0000   0.0000
     615  -4.3523   0.1974  11.0059   0.0000   0.0000   0.0000
     616  -4.0390   0.3659  11.8659   0.0000   0.0000   0.0000
     617  -3.9775   0.0252  11.7829   0.0000   0.0000   0.0000
     618  -4.2550   0.5141  11.3530   0.0000   0.0000   0.0000
     619  -3.5284   0.2321  12.4317   0.0000   0.0000   0.0000
     620  -4.2073  -0.0186  11.6633   0.0000   0.0000   0.0000
     621  -3.9200  -0.1865  11.3888   0.0000   0.0000   0.0000
     622  -4.1449   0.1963  11.9737   0.0000   0.0000   0.0000
     623  -4.6969  -0.3656  12.3607   0.0000   0.0000   0.0000
     624  -4.7644  -0.4267  12.1081   0.0000   0.0000   0.0000
     625  -5.5996  -1.2536  12.4878   0.0000   0.0000   0.0000
     626  -5.4232  -0.0848  12.7663   0.0000   0.0000   0.0000
     627  -4.9693  -0.4070  13.6192   0.0000   0.0000   0.0000
     628  -4.6072   0.2224  13.0044   0.0000   0.0000   0.0000
     629  -4.4660  -0.4943  13.1963   0.0000   0.0000   0.0000
     630  -4.2462  -0.1053  12.2155   0.0000   0.0000   0.0000
     631  -3.9238   0.2700  11.6199   0.0000   0.0000   0.0000
     632  -3.4656  -0.2500  12.1619   0.0000   0.0000   0.0000
     633  -3.0973   0.4703  12.0804   0.0000   0.0000   0.0000
     634  -3.6293   0.6907  12.4813   0.0000   0.0000   0.0000
     635  -3.7856   0.1049  12.7739   0.0000   0.0000   0.0000
     636  -3.8242   0.5897  12.8852   0.0000   0.0000   0.0000
     637  -3.5140   0.1592  13.2539   0.0000   0.0000   0.0000
     638  -3.7582  -0.0666  12.9851   0.0000   0.0000   0.0000
     639  -4.1507  -0.2626  12.9746   0.0000   0.0000   0.0000
     640  -4.9791  -0.9100  13.8814   0.0000   0.0000   0.0000
     641  -3.5154  -0.4421  13.3910   0.0000   0.0000   0.0000
     642  -3.4056  -0.7737  14.0056   0.0000   0.0000   0.0000
     643  -4.0347  -0.5843  13.6768   0.0000   0.0000   0.0000
     644  -3.4029  -1.2769  13.9144   0.0000   0.0000   0.0000
     645  -3.6495  -1.1456  13.3021   0.0000   0.0000   0.0000
     646  -4.3005  -0.9107  13.1345   0.0000   0.0000   0.0000
     647  -4.5490  -1.3461  13.3134   0.0000   0.0000   0.0000
     648  -4.2690  -1.4232  14.5025   0.0000   0.0000   0.0000
     649  -4.1529  -1.3618  14.5337   0.0000   0.0000   0.0000
     650  -3.5340  -1.3739  13.6397   0.0000   0.0000   0.0000
     651  -3.8929  -1.7565  13.5419   0.0000   0.0000   0.0000
     652  -3.6276  -1.3398  13.5548   0.0000   0.0000   0.0000
     653  -4.0214  -1.2332  13.0382   0.0000   0.0000   0.0000
     654  -3.4064  -1.0025  13.2772   0.0000   0.0000   0.0000
     655  -2.5857  -0.9506  13.1063   0.0000   0.0000   0.0000
     656  -2.9475   0.1759  12.9516   0.0000   0.0000   0.0000
     657  -3.7513  -0.2266  13.3713   0.0000   0.0000   0.0000
     658  -3.9771  -0.4947  13.4879   0.0000   0.0000   0.0000
     659  -3.1008  -0.4718  13.5826   0.0000   0.0000   0.0000
     660  -2.9531  -0.4930  13.1577   0.0000   0.0000   0.0000
     661  -2.4631  -0.3988  12.6069   0.0000   0.0000   0.0000
     662  -3.9948   0.5343  13.3048   0.0000   0.0000   0.0000
     663  -3.3750   1.3196  13.1919   0.0000   0.0000   0.0000
     664  -4.5632  -0.2636  13.8978   0.0000   0.0000   0.0000
     665  -3.2205  -0.0841  13.5520   0.0000   0.0000   0.0000
     666  -3.1386   0.2707  12.5963   0.0000   0.0000   0.0000
     667  -3.3704   0.7958  13.4779   0.0000   0.0000   0.0000
     668  -3.3032   1.1185  13.5029   0.0000   0.0000   0.0000
     669  -3.5637  -0.2427  14.1964   0.0000   0.0000   0.0000
     670  -2.3411  -0.0265  14.5699   0.0000   0.0000   0.0000
     671  -2.4867   0.8673  14.0365   0.0000   0.0000   0.0000
     672  -2.9468   0.6886  12.9821   0.0000   0.0000   0.0000
     673  -2.7958   1.3564  12.8526   0.0000   0.0000   0.0000
     674  -3.0089   0.2975  13.1926   0.0000   0.0000   0.0000
     675  -2.7691   1.2013  13.1535   0.0000   0.0000   0.0000
     676  -3.2138   0.5693  13.5867   0.0000   0.0000   0.0000
     677  -2.4350   0.3399  13.4112   0.0000   0.0000   0.0000
     678  -1.9919  -0.3997  14.0699   0.0000   0.0000   0.0000
     679  -2.3441  -0.5135  14.3220   0.0000   0.0000   0.0000
     680  -2.2503  -0.0508  14.0267   0.0000   0.0000   0.0000
     681  -2.3672  -0.7092  13.7487   0.0000   0.0000   0.0000
     682  -1.5324   0.3983  13.1323   0.0000   0.0000   0.0000
     683  -2.4949  -0.5731  14.5171   0.0000   0.0000   0.0000
     684  -2.5230  -0.8175  14.2357   0.0000   0.0000   0.0000
     685  -2.8039  -0.7771  14.2668   0.0000   0.0000   0.0000
     686  -2.1148  -0.7111  13.8440   0.0000   0.0000   0.0000
     687  -2.2170   0.7699  15.0107   0.0000   0.0000   0.0000
     688  -1.8561  -0.4785  15.3015   0.0000   0.0000   0.0000
     689  -2.8396   0.9782  13.8128   0.0000   0.0000   0.0000
     690  -3.1293   0.7591  13.7326   0.0000   0.0000   0.0000
     691  -2.4806   0.1669  13.8264   0.0000   0.0000   0.0000
     692  -2.1289  -0.3712  14.1780   0.0000   0.0000   0.0000
     693  -2.3970   0.6667  14.6049   0.0000   0.0000   0.0000
     694  -2.1712   0.1572  14.5431   0.0000   0.0000   0.0000
     695  -1.5117   0.4711  14.9130   0.0000   0.0000   0.0000
     696  -2.3648  -0.4254  14.2587   0.0000   0.0000   0.0000
     697  -1.6026  -0.4027  14.3211   0.0000   0.0000   0.0000
     698  -2.6330  -0.8842  14.0613   0.0000   0.0000   0.0000
     699  -2.6547   0.0092  13.6830   0.0000   0.0000   0.0000
     700  -1.7457   0.3254  13.2288   0.0000   0.0000   0.0000
     701  -2.1395   0.1682  14.0181   0.0000   0.0000   0.0000
     702  -2.3369  -0.5940  13.6936   0.0000   0.0000   0.0000
     703  -1.3509  -0.6519  13.9792   0.0000   0.0000   0.0000
     704  -1.8052   0.1151  14.0163   0.0000   0.0000   0.0000
     705  -2.0719   0.3899  14.1517   0.0000   0.0000   0.0000
     706  -2.2162   0.0411  14.4656   0.0000   0.0000   0.0000
     707  -1.9956   1.2356  14.7328   0.0000   0.0000   0.0000
     708  -1.6427   0.2132  14.9255   0.0000   0.0000   0.0000
     709  -2.0880  -0.5529  15.5357   0.0000   0.0000   0.0000
     710  -2.1796  -0.1095  15.1296   0.0000   0.0000   0.0000
     711  -1.3864   0.3711  15.2701   0.0000   0.0000   0.0000
     712  -1.2825  -0.0239  15.5211   0.0000   0.0000   0.0000
     713  -1.6690   0.3049  15.1293   0.0000   0.0000   0.0000
     714  -1.0826   0.9789  15.6283   0.0000   0.0000   0.0000
     715  -1.7217   0.7022  15.4599   0.0000   0.0000   0.0000
     716  -1.8732  -0.1135  16.1113   0.0000   0.0000   0.0000
     717  -1.8170  -0.0720  15.3483   0.0000   0.0000   0.0000
     718  -1.5563   0.4548  14.8872   0.0000   0.0000   0.0000
     719  -1.5472   0.2649  15.3254   0.0000   0.0000   0.0000
     720  -0.9657   1.2215  14.8076   0.0000   0.0000   0.0000
     721  -1.3634   0.6048  14.9940   0.0000   0.0000   0.0000
     722  -1.7696   0.1111  15.3083   0.0000   0.0000   0.0000
     723  -1.9822   1.0986  14.5597   0.0000   0.0000   0.0000
     724  -1.3439   1.0434  15.5865   0.0000   0.0000   0.0000
     725  -1.2049   0.7787  15.5466   0.0000   0.0000   0.0000
     726  -1.2573   0.8187  14.4715   0.0000   0.0000   0.0000
     727  -1.4224   1.5107  14.3817   0.0000   0.0000   0.0000
     728  -1.2338   0.6064  14.3703   0.0000   0.0000   0.0000
     729  -0.9647  -0.6790  14.3428   0.0000   0.0000   0.0000
     730  -1.0002  -0.9217  14.5849   0.0000   0.0000   0.0000
     731  -0.7358  -1.0408  15.1120   0.0000   0.0000   0.0000
     732  -0.4975  -0.7695  14.8414   0.0000   0.0000   0.0000
     733  -0.9128  -0.4988  14.7442   0.0000   0.0000   0.0000
     734  -0.8618  -0.8925  14.1539   0.0000   0.0000   0.0000
     735  -0.4759  -1.5990  14.2766   0.0000   0.0000   0.0000
     736  -0.3684  -1.5528  14.2625   0.0000   0.0000   0.0000
     737  -0.5306  -0.9875  14.7032   0.0000   0.0000   0.0000
     738  -0.7086  -0.5529  14.9473   0.0000   0.0000   0.0000
     739  -0.6125  -0.6957  14.6980   0.0000   0.0000   0.0000
     740  -1.8341  -0.6806  13.6435   0.0000   0.0000   0.0000
     741  -1.1332  -0.6970  14.3018   0.0000   0.0000   0.0000
     742  -0.9847  -0.5082  14.9344   0.0000   0.0000   0.0000
     743  -0.6196  -0.3823  14.9939   0.0000   0.0000   0.0000
     744  -0.9468  -1.0469  15.8101   0.0000   0.0000   0.0000
     745  -1.5279  -1.2514  15.4793   0.0000   0.0000   0.0000
     746  -1.0223  -0.8563  16.0343   0.0000   0.0000   0.0000
     747  -1.6095  -1.5543  15.7720   0.0000   0.0000   0.0000
     748  -1.3061  -1.0086  15.5781   0.0000   0.0000   0.0000
     749  -2.0487  -0.8495  14.7742   0.0000   0.0000   0.0000
     750  -1.4303  -0.6023  15.2005   0.0000   0.0000   0.0000
     751  -1.7056  -1.0276  15.7941   0.0000   0.0000   0.0000
     752  -2.0624  -0.9890  15.2563   0.0000   0.0000   0.0000
     753  -0.4090  -1.5023  15.5372   0.0000   0.0000   0.0000
     754  -1.6311  -1.6289  15.9385   0.0000   0.0000   0.0000
     755  -0.8939  -1.8054  16.0653   0.0000   0.0000   0.0000
     756  -0.9476  -1.1573  15.3437   0.0000   0.0000   0.0000
     757  -0.8410  -0.9550  15.6757   0.0000   0.0000   0.0000
     758  -1.3975  -1.6697  15.1788   0.0000   0.0000   0.0000
     759  -1.5380  -0.3942  14.3809   0.0000   0.0000   0.0000
     760  -1.8407  -0.5250  13.2627   0.0000   0.0000   0.0000
     761  -0.6216  -0.3573  14.3581   0.0000   0.0000   0.0000
     762  -1.7765   0.0822  13.8656   0.0000   0.0000   0.0000
     763  -1.0860   0.6386  13.3735   0.0000   0.0000   0.0000
     764  -1.5548  -0.1754  14.1359   0.0000   0.0000   0.0000
     765  -1.3878  -0.2894  14.6284   0.0000   0.0000   0.0000
     766  -1.5907  -0.5314  13.2935   0.0000   0.0000   0.0000
     767  -1.9585   0.0801  13.3061   0.0000   0.0000   0.0000
     768  -1.1344  -0.1381  12.8327   0.0000   0.0000   0.0000
     769  -1.9811  -0.1611  13.8076   0.0000   0.0000   0.0000
     770  -1.2733   0.4095  13.5133   0.0000   0.0000   0.0000
     771  -0.9388   0.4633  13.7313   0.0000   0.0000   0.0000
     772  -2.1264   0.6966  13.8130   0.0000   0.0000   0.0000
     773  -1.7125   0.2427  13.6056   0.0000   0.0000   0.0000
     774  -1.1597   0.1216  13.9931   0.0000   0.0000   0.0000
     775  -0.5940   0.6637  14.2540   0.0000   0.0000   0.0000
     776  -1.1699  -1.1316  13.9388   0.0000   0.0000   0.0000
     777  -0.4633  -0.7846  14.2062   0.0000   0.0000   0.0000
     778  -1.2854  -0.3560  13.6345   0.0000   0.0000   0.0000
     779  -0.6201  -0.2466  13.8056   0.0000   0.0000   0.0000
     780  -0.9811  -0.2881  14.4261   0.0000   0.0000   0.0000
     781  -0.5679   0.0997  14.6969   0.0000   0.0000   0.0000
     782  -0.4855   0.0074  14.2807   0.0000   0.0000   0.0000
     783  -0.8329  -0.4972  14.3447   0.0000   0.0000   0.0000
     784  -0.4738  -1.0332  14.1768   0.0000   0.0000   0.0000
     785  -1.2898  -0.8160  14.8238   0.0000   0.0000   0.0000
     786  -0.8849  -0.7667  15.2987   0.0000   0.0000   0.0000
     787  -0.6421  -0.2942  15.4999   0.0000   0.0000   0.0000
     788  -0.9976  -1.3102  15.0692   0.0000   0.0000   0.0000
     789  -1.2641  -1.0943  14.9931   0.0000   0.0000   0.0000
     790  -1.1614  -1.1052  15.5405   0.0000   0.0000   0.0000
     791  -0.8515  -0.5296  15.7611   0.0000   0.0000   0.0000
     792  -0.1555   0.3977  14.9950   0.0000   0.0000   0.0000
     793  -0.3275  -0.8399  14.1726   0.0000   0.0000   0.0000
     794  -1.5202  -0.6458  15.4302   0.0000   0.0000   0.0000
     795  -0.7558  -0.3854  14.7187   0.0000   0.0000   0.0000
     796  -0.5682  -0.0588  14.2145   0.0000   0.0000   0.0000
     797  -1.5048  -1.2002  14.4113   0.0000   0.0000   0.0000
     798  -0.6290  -0.5776  14.2754   0.0000   0.0000   0.0000
     799  -0.8983  -0.7351  15.0095   0.0000   0.0000   0.0000
     800  -0.0441  -0.7877  14.1313   0.0000   0.0000   0.0000
     801  -0.8108  -0.2294  14.5902   0.0000   0.0000   0.0000
     802   0.3480  -0.6919  15.6205   0.0000   0.0000   0.0000
     803  -0.0377  -0.6203  15.3436   0.0000   0.0000   0.0000
     804   0.4220  -1.5393  14.4064   0.0000   0.0000   0.0000
     805  -0.0223  -1.1824  14.5754   0.0000   0.0000   0.0000
     806  -0.3815  -1.6398  14.7570   0.0000   0.0000   0.0000
     807  -0.4203  -2.0314  15.1182   0.0000   0.0000   0.0000
     808   0.5522  -2.4884  15.1899   0.0000   0.0000   0.0000
     809   0.6130  -1.1069  15.4678   0.0000   0.0000   0.0000
     810   0.2589  -0.2212  15.1034   0.0000   0.0000   0.0000
     811   0.4180  -0.7144  15.1602   0.0000   0.0000   0.0000
     812   0.5272  -1.5299  14.7882   0.0000   0.0000   0.0000
     813  -0.3356  -1.5604  14.1140   0.0000   0.0000   0.0000
     814  -0.2912  -1.0885  14.4748   0.0000   0.0000   0.0000
     815  -0.6128  -1.4708  13.8577   0.0000   0.0000   0.0000
     816   0.0837  -2.0189  14.8124   0.0000   0.0000   0.0000
     817  -0.4296  -0.9102  15.1678   0.0000   0.0000   0.0000
     818  -0.1082  -1.2399  14.0832   0.0000   0.0000   0.0000
     819   0.0322  -1.8128  14.6414   0.0000   0.0000   0.0000
     820  -0.7707  -2.7758  14.8541   0.0000   0.0000   0.0000
     821  -0.7170  -2.7952  15.3058   0.0000   0.0000   0.0000
     822  -0.8567  -2.1588  15.8208   0.0000   0.0000   0.0000
     823  -0.4164  -2.7393  15.5543   0.0000   0.0000   0.0000
     824  -1.0849  -2.7311  15.1256   0.0000   0.0000   0.0000
     825  -0.5215  -2.0431  14.6112   0.0000   0.0000   0.0000
     826  -0.8154  -2.2081  14.7066   0.0000   0.0000   0.0000
     827  -0.7870  -1.9419  15.6235   0.0000   0.0000   0.0000
     828  -1.3510  -1.6957  14.5083   0.0000   0.0000   0.0000
     829  -1.8038  -1.7138  15.3032   0.0000   0.0000   0.0000
     830  -1.6606  -2.8927  14.8316   0.0000   0.0000   0.0000
     831  -1.6332  -2.5452  15.8443   0.0000   0.0000   0.0000
     832  -1.6268  -1.9220  15.8451   0.0000   0.0000   0.0000
     833  -1.1761  -2.5933  15.2831   0.0000   0.0000   0.0000
     834  -0.5294  -2.3930  14.6235   0.0000   0.0000   0.0000
     835  -0.7055  -1.7737  14.2379   0.0000   0.0000   0.0000
     836  -0.3319  -1.6272  14.9606   0.0000   0.0000   0.0000
     837   0.0632  -0.4573  15.5636   0.0000   0.0000   0.0000
     838  -0.4019  -1.5241  14.6956   0.0000   0.0000   0.0000
     839  -0.6068  -1.4550  14.4905   0.0000   0.0000   0.0000
     840  -0.6829  -2.2636  13.6361   0.0000   0.0000   0.0000
     841  -1.4724  -1.4695  14.1628   0.0000   0.0000   0.0000
     842  -1.3802  -1.7279  13.8385   0.0000   0.0000   0.0000
     843  -1.4262  -1.9963  15.1964   0.0000   0.0000   0.0000
     844  -1.8867  -2.0350  14.6164   0.0000   0.0000   0.0000
     845  -1.7650  -2.6839  14.6672   0.0000   0.0000   0.0000
     846  -1.9283  -1.6378  14.5177   0.0000   0.0000   0.0000
     847  -1.9189  -0.6906  14.2689   0.0000   0.0000   0.0000
     848  -1.5513  -1.7674  13.8086   0.0000   0.0000   0.0000
     849  -1.5475  -2.0635  14.2877   0.0000   0.0000   0.0000
     850  -2.2272  -2.2164  14.7605   0.0000   0.0000   0.0000
     851  -1.3337  -2.7468  15.4299   0.0000   0.0000   0.0000
     852  -1.9514  -2.6668  15.4707   0.0000   0.0000   0.0000
     853  -0.8009  -1.7775  15.2605   0.0000   0.0000   0.0000
     854  -2.1721  -2.3260  15.5086   0.0000   0.0000   0.0000
     855  -1.7239  -2.6018  15.8509   0.0000   0.0000   0.0000
     856  -2.4546  -3.3917  15.8585   0.0000   0.0000   0.0000
     857  -2.0900  -3.3797  15.0059   0.0000   0.0000   0.0000
     858  -2.2790  -2.9101  13.9171   0.0000   0.0000   0.0000
     859  -1.6351  -3.7085  14.2537   0.0000   0.0000   0.0000
     860  -1.6167  -2.5082  15.3392   0.0000   0.0000   0.0000
     861  -1.3941  -3.2442  14.8574   0.0000   0.0000   0.0000
     862  -1.5699  -2.8820  15.2218   0.0000   0.0000   0.0000
     863  -2.0796  -3.0065  15.2808   0.0000   0.0000   0.0000
     864  -1.3977  -3.4889  15.8624   0.0000   0.0000   0.0000
     865  -1.5088  -3.8014  14.4235   0.0000   0.0000   0.0000
     866  -1.4694  -3.1761  14.2745   0.0000   0.0000   0.0000
     867  -0.6418  -2.9922  14.1681   0.0000   0.0000   0.0000
     868  -0.9614  -2.9099  15.4786   0.0000   0.0000   0.0000
     869  -0.0547  -2.6704  15.6348   0.0000   0.0000   0.0000
     870  -0.5020  -2.4364  14.4310   0.0000   0.0000   0.0000
     871  -0.9233  -2.2935  14.8939   0.0000   0.0000   0.0000
     872  -1.1266  -2.1523  14.7498   0.0000   0.0000   0.0000
     873  -0.8237  -2.7057  15.6502   0.0000   0.0000   0.0000
     874  -1.0988  -3.3329  15.1448   0.0000   0.0000   0.0000
     875  -1.5804  -3.3645  14.7882   0.0000   0.0000   0.0000
     876  -0.8172  -2.6206  15.3897   0.0000   0.0000   0.0000
     877  -0.1114  -1.9371  15.1130   0.0000   0.0000   0.0000
     878  -1.6897  -2.2017  14.7363   0.0000   0.0000   0.0000
     879  -0.7383  -1.8799  15.5166   0.0000   0.0000   0.0000
     880  -1.4131  -2.5750  15.5727   0.0000   0.0000   0.0000
     881  -0.1983  -3.4455  16.7516   0.0000   0.0000   0.0000
     882  -1.2742  -2.6603  16.1779   0.0000   0.0000   0.0000
     883  -1.0445  -4.1517  15.7650   0.0000   0.0000   0.0000
     884  -1.2370  -3.6492  15.4409   0.0000   0.0000   0.0000
     885  -1.8109  -4.0549  15.5496   0.0000   0.0000   0.0000
     886  -0.8517  -2.8047  15.7792   0.0000   0.0000   0.0000
     887  -1.0398  -3.2776  14.5199   0.0000   0.0000   0.0000
     888  -0.7451  -3.2860  14.6669   0.0000   0.0000   0.0000
     889  -0.3888  -2.9716  15.0008   0.0000   0.0000   0.0000
     890  -0.8631  -3.0282  15.0949   0.0000   0.0000   0.0000
     891  -1.1068  -2.8066  14.7190   0.0000   0.0000   0.0000
     892  -1.2917  -3.3297  14.2259   0.0000   0.0000   0.0000
     893  -1.6729  -2.7650  14.2348   0.0000   0.0000   0.0000
     894  -1.0699  -3.2438  13.7950   0.0000   0.0000   0.0000
     895  -0.3049  -2.5239  13.3310   0.0000   0.0000   0.0000
     896   0.2489  -2.5706  13.7281   0.0000   0.0000   0.0000
     897  -0.3731  -2.3813  13.6552   0.0000   0.0000   0.0000
     898  -0.3079  -3.1251  13.1641   0.0000   0.0000   0.0000
     899  -0.2670  -2.6272  13.4387   0.0000   0.0000   0.0000
     900  -0.1779  -2.8090  14.1147   0.0000   0.0000   0.0000
     901  -0.5720  -2.8820  13.7756   0.0000   0.0000   0.0000
     902  -1.1227  -3.2191  14.2939   0.0000   0.0000   0.0000
     903  -1.5145  -3.2241  13.5586   0.0000   0.0000   0.0000
     904   0.0452  -3.0402  14.1041   0.0000   0.0000   0.0000
     905   0.2979  -2.0014  13.6067   0.0000   0.0000   0.0000
     906  -0.8803  -2.9985  13.8285   0.0000   0.0000   0.0000
     907  -0.6257  -2.9601  13.6828   0.0000   0.0000   0.0000
     908  -0.4873  -2.7332  13.2207   0.0000   0.0000   0.0000
     909  -0.6057  -2.8335  13.3680   0.0000   0.0000   0.0000
     910  -0.2914  -2.8215  13.0713   0.0000   0.0000   0.0000
     911   0.1073  -2.6695  13.7715   0.0000   0.0000   0.0000
     912   0.0231  -3.0390  13.4002   0.0000   0.0000   0.0000
     913  -1.0324  -2.9814  13.6021   0.0000   0.0000   0.0000
     914  -1.2967  -2.4917  14.4247   0.0000   0.0000   0.0000
     915  -0.4394  -1.8890  13.9540   0.0000   0.0000   0.0000
     916   0.3450  -1.5151  14.1151   0.0000   0.0000   0.0000
     917   0.2476  -1.3522  13.7235   0.0000   0.0000   0.0000
     918  -0.6280  -1.5377  13.6737   0.0000   0.0000   0.0000
     919  -0.6882  -0.9806  13.8991   0.0000   0.0000   0.0000
     920  -0.5502  -1.2994  14.7870   0.0000   0.0000   0.0000
     921  -1.2277  -1.2781  14.4696   0.0000   0.0000   0.0000
     922  -0.6595  -0.9299  14.5778   0.0000   0.0000   0.0000
     923   0.2434  -1.0082  13.7981   0.0000   0.0000   0.0000
     924  -0.1401  -0.8430  14.1452   0.0000   0.0000   0.0000
     925   0.1102  -1.3947  13.9729   0.0000   0.0000   0.0000
     926  -0.6338  -0.3075  13.9396   0.0000   0.0000   0.0000
     927  -0.0717  -1.5442  13.9777   0.0000   0.0000   0.0000
     928  -0.2171  -0.7098  13.4649   0.0000   0.0000   0.0000
     929  -0.5144  -1.8552  14.4025   0.0000   0.0000   0.0000
     930  -0.3997  -1.7033  14.2114   0.0000   0.0000   0.0000
     931   0.0080  -1.6983  14.1395   0.0000   0.0000   0.0000
     932  -0.9025  -1.6915  13.7852   0.0000   0.0000   0.0000
     933   0.1110  -1.4219  13.9825   0.0000   0.0000   0.0000
     934  -0.5045  -2.1447  14.3968   0.0000   0.0000   0.0000
     935  -0.3211  -1.8277  13.3884   0.0000   0.0000   0.0000
     936  -1.4327  -1.6626  12.9402   0.0000   0.0000   0.0000
     937  -1.1366  -1.4942  12.9846   0.0000   0.0000   0.0000
     938  -0.9532  -1.3561  13.4127   0.0000   0.0000   0.0000
     939  -0.6179  -1.7742  14.2075   0.0000   0.0000   0.0000
     940  -0.9507  -0.3317  13.6073   0.0000   0.0000   0.0000
     941  -1.1508  -0.8160  13.6257   0.0000   0.0000   0.0000
     942  -1.9606  -0.2276  14.0924   0.0000   0.0000   0.0000
     943  -1.7335  -0.3143  13.1023   0.0000   0.0000   0.0000
     944  -1.5796  -1.0063  13.4545   0.0000   0.0000   0.0000
     945  -1.4068  -0.9338  14.2819   0.0000   0.0000   0.0000
     946  -2.6632  -0.3427  13.3983   0.0000   0.0000   0.0000
     947  -1.9182  -0.8798  12.4551   0.0000   0.0000   0.0000
     948  -2.5274  -1.2300  12.8322   0.0000   0.0000   0.0000
     949  -1.8605  -0.9918  13.0556   0.0000   0.0000   0.0000
     950  -1.4629  -0.6542  13.4673   0.0000   0.0000   0.0000
     951  -2.2365  -0.5478  14.3893   0.0000   0.0000   0.0000
     952  -1.2209  -1.2134  14.1991   0.0000   0.0000   0.0000
     953  -0.4712  -0.8386  13.2224   0.0000   0.0000   0.0000
     954  -0.7955  -0.2600  13.2094   0.0000   0.0000   0.0000
     955  -1.4246  -0.5229  14.1379   0.0000   0.0000   0.0000
     956  -1.2172  -0.9174  13.3326   0.0000   0.0000   0.0000
     957  -1.6794  -1.2184  13.3865   0.0000   0.0000   0.0000
     958  -1.1086  -1.3115  13.7804   0.0000   0.0000   0.0000
     959  -2.0069  -1.6305  13.8319   0.0000   0.0000   0.0000
     960  -1.2620  -1.6999  14.3733   0.0000   0.0000   0.0000
     961  -0.8599  -2.2493  13.2957   0.0000   0.0000   0.0000
     962  -1.6619  -3.1221  13.2322   0.0000   0.0000   0.0000
     963  -0.9529  -2.6040  12.6771   0.0000   0.0000   0.0000
     964  -0.8833  -3.0937  13.3009   0.0000   0.0000   0.0000
     965  -1.2463  -2.4085  13.9314   0.0000   0.0000   0.0000
     966  -0.4030  -2.8471  14.1614   0.0000   0.0000   0.0000
     967  -2.4402  -2.9543  12.8819   0.0000   0.0000   0.0000
     968  -2.2444  -1.9209  12.8083   0.0000   0.0000   0.0000
     969  -1.4869  -1.4284  12.4486   0.0000   0.0000   0.0000
     970  -1.8482  -1.2811  13.4044   0.0000   0.0000   0.0000
     971  -1.4244  -0.7803  13.5632   0.0000   0.0000   0.0000
     972  -0.9898  -1.5520  13.3975   0.0000   0.0000   0.0000
     973  -1.9683  -2.1613  12.8503   0.0000   0.0000   0.0000
     974  -1.6022  -1.9039  13.1259   0.0000   0.0000   0.0000
     975  -2.1133  -1.6468  12.8597   0.0000   0.0000   0.0000
     976  -0.9034  -1.5901  13.2977   0.0000   0.0000   0.0000
     977  -1.1991  -1.9940  13.5387   0.0000   0.0000   0.0000
     978  -1.5038  -1.6122  12.9512   0.0000   0.0000   0.0000
     979  -0.8528  -0.8930  12.5078   0.0000   0.0000   0.0000
     980  -0.2087  -1.5849  12.0074   0.0000   0.0000   0.0000
     981  -0.6866  -0.8138  12.8032   0.0000   0.0000   0.0000
     982  -0.9753  -1.5750  11.9319   0.0000   0.0000   0.0000
     983  -0.8851  -2.0069  12.8526   0.0000   0.0000   0.0000
     984  -0.4539  -1.9675  12.4884   0.0000   0.0000   0.0000
     985  -0.4920  -1.7955  12.6003   0.0000   0.0000   0.0000
     986  -1.3122  -0.7346  12.4749   0.0000   0.0000   0.0000
     987  -1.3844  -2.4323  12.6146   0.0000   0.0000   0.0000
     988  -1.1638  -1.5676  13.0028   0.0000   0.0000   0.0000
     989  -0.9128  -0.6440  12.6956   0.0000   0.0000   0.0000
     990  -2.2400  -1.1558  12.2039   0.0000   0.0000   0.0000
     991  -1.2572  -1.2315  11.6120   0.0000   0.0000   0.0000
     992  -1.5325  -0.5967  12.1435   0.0000   0.0000   0.0000
     993  -1.4855  -1.1905  12.9594   0.0000   0.0000   0.0000
     994  -1.5093  -0.9181  13.3585   0.0000   0.0000   0.0000
     995  -1.4317  -1.0126  12.5327   0.0000   0.0000   0.0000
     996  -2.2372  -1.5058  12.6969   0.0000   0.0000   0.0000
     997  -2.5426  -1.2063  12.7682   0.0000   0.0000   0.0000
     998  -2.5671  -1.7766  13.0881   0.0000   0.0000   0.0000
     999  -2.5562  -1.4047  12.9196   0.0000   0.0000   0.0000
    1000  -2.1569  -0.7502  13.1273   0.0000   0.0000   0.0000
    1001  -1.8733  -1.0040  14.3890   0.0000   0.0000   0.0000
    1002  -3.2589  -0.7381  12.8435   0.0000   0.0000   0.0000
    1003  -2.8215  -0.9437  13.5852   0.0000   0.0000   0.0000
    1004  -1.7640  -0.5396  13.4777   0.0000   0.0000   0.0000
    1005  -1.9751  -0.3812  12.4261   0.0000   0.0000   0.0000
    1006  -1.8590  -0.6170  12.6718   0.0000   0.0000   0.0000
    1007  -2.9570  -1.5985  12.1768   0.0000   0.0000   0.0000
    1008  -0.8596  -1.4257  12.8890   0.0000   0.0000   0.0000
    1009  -1.6483  -1.4410  12.8964   0.0000   0.0000   0.0000
    1010  -2.2005  -1.6759  12.3817   0.0000   0.0000   0.0000
    1011  -2.4787  -1.8377  13.0406   0.0000   0.0000   0.0000
    1012  -2.9870  -1.9709  12.8753   0.0000   0.0000   0.0000
    1013  -3.0125  -1.3964  12.3208   0.0000   0.0000   0.0000
    1014  -3.0114  -1.9484  12.1540   0.0000   0.0000   0.0000
    1015  -2.5813  -1.2916  12.7660   0.0000   0.0000   0.0000
    1016  -3.1956  -0.7500  11.4736   0.0000   0.0000   0.0000
    1017  -3.0317  -0.7956  11.6452   0.0000   0.0000   0.0000
    1018  -3.1569  -0.8820  12.5595   0.0000   0.0000   0.0000
    1019  -2.8819  -0.4783  12.2043   0.0000   0.0000   0.0000
    1020  -3.7115  -1.0113  11.7708   0.0000   0.0000   0.0000
    1021  -3.2337  -0.8867  11.9849   0.0000   0.0000   0.0000
    1022  -4.3065  -0.7724  12.1084   0.0000   0.0000   0.0000
    1023  -4.5786  -0.6194  11.7891   0.0000   0.0000   0.0000
    1024  -4.4434  -0.8710  11.7471   0.0000   0.0000   0.0000
    1025  -4.5910  -0.8786  11.3410   0.0000   0.0000   0.0000
    1026  -3.7474  -0.9649  10.6634   0.0000   0.0000   0.0000
    1027  -3.3614  -1.1380  10.7795   0.0000   0.0000   0.0000
    1028  -3.8737  -1.6255  10.7732   0.0000   0.0000   0.0000
    1029  -3.2629  -1.1646  12.0856   0.0000   0.0000   0.0000
    1030  -3.7588  -1.4512  11.6582   0.0000   0.0000   0.0000
    1031  -4.3575  -0.6772  11.3988   0.0000   0.0000   0.0000
    1032  -4.3893  -0.0439  12.0086   0.0000   0.0000   0.0000
    1033  -3.5067  -1.2382  12.5532   0.0000   0.0000   0.0000
    1034  -3.9481  -1.2408  11.7828   0.0000   0.0000   0.0000
    1035  -3.7981  -1.1116  11.1172   0.0000   0.0000   0.0000
    1036  -3.8561  -0.5008  11.4039   0.0000   0.0000   0.0000
    1037  -2.9361  -0.5890  11.7539   0.0000   0.0000   0.0000
    1038  -4.1420  -1.0549  10.9078   0.0000   0.0000   0.0000
    1039  -2.9520  -0.8065  11.7030   0.0000   0.0000   0.0000
    1040  -2.8414  -0.5875  11.9307   0.0000   0.0000   0.0000
    1041  -3.4958  -0.7308  11.4881   0.0000   0.0000   0.0000
    1042  -4.3741  -1.1145  12.0195   0.0000   0.0000   0.0000
    1043  -3.1900  -0.8870  12.3392   0.0000   0.0000   0.0000
    1044  -2.9184  -1.6185  12.8999   0.0000   0.0000   0.0000
    1045  -3.3987  -1.1372  11.9188   0.0000   0.0000   0.0000
    1046  -3.3929  -1.1480  12.9931   0.0000   0.0000   0.0000
    1047  -2.9818  -0.9255  12.6441   0.0000   0.0000   0.0000
    1048  -2.9010  -0.6990  11.5067   0.0000   0.0000   0.0000
    1049  -3.4573  -1.3669  11.3361   0.0000   0.0000   0.0000
    1050  -3.1012  -1.8071  12.7931   0.0000   0.0000   0.0000
    1051  -2.5495  -1.4179  12.1793   0.0000   0.0000   0.0000
    1052  -3.6981  -1.1852  11.8827   0.0000   0.0000   0.0000
    1053  -3.8965  -1.1586  13.1243   0.0000   0.0000   0.0000
    1054  -3.6637  -0.6268  12.3960   0.0000   0.0000   0.0000
    1055  -3.7910  -0.9916  11.5695   0.0000   0.0000   0.0000
    1056  -3.8263  -1.3192  12.1714   0.0000   0.0000   0.0000
    1057  -3.9218  -0.7338  11.8197   0.0000   0.0000   0.0000
    1058  -3.6150  -0.5750  11.8057   0.0000   0.0000   0.0000
    1059  -3.3773  -1.3635  12.6303   0.0000   0.0000   0.0000
    1060  -3.4121  -1.6059  11.9140   0.0000   0.0000   0.0000
    1061  -3.6096  -1.1215  12.0851   0.0000   0.0000   0.0000
    1062  -3.8650  -1.6850  13.2384   0.0000   0.0000   0.0000
    1063  -3.3112  -1.2876  13.2104   0.0000   0.0000   0.0000
    1064  -4.3849  -0.4682  12.3923   0.0000   0.0000   0.0000
    1065  -3.7819  -0.2587  11.4196   0.0000   0.0000   0.0000
    1066  -3.1472  -0.7707  11.4648   0.0000   0.0000   0.0000
    1067  -3.1700  -0.8439  11.8077   0.0000   0.0000   0.0000
    1068  -4.1285  -0.4569  12.1964   0.0000   0.0000   0.0000
    1069  -4.1877  -1.3993  12.8214   0.0000   0.0000   0.0000
    1070  -2.3161  -0.0386  13.0303   0.0000   0.0000   0.0000
    1071  -2.7594  -0.3494  12.4371   0.0000   0.0000   0.0000
    1072  -3.1548  -1.1351  12.2613   0.0000   0.0000   0.0000
    1073  -3.0293  -0.7436  12.6815   0.0000   0.0000   0.0000
    1074  -3.0589  -0.7223  12.4508   0.0000   0.0000   0.0000
    1075  -3.1270  -0.5698  12.5868   0.0000   0.0000   0.0000
    1076  -3.4776  -0.4631  13.4061   0.0000   0.0000   0.0000
    1077  -3.3003  -1.1417  13.3465   0.0000   0.0000   0.0000
    1078  -2.7349  -1.2000  14.3541   0.0000   0.0000   0.0000
    1079  -2.7402  -1.1265  13.1716   0.0000   0.0000   0.0000
    1080  -3.4311  -0.8118  13.3631   0.0000   0.0000   0.0000
    1081  -3.2301  -1.2259  12.8728   0.0000   0.0000   0.0000
    1082  -3.2945  -1.4092  13.6991   0.0000   0.0000   0.0000
    1083  -3.0156  -2.0566  13.7632   0.0000   0.0000   0.0000
    1084  -2.7790  -1.5532  13.7221   0.0000   0.0000   0.0000
    1085  -3.3076  -0.7557  14.2915   0.0000   0.0000   0.0000
    1086  -2.6382  -1.0875  13.8952   0.0000   0.0000   0.0000
    1087  -1.8720  -1.8253  13.9662   0.0000   0.0000   0.0000
    1088  -2.1378  -1.9180  13.6851   0.0000   0.0000   0.0000
    1089  -2.6009  -2.0062  13.9343   0.0000   0.0000   0.0000
    1090  -2.5670  -0.9772  13.0060   0.0000   0.0000   0.0000
    1091  -2.7622  -1.8555  13.2907   0.0000   0.0000   0.0000
    1092  -3.1081  -1.5149  12.6881   0.0000   0.0000   0.0000
    1093  -3.3164  -1.1547  13.1569   0.0000   0.0000   0.0000
    1094  -3.1730  -1.1084  13.1098   0.0000   0.0000   0.0000
    1095  -3.3385  -1.7512  14.8803   0.0000   0.0000   0.0000
    1096  -2.6842  -1.8351  13.5983   0.0000   0.0000   0.0000
    1097  -3.0011  -2.3685  14.2551   0.0000   0.0000   0.0000
    1098  -3.6280  -1.8767  14.2799   0.0000   0.0000   0.0000
    1099  -3.4462  -2.9699  14.8511   0.0000   0.0000   0.0000
    1100  -3.9496  -1.9425  13.9403   0.0000   0.0000   0.0000
    1101  -2.7174  -1.3214  14.2422   0.0000   0.0000   0.0000
    1102  -2.8004  -0.7897  13.9504   0.0000   0.0000   0.0000
    1103  -1.8951  -0.7840  12.9120   0.0000   0.0000   0.0000
    1104  -1.6191  -1.9018  14.2263   0.0000   0.0000   0.0000
    1105  -1.9965  -1.5164  13.2337   0.0000   0.0000   0.0000
    1106  -2.9600  -1.6591  13.8381   0.0000   0.0000   0.0000
    1107  -2.5858  -1.2977  14.2804   0.0000   0.0000   0.0000
    1108  -2.4243  -0.6276  14.0015   0.0000   0.0000   0.0000
    1109  -1.7940  -0.4072  14.0799   0.0000   0.0000   0.0000
    1110  -2.1468  -0.4554  13.5791   0.0000   0.0000   0.0000
    1111  -2.7954   0.0437  13.7081   0.0000   0.0000   0.0000
    1112  -2.4546  -0.6055  14.8023   0.0000   0.0000   0.0000
    1113  -3.2208  -0.7651  14.0783   0.0000   0.0000   0.0000
    1114  -3.7381  -1.6507  14.7348   0.0000   0.0000   0.0000
    1115  -3.3518  -0.3925  16.4969   0.0000   0.0000   0.0000
    1116  -3.0678  -0.0450  16.6021   0.0000   0.0000   0.0000
    1117  -2.6829  -0.2499  16.1127   0.0000   0.0000   0.0000
    1118  -2.4150   0.2519  15.9413   0.0000   0.0000   0.0000
    1119  -2.5397  -1.2060  16.7240   0.0000   0.0000   0.0000
    1120  -2.6776  -0.8572  16.9216   0.0000   0.0000   0.0000
    1121  -3.3015   0.4097  16.5248   0.0000   0.0000   0.0000
    1122  -2.0385  -0.3400  16.9504   0.0000   0.0000   0.0000
    1123  -2.3426  -0.0191  16.6082   0.0000   0.0000   0.0000
    1124  -2.2752   0.0518  16.1948   0.0000   0.0000   0.0000
    1125  -3.5748   0.0708  15.7299   0.0000   0.0000   0.0000
    1126  -3.2349   0.0030  15.9109   0.0000   0.0000   0.0000
    1127  -2.8193  -0.3016  16.4347   0.0000   0.0000   0.0000
    1128  -3.5596   0.5585  15.4061   0.0000   0.0000   0.0000
    1129  -3.4283  -0.2994  15.1051   0.0000   0.0000   0.0000
    1130  -3.5419  -0.9206  15.3419   0.0000   0.0000   0.0000
    1131  -2.6428  -0.5913  15.2923   0.0000   0.0000   0.0000
    1132  -3.4764   0.0357  15.0191   0.0000   0.0000   0.0000
    1133  -4.1640  -0.9992  15.2722   0.0000   0.0000   0.0000
    1134  -4.2811  -0.2551  14.8430   0.0000   0.0000   0.0000
    1135  -4.2650  -0.1423  14.6358   0.0000   0.0000   0.0000
    1136  -3.9714  -0.0922  15.4510   0.0000   0.0000   0.0000
    1137  -3.1271  -0.4853  16.0437   0.0000   0.0000   0.0000
    1138  -2.7018  -0.6338  16.4152   0.0000   0.0000   0.0000
    1139  -3.1093  -0.7853  15.9211   0.0000   0.0000   0.0000
    1140  -3.1205   0.2234  15.9426   0.0000   0.0000   0.0000
    1141  -4.3976  -0.8568  15.5161   0.0000   0.0000   0.0000
    1142  -4.3251  -0.4408  15.4682   0.0000   0.0000   0.0000
    1143  -3.9108   0.0676  15.4778   0.0000   0.0000   0.0000
    1144  -4.4282  -0.0417  14.8892   0.0000   0.0000   0.0000
    1145  -3.7012  -0.1747  14.8075   0.0000   0.0000   0.0000
    1146  -3.3858  -0.4589  15.2489   0.0000   0.0000   0.0000
    1147  -3.6706  -0.5474  15.2408   0.0000   0.0000   0.0000
    1148  -3.8127  -0.7064  15.1211   0.0000   0.0000   0.0000
    1149  -4.0920  -0.7799  15.0533   0.0000   0.0000   0.0000
    1150  -3.5869  -0.2610  15.6832   0.0000   0.0000   0.0000
    1151  -3.7493  -0.7694  15.5573   0.0000   0.0000   0.0000
    1152  -3.3410  -0.7832  15.2978   0.0000   0.0000   0.0000
    1153  -3.5251  -1.0236  15.7082   0.0000   0.0000   0.0000
    1154  -3.1873  -1.1603  16.4631   0.0000   0.0000   0.0000
    1155  -3.4478  -0.8306  15.9063   0.0000   0.0000   0.0000
    1156  -3.1093  -0.7663  16.5468   0.0000   0.0000   0.0000
    1157  -3.9044  -0.3513  15.6883   0.0000   0.0000   0.0000
    1158  -3.6352  -0.0914  15.6840   0.0000   0.0000   0.0000
    1159  -2.9224  -1.7306  16.2370   0.0000   0.0000   0.0000
    1160  -3.9131  -0.8566  17.1757   0.0000   0.0000   0.0000
    1161  -3.5587  -1.6476  16.2085   0.0000   0.0000   0.0000
    1162  -3.2412  -0.5711  17.0718   0.0000   0.0000   0.0000
    1163  -2.2799  -0.4690  16.5276   0.0000   0.0000   0.0000
    1164  -3.2851   0.0955  16.4312   0.0000   0.0000   0.0000
    1165  -3.4532  -0.5414  16.0998   0.0000   0.0000   0.0000
    1166  -4.3683  -0.1414  16.6662   0.0000   0.0000   0.0000
    1167  -4.0204  -0.1165  15.8521   0.0000   0.0000   0.0000
    1168  -4.1512  -0.8638  16.1438   0.0000   0.0000   0.0000
    1169  -4.0484  -0.9514  16.4740   0.0000   0.0000   0.0000
    1170  -3.6603  -0.1489  17.0170   0.0000   0.0000   0.0000
    1171  -2.6752  -0.1023  17.1698   0.0000   0.0000   0.0000
    1172  -1.8398   0.0819  17.8294   0.0000   0.0000   0.0000
    1173  -3.0668  -0.2936  16.5079   0.0000   0.0000   0.0000
    1174  -4.0081  -0.5963  15.8890   0.0000   0.0000   0.0000
    1175  -3.2066  -0.8994  16.3222   0.0000   0.0000   0.0000
    1176  -2.5801  -1.2915  16.2257   0.0000   0.0000   0.0000
    1177  -2.5144  -1.3507  16.4656   0.0000   0.0000   0.0000
    1178  -2.7246  -1.3545  16.2915   0.0000   0.0000   0.0000
    1179  -3.3951  -1.2452  16.5005   0.0000   0.0000   0.0000
    1180  -2.3610  -0.9796  15.4073   0.0000   0.0000   0.0000
    1181  -3.1884  -1.2468  15.6096   0.0000   0.0000   0.0000
    1182  -3.3297  -1.0621  15.9247   0.0000   0.0000   0.0000
    1183  -2.8061  -1.0257  17.1437   0.0000   0.0000   0.0000
    1184  -3.0907  -0.9170  17.2219   0.0000   0.0000   0.0000
    1185  -4.0671  -1.0953  17.0471   0.0000   0.0000   0.0000
    1186  -3.8043  -0.8462  16.9280   0.0000   0.0000   0.0000
    1187  -4.3093  -0.9549  16.5593   0.0000   0.0000   0.0000
    1188  -4.0033  -0.9866  17.0894   0.0000   0.0000   0.0000
    1189  -4.2341   0.3712  16.5178   0.0000   0.0000   0.0000
    1190  -3.6973   0.5594  16.2322   0.0000   0.0000   0.0000
    1191  -2.6338  -0.5521  16.7021   0.0000   0.0000   0.0000
    1192  -2.8406  -0.2544  17.0519   0.0000   0.0000   0.0000
    1193  -4.2103  -0.5773  17.1187   0.0000   0.0000   0.0000
    1194  -3.5984   0.1705  16.2754   0.0000   0.0000   0.0000
    1195  -3.4343  -1.2304  16.7729   0.0000   0.0000   0.0000
    1196  -3.2341  -0.8293  16.4893   0.0000   0.0000   0.0000
    1197  -3.2391  -1.7298  17.0127   0.0000   0.0000   0.0000
    1198  -3.1823  -1.0427  16.8708   0.0000   0.0000   0.0000
    1199  -2.5196  -2.0658  16.6819   0.0000   0.0000   0.0000
    1200  -2.1439  -2.1912  17.3080   0.0000   0.0000   0.0000
    1201  -2.5627  -2.1198  17.5091   0.0000   0.0000   0.0000
    1202  -2.2795  -2.0674  17.6808   0.0000   0.0000   0.0000
    1203  -1.4599  -2.2487  17.1709   0.0000   0.0000   0.0000
    1204  -1.9861  -2.0769  17.0420   0.0000   0.0000   0.0000
    1205  -1.9040  -2.9050  17.5661   0.0000   0.0000   0.0000
    1206  -2.5674  -2.1841  16.8723   0.0000   0.0000   0.0000
    1207  -2.7352  -2.0433  17.4010   0.0000   0.0000   0.0000
    1208  -2.8304  -1.4628  17.4053   0.0000   0.0000   0.0000
    1209  -3.5180  -1.7075  17.7016   0.0000   0.0000   0.0000
    1210  -3.1189  -0.6901  17.2961   0.0000   0.0000   0.0000
    1211  -2.9598  -2.8256  17.5394   0.0000   0.0000   0.0000
    1212  -2.7709  -2.0028  17.4835   0.0000   0.0000   0.0000
    1213  -3.2723  -1.3168  17.1682   0.0000   0.0000   0.0000
    1214  -2.1162  -2.8298  18.0458   0.0000   0.0000   0.0000
    1215  -1.4240  -2.4613  17.4310   0.0000   0.0000   0.0000
    1216  -2.2603  -2.3811  17.3583   0.0000   0.0000   0.0000
    1217  -2.6201  -2.5554  16.6919   0.0000   0.0000   0.0000
    1218  -2.0614  -2.4623  16.8929   0.0000   0.0000   0.0000
    1219  -3.1560  -2.1244  17.3827   0.0000   0.0000   0.0000
    1220  -2.0819  -2.0845  16.5854   0.0000   0.0000   0.0000
    1221  -3.4488  -2.1097  17.9450   0.0000   0.0000   0.0000
    1222  -3.3012  -1.8996  17.3502   0.0000   0.0000   0.0000
    1223  -3.0248  -2.3881  16.9370   0.0000   0.0000   0.0000
    1224  -3.8019  -1.9787  17.2092   0.0000   0.0000   0.0000
    1225  -2.8497  -2.0962  17.4656   0.0000   0.0000   0.0000
    1226  -2.4146  -2.0751  17.2396   0.0000   0.0000   0.0000
    1227  -2.6513  -1.6428  16.6159   0.0000   0.0000   0.0000
    1228  -2.4990  -1.6120  17.2774   0.0000   0.0000   0.0000
    1229  -2.4603  -1.7947  17.0574   0.0000   0.0000   0.0000
    1230  -2.2977  -2.3842  16.7821   0.0000   0.0000   0.0000
    1231  -2.2574  -2.2803  16.9953   0.0000   0.0000   0.0000
    1232  -3.5928  -1.4179  16.3980   0.0000   0.0000   0.0000
    1233  -4.0676  -1.1462  16.7295   0.0000   0.0000   0.0000
    1234  -4.2523  -1.6482  15.8011   0.0000   0.0000   0.0000
    1235  -3.8713  -1.9939  16.7307   0.0000   0.0000   0.0000
    1236  -4.0034  -2.7059  16.2602   0.0000   0.0000   0.0000
    1237  -4.8830  -1.9742  16.5359   0.0000   0.0000   0.0000
    1238  -4.0877  -1.7669  15.8949   0.0000   0.0000   0.0000
    1239  -3.7173  -2.0184  15.9506   0.0000   0.0000   0.0000
    1240  -3.8101  -2.2090  15.6852   0.0000   0.0000   0.0000
    1241  -2.6476  -2.4481  15.5136   0.0000   0.0000   0.0000
    1242  -2.0792  -1.0954  14.9553   0.0000   0.0000   0.0000
    1243  -2.4074  -1.9091  15.9800   0.0000   0.0000   0.0000
    1244  -2.9180  -2.1299  17.0358   0.0000   0.0000   0.0000
    1245  -2.9117  -1.8118  15.8220   0.0000   0.0000   0.0000
    1246  -3.3860  -2.9001  16.0773   0.0000   0.0000   0.0000
    1247  -3.4323  -2.4278  15.7759   0.0000   0.0000   0.0000
    1248  -3.1624  -2.5251  16.4689   0.0000   0.0000   0.0000
    1249  -2.5190  -1.5379  15.9451   0.0000   0.0000   0.0000
    1250  -2.0880  -1.7050  16.3760   0.0000   0.0000   0.0000
    1251  -2.6799  -1.7509  16.2919   0.0000   0.0000   0.0000
    1252  -2.5312  -1.9724  16.9197   0.0000   0.0000   0.0000
    1253  -2.6675  -2.0861  16.9594   0.0000   0.0000   0.0000
    1254  -3.0833  -0.9448  16.7336   0.0000   0.0000   0.0000
    1255  -1.9223  -1.4484  16.5242   0.0000   0.0000   0.0000
    1256  -2.4372  -0.8995  16.4414   0.0000   0.0000   0.0000
    1257  -2.4055  -1.2890  16.1139   0.0000   0.0000   0.0000
    1258  -2.8468  -0.8237  16.0045   0.0000   0.0000   0.0000
    1259  -2.3013  -1.3992  16.3285   0.0000   0.0000   0.0000
    1260  -2.9922  -1.1228  15.8308   0.0000   0.0000   0.0000
    1261  -3.3725  -1.8564  15.8850   0.0000   0.0000   0.0000
    1262  -2.2428  -1.4545  16.6193   0.0000   0.0000   0.0000
    1263  -2.6572  -2.0442  16.4140   0.0000   0.0000   0.0000
    1264  -2.5985  -1.6572  16.8463   0.0000   0.0000   0.0000
    1265  -2.7008  -2.0249  16.5964   0.0000   0.0000   0.0000
    1266  -3.0758  -1.9004  15.9350   0.0000   0.0000   0.0000
    1267  -2.9209  -2.1992  15.3897   0.0000   0.0000   0.0000
    1268  -2.7179  -3.1460  16.1104   0.0000   0.0000   0.0000
    1269  -3.2544  -2.6012  15.3716   0.0000   0.0000   0.0000
    1270  -3.6371  -2.3226  16.2632   0.0000   0.0000   0.0000
    1271  -3.7560  -2.0034  17.4249   0.0000   0.0000   0.0000
    1272  -3.3917  -2.0226  15.7601   0.0000   0.0000   0.0000
    1273  -3.2021  -2.2060  16.2290   0.0000   0.0000   0.0000
    1274  -3.2602  -2.6157  16.2285   0.0000   0.0000   0.0000
    1275  -3.5074  -3.2566  16.3065   0.0000   0.0000   0.0000
    1276  -1.8491  -2.5641  16.0208   0.0000   0.0000   0.0000
    1277  -3.2827  -1.7300  16.3594   0.0000   0.0000   0.0000
    1278  -2.9956  -2.2121  15.9037   0.0000   0.0000   0.0000
    1279  -4.0999  -2.5695  15.3777   0.0000   0.0000   0.0000
    1280  -4.4475  -2.4009  15.9148   0.0000   0.0000   0.0000
    1281  -2.8868  -1.9539  14.9576   0.0000   0.0000   0.0000
    1282  -3.9523  -3.2825  15.8378   0.0000   0.0000   0.0000
    1283  -3.5055  -2.4767  15.6751   0.0000   0.0000   0.0000
    1284  -3.6427  -2.3063  15.8283   0.0000   0.0000   0.0000
    1285  -2.4215  -2.2589  15.5563   0.0000   0.0000   0.0000
    1286  -3.3980  -1.9118  15.2176   0.0000   0.0000   0.0000
    1287  -2.2180  -2.6274  15.8402   0.0000   0.0000   0.0000
    1288  -2.8406  -3.0605  15.7810   0.0000   0.0000   0.0000
    1289  -2.9414  -2.2969  15.9441   0.0000   0.0000   0.0000
    1290  -3.8494  -2.2160  15.7572   0.0000   0.0000   0.0000
    1291  -3.5059  -2.0606  14.7494   0.0000   0.0000   0.0000
    1292  -3.3576  -1.8114  15.0428   0.0000   0.0000   0.0000
    1293  -2.4995  -2.2997  16.0065   0.0000   0.0000   0.0000
    1294  -2.7146  -2.2157  16.6634   0.0000   0.0000   0.0000
    1295  -2.0901  -2.6933  15.8172   0.0000   0.0000   0.0000
    1296  -3.5056  -2.2957  15.8006   0.0000   0.0000   0.0000
    1297  -3.7800  -2.5144  15.6115   0.0000   0.0000   0.0000
    1298  -3.3240  -3.1938  15.3342   0.0000   0.0000   0.0000
    1299  -3.1906  -3.0642  15.4446   0.0000   0.0000   0.0000
    1300  -3.2931  -2.0656  15.2311   0.0000   0.0000   0.0000
    1301  -2.6411  -2.0260  15.8160   0.0000   0.0000   0.0000
    1302  -3.2413  -1.6269  15.6680   0.0000   0.0000   0.0000
    1303  -2.8290  -2.6222  15.1618   0.0000   0.0000   0.0000
    1304  -3.0034  -3.1556  16.1045   0.0000   0.0000   0.0000
    1305  -3.2222  -1.9779  15.8530   0.0000   0.0000   0.0000
    1306  -4.0237  -2.3982  15.6048   0.0000   0.0000   0.0000
    1307  -3.3274  -1.6974  15.6032   0.0000   0.0000   0.0000
    1308  -3.7318  -1.8644  15.5521   0.0000   0.0000   0.0000
    1309  -3.4779  -2.4344  15.6681   0.0000   0.0000   0.0000
    1310  -4.5096  -2.0248  15.0661   0.0000   0.0000   0.0000
    1311  -4.2376  -1.8566  15.3983   0.0000   0.0000   0.0000
    1312  -3.4503  -2.0245  15.1197   0.0000   0.0000   0.0000
    1313  -3.7810  -2.4662  15.2574   0.0000   0.0000   0.0000
    1314  -4.0797  -1.9315  15.4171   0.0000   0.0000   0.0000
    1315  -4.6182  -1.9025  14.7861   0.0000   0.0000   0.0000
    1316  -3.9369  -1.6791  14.4742   0.0000   0.0000   0.0000
    1317  -3.6003  -2.1951  15.4772   0.0000   0.0000   0.0000
    1318  -3.3913  -1.3934  15.0611   0.0000   0.0000   0.0000
    1319  -4.0294  -1.6340  15.8214   0.0000   0.0000   0.0000
    1320  -2.8575  -1.5082  14.9488   0.0000   0.0000   0.0000
    1321  -3.2590  -1.7073  13.7978   0.0000   0.0000   0.0000
    1322  -2.8613  -1.9238  13.7928   0.0000   0.0000   0.0000
    1323  -2.9083  -2.5029  14.2024   0.0000   0.0000   0.0000
    1324  -2.9528  -1.7922  14.6638   0.0000   0.0000   0.0000
    1325  -2.9269  -2.4754  14.2055   0.0000   0.0000   0.0000
    1326  -3.5601  -3.3504  14.2466   0.0000   0.0000   0.0000
    1327  -3.0290  -3.0518  13.3032   0.0000   0.0000   0.0000
    1328  -3.3350  -1.9876  13.6354   0.0000   0.0000   0.0000
    1329  -3.9210  -1.9450  13.4007   0.0000   0.0000   0.0000
    1330  -3.7628  -1.7124  13.6906   0.0000   0.0000   0.0000
    1331  -2.6137  -1.6324  13.4189   0.0000   0.0000   0.0000
    1332  -2.7144  -1.6662  14.0602   0.0000   0.0000   0.0000
    1333  -2.6601  -1.7442  14.4239   0.0000   0.0000   0.0000
    1334  -2.7593  -1.8835  13.4279   0.0000   0.0000   0.0000
    1335  -2.5518  -2.3675  14.3848   0.0000   0.0000   0.0000
    1336  -1.7707  -1.9945  14.5105   0.0000   0.0000   0.0000
    1337  -2.7335  -1.9621  13.8805   0.0000   0.0000   0.0000
    1338  -2.1726  -1.9536  15.0102   0.0000   0.0000   0.0000
    1339  -1.8714  -1.4259  15.1853   0.0000   0.0000   0.0000
    1340  -2.4053  -2.0648  15.9508   0.0000   0.0000   0.0000
    1341  -1.7069  -1.9030  15.7077   0.0000   0.0000   0.0000
    1342  -1.9360  -1.9041  15.1777   0.0000   0.0000   0.0000
    1343  -2.5159  -1.9206  15.3081   0.0000   0.0000   0.0000
    1344  -2.1172  -1.5025  14.5298   0.0000   0.0000   0.0000
    1345  -2.9261  -0.8859  14.5306   0.0000   0.0000   0.0000
    1346  -2.8877  -0.4059  14.4733   0.0000   0.0000   0.0000
    1347  -2.8828  -1.6489  15.1422   0.0000   0.0000   0.0000
    1348  -2.7251  -0.1716  14.0650   0.0000   0.0000   0.0000
    1349  -2.4320  -0.5887  13.4767   0.0000   0.0000   0.0000
    1350  -2.0061  -1.4813  13.5519   0.0000   0.0000   0.0000
    1351  -1.7823  -1.3021  14.1277   0.0000   0.0000   0.0000
    1352  -1.0840  -1.2108  14.3647   0.0000   0.0000   0.0000
    1353  -1.0418  -1.4754  13.9673   0.0000   0.0000   0.0000
    1354  -1.7925  -0.4840  13.6186   0.0000   0.0000   0.0000
    1355  -2.1210  -0.6517  13.9636   0.0000   0.0000   0.0000
    1356  -2.5674  -0.4573  13.4576   0.0000   0.0000   0.0000
    1357  -2.4973  -1.4188  12.9497   0.0000   0.0000   0.0000
    1358  -2.4420  -0.7925  13.4876   0.0000   0.0000   0.0000
    1359  -2.9216  -0.8088  14.1321   0.0000   0.0000   0.0000
    1360  -2.8054  -0.2888  12.7593   0.0000   0.0000   0.0000
    1361  -2.7077  -0.4222  13.7932   0.0000   0.0000   0.0000
    1362  -3.1903  -0.1341  13.0633   0.0000   0.0000   0.0000
    1363  -3.2518  -0.8223  13.2952   0.0000   0.0000   0.0000
    1364  -2.5554  -0.6464  14.1009   0.0000   0.0000   0.0000
    1365  -3.1923   0.0027  13.7009   0.0000   0.0000   0.0000
    1366  -2.9985  -0.5612  13.9953   0.0000   0.0000   0.0000
    1367  -2.3509  -0.0718  13.9035   0.0000   0.0000   0.0000
    1368  -2.9907   0.3772  13.8829   0.0000   0.0000   0.0000
    1369  -2.6927   0.7637  14.0648   0.0000   0.0000   0.0000
    1370  -2.9935  -0.2695  13.7581   0.0000   0.0000   0.0000
    1371  -2.2062  -0.0623  13.0342   0.0000   0.0000   0.0000
    1372  -2.1927  -0.2656  13.4816   0.0000   0.0000   0.0000
    1373  -2.3394   0.8983  13.9280   0.0000   0.0000   0.0000
    1374  -2.1059   0.5047  13.0271   0.0000   0.0000   0.0000
    1375  -2.5441  -0.2744  13.4987   0.0000   0.0000   0.0000
    1376  -0.9061   0.8933  12.8080   0.0000   0.0000   0.0000
    1377  -1.8507   0.1702  13.4824   0.0000   0.0000   0.0000
    1378  -2.2615  -0.6907  13.6852   0.0000   0.0000   0.0000
    1379  -0.8298  -0.8870  13.3330   0.0000   0.0000   0.0000
    1380  -1.1478  -0.2476  14.6589   0.0000   0.0000   0.0000
    1381  -2.2249  -0.5210  14.0843   0.0000   0.0000   0.0000
    1382  -2.1692   0.0995  14.3844   0.0000   0.0000   0.0000
    1383  -1.6365   0.7799  13.8347   0.0000   0.0000   0.0000
    1384  -2.3313  -0.3526  14.1200   0.0000   0.0000   0.0000
    1385  -2.7500   0.0812  13.9172   0.0000   0.0000   0.0000
    1386  -2.2928   0.6745  14.1109   0.0000   0.0000   0.0000
    1387  -2.5558  -0.4361  13.6969   0.0000   0.0000   0.0000
    1388  -2.6493   0.5688  13.4458   0.0000   0.0000   0.0000
    1389  -2.0303   0.6706  13.0503   0.0000   0.0000   0.0000
    1390  -0.7123   0.0164  13.4051   0.0000   0.0000   0.0000
    1391  -1.6208  -0.0693  12.7436   0.0000   0.0000   0.0000
    1392  -1.0977   0.6128  13.5120   0.0000   0.0000   0.0000
    1393  -1.8913  -0.2059  13.3757   0.0000   0.0000   0.0000
    1394  -0.4724  -0.9806  13.9583   0.0000   0.0000   0.0000
    1395  -1.8583  -0.0442  13.7790   0.0000   0.0000   0.0000
    1396  -1.2787   0.0309  14.0352   0.0000   0.0000   0.0000
    1397  -1.3997  -0.3600  13.4159   0.0000   0.0000   0.0000
    1398  -0.9614  -0.4633  14.0916   0.0000   0.0000   0.0000
    1399  -1.6472  -0.5303  13.4350   0.0000   0.0000   0.0000
    1400  -1.4595   0.2811  13.4941   0.0000   0.0000   0.0000
    1401  -2.4885  -0.2464  12.9885   0.0000   0.0000   0.0000
    1402  -1.8164  -0.0168  13.8499   0.0000   0.0000   0.0000
    1403  -2.7380   0.6272  14.0389   0.0000   0.0000   0.0000
    1404  -2.6414   0.0637  13.5680   0.0000   0.0000   0.0000
    1405  -1.0886  -0.4345  14.4251   0.0000   0.0000   0.0000
    1406  -1.2975  -0.1394  13.5799   0.0000   0.0000   0.0000
    1407  -2.6121  -0.1991  14.2484   0.0000   0.0000   0.0000
    1408  -1.4275  -0.9142  14.1223   0.0000   0.0000   0.0000
    1409  -2.5804  -1.4156  14.2862   0.0000   0.0000   0.0000
    1410  -2.4125  -0.3936  14.0488   0.0000   0.0000   0.0000
    1411  -2.8302  -0.6565  13.4583   0.0000   0.0000   0.0000
    1412  -2.1500  -1.5200  13.5954   0.0000   0.0000   0.0000
    1413  -1.8510  -0.5998  13.8181   0.0000   0.0000   0.0000
    1414  -1.6411  -1.3595  13.9995   0.0000   0.0000   0.0000
    1415  -1.7917  -1.1532  15.3328   0.0000   0.0000   0.0000
    1416  -1.5883   0.0884  14.2386   0.0000   0.0000   0.0000
    1417  -0.7268  -0.0934  15.0107   0.0000   0.0000   0.0000
    1418  -0.7746  -0.2356  15.1865   0.0000   0.0000   0.0000
    1419  -1.4751  -0.6719  14.9444   0.0000   0.0000   0.0000
    1420  -1.1416   0.6708  15.1468   0.0000   0.0000   0.0000
    1421  -2.6121   0.6059  14.9844   0.0000   0.0000   0.0000
    1422  -1.5764  -0.0335  14.9748   0.0000   0.0000   0.0000
    1423  -1.6766  -0.3985  14.9668   0.0000   0.0000   0.0000
    1424  -1.2263  -0.5954  14.8303   0.0000   0.0000   0.0000
    1425  -1.4119   0.4092  14.2520   0.0000   0.0000   0.0000
    1426  -1.8148   0.4840  15.0735   0.0000   0.0000   0.0000
    1427  -1.6599   0.6188  13.9573   0.0000   0.0000   0.0000
    1428  -1.6627   1.4123  15.5810   0.0000   0.0000   0.0000
    1429  -1.8513   1.1636  14.1314   0.0000   0.0000   0.0000
    1430  -1.3848   0.6489  14.5098   0.0000   0.0000   0.0000
    1431  -1.9566  -0.0421  14.1634   0.0000   0.0000   0.0000
    1432  -1.9419   0.4432  13.8299   0.0000   0.0000   0.0000
    1433  -0.9054   0.1601  13.7370   0.0000   0.0000   0.0000
    1434  -1.5692  -0.0720  13.9180   0.0000   0.0000   0.0000
    1435  -1.9002   0.1288  14.5109   0.0000   0.0000   0.0000
    1436  -2.9300   0.6156  13.3541   0.0000   0.0000   0.0000
    1437  -1.2116   0.1882  14.1413   0.0000   0.0000   0.0000
    1438  -1.9719   0.5116  14.2599   0.0000   0.0000   0.0000
    1439  -2.4838   0.6518  14.9628   0.0000   0.0000   0.0000
    1440  -3.3118   0.2515  14.2330   0.0000   0.0000   0.0000
    1441  -2.6554   0.4124  14.1328   0.0000   0.0000   0.0000
    1442  -2.1190  -0.1154  14.3935   0.0000   0.0000   0.0000
    1443  -2.3578   0.0097  14.7750   0.0000   0.0000   0.0000
    1444  -1.9836   1.1466  13.5671   0.0000   0.0000   0.0000
    1445  -2.5643   0.9033  13.4455   0.0000   0.0000   0.0000
    1446  -2.6042   0.6786  13.8119   0.0000   0.0000   0.0000
    1447  -2.2972   0.9018  14.1995   0.0000   0.0000   0.0000
    1448  -2.7484   1.7615  13.9403   0.0000   0.0000   0.0000
    1449  -3.7023   1.5036  13.7040   0.0000   0.0000   0.0000
    1450  -2.3363   2.0152  14.0079   0.0000   0.0000   0.0000
    1451  -1.7598   1.6770  13.7107   0.0000   0.0000   0.0000
    1452  -2.2611   1.4528  13.8291   0.0000   0.0000   0.0000
    1453  -2.6223   1.9092  12.9840   0.0000   0.0000   0.0000
    1454  -1.2825   1.2031  14.0600   0.0000   0.0000   0.0000
    1455  -1.6756   1.6055  12.9016   0.0000   0.0000   0.0000
    1456  -1.0287   1.3481  13.6985   0.0000   0.0000   0.0000
    1457  -0.8903   0.6475  14.0930   0.0000   0.0000   0.0000
    1458  -1.0568   0.9377  13.6168   0.0000   0.0000   0.0000
    1459  -1.2693   0.2806  12.8865   0.0000   0.0000   0.0000
    1460  -1.0270  -0.7347  14.0878   0.0000   0.0000   0.0000
    1461  -1.0044   0.2839  13.8407   0.0000   0.0000   0.0000
    1462  -0.2283  -0.3229  14.0450   0.0000   0.0000   0.0000
    1463  -0.6515   0.3130  14.4162   0.0000   0.0000   0.0000
    1464  -0.5610   0.4276  14.3962   0.0000   0.0000   0.0000
    1465  -1.2234   0.3239  14.0654   0.0000   0.0000   0.0000
    1466  -0.7393   0.0239  14.6326   0.0000   0.0000   0.0000
    1467  -0.7227   0.2353  14.8431   0.0000   0.0000   0.0000
    1468  -1.5905  -0.1698  15.0531   0.0000   0.0000   0.0000
    1469  -0.9913  -0.3635  15.0517   0.0000   0.0000   0.0000
    1470  -1.1904   0.2508  14.6647   0.0000   0.0000   0.0000
    1471  -1.4746   0.4938  14.4971   0.0000   0.0000   0.0000
    1472  -1.3550  -0.7809  14.6661   0.0000   0.0000   0.0000
    1473  -0.4019  -1.2832  14.7165   0.0000   0.0000   0.0000
    1474  -2.0918  -1.2789  14.4697   0.0000   0.0000   0.0000
    1475  -1.4612  -1.2884  15.2587   0.0000   0.0000   0.0000
    1476  -1.4787  -0.1490  14.7339   0.0000   0.0000   0.0000
    1477  -0.8428  -0.1636  14.7659   0.0000   0.0000   0.0000
    1478  -1.7757  -0.7771  15.3132   0.0000   0.0000   0.0000
    1479  -1.4417  -0.2329  14.9645   0.0000   0.0000   0.0000
    1480  -0.9513  -0.6255  15.1478   0.0000   0.0000   0.0000
    1481  -0.8196  -1.1611  15.4246   0.0000   0.0000   0.0000
    1482  -0.1699  -0.7090  15.2827   0.0000   0.0000   0.0000
    1483  -1.3269  -1.2223  15.2644   0.0000   0.0000   0.0000
    1484  -0.4414  -1.4689  15.0640   0.0000   0.0000   0.0000
    1485  -0.6843  -0.9424  15.2731   0.0000   0.0000   0.0000
    1486   0.3237  -0.8965  15.5857   0.0000   0.0000   0.0000
    1487  -0.3855  -0.7261  14.6572   0.0000   0.0000   0.0000
    1488  -0.8641  -0.9627  14.6250   0.0000   0.0000   0.0000
    1489  -0.8509  -1.7920  14.0242   0.0000   0.0000   0.0000
    1490  -0.3180  -0.5472  14.4900   0.0000   0.0000   0.0000
    1491  -0.3068  -1.0825  14.7332   0.0000   0.0000   0.0000
    1492  -0.6012  -1.1204  14.9729   0.0000   0.0000   0.0000
    1493  -0.5800  -0.5297  14.7984   0.0000   0.0000   0.0000
    1494  -0.2650  -1.1881  14.7209   0.0000   0.0000   0.0000
    1495  -0.9532  -0.5531  14.4827   0.0000   0.0000   0.0000
    1496  -1.3088  -0.5167  15.1538   0.0000   0.0000   0.0000
    1497  -1.2834  -0.3323  15.0530   0.0000   0.0000   0.0000
    1498  -1.3622  -1.3020  14.8415   0.0000   0.0000   0.0000
    1499  -1.5415  -1.2400  15.0336   0.0000   0.0000   0.0000
    1500  -0.1736  -1.2263  15.1170   0.0000   0.0000   0.0000
    1501  -0.3471  -0.9465  15.4590   0.0000   0.0000   0.0000
    1502  -0.2900  -0.4528  14.8526   0.0000   0.0000   0.0000
    1503  -1.4052  -0.1284  14.7175   0.0000   0.0000   0.0000
    1504  -1.1175  -0.9139  14.9514   0.0000   0.0000   0.0000
    1505  -1.5844  -0.2081  14.2920   0.0000   0.0000   0.0000
    1506  -0.9815  -0.5988  14.7467   0.0000   0.0000   0.0000
    1507  -1.0752  -0.0489  14.5141   0.0000   0.0000   0.0000
    1508  -0.5430  -0.1142  14.5376   0.0000   0.0000   0.0000
    1509  -0.0648  -0.9744  13.5911   0.0000   0.0000   0.0000
    1510  -0.1902  -0.4921  14.5559   0.0000   0.0000   0.0000
    1511  -1.1052  -0.9672  14.6438   0.0000   0.0000   0.0000
    1512  -0.9147  -1.1164  15.0232   0.0000   0.0000   0.0000
    1513  -0.8121  -1.4515  14.4959   0.0000   0.0000   0.0000
    1514   0.3314  -1.5755  14.8784   0.0000   0.0000   0.0000
    1515  -0.1813  -1.1341  14.9756   0.0000   0.0000   0.0000
    1516  -0.2320  -0.7114  14.8466   0.0000   0.0000   0.0000
    1517  -0.1500  -0.4209  15.7134   0.0000   0.0000   0.0000
    1518   0.1027  -1.2489  15.2379   0.0000   0.0000   0.0000
    1519   0.1589  -1.4706  15.2285   0.0000   0.0000   0.0000
    1520   0.1977  -1.4886  15.2579   0.0000   0.0000   0.0000
    1521  -0.7612  -0.9869  14.6625   0.0000   0.0000   0.0000
    1522  -0.1236  -0.5800  14.6931   0.0000   0.0000   0.0000
    1523  -0.6559  -0.4476  14.5254   0.0000   0.0000   0.0000
    1524   1.2638  -1.6102  14.8065   0.0000   0.0000   0.0000
    1525   0.3332  -0.6703  14.6519   0.0000   0.0000   0.0000
    1526  -0.0066  -0.2810  15.1831   0.0000   0.0000   0.0000
    1527  -0.5829  -0.9908  15.9312   0.0000   0.0000   0.0000
    1528  -0.5878  -0.8711  15.6066   0.0000   0.0000   0.0000
    1529  -0.3420  -2.1384  16.2553   0.0000   0.0000   0.0000
    1530  -1.1646  -1.1264  16.1153   0.0000   0.0000   0.0000
    1531  -0.4733  -0.7200  15.8419   0.0000   0.0000   0.0000
    1532  -0.9166  -0.7594  15.4510   0.0000   0.0000   0.0000
    1533  -1.3226  -0.0579  15.1499   0.0000   0.0000   0.0000
    1534  -0.9748   0.1467  15.8172   0.0000   0.0000   0.0000
    1535  -0.3952   0.6560  14.9082   0.0000   0.0000   0.0000
    1536  -1.0691   0.5369  15.4150   0.0000   0.0000   0.0000
    1537  -1.4057  -0.0607  15.6726   0.0000   0.0000   0.0000
    1538  -0.7958  -0.7378  15.1838   0.0000   0.0000   0.0000
    1539  -2.1715  -0.0090  15.0856   0.0000   0.0000   0.0000
    1540  -2.0343  -0.7887  14.6583   0.0000   0.0000   0.0000
    1541  -1.3366  -1.2999  14.8171   0.0000   0.0000   0.0000
    1542  -2.4029  -2.0475  15.5963   0.0000   0.0000   0.0000
    1543  -1.6566  -0.9269  15.0877   0.0000   0.0000   0.0000
    1544  -0.8660  -0.4741  14.9545   0.0000   0.0000   0.0000
    1545  -0.6055  -0.2779  14.2376   0.0000   0.0000   0.0000
    1546  -0.3179   0.1702  14.4874   0.0000   0.0000   0.0000
    1547  -0.9775   1.0288  14.7160   0.0000   0.0000   0.0000
    1548  -1.0549   0.8768  14.0824   0.0000   0.0000   0.0000
    1549  -1.4756  -0.7917  14.2327   0.0000   0.0000   0.0000
    1550  -1.5363  -0.0720  13.8105   0.0000   0.0000   0.0000
    1551  -2.3738   0.2244  14.6864   0.0000   0.0000   0.0000
    1552  -1.3775   0.3091  14.4984   0.0000   0.0000   0.0000
    1553  -1.5501   0.4982  14.3859   0.0000   0.0000   0.0000
    1554  -1.6959  -0.0761  14.3149   0.0000   0.0000   0.0000
    1555  -2.2449   0.7732  13.6905   0.0000   0.0000   0.0000
    1556  -1.8631   1.4307  13.7323   0.0000   0.0000   0.0000
    1557  -2.1241   0.3705  14.1737   0.0000   0.0000   0.0000
    1558  -1.6702   0.0554  14.5052   0.0000   0.0000   0.0000
    1559  -1.3859   1.0825  12.8372   0.0000   0.0000   0.0000
    1560  -1.5036   1.2151  12.9280   0.0000   0.0000   0.0000
    1561  -0.9061   0.2170  12.5641   0.0000   0.0000   0.0000
    1562  -0.7962  -0.7384  13.3563   0.0000   0.0000   0.0000
    1563  -0.5316   0.5725  12.5171   0.0000   0.0000   0.0000
    1564  -1.0132   0.8636  13.7354   0.0000   0.0000   0.0000
    1565  -1.3821   1.7545  13.4310   0.0000   0.0000   0.0000
    1566  -0.8041   1.0213  13.5105   0.0000   0.0000   0.0000
    1567  -1.4066   0.6579  13.0446   0.0000   0.0000   0.0000
    1568  -0.9103   1.1302  13.5720   0.0000   0.0000   0.0000
    1569  -1.5094   0.2157  13.6339   0.0000   0.0000   0.0000
    1570  -1.4947   0.6590  13.3108   0.0000   0.0000   0.0000
    1571  -0.9271   0.6308  13.9419   0.0000   0.0000   0.0000
    1572  -1.0230   0.7284  14.6676   0.0000   0.0000   0.0000
    1573  -1.2049   0.3435  13.7891   0.0000   0.0000   0.0000
    1574  -1.4294   0.7452  14.4572   0.0000   0.0000   0.0000
    1575  -0.9966   1.3793  13.6069   0.0000   0.0000   0.0000
    1576  -0.6078   0.6289  14.3429   0.0000   0.0000   0.0000
    1577  -0.7727   1.3194  13.0296   0.0000   0.0000   0.0000
    1578  -1.4126   1.4199  13.0370   0.0000   0.0000   0.0000
    1579  -1.3680   1.8987  13.0151   0.0000   0.0000   0.0000
    1580  -1.7907   1.9325  13.0274   0.0000   0.0000   0.0000
    1581  -1.5043   2.2521  14.0240   0.0000   0.0000   0.0000
    1582  -2.0767   1.6486  14.1827   0.0000   0.0000   0.0000
    1583  -0.9484   1.6119  14.1881   0.0000   0.0000   0.0000
    1584  -1.6471   1.4855  14.2946   0.0000   0.0000   0.0000
    1585  -0.2772   1.1149  13.3979   0.0000   0.0000   0.0000
    1586  -0.7587   1.4687  13.1599   0.0000   0.0000   0.0000
    1587  -1.3896   1.1699  13.7331   0.0000   0.0000   0.0000
    1588  -2.0506   1.1610  13.5396   0.0000   0.0000   0.0000
    1589  -1.5937   1.4873  13.4312   0.0000   0.0000   0.0000
    1590  -1.4293   0.5861  13.6632   0.0000   0.0000   0.0000
    1591  -0.7424   0.7778  13.7241   0.0000   0.0000   0.0000
    1592  -1.4948   1.6682  13.7655   0.0000   0.0000   0.0000
    1593  -1.3500   0.4398  13.0091   0.0000   0.0000   0.0000
    1594  -0.5076   0.8823  12.6442   0.0000   0.0000   0.0000
    1595  -1.2893   1.0649  13.0979   0.0000   0.0000   0.0000
    1596  -1.0782   0.5797  12.9989   0.0000   0.0000   0.0000
    1597  -1.1919  -0.4970  13.7359   0.0000   0.0000   0.0000
    1598  -2.0408   0.0377  13.5375   0.0000   0.0000   0.0000
    1599  -1.9424   0.0112  13.9037   0.0000   0.0000   0.0000
    1600  -1.1505   0.7609  12.3550   0.0000   0.0000   0.0000
    1601  -2.0802   0.3839  13.2456   0.0000   0.0000   0.0000
    1602  -1.7550   0.2095  13.2883   0.0000   0.0000   0.0000
    1603  -1.4738   0.2022  12.8888   0.0000   0.0000   0.0000
    1604  -0.7461   0.0968  13.1818   0.0000   0.0000   0.0000
    1605  -0.4167   0.8974  12.7074   0.0000   0.0000   0.0000
    1606  -0.6060   0.3988  12.3948   0.0000   0.0000   0.0000
    1607  -0.8800   0.3713  12.6987   0.0000   0.0000   0.0000
    1608  -0.6984   0.3621  12.1124   0.0000   0.0000   0.0000
    1609  -1.1263   0.5784  12.4375   0.0000   0.0000   0.0000
    1610  -0.5306   0.6806  11.4233   0.0000   0.0000   0.0000
    1611  -0.7039   0.3399  13.2693   0.0000   0.0000   0.0000
    1612  -0.7926  -0.4134  12.1624   0.0000   0.0000   0.0000
    1613  -0.4608   0.8494  11.7674   0.0000   0.0000   0.0000
    1614  -0.3144   0.1604  12.6031   0.0000   0.0000   0.0000
    1615  -1.2371   0.6372  13.0806   0.0000   0.0000   0.0000
    1616  -1.4723   0.7909  14.0781   0.0000   0.0000   0.0000
    1617  -1.0170  -0.0204  13.8769   0.0000   0.0000   0.0000
    1618  -0.7449   0.3931  13.4008   0.0000   0.0000   0.0000
    1619  -1.3177   0.9431  13.6704   0.0000   0.0000   0.0000
    1620  -1.3756   0.9363  12.9599   0.0000   0.0000   0.0000
    1621  -0.9987   0.7815  12.1334   0.0000   0.0000   0.0000
    1622  -1.7077  -0.3398  12.2681   0.0000   0.0000   0.0000
    1623  -1.7692   0.8885  13.2281   0.0000   0.0000   0.0000
    1624  -0.6587   0.6985  13.0211   0.0000   0.0000   0.0000
    1625  -0.6808   1.5636  12.9687   0.0000   0.0000   0.0000
    1626  -0.2352  -0.0405  13.5064   0.0000   0.0000   0.0000
    1627  -0.3612  -0.6800  13.6281   0.0000   0.0000   0.0000
    1628  -1.3847   0.0628  13.0178   0.0000   0.0000   0.0000
    1629  -0.9306   0.2627  13.0611   0.0000   0.0000   0.0000
    1630  -0.4183   0.4459  13.1686   0.0000   0.0000   0.0000
    1631  -0.8550  -0.7680  13.8040   0.0000   0.0000   0.0000
    1632  -2.1110   0.4454  13.1271   0.0000   0.0000   0.0000
    1633  -1.4562   0.6479  13.8603   0.0000   0.0000   0.0000
    1634  -1.8737   0.5665  13.1765   0.0000   0.0000   0.0000
    1635  -1.5102   0.1594  13.9145   0.0000   0.0000   0.0000
    1636  -2.0042   0.1127  14.0227   0.0000   0.0000   0.0000
    1637  -1.9722  -0.3249  13.4449   0.0000   0.0000   0.0000
    1638  -2.0902   0.1683  12.6276   0.0000   0.0000   0.0000
    1639  -1.7900   0.4741  13.3267   0.0000   0.0000   0.0000
    1640  -1.5773  -0.0551  12.8902   0.0000   0.0000   0.0000
    1641  -1.4677   0.7978  13.0019   0.0000   0.0000   0.0000
    1642  -1.7237   0.4950  13.2352   0.0000   0.0000   0.0000
    1643  -2.0834  -0.3511  13.8263   0.0000   0.0000   0.0000
    1644  -1.8933   0.6166  13.9985   0.0000   0.0000   0.0000
    1645  -1.7208   0.2703  13.5107   0.0000   0.0000   0.0000
    1646  -1.6605   0.8664  13.3629   0.0000   0.0000   0.0000
    1647  -1.4513   2.0491  13.0630   0.0000   0.0000   0.0000
    1648  -0.0065   1.1035  13.1136   0.0000   0.0000   0.0000
    1649  -0.6191   1.1226  13.1105   0.0000   0.0000   0.0000
    1650  -1.5407   0.9889  12.9139   0.0000   0.0000   0.0000
    1651  -1.3518   1.6175  13.5962   0.0000   0.0000   0.0000
    1652  -1.8023   1.3213  13.0969   0.0000   0.0000   0.0000
    1653  -1.3835   1.9140  13.4707   0.0000   0.0000   0.0000
    1654  -1.5224   1.2898  14.0743   0.0000   0.0000   0.0000
    1655  -1.0042   0.4348  14.1862   0.0000   0.0000   0.0000
    1656  -2.2660   0.2030  14.6793   0.0000   0.0000   0.0000
    1657  -1.4981  -0.1115  14.1460   0.0000   0.0000   0.0000
    1658  -0.2789  -0.0392  14.1702   0.0000   0.0000   0.0000
    1659  -1.5668   0.5646  13.7934   0.0000   0.0000   0.0000
    1660  -2.0790  -0.0114  14.5249   0.0000   0.0000   0.0000
    1661  -2.4415   0.5966  13.6618   0.0000   0.0000   0.0000
    1662  -1.7277   1.1367  13.5426   0.0000   0.0000   0.0000
    1663  -2.2972   0.3074  13.3161   0.0000   0.0000   0.0000
    1664  -1.4765   0.8327  13.8455   0.0000   0.0000   0.0000
    1665  -3.1088   0.7948  13.5277   0.0000   0.0000   0.0000
    1666  -1.4445   1.4184  13.5810   0.0000   0.0000   0.0000
    1667  -1.1475   1.9819  13.2384   0.0000   0.0000   0.0000
    1668  -1.1942   1.7040  13.6178   0.0000   0.0000   0.0000
    1669  -1.1067   1.7199  13.8769   0.0000   0.0000   0.0000
    1670  -2.3154   0.2316  13.3165   0.0000   0.0000   0.0000
    1671  -1.3740   0.8130  13.0960   0.0000   0.0000   0.0000
    1672  -1.7317   1.3268  12.8122   0.0000   0.0000   0.0000
    1673  -1.7567   1.7323  13.0317   0.0000   0.0000   0.0000
    1674  -0.6227   1.5089  13.0853   0.0000   0.0000   0.0000
    1675  -1.0713   2.0552  13.1292   0.0000   0.0000   0.0000
    1676  -1.0329   1.6060  12.5243   0.0000   0.0000   0.0000
    1677  -1.9755   0.5420  12.9763   0.0000   0.0000   0.0000
    1678  -1.3203   1.3355  12.9668   0.0000   0.0000   0.0000
    1679  -0.4002   1.4720  12.3953   0.0000   0.0000   0.0000
    1680  -0.9596   0.5672  12.5966   0.0000   0.0000   0.0000
    1681  -0.6554   0.5801  12.7331   0.0000   0.0000   0.0000
    1682  -0.9443   0.7012  12.7774   0.0000   0.0000   0.0000
    1683  -1.0201   0.9752  12.2846   0.0000   0.0000   0.0000
    1684  -1.4614   0.9602  12.6525   0.0000   0.0000   0.0000
    1685  -1.3562   0.6307  12.7292   0.0000   0.0000   0.0000
    1686  -1.1727   0.2325  12.9989   0.0000   0.0000   0.0000
    1687  -0.7292  -0.2981  13.2736   0.0000   0.0000   0.0000
    1688  -1.4323   0.5416  12.8901   0.0000   0.0000   0.0000
    1689  -0.5599   0.9531  12.8451   0.0000   0.0000   0.0000
    1690  -1.0160   0.5589  12.9656   0.0000   0.0000   0.0000
    1691  -1.3800   0.4121  12.4133   0.0000   0.0000   0.0000
    1692  -0.2303   1.6204  12.7004   0.0000   0.0000   0.0000
    1693  -1.4844   1.7586  12.9298   0.0000   0.0000   0.0000
    1694  -0.1650   2.6748  13.4228   0.0000   0.0000   0.0000
    1695  -0.2656   1.2454  14.2442   0.0000   0.0000   0.0000
    1696  -0.5562   1.2769  14.1658   0.0000   0.0000   0.0000
    1697  -1.1109   1.3862  13.4500   0.0000   0.0000   0.0000
    1698  -0.4879   0.9354  13.1210   0.0000   0.0000   0.0000
    1699  -0.4837   1.1622  13.0081   0.0000   0.0000   0.0000
    1700   0.0293   1.7948  12.5691   0.0000   0.0000   0.0000
    1701   0.6537   0.8860  12.6427   0.0000   0.0000   0.0000
    1702  -0.4570   1.0953  12.9668   0.0000   0.0000   0.0000
    1703  -0.1064   1.7383  11.2481   0.0000   0.0000   0.0000
    1704   0.2088   1.2560  12.5909   0.0000   0.0000   0.0000
    1705   0.4327   1.6039  12.4204   0.0000   0.0000   0.0000
    1706   0.8340   1.5853  13.1245   0.0000   0.0000   0.0000
    1707   0.5896   0.8943  12.9366   0.0000   0.0000   0.0000
    1708   1.1092   1.2703  12.3288   0.0000   0.0000   0.0000
    1709   0.4760   1.3922  12.0335   0.0000   0.0000   0.0000
    1710   0.6609   0.9120  11.9574   0.0000   0.0000   0.0000
    1711   0.2982   0.5176  12.7663   0.0000   0.0000   0.0000
    1712   0.5782   0.3909  13.2098   0.0000   0.0000   0.0000
    1713   0.4798   0.4789  12.9265   0.0000   0.0000   0.0000
    1714   0.8551   0.8092  12.8420   0.0000   0.0000   0.0000
    1715   0.5869   0.3978  12.5636   0.0000   0.0000   0.0000
    1716   0.8773   1.3290  12.8935   0.0000   0.0000   0.0000
    1717   0.7100   0.3750  12.8567   0.0000   0.0000   0.0000
    1718   0.6305   1.1224  13.1963   0.0000   0.0000   0.0000
    1719  -0.1181   1.6508  13.3187   0.0000   0.0000   0.0000
    1720  -0.7567   0.0514  13.3555   0.0000   0.0000   0.0000
    1721  -0.9998   0.6694  12.5900   0.0000   0.0000   0.0000
    1722  -0.2477   0.7771  13.1044   0.0000   0.0000   0.0000
    1723   0.1762   0.9256  12.7398   0.0000   0.0000   0.0000
    1724  -0.2610   0.6234  13.0145   0.0000   0.0000   0.0000
    1725   0.7258   0.8878  12.7578   0.0000   0.0000   0.0000
    1726   0.5227   0.5552  13.0789   0.0000   0.0000   0.0000
    1727  -0.0727   0.7295  13.3078   0.0000   0.0000   0.0000
    1728  -0.4988   0.2166  12.8627   0.0000   0.0000   0.0000
    1729   0.8034   1.0564  12.8596   0.0000   0.0000   0.0000
    1730  -0.5379   1.1476  12.8959   0.0000   0.0000   0.0000
    1731   0.4442   0.2195  13.0564   0.0000   0.0000   0.0000
    1732   0.6652   0.8292  12.5880   0.0000   0.0000   0.0000
    1733   0.4541  -0.7801  12.8157   0.0000   0.0000   0.0000
    1734  -0.7450  -0.1382  12.8578   0.0000   0.0000   0.0000
    1735  -0.8806  -0.3459  12.8700   0.0000   0.0000   0.0000
    1736  -1.0467  -0.2397  12.8885   0.0000   0.0000   0.0000
    1737  -0.4552   0.7325  13.3883   0.0000   0.0000   0.0000
    1738  -0.5799   0.1861  12.4806   0.0000   0.0000   0.0000
    1739   0.8081   0.1250  12.4621   0.0000   0.0000   0.0000
    1740   0.0362  -0.1606  12.7691   0.0000   0.0000   0.0000
    1741   0.6973  -0.4008  12.0765   0.0000   0.0000   0.0000
    1742   0.1624  -0.2185  12.4646   0.0000   0.0000   0.0000
    1743   0.2000  -0.6093  12.5289   0.0000   0.0000   0.0000
    1744  -0.9867   0.0092  13.0452   0.0000   0.0000   0.0000
    1745  -0.0071  -0.0255  12.2883   0.0000   0.0000   0.0000
    1746  -0.2280  -0.5895  12.3005   0.0000   0.0000   0.0000
    1747  -0.2470  -0.7557  12.2080   0.0000   0.0000   0.0000
    1748  -1.5699   0.6324  12.1896   0.0000   0.0000   0.0000
    1749  -0.3471   0.5031  12.0457   0.0000   0.0000   0.0000
    1750   0.0863  -0.1281  11.9396   0.0000   0.0000   0.0000
    1751  -0.8393  -0.1785  11.7666   0.0000   0.0000   0.0000
    1752  -0.2756  -0.1317  11.8877   0.0000   0.0000   0.0000
    1753  -0.5967  -0.6451  11.4166   0.0000   0.0000   0.0000
    1754  -0.4078   0.1570  11.6377   0.0000   0.0000   0.0000
    1755  -1.1622  -0.9741  11.4711   0.0000   0.0000   0.0000
    1756  -0.4689  -1.2211  11.7045   0.0000   0.0000   0.0000
    1757  -0.4017   0.3064  11.8064   0.0000   0.0000   0.0000
    1758  -0.9606   0.0903  12.4819   0.0000   0.0000   0.0000
    1759  -1.2919  -0.0275  12.1748   0.0000   0.0000   0.0000
    1760  -1.4396  -0.4621  11.8798   0.0000   0.0000   0.0000
    1761  -1.7525  -0.5648  12.2648   0.0000   0.0000   0.0000
    1762  -1.3039   0.3680  11.5876   0.0000   0.0000   0.0000
    1763  -1.3684   0.2918  12.4831   0.0000   0.0000   0.0000
    1764  -1.9850   1.1423  11.9653   0.0000   0.0000   0.0000
    1765  -1.4180   0.1655  11.7799   0.0000   0.0000   0.0000
    1766  -1.1157   0.3786  12.0201   0.0000   0.0000   0.0000
    1767  -1.1229   1.2439  12.2448   0.0000   0.0000   0.0000
    1768  -1.6474   1.1793  12.6608   0.0000   0.0000   0.0000
    1769  -1.6971   1.0714  12.2308   0.0000   0.0000   0.0000
    1770  -1.2983   1.3508  13.0742   0.0000   0.0000   0.0000
    1771  -1.3705   1.1531  13.1779   0.0000   0.0000   0.0000
    1772  -0.7974   1.2149  13.1698   0.0000   0.0000   0.0000
    1773  -1.3511   1.0483  12.7120   0.0000   0.0000   0.0000
    1774  -0.5015   0.5132  12.6919   0.0000   0.0000   0.0000
    1775  -0.4038   0.5428  13.8740   0.0000   0.0000   0.0000
    1776  -1.2527   0.7904  13.5836   0.0000   0.0000   0.0000
    1777  -2.0276   0.6149  13.5237   0.0000   0.0000   0.0000
    1778  -1.1719   1.0957  13.6103   0.0000   0.0000   0.0000
    1779  -1.8103  -0.1671  13.4621   0.0000   0.0000   0.0000
    1780  -2.0424   0.7753  13.7183   0.0000   0.0000   0.0000
    1781  -1.1117   0.4204  13.0229   0.0000   0.0000   0.0000
    1782  -0.8061   1.0829  13.4117   0.0000   0.0000   0.0000
    1783  -0.8523   1.4686  12.6724   0.0000   0.0000   0.0000
    1784  -0.9444   0.9196  12.4464   0.0000   0.0000   0.0000
    1785  -1.3687   0.7534  12.9059   0.0000   0.0000   0.0000
    1786  -0.9361   1.0668  12.3982   0.0000   0.0000   0.0000
    1787  -1.1445   0.2962  12.3813   0.0000   0.0000   0.0000
    1788  -1.0362   0.3748  13.0435   0.0000   0.0000   0.0000
    1789   0.1452   1.0297  12.6280   0.0000   0.0000   0.0000
    1790  -0.8887   0.8076  12.3099   0.0000   0.0000   0.0000
    1791  -0.5946   0.8213  12.7587   0.0000   0.0000   0.0000
    1792  -1.2776   0.3056  12.3973   0.0000   0.0000   0.0000
    1793  -1.2918   0.3316  11.9505   0.0000   0.0000   0.0000
    1794  -0.3941   0.5924  12.8341   0.0000   0.0000   0.0000
    1795  -0.3152   1.5752  12.4950   0.0000   0.0000   0.0000
    1796  -0.3008   0.8718  12.8556   0.0000   0.0000   0.0000
    1797   0.4537   1.4354  13.2891   0.0000   0.0000   0.0000
    1798  -0.1178   1.3023  13.4613   0.0000   0.0000   0.0000
    1799  -0.5564   1.4302  13.6452   0.0000   0.0000   0.0000
    1800  -0.2873   1.3107  12.9455   0.0000   0.0000   0.0000
    1801  -0.2079   1.0149  12.2267   0.0000   0.0000   0.0000
    1802  -0.5105   2.4778  12.3106   0.0000   0.0000   0.0000
    1803   0.5629   1.7546  11.9038   0.0000   0.0000   0.0000
    1804  -0.0224   1.6071  11.0863   0.0000   0.0000   0.0000
    1805  -0.1441   1.5949  11.0502   0.0000   0.0000   0.0000
    1806  -1.0164   2.1137  11.7062   0.0000   0.0000   0.0000
    1807  -0.3886   0.3605  11.6139   0.0000   0.0000   0.0000
    1808  -0.6836   1.2709  11.2306   0.0000   0.0000   0.0000
    1809  -0.3395   1.0958  12.3913   0.0000   0.0000   0.0000
    1810  -0.4691   2.6531  12.1556   0.0000   0.0000   0.0000
    1811   0.5709   2.4302  11.5133   0.0000   0.0000   0.0000
    1812   0.1525   1.5844  11.5678   0.0000   0.0000   0.0000
    1813   0.4725   1.6084  12.2355   0.0000   0.0000   0.0000
    1814   0.0313   1.6778  11.9873   0.0000   0.0000   0.0000
    1815  -0.1078   0.9949  12.1527   0.0000   0.0000   0.0000
    1816   0.7206   1.5584  12.7619   0.0000   0.0000   0.0000
    1817   0.2919   0.9574  12.9979   0.0000   0.0000   0.0000
    1818  -1.2627   1.1655  12.2688   0.0000   0.0000   0.0000
    1819  -1.1702   1.5544  11.9063   0.0000   0.0000   0.0000
    1820  -0.3781   1.6239  12.2534   0.0000   0.0000   0.0000
    1821   0.2539   1.9209  11.9649   0.0000   0.0000   0.0000
    1822   0.4235   1.4613  12.7605   0.0000   0.0000   0.0000
    1823  -0.1743   1.8033  12.3497   0.0000   0.0000   0.0000
    1824  -0.6190   1.9071  12.4833   0.0000   0.0000   0.0000
    1825   0.3691   1.5999  12.0059   0.0000   0.0000   0.0000
    1826   0.3801   1.4297  12.0780   0.0000   0.0000   0.0000
    1827   0.0952   1.6210  11.2865   0.0000   0.0000   0.0000
    1828   0.2300   1.3405  11.8019   0.0000   0.0000   0.0000
    1829   0.0625   1.0605  12.0297   0.0000   0.0000   0.0000
    1830  -0.0849   1.2676  12.5175   0.0000   0.0000   0.0000
    1831  -0.0804   1.8216  12.7929   0.0000   0.0000   0.0000
    1832  -0.3783   1.2515  12.3625   0.0000   0.0000   0.0000
    1833  -0.0542   0.3847  12.2973   0.0000   0.0000   0.0000
    1834  -0.3792   1.5043  13.0506   0.0000   0.0000   0.0000
    1835   0.4914   1.4316  13.4811   0.0000   0.0000   0.0000
    1836  -0.4634   1.8281  12.5575   0.0000   0.0000   0.0000
    1837  -0.1537   1.7663  13.5509   0.0000   0.0000   0.0000
    1838  -0.0501   1.7584  13.4204   0.0000   0.0000   0.0000
    1839  -0.2414   1.0618  13.0543   0.0000   0.0000   0.0000
    1840  -1.1563   1.6655  13.2968   0.0000   0.0000   0.0000
    1841  -0.7506   1.3697  14.1013   0.0000   0.0000   0.0000
    1842  -1.0819   2.4965  13.0181   0.0000   0.0000   0.0000
    1843  -1.1024   2.9129  13.7988   0.0000   0.0000   0.0000
    1844  -0.8382   1.1548  14.3078   0.0000   0.0000   0.0000
    1845  -0.1639   1.4457  14.5383   0.0000   0.0000   0.0000
    1846  -0.3515   1.6829  13.3205   0.0000   0.0000   0.0000
    1847  -0.1280   1.9498  13.6540   0.0000   0.0000   0.0000
    1848  -0.8539   2.4026  12.8018   0.0000   0.0000   0.0000
    1849   0.5487   2.2492  13.4932   0.0000   0.0000   0.0000
    1850   0.2206   2.2475  12.5476   0.0000   0.0000   0.0000
    1851  -0.4893   2.5344  12.4189   0.0000   0.0000   0.0000
    1852   0.7697   2.1259  13.3587   0.0000   0.0000   0.0000
    1853  -1.0162   2.3031  13.9834   0.0000   0.0000   0.0000
    1854  -0.9877   1.7403  13.4840   0.0000   0.0000   0.0000
    1855  -1.0991   1.5711  13.8914   0.0000   0.0000   0.0000
    1856  -1.7061   1.2755  13.6262   0.0000   0.0000   0.0000
    1857  -1.2402   1.0882  13.7380   0.0000   0.0000   0.0000
    1858  -0.9712   1.1537  13.7381   0.0000   0.0000   0.0000
    1859  -2.6643   1.1739  13.4843   0.0000   0.0000   0.0000
    1860  -2.0532   0.8135  12.7034   0.0000   0.0000   0.0000
    1861  -1.9126   1.2165  13.3306   0.0000   0.0000   0.0000
    1862  -2.1486   1.6042  12.5211   0.0000   0.0000   0.0000
    1863  -1.4836   2.4311  12.4358   0.0000   0.0000   0.0000
    1864  -1.5226   2.3138  12.7140   0.0000   0.0000   0.0000
    1865  -1.6842   2.4089  12.0806   0.0000   0.0000   0.0000
    1866  -2.4404   2.6144  11.8158   0.0000   0.0000   0.0000
    1867  -1.6691   2.7032  12.3220   0.0000   0.0000   0.0000
    1868  -1.3530   1.9135  12.8001   0.0000   0.0000   0.0000
    1869  -1.6785   1.8183  12.4547   0.0000   0.0000   0.0000
    1870  -0.7885   1.6565  13.1287   0.0000   0.0000   0.0000
    1871  -1.1756   1.5472  13.3075   0.0000   0.0000   0.0000
    1872  -0.9397   1.3081  13.1082   0.0000   0.0000   0.0000
    1873  -0.7833   1.4006  13.1019   0.0000   0.0000   0.0000
    1874  -1.0254   1.5790  13.2295   0.0000   0.0000   0.0000
    1875  -1.1689   1.9011  13.7598   0.0000   0.0000   0.0000
    1876  -1.0544   1.7809  14.2116   0.0000   0.0000   0.0000
    1877  -0.6912   1.2861  14.0960   0.0000   0.0000   0.0000
    1878  -0.9890   2.4284  13.4561   0.0000   0.0000   0.0000
    1879  -1.3433   2.2258  12.9262   0.0000   0.0000   0.0000
    1880  -1.8726   2.1806  12.9927   0.0000   0.0000   0.0000
    1881  -1.2862   2.6440  12.4527   0.0000   0.0000   0.0000
    1882  -1.5051   2.6884  12.6656   0.0000   0.0000   0.0000
    1883  -1.0809   2.7554  12.7432   0.0000   0.0000   0.0000
    1884  -1.0813   2.1659  12.7047   0.0000   0.0000   0.0000
    1885  -0.8271   1.9211  12.9080   0.0000   0.0000   0.0000
    1886  -1.1377   2.1802  11.6865   0.0000   0.0000   0.0000
    1887  -1.9621   2.6587  12.4232   0.0000   0.0000   0.0000
    1888  -1.4878   1.8076  12.0540   0.0000   0.0000   0.0000
    1889  -1.5773   1.5630  12.0189   0.0000   0.0000   0.0000
    1890  -2.4529   1.7057  11.8989   0.0000   0.0000   0.0000
    1891  -1.6647   1.6295  11.6573   0.0000   0.0000   0.0000
    1892  -1.1176   1.9312  11.5643   0.0000   0.0000   0.0000
    1893  -2.0291   2.1197  11.3619   0.0000   0.0000   0.0000
    1894  -1.0352   1.9502  11.4689   0.0000   0.0000   0.0000
    1895  -0.6297   1.7945  11.8271   0.0000   0.0000   0.0000
    1896  -1.3551   1.1646  11.3414   0.0000   0.0000   0.0000
    1897  -0.7906   1.2945  12.0357   0.0000   0.0000   0.0000
    1898  -0.4589   1.6386  11.0934   0.0000   0.0000   0.0000
    1899  -0.9404   2.1698  11.1683   0.0000   0.0000   0.0000
    1900  -1.5311   1.4792  10.9806   0.0000   0.0000   0.0000
    1901  -0.9134   1.5265  10.6202   0.0000   0.0000   0.0000
    1902  -0.7489   1.4550  10.6838   0.0000   0.0000   0.0000
    1903  -1.3107   1.6114  11.7007   0.0000   0.0000   0.0000
    1904  -1.1321   1.9454  11.0270   0.0000   0.0000   0.0000
    1905  -0.9295   1.4709  12.3566   0.0000   0.0000   0.0000
    1906  -1.6323   0.9584  12.4738   0.0000   0.0000   0.0000
    1907  -1.2119   0.9241  12.5004   0.0000   0.0000   0.0000
    1908  -1.7155   0.9071  11.8733   0.0000   0.0000   0.0000
    1909  -1.6246   0.7281  12.7962   0.0000   0.0000   0.0000
    1910  -1.5314   1.3757  12.0765   0.0000   0.0000   0.0000
    1911  -1.1428   1.5894  11.8502   0.0000   0.0000   0.0000
    1912  -1.3033   1.5452  11.8518   0.0000   0.0000   0.0000
    1913  -1.3051   1.5455  12.2940   0.0000   0.0000   0.0000
    1914  -1.1595   1.7254  12.2287   0.0000   0.0000   0.0000
    1915  -1.0590   2.2262  12.0501   0.0000   0.0000   0.0000
    1916  -0.6829   2.0302  12.7061   0.0000   0.0000   0.0000
    1917  -1.3486   1.6920  11.7296   0.0000   0.0000   0.0000
    1918  -1.9382   1.6913  12.0697   0.0000   0.0000   0.0000
    1919  -2.0783   1.8713  12.2595   0.0000   0.0000   0.0000
    1920  -1.7059   1.8110  12.9193   0.0000   0.0000   0.0000
    1921  -2.2839   2.1637  12.9311   0.0000   0.0000   0.0000
    1922  -2.5694   1.5452  13.2279   0.0000   0.0000   0.0000
    1923  -2.0825   1.6504  12.6793   0.0000   0.0000   0.0000
    1924  -1.9029   1.4700  12.3531   0.0000   0.0000   0.0000
    1925  -2.6047   1.6514  12.4291   0.0000   0.0000   0.0000
    1926  -2.3806   1.0455  12.3576   0.0000   0.0000   0.0000
    1927  -2.6342   2.0987  11.9403   0.0000   0.0000   0.0000
    1928  -2.8169   1.8120  11.8977   0.0000   0.0000   0.0000
    1929  -1.8576   1.5894  11.6550   0.0000   0.0000   0.0000
    1930  -2.4338   2.1456  11.3768   0.0000   0.0000   0.0000
    1931  -2.3807   1.6425  11.4982   0.0000   0.0000   0.0000
    1932  -2.5467   2.4786  11.9602   0.0000   0.0000   0.0000
    1933  -2.6573   2.8832  12.1191   0.0000   0.0000   0.0000
    1934  -1.9253   2.4453  12.5152   0.0000   0.0000   0.0000
    1935  -2.1359   2.5331  12.4630   0.0000   0.0000   0.0000
    1936  -3.1056   2.5497  12.2304   0.0000   0.0000   0.0000
    1937  -3.2679   1.8509  12.3883   0.0000   0.0000   0.0000
    1938  -1.9810   2.3380  11.4766   0.0000   0.0000   0.0000
    1939  -2.4178   2.6538  11.6919   0.0000   0.0000   0.0000
    1940  -2.1964   2.5760  12.0377   0.0000   0.0000   0.0000
    1941  -2.9344   2.4728  11.3091   0.0000   0.0000   0.0000
    1942  -2.2620   2.3531  12.1240   0.0000   0.0000   0.0000
    1943  -1.3738   2.4107  12.0069   0.0000   0.0000   0.0000
    1944  -1.8146   2.4007  11.8911   0.0000   0.0000   0.0000
    1945  -1.6815   2.3337  12.0188   0.0000   0.0000   0.0000
    1946  -1.7638   2.7512  11.5622   0.0000   0.0000   0.0000
    1947  -1.8944   2.4278  11.8504   0.0000   0.0000   0.0000
    1948  -2.2503   2.5812  11.3582   0.0000   0.0000   0.0000
    1949  -1.4497   2.2710  12.1922   0.0000   0.0000   0.0000
    1950  -2.1385   1.8371  12.0080   0.0000   0.0000   0.0000
    1951  -1.5335   1.4989  11.3784   0.0000   0.0000   0.0000
    1952  -1.8612   1.4051  12.0558   0.0000   0.0000   0.0000
    1953  -1.6834   0.8094  13.0297   0.0000   0.0000   0.0000
    1954  -2.0144   1.0193  12.6150   0.0000   0.0000   0.0000
    1955  -2.9605   0.7295  12.1763   0.0000   0.0000   0.0000
    1956  -3.1913   1.3081  11.6711   0.0000   0.0000   0.0000
    1957  -3.5049   0.4635  12.5068   0.0000   0.0000   0.0000
    1958  -3.2905   0.5576  12.0068   0.0000   0.0000   0.0000
    1959  -3.4667   0.5869  12.8387   0.0000   0.0000   0.0000
    1960  -3.5454   1.5116  12.9961   0.0000   0.0000   0.0000
    1961  -3.0874   1.3450  13.5743   0.0000   0.0000   0.0000
    1962  -3.0741   1.2740  13.5684   0.0000   0.0000   0.0000
    1963  -3.1917   1.4537  13.5461   0.0000   0.0000   0.0000
    1964  -3.1798   0.2292  14.0073   0.0000   0.0000   0.0000
    1965  -2.9463   0.1302  15.2792   0.0000   0.0000   0.0000
    1966  -3.2766   0.5914  14.2370   0.0000   0.0000   0.0000
    1967  -2.7526   0.6154  14.2024   0.0000   0.0000   0.0000
    1968  -2.4430   0.6431  14.1962   0.0000   0.0000   0.0000
    1969  -3.2707  -0.1007  13.2676   0.0000   0.0000   0.0000
    1970  -3.2957   0.4561  13.4652   0.0000   0.0000   0.0000
    1971  -2.8574   0.3759  13.3907   0.0000   0.0000   0.0000
    1972  -3.6018   0.4144  14.2056   0.0000   0.0000   0.0000
    1973  -3.2464   0.7558  13.3827   0.0000   0.0000   0.0000
    1974  -3.1844   0.7884  13.8665   0.0000   0.0000   0.0000
    1975  -3.4938   0.5514  14.1556   0.0000   0.0000   0.0000
    1976  -3.3507   0.2356  14.2352   0.0000   0.0000   0.0000
    1977  -3.6967  -0.0120  13.6370   0.0000   0.0000   0.0000
    1978  -3.4642   0.2730  13.6906   0.0000   0.0000   0.0000
    1979  -3.2018   1.4125  13.7157   0.0000   0.0000   0.0000
    1980  -2.6780   1.2084  14.3630   0.0000   0.0000   0.0000
    1981  -3.2160   1.3000  13.9929   0.0000   0.0000   0.0000
    1982  -3.0373   1.7854  13.3076   0.0000   0.0000   0.0000
    1983  -2.9628   1.9389  13.7507   0.0000   0.0000   0.0000
    1984  -4.4066   1.8472  13.2131   0.0000   0.0000   0.0000
    1985  -3.4266   1.2122  13.5201   0.0000   0.0000   0.0000
    1986  -2.7936   1.3830  12.7392   0.0000   0.0000   0.0000
    1987  -3.5621   1.2158  13.7541   0.0000   0.0000   0.0000
    1988  -3.2188   0.7053  14.1451   0.0000   0.0000   0.0000
    1989  -2.7131   0.7429  13.4157   0.0000   0.0000   0.0000
    1990  -3.7187   0.7719  13.6755   0.0000   0.0000   0.0000
    1991  -3.8442   0.6792  13.7033   0.0000   0.0000   0.0000
    1992  -2.6944   0.2153  13.7313   0.0000   0.0000   0.0000
    1993  -2.8922   0.4036  14.3834   0.0000   0.0000   0.0000
    1994  -3.0614   0.3618  14.1895   0.0000   0.0000   0.0000
    1995  -2.2244   0.1664  14.0039   0.0000   0.0000   0.0000
    1996  -2.5656   0.2571  14.0260   0.0000   0.0000   0.0000
    1997  -2.7096   0.8191  14.0127   0.0000   0.0000   0.0000
    1998  -1.9345   0.4915  14.4325   0.0000   0.0000   0.0000
    1999  -2.4102   0.2781  14.6158   0.0000   0.0000   0.0000
    2000  -2.2770   1.3014  14.2573   0.0000   0.0000   0.0000
    2001  -2.5015   2.2255  13.0439   0.0000   0.0000   0.0000
    2002  -3.0175   1.6831  14.0278   0.0000   0.0000   0.0000
    2003  -3.0550   0.9838  14.4182   0.0000   0.0000   0.0000
    2004  -2.3248   1.6201  13.9879   0.0000   0.0000   0.0000
    2005  -1.3690   0.8044  14.0512   0.0000   0.0000   0.0000
    2006  -2.0831   1.3188  14.8184   0.0000   0.0000   0.0000
    2007  -1.8250   1.4235  14.2626   0.0000   0.0000   0.0000
    2008  -2.1645   1.4155  14.7758   0.0000   0.0000   0.0000
    2009  -2.1109   1.0460  14.4550   0.0000   0.0000   0.0000
    2010  -1.5540   1.0653  13.5709   0.0000   0.0000   0.0000
    2011  -1.8803   0.5432  14.0563   0.0000   0.0000   0.0000
    2012  -2.4874   1.5969  14.2913   0.0000   0.0000   0.0000
    2013  -2.2154   1.0434  14.1860   0.0000   0.0000   0.0000
    2014  -1.8370   1.4864  13.6621   0.0000   0.0000   0.0000
    2015  -2.8322   1.8446  14.4599   0.0000   0.0000   0.0000
    2016  -2.4411   0.3769  13.5433   0.0000   0.0000   0.0000
    2017  -3.0742   0.7949  14.1298   0.0000   0.0000   0.0000
    2018  -2.0683   1.1187  14.0039   0.0000   0.0000   0.0000
    2019  -2.4215   1.0553  13.7303   0.0000   0.0000   0.0000
    2020  -2.5217   1.6874  12.9284   0.0000   0.0000   0.0000
    2021  -2.6884   0.8591  13.5551   0.0000   0.0000   0.0000
    2022  -2.6705   1.4603  14.1414   0.0000   0.0000   0.0000
    2023  -2.9261   1.1789  13.7858   0.0000   0.0000   0.0000
    2024  -1.8616   0.7626  12.9690   0.0000   0.0000   0.0000
    2025  -2.3166   0.7776  13.6813   0.0000   0.0000   0.0000
    2026  -1.9269   1.1427  12.9950   0.0000   0.0000   0.0000
    2027  -1.7101   0.4468  13.9175   0.0000   0.0000   0.0000
    2028  -1.7889   0.5744  13.4578   0.0000   0.0000   0.0000
    2029  -1.8654   1.2912  13.4634   0.0000   0.0000   0.0000
    2030  -2.2431   1.6204  13.3169   0.0000   0.0000   0.0000
    2031  -2.7217   0.4629  14.0905   0.0000   0.0000   0.0000
    2032  -2.1308  -0.0428  13.7339   0.0000   0.0000   0.0000
    2033  -2.6376   0.0489  13.2633   0.0000   0.0000   0.0000
    2034  -3.3976   0.4092  13.8816   0.0000   0.0000   0.0000
    2035  -2.0421  -0.1855  14.4758   0.0000   0.0000   0.0000
    2036  -2.0502   0.3625  13.8525   0.0000   0.0000   0.0000
    2037  -2.2250   0.7836  13.7210   0.0000   0.0000   0.0000
    2038  -1.8893  -0.2634  13.5888   0.0000   0.0000   0.0000
    2039  -2.1861   1.1292  13.6350   0.0000   0.0000   0.0000
    2040  -1.9480   0.3831  13.2194   0.0000   0.0000   0.0000
    2041  -2.1806   0.4263  13.9071   0.0000   0.0000   0.0000
    2042  -2.2007   0.0461  13.1919   0.0000   0.0000   0.0000
    2043  -3.2117   1.0775  13.4906   0.0000   0.0000   0.0000
    2044  -2.3413   0.6743  13.4147   0.0000   0.0000   0.0000
    2045  -2.2234   1.0298  13.6782   0.0000   0.0000   0.0000
    2046  -2.1792   1.3011  13.8122   0.0000   0.0000   0.0000
    2047  -2.3481   1.0866  13.6365   0.0000   0.0000   0.0000
    2048  -2.1871   0.4703  13.2322   0.0000   0.0000   0.0000
    2049  -2.9019   0.7992  12.7761   0.0000   0.0000   0.0000
    2050  -3.1395   0.7132  13.6740   0.0000   0.0000   0.0000
    2051  -3.7759   0.0967  13.7780   0.0000   0.0000   0.0000
    2052  -3.1264   0.1799  14.2188   0.0000   0.0000   0.0000
    2053  -3.2370   0.4245  13.8818   0.0000   0.0000   0.0000
    2054  -3.1960   0.4939  14.5204   0.0000   0.0000   0.0000
    2055  -2.8081   1.5063  14.3916   0.0000   0.0000   0.0000
    2056  -3.3124   0.6740  13.1845   0.0000   0.0000   0.0000
    2057  -2.4649   1.4259  13.2178   0.0000   0.0000   0.0000
    2058  -2.6564   1.1793  13.4544   0.0000   0.0000   0.0000
    2059  -3.3017   0.4729  13.1702   0.0000   0.0000   0.0000
    2060  -2.4512  -0.2348  13.2895   0.0000   0.0000   0.0000
    2061  -2.3112  -0.4527  13.4725   0.0000   0.0000   0.0000
    2062  -2.9784   0.4548  13.4477   0.0000   0.0000   0.0000
    2063  -3.3248   0.3687  13.2885   0.0000   0.0000   0.0000
    2064  -2.6203   0.3033  13.6534   0.0000   0.0000   0.0000
    2065  -2.8917   0.2604  13.5170   0.0000   0.0000   0.0000
    2066  -2.1866   0.1916  13.1898   0.0000   0.0000   0.0000
    2067  -2.5872   0.1970  13.9365   0.0000   0.0000   0.0000
    2068  -1.8542   0.9120  12.6065   0.0000   0.0000   0.0000
    2069  -2.3684   0.9911  13.5917   0.0000   0.0000   0.0000
    2070  -2.6843  -0.1354  13.7389   0.0000   0.0000   0.0000
    2071  -3.5243   0.3347  13.8359   0.0000   0.0000   0.0000
    2072  -2.2913   0.7349  13.7698   0.0000   0.0000   0.0000
    2073  -2.6433   0.5233  12.9731   0.0000   0.0000   0.0000
    2074  -2.8861  -0.4448  12.9013   0.0000   0.0000   0.0000
    2075  -3.3406  -0.0470  12.9164   0.0000   0.0000   0.0000
    2076  -4.2250  -0.1935  12.2646   0.0000   0.0000   0.0000
    2077  -3.8462  -0.2563  12.6112   0.0000   0.0000   0.0000
    2078  -2.7928  -1.0026  13.1929   0.0000   0.0000   0.0000
    2079  -3.8241  -0.0580  13.0377   0.0000   0.0000   0.0000
    2080  -3.4058   0.0397  11.9934   0.0000   0.0000   0.0000
    2081  -3.5580   0.1717  12.3540   0.0000   0.0000   0.0000
    2082  -2.5678   0.6582  12.9510   0.0000   0.0000   0.0000
    2083  -3.1680   0.5813  12.5302   0.0000   0.0000   0.0000
    2084  -2.8110   0.4427  12.9363   0.0000   0.0000   0.0000
    2085  -2.0737   1.1233  12.8779   0.0000   0.0000   0.0000
    2086  -2.1514   1.2129  13.0943   0.0000   0.0000   0.0000
    2087  -2.6190   0.1877  13.2346   0.0000   0.0000   0.0000
    2088  -2.9369   1.1442  12.6281   0.0000   0.0000   0.0000
    2089  -3.4256   0.4814  13.0616   0.0000   0.0000   0.0000
    2090  -3.7869   0.8274  13.2871   0.0000   0.0000   0.0000
    2091  -3.6711  -0.1064  13.6298   0.0000   0.0000   0.0000
    2092  -3.6304   0.6984  14.1002   0.0000   0.0000   0.0000
    2093  -3.5131   0.9733  13.9468   0.0000   0.0000   0.0000
    2094  -3.6499   0.4923  13.5976   0.0000   0.0000   0.0000
    2095  -3.7892   0.5165  13.9680   0.0000   0.0000   0.0000
    2096  -3.7033   1.3845  14.2151   0.0000   0.0000   0.0000
    2097  -4.7594   2.1554  12.7304   0.0000   0.0000   0.0000
    2098  -3.8223   1.4235  12.4382   0.0000   0.0000   0.0000
    2099  -3.0823   1.2797  13.9233   0.0000   0.0000   0.0000
    2100  -4.1464   0.3848  14.1937   0.0000   0.0000   0.0000
    2101  -2.6302   0.8827  13.2685   0.0000   0.0000   0.0000
    2102  -2.6745   0.9198  13.2728   0.0000   0.0000   0.0000
    2103  -2.4436   1.2709  13.0432   0.0000   0.0000   0.0000
    2104  -2.1463   0.2354  13.2871   0.0000   0.0000   0.0000
    2105  -3.1619   0.4745  13.0480   0.0000   0.0000   0.0000
    2106  -2.7830   0.7288  12.9942   0.0000   0.0000   0.0000
    2107  -3.0752   0.4066  12.3276   0.0000   0.0000   0.0000
    2108  -2.2246   1.4534  12.6003   0.0000   0.0000   0.0000
    2109  -2.3203   1.3535  13.1235   0.0000   0.0000   0.0000
    2110  -2.6500   0.5309  13.0024   0.0000   0.0000   0.0000
    2111  -2.4715   1.3544  12.9817   0.0000   0.0000   0.0000
    2112  -2.8785   0.5789  13.0433   0.0000   0.0000   0.0000
    2113  -2.7060   0.8592  13.6017   0.0000   0.0000   0.0000
    2114  -2.5248   0.9564  12.8081   0.0000   0.0000   0.0000
    2115  -2.8339   0.8896  11.7964   0.0000   0.0000   0.0000
    2116  -2.5837   1.0448  12.1754   0.0000   0.0000   0.0000
    2117  -3.1470   0.8552  12.1183   0.0000   0.0000   0.0000
    2118  -3.0920  -0.2443  12.6825   0.0000   0.0000   0.0000
    2119  -2.7947   0.1714  13.6560   0.0000   0.0000   0.0000
    2120  -2.7109   0.0894  13.2161   0.0000   0.0000   0.0000
    2121  -2.9501   0.7387  12.9170   0.0000   0.0000   0.0000
    2122  -2.4897   0.9288  12.9236   0.0000   0.0000   0.0000
    2123  -3.4814   1.3304  13.1884   0.0000   0.0000   0.0000
    2124  -2.6114   1.2685  12.3113   0.0000   0.0000   0.0000
    2125  -3.3452   0.9835  13.0659   0.0000   0.0000   0.0000
    2126  -2.9807   1.9728  12.0582   0.0000   0.0000   0.0000
    2127  -3.5570   0.9523  12.6278   0.0000   0.0000   0.0000
    2128  -3.4459   0.7079  12.6001   0.0000   0.0000   0.0000
    2129  -3.1386   0.3208  12.6729   0.0000   0.0000   0.0000
    2130  -2.6856   1.0059  12.7150   0.0000   0.0000   0.0000
    2131  -2.5578   0.4366  12.7518   0.0000   0.0000   0.0000
    2132  -2.7135   0.6044  11.9392   0.0000   0.0000   0.0000
    2133  -3.1109  -0.1259  12.3548   0.0000   0.0000   0.0000
    2134  -2.5097  -0.4765  12.2880   0.0000   0.0000   0.0000
    2135  -2.6514  -0.3575  11.9432   0.0000   0.0000   0.0000
    2136  -2.9060   0.0817  12.7658   0.0000   0.0000   0.0000
    2137  -2.0766  -0.8356  12.7404   0.0000   0.0000   0.0000
    2138  -3.2056   0.5777  12.0845   0.0000   0.0000   0.0000
    2139  -3.2700  -0.3485  12.5377   0.0000   0.0000   0.0000
    2140  -2.3788  -1.4815  12.6599   0.0000   0.0000   0.0000
    2141  -3.3320  -1.0066  11.5450   0.0000   0.0000   0.0000
    2142  -2.9761  -0.7739  11.0103   0.0000   0.0000   0.0000
    2143  -3.4953  -1.0985  11.8299   0.0000   0.0000   0.0000
    2144  -3.9168  -1.4037  11.2272   0.0000   0.0000   0.0000
    2145  -2.6730  -0.9176  11.9822   0.0000   0.0000   0.0000
    2146  -3.3158   0.0499  11.0498   0.0000   0.0000   0.0000
    2147  -2.5735  -1.4331  12.3589   0.0000   0.0000   0.0000
    2148  -3.3937  -0.3974  12.2046   0.0000   0.0000   0.0000
    2149  -4.2201  -0.3708  11.9181   0.0000   0.0000   0.0000
    2150  -3.0057  -0.5911  12.8729   0.0000   0.0000   0.0000
    2151  -3.1503  -0.1258  11.7894   0.0000   0.0000   0.0000
    2152  -2.9281  -0.1998  11.8740   0.0000   0.0000   0.0000
    2153  -2.9314  -0.4216  11.6867   0.0000   0.0000   0.0000
    2154  -3.0841  -0.2701  12.0770   0.0000   0.0000   0.0000
    2155  -2.8301   0.4962  11.7318   0.0000   0.0000   0.0000
    2156  -2.6426  -0.2091  12.4406   0.0000   0.0000   0.0000
    2157  -3.2957   1.2543  11.8686   0.0000   0.0000   0.0000
    2158  -3.3398   0.0161  13.2251   0.0000   0.0000   0.0000
    2159  -4.2717   0.9951  12.8524   0.0000   0.0000   0.0000
    2160  -3.7962   0.8094  13.7367   0.0000   0.0000   0.0000
    2161  -4.1137   0.6232  13.2880   0.0000   0.0000   0.0000
    2162  -3.9625   0.7123  13.0966   0.0000   0.0000   0.0000
    2163  -4.5720   0.2464  12.2958   0.0000   0.0000   0.0000
    2164  -4.4991   0.3315  12.9317   0.0000   0.0000   0.0000
    2165  -4.2622   1.3390  12.6145   0.0000   0.0000   0.0000
    2166  -4.1112   0.5477  12.6144   0.0000   0.0000   0.0000
    2167  -3.7215   0.2341  12.8197   0.0000   0.0000   0.0000
    2168  -4.5434  -0.1093  12.6833   0.0000   0.0000   0.0000
    2169  -3.6189  -0.0363  12.8905   0.0000   0.0000   0.0000
    2170  -4.1980   0.7757  11.9512   0.0000   0.0000   0.0000
    2171  -4.1775   0.2504  12.4245   0.0000   0.0000   0.0000
    2172  -4.0668  -0.7227  12.9616   0.0000   0.0000   0.0000
    2173  -3.5700   0.2371  12.3594   0.0000   0.0000   0.0000
    2174  -4.1916   0.4984  11.7574   0.0000   0.0000   0.0000
    2175  -4.4567  -1.0153  12.3535   0.0000   0.0000   0.0000
    2176  -2.7954  -0.2925  13.1637   0.0000   0.0000   0.0000
    2177  -2.6265   0.7891  13.0673   0.0000   0.0000   0.0000
    2178  -2.9595   0.1090  13.5961   0.0000   0.0000   0.0000
    2179  -2.9041  -0.0457  13.4557   0.0000   0.0000   0.0000
    2180  -2.5020  -0.2222  12.6466   0.0000   0.0000   0.0000
    2181  -2.9387   0.0720  12.8192   0.0000   0.0000   0.0000
    2182  -2.6389   0.3732  12.1749   0.0000   0.0000   0.0000
    2183  -2.4744  -0.1938  11.9577   0.0000   0.0000   0.0000
    2184  -2.2642  -0.6665  13.1603   0.0000   0.0000   0.0000
    2185  -2.2138  -0.7940  13.0840   0.0000   0.0000   0.0000
    2186  -1.3405  -1.0027  12.9426   0.0000   0.0000   0.0000
    2187  -1.7986  -1.1490  13.0080   0.0000   0.0000   0.0000
    2188  -2.0811  -1.1678  13.8198   0.0000   0.0000   0.0000
    2189  -1.8274  -1.5405  12.9883   0.0000   0.0000   0.0000
    2190  -2.5521  -0.9704  12.8118   0.0000   0.0000   0.0000
    2191  -1.3104  -0.9510  13.0998   0.0000   0.0000   0.0000
    2192  -1.9802  -0.7064  12.1344   0.0000   0.0000   0.0000
    2193  -1.5446  -0.8556  11.6681   0.0000   0.0000   0.0000
    2194  -0.7899  -1.1591  12.6415   0.0000   0.0000   0.0000
    2195  -1.7322  -1.0682  13.4571   0.0000   0.0000   0.0000
    2196  -1.9260  -0.9705  12.6806   0.0000   0.0000   0.0000
    2197  -1.8551  -1.7407  13.2456   0.0000   0.0000   0.0000
    2198  -1.2272  -1.5495  12.4759   0.0000   0.0000   0.0000
    2199  -1.6452  -0.8468  12.5016   0.0000   0.0000   0.0000
    2200  -1.4605  -0.9617  13.0943   0.0000   0.0000   0.0000
    2201  -1.4979  -0.5900  12.4862   0.0000   0.0000   0.0000
    2202  -2.3871  -1.0932  13.2349   0.0000   0.0000   0.0000
    2203  -1.1918  -1.4598  13.3408   0.0000   0.0000   0.0000
    2204  -1.4427  -0.8052  12.7256   0.0000   0.0000   0.0000
    2205  -1.5935  -0.8744  12.2462   0.0000   0.0000   0.0000
    2206  -2.1363  -0.6244  12.8006   0.0000   0.0000   0.0000
    2207  -2.3342  -0.4680  13.1253   0.0000   0.0000   0.0000
    2208  -1.4588  -1.1151  12.8814   0.0000   0.0000   0.0000
    2209  -1.3751  -1.1461  12.6840   0.0000   0.0000   0.0000
    2210  -1.1254  -1.8286  12.9714   0.0000   0.0000   0.0000
    2211  -1.5939  -2.0696  13.4309   0.0000   0.0000   0.0000
    2212  -2.6733  -2.4032  12.9080   0.0000   0.0000   0.0000
    2213  -2.2015  -2.3394  13.5732   0.0000   0.0000   0.0000
    2214  -1.6834  -1.5248  13.5711   0.0000   0.0000   0.0000
    2215  -2.2782  -1.3497  12.9182   0.0000   0.0000   0.0000
    2216  -2.8075  -1.2665  13.3753   0.0000   0.0000   0.0000
    2217  -2.3352  -0.8012  13.3352   0.0000   0.0000   0.0000
    2218  -2.7360  -0.8794  12.2519   0.0000   0.0000   0.0000
    2219  -2.4062  -0.3633  12.5129   0.0000   0.0000   0.0000
    2220  -2.7235  -1.6226  12.0689   0.0000   0.0000   0.0000
    2221  -1.9308  -1.0304  12.6157   0.0000   0.0000   0.0000
    2222  -1.6213  -1.0005  12.6956   0.0000   0.0000   0.0000
    2223  -2.4170  -1.4505  13.4541   0.0000   0.0000   0.0000
    2224  -1.2314  -0.6603  13.1973   0.0000   0.0000   0.0000
    2225  -1.3021  -0.4199  12.3134   0.0000   0.0000   0.0000
    2226  -2.1738  -1.6090  12.2639   0.0000   0.0000   0.0000
    2227  -1.0215  -1.0580  12.6403   0.0000   0.0000   0.0000
    2228  -1.7362  -1.8539  12.4380   0.0000   0.0000   0.0000
    2229  -2.9009  -1.6687  12.8023   0.0000   0.0000   0.0000
    2230  -2.3611  -1.9519  12.8838   0.0000   0.0000   0.0000
    2231  -2.6613  -1.0806  12.8648   0.0000   0.0000   0.0000
    2232  -3.0265  -0.5891  13.4224   0.0000   0.0000   0.0000
    2233  -2.4776  -0.7541  13.7539   0.0000   0.0000   0.0000
    2234  -2.8128  -1.5144  13.1462   0.0000   0.0000   0.0000
    2235  -2.1042  -1.2374  12.9575   0.0000   0.0000   0.0000
    2236  -2.1091  -1.5525  13.9508   0.0000   0.0000   0.0000
    2237  -1.7270  -2.3147  13.5960   0.0000   0.0000   0.0000
    2238  -2.5530  -1.9635  13.9173   0.0000   0.0000   0.0000
    2239  -2.7448  -2.8555  13.7589   0.0000   0.0000   0.0000
    2240  -2.4730  -2.6543  13.8962   0.0000   0.0000   0.0000
    2241  -1.8705  -1.1215  13.6104   0.0000   0.0000   0.0000
    2242  -2.0428  -0.6772  13.5512   0.0000   0.0000   0.0000
    2243  -2.5212  -2.0257  14.1924   0.0000   0.0000   0.0000
    2244  -2.8009  -1.7585  14.2615   0.0000   0.0000   0.0000
    2245  -3.4962  -1.9582  13.8641   0.0000   0.0000   0.0000
    2246  -2.4591  -1.9314  13.5080   0.0000   0.0000   0.0000
    2247  -2.4784  -2.1779  13.8910   0.0000   0.0000   0.0000
    2248  -3.2995  -2.1705  13.6520   0.0000   0.0000   0.0000
    2249  -1.9575  -2.1939  13.5099   0.0000   0.0000   0.0000
    2250  -2.2845  -1.7432  13.5841   0.0000   0.0000   0.0000
    2251  -1.8296  -1.8047  13.5982   0.0000   0.0000   0.0000
    2252  -1.7514  -0.7752  13.6447   0.0000   0.0000   0.0000
    2253  -1.1946  -1.3460  13.9597   0.0000   0.0000   0.0000
    2254  -0.7794  -1.9860  14.6446   0.0000   0.0000   0.0000
    2255  -1.2382  -1.9764  14.6108   0.0000   0.0000   0.0000
    2256  -1.0818  -1.6800  13.6987   0.0000   0.0000   0.0000
    2257  -0.3871  -0.7709  13.7172   0.0000   0.0000   0.0000
    2258  -1.8530  -1.9193  13.4366   0.0000   0.0000   0.0000
    2259  -0.8094  -1.3656  12.9606   0.0000   0.0000   0.0000
    2260  -0.4876  -1.6259  13.7283   0.0000   0.0000   0.0000
    2261  -1.0495  -1.1840  12.9251   0.0000   0.0000   0.0000
    2262  -1.7922  -1.3783  13.2665   0.0000   0.0000   0.0000
    2263  -2.9238  -1.6881  13.0434   0.0000   0.0000   0.0000
    2264  -2.8702  -1.6057  13.7040   0.0000   0.0000   0.0000
    2265  -2.8127  -2.9080  13.7387   0.0000   0.0000   0.0000
    2266  -2.4462  -1.7045  13.7986   0.0000   0.0000   0.0000
    2267  -1.5050  -2.3353  13.7927   0.0000   0.0000   0.0000
    2268  -2.0058  -2.4655  13.5773   0.0000   0.0000   0.0000
    2269  -2.7244  -2.1640  13.1627   0.0000   0.0000   0.0000
    2270  -1.4468  -2.1677  13.6646   0.0000   0.0000   0.0000
    2271  -0.9459  -1.5743  13.1188   0.0000   0.0000   0.0000
    2272  -1.8575  -1.6666  13.3572   0.0000   0.0000   0.0000
    2273  -2.0618  -1.7781  13.4484   0.0000   0.0000   0.0000
    2274  -1.4588  -1.7308  13.9969   0.0000   0.0000   0.0000
    2275  -0.6807  -1.6826  14.7755   0.0000   0.0000   0.0000
    2276  -0.9081  -1.9240  14.6474   0.0000   0.0000   0.0000
    2277  -1.5813  -2.2634  13.3290   0.0000   0.0000   0.0000
    2278  -1.5313  -1.3821  13.5602   0.0000   0.0000   0.0000
    2279  -1.6938  -1.4668  13.2630   0.0000   0.0000   0.0000
    2280  -1.0336  -1.9105  13.3070   0.0000   0.0000   0.0000
    2281  -1.9983  -1.7999  13.3260   0.0000   0.0000   0.0000
    2282  -2.0926  -2.3415  13.5776   0.0000   0.0000   0.0000
    2283  -3.5026  -1.6290  13.1645   0.0000   0.0000   0.0000
    2284  -2.8023  -1.3475  12.4452   0.0000   0.0000   0.0000
    2285  -3.0012  -1.1723  12.8168   0.0000   0.0000   0.0000
    2286  -2.4948  -2.6435  14.2428   0.0000   0.0000   0.0000
    2287  -3.0773  -1.5414  13.2725   0.0000   0.0000   0.0000
    2288  -3.6029  -1.6884  13.1792   0.0000   0.0000   0.0000
    2289  -3.4990  -1.9724  12.8581   0.0000   0.0000   0.0000
    2290  -2.6972  -1.4494  13.3484   0.0000   0.0000   0.0000
    2291  -3.1159  -1.8216  13.0267   0.0000   0.0000   0.0000
    2292  -3.1447  -1.5823  13.0637   0.0000   0.0000   0.0000
    2293  -2.8504  -0.9987  13.2858   0.0000   0.0000   0.0000
    2294  -1.9253  -1.2119  13.5451   0.0000   0.0000   0.0000
    2295  -2.2287  -0.6409  13.7781   0.0000   0.0000   0.0000
    2296  -2.2057  -0.7531  14.0758   0.0000   0.0000   0.0000
    2297  -1.2563  -1.0368  13.5879   0.0000   0.0000   0.0000
    2298  -2.4603  -1.4798  13.6214   0.0000   0.0000   0.0000
    2299  -3.0150  -1.4951  13.1966   0.0000   0.0000   0.0000
    2300  -2.1968  -0.3541  13.2166   0.0000   0.0000   0.0000
    2301  -2.2963  -0.4877  13.7878   0.0000   0.0000   0.0000
    2302  -1.6836  -0.5441  13.6083   0.0000   0.0000   0.0000
    2303  -2.5601  -0.8192  14.6096   0.0000   0.0000   0.0000
    2304  -2.7035  -1.8678  13.9044   0.0000   0.0000   0.0000
    2305  -2.3392  -1.5810  13.8819   0.0000   0.0000   0.0000
    2306  -2.6228  -1.4594  13.6491   0.0000   0.0000   0.0000
    2307  -2.1522  -1.0841  13.4813   0.0000   0.0000   0.0000
    2308  -1.6878  -1.1331  13.6363   0.0000   0.0000   0.0000
    2309  -2.2288  -0.8738  13.4366   0.0000   0.0000   0.0000
    2310  -1.6000  -0.9208  13.7819   0.0000   0.0000   0.0000
    2311  -2.4099  -1.4227  13.3842   0.0000   0.0000   0.0000
    2312  -1.9366  -0.7858  12.8329   0.0000   0.0000   0.0000
    2313  -1.7479  -0.9630  13.0711   0.0000   0.0000   0.0000
    2314  -2.2305   0.0019  12.9041   0.0000   0.0000   0.0000
    2315  -0.7547  -0.1914  12.9701   0.0000   0.0000   0.0000
    2316  -2.1595  -0.7227  12.6451   0.0000   0.0000   0.0000
    2317  -1.2915  -0.8130  12.2595   0.0000   0.0000   0.0000
    2318  -2.0651  -0.1197  13.0948   0.0000   0.0000   0.0000
    2319  -1.8721   0.2291  12.8444   0.0000   0.0000   0.0000
    2320  -0.9174   0.4082  13.3868   0.0000   0.0000   0.0000
    2321  -1.0493   0.2224  13.3771   0.0000   0.0000   0.0000
    2322  -0.0588   0.0804  12.7593   0.0000   0.0000   0.0000
    2323  -0.1901   0.9883  13.7612   0.0000   0.0000   0.0000
    2324  -0.8489   0.5270  13.6178   0.0000   0.0000   0.0000
    2325  -1.8013   1.0727  13.0986   0.0000   0.0000   0.0000
    2326  -1.7232   0.4938  12.9619   0.0000   0.0000   0.0000
    2327  -1.2820  -0.1393  12.5448   0.0000   0.0000   0.0000
    2328  -1.3081   0.5515  13.2648   0.0000   0.0000   0.0000
    2329  -1.5249  -0.0827  12.9121   0.0000   0.0000   0.0000
    2330  -1.6166  -0.5876  13.0582   0.0000   0.0000   0.0000
    2331  -2.0732  -0.8028  12.0217   0.0000   0.0000   0.0000
    2332  -2.0489  -0.5046  12.6879   0.0000   0.0000   0.0000
    2333  -1.9133  -0.5278  12.0081   0.0000   0.0000   0.0000
    2334  -1.1475  -0.9011  12.8674   0.0000   0.0000   0.0000
    2335  -1.0851  -0.9164  13.2670   0.0000   0.0000   0.0000
    2336  -2.3008  -0.6889  12.9802   0.0000   0.0000   0.0000
    2337  -1.3689  -1.6106  12.6505   0.0000   0.0000   0.0000
    2338  -1.9143  -0.9696  13.5218   0.0000   0.0000   0.0000
    2339  -1.3295  -1.4794  12.6470   0.0000   0.0000   0.0000
    2340  -1.7755  -1.4760  12.8875   0.0000   0.0000   0.0000
    2341  -1.7091  -1.5675  13.9790   0.0000   0.0000   0.0000
    2342  -1.4795  -1.6812  14.7011   0.0000   0.0000   0.0000
    2343  -1.3314  -1.5235  13.1289   0.0000   0.0000   0.0000
    2344  -1.6841  -1.3986  13.0119   0.0000   0.0000   0.0000
    2345  -1.6108  -2.1382  14.4077   0.0000   0.0000   0.0000
    2346  -1.1732  -2.5680  13.5702   0.0000   0.0000   0.0000
    2347  -1.7435  -2.2053  13.9075   0.0000   0.0000   0.0000
    2348  -1.3606  -2.0919  13.3673   0.0000   0.0000   0.0000
    2349  -2.3401  -2.1472  13.3451   0.0000   0.0000   0.0000
    2350  -1.3017  -2.3643  13.9397   0.0000   0.0000   0.0000
    2351  -1.6971  -1.5395  14.4494   0.0000   0.0000   0.0000
    2352  -1.4359  -1.9173  14.5154   0.0000   0.0000   0.0000
    2353  -0.3477  -1.2062  14.0157   0.0000   0.0000   0.0000
    2354  -1.0876  -1.8313  13.9479   0.0000   0.0000   0.0000
    2355  -0.8083  -1.8340  13.8621   0.0000   0.0000   0.0000
    2356  -1.4560  -1.7808  13.4753   0.0000   0.0000   0.0000
    2357  -1.5166  -1.9506  13.4365   0.0000   0.0000   0.0000
    2358  -1.3221  -1.6377  13.5659   0.0000   0.0000   0.0000
    2359  -0.4994  -1.0695  13.4534   0.0000   0.0000   0.0000
    2360  -1.6207  -0.6763  14.5957   0.0000   0.0000   0.0000
    2361  -1.8186  -1.0937  14.3984   0.0000   0.0000   0.0000
    2362  -1.4469  -1.1735  13.8255   0.0000   0.0000   0.0000
    2363  -0.9089  -1.0590  13.0935   0.0000   0.0000   0.0000
    2364  -1.6649  -0.9020  12.9036   0.0000   0.0000   0.0000
    2365  -0.7240  -0.9292  13.1624   0.0000   0.0000   0.0000
    2366  -0.1201  -1.2961  12.6109   0.0000   0.0000   0.0000
    2367  -1.6699  -0.9525  12.9255   0.0000   0.0000   0.0000
    2368  -1.1521  -0.7329  12.5287   0.0000   0.0000   0.0000
    2369  -1.5217  -1.0224  12.8702   0.0000   0.0000   0.0000
    2370  -2.2480  -0.7146  12.6924   0.0000   0.0000   0.0000
    2371  -2.1638  -1.2130  13.4958   0.0000   0.0000   0.0000
    2372  -1.6108  -2.0215  13.5942   0.0000   0.0000   0.0000
    2373  -2.3092  -2.2261  12.6882   0.0000   0.0000   0.0000
    2374  -1.9559  -1.3285  12.3439   0.0000   0.0000   0.0000
    2375  -1.6188  -1.1862  12.9571   0.0000   0.0000   0.0000
    2376  -1.3252  -1.5269  13.3025   0.0000   0.0000   0.0000
    2377  -1.7325  -1.4721  13.1860   0.0000   0.0000   0.0000
    2378  -2.0236  -1.2294  13.2487   0.0000   0.0000   0.0000
    2379  -0.6735  -1.1984  13.8578   0.0000   0.0000   0.0000
    2380  -1.0457  -1.2727  13.4445   0.0000   0.0000   0.0000
    2381  -1.5816  -2.6947  14.0615   0.0000   0.0000   0.0000
    2382  -0.6675  -2.2597  13.5481   0.0000   0.0000   0.0000
    2383  -1.1854  -1.7849  13.8564   0.0000   0.0000   0.0000
    2384  -1.4844  -1.0988  14.2890   0.0000   0.0000   0.0000
    2385  -0.6483  -1.7414  13.5545   0.0000   0.0000   0.0000
    2386  -1.3291  -1.8772  13.5901   0.0000   0.0000   0.0000
    2387  -1.2959  -1.4224  12.5155   0.0000   0.0000   0.0000
    2388  -0.1362  -2.0173  13.0739   0.0000   0.0000   0.0000
    2389  -0.7308  -2.0835  13.4318   0.0000   0.0000   0.0000
    2390  -0.7158  -2.8330  13.0439   0.0000   0.0000   0.0000
    2391   0.1714  -2.2440  12.9340   0.0000   0.0000   0.0000
    2392  -0.4079  -2.0626  14.0242   0.0000   0.0000   0.0000
    2393  -0.3123  -1.2587  13.7101   0.0000   0.0000   0.0000
    2394  -0.9984  -1.8313  14.0078   0.0000   0.0000   0.0000
    2395  -0.2386  -1.2877  14.3029   0.0000   0.0000   0.0000
    2396  -0.5888  -1.1293  12.9662   0.0000   0.0000   0.0000
    2397   0.1818  -1.6797  14.4747   0.0000   0.0000   0.0000
    2398   0.0117  -1.3877  15.1106   0.0000   0.0000   0.0000
    2399  -0.0265  -1.5676  14.4534   0.0000   0.0000   0.0000
    2400  -0.5385  -1.0582  15.0842   0.0000   0.0000   0.0000
    2401   0.0951  -1.3543  14.1803   0.0000   0.0000   0.0000
    2402   0.7801  -1.5031  13.5491   0.0000   0.0000   0.0000
    2403  -0.7313  -0.5864  13.8742   0.0000   0.0000   0.0000
    2404  -0.3207  -1.6157  14.6014   0.0000   0.0000   0.0000
    2405  -0.1874  -0.9608  13.5987   0.0000   0.0000   0.0000
    2406  -0.3634  -1.3923  13.3833   0.0000   0.0000   0.0000
    2407   0.2049  -1.2683  12.8776   0.0000   0.0000   0.0000
    2408   0.3481  -0.6750  14.5398   0.0000   0.0000   0.0000
    2409   0.2493  -0.5591  14.5155   0.0000   0.0000   0.0000
    2410  -0.1744  -1.2735  15.0174   0.0000   0.0000   0.0000
    2411  -0.5522  -1.6147  14.2861   0.0000   0.0000   0.0000
    2412  -0.7807  -1.3142  13.7736   0.0000   0.0000   0.0000
    2413  -1.6279  -1.7639  14.8020   0.0000   0.0000   0.0000
    2414  -1.5716  -1.7358  13.7788   0.0000   0.0000   0.0000
    2415  -1.8260  -2.4560  14.0216   0.0000   0.0000   0.0000
    2416  -1.2412  -2.1930  13.8760   0.0000   0.0000   0.0000
    2417  -0.7663  -2.4723  15.5369   0.0000   0.0000   0.0000
    2418  -1.7790  -2.4325  15.3466   0.0000   0.0000   0.0000
    2419  -0.8782  -2.3831  14.7781   0.0000   0.0000   0.0000
    2420  -1.3040  -1.9987  14.2897   0.0000   0.0000   0.0000
    2421  -1.6765  -2.0900  14.0376   0.0000   0.0000   0.0000
    2422  -1.1198  -2.0648  14.7065   0.0000   0.0000   0.0000
    2423  -0.6401  -2.1339  14.6862   0.0000   0.0000   0.0000
    2424  -1.0920  -2.1774  14.2925   0.0000   0.0000   0.0000
    2425  -0.4890  -2.3755  14.2524   0.0000   0.0000   0.0000
    2426  -1.1638  -2.4478  14.3603   0.0000   0.0000   0.0000
    2427  -1.2398  -1.7317  14.1345   0.0000   0.0000   0.0000
    2428  -0.5795  -2.3468  14.6059   0.0000   0.0000   0.0000
    2429  -0.9226  -2.4405  14.0061   0.0000   0.0000   0.0000
    2430   0.3292  -2.1038  15.1890   0.0000   0.0000   0.0000
    2431  -0.2657  -2.6780  15.0582   0.0000   0.0000   0.0000
    2432  -0.2639  -2.2346  14.5609   0.0000   0.0000   0.0000
    2433  -0.9379  -2.7462  13.4558   0.0000   0.0000   0.0000
    2434  -0.8682  -1.5540  13.7465   0.0000   0.0000   0.0000
    2435  -0.8783  -1.6284  13.4702   0.0000   0.0000   0.0000
    2436  -1.1652  -2.3529  13.5371   0.0000   0.0000   0.0000
    2437  -0.6788  -2.3543  12.8404   0.0000   0.0000   0.0000
    2438  -0.0622  -3.0294  13.2613   0.0000   0.0000   0.0000
    2439  -0.3281  -3.8867  13.3240   0.0000   0.0000   0.0000
    2440   0.3233  -3.5338  12.8264   0.0000   0.0000   0.0000
    2441   0.3003  -3.1728  13.7178   0.0000   0.0000   0.0000
    2442   0.4764  -3.2307  14.7121   0.0000   0.0000   0.0000
    2443  -0.7583  -2.9012  14.5105   0.0000   0.0000   0.0000
    2444  -0.8980  -2.3198  14.5073   0.0000   0.0000   0.0000
    2445   0.3953  -2.8408  13.8486   0.0000   0.0000   0.0000
    2446  -0.2945  -3.3402  14.8696   0.0000   0.0000   0.0000
    2447  -0.3792  -2.9638  14.5035   0.0000   0.0000   0.0000
    2448  -0.2072  -2.1926  14.7412   0.0000   0.0000   0.0000
    2449  -0.2183  -2.1890  14.7840   0.0000   0.0000   0.0000
    2450   0.1631  -2.8998  14.8951   0.0000   0.0000   0.0000
    2451  -0.0080  -3.1126  14.4512   0.0000   0.0000   0.0000
    2452   0.5648  -2.9378  14.6763   0.0000   0.0000   0.0000
    2453   0.0128  -2.1587  13.5629   0.0000   0.0000   0.0000
    2454  -0.3469  -2.2337  14.5502   0.0000   0.0000   0.0000
    2455  -0.0183  -3.3180  14.0382   0.0000   0.0000   0.0000
    2456  -0.0500  -3.1012  14.5518   0.0000   0.0000   0.0000
    2457  -0.0155  -3.1650  14.4431   0.0000   0.0000   0.0000
    2458   0.2464  -3.1750  13.9483   0.0000   0.0000   0.0000
    2459  -0.0648  -3.9349  14.2448   0.0000   0.0000   0.0000
    2460   0.1252  -3.3139  13.3182   0.0000   0.0000   0.0000
    2461  -0.6154  -2.6462  13.2722   0.0000   0.0000   0.0000
    2462  -0.3823  -1.8946  13.6295   0.0000   0.0000   0.0000
    2463   1.2287  -2.6876  13.4760   0.0000   0.0000   0.0000
    2464   0.4702  -2.9622  13.3194   0.0000   0.0000   0.0000
    2465   0.1357  -3.6840  13.9560   0.0000   0.0000   0.0000
    2466   1.4802  -2.1313  13.4950   0.0000   0.0000   0.0000
    2467   0.8126  -2.2475  14.5150   0.0000   0.0000   0.0000
    2468   0.8847  -2.4672  14.5977   0.0000   0.0000   0.0000
    2469   1.1043  -2.1869  14.5138   0.0000   0.0000   0.0000
    2470   1.5348  -3.2227  14.8478   0.0000   0.0000   0.0000
    2471   1.7625  -2.7139  14.1188   0.0000   0.0000   0.0000
    2472   1.2181  -2.2476  14.6964   0.0000   0.0000   0.0000
    2473   1.1244  -3.3480  13.6984   0.0000   0.0000   0.0000
    2474   1.4432  -3.0211  14.3278   0.0000   0.0000   0.0000
    2475   1.8541  -2.7911  14.9557   0.0000   0.0000   0.0000
    2476   1.9875  -2.5561  14.2972   0.0000   0.0000   0.0000
    2477   1.6555  -2.4820  14.8929   0.0000   0.0000   0.0000
    2478   0.8783  -3.1653  15.0674   0.0000   0.0000   0.0000
    2479   0.8814  -2.9733  14.9036   0.0000   0.0000   0.0000
    2480   0.0985  -3.1905  15.8400   0.0000   0.0000   0.0000
    2481   0.9301  -3.5193  16.4564   0.0000   0.0000   0.0000
    2482   0.1231  -3.4624  16.6627   0.0000   0.0000   0.0000
    2483   0.1589  -3.3109  16.1448   0.0000   0.0000   0.0000
    2484   0.6974  -2.9458  17.1665   0.0000   0.0000   0.0000
    2485   0.7652  -2.8519  17.0220   0.0000   0.0000   0.0000
    2486   0.8443  -3.4920  16.1970   0.0000   0.0000   0.0000
    2487   0.5490  -3.2465  16.4240   0.0000   0.0000   0.0000
    2488   0.7473  -2.6872  16.1226   0.0000   0.0000   0.0000
    2489   0.6130  -2.3693  15.9488   0.0000   0.0000   0.0000
    2490   0.6348  -2.4603  14.7172   0.0000   0.0000   0.0000
    2491   1.0521  -3.5919  15.4599   0.0000   0.0000   0.0000
    2492   0.8044  -4.0543  16.0506   0.0000   0.0000   0.0000
    2493   1.5022  -2.3721  15.5614   0.0000   0.0000   0.0000
    2494   1.2954  -3.3698  15.7285   0.0000   0.0000   0.0000
    2495   1.0458  -3.3429  16.3804   0.0000   0.0000   0.0000
    2496   0.2441  -2.4834  15.8242   0.0000   0.0000   0.0000
    2497  -0.4222  -3.1762  16.1233   0.0000   0.0000   0.0000
    2498  -0.3546  -2.9066  16.3054   0.0000   0.0000   0.0000
    2499   0.2097  -2.6480  15.6061   0.0000   0.0000   0.0000
    2500   0.9009  -2.6192  15.7346   0.0000   0.0000   0.0000
    2501   0.7711  -3.1654  15.1358   0.0000   0.0000   0.0000
    2502  -0.1955  -3.7471  16.0602   0.0000   0.0000   0.0000
    2503   0.1022  -3.3143  15.7481   0.0000   0.0000   0.0000
    2504  -0.0017  -3.6421  15.8368   0.0000   0.0000   0.0000
    2505  -0.4834  -3.9313  15.1296   0.0000   0.0000   0.0000
    2506   0.1436  -3.7456  15.3048   0.0000   0.0000   0.0000
    2507  -0.4745  -3.7092  15.2918   0.0000   0.0000   0.0000
    2508  -0.0179  -3.7551  15.7427   0.0000   0.0000   0.0000
    2509   0.3628  -3.8519  16.4064   0.0000   0.0000   0.0000
    2510   0.0790  -3.6347  15.9909   0.0000   0.0000   0.0000
    2511  -0.8275  -3.2818  15.4347   0.0000   0.0000   0.0000
    2512  -0.1684  -4.1389  14.9134   0.0000   0.0000   0.0000
    2513  -0.1766  -4.0413  15.6520   0.0000   0.0000   0.0000
    2514  -0.2555  -4.3811  15.5930   0.0000   0.0000   0.0000
    2515   0.7319  -3.4082  15.7583   0.0000   0.0000   0.0000
    2516   0.5956  -3.4852  15.7097   0.0000   0.0000   0.0000
    2517   0.4034  -3.7200  15.2098   0.0000   0.0000   0.0000
    2518   1.0138  -3.5226  14.9347   0.0000   0.0000   0.0000
    2519   0.9264  -3.0445  15.6812   0.0000   0.0000   0.0000
    2520   0.1462  -3.3667  14.3834   0.0000   0.0000   0.0000
    2521   1.5475  -3.1099  14.9650   0.0000   0.0000   0.0000
    2522   1.0745  -2.2864  14.8964   0.0000   0.0000   0.0000
    2523   0.5830  -1.8821  15.6567   0.0000   0.0000   0.0000
    2524   0.1561  -3.3631  15.1157   0.0000   0.0000   0.0000
    2525   0.4364  -3.5155  16.1038   0.0000   0.0000   0.0000
    2526   0.6749  -3.1904  16.3391   0.0000   0.0000   0.0000
    2527  -0.0748  -3.6924  16.3230   0.0000   0.0000   0.0000
    2528   0.9773  -2.8051  16.3544   0.0000   0.0000   0.0000
    2529   0.6734  -3.8072  15.3469   0.0000   0.0000   0.0000
    2530   0.9528  -3.2781  15.8283   0.0000   0.0000   0.0000
    2531   0.0078  -3.0032  15.5806   0.0000   0.0000   0.0000
    2532  -0.6277  -2.6977  14.9364   0.0000   0.0000   0.0000
    2533   0.2696  -3.1834  16.3913   0.0000   0.0000   0.0000
    2534   0.4199  -1.9872  15.2033   0.0000   0.0000   0.0000
    2535   0.5589  -3.2059  15.6338   0.0000   0.0000   0.0000
    2536   0.4368  -1.5315  15.6600   0.0000   0.0000   0.0000
    2537   0.9527  -1.0876  15.7186   0.0000   0.0000   0.0000
    2538   0.6766  -1.5287  15.3707   0.0000   0.0000   0.0000
    2539   0.1668  -2.6486  15.3188   0.0000   0.0000   0.0000
    2540   0.2230  -2.4557  15.8784   0.0000   0.0000   0.0000
    2541   0.4416  -1.7553  15.1269   0.0000   0.0000   0.0000
    2542   0.4755  -2.1127  15.6651   0.0000   0.0000   0.0000
    2543   0.6604  -1.7064  15.7741   0.0000   0.0000   0.0000
    2544   1.3851  -1.6520  15.1989   0.0000   0.0000   0.0000
    2545   1.5584  -2.7641  15.5129   0.0000   0.0000   0.0000
    2546   1.5983  -2.8660  15.3891   0.0000   0.0000   0.0000
    2547   1.7351  -3.1870  15.9115   0.0000   0.0000   0.0000
    2548   1.4017  -3.0358  15.9305   0.0000   0.0000   0.0000
    2549   1.0029  -1.9467  16.0773   0.0000   0.0000   0.0000
    2550   1.5946  -2.2150  15.0045   0.0000   0.0000   0.0000
    2551   1.3292  -2.3563  15.6250   0.0000   0.0000   0.0000
    2552   1.3215  -2.2271  15.9865   0.0000   0.0000   0.0000
    2553   1.1473  -1.8585  15.4180   0.0000   0.0000   0.0000
    2554   1.3847  -1.3746  15.0897   0.0000   0.0000   0.0000
    2555   1.8241  -1.8548  15.5058   0.0000   0.0000   0.0000
    2556   1.4151  -1.2660  15.4125   0.0000   0.0000   0.0000
    2557   1.8113  -1.8630  15.5214   0.0000   0.0000   0.0000
    2558   2.0651  -1.4525  14.9373   0.0000   0.0000   0.0000
    2559   1.5692  -1.3161  14.8770   0.0000   0.0000   0.0000
    2560   0.7931  -2.0559  14.7792   0.0000   0.0000   0.0000
    2561   1.7785  -1.2482  15.2328   0.0000   0.0000   0.0000
    2562   2.4045  -2.2386  14.9457   0.0000   0.0000   0.0000
    2563   1.4087  -2.6180  15.2393   0.0000   0.0000   0.0000
    2564   0.4680  -2.1038  14.7088   0.0000   0.0000   0.0000
    2565   2.2141  -1.3283  14.4363   0.0000   0.0000   0.0000
    2566   1.7167  -2.3821  14.3291   0.0000   0.0000   0.0000
    2567   0.9074  -2.3234  14.0748   0.0000   0.0000   0.0000
    2568   0.5987  -2.7055  14.9803   0.0000   0.0000   0.0000
    2569   0.8706  -2.3363  14.8769   0.0000   0.0000   0.0000
    2570   0.4543  -3.1825  15.1622   0.0000   0.0000   0.0000
    2571   1.0181  -2.8336  14.9601   0.0000   0.0000   0.0000
    2572   1.0215  -3.9994  15.2316   0.0000   0.0000   0.0000
    2573   0.5935  -3.4943  14.5246   0.0000   0.0000   0.0000
    2574   0.4215  -3.4456  14.4051   0.0000   0.0000   0.0000
    2575   0.5768  -3.3609  15.1957   0.0000   0.0000   0.0000
    2576   0.7039  -3.2095  14.7838   0.0000   0.0000   0.0000
    2577   1.0559  -2.5378  14.9337   0.0000   0.0000   0.0000
    2578   1.1545  -3.1213  15.8786   0.0000   0.0000   0.0000
    2579   0.1169  -3.6527  15.3532   0.0000   0.0000   0.0000
    2580   1.2335  -3.3714  14.9517   0.0000   0.0000   0.0000
    2581   1.6413  -3.7967  15.2502   0.0000   0.0000   0.0000
    2582   1.6260  -3.7010  15.2374   0.0000   0.0000   0.0000
    2583   1.0723  -3.2220  15.2223   0.0000   0.0000   0.0000
    2584   1.8242  -3.7603  15.4172   0.0000   0.0000   0.0000
    2585   2.1419  -3.5046  15.9678   0.0000   0.0000   0.0000
    2586   1.8428  -2.9019  15.4053   0.0000   0.0000   0.0000
    2587   2.3443  -3.3135  15.1392   0.0000   0.0000   0.0000
    2588   2.0883  -2.9993  15.9999   0.0000   0.0000   0.0000
    2589   1.4553  -2.5350  15.9388   0.0000   0.0000   0.0000
    2590   1.5782  -3.1538  15.1154   0.0000   0.0000   0.0000
    2591   1.4803  -2.5621  15.5642   0.0000   0.0000   0.0000
    2592   2.3754  -3.1263  15.4834   0.0000   0.0000   0.0000
    2593   1.6496  -3.0495  15.4989   0.0000   0.0000   0.0000
    2594   1.4945  -3.4802  14.8131   0.0000   0.0000   0.0000
    2595   1.6344  -2.8856  15.1068   0.0000   0.0000   0.0000
    2596   2.2330  -2.4350  15.1175   0.0000   0.0000   0.0000
    2597   2.4813  -2.1692  14.5276   0.0000   0.0000   0.0000
    2598   1.4699  -1.9562  14.0538   0.0000   0.0000   0.0000
    2599   1.5383  -1.1652  14.2350   0.0000   0.0000   0.0000
    2600   1.2463  -1.3630  14.8286   0.0000   0.0000   0.0000
    2601   1.2440  -0.6837  15.4759   0.0000   0.0000   0.0000
    2602   0.8790  -2.3297  15.3494   0.0000   0.0000   0.0000
    2603   1.2702  -2.2376  14.8404   0.0000   0.0000   0.0000
    2604   1.7724  -1.7019  14.9551   0.0000   0.0000   0.0000
    2605   1.4946  -2.4460  14.4862   0.0000   0.0000   0.0000
    2606   1.7442  -1.9074  14.4475   0.0000   0.0000   0.0000
    2607   1.4553  -1.7385  14.7212   0.0000   0.0000   0.0000
    2608   0.4849  -1.1628  14.6776   0.0000   0.0000   0.0000
    2609   0.9394  -1.0533  14.3757   0.0000   0.0000   0.0000
    2610   1.4518  -1.6173  15.5167   0.0000   0.0000   0.0000
    2611   1.7772  -1.5705  15.0063   0.0000   0.0000   0.0000
    2612   1.9308  -1.4145  14.9315   0.0000   0.0000   0.0000
    2613   1.1288  -1.1153  14.8332   0.0000   0.0000   0.0000
    2614   1.2927  -1.2095  15.4677   0.0000   0.0000   0.0000
    2615   1.2922  -1.8410  15.9552   0.0000   0.0000   0.0000
    2616   1.6849  -1.2806  15.4881   0.0000   0.0000   0.0000
    2617   1.5417  -1.6149  15.7768   0.0000   0.0000   0.0000
    2618   2.0073  -1.6124  15.6185   0.0000   0.0000   0.0000
    2619   1.1290  -1.5994  14.4802   0.0000   0.0000   0.0000
    2620   1.7972  -0.7969  14.9868   0.0000   0.0000   0.0000
    2621   1.4816  -0.9007  15.5738   0.0000   0.0000   0.0000
    2622   1.1408  -0.7876  15.2162   0.0000   0.0000   0.0000
    2623   0.3602  -1.9652  14.5798   0.0000   0.0000   0.0000
    2624   1.1928  -1.3100  15.2078   0.0000   0.0000   0.0000
    2625   1.4799  -1.1800  14.8227   0.0000   0.0000   0.0000
    2626   1.5609  -0.7864  15.3235   0.0000   0.0000   0.0000
    2627   2.3238  -0.9697  15.7342   0.0000   0.0000   0.0000
    2628   2.7644  -1.5727  15.7583   0.0000   0.0000   0.0000
    2629   2.1636  -1.8058  15.3521   0.0000   0.0000   0.0000
    2630   2.0655  -1.8241  14.9406   0.0000   0.0000   0.0000
    2631   1.3097  -1.6813  15.2665   0.0000   0.0000   0.0000
    2632   1.9605  -1.6073  15.3326   0.0000   0.0000   0.0000
    2633   2.4460  -2.2432  15.7704   0.0000   0.0000   0.0000
    2634   1.4115  -1.6247  15.7772   0.0000   0.0000   0.0000
    2635   2.8441  -1.9879  15.7816   0.0000   0.0000   0.0000
    2636   2.1103  -2.1718  16.2578   0.0000   0.0000   0.0000
    2637   2.2691  -1.9742  15.8600   0.0000   0.0000   0.0000
    2638   2.7931  -2.4360  15.8236   0.0000   0.0000   0.0000
    2639   2.7668  -1.1938  15.7701   0.0000   0.0000   0.0000
    2640   1.9746  -1.4081  16.0571   0.0000   0.0000   0.0000
    2641   2.0431  -1.8112  16.0300   0.0000   0.0000   0.0000
    2642   1.8986  -0.8832  15.7371   0.0000   0.0000   0.0000
    2643   1.9433  -1.8789  15.4891   0.0000   0.0000   0.0000
    2644   1.5137  -1.7754  15.7177   0.0000   0.0000   0.0000
    2645   2.1587  -2.0906  16.3786   0.0000   0.0000   0.0000
    2646   2.2463  -2.2482  16.5776   0.0000   0.0000   0.0000
    2647   2.5966  -1.3800  17.3807   0.0000   0.0000   0.0000
    2648   1.9457  -1.7489  16.8897   0.0000   0.0000   0.0000
    2649   2.7376  -1.5732  17.0169   0.0000   0.0000   0.0000
    2650   2.4643  -1.1982  16.7092   0.0000   0.0000   0.0000
    2651   2.7440  -1.9954  17.0672   0.0000   0.0000   0.0000
    2652   2.0600  -1.5277  18.0145   0.0000   0.0000   0.0000
    2653   2.2412  -1.3691  17.3977   0.0000   0.0000   0.0000
    2654   1.5161  -0.9534  17.2059   0.0000   0.0000   0.0000
    2655   1.7563  -1.1559  16.8888   0.0000   0.0000   0.0000
    2656   0.9866  -1.4312  16.2023   0.0000   0.0000   0.0000
    2657   1.1084  -0.1885  17.6590   0.0000   0.0000   0.0000
    2658   0.6175  -0.2722  16.5626   0.0000   0.0000   0.0000
    2659   1.0803  -0.9637  17.1752   0.0000   0.0000   0.0000
    2660   1.6945  -0.9577  17.1937   0.0000   0.0000   0.0000
    2661   1.2504  -1.0716  17.0549   0.0000   0.0000   0.0000
    2662   2.1172  -1.6316  17.5689   0.0000   0.0000   0.0000
    2663   1.1518   0.0050  17.5341   0.0000   0.0000   0.0000
    2664   1.7883  -1.2635  17.0597   0.0000   0.0000   0.0000
    2665   1.1788  -1.0958  17.8315   0.0000   0.0000   0.0000
    2666   1.8149  -1.3281  17.9784   0.0000   0.0000   0.0000
    2667   1.3417  -1.3596  18.0966   0.0000   0.0000   0.0000
    2668   1.6102  -0.3978  18.0073   0.0000   0.0000   0.0000
    2669  -0.3795  -1.9283  18.6430   0.0000   0.0000   0.0000
    2670  -0.4392  -1.4666  17.5211   0.0000   0.0000   0.0000
    2671   0.8894  -1.8999  18.0670   0.0000   0.0000   0.0000
    2672   0.3466  -1.9417  17.1430   0.0000   0.0000   0.0000
    2673  -0.0375  -0.6561  16.6556   0.0000   0.0000   0.0000
    2674   0.2117  -0.8100  17.4935   0.0000   0.0000   0.0000
    2675   0.9119  -1.5233  17.3921   0.0000   0.0000   0.0000
    2676   0.1006  -0.8126  16.3931   0.0000   0.0000   0.0000
    2677  -0.1134  -1.2713  17.1827   0.0000   0.0000   0.0000
    2678   0.4876  -0.4557  17.5553   0.0000   0.0000   0.0000
    2679   0.0567  -0.1427  17.1776   0.0000   0.0000   0.0000
    2680   0.6681  -0.5315  17.6637   0.0000   0.0000   0.0000
    2681   0.7771   0.1880  17.5366   0.0000   0.0000   0.0000
    2682   0.7632  -0.5484  17.7448   0.0000   0.0000   0.0000
    2683  -0.2275  -0.5040  17.3361   0.0000   0.0000   0.0000
    2684   0.4262   0.0886  18.5441   0.0000   0.0000   0.0000
    2685   0.9106  -0.4263  18.0140   0.0000   0.0000   0.0000
    2686   0.9569   0.4942  17.3917   0.0000   0.0000   0.0000
    2687   0.6384   0.8865  17.4227   0.0000   0.0000   0.0000
    2688  -0.1930   0.1451  17.5923   0.0000   0.0000   0.0000
    2689   0.4832   0.3017  18.1870   0.0000   0.0000   0.0000
    2690   0.5737   0.2174  18.5169   0.0000   0.0000   0.0000
    2691   0.9661   0.6796  18.4044   0.0000   0.0000   0.0000
    2692   0.9639  -0.1656  18.2253   0.0000   0.0000   0.0000
    2693  -0.2328   0.1554  17.3326   0.0000   0.0000   0.0000
    2694  -0.5929  -0.0328  17.0666   0.0000   0.0000   0.0000
    2695  -0.3814   0.0809  17.6626   0.0000   0.0000   0.0000
    2696   0.8447  -0.9332  17.6109   0.0000   0.0000   0.0000
    2697   0.4839  -0.5257  16.6456   0.0000   0.0000   0.0000
    2698  -0.6793   0.1598  16.4947   0.0000   0.0000   0.0000
    2699   0.1011  -0.2950  16.7307   0.0000   0.0000   0.0000
    2700   1.6353  -0.2555  16.4709   0.0000   0.0000   0.0000
    2701   1.9230  -1.3376  17.2005   0.0000   0.0000   0.0000
    2702   1.8992  -1.4686  17.6759   0.0000   0.0000   0.0000
    2703   2.6267  -2.0303  17.5751   0.0000   0.0000   0.0000
    2704   1.8731  -2.0532  16.7794   0.0000   0.0000   0.0000
    2705   2.0913  -1.7167  17.2018   0.0000   0.0000   0.0000
    2706   1.5555  -1.3125  16.4754   0.0000   0.0000   0.0000
    2707   2.2091  -1.0011  16.0878   0.0000   0.0000   0.0000
    2708   1.6362  -1.4063  16.9432   0.0000   0.0000   0.0000
    2709   1.5579  -1.3617  17.6056   0.0000   0.0000   0.0000
    2710   1.4659  -1.3554  17.4354   0.0000   0.0000   0.0000
    2711   1.6541  -1.8495  16.7585   0.0000   0.0000   0.0000
    2712   0.7519  -1.5924  17.0339   0.0000   0.0000   0.0000
    2713   1.8134  -1.3263  16.7358   0.0000   0.0000   0.0000
    2714   2.6346  -1.8051  17.3616   0.0000   0.0000   0.0000
    2715   2.4374  -0.2659  17.1923   0.0000   0.0000   0.0000
    2716   2.6225  -0.4205  17.7256   0.0000   0.0000   0.0000
    2717   2.1013  -0.1112  17.1311   0.0000   0.0000   0.0000
    2718   0.8126  -0.1866  17.1446   0.0000   0.0000   0.0000
    2719   2.3244   0.2530  17.7357   0.0000   0.0000   0.0000
    2720   1.8884   0.0676  17.6180   0.0000   0.0000   0.0000
    2721   1.8997  -0.2717  17.0817   0.0000   0.0000   0.0000
    2722   1.4077  -0.6510  16.7095   0.0000   0.0000   0.0000
    2723   0.2728  -1.0216  17.6530   0.0000   0.0000   0.0000
    2724   1.1747  -0.6124  17.6176   0.0000   0.0000   0.0000
    2725   1.6972  -0.9530  17.5444   0.0000   0.0000   0.0000
    2726   1.2358  -1.8981  17.6550   0.0000   0.0000   0.0000
    2727   0.6945  -0.9012  17.3939   0.0000   0.0000   0.0000
    2728   1.0463  -1.2864  16.6881   0.0000   0.0000   0.0000
    2729   0.7905  -1.1015  15.9981   0.0000   0.0000   0.0000
    2730   0.8236  -0.3746  16.4375   0.0000   0.0000   0.0000
    2731   0.6208  -1.0230  15.8934   0.0000   0.0000   0.0000
    2732   1.1202  -1.5050  16.9498   0.0000   0.0000   0.0000
    2733   0.2547  -2.0910  16.5839   0.0000   0.0000   0.0000
    2734   0.5465  -1.6195  16.9045   0.0000   0.0000   0.0000
    2735   0.8415  -1.9005  16.7080   0.0000   0.0000   0.0000
    2736   0.8426  -0.4061  16.0843   0.0000   0.0000   0.0000
    2737   0.7666  -1.1321  16.7936   0.0000   0.0000   0.0000
    2738   0.8328  -0.4687  17.0751   0.0000   0.0000   0.0000
    2739   0.3167  -0.3817  16.4443   0.0000   0.0000   0.0000
    2740  -0.2443  -1.0602  17.2197   0.0000   0.0000   0.0000
    2741   0.1752  -0.8000  16.7318   0.0000   0.0000   0.0000
    2742   0.0082  -0.8064  16.4864   0.0000   0.0000   0.0000
    2743  -0.3023  -0.6196  16.7817   0.0000   0.0000   0.0000
    2744  -0.4515  -1.3054  16.9122   0.0000   0.0000   0.0000
    2745   1.0067  -1.1565  16.0901   0.0000   0.0000   0.0000
    2746   1.1628  -0.8920  16.0967   0.0000   0.0000   0.0000
    2747   0.5698  -1.2645  16.0196   0.0000   0.0000   0.0000
    2748  -0.1207  -1.2589  16.6191   0.0000   0.0000   0.0000
    2749  -0.1562  -0.5376  16.3752   0.0000   0.0000   0.0000
    2750   0.4190  -0.1187  16.6468   0.0000   0.0000   0.0000
    2751   0.3039   0.1760  17.2973   0.0000   0.0000   0.0000
    2752   0.9001   0.0553  18.6047   0.0000   0.0000   0.0000
    2753   0.7167  -0.2554  17.5019   0.0000   0.0000   0.0000
    2754   0.4755  -0.8668  17.4648   0.0000   0.0000   0.0000
    2755  -0.0609  -1.1342  18.3022   0.0000   0.0000   0.0000
    2756  -0.0413  -1.9167  18.2111   0.0000   0.0000   0.0000
    2757   0.3407  -1.3009  18.1805   0.0000   0.0000   0.0000
    2758   0.7568  -1.1124  17.7653   0.0000   0.0000   0.0000
    2759  -0.0777  -0.1050  17.8455   0.0000   0.0000   0.0000
    2760  -0.0826  -0.3739  18.6305   0.0000   0.0000   0.0000
    2761  -0.5173  -0.0452  17.8458   0.0000   0.0000   0.0000
    2762  -0.0518  -0.5877  17.4768   0.0000   0.0000   0.0000
    2763   1.1063   0.2253  18.1581   0.0000   0.0000   0.0000
    2764   0.7444   0.4606  17.5630   0.0000   0.0000   0.0000
    2765   1.4466   0.8922  17.7452   0.0000   0.0000   0.0000
    2766   1.1696   0.2177  17.8506   0.0000   0.0000   0.0000
    2767   0.8672   0.6166  17.6200   0.0000   0.0000   0.0000
    2768   0.9951   0.9340  18.4053   0.0000   0.0000   0.0000
    2769   0.8491   0.8410  18.7076   0.0000   0.0000   0.0000
    2770   1.0096   1.1046  18.3372   0.0000   0.0000   0.0000
    2771   1.1958   1.3097  17.6251   0.0000   0.0000   0.0000
    2772   0.6822   0.6118  17.0326   0.0000   0.0000   0.0000
    2773   1.3674   0.5012  17.0359   0.0000   0.0000   0.0000
    2774   1.0838   0.1787  17.3590   0.0000   0.0000   0.0000
    2775   1.5074   0.6383  17.1976   0.0000   0.0000   0.0000
    2776   1.7295  -0.3596  17.9038   0.0000   0.0000   0.0000
    2777   1.9521  -0.0165  17.7883   0.0000   0.0000   0.0000
    2778   2.5079   0.2128  17.2397   0.0000   0.0000   0.0000
    2779   2.4656   0.5068  17.1238   0.0000   0.0000   0.0000
    2780   2.5188   0.5914  17.3017   0.0000   0.0000   0.0000
    2781   2.9621   1.2302  17.9241   0.0000   0.0000   0.0000
    2782   2.8262   1.4159  17.3485   0.0000   0.0000   0.0000
    2783   2.4570   1.5322  17.6424   0.0000   0.0000   0.0000
    2784   2.5826   0.9648  18.0663   0.0000   0.0000   0.0000
    2785   1.9296   1.5128  17.8965   0.0000   0.0000   0.0000
    2786   2.8953   1.1583  18.7226   0.0000   0.0000   0.0000
    2787   2.4287   1.0825  18.5598   0.0000   0.0000   0.0000
    2788   2.2277   1.4447  17.3103   0.0000   0.0000   0.0000
    2789   1.3189   1.2828  18.3190   0.0000   0.0000   0.0000
    2790   1.9489   1.1648  17.3511   0.0000   0.0000   0.0000
    2791   1.5195   1.5515  17.8407   0.0000   0.0000   0.0000
    2792   0.4162   1.4458  17.9488   0.0000   0.0000   0.0000
    2793   0.8417   0.8993  17.8621   0.0000   0.0000   0.0000
    2794   0.3920   0.9186  17.8740   0.0000   0.0000   0.0000
    2795   0.9686   1.0679  18.0089   0.0000   0.0000   0.0000
    2796   0.7506   1.2089  17.8540   0.0000   0.0000   0.0000
    2797   1.9344   1.1228  17.5245   0.0000   0.0000   0.0000
    2798   0.7627   1.2170  17.9469   0.0000   0.0000   0.0000
    2799   1.2247   0.5605  17.7400   0.0000   0.0000   0.0000
    2800   0.9148   1.0269  17.1378   0.0000   0.0000   0.0000
    2801   0.8438   0.9088  17.6171   0.0000   0.0000   0.0000
    2802   1.2264   1.9290  17.2106   0.0000   0.0000   0.0000
    2803   0.5402   1.2187  16.2713   0.0000   0.0000   0.0000
    2804   0.5211   0.8542  17.2895   0.0000   0.0000   0.0000
    2805  -0.5283   0.9284  16.6024   0.0000   0.0000   0.0000
    2806   0.9416   0.7238  17.5331   0.0000   0.0000   0.0000
    2807   0.8914   1.0077  17.7623   0.0000   0.0000   0.0000
    2808   0.1187   1.2978  17.8919   0.0000   0.0000   0.0000
    2809   0.6872   1.1662  18.4416   0.0000   0.0000   0.0000
    2810   1.7677   0.8560  18.2621   0.0000   0.0000   0.0000
    2811   1.0037   0.4156  17.3160   0.0000   0.0000   0.0000
    2812   0.8249   1.5454  17.5460   0.0000   0.0000   0.0000
    2813   1.3974   0.2631  16.9572   0.0000   0.0000   0.0000
    2814   0.7857  -0.3068  17.4309   0.0000   0.0000   0.0000
    2815   0.3993   1.3681  17.4459   0.0000   0.0000   0.0000
    2816   1.3144   0.7082  17.7266   0.0000   0.0000   0.0000
    2817   0.2634   1.0845  16.6704   0.0000   0.0000   0.0000
    2818   0.7108   2.1840  16.7859   0.0000   0.0000   0.0000
    2819   1.1615   1.4295  17.0214   0.0000   0.0000   0.0000
    2820   2.0634   0.8447  16.2402   0.0000   0.0000   0.0000
    2821   2.6468   1.0060  18.1093   0.0000   0.0000   0.0000
    2822   1.8055   0.8928  18.4881   0.0000   0.0000   0.0000
    2823   2.2151   0.8593  17.3757   0.0000   0.0000   0.0000
    2824   1.6637   0.9295  17.5239   0.0000   0.0000   0.0000
    2825   1.8125   1.4201  17.7979   0.0000   0.0000   0.0000
    2826   1.7459   1.5152  17.5642   0.0000   0.0000   0.0000
    2827   1.2798   0.7804  18.0465   0.0000   0.0000   0.0000
    2828   1.9890   0.6154  17.5080   0.0000   0.0000   0.0000
    2829   2.6030   0.6422  17.4917   0.0000   0.0000   0.0000
    2830   1.9009   0.8389  17.1104   0.0000   0.0000   0.0000
    2831   1.7075   0.6429  16.4572   0.0000   0.0000   0.0000
    2832   1.4044   0.5806  17.6567   0.0000   0.0000   0.0000
    2833   2.3455   0.4027  17.2671   0.0000   0.0000   0.0000
    2834   2.4910   0.3428  17.6306   0.0000   0.0000   0.0000
    2835   2.4938   0.5265  18.1087   0.0000   0.0000   0.0000
    2836   1.6515   0.6896  17.9129   0.0000   0.0000   0.0000
    2837   1.9352   0.0884  18.4724   0.0000   0.0000   0.0000
    2838   2.4648  -0.4739  17.9125   0.0000   0.0000   0.0000
    2839   1.6110  -1.0890  18.1086   0.0000   0.0000   0.0000
    2840   1.8425  -0.1725  17.1584   0.0000   0.0000   0.0000
    2841   1.3028  -1.0836  17.7252   0.0000   0.0000   0.0000
    2842   1.9880  -0.9076  18.4897   0.0000   0.0000   0.0000
    2843   1.2729  -0.0203  18.3036   0.0000   0.0000   0.0000
    2844   1.9901  -0.4279  18.8439   0.0000   0.0000   0.0000
    2845   2.2322  -0.4219  18.2929   0.0000   0.0000   0.0000
    2846   0.7778  -0.6388  18.6964   0.0000   0.0000   0.0000
    2847   0.8412   0.3332  18.4128   0.0000   0.0000   0.0000
    2848   1.2999  -0.1833  17.9687   0.0000   0.0000   0.0000
    2849   1.7815  -0.4948  18.3861   0.0000   0.0000   0.0000
    2850   1.6843  -0.4352  17.6553   0.0000   0.0000   0.0000
    2851   0.3451  -0.6522  18.0692   0.0000   0.0000   0.0000
    2852   0.1619  -0.7373  17.5210   0.0000   0.0000   0.0000
    2853   0.1657   0.5804  17.8570   0.0000   0.0000   0.0000
    2854  -0.2090   0.0549  17.9008   0.0000   0.0000   0.0000
    2855  -0.6417   0.4570  18.1107   0.0000   0.0000   0.0000
    2856  -0.5856   0.2969  18.4092   0.0000   0.0000   0.0000
    2857  -0.5326   0.1073  17.4083   0.0000   0.0000   0.0000
    2858  -0.3702   0.2251  17.9673   0.0000   0.0000   0.0000
    2859  -1.0424   0.4112  17.8146   0.0000   0.0000   0.0000
    2860   0.7212  -1.1061  18.0604   0.0000   0.0000   0.0000
    2861  -0.6144   0.1762  17.9357   0.0000   0.0000   0.0000
    2862  -0.9337  -0.7418  18.1204   0.0000   0.0000   0.0000
    2863  -0.4577  -1.5599  18.1067   0.0000   0.0000   0.0000
    2864  -0.9493  -0.6088  18.0777   0.0000   0.0000   0.0000
    2865   0.2044   0.1675  17.7239   0.0000   0.0000   0.0000
    2866  -0.0940  -0.2823  17.2516   0.0000   0.0000   0.0000
    2867   0.5343   0.4843  17.7762   0.0000   0.0000   0.0000
    2868   0.3743  -0.3753  17.4617   0.0000   0.0000   0.0000
    2869   0.6120  -0.7784  16.9025   0.0000   0.0000   0.0000
    2870   1.1396   0.0278  16.6004   0.0000   0.0000   0.0000
    2871   0.7235  -0.6867  17.6380   0.0000   0.0000   0.0000
    2872   0.0586  -1.2198  17.3802   0.0000   0.0000   0.0000
    2873   0.2411  -0.2183  16.9421   0.0000   0.0000   0.0000
    2874  -0.0096  -0.5401  17.0843   0.0000   0.0000   0.0000
    2875   0.0878  -0.2310  17.0965   0.0000   0.0000   0.0000
    2876   0.4388  -0.3338  17.4843   0.0000   0.0000   0.0000
    2877  -0.1975   0.5431  16.7653   0.0000   0.0000   0.0000
    2878  -0.0596  -0.2142  16.2748   0.0000   0.0000   0.0000
    2879  -0.5911  -0.0247  16.2660   0.0000   0.0000   0.0000
    2880  -0.3415  -0.6500  16.4117   0.0000   0.0000   0.0000
    2881   0.1991  -0.3775  16.9405   0.0000   0.0000   0.0000
    2882  -0.9562  -0.5287  16.8565   0.0000   0.0000   0.0000
    2883   0.4844  -0.9163  17.0421   0.0000   0.0000   0.0000
    2884   0.4878  -0.3247  16.6929   0.0000   0.0000   0.0000
    2885  -0.3170  -0.6999  15.9619   0.0000   0.0000   0.0000
    2886   0.3324  -0.9562  15.8938   0.0000   0.0000   0.0000
    2887   0.6495  -0.9379  16.9235   0.0000   0.0000   0.0000
    2888   0.6716   0.6538  16.3123   0.0000   0.0000   0.0000
    2889   1.2299  -0.7216  16.3506   0.0000   0.0000   0.0000
    2890   1.4864  -0.0985  16.3337   0.0000   0.0000   0.0000
    2891   1.4286  -0.1679  17.0003   0.0000   0.0000   0.0000
    2892   0.8604  -0.1295  17.3451   0.0000   0.0000   0.0000
    2893   0.5625  -0.7019  17.4507   0.0000   0.0000   0.0000
    2894   1.0697   0.4760  16.5898   0.0000   0.0000   0.0000
    2895   1.3806   0.3477  17.0591   0.0000   0.0000   0.0000
    2896   0.5377   0.8139  17.7339   0.0000   0.0000   0.0000
    2897   1.1111   0.2204  18.1974   0.0000   0.0000   0.0000
    2898   0.9515   0.5160  17.7465   0.0000   0.0000   0.0000
    2899   0.5829   0.6812  16.9630   0.0000   0.0000   0.0000
    2900   0.6456   0.7756  17.5502   0.0000   0.0000   0.0000
    2901   0.9039   0.3982  17.5247   0.0000   0.0000   0.0000
    2902   1.3217   0.2739  17.2843   0.0000   0.0000   0.0000
    2903   1.6378   0.1950  17.6848   0.0000   0.0000   0.0000
    2904   1.7427   0.2796  17.8873   0.0000   0.0000   0.0000
    2905   1.9571   0.9625  17.3188   0.0000   0.0000   0.0000
    2906   1.0952   1.2490  17.3443   0.0000   0.0000   0.0000
    2907   0.3828   0.1509  17.3674   0.0000   0.0000   0.0000
    2908   0.4843   0.7137  17.0071   0.0000   0.0000   0.0000
    2909   0.6370  -0.1410  17.8906   0.0000   0.0000   0.0000
    2910   0.8603   0.9454  18.2245   0.0000   0.0000   0.0000
    2911   1.1441  -0.2899  17.5295   0.0000   0.0000   0.0000
    2912   0.3320  -0.2688  17.3330   0.0000   0.0000   0.0000
    2913   0.5658   0.4612  16.1870   0.0000   0.0000   0.0000
    2914   0.6363  -0.3299  16.9512   0.0000   0.0000   0.0000
    2915   0.3680  -0.6060  16.2956   0.0000   0.0000   0.0000
    2916   0.2930  -0.5080  16.5440   0.0000   0.0000   0.0000
    2917   0.6107  -0.1331  17.2142   0.0000   0.0000   0.0000
    2918   0.4142   0.6757  15.7359   0.0000   0.0000   0.0000
    2919   0.0890   0.3198  16.0881   0.0000   0.0000   0.0000
    2920   0.0728   0.6788  15.9500   0.0000   0.0000   0.0000
    2921   0.5624   1.0050  15.7651   0.0000   0.0000   0.0000
    2922   1.0162   0.7871  15.7844   0.0000   0.0000   0.0000
    2923   1.5197   1.1275  14.8873   0.0000   0.0000   0.0000
    2924   0.9207   0.7062  15.5600   0.0000   0.0000   0.0000
    2925   0.2036   0.4848  15.9065   0.0000   0.0000   0.0000
    2926   0.8979   1.1593  15.1250   0.0000   0.0000   0.0000
    2927   0.7480   0.8870  15.9646   0.0000   0.0000   0.0000
    2928   1.7320   0.7160  15.9311   0.0000   0.0000   0.0000
    2929   1.7351   0.8582  15.6313   0.0000   0.0000   0.0000
    2930   1.8641  -0.3024  15.5734   0.0000   0.0000   0.0000
    2931   1.7592   0.6924  15.6199   0.0000   0.0000   0.0000
    2932   2.1027  -0.0418  15.4431   0.0000   0.0000   0.0000
    2933   1.4510   0.2326  15.8235   0.0000   0.0000   0.0000
    2934   1.7777   0.7680  16.8164   0.0000   0.0000   0.0000
    2935   1.7515   1.1664  15.2563   0.0000   0.0000   0.0000
    2936   1.1372   0.7611  14.8770   0.0000   0.0000   0.0000
    2937   0.7679   1.6403  15.3583   0.0000   0.0000   0.0000
    2938   1.4632   1.2250  16.3354   0.0000   0.0000   0.0000
    2939   1.8339   1.8674  15.6780   0.0000   0.0000   0.0000
    2940   1.1870   1.0730  15.9551   0.0000   0.0000   0.0000
    2941   1.5545   1.3103  15.9349   0.0000   0.0000   0.0000
    2942   0.6671   1.8300  16.6926   0.0000   0.0000   0.0000
    2943   1.4665   1.8886  15.9238   0.0000   0.0000   0.0000
    2944   1.1913   2.4350  16.1711   0.0000   0.0000   0.0000
    2945   1.4657   2.1040  15.7992   0.0000   0.0000   0.0000
    2946   1.4086   2.2154  15.4672   0.0000   0.0000   0.0000
    2947   0.8726   1.4378  15.9773   0.0000   0.0000   0.0000
    2948   0.8077   1.6596  15.5618   0.0000   0.0000   0.0000
    2949   0.3758   2.2518  15.9229   0.0000   0.0000   0.0000
    2950   0.2684   1.3110  16.4785   0.0000   0.0000   0.0000
    2951  -0.1150   0.7880  16.3942   0.0000   0.0000   0.0000
    2952   0.3544   1.3076  16.4799   0.0000   0.0000   0.0000
    2953   0.2853   1.7193  15.9415   0.0000   0.0000   0.0000
    2954   0.8570   1.3061  16.1756   0.0000   0.0000   0.0000
    2955   0.6353   0.8843  16.9219   0.0000   0.0000   0.0000
    2956   0.2354   1.2901  16.5949   0.0000   0.0000   0.0000
    2957   0.0685   0.3957  16.6486   0.0000   0.0000   0.0000
    2958  -0.1468   1.0507  16.6734   0.0000   0.0000   0.0000
    2959   0.2217   1.5664  16.5941   0.0000   0.0000   0.0000
    2960  -0.6471   1.7487  16.5492   0.0000   0.0000   0.0000
    2961  -0.1181   1.6914  16.2881   0.0000   0.0000   0.0000
    2962  -0.6151   2.2694  16.6453   0.0000   0.0000   0.0000
    2963   0.6517   2.0369  16.2205   0.0000   0.0000   0.0000
    2964   0.6913   1.3260  16.1809   0.0000   0.0000   0.0000
    2965   1.3747   1.9324  15.7456   0.0000   0.0000   0.0000
    2966   0.8251   1.3229  15.4088   0.0000   0.0000   0.0000
    2967   1.3889   1.9307  15.8237   0.0000   0.0000   0.0000
    2968   1.5051   1.6546  15.9683   0.0000   0.0000   0.0000
    2969   0.7890   1.4603  15.8083   0.0000   0.0000   0.0000
    2970   1.1592   1.5886  15.8278   0.0000   0.0000   0.0000
    2971   1.1613   2.5869  15.8290   0.0000   0.0000   0.0000
    2972   0.9655   1.4329  16.4333   0.0000   0.0000   0.0000
    2973   0.8765   1.3557  16.4430   0.0000   0.0000   0.0000
    2974   0.2624   1.7687  16.3020   0.0000   0.0000   0.0000
    2975   0.7220   2.2418  16.4462   0.0000   0.0000   0.0000
    2976   0.7291   2.1539  16.6868   0.0000   0.0000   0.0000
    2977   1.0352   1.4917  16.6301   0.0000   0.0000   0.0000
    2978  -0.2900   1.3591  16.1910   0.0000   0.0000   0.0000
    2979   0.6617   1.4872  16.6024   0.0000   0.0000   0.0000
    2980   0.4357   2.1418  16.5481   0.0000   0.0000   0.0000
    2981   0.9141   2.1500  17.2485   0.0000   0.0000   0.0000
    2982   1.1483   2.0762  16.4872   0.0000   0.0000   0.0000
    2983   0.9204   1.7585  15.7650   0.0000   0.0000   0.0000
    2984   1.2492   2.5938  16.4149   0.0000   0.0000   0.0000
    2985   0.3767   2.0053  16.5881   0.0000   0.0000   0.0000
    2986   1.0851   1.9044  15.9501   0.0000   0.0000   0.0000
    2987   0.4295   2.3604  15.6999   0.0000   0.0000   0.0000
    2988   1.0645   2.5938  15.5513   0.0000   0.0000   0.0000
    2989  -0.0793   2.8390  15.2970   0.0000   0.0000   0.0000
    2990   0.1088   2.5895  15.8823   0.0000   0.0000   0.0000
    2991   0.2003   2.1932  15.6113   0.0000   0.0000   0.0000
    2992  -0.4999   2.3515  15.6400   0.0000   0.0000   0.0000
    2993   0.1657   2.1991  15.9070   0.0000   0.0000   0.0000
    2994   0.5358   2.3119  15.8360   0.0000   0.0000   0.0000
    2995   0.3761   2.9291  15.1629   0.0000   0.0000   0.0000
    2996  -0.0570   4.1019  16.0390   0.0000   0.0000   0.0000
    2997   0.1233   3.2301  15.4601   0.0000   0.0000   0.0000
    2998   0.5133   4.1029  15.6389   0.0000   0.0000   0.0000
    2999   0.4858   3.0778  16.3668   0.0000   0.0000   0.0000
    3000   0.5045   2.3836  15.9997   0.0000   0.0000   0.0000
    3001   0.5017   2.0125  15.9474   0.0000   0.0000   0.0000
    3002   0.4418   2.5519  16.0998   0.0000   0.0000   0.0000
    3003   0.9604   3.2145  16.0042   0.0000   0.0000   0.0000
    3004   0.4338   3.0391  15.8843   0.0000   0.0000   0.0000
    3005  -0.1324   2.3401  15.2818   0.0000   0.0000   0.0000
    3006   0.3301   2.5223  15.2333   0.0000   0.0000   0.0000
    3007   0.6764   2.1869  14.7848   0.0000   0.0000   0.0000
    3008   0.8238   3.1547  15.6998   0.0000   0.0000   0.0000
    3009   0.4827   2.2387  15.9960   0.0000   0.0000   0.0000
    3010   0.6716   2.5472  15.5278   0.0000   0.0000   0.0000
    3011   0.8047   2.3796  15.8000   0.0000   0.0000   0.0000
    3012   0.4956   2.7312  15.8152   0.0000   0.0000   0.0000
    3013   0.9546   2.1528  15.9811   0.0000   0.0000   0.0000
    3014  -0.0524   3.1020  15.6823   0.0000   0.0000   0.0000
    3015   0.0093   3.3129  14.8172   0.0000   0.0000   0.0000
    3016  -0.3948   1.6709  15.8519   0.0000   0.0000   0.0000
    3017  -0.5708   2.2044  14.9139   0.0000   0.0000   0.0000
    3018   0.3465   1.7877  15.3804   0.0000   0.0000   0.0000
    3019   0.5759   1.9982  15.1813   0.0000   0.0000   0.0000
    3020   0.3457   2.4560  15.5041   0.0000   0.0000   0.0000
    3021   0.7874   2.4966  15.5021   0.0000   0.0000   0.0000
    3022   0.3587   2.7835  15.8708   0.0000   0.0000   0.0000
    3023   0.9132   2.4824  16.0225   0.0000   0.0000   0.0000
    3024   0.5355   2.7187  15.8922   0.0000   0.0000   0.0000
    3025   0.6499   3.4637  15.3410   0.0000   0.0000   0.0000
    3026   0.0465   3.4168  15.2398   0.0000   0.0000   0.0000
    3027   0.9970   2.0455  15.0560   0.0000   0.0000   0.0000
    3028  -0.2949   2.5316  15.4753   0.0000   0.0000   0.0000
    3029  -0.7897   3.0828  15.3702   0.0000   0.0000   0.0000
    3030  -0.2781   3.2745  14.9066   0.0000   0.0000   0.0000
    3031   0.2387   3.3763  15.4544   0.0000   0.0000   0.0000
    3032  -0.4201   3.5161  14.9814   0.0000   0.0000   0.0000
    3033   0.0234   3.6613  15.4498   0.0000   0.0000   0.0000
    3034   0.4253   4.3588  14.4174   0.0000   0.0000   0.0000
    3035   0.7020   3.6255  14.6119   0.0000   0.0000   0.0000
    3036   0.1527   2.2809  15.1052   0.0000   0.0000   0.0000
    3037   0.3366   2.4999  14.9519   0.0000   0.0000   0.0000
    3038   0.3072   2.4892  14.3928   0.0000   0.0000   0.0000
    3039   0.5673   3.0159  14.2821   0.0000   0.0000   0.0000
    3040   0.5572   3.7006  14.7101   0.0000   0.0000   0.0000
    3041   0.4787   3.2007  14.9649   0.0000   0.0000   0.0000
    3042   0.3849   2.7327  14.9966   0.0000   0.0000   0.0000
    3043   0.6789   3.8027  14.4157   0.0000   0.0000   0.0000
    3044   0.3810   2.7856  14.9313   0.0000   0.0000   0.0000
    3045   0.9332   2.9679  15.0923   0.0000   0.0000   0.0000
    3046   0.2945   2.4700  13.6833   0.0000   0.0000   0.0000
    3047   1.7020   3.0683  13.7342   0.0000   0.0000   0.0000
    3048   1.6987   1.8138  14.1311   0.0000   0.0000   0.0000
    3049   0.5421   2.3209  14.3222   0.0000   0.0000   0.0000
    3050   1.2935   1.9192  14.5617   0.0000   0.0000   0.0000
    3051   1.4727   2.3684  14.8538   0.0000   0.0000   0.0000
    3052   0.8589   1.9543  14.4585   0.0000   0.0000   0.0000
    3053   2.0445   2.0030  14.9046   0.0000   0.0000   0.0000
    3054   1.3112   2.1587  14.5882   0.0000   0.0000   0.0000
    3055   2.1135   0.9740  14.3121   0.0000   0.0000   0.0000
    3056   1.8335   1.0986  14.3325   0.0000   0.0000   0.0000
    3057   1.9786   0.8195  16.1157   0.0000   0.0000   0.0000
    3058   2.4822   0.6999  15.0988   0.0000   0.0000   0.0000
    3059   2.0094   1.4938  14.5344   0.0000   0.0000   0.0000
    3060   0.3699   0.6350  14.5105   0.0000   0.0000   0.0000
    3061  -0.1974   0.6435  14.8045   0.0000   0.0000   0.0000
    3062  -0.1450   0.4789  14.7650   0.0000   0.0000   0.0000
    3063  -0.3356   0.6342  14.8856   0.0000   0.0000   0.0000
    3064   0.5087   1.1796  14.8931   0.0000   0.0000   0.0000
    3065  -0.3583   1.6563  15.0004   0.0000   0.0000   0.0000
    3066  -0.3709   0.9815  15.1137   0.0000   0.0000   0.0000
    3067  -0.3797   0.7646  14.9717   0.0000   0.0000   0.0000
    3068   0.1619   1.3079  14.7625   0.0000   0.0000   0.0000
    3069   0.9458   1.4414  14.8188   0.0000   0.0000   0.0000
    3070   1.0339   1.4994  15.7734   0.0000   0.0000   0.0000
    3071   0.9041   1.2856  15.8825   0.0000   0.0000   0.0000
    3072   1.2165   1.3464  15.5802   0.0000   0.0000   0.0000
    3073   0.2698   2.3472  16.9310   0.0000   0.0000   0.0000
    3074   0.4888   1.0785  17.2363   0.0000   0.0000   0.0000
    3075   0.1064   1.6154  17.1960   0.0000   0.0000   0.0000
    3076   0.9310   1.9374  17.7836   0.0000   0.0000   0.0000
    3077   0.9153   2.4964  17.3048   0.0000   0.0000   0.0000
    3078   0.3002   2.3719  16.5310   0.0000   0.0000   0.0000
    3079   1.7147   2.2113  16.6811   0.0000   0.0000   0.0000
    3080   1.3177   2.8384  17.0328   0.0000   0.0000   0.0000
    3081   1.2546   2.3134  16.4010   0.0000   0.0000   0.0000
    3082   0.9910   1.9207  16.4064   0.0000   0.0000   0.0000
    3083   1.0010   2.3061  16.1920   0.0000   0.0000   0.0000
    3084   1.3016   2.7853  15.7193   0.0000   0.0000   0.0000
    3085   0.7024   1.8407  15.5737   0.0000   0.0000   0.0000
    3086   0.3484   2.3729  15.3025   0.0000   0.0000   0.0000
    3087  -0.1929   1.7658  16.1221   0.0000   0.0000   0.0000
    3088  -0.0925   2.3822  16.8670   0.0000   0.0000   0.0000
    3089   0.1657   2.2353  15.5904   0.0000   0.0000   0.0000
    3090   0.1074   2.5046  16.0264   0.0000   0.0000   0.0000
    3091   0.4812   2.8923  15.2190   0.0000   0.0000   0.0000
    3092   0.1202   2.2287  14.8710   0.0000   0.0000   0.0000
    3093   1.5338   1.6617  14.9681   0.0000   0.0000   0.0000
    3094   1.2208   2.3416  15.3736   0.0000   0.0000   0.0000
    3095   1.1030   3.0674  16.3750   0.0000   0.0000   0.0000
    3096   1.9816   2.5729  16.8429   0.0000   0.0000   0.0000
    3097   1.6836   2.3221  16.4036   0.0000   0.0000   0.0000
    3098   1.7919   2.1816  16.3278   0.0000   0.0000   0.0000
    3099   1.2961   2.2022  15.9371   0.0000   0.0000   0.0000
    3100   1.5346   2.9003  15.3871   0.0000   0.0000   0.0000
    3101   1.7292   2.3003  15.1401   0.0000   0.0000   0.0000
    3102   1.5274   3.1737  15.2795   0.0000   0.0000   0.0000
    3103   1.4693   2.2281  14.7883   0.0000   0.0000   0.0000
    3104   0.5347   2.3467  14.5517   0.0000   0.0000   0.0000
    3105   2.0183   2.1679  15.4683   0.0000   0.0000   0.0000
    3106   0.5226   3.0211  15.5535   0.0000   0.0000   0.0000
    3107   0.9792   2.7000  15.7037   0.0000   0.0000   0.0000
    3108   0.9939   2.1529  15.4314   0.0000   0.0000   0.0000
    3109   1.0776   2.7892  15.6561   0.0000   0.0000   0.0000
    3110   1.3224   2.7144  16.0746   0.0000   0.0000   0.0000
    3111   1.2788   2.4109  15.2712   0.0000   0.0000   0.0000
    3112   1.7182   1.9466  16.0737   0.0000   0.0000   0.0000
    3113   0.8828   2.1160  16.0456   0.0000   0.0000   0.0000
    3114   0.9682   2.1553  16.1426   0.0000   0.0000   0.0000
    3115   1.1128   2.5211  15.6379   0.0000   0.0000   0.0000
    3116   0.0711   1.9880  15.9698   0.0000   0.0000   0.0000
    3117   0.2400   2.6053  15.9143   0.0000   0.0000   0.0000
    3118   0.8695   2.5479  15.5489   0.0000   0.0000   0.0000
    3119   0.1081   2.9253  15.7386   0.0000   0.0000   0.0000
    3120  -1.1242   2.8769  15.0999   0.0000   0.0000   0.0000
    3121  -0.3579   2.6189  14.8803   0.0000   0.0000   0.0000
    3122   0.0926   2.3329  14.8976   0.0000   0.0000   0.0000
    3123   0.2989   2.7885  14.7619   0.0000   0.0000   0.0000
    3124   0.0669   3.0837  14.8749   0.0000   0.0000   0.0000
    3125   0.1120   2.7890  15.4431   0.0000   0.0000   0.0000
    3126   0.2717   3.1090  15.9919   0.0000   0.0000   0.0000
    3127   0.3989   1.9561  15.4041   0.0000   0.0000   0.0000
    3128   0.5109   3.3262  15.8194   0.0000   0.0000   0.0000
    3129   0.7017   3.4571  15.9706   0.0000   0.0000   0.0000
    3130   0.1650   2.4273  16.5615   0.0000   0.0000   0.0000
    3131  -0.4193   2.3834  16.1445   0.0000   0.0000   0.0000
    3132   0.2598   1.7075  16.6741   0.0000   0.0000   0.0000
    3133  -0.3919   2.2981  16.3324   0.0000   0.0000   0.0000
    3134   0.8078   2.8858  16.0123   0.0000   0.0000   0.0000
    3135   0.3322   2.9168  16.2770   0.0000   0.0000   0.0000
    3136   0.8518   3.0391  16.3011   0.0000   0.0000   0.0000
    3137   0.8849   2.9468  16.2863   0.0000   0.0000   0.0000
    3138   0.4127   3.5736  15.8732   0.0000   0.0000   0.0000
    3139   1.1778   3.3367  15.5674   0.0000   0.0000   0.0000
    3140   0.7517   2.8525  15.2738   0.0000   0.0000   0.0000
    3141   1.0610   3.5307  14.9830   0.0000   0.0000   0.0000
    3142   1.1238   3.1861  15.3640   0.0000   0.0000   0.0000
    3143   0.3521   3.6707  15.2330   0.0000   0.0000   0.0000
    3144   0.5598   3.8707  15.6239   0.0000   0.0000   0.0000
    3145  -0.0112   3.8070  15.3240   0.0000   0.0000   0.0000
    3146  -0.5362   3.0854  14.8362   0.0000   0.0000   0.0000
    3147   0.1490   2.9197  15.2015   0.0000   0.0000   0.0000
    3148  -0.6656   3.3610  14.9014   0.0000   0.0000   0.0000
    3149   0.0978   3.1012  15.0703   0.0000   0.0000   0.0000
    3150  -0.0153   1.8713  16.2247   0.0000   0.0000   0.0000
    3151  -0.3868   2.4785  15.5661   0.0000   0.0000   0.0000
    3152  -0.7001   2.4042  15.5333   0.0000   0.0000   0.0000
    3153  -0.2489   1.9781  15.3253   0.0000   0.0000   0.0000
    3154   0.7533   2.1524  15.6115   0.0000   0.0000   0.0000
    3155   0.2953   1.5168  15.3610   0.0000   0.0000   0.0000
    3156   0.2493   1.0562  15.2406   0.0000   0.0000   0.0000
    3157  -0.0602   0.7241  14.9734   0.0000   0.0000   0.0000
    3158  -0.1594   0.0350  14.6674   0.0000   0.0000   0.0000
    3159  -0.5412   0.3579  14.9195   0.0000   0.0000   0.0000
    3160  -0.8291   0.9406  15.2798   0.0000   0.0000   0.0000
    3161   0.1171   0.7801  15.1330   0.0000   0.0000   0.0000
    3162   0.4538   0.1779  15.4040   0.0000   0.0000   0.0000
    3163  -0.0382   1.1179  14.9166   0.0000   0.0000   0.0000
    3164   0.2374   0.9265  14.1530   0.0000   0.0000   0.0000
    3165   0.7129   0.6265  15.1666   0.0000   0.0000   0.0000
    3166   0.5435   1.0547  14.6581   0.0000   0.0000   0.0000
    3167  -0.4985   1.5735  14.3034   0.0000   0.0000   0.0000
    3168  -0.5608   1.3401  15.2891   0.0000   0.0000   0.0000
    3169  -1.1288   1.1245  15.0168   0.0000   0.0000   0.0000
    3170  -0.6393   1.8972  15.0812   0.0000   0.0000   0.0000
    3171  -0.9662   1.7876  14.3835   0.0000   0.0000   0.0000
    3172  -0.8685   1.8260  15.4041   0.0000   0.0000   0.0000
    3173  -0.7426   0.5002  15.0929   0.0000   0.0000   0.0000
    3174  -0.9242   0.7137  15.1633   0.0000   0.0000   0.0000
    3175  -1.7903   1.1306  15.4566   0.0000   0.0000   0.0000
    3176  -1.6528   2.0199  14.2616   0.0000   0.0000   0.0000
    3177  -0.4208   1.3485  15.1354   0.0000   0.0000   0.0000
    3178  -1.2919   1.5014  14.8978   0.0000   0.0000   0.0000
    3179  -0.4011   2.0133  15.6764   0.0000   0.0000   0.0000
    3180  -1.6121   1.6729  14.7732   0.0000   0.0000   0.0000
    3181  -1.8676   1.7552  14.3341   0.0000   0.0000   0.0000
    3182  -1.9155   1.4053  14.5760   0.0000   0.0000   0.0000
    3183  -1.7615   1.4087  14.4994   0.0000   0.0000   0.0000
    3184  -1.1569   1.6634  14.5228   0.0000   0.0000   0.0000
    3185  -0.9669   1.0624  14.4486   0.0000   0.0000   0.0000
    3186  -2.2820   1.6728  14.3599   0.0000   0.0000   0.0000
    3187  -1.2242   1.5712  14.3879   0.0000   0.0000   0.0000
    3188  -0.6969   1.8981  14.9662   0.0000   0.0000   0.0000
    3189  -0.9682   1.7285  14.6752   0.0000   0.0000   0.0000
    3190  -1.0018   1.6484  14.8894   0.0000   0.0000   0.0000
    3191  -1.1447   2.5001  14.4479   0.0000   0.0000   0.0000
    3192  -0.6560   1.5301  14.2073   0.0000   0.0000   0.0000
    3193  -0.7283   2.1305  14.6411   0.0000   0.0000   0.0000
    3194  -0.1324   1.7776  14.6460   0.0000   0.0000   0.0000
    3195  -0.0997   1.8233  13.8113   0.0000   0.0000   0.0000
    3196   0.8548   1.2515  13.7749   0.0000   0.0000   0.0000
    3197   1.0284   0.8668  14.5830   0.0000   0.0000   0.0000
    3198   1.0642   1.5881  14.5953   0.0000   0.0000   0.0000
    3199   0.4756   0.8834  14.7176   0.0000   0.0000   0.0000
    3200   0.5380   1.5990  14.6678   0.0000   0.0000   0.0000
    3201   1.9729   1.9018  14.8018   0.0000   0.0000   0.0000
    3202   1.6548   2.3375  14.7985   0.0000   0.0000   0.0000
    3203   0.9073   1.6866  15.4516   0.0000   0.0000   0.0000
    3204   0.6364   1.3213  15.4724   0.0000   0.0000   0.0000
    3205   0.2663   1.2972  15.0778   0.0000   0.0000   0.0000
    3206  -0.0285   1.1779  15.5810   0.0000   0.0000   0.0000
    3207   0.6126   1.2655  16.0455   0.0000   0.0000   0.0000
    3208  -0.4282   0.8888  15.3465   0.0000   0.0000   0.0000
    3209   0.7803   0.6156  15.6038   0.0000   0.0000   0.0000
    3210  -0.3524   1.4837  15.4940   0.0000   0.0000   0.0000
    3211   0.1229   1.0467  14.7255   0.0000   0.0000   0.0000
    3212   1.1398   0.7196  15.0844   0.0000   0.0000   0.0000
    3213   0.8910   1.4251  14.9762   0.0000   0.0000   0.0000
    3214   0.6563   1.1815  16.0282   0.0000   0.0000   0.0000
    3215   0.5635   1.8973  15.8205   0.0000   0.0000   0.0000
    3216   0.9292   1.9225  15.2536   0.0000   0.0000   0.0000
    3217   0.2218   2.0124  15.2874   0.0000   0.0000   0.0000
    3218   1.1571   1.2671  15.1655   0.0000   0.0000   0.0000
    3219   0.5468   1.3373  15.7347   0.0000   0.0000   0.0000
    3220   0.2767   0.1444  15.8046   0.0000   0.0000   0.0000
    3221   1.1036   0.4379  16.0298   0.0000   0.0000   0.0000
    3222   0.2845   0.7173  15.2874   0.0000   0.0000   0.0000
    3223   0.4208   0.8894  15.7054   0.0000   0.0000   0.0000
    3224   0.9210   1.2567  16.8122   0.0000   0.0000   0.0000
    3225   0.7176   0.3807  16.9374   0.0000   0.0000   0.0000
    3226   0.5313   0.0586  16.7356   0.0000   0.0000   0.0000
    3227   0.8057   1.0562  16.8848   0.0000   0.0000   0.0000
    3228   0.5308  -0.1125  16.7160   0.0000   0.0000   0.0000
    3229   0.7031   1.3400  16.5444   0.0000   0.0000   0.0000
    3230   0.9284   1.2828  16.4947   0.0000   0.0000   0.0000
    3231   0.5122   1.5466  17.2605   0.0000   0.0000   0.0000
    3232   0.7918   0.4860  16.6668   0.0000   0.0000   0.0000
    3233   0.5532   0.9572  16.6866   0.0000   0.0000   0.0000
    3234   1.4712   1.3450  17.0010   0.0000   0.0000   0.0000
    3235   1.6240   0.7151  16.5091   0.0000   0.0000   0.0000
    3236   1.8357   1.0124  16.7659   0.0000   0.0000   0.0000
    3237   0.5046   0.7728  16.7495   0.0000   0.0000   0.0000
    3238   0.2143   0.2040  15.7836   0.0000   0.0000   0.0000
    3239   0.1797   0.4211  16.6086   0.0000   0.0000   0.0000
    3240   0.6736   0.0819  16.1651   0.0000   0.0000   0.0000
    3241   1.0019   0.3394  16.0482   0.0000   0.0000   0.0000
    3242   0.5437   0.0638  15.7472   0.0000   0.0000   0.0000
    3243   1.2320   0.5081  15.7523   0.0000   0.0000   0.0000
    3244   0.8189   0.8365  16.2461   0.0000   0.0000   0.0000
    3245   0.4856   0.8139  15.6547   0.0000   0.0000   0.0000
    3246   1.1667  -0.1990  15.4984   0.0000   0.0000   0.0000
    3247   0.5368  -0.0254  15.5346   0.0000   0.0000   0.0000
    3248   1.8043   0.3891  15.2962   0.0000   0.0000   0.0000
    3249   2.4241   0.9516  15.8692   0.0000   0.0000   0.0000
    3250   1.6986   0.3633  15.3359   0.0000   0.0000   0.0000
    3251   1.2116   0.4638  14.4105   0.0000   0.0000   0.0000
    3252   0.8472  -0.2027  15.6071   0.0000   0.0000   0.0000
    3253   0.8582   0.2122  14.9427   0.0000   0.0000   0.0000
    3254   0.2785  -0.1612  14.1586   0.0000   0.0000   0.0000
    3255   0.6828  -0.0640  14.8663   0.0000   0.0000   0.0000
    3256  -0.0574   0.1942  14.7621   0.0000   0.0000   0.0000
    3257   1.3453   0.2782  15.4742   0.0000   0.0000   0.0000
    3258   1.0326   0.0441  14.3841   0.0000   0.0000   0.0000
    3259   1.4299  -0.0751  14.2500   0.0000   0.0000   0.0000
    3260   1.5869   0.0686  14.4025   0.0000   0.0000   0.0000
    3261   1.0668  -0.5822  14.7949   0.0000   0.0000   0.0000
    3262   1.2915  -0.3838  14.0857   0.0000   0.0000   0.0000
    3263   0.3128  -0.1432  14.5469   0.0000   0.0000   0.0000
    3264   1.0980   0.7339  15.2377   0.0000   0.0000   0.0000
    3265   0.3671  -0.1030  15.5042   0.0000   0.0000   0.0000
    3266   1.4232  -0.3943  15.4058   0.0000   0.0000   0.0000
    3267   1.3824  -0.4378  15.5541   0.0000   0.0000   0.0000
    3268   1.3111   0.4515  16.3255   0.0000   0.0000   0.0000
    3269   1.5995  -0.3865  15.7123   0.0000   0.0000   0.0000
    3270   1.0355  -0.3153  15.7434   0.0000   0.0000   0.0000
    3271   0.7528  -0.8205  14.4632   0.0000   0.0000   0.0000
    3272   1.1751   0.0995  14.2276   0.0000   0.0000   0.0000
    3273   0.7704  -0.7853  15.5190   0.0000   0.0000   0.0000
    3274   1.9673  -0.4131  15.0188   0.0000   0.0000   0.0000
    3275   0.9936  -0.3620  14.7411   0.0000   0.0000   0.0000
    3276   1.1373   0.3355  15.4662   0.0000   0.0000   0.0000
    3277   0.2406  -0.0389  14.6037   0.0000   0.0000   0.0000
    3278   0.3232   0.1343  14.4072   0.0000   0.0000   0.0000
    3279   0.4852  -0.3052  15.1680   0.0000   0.0000   0.0000
    3280   0.2791  -0.2794  15.2619   0.0000   0.0000   0.0000
    3281   0.5649   0.2383  14.9887   0.0000   0.0000   0.0000
    3282   1.0191   0.0916  15.8803   0.0000   0.0000   0.0000
    3283   1.4969  -0.1489  15.2483   0.0000   0.0000   0.0000
    3284   1.3940   0.2694  15.4856   0.0000   0.0000   0.0000
    3285   1.0083   0.2374  15.5929   0.0000   0.0000   0.0000
    3286   1.1145   0.8861  15.8439   0.0000   0.0000   0.0000
    3287   1.5578   0.8801  16.3280   0.0000   0.0000   0.0000
    3288   1.5391   0.0152  16.3812   0.0000   0.0000   0.0000
    3289   0.4279   0.6558  15.3309   0.0000   0.0000   0.0000
    3290   0.6740   1.0301  14.6955   0.0000   0.0000   0.0000
    3291   0.8871   0.8404  15.5487   0.0000   0.0000   0.0000
    3292   1.2649   1.3482  15.4722   0.0000   0.0000   0.0000
    3293   0.7443   1.1520  15.6358   0.0000   0.0000   0.0000
    3294   0.6691   0.7292  15.6499   0.0000   0.0000   0.0000
    3295   0.2923   0.8375  15.4902   0.0000   0.0000   0.0000
    3296  -0.1303   1.0006  15.6145   0.0000   0.0000   0.0000
    3297  -0.1014   0.8805  14.8383   0.0000   0.0000   0.0000
    3298  -0.0663   1.3740  14.4641   0.0000   0.0000   0.0000
    3299   0.3874   1.1849  14.0547   0.0000   0.0000   0.0000
    3300   0.2807   1.4342  14.0034   0.0000   0.0000   0.0000
    3301   0.3878   1.0019  14.8007   0.0000   0.0000   0.0000
    3302  -0.3929   1.7116  14.7236   0.0000   0.0000   0.0000
    3303   0.8254   1.6683  14.7221   0.0000   0.0000   0.0000
    3304   0.1961   2.1960  14.2871   0.0000   0.0000   0.0000
    3305   1.0088   2.2286  13.4184   0.0000   0.0000   0.0000
    3306   0.8099   1.5761  13.8621   0.0000   0.0000   0.0000
    3307   0.5352   1.5388  13.5458   0.0000   0.0000   0.0000
    3308  -0.3987   1.3789  14.0957   0.0000   0.0000   0.0000
    3309   0.4363   0.8778  14.5584   0.0000   0.0000   0.0000
    3310   1.6363   1.4486  14.2454   0.0000   0.0000   0.0000
    3311  -0.0296   1.9315  13.9379   0.0000   0.0000   0.0000
    3312  -0.4460   2.0261  14.9576   0.0000   0.0000   0.0000
    3313   0.0359   2.0731  15.1737   0.0000   0.0000   0.0000
    3314  -0.0531   2.4519  14.9582   0.0000   0.0000   0.0000
    3315   0.1339   1.4028  14.5837   0.0000   0.0000   0.0000
    3316  -0.1215   1.4068  13.8847   0.0000   0.0000   0.0000
    3317   0.3881   1.1473  14.2463   0.0000   0.0000   0.0000
    3318  -0.1901   1.6816  14.5428   0.0000   0.0000   0.0000
    3319  -0.2876   1.9696  14.6283   0.0000   0.0000   0.0000
    3320  -0.6309   1.2261  13.6776   0.0000   0.0000   0.0000
    3321  -0.5484   0.8447  15.0658   0.0000   0.0000   0.0000
    3322  -0.8507   1.2317  15.0267   0.0000   0.0000   0.0000
    3323  -0.4166   0.8632  14.7997   0.0000   0.0000   0.0000
    3324  -0.4310   1.9546  14.7909   0.0000   0.0000   0.0000
    3325  -0.3179   2.3001  13.9153   0.0000   0.0000   0.0000
    3326  -0.7471   0.8826  14.6025   0.0000   0.0000   0.0000
    3327  -0.2981   0.8329  15.1987   0.0000   0.0000   0.0000
    3328  -0.1482   0.0555  15.0537   0.0000   0.0000   0.0000
    3329  -0.4294   0.5623  15.4600   0.0000   0.0000   0.0000
    3330  -0.1649   0.3456  14.9165   0.0000   0.0000   0.0000
    3331   0.7239   1.2364  15.9476   0.0000   0.0000   0.0000
    3332  -0.4557   0.6973  15.9224   0.0000   0.0000   0.0000
    3333  -0.6117   0.9327  15.8241   0.0000   0.0000   0.0000
    3334  -0.0823   0.9863  16.0928   0.0000   0.0000   0.0000
    3335   0.7399   1.7217  15.8415   0.0000   0.0000   0.0000
    3336  -1.0293   1.9265  15.5555   0.0000   0.0000   0.0000
    3337  -0.7048   1.6621  15.8373   0.0000   0.0000   0.0000
    3338  -1.3766   1.2868  16.0222   0.0000   0.0000   0.0000
    3339  -0.7453   1.2976  16.3943   0.0000   0.0000   0.0000
    3340  -0.6057   1.2154  15.3577   0.0000   0.0000   0.0000
    3341  -1.4006   1.5567  15.9029   0.0000   0.0000   0.0000
    3342  -0.8214   1.5110  15.6958   0.0000   0.0000   0.0000
    3343  -0.8516   2.0748  15.8583   0.0000   0.0000   0.0000
    3344  -0.6541   1.5612  15.7362   0.0000   0.0000   0.0000
    3345  -0.4818   2.1193  15.9608   0.0000   0.0000   0.0000
    3346  -1.2457   2.1797  15.4440   0.0000   0.0000   0.0000
    3347  -0.6694   1.5171  16.1479   0.0000   0.0000   0.0000
    3348  -0.5700   1.5979  15.6861   0.0000   0.0000   0.0000
    3349   0.0191   1.7983  16.7280   0.0000   0.0000   0.0000
    3350  -0.2875   1.3168  15.9222   0.0000   0.0000   0.0000
    3351  -0.8857   1.3230  16.3602   0.0000   0.0000   0.0000
    3352  -0.6882   1.7664  17.0489   0.0000   0.0000   0.0000
    3353  -1.1644   1.6718  16.1935   0.0000   0.0000   0.0000
    3354  -1.0353   1.3322  15.2312   0.0000   0.0000   0.0000
    3355  -1.1960   1.6289  15.5709   0.0000   0.0000   0.0000
    3356  -0.7354   1.0893  16.6360   0.0000   0.0000   0.0000
    3357  -0.8997   1.2354  16.3313   0.0000   0.0000   0.0000
    3358  -1.2790   1.1343  15.9030   0.0000   0.0000   0.0000
    3359  -1.3877   0.8419  15.6809   0.0000   0.0000   0.0000
    3360  -0.8917   0.0102  16.5524   0.0000   0.0000   0.0000
    3361  -0.5902   0.8353  15.8669   0.0000   0.0000   0.0000
    3362  -1.2098   1.1664  16.1224   0.0000   0.0000   0.0000
    3363  -1.4468   1.6034  15.9353   0.0000   0.0000   0.0000
    3364  -1.0277   1.3813  15.5287   0.0000   0.0000   0.0000
    3365  -0.0554   0.9521  16.0850   0.0000   0.0000   0.0000
    3366  -1.1355   1.6494  16.2903   0.0000   0.0000   0.0000
    3367  -0.9787   1.0990  15.9728   0.0000   0.0000   0.0000
    3368  -1.4437   1.0114  14.8701   0.0000   0.0000   0.0000
    3369  -1.4265   1.0619  15.6011   0.0000   0.0000   0.0000
    3370  -2.0745   1.6736  15.2463   0.0000   0.0000   0.0000
    3371  -1.6324   1.2658  16.1938   0.0000   0.0000   0.0000
    3372  -1.7555   1.6448  15.9289   0.0000   0.0000   0.0000
    3373  -1.5607   1.3676  15.5963   0.0000   0.0000   0.0000
    3374  -1.2001   0.8335  15.1254   0.0000   0.0000   0.0000
    3375  -1.2060   1.4282  15.5917   0.0000   0.0000   0.0000
    3376  -2.0168   1.1197  16.1680   0.0000   0.0000   0.0000
    3377  -2.1685   0.7595  16.6783   0.0000   0.0000   0.0000
    3378  -0.8145   0.6176  17.0191   0.0000   0.0000   0.0000
    3379  -1.0091   0.6490  17.4651   0.0000   0.0000   0.0000
    3380  -1.5101   0.3887  16.0549   0.0000   0.0000   0.0000
    3381  -1.1345   1.1738  15.4308   0.0000   0.0000   0.0000
    3382  -0.8018   0.3061  14.7585   0.0000   0.0000   0.0000
    3383  -0.9006  -0.4225  15.5596   0.0000   0.0000   0.0000
    3384  -1.1252   0.4698  15.4176   0.0000   0.0000   0.0000
    3385  -1.5351   0.9707  15.3011   0.0000   0.0000   0.0000
    3386  -0.9327   1.3379  15.5010   0.0000   0.0000   0.0000
    3387  -1.5804   1.4359  15.4467   0.0000   0.0000   0.0000
    3388  -1.1410   0.7459  15.0402   0.0000   0.0000   0.0000
    3389  -1.4334   1.2889  15.6206   0.0000   0.0000   0.0000
    3390  -1.0270   0.0450  14.5804   0.0000   0.0000   0.0000
    3391  -1.0280   0.4594  15.0339   0.0000   0.0000   0.0000
    3392  -1.1931   0.0186  14.8173   0.0000   0.0000   0.0000
    3393  -0.9636   0.5387  15.6119   0.0000   0.0000   0.0000
    3394  -1.2247   0.4922  15.2865   0.0000   0.0000   0.0000
    3395  -1.5750   0.5403  14.9041   0.0000   0.0000   0.0000
    3396  -1.1659  -0.0680  15.1602   0.0000   0.0000   0.0000
    3397  -1.8011   0.6672  14.6918   0.0000   0.0000   0.0000
    3398  -1.0439   1.0602  14.4324   0.0000   0.0000   0.0000
    3399  -1.5309   0.8120  14.7088   0.0000   0.0000   0.0000
    3400  -1.0648   1.3722  14.8625   0.0000   0.0000   0.0000
    3401  -1.5648   0.8877  14.7111   0.0000   0.0000   0.0000
    3402  -0.5188   0.7716  14.8293   0.0000   0.0000   0.0000
    3403  -1.2006   0.8987  15.0829   0.0000   0.0000   0.0000
    3404  -1.4446   1.4694  15.3265   0.0000   0.0000   0.0000
    3405  -0.7114   0.8004  15.4402   0.0000   0.0000   0.0000
    3406  -1.1882   1.5502  14.6305   0.0000   0.0000   0.0000
    3407  -1.1950   1.0865  14.7009   0.0000   0.0000   0.0000
    3408  -1.8798   0.4725  15.0505   0.0000   0.0000   0.0000
    3409  -2.0910   0.7998  15.5956   0.0000   0.0000   0.0000
    3410  -1.6030   0.7289  14.8519   0.0000   0.0000   0.0000
    3411  -1.3916   1.1460  14.9580   0.0000   0.0000   0.0000
    3412  -1.0444   1.7150  14.8538   0.0000   0.0000   0.0000
    3413  -0.4392   1.8306  14.0724   0.0000   0.0000   0.0000
    3414  -0.8826   1.7740  13.9339   0.0000   0.0000   0.0000
    3415  -1.1216   0.9033  14.4371   0.0000   0.0000   0.0000
    3416  -0.9193   0.8271  14.4143   0.0000   0.0000   0.0000
    3417  -0.6661  -0.5198  15.2359   0.0000   0.0000   0.0000
    3418  -1.0954   0.6759  15.0785   0.0000   0.0000   0.0000
    3419  -0.3174   0.0796  15.1246   0.0000   0.0000   0.0000
    3420   0.0733   0.2977  15.4937   0.0000   0.0000   0.0000
    3421   0.2170   0.9107  14.2277   0.0000   0.0000   0.0000
    3422  -0.2152   0.6024  14.8428   0.0000   0.0000   0.0000
    3423  -0.7335   0.5281  15.1591   0.0000   0.0000   0.0000
    3424  -1.0825   0.6276  15.9827   0.0000   0.0000   0.0000
    3425  -0.3073   0.2350  15.1953   0.0000   0.0000   0.0000
    3426  -0.8339   0.6025  14.0806   0.0000   0.0000   0.0000
    3427  -0.3214  -0.3315  15.9734   0.0000   0.0000   0.0000
    3428  -0.4189  -0.1181  14.9043   0.0000   0.0000   0.0000
    3429   0.0867  -0.8591  15.0743   0.0000   0.0000   0.0000
    3430  -0.8031  -0.9044  14.4733   0.0000   0.0000   0.0000
    3431  -0.8411  -0.6056  14.8157   0.0000   0.0000   0.0000
    3432  -1.8560  -0.8635  14.0977   0.0000   0.0000   0.0000
    3433  -0.9064  -0.8299  15.2090   0.0000   0.0000   0.0000
    3434  -0.4267  -0.1161  14.7717   0.0000   0.0000   0.0000
    3435  -1.2929   0.4186  15.2094   0.0000   0.0000   0.0000
    3436  -0.8605   1.1040  14.6102   0.0000   0.0000   0.0000
    3437  -0.9174   0.6758  15.2315   0.0000   0.0000   0.0000
    3438  -1.3107   1.6094  15.0413   0.0000   0.0000   0.0000
    3439  -1.7693   0.8843  13.8645   0.0000   0.0000   0.0000
    3440  -1.4559   1.8241  14.7316   0.0000   0.0000   0.0000
    3441  -1.5103   1.4143  15.1659   0.0000   0.0000   0.0000
    3442  -1.0730   0.5933  15.3376   0.0000   0.0000   0.0000
    3443  -0.8958   0.3916  14.9115   0.0000   0.0000   0.0000
    3444  -1.4490   0.6134  14.9981   0.0000   0.0000   0.0000
    3445  -0.7236  -0.2942  14.5255   0.0000   0.0000   0.0000
    3446  -1.6018   1.7414  13.3341   0.0000   0.0000   0.0000
    3447  -0.9876   0.5644  14.1179   0.0000   0.0000   0.0000
    3448  -1.4222   1.1601  14.5188   0.0000   0.0000   0.0000
    3449  -0.8863   1.8290  14.0272   0.0000   0.0000   0.0000
    3450  -1.4392   1.5629  15.0120   0.0000   0.0000   0.0000
    3451  -1.4768   1.3755  14.1538   0.0000   0.0000   0.0000
    3452  -1.6836   1.0969  14.1969   0.0000   0.0000   0.0000
    3453  -1.5120   0.9929  14.5571   0.0000   0.0000   0.0000
    3454  -2.8710   0.2771  14.5918   0.0000   0.0000   0.0000
    3455  -2.3753   0.7643  14.4160   0.0000   0.0000   0.0000
    3456  -2.4197   0.5093  15.5381   0.0000   0.0000   0.0000
    3457  -2.3537   0.1192  15.7909   0.0000   0.0000   0.0000
    3458  -2.4020   0.8183  14.8963   0.0000   0.0000   0.0000
    3459  -1.4227   0.3115  15.3432   0.0000   0.0000   0.0000
    3460  -1.1091   0.8050  15.6787   0.0000   0.0000   0.0000
    3461  -1.5334   0.7893  14.9112   0.0000   0.0000   0.0000
    3462  -2.0271   1.1188  15.3446   0.0000   0.0000   0.0000
    3463  -1.8276  -0.4793  15.1196   0.0000   0.0000   0.0000
    3464  -2.2787   0.3933  15.3335   0.0000   0.0000   0.0000
    3465  -2.2280  -0.0128  15.6827   0.0000   0.0000   0.0000
    3466  -2.1422   0.4079  16.0858   0.0000   0.0000   0.0000
    3467  -0.9151   0.5561  16.4749   0.0000   0.0000   0.0000
    3468  -1.5281   0.9320  17.1131   0.0000   0.0000   0.0000
    3469  -1.3195   0.6018  16.1995   0.0000   0.0000   0.0000
    3470  -1.0169  -0.3714  16.0278   0.0000   0.0000   0.0000
    3471  -0.9695   0.1053  16.2177   0.0000   0.0000   0.0000
    3472  -0.3113  -0.1391  16.5326   0.0000   0.0000   0.0000
    3473  -0.3000  -0.3601  16.4273   0.0000   0.0000   0.0000
    3474  -0.9042   0.0824  16.2938   0.0000   0.0000   0.0000
    3475  -0.8441   0.7582  15.8800   0.0000   0.0000   0.0000
    3476  -2.2376   0.0588  15.8910   0.0000   0.0000   0.0000
    3477  -1.4552   0.3698  16.0039   0.0000   0.0000   0.0000
    3478  -0.1502   0.4909  16.1544   0.0000   0.0000   0.0000
    3479  -0.2157   0.7197  15.6537   0.0000   0.0000   0.0000
    3480  -1.0399   1.5227  15.6956   0.0000   0.0000   0.0000
    3481  -0.2174   1.3343  16.3325   0.0000   0.0000   0.0000
    3482  -1.0954   0.3916  15.4051   0.0000   0.0000   0.0000
    3483  -0.7296   1.0054  15.5328   0.0000   0.0000   0.0000
    3484  -0.7019   0.6174  16.0087   0.0000   0.0000   0.0000
    3485  -0.5668   0.7005  17.0576   0.0000   0.0000   0.0000
    3486  -0.2256   1.5972  16.8087   0.0000   0.0000   0.0000
    3487  -0.5864   1.0252  16.3039   0.0000   0.0000   0.0000
    3488  -0.1642   1.0706  16.4687   0.0000   0.0000   0.0000
    3489  -0.6464   1.2520  16.1725   0.0000   0.0000   0.0000
    3490  -0.8653   1.2209  16.1043   0.0000   0.0000   0.0000
    3491  -0.6255   0.9230  15.1705   0.0000   0.0000   0.0000
    3492  -0.4126   0.9785  15.1413   0.0000   0.0000   0.0000
    3493  -1.1983   1.1013  15.1267   0.0000   0.0000   0.0000
    3494  -1.5812   1.4110  14.6506   0.0000   0.0000   0.0000
    3495  -1.8522   1.5971  14.8842   0.0000   0.0000   0.0000
    3496  -0.8863   2.0327  14.1356   0.0000   0.0000   0.0000
    3497  -0.1390   0.8002  14.9946   0.0000   0.0000   0.0000
    3498  -1.7976   1.7161  14.9246   0.0000   0.0000   0.0000
    3499  -2.5283   1.3173  14.7712   0.0000   0.0000   0.0000
    3500  -2.3548   1.3165  14.6796   0.0000   0.0000   0.0000
    3501  -2.3213   0.7430  13.9893   0.0000   0.0000   0.0000
    3502  -2.1232   1.3314  14.3376   0.0000   0.0000   0.0000
    3503  -1.3635   1.6823  14.4979   0.0000   0.0000   0.0000
    3504  -0.7544   0.8569  14.6936   0.0000   0.0000   0.0000
    3505  -0.7974   0.6634  14.4646   0.0000   0.0000   0.0000
    3506  -1.1095   1.1873  14.8511   0.0000   0.0000   0.0000
    3507  -1.0593   1.6364  14.5805   0.0000   0.0000   0.0000
    3508  -0.8945   1.3608  14.9567   0.0000   0.0000   0.0000
    3509  -1.0124   0.7108  14.6749   0.0000   0.0000   0.0000
    3510  -1.1299   2.7821  14.1513   0.0000   0.0000   0.0000
    3511  -0.3220   1.9898  14.8102   0.0000   0.0000   0.0000
    3512  -1.2403   1.8103  14.8806   0.0000   0.0000   0.0000
    3513  -1.1743   1.6297  14.7442   0.0000   0.0000   0.0000
    3514  -0.3883   2.0045  15.2489   0.0000   0.0000   0.0000
    3515  -0.5055   1.8058  14.7240   0.0000   0.0000   0.0000
    3516  -0.1902   2.1633  14.8741   0.0000   0.0000   0.0000
    3517   0.1100   2.0033  14.5642   0.0000   0.0000   0.0000
    3518   0.2261   1.7222  14.2838   0.0000   0.0000   0.0000
    3519  -0.2658   1.4310  14.7550   0.0000   0.0000   0.0000
    3520  -0.0669   1.3089  14.1959   0.0000   0.0000   0.0000
    3521   0.1412   2.0439  14.7592   0.0000   0.0000   0.0000
    3522   0.3343   1.9931  14.6958   0.0000   0.0000   0.0000
    3523   0.1234   1.1558  15.1393   0.0000   0.0000   0.0000
    3524  -0.3855   0.7859  15.3450   0.0000   0.0000   0.0000
    3525  -1.6458   0.9487  14.9156   0.0000   0.0000   0.0000
    3526  -0.1876   1.5633  15.5954   0.0000   0.0000   0.0000
    3527  -0.2847   1.4166  15.8637   0.0000   0.0000   0.0000
    3528  -0.4239   1.2881  16.4996   0.0000   0.0000   0.0000
    3529   0.2281   0.6604  16.1335   0.0000   0.0000   0.0000
    3530   0.1020   0.8511  16.4904   0.0000   0.0000   0.0000
    3531  -0.5028   0.6984  15.9156   0.0000   0.0000   0.0000
    3532   0.2160   0.2388  15.8779   0.0000   0.0000   0.0000
    3533  -0.3140   0.1349  15.7862   0.0000   0.0000   0.0000
    3534  -0.8356   0.4749  15.4580   0.0000   0.0000   0.0000
    3535  -0.1499   0.5645  15.5407   0.0000   0.0000   0.0000
    3536   0.3713  -1.3827  15.3773   0.0000   0.0000   0.0000
    3537   0.1342  -0.7060  15.6683   0.0000   0.0000   0.0000
    3538  -0.1173  -0.1082  14.9973   0.0000   0.0000   0.0000
    3539  -0.0507  -0.7867  14.9792   0.0000   0.0000   0.0000
    3540  -0.2148   0.0814  15.7880   0.0000   0.0000   0.0000
    3541   0.2892   0.4051  14.5125   0.0000   0.0000   0.0000
    3542  -0.6186   0.4160  15.6238   0.0000   0.0000   0.0000
    3543  -0.0989  -0.3020  15.4380   0.0000   0.0000   0.0000
    3544  -0.2315   0.0376  15.2781   0.0000   0.0000   0.0000
    3545  -0.0021   0.4481  15.2627   0.0000   0.0000   0.0000
    3546   0.8013   0.3174  15.5278   0.0000   0.0000   0.0000
    3547  -0.3642   0.3732  15.7421   0.0000   0.0000   0.0000
    3548  -0.8069   0.4108  15.5958   0.0000   0.0000   0.0000
    3549  -0.5253   0.4089  16.5760   0.0000   0.0000   0.0000
    3550  -0.3440   0.5073  15.7190   0.0000   0.0000   0.0000
    3551  -1.1885   0.9798  15.5300   0.0000   0.0000   0.0000
    3552  -1.1104   0.4002  15.5657   0.0000   0.0000   0.0000
    3553  -1.2217   0.2057  15.2962   0.0000   0.0000   0.0000
    3554  -1.3810   1.1504  15.7360   0.0000   0.0000   0.0000
    3555  -0.8056   1.0005  16.1521   0.0000   0.0000   0.0000
    3556  -1.2534   1.3745  15.8831   0.0000   0.0000   0.0000
    3557  -0.2149   0.9789  16.2581   0.0000   0.0000   0.0000
    3558  -0.1520   1.1129  16.5920   0.0000   0.0000   0.0000
    3559  -1.1591   2.0243  15.7727   0.0000   0.0000   0.0000
    3560  -0.4665   1.0949  16.0923   0.0000   0.0000   0.0000
    3561  -0.3414   1.1580  17.0102   0.0000   0.0000   0.0000
    3562   0.1217   1.2686  16.9344   0.0000   0.0000   0.0000
    3563  -0.2752   1.3383  17.8084   0.0000   0.0000   0.0000
    3564  -0.1126   0.6205  18.0236   0.0000   0.0000   0.0000
    3565  -0.6270   0.3993  16.8540   0.0000   0.0000   0.0000
    3566  -0.4028   0.8750  17.2588   0.0000   0.0000   0.0000
    3567  -0.0991   0.8101  17.1874   0.0000   0.0000   0.0000
    3568  -0.4264   0.6710  18.1143   0.0000   0.0000   0.0000
    3569  -0.6590   0.8442  17.1061   0.0000   0.0000   0.0000
    3570  -0.5660   0.9059  16.4822   0.0000   0.0000   0.0000
    3571  -0.1783   1.4979  16.5504   0.0000   0.0000   0.0000
    3572   0.2613   1.5184  17.3679   0.0000   0.0000   0.0000
    3573   1.1078   1.6034  17.3659   0.0000   0.0000   0.0000
    3574   0.4580   1.2402  17.2363   0.0000   0.0000   0.0000
    3575   0.0818   0.7773  16.1826   0.0000   0.0000   0.0000
    3576   0.4897   1.0500  16.0589   0.0000   0.0000   0.0000
    3577   0.5345   0.6995  16.2634   0.0000   0.0000   0.0000
    3578   0.1876   0.6498  16.2694   0.0000   0.0000   0.0000
    3579   0.2215   0.6463  16.3707   0.0000   0.0000   0.0000
    3580   0.1260   0.5962  16.2754   0.0000   0.0000   0.0000
    3581  -0.4003   0.5953  16.4239   0.0000   0.0000   0.0000
    3582  -0.1043   0.3337  17.1686   0.0000   0.0000   0.0000
    3583  -0.3320   0.2838  16.7496   0.0000   0.0000   0.0000
    3584   0.0159   0.6018  16.3623   0.0000   0.0000   0.0000
    3585  -0.1444   0.1466  16.8542   0.0000   0.0000   0.0000
    3586  -0.9206   0.9212  17.4970   0.0000   0.0000   0.0000
    3587  -1.1640  -0.1956  17.5984   0.0000   0.0000   0.0000
    3588  -0.8122   0.9151  16.6141   0.0000   0.0000   0.0000
    3589  -0.8715   0.7530  17.2797   0.0000   0.0000   0.0000
    3590  -0.3586   1.8945  16.8651   0.0000   0.0000   0.0000
    3591  -0.4215   1.2747  17.1530   0.0000   0.0000   0.0000
    3592  -0.7915   0.5760  17.0105   0.0000   0.0000   0.0000
    3593  -0.3802   0.6292  16.7182   0.0000   0.0000   0.0000
    3594   0.0296   0.4575  16.1619   0.0000   0.0000   0.0000
    3595   0.6280   0.1699  16.7070   0.0000   0.0000   0.0000
    3596  -0.0888   0.1226  16.6622   0.0000   0.0000   0.0000
    3597  -0.2168   0.2847  16.9755   0.0000   0.0000   0.0000
    3598   0.2244  -0.2747  16.8268   0.0000   0.0000   0.0000
    3599   0.8672   0.5682  16.3700   0.0000   0.0000   0.0000
    3600   0.3132   1.3059  16.8051   0.0000   0.0000   0.0000
    3601   1.0501   0.8481  17.0641   0.0000   0.0000   0.0000
    3602   0.9626   1.0543  17.7844   0.0000   0.0000   0.0000
    3603   0.7961   1.7061  16.6796   0.0000   0.0000   0.0000
    3604   0.0523   0.3811  17.4849   0.0000   0.0000   0.0000
    3605   0.8554   0.7959  17.7312   0.0000   0.0000   0.0000
    3606   0.3924   0.3540  17.4552   0.0000   0.0000   0.0000
    3607   0.5215   0.8920  17.5155   0.0000   0.0000   0.0000
    3608   0.1046   0.6139  16.6759   0.0000   0.0000   0.0000
    3609   0.4911   0.9705  16.2304   0.0000   0.0000   0.0000
    3610   0.0130   0.6864  17.2168   0.0000   0.0000   0.0000
    3611   0.3175   1.2931  16.9307   0.0000   0.0000   0.0000
    3612   0.2778   0.4971  16.7884   0.0000   0.0000   0.0000
    3613  -0.3481   0.8765  16.2274   0.0000   0.0000   0.0000
    3614  -0.2499   1.3722  16.2105   0.0000   0.0000   0.0000
    3615   0.0332   1.1220  16.3908   0.0000   0.0000   0.0000
    3616  -0.6515   1.2449  15.9244   0.0000   0.0000   0.0000
    3617   0.0900   0.6259  16.0798   0.0000   0.0000   0.0000
    3618  -0.9427   1.1300  16.7809   0.0000   0.0000   0.0000
    3619  -0.7414   1.0245  16.6129   0.0000   0.0000   0.0000
    3620  -0.1681   1.2461  16.8457   0.0000   0.0000   0.0000
    3621   0.8167   1.6355  16.7529   0.0000   0.0000   0.0000
    3622   0.0823   0.7643  16.3735   0.0000   0.0000   0.0000
    3623  -0.2816   1.3199  16.8266   0.0000   0.0000   0.0000
    3624   0.8953   0.4718  16.5458   0.0000   0.0000   0.0000
    3625  -0.1511   0.5544  15.7384   0.0000   0.0000   0.0000
    3626  -0.8824   0.3184  15.9740   0.0000   0.0000   0.0000
    3627  -0.8667   0.3550  16.8573   0.0000   0.0000   0.0000
    3628  -0.0453   0.9665  17.1363   0.0000   0.0000   0.0000
    3629  -0.7519   0.2092  17.7207   0.0000   0.0000   0.0000
    3630  -0.8628   0.1689  18.0697   0.0000   0.0000   0.0000
    3631  -0.5790   0.9200  17.8823   0.0000   0.0000   0.0000
    3632  -0.5607   0.1572  16.9067   0.0000   0.0000   0.0000
    3633  -1.3070  -0.0813  17.1788   0.0000   0.0000   0.0000
    3634  -0.1234   0.2827  16.8833   0.0000   0.0000   0.0000
    3635  -0.4959  -0.2759  16.6077   0.0000   0.0000   0.0000
    3636   0.0045   1.1097  16.4646   0.0000   0.0000   0.0000
    3637  -0.3401  -0.0223  16.0554   0.0000   0.0000   0.0000
    3638  -0.5560   0.7591  16.2386   0.0000   0.0000   0.0000
    3639  -0.0435   0.4536  15.9985   0.0000   0.0000   0.0000
    3640  -0.5195  -0.4334  15.0658   0.0000   0.0000   0.0000
    3641  -0.5829  -0.2038  15.4893   0.0000   0.0000   0.0000
    3642  -1.3734  -0.1651  16.5023   0.0000   0.0000   0.0000
    3643  -0.1259  -0.0745  15.9020   0.0000   0.0000   0.0000
    3644  -0.6853  -0.2771  14.8556   0.0000   0.0000   0.0000
    3645  -0.1995  -0.4290  14.1843   0.0000   0.0000   0.0000
    3646  -0.8722  -0.3998  15.1823   0.0000   0.0000   0.0000
    3647  -1.9429   0.3385  15.3424   0.0000   0.0000   0.0000
    3648  -0.3706   0.0695  16.0135   0.0000   0.0000   0.0000
    3649  -0.9112  -0.9358  15.7391   0.0000   0.0000   0.0000
    3650   0.6787  -0.9793  16.0577   0.0000   0.0000   0.0000
    3651  -0.3308  -0.0803  15.7194   0.0000   0.0000   0.0000
    3652  -0.4817   0.3297  15.3179   0.0000   0.0000   0.0000
    3653   1.0866  -0.2024  15.0771   0.0000   0.0000   0.0000
    3654   0.3380  -1.6060  15.2883   0.0000   0.0000   0.0000
    3655  -0.0792  -1.0385  15.4022   0.0000   0.0000   0.0000
    3656   0.2273  -0.5615  16.1175   0.0000   0.0000   0.0000
    3657   0.5929  -0.1669  14.9184   0.0000   0.0000   0.0000
    3658  -1.0693  -0.8118  14.7459   0.0000   0.0000   0.0000
    3659  -0.4671  -1.1332  15.8434   0.0000   0.0000   0.0000
    3660  -0.9471  -0.9514  15.7349   0.0000   0.0000   0.0000
    3661  -0.6850  -0.8330  15.5714   0.0000   0.0000   0.0000
    3662   0.8852  -1.1404  15.5712   0.0000   0.0000   0.0000
    3663   0.1337  -0.2663  15.9759   0.0000   0.0000   0.0000
    3664  -0.5770  -1.7895  15.7752   0.0000   0.0000   0.0000
    3665  -1.2808  -1.5145  16.3077   0.0000   0.0000   0.0000
    3666  -0.6672  -1.7514  16.3623   0.0000   0.0000   0.0000
    3667  -0.1524  -2.3591  15.6089   0.0000   0.0000   0.0000
    3668  -0.7178  -1.7749  16.2212   0.0000   0.0000   0.0000
    3669  -0.4864  -1.2129  16.0563   0.0000   0.0000   0.0000
    3670  -0.3709  -0.8306  15.7719   0.0000   0.0000   0.0000
    3671  -0.0774  -0.6103  16.8330   0.0000   0.0000   0.0000
    3672   0.0306  -0.7379  15.9423   0.0000   0.0000   0.0000
    3673  -0.1980  -1.2767  15.9076   0.0000   0.0000   0.0000
    3674  -0.5936  -1.7258  15.7013   0.0000   0.0000   0.0000
    3675  -0.1789  -1.8493  15.4197   0.0000   0.0000   0.0000
    3676  -1.0077  -1.0309  16.0039   0.0000   0.0000   0.0000
    3677  -0.9822  -0.5249  15.3226   0.0000   0.0000   0.0000
    3678  -0.3231  -1.2064  15.6779   0.0000   0.0000   0.0000
    3679  -0.2022  -0.0342  15.1372   0.0000   0.0000   0.0000
    3680   0.7488  -0.2587  15.1435   0.0000   0.0000   0.0000
    3681   0.5210  -0.7587  15.0292   0.0000   0.0000   0.0000
    3682   0.0911  -0.5946  15.6557   0.0000   0.0000   0.0000
    3683  -0.5181   0.3052  15.7792   0.0000   0.0000   0.0000
    3684   0.6325  -1.0792  14.6626   0.0000   0.0000   0.0000
    3685  -0.6884  -1.8006  15.9879   0.0000   0.0000   0.0000
    3686  -0.2600  -1.7357  16.0347   0.0000   0.0000   0.0000
    3687  -1.0274  -1.4232  15.1505   0.0000   0.0000   0.0000
    3688  -0.5934  -1.9924  15.5621   0.0000   0.0000   0.0000
    3689  -0.8189  -1.6321  15.0698   0.0000   0.0000   0.0000
    3690   0.0416  -1.8852  15.3770   0.0000   0.0000   0.0000
    3691  -0.7369  -2.0215  16.3203   0.0000   0.0000   0.0000
    3692  -0.0096  -2.6698  16.8726   0.0000   0.0000   0.0000
    3693  -1.4364  -2.6693  16.1464   0.0000   0.0000   0.0000
    3694  -0.7958  -1.5204  16.5047   0.0000   0.0000   0.0000
    3695   0.3002  -1.5734  16.8323   0.0000   0.0000   0.0000
    3696  -0.1020  -0.9218  16.3614   0.0000   0.0000   0.0000
    3697   0.2857  -1.6637  16.4099   0.0000   0.0000   0.0000
    3698   0.2400  -2.1581  17.1856   0.0000   0.0000   0.0000
    3699   0.3642  -2.3412  16.8389   0.0000   0.0000   0.0000
    3700   0.4918  -2.2345  16.7008   0.0000   0.0000   0.0000
    3701   0.1546  -2.6480  17.0935   0.0000   0.0000   0.0000
    3702   0.5716  -2.1389  16.4279   0.0000   0.0000   0.0000
    3703  -0.8416  -2.6215  16.4244   0.0000   0.0000   0.0000
    3704   0.6025  -2.3131  16.3368   0.0000   0.0000   0.0000
    3705   0.3340  -1.8803  15.4589   0.0000   0.0000   0.0000
    3706  -0.3429  -2.4159  16.4006   0.0000   0.0000   0.0000
    3707   0.5684  -2.0734  16.9073   0.0000   0.0000   0.0000
    3708   0.1592  -2.7697  17.2295   0.0000   0.0000   0.0000
    3709  -0.1170  -2.1724  17.7736   0.0000   0.0000   0.0000
    3710  -0.6048  -1.1938  17.4596   0.0000   0.0000   0.0000
    3711  -0.2477  -1.3659  17.0024   0.0000   0.0000   0.0000
    3712   0.2203  -0.7270  16.9173   0.0000   0.0000   0.0000
    3713   0.0807  -0.6225  16.1193   0.0000   0.0000   0.0000
    3714  -0.1916  -1.5421  16.4852   0.0000   0.0000   0.0000
    3715  -1.0994  -1.0414  16.9098   0.0000   0.0000   0.0000
    3716  -0.5667  -1.9992  16.0598   0.0000   0.0000   0.0000
    3717   0.1499  -1.9748  15.8588   0.0000   0.0000   0.0000
    3718  -1.3909  -2.4694  16.0280   0.0000   0.0000   0.0000
    3719  -0.9725  -1.9877  17.3830   0.0000   0.0000   0.0000
    3720  -0.3335  -2.2037  15.8749   0.0000   0.0000   0.0000
    3721   0.2358  -1.9218  17.2782   0.0000   0.0000   0.0000
    3722  -0.1113  -2.6383  16.5983   0.0000   0.0000   0.0000
    3723  -0.8867  -1.5623  16.4720   0.0000   0.0000   0.0000
    3724  -0.8402  -1.7630  16.5438   0.0000   0.0000   0.0000
    3725  -0.6077  -0.8712  16.6760   0.0000   0.0000   0.0000
    3726  -0.1682  -0.4584  16.8135   0.0000   0.0000   0.0000
    3727  -0.3719  -0.7120  16.8882   0.0000   0.0000   0.0000
    3728  -1.1495  -0.8756  17.0844   0.0000   0.0000   0.0000
    3729  -0.6937  -1.2852  16.7224   0.0000   0.0000   0.0000
    3730  -0.7184  -1.6447  16.9609   0.0000   0.0000   0.0000
    3731   0.4605  -0.1867  16.8569   0.0000   0.0000   0.0000
    3732   0.1941  -1.7522  17.0215   0.0000   0.0000   0.0000
    3733  -0.0784  -1.1827  16.2762   0.0000   0.0000   0.0000
    3734   0.4304  -1.1219  16.8996   0.0000   0.0000   0.0000
    3735   0.3729  -1.5222  16.6965   0.0000   0.0000   0.0000
    3736  -0.1672  -1.0431  17.2694   0.0000   0.0000   0.0000
    3737   0.1095  -0.7962  17.0263   0.0000   0.0000   0.0000
    3738  -0.1220  -1.1604  17.0504   0.0000   0.0000   0.0000
    3739  -0.6239  -1.9052  16.4854   0.0000   0.0000   0.0000
    3740  -0.8508  -1.0203  16.6392   0.0000   0.0000   0.0000
    3741  -0.6831  -0.7207  16.4635   0.0000   0.0000   0.0000
    3742  -0.9098  -1.6009  16.6380   0.0000   0.0000   0.0000
    3743  -0.5608  -0.6383  16.4680   0.0000   0.0000   0.0000
    3744  -0.3990  -1.1945  17.2937   0.0000   0.0000   0.0000
    3745   0.0579  -0.5578  16.7775   0.0000   0.0000   0.0000
    3746   0.3660  -0.7379  17.3487   0.0000   0.0000   0.0000
    3747  -0.2055  -1.5087  17.9843   0.0000   0.0000   0.0000
    3748  -0.0964  -1.8102  17.9418   0.0000   0.0000   0.0000
    3749   0.4171  -1.6178  17.4982   0.0000   0.0000   0.0000
    3750  -0.3568  -1.4329  17.3018   0.0000   0.0000   0.0000
    3751  -0.4428  -0.5960  16.6147   0.0000   0.0000   0.0000
    3752  -0.6700  -1.2157  16.9890   0.0000   0.0000   0.0000
    3753  -0.8788  -1.1173  16.7259   0.0000   0.0000   0.0000
    3754  -0.6125  -0.7640  16.2520   0.0000   0.0000   0.0000
    3755  -0.0980  -1.3042  16.9494   0.0000   0.0000   0.0000
    3756  -0.8209  -1.1673  16.4057   0.0000   0.0000   0.0000
    3757  -0.3553  -1.6319  16.6582   0.0000   0.0000   0.0000
    3758  -1.0975  -2.1563  16.3336   0.0000   0.0000   0.0000
    3759  -1.1864  -2.0383  16.4588   0.0000   0.0000   0.0000
    3760  -0.8431  -1.5659  16.6117   0.0000   0.0000   0.0000
    3761  -1.5958  -1.2898  16.4572   0.0000   0.0000   0.0000
    3762  -1.1145  -1.2985  16.7350   0.0000   0.0000   0.0000
    3763  -0.8085  -1.6026  16.8333   0.0000   0.0000   0.0000
    3764  -1.4998  -1.4345  17.2964   0.0000   0.0000   0.0000
    3765  -2.0136  -1.4855  17.0792   0.0000   0.0000   0.0000
    3766  -1.1546  -1.8680  17.0242   0.0000   0.0000   0.0000
    3767  -1.7506  -1.2591  16.7187   0.0000   0.0000   0.0000
    3768  -1.1128  -2.0292  16.8056   0.0000   0.0000   0.0000
    3769  -2.0502  -1.8374  16.6227   0.0000   0.0000   0.0000
    3770  -2.4337  -2.3682  16.2332   0.0000   0.0000   0.0000
    3771  -1.5451  -2.2196  16.5929   0.0000   0.0000   0.0000
    3772  -1.7707  -2.3664  17.3172   0.0000   0.0000   0.0000
    3773  -1.6088  -3.4549  17.3390   0.0000   0.0000   0.0000
    3774  -1.2254  -2.4986  16.9391   0.0000   0.0000   0.0000
    3775  -0.6875  -2.3461  17.4785   0.0000   0.0000   0.0000
    3776  -0.7924  -2.2954  17.7400   0.0000   0.0000   0.0000
    3777  -1.3381  -1.7822  16.8400   0.0000   0.0000   0.0000
    3778  -1.4015  -1.7459  16.5401   0.0000   0.0000   0.0000
    3779  -2.5194  -2.0557  17.1216   0.0000   0.0000   0.0000
    3780  -1.9753  -2.1790  17.2711   0.0000   0.0000   0.0000
    3781  -1.8025  -1.7630  16.6628   0.0000   0.0000   0.0000
    3782  -1.8289  -2.8968  17.2636   0.0000   0.0000   0.0000
    3783  -1.0923  -2.3172  15.9589   0.0000   0.0000   0.0000
    3784  -1.6315  -2.3375  16.0600   0.0000   0.0000   0.0000
    3785  -1.4638  -2.4008  16.2060   0.0000   0.0000   0.0000
    3786  -1.8521  -2.1915  16.7116   0.0000   0.0000   0.0000
    3787  -2.0579  -1.3931  16.5563   0.0000   0.0000   0.0000
    3788  -2.0477  -1.9846  16.7242   0.0000   0.0000   0.0000
    3789  -2.2652  -2.4149  16.7717   0.0000   0.0000   0.0000
    3790  -2.0451  -1.9971  16.1202   0.0000   0.0000   0.0000
    3791  -1.8234  -2.1908  16.7700   0.0000   0.0000   0.0000
    3792  -2.4575  -1.7608  16.0085   0.0000   0.0000   0.0000
    3793  -1.9681  -1.2926  15.6056   0.0000   0.0000   0.0000
    3794  -1.9607  -1.2872  15.5954   0.0000   0.0000   0.0000
    3795  -2.1519  -1.2688  15.6916   0.0000   0.0000   0.0000
    3796  -2.8293  -1.7077  15.5054   0.0000   0.0000   0.0000
    3797  -2.9694  -1.7233  16.3190   0.0000   0.0000   0.0000
    3798  -2.4746  -1.3290  16.3715   0.0000   0.0000   0.0000
    3799  -3.1512  -1.0418  16.6597   0.0000   0.0000   0.0000
    3800  -2.8930  -1.2379  16.6694   0.0000   0.0000   0.0000
    3801  -2.4318  -0.8224  17.4243   0.0000   0.0000   0.0000
    3802  -1.8982  -1.6728  16.5134   0.0000   0.0000   0.0000
    3803  -1.2743  -1.5457  16.4706   0.0000   0.0000   0.0000
    3804  -1.7555  -1.3278  17.3538   0.0000   0.0000   0.0000
    3805  -1.8884  -2.2075  15.8846   0.0000   0.0000   0.0000
    3806  -1.9173  -2.1744  16.2695   0.0000   0.0000   0.0000
    3807  -2.4251  -2.1465  15.2229   0.0000   0.0000   0.0000
    3808  -2.5552  -3.1570  15.7858   0.0000   0.0000   0.0000
    3809  -1.9247  -2.8577  15.6773   0.0000   0.0000   0.0000
    3810  -2.2880  -2.3084  16.2937   0.0000   0.0000   0.0000
    3811  -1.4019  -2.3608  16.7861   0.0000   0.0000   0.0000
    3812  -0.9475  -2.3019  15.6065   0.0000   0.0000   0.0000
    3813  -1.2183  -2.4108  15.7297   0.0000   0.0000   0.0000
    3814  -1.1338  -2.2522  15.9794   0.0000   0.0000   0.0000
    3815  -1.3793  -2.4322  15.8639   0.0000   0.0000   0.0000
    3816  -1.6614  -2.1189  15.7180   0.0000   0.0000   0.0000
    3817  -2.0353  -2.3446  15.9299   0.0000   0.0000   0.0000
    3818  -1.3823  -2.0611  16.2622   0.0000   0.0000   0.0000
    3819  -2.1746  -1.5286  15.6038   0.0000   0.0000   0.0000
    3820  -1.9812  -2.1754  16.0426   0.0000   0.0000   0.0000
    3821  -1.7367  -1.6924  15.0654   0.0000   0.0000   0.0000
    3822  -1.4492  -2.5728  16.1030   0.0000   0.0000   0.0000
    3823  -1.9618  -2.0440  15.5273   0.0000   0.0000   0.0000
    3824  -2.4488  -2.2596  15.9715   0.0000   0.0000   0.0000
    3825  -1.5868  -2.5386  16.2612   0.0000   0.0000   0.0000
    3826  -1.7012  -1.0955  15.5973   0.0000   0.0000   0.0000
    3827  -1.9216  -1.7452  15.8193   0.0000   0.0000   0.0000
    3828  -2.4871  -2.3449  15.4631   0.0000   0.0000   0.0000
    3829  -2.4395  -1.7710  16.3479   0.0000   0.0000   0.0000
    3830  -2.8963  -2.0685  15.5115   0.0000   0.0000   0.0000
    3831  -1.7452  -2.5845  15.5790   0.0000   0.0000   0.0000
    3832  -3.1805  -2.3231  15.2003   0.0000   0.0000   0.0000
    3833  -2.9977  -1.8293  15.5337   0.0000   0.0000   0.0000
    3834  -2.7869  -1.9865  16.1484   0.0000   0.0000   0.0000
    3835  -2.3112  -2.1278  16.3617   0.0000   0.0000   0.0000
    3836  -3.1496  -2.1372  16.6373   0.0000   0.0000   0.0000
    3837  -2.9425  -2.6169  16.6673   0.0000   0.0000   0.0000
    3838  -3.4318  -2.7675  17.2115   0.0000   0.0000   0.0000
    3839  -2.3547  -2.7610  16.9363   0.0000   0.0000   0.0000
    3840  -2.7532  -2.6137  17.3044   0.0000   0.0000   0.0000
    3841  -1.7497  -2.7821  17.7418   0.0000   0.0000   0.0000
    3842  -2.8541  -2.1482  17.9003   0.0000   0.0000   0.0000
    3843  -2.7230  -3.0746  17.2429   0.0000   0.0000   0.0000
    3844  -1.4128  -1.7308  17.1422   0.0000   0.0000   0.0000
    3845  -1.8215  -2.4934  17.4563   0.0000   0.0000   0.0000
    3846  -1.7069  -2.1833  17.4071   0.0000   0.0000   0.0000
    3847  -1.7209  -1.9743  17.1372   0.0000   0.0000   0.0000
    3848  -2.1154  -2.1753  17.9837   0.0000   0.0000   0.0000
    3849  -2.0825  -2.2503  18.2931   0.0000   0.0000   0.0000
    3850  -1.8565  -2.9885  17.3925   0.0000   0.0000   0.0000
    3851  -1.8263  -3.0651  17.2906   0.0000   0.0000   0.0000
    3852  -2.2488  -2.0659  16.4994   0.0000   0.0000   0.0000
    3853  -1.7179  -1.8221  17.3675   0.0000   0.0000   0.0000
    3854  -1.4069  -1.9318  17.1736   0.0000   0.0000   0.0000
    3855  -1.3289  -2.0016  17.7778   0.0000   0.0000   0.0000
    3856  -1.6260  -2.1385  17.1174   0.0000   0.0000   0.0000
    3857  -1.3262  -1.8949  17.5377   0.0000   0.0000   0.0000
    3858  -1.5459  -1.2030  17.3454   0.0000   0.0000   0.0000
    3859  -1.4225  -0.8342  17.0067   0.0000   0.0000   0.0000
    3860  -1.6841  -1.5023  16.5714   0.0000   0.0000   0.0000
    3861  -2.6525  -1.6754  15.9948   0.0000   0.0000   0.0000
    3862  -2.0309  -1.6494  16.8215   0.0000   0.0000   0.0000
    3863  -1.9700  -1.5086  16.4646   0.0000   0.0000   0.0000
    3864  -2.0170  -1.7476  16.7061   0.0000   0.0000   0.0000
    3865  -1.5980  -1.7299  16.6434   0.0000   0.0000   0.0000
    3866  -2.6624  -1.7871  17.1406   0.0000   0.0000   0.0000
    3867  -2.9193  -2.4260  16.4039   0.0000   0.0000   0.0000
    3868  -3.0302  -1.7805  17.1631   0.0000   0.0000   0.0000
    3869  -1.3999  -1.7302  17.1697   0.0000   0.0000   0.0000
    3870  -0.2284  -2.2755  17.2920   0.0000   0.0000   0.0000
    3871  -1.7840  -3.4316  17.5705   0.0000   0.0000   0.0000
    3872  -1.8473  -2.0715  16.5444   0.0000   0.0000   0.0000
    3873  -1.7346  -1.8551  16.9679   0.0000   0.0000   0.0000
    3874  -2.0136  -1.9432  16.9163   0.0000   0.0000   0.0000
    3875  -1.8114  -1.5864  16.8171   0.0000   0.0000   0.0000
    3876  -1.6432  -2.5124  16.1667   0.0000   0.0000   0.0000
    3877  -0.7121  -2.0884  17.0646   0.0000   0.0000   0.0000
    3878  -1.3826  -1.5582  16.7553   0.0000   0.0000   0.0000
    3879  -2.3624  -2.3648  17.4828   0.0000   0.0000   0.0000
    3880  -1.9940  -1.4488  17.8226   0.0000   0.0000   0.0000
    3881  -2.5300  -2.2718  17.6106   0.0000   0.0000   0.0000
    3882  -2.5516  -1.8833  17.0429   0.0000   0.0000   0.0000
    3883  -3.6608  -0.8380  17.6204   0.0000   0.0000   0.0000
    3884  -2.5179  -0.9797  17.4631   0.0000   0.0000   0.0000
    3885  -2.6083  -1.4821  17.9669   0.0000   0.0000   0.0000
    3886  -2.9506  -2.6066  17.5715   0.0000   0.0000   0.0000
    3887  -3.4103  -1.7227  17.8774   0.0000   0.0000   0.0000
    3888  -2.9792  -1.5295  18.4197   0.0000   0.0000   0.0000
    3889  -2.0478  -2.5526  17.7194   0.0000   0.0000   0.0000
    3890  -3.1469  -2.2381  16.8368   0.0000   0.0000   0.0000
    3891  -2.4898  -1.3169  17.4413   0.0000   0.0000   0.0000
    3892  -2.2409  -2.2026  17.1900   0.0000   0.0000   0.0000
    3893  -1.2731  -1.5893  17.8520   0.0000   0.0000   0.0000
    3894  -2.7101  -2.6393  18.5188   0.0000   0.0000   0.0000
    3895  -2.7718  -2.7374  19.0876   0.0000   0.0000   0.0000
    3896  -2.4206  -2.5882  18.0957   0.0000   0.0000   0.0000
    3897  -2.7788  -2.6127  17.9343   0.0000   0.0000   0.0000
    3898  -1.1586  -2.5560  17.6549   0.0000   0.0000   0.0000
    3899  -1.9342  -2.4149  17.5291   0.0000   0.0000   0.0000
    3900  -2.3331  -1.6491  16.3570   0.0000   0.0000   0.0000
    3901  -2.4868  -1.9966  16.8010   0.0000   0.0000   0.0000
    3902  -3.1372  -1.7342  16.8450   0.0000   0.0000   0.0000
    3903  -2.2562  -1.9101  17.6075   0.0000   0.0000   0.0000
    3904  -1.7218  -1.4790  17.3576   0.0000   0.0000   0.0000
    3905  -1.4562  -0.4442  17.5844   0.0000   0.0000   0.0000
    3906  -1.5931  -1.3494  17.3709   0.0000   0.0000   0.0000
    3907  -2.3598  -1.6902  17.2052   0.0000   0.0000   0.0000
    3908  -1.8381  -1.7582  17.2894   0.0000   0.0000   0.0000
    3909  -1.3099  -1.6775  17.3743   0.0000   0.0000   0.0000
    3910  -1.6726  -1.2268  16.0273   0.0000   0.0000   0.0000
    3911  -3.0303  -0.0311  17.2315   0.0000   0.0000   0.0000
    3912  -2.4198  -1.2924  17.6677   0.0000   0.0000   0.0000
    3913  -1.7706  -1.4465  18.3584   0.0000   0.0000   0.0000
    3914  -2.0941  -1.0575  17.4681   0.0000   0.0000   0.0000
    3915  -1.3424  -1.9734  18.1355   0.0000   0.0000   0.0000
    3916  -1.5860  -2.5076  17.4738   0.0000   0.0000   0.0000
    3917  -1.7847  -2.0154  16.5641   0.0000   0.0000   0.0000
    3918  -1.8900  -2.3650  17.8138   0.0000   0.0000   0.0000
    3919  -2.2600  -2.6914  18.2434   0.0000   0.0000   0.0000
    3920  -1.6267  -3.1976  18.4045   0.0000   0.0000   0.0000
    3921  -1.2888  -3.0121  17.6378   0.0000   0.0000   0.0000
    3922  -2.2177  -2.4216  17.6066   0.0000   0.0000   0.0000
    3923  -1.5158  -3.0816  17.8067   0.0000   0.0000   0.0000
    3924  -0.5763  -2.5644  18.8684   0.0000   0.0000   0.0000
    3925  -1.4642  -3.2739  17.8313   0.0000   0.0000   0.0000
    3926  -2.7803  -3.2800  17.6696   0.0000   0.0000   0.0000
    3927  -1.8815  -4.0095  18.0217   0.0000   0.0000   0.0000
    3928  -2.5498  -3.2660  16.9700   0.0000   0.0000   0.0000
    3929  -1.6911  -3.4117  18.6639   0.0000   0.0000   0.0000
    3930  -1.5268  -2.4857  17.9746   0.0000   0.0000   0.0000
    3931  -1.6469  -3.4841  18.0840   0.0000   0.0000   0.0000
    3932  -1.3937  -3.6606  17.4052   0.0000   0.0000   0.0000
    3933  -0.7057  -3.4233  18.1061   0.0000   0.0000   0.0000
    3934  -0.6550  -3.6192  18.1885   0.0000   0.0000   0.0000
    3935  -0.8158  -4.3643  18.6645   0.0000   0.0000   0.0000
    3936  -0.5518  -4.2789  18.4324   0.0000   0.0000   0.0000
    3937  -1.2416  -2.8992  18.4029   0.0000   0.0000   0.0000
    3938  -0.5504  -3.9693  18.7881   0.0000   0.0000   0.0000
    3939  -0.4206  -4.2582  18.0585   0.0000   0.0000   0.0000
    3940  -0.7363  -3.8987  18.9574   0.0000   0.0000   0.0000
    3941  -0.7572  -3.5710  19.5844   0.0000   0.0000   0.0000
    3942  -0.6260  -4.0862  18.7875   0.0000   0.0000   0.0000
    3943  -2.3767  -4.3935  18.8021   0.0000   0.0000   0.0000
    3944  -1.8080  -4.3924  18.8048   0.0000   0.0000   0.0000
    3945  -0.7189  -4.7091  18.9218   0.0000   0.0000   0.0000
    3946  -0.8992  -5.1184  18.6537   0.0000   0.0000   0.0000
    3947  -1.3354  -4.7844  18.1434   0.0000   0.0000   0.0000
    3948  -1.6800  -4.4828  18.9646   0.0000   0.0000   0.0000
    3949  -0.7657  -4.5304  18.5290   0.0000   0.0000   0.0000
    3950  -0.6425  -4.5314  18.9880   0.0000   0.0000   0.0000
    3951  -1.4691  -4.2986  16.6235   0.0000   0.0000   0.0000
    3952  -1.0687  -4.2355  17.1033   0.0000   0.0000   0.0000
    3953  -1.0635  -4.2449  16.9652   0.0000   0.0000   0.0000
    3954  -1.3591  -3.6331  18.0553   0.0000   0.0000   0.0000
    3955  -1.2525  -3.5178  17.6347   0.0000   0.0000   0.0000
    3956  -1.5539  -3.9906  17.7057   0.0000   0.0000   0.0000
    3957  -0.8588  -3.5909  18.3101   0.0000   0.0000   0.0000
    3958  -0.6075  -3.6230  18.9534   0.0000   0.0000   0.0000
    3959  -0.9887  -3.5825  18.5912   0.0000   0.0000   0.0000
    3960  -0.7406  -3.4451  19.4117   0.0000   0.0000   0.0000
    3961  -0.5437  -4.3032  19.0240   0.0000   0.0000   0.0000
    3962  -0.9932  -4.5588  19.0103   0.0000   0.0000   0.0000
    3963  -0.7485  -3.7944  19.0854   0.0000   0.0000   0.0000
    3964  -1.0170  -4.0342  18.5211   0.0000   0.0000   0.0000
    3965  -1.0252  -4.3978  19.2489   0.0000   0.0000   0.0000
    3966  -1.4034  -4.4976  18.8998   0.0000   0.0000   0.0000
    3967  -1.1080  -4.0989  18.8187   0.0000   0.0000   0.0000
    3968  -1.4851  -4.6925  18.8763   0.0000   0.0000   0.0000
    3969  -1.2913  -4.8403  19.3241   0.0000   0.0000   0.0000
    3970  -0.5631  -4.6778  19.6435   0.0000   0.0000   0.0000
    3971  -0.3950  -4.3345  19.6953   0.0000   0.0000   0.0000
    3972  -0.6600  -4.2208  18.9234   0.0000   0.0000   0.0000
    3973  -2.7912  -4.5887  18.8271   0.0000   0.0000   0.0000
    3974  -1.9533  -5.1312  19.7615   0.0000   0.0000   0.0000
    3975  -1.7965  -4.7251  20.2620   0.0000   0.0000   0.0000
    3976  -2.0256  -5.2324  19.6072   0.0000   0.0000   0.0000
    3977  -1.7848  -4.7725  19.4464   0.0000   0.0000   0.0000
    3978  -1.2585  -4.8075  18.5144   0.0000   0.0000   0.0000
    3979  -1.5179  -4.9594  18.7449   0.0000   0.0000   0.0000
    3980  -1.7528  -5.3417  18.4348   0.0000   0.0000   0.0000
    3981  -0.9829  -4.9017  18.1981   0.0000   0.0000   0.0000
    3982  -1.8202  -4.8266  18.9585   0.0000   0.0000   0.0000
    3983  -1.9077  -5.0313  18.7961   0.0000   0.0000   0.0000
    3984  -2.5928  -5.1534  18.5259   0.0000   0.0000   0.0000
    3985  -1.1218  -4.6548  19.1586   0.0000   0.0000   0.0000
    3986  -1.5591  -5.1124  18.8820   0.0000   0.0000   0.0000
    3987  -2.1490  -5.4247  18.6083   0.0000   0.0000   0.0000
    3988  -2.4736  -4.7097  18.2658   0.0000   0.0000   0.0000
    3989  -1.8090  -4.4129  18.6529   0.0000   0.0000   0.0000
    3990  -2.1511  -4.0773  19.1134   0.0000   0.0000   0.0000
    3991  -2.0079  -4.8201  19.1593   0.0000   0.0000   0.0000
    3992  -1.0056  -4.9016  19.4933   0.0000   0.0000   0.0000
    3993  -1.3572  -5.3940  18.8229   0.0000   0.0000   0.0000
    3994  -0.8445  -5.1493  18.8019   0.0000   0.0000   0.0000
    3995  -1.7313  -4.4397  18.2904   0.0000   0.0000   0.0000
    3996  -1.5834  -4.5929  19.5861   0.0000   0.0000   0.0000
    3997  -1.5508  -4.2592  19.2362   0.0000   0.0000   0.0000
    3998  -1.8196  -4.0170  18.6184   0.0000   0.0000   0.0000
    3999  -1.6196  -4.5835  18.5928   0.0000   0.0000   0.0000
    4000  -1.6938  -4.4758  18.5400   0.0000   0.0000   0.0000
