#Frame                                                     D36
       1  -2.2075   3.2225  13.5405   0.0000   0.0000   0.0000
       2  -2.0004   4.2339  12.8028   0.0000   0.0000   0.0000
       3  -2.3873   4.0379  12.3242   0.0000   0.0000   0.0000
       4  -3.2198   3.5751  12.7820   0.0000   0.0000   0.0000
       5  -2.3427   3.9759  12.5933   0.0000   0.0000   0.0000
       6  -2.1646   4.4386  12.4088   0.0000   0.0000   0.0000
       7  -2.3510   4.1232  11.9843   0.0000   0.0000   0.0000
       8  -2.4615   4.7073  11.8010   0.0000   0.0000   0.0000
       9  -1.3835   2.7829  11.7198   0.0000   0.0000   0.0000
      10  -1.9792   3.5827  12.2484   0.0000   0.0000   0.0000
      11  -1.6296   3.5655  11.6635   0.0000   0.0000   0.0000
      12  -2.2294   3.3677  12.0031   0.0000   0.0000   0.0000
      13  -1.9445   3.9757  11.0788   0.0000   0.0000   0.0000
      14  -2.0253   3.9729  11.7849   0.0000   0.0000   0.0000
      15  -1.9706   4.0620  12.4950   0.0000   0.0000   0.0000
      16  -2.2171   3.8127  11.6624   0.0000   0.0000   0.0000
      17  -2.7559   3.8009  11.7566   0.0000   0.0000   0.0000
      18  -2.7575   2.7467  12.3356   0.0000   0.0000   0.0000
      19  -2.9431   3.1889  12.2507   0.0000   0.0000   0.0000
      20  -1.4725   2.6792  12.8011   0.0000   0.0000   0.0000
      21  -1.2084   2.0251  11.8471   0.0000   0.0000   0.0000
      22  -1.3922   3.2793  11.4677   0.0000   0.0000   0.0000
      23  -1.2189   2.8188  12.5583   0.0000   0.0000   0.0000
      24  -1.1221   3.2530  12.0909   0.0000   0.0000   0.0000
      25  -1.4965   3.9008  12.5021   0.0000   0.0000   0.0000
      26  -2.5996   3.0855  12.8763   0.0000   0.0000   0.0000
      27  -1.0127   3.1344  12.3630   0.0000   0.0000   0.0000
      28  -1.1300   3.9122  12.9240   0.0000   0.0000   0.0000
      29  -1.0464   3.4124  12.7588   0.0000   0.0000   0.0000
      30  -1.6374   3.4822  12.8213   0.0000   0.0000   0.0000
      31  -1.4326   3.2018  13.5390   0.0000   0.0000   0.0000
      32  -1.2389   3.3514  13.2102   0.0000   0.0000   0.0000
      33  -2.4039   3.8711  13.9189   0.0000   0.0000   0.0000
      34  -2.5351   5.3606  12.5715   0.0000   0.0000   0.0000
      35  -2.0845   4.1786  12.2263   0.0000   0.0000   0.0000
      36  -0.6859   4.0068  12.6769   0.0000   0.0000   0.0000
      37  -1.3600   4.3439  13.0543   0.0000   0.0000   0.0000
      38  -1.6194   4.4118  13.2612   0.0000   0.0000   0.0000
      39  -1.8108   4.3118  13.1155   0.0000   0.0000   0.0000
      40  -2.0898   4.5490  13.0122   0.0000   0.0000   0.0000
      41  -2.3161   3.5991  13.5618   0.0000   0.0000   0.0000
      42  -1.8137   4.0244  13.3635   0.0000   0.0000   0.0000
      43  -1.5216   4.3381  13.6031   0.0000   0.0000   0.0000
      44  -1.6635   3.7887  13.1965   0.0000   0.0000   0.0000
      45  -1.3179   3.7330  13.2307   0.0000   0.0000   0.0000
      46  -1.4484   4.3011  11.9971   0.0000   0.0000   0.0000
      47  -2.2430   4.1196  12.4172   0.0000   0.0000   0.0000
      48  -3.0706   4.6087  12.1741   0.0000   0.0000   0.0000
      49  -2.0529   3.9085  12.1502   0.0000   0.0000   0.0000
      50  -2.4378   3.8266  12.4471   0.0000   0.0000   0.0000
      51  -1.9421   3.4997  12.9475   0.0000   0.0000   0.0000
      52  -2.0879   3.8150  12.0899   0.0000   0.0000   0.0000
      53  -2.2320   3.5130  12.4160   0.0000   0.0000   0.0000
      54  -2.9374   3.2913  12.3348   0.0000   0.0000   0.0000
      55  -1.6892   3.3189  12.3447   0.0000   0.0000   0.0000
      56  -1.6332   3.9813  12.6817   0.0000   0.0000   0.0000
      57  -1.0234   3.6410  12.3413   0.0000   0.0000   0.0000
      58  -1.0755   3.2046  12.8074   0.0000   0.0000   0.0000
      59  -1.5633   2.9644  12.8019   0.0000   0.0000   0.0000
      60  -1.2494   2.9272  13.0116   0.0000   0.0000   0.0000
      61  -1.4381   3.3429  12.6264   0.0000   0.0000   0.0000
      62  -0.2011   3.4215  13.1782   0.0000   0.0000   0.0000
      63  -1.6222   3.8954  13.3518   0.0000   0.0000   0.0000
      64  -1.2335   3.8047  13.6793   0.0000   0.0000   0.0000
      65  -0.8595   3.6521  13.6414   0.0000   0.0000   0.0000
      66  -0.9839   3.9741  14.2543   0.0000   0.0000   0.0000
      67  -1.0962   3.8016  13.4478   0.0000   0.0000   0.0000
      68  -0.6445   4.2543  13.1477   0.0000   0.0000   0.0000
      69  -0.7154   3.3821  13.6047   0.0000   0.0000   0.0000
      70   0.1999   3.9398  12.5064   0.0000   0.0000   0.0000
      71   0.0414   3.4934  13.0454   0.0000   0.0000   0.0000
      72  -0.3977   3.4833  13.1149   0.0000   0.0000   0.0000
      73   0.6930   3.8128  13.0461   0.0000   0.0000   0.0000
      74  -0.0830   3.0296  12.4257   0.0000   0.0000   0.0000
      75  -0.4272   3.4181  13.0127   0.0000   0.0000   0.0000
      76   0.1839   3.4219  13.2589   0.0000   0.0000   0.0000
      77   0.1590   4.1164  13.3255   0.0000   0.0000   0.0000
      78  -0.3668   4.4890  12.7263   0.0000   0.0000   0.0000
      79  -0.1963   3.8543  12.6883   0.0000   0.0000   0.0000
      80  -1.7768   3.9469  12.0006   0.0000   0.0000   0.0000
      81  -0.7222   4.4026  12.1910   0.0000   0.0000   0.0000
      82  -0.0676   4.1364  12.5350   0.0000   0.0000   0.0000
      83  -0.5998   3.9095  11.9595   0.0000   0.0000   0.0000
      84   0.4380   3.7946  12.2005   0.0000   0.0000   0.0000
      85  -0.1722   4.2538  11.8291   0.0000   0.0000   0.0000
      86   0.0983   4.1112  11.8532   0.0000   0.0000   0.0000
      87   0.3966   4.6027  11.9499   0.0000   0.0000   0.0000
      88   0.3492   3.5409  11.7943   0.0000   0.0000   0.0000
      89   0.3929   3.8349  11.7690   0.0000   0.0000   0.0000
      90   0.4929   3.6120  12.0167   0.0000   0.0000   0.0000
      91   0.9782   4.2123  12.1872   0.0000   0.0000   0.0000
      92   0.6089   4.4780  12.4838   0.0000   0.0000   0.0000
      93  -0.0141   3.0211  12.5286   0.0000   0.0000   0.0000
      94   0.8171   3.9728  13.2059   0.0000   0.0000   0.0000
      95   0.3926   3.7577  13.0067   0.0000   0.0000   0.0000
      96   0.2892   3.3161  12.4871   0.0000   0.0000   0.0000
      97   0.4034   3.5013  12.6249   0.0000   0.0000   0.0000
      98   1.1219   4.2251  12.5542   0.0000   0.0000   0.0000
      99   0.2595   4.6750  12.7179   0.0000   0.0000   0.0000
     100   0.2448   4.1030  13.4588   0.0000   0.0000   0.0000
     101   1.0771   4.5118  13.4083   0.0000   0.0000   0.0000
     102   0.6097   3.9065  13.3025   0.0000   0.0000   0.0000
     103   0.9662   3.8394  13.8179   0.0000   0.0000   0.0000
     104   0.8935   3.3898  13.4322   0.0000   0.0000   0.0000
     105   0.4536   3.0425  13.9508   0.0000   0.0000   0.0000
     106   1.3149   3.1429  13.5830   0.0000   0.0000   0.0000
     107   1.7609   3.4933  13.2855   0.0000   0.0000   0.0000
     108   0.5824   3.5419  13.6739   0.0000   0.0000   0.0000
     109   1.7402   4.0559  13.1403   0.0000   0.0000   0.0000
     110   1.5158   3.8078  13.3857   0.0000   0.0000   0.0000
     111   0.5164   5.0269  12.8433   0.0000   0.0000   0.0000
     112   0.8160   4.4049  12.5068   0.0000   0.0000   0.0000
     113   1.0553   4.8633  13.2869   0.0000   0.0000   0.0000
     114   0.8136   4.8101  13.8559   0.0000   0.0000   0.0000
     115   0.3809   3.7243  13.5364   0.0000   0.0000   0.0000
     116   0.6717   4.5054  14.0898   0.0000   0.0000   0.0000
     117   1.2043   3.9561  13.9872   0.0000   0.0000   0.0000
     118   0.8991   3.8066  14.1675   0.0000   0.0000   0.0000
     119   1.3105   4.6001  14.6312   0.0000   0.0000   0.0000
     120   0.6595   4.5752  14.2816   0.0000   0.0000   0.0000
     121   1.5397   3.3269  14.3735   0.0000   0.0000   0.0000
     122   0.5969   3.2338  14.2797   0.0000   0.0000   0.0000
     123   0.2566   3.2186  13.0738   0.0000   0.0000   0.0000
     124   0.5068   3.5367  12.6471   0.0000   0.0000   0.0000
     125   0.2348   3.9475  13.1559   0.0000   0.0000   0.0000
     126  -0.0647   3.4913  12.9393   0.0000   0.0000   0.0000
     127   0.6615   3.3545  12.7023   0.0000   0.0000   0.0000
     128   1.1043   4.5324  12.2392   0.0000   0.0000   0.0000
     129   1.4050   4.2759  12.5755   0.0000   0.0000   0.0000
     130   0.6061   4.7379  12.8719   0.0000   0.0000   0.0000
     131   0.5656   4.4993  13.2014   0.0000   0.0000   0.0000
     132   0.0440   4.1640  12.1611   0.0000   0.0000   0.0000
     133   0.6153   4.2998  12.7710   0.0000   0.0000   0.0000
     134   0.1972   4.5993  12.6657   0.0000   0.0000   0.0000
     135  -0.1505   4.4969  12.1232   0.0000   0.0000   0.0000
     136   0.6927   4.0435  12.7009   0.0000   0.0000   0.0000
     137   2.0499   4.2385  11.9955   0.0000   0.0000   0.0000
     138   1.1121   4.1085  11.3376   0.0000   0.0000   0.0000
     139   0.2717   3.5738  12.1846   0.0000   0.0000   0.0000
     140   0.3013   3.8229  12.4379   0.0000   0.0000   0.0000
     141   0.7244   4.3127  12.5760   0.0000   0.0000   0.0000
     142   1.4316   3.9679  12.7363   0.0000   0.0000   0.0000
     143   1.2913   3.9581  12.1865   0.0000   0.0000   0.0000
     144   0.7753   3.4164  11.8546   0.0000   0.0000   0.0000
     145   1.3883   4.4009  11.9212   0.0000   0.0000   0.0000
     146   1.3348   4.2800  12.4745   0.0000   0.0000   0.0000
     147   0.6550   3.2778  12.3077   0.0000   0.0000   0.0000
     148   0.9024   3.7348  12.3768   0.0000   0.0000   0.0000
     149  -0.4108   3.2645  12.6539   0.0000   0.0000   0.0000
     150   1.3214   3.0730  12.5908   0.0000   0.0000   0.0000
     151   0.7832   3.1612  12.7638   0.0000   0.0000   0.0000
     152  -0.3273   2.8436  13.1182   0.0000   0.0000   0.0000
     153  -0.3027   2.6492  13.8914   0.0000   0.0000   0.0000
     154  -0.1463   2.1558  13.4706   0.0000   0.0000   0.0000
     155  -0.1996   3.1587  13.1701   0.0000   0.0000   0.0000
     156  -0.4146   2.6702  13.7694   0.0000   0.0000   0.0000
     157  -0.1007   3.4386  12.8122   0.0000   0.0000   0.0000
     158  -0.7765   3.2978  13.3132   0.0000   0.0000   0.0000
     159  -0.1147   3.1666  13.8703   0.0000   0.0000   0.0000
     160  -0.1942   2.7283  13.0445   0.0000   0.0000   0.0000
     161   0.4789   3.3046  13.3457   0.0000   0.0000   0.0000
     162   0.7322   3.0727  13.8327   0.0000   0.0000   0.0000
     163   0.4014   3.1609  13.3005   0.0000   0.0000   0.0000
     164   0.5694   4.4268  13.2072   0.0000   0.0000   0.0000
     165   0.0742   4.2389  13.2658   0.0000   0.0000   0.0000
     166   0.1487   5.1308  13.4615   0.0000   0.0000   0.0000
     167  -0.8150   5.6029  13.3162   0.0000   0.0000   0.0000
     168  -0.5357   4.8115  12.9334   0.0000   0.0000   0.0000
     169  -0.0196   5.0029  12.3599   0.0000   0.0000   0.0000
     170  -0.5467   4.7559  12.6071   0.0000   0.0000   0.0000
     171  -0.5997   4.5075  13.8893   0.0000   0.0000   0.0000
     172  -0.1072   4.8598  13.7079   0.0000   0.0000   0.0000
     173   0.1707   4.8072  13.6916   0.0000   0.0000   0.0000
     174  -0.3296   3.9223  14.2525   0.0000   0.0000   0.0000
     175  -0.5685   4.0902  14.5165   0.0000   0.0000   0.0000
     176  -0.4879   4.8385  14.7245   0.0000   0.0000   0.0000
     177  -0.4145   4.4790  14.1120   0.0000   0.0000   0.0000
     178  -1.3195   5.0632  13.6700   0.0000   0.0000   0.0000
     179  -1.1812   3.5772  14.7874   0.0000   0.0000   0.0000
     180  -1.6019   3.6232  14.1823   0.0000   0.0000   0.0000
     181  -1.4720   3.7600  14.2689   0.0000   0.0000   0.0000
     182  -1.2839   4.6907  14.4041   0.0000   0.0000   0.0000
     183  -1.8579   4.5476  14.3325   0.0000   0.0000   0.0000
     184  -1.0785   5.1066  13.8261   0.0000   0.0000   0.0000
     185  -0.8626   4.4474  14.0623   0.0000   0.0000   0.0000
     186  -1.7033   4.4205  13.4270   0.0000   0.0000   0.0000
     187  -1.2763   4.8145  13.6079   0.0000   0.0000   0.0000
     188  -0.6736   4.8339  13.5531   0.0000   0.0000   0.0000
     189  -1.2577   4.8511  13.4563   0.0000   0.0000   0.0000
     190  -0.4098   4.3376  14.1506   0.0000   0.0000   0.0000
     191  -1.2207   4.5918  14.5963   0.0000   0.0000   0.0000
     192  -0.6384   4.9163  13.5237   0.0000   0.0000   0.0000
     193  -0.9467   4.7914  13.0372   0.0000   0.0000   0.0000
     194  -0.7205   5.0432  13.1711   0.0000   0.0000   0.0000
     195  -0.6460   4.0531  13.7430   0.0000   0.0000   0.0000
     196  -1.3491   4.9011  13.0581   0.0000   0.0000   0.0000
     197  -1.0404   3.9514  14.2443   0.0000   0.0000   0.0000
     198  -1.2202   4.0159  13.9965   0.0000   0.0000   0.0000
     199  -1.0177   3.4543  13.6799   0.0000   0.0000   0.0000
     200  -2.2551   2.6388  13.6102   0.0000   0.0000   0.0000
     201  -1.8172   3.8793  13.1409   0.0000   0.0000   0.0000
     202  -2.1473   3.6582  13.0718   0.0000   0.0000   0.0000
     203  -1.7998   2.5481  13.0870   0.0000   0.0000   0.0000
     204  -0.8888   2.9887  13.0876   0.0000   0.0000   0.0000
     205  -1.4181   2.6865  13.3928   0.0000   0.0000   0.0000
     206  -1.3346   3.7713  14.3698   0.0000   0.0000   0.0000
     207  -1.8966   2.7321  12.8503   0.0000   0.0000   0.0000
     208  -0.8818   2.4391  13.5159   0.0000   0.0000   0.0000
     209  -2.2107   2.8175  13.8692   0.0000   0.0000   0.0000
     210  -1.3621   2.6920  13.6292   0.0000   0.0000   0.0000
     211  -1.0114   3.3748  13.1582   0.0000   0.0000   0.0000
     212  -1.4043   3.6065  13.5504   0.0000   0.0000   0.0000
     213  -1.8236   2.4282  13.2217   0.0000   0.0000   0.0000
     214  -1.9650   3.1889  13.2680   0.0000   0.0000   0.0000
     215  -1.1531   3.2176  12.8440   0.0000   0.0000   0.0000
     216  -1.8045   2.6918  12.5874   0.0000   0.0000   0.0000
     217  -1.8301   3.5385  12.6583   0.0000   0.0000   0.0000
     218  -0.8641   3.8321  12.5536   0.0000   0.0000   0.0000
     219  -1.2354   4.3740  12.9689   0.0000   0.0000   0.0000
     220  -1.4089   4.4412  12.7189   0.0000   0.0000   0.0000
     221  -2.1914   4.4789  13.2268   0.0000   0.0000   0.0000
     222  -2.5222   4.5211  14.3621   0.0000   0.0000   0.0000
     223  -1.2502   4.5312  14.0770   0.0000   0.0000   0.0000
     224  -1.5303   4.7464  13.5072   0.0000   0.0000   0.0000
     225  -1.9916   4.4437  14.3507   0.0000   0.0000   0.0000
     226  -1.8757   5.8117  13.8154   0.0000   0.0000   0.0000
     227  -1.6760   4.7978  13.1521   0.0000   0.0000   0.0000
     228  -1.6452   4.7611  13.0773   0.0000   0.0000   0.0000
     229  -1.2574   5.3748  13.1134   0.0000   0.0000   0.0000
     230  -1.2289   5.1271  12.8229   0.0000   0.0000   0.0000
     231  -1.4894   4.3638  12.8571   0.0000   0.0000   0.0000
     232  -1.9167   4.7525  13.0136   0.0000   0.0000   0.0000
     233  -1.1248   3.8947  13.3656   0.0000   0.0000   0.0000
     234  -1.2097   3.9372  13.4524   0.0000   0.0000   0.0000
     235  -1.1745   3.9205  12.7269   0.0000   0.0000   0.0000
     236  -0.8230   4.1112  12.4264   0.0000   0.0000   0.0000
     237  -0.7296   4.9586  12.1283   0.0000   0.0000   0.0000
     238  -0.2369   3.8374  12.5458   0.0000   0.0000   0.0000
     239  -0.4357   3.7985  12.9471   0.0000   0.0000   0.0000
     240  -0.2495   4.6685  12.6223   0.0000   0.0000   0.0000
     241  -0.6461   4.0105  12.0602   0.0000   0.0000   0.0000
     242  -0.8975   4.5903  12.6530   0.0000   0.0000   0.0000
     243  -0.4216   4.2398  11.4815   0.0000   0.0000   0.0000
     244  -0.0948   4.1596  12.3767   0.0000   0.0000   0.0000
     245  -0.1609   5.1453  11.8688   0.0000   0.0000   0.0000
     246   0.5133   4.8407  13.0161   0.0000   0.0000   0.0000
     247  -0.2347   4.6564  11.6516   0.0000   0.0000   0.0000
     248  -0.0283   4.4886  11.6683   0.0000   0.0000   0.0000
     249  -0.7583   4.1374  12.0930   0.0000   0.0000   0.0000
     250  -0.5512   5.0010  11.1624   0.0000   0.0000   0.0000
     251  -1.7307   6.3775  13.0832   0.0000   0.0000   0.0000
     252  -1.3820   6.1525  12.9028   0.0000   0.0000   0.0000
     253  -1.4975   6.1083  12.5243   0.0000   0.0000   0.0000
     254  -1.3899   5.7072  12.4509   0.0000   0.0000   0.0000
     255  -1.1678   5.7741  12.6451   0.0000   0.0000   0.0000
     256  -0.1536   6.8627  12.6482   0.0000   0.0000   0.0000
     257  -0.5775   6.0203  12.0518   0.0000   0.0000   0.0000
     258  -0.0703   6.6446  12.2412   0.0000   0.0000   0.0000
     259  -0.7544   6.7993  11.6012   0.0000   0.0000   0.0000
     260  -0.4189   6.6567  12.2068   0.0000   0.0000   0.0000
     261  -0.3736   6.3053  11.3694   0.0000   0.0000   0.0000
     262  -0.9960   6.7512  11.8183   0.0000   0.0000   0.0000
     263  -1.4167   7.3660  11.2976   0.0000   0.0000   0.0000
     264  -1.5361   7.7005  11.8757   0.0000   0.0000   0.0000
     265  -1.5217   6.4417  12.5047   0.0000   0.0000   0.0000
     266  -1.1204   6.9328  11.6265   0.0000   0.0000   0.0000
     267  -0.1688   6.3052  12.3672   0.0000   0.0000   0.0000
     268   0.0238   6.1212  12.1191   0.0000   0.0000   0.0000
     269   0.2673   5.2997  12.7873   0.0000   0.0000   0.0000
     270  -0.1412   6.2719  12.2019   0.0000   0.0000   0.0000
     271  -0.0479   5.8776  12.5207   0.0000   0.0000   0.0000
     272  -0.0882   6.0029  12.0753   0.0000   0.0000   0.0000
     273  -0.1859   6.4218  11.5066   0.0000   0.0000   0.0000
     274  -0.7687   5.9896  11.2896   0.0000   0.0000   0.0000
     275  -0.3329   5.9894  11.4946   0.0000   0.0000   0.0000
     276  -0.1179   5.6546  11.0217   0.0000   0.0000   0.0000
     277   0.5110   5.0640  11.4299   0.0000   0.0000   0.0000
     278  -1.2254   5.0230  11.4845   0.0000   0.0000   0.0000
     279  -1.5276   5.4647  11.5492   0.0000   0.0000   0.0000
     280  -2.5747   6.5745  11.6274   0.0000   0.0000   0.0000
     281  -0.1647   5.3826  12.7422   0.0000   0.0000   0.0000
     282  -1.3498   5.9838  12.1825   0.0000   0.0000   0.0000
     283  -0.7507   6.7415  12.2520   0.0000   0.0000   0.0000
     284  -1.9284   6.7858  12.1817   0.0000   0.0000   0.0000
     285   0.8523   6.0979  12.7315   0.0000   0.0000   0.0000
     286   0.8642   6.2073  14.1227   0.0000   0.0000   0.0000
     287   0.9164   6.5053  13.3740   0.0000   0.0000   0.0000
     288  -0.3359   6.4731  13.1978   0.0000   0.0000   0.0000
     289  -0.0017   6.1408  13.6320   0.0000   0.0000   0.0000
     290  -0.2815   6.6616  13.3596   0.0000   0.0000   0.0000
     291  -1.3562   5.9956  12.6020   0.0000   0.0000   0.0000
     292  -0.4093   7.3636  12.2630   0.0000   0.0000   0.0000
     293  -0.9187   7.1710  12.4933   0.0000   0.0000   0.0000
     294  -0.7130   6.9205  12.4430   0.0000   0.0000   0.0000
     295   0.3251   6.8189  12.5350   0.0000   0.0000   0.0000
     296   0.4185   6.4718  13.3167   0.0000   0.0000   0.0000
     297   0.4164   7.0305  13.1025   0.0000   0.0000   0.0000
     298  -0.5265   6.8880  12.7763   0.0000   0.0000   0.0000
     299   0.1062   6.1285  12.8040   0.0000   0.0000   0.0000
     300  -1.1757   6.2875  12.3504   0.0000   0.0000   0.0000
     301  -0.5335   5.8703  12.2780   0.0000   0.0000   0.0000
     302  -0.4088   6.1545  12.2340   0.0000   0.0000   0.0000
     303  -0.5790   6.7312  12.1107   0.0000   0.0000   0.0000
     304  -0.5947   6.8711  12.6755   0.0000   0.0000   0.0000
     305  -1.2727   5.6110  12.0014   0.0000   0.0000   0.0000
     306  -1.4743   5.2660  11.0346   0.0000   0.0000   0.0000
     307  -1.0379   6.9074  12.0809   0.0000   0.0000   0.0000
     308  -1.2516   6.7239  11.4167   0.0000   0.0000   0.0000
     309  -1.3642   6.5526  11.6667   0.0000   0.0000   0.0000
     310  -1.2192   6.3881  11.5080   0.0000   0.0000   0.0000
     311  -1.6759   6.4442  11.2030   0.0000   0.0000   0.0000
     312  -0.8667   7.0293  12.1270   0.0000   0.0000   0.0000
     313  -1.4011   6.6293  12.2734   0.0000   0.0000   0.0000
     314  -1.0547   7.8538  12.4064   0.0000   0.0000   0.0000
     315  -0.8926   7.5128  12.2413   0.0000   0.0000   0.0000
     316  -0.8025   7.1408  11.9222   0.0000   0.0000   0.0000
     317  -1.9900   6.4626  12.5293   0.0000   0.0000   0.0000
     318  -1.2752   6.1049  12.5981   0.0000   0.0000   0.0000
     319  -0.8566   6.2625  12.5646   0.0000   0.0000   0.0000
     320  -0.7773   6.3064  12.9782   0.0000   0.0000   0.0000
     321  -1.3391   6.2970  12.8488   0.0000   0.0000   0.0000
     322  -1.1701   5.7626  12.2220   0.0000   0.0000   0.0000
     323  -0.8826   5.5269  12.3267   0.0000   0.0000   0.0000
     324  -1.6033   5.1822  12.2356   0.0000   0.0000   0.0000
     325  -0.7639   5.3662  11.4314   0.0000   0.0000   0.0000
     326  -0.9191   6.1147  12.0440   0.0000   0.0000   0.0000
     327   0.0778   5.3489  12.0515   0.0000   0.0000   0.0000
     328   0.4220   5.0585  12.1500   0.0000   0.0000   0.0000
     329   0.7902   5.0276  12.7191   0.0000   0.0000   0.0000
     330   0.3394   4.8220  12.6410   0.0000   0.0000   0.0000
     331  -0.0567   5.4096  12.5654   0.0000   0.0000   0.0000
     332  -0.4058   5.7663  11.8148   0.0000   0.0000   0.0000
     333  -0.0038   5.5726  12.1384   0.0000   0.0000   0.0000
     334   0.2203   6.0502  11.6754   0.0000   0.0000   0.0000
     335   0.0039   5.8694  12.1012   0.0000   0.0000   0.0000
     336  -0.6341   5.9501  11.8899   0.0000   0.0000   0.0000
     337  -0.0976   5.9290  12.8775   0.0000   0.0000   0.0000
     338   1.3341   7.0056  12.6582   0.0000   0.0000   0.0000
     339   0.7468   6.4730  13.1185   0.0000   0.0000   0.0000
     340   0.2491   6.7834  13.2867   0.0000   0.0000   0.0000
     341   0.9692   7.1062  14.9329   0.0000   0.0000   0.0000
     342   0.8485   7.2354  14.4648   0.0000   0.0000   0.0000
     343   1.0336   6.1623  13.7271   0.0000   0.0000   0.0000
     344   0.0197   6.1456  12.5851   0.0000   0.0000   0.0000
     345   0.2785   6.4498  13.0881   0.0000   0.0000   0.0000
     346   1.0322   7.0247  12.7166   0.0000   0.0000   0.0000
     347   0.6860   6.3799  13.0734   0.0000   0.0000   0.0000
     348   0.6161   5.9726  13.7255   0.0000   0.0000   0.0000
     349   0.5994   6.1222  11.7443   0.0000   0.0000   0.0000
     350   0.3783   5.9689  12.1296   0.0000   0.0000   0.0000
     351   0.7074   5.3658  11.6789   0.0000   0.0000   0.0000
     352  -0.2528   6.2329  11.9473   0.0000   0.0000   0.0000
     353  -0.0611   6.4211  12.0078   0.0000   0.0000   0.0000
     354  -0.0065   6.2913  12.0995   0.0000   0.0000   0.0000
     355   0.5997   7.3300  11.4787   0.0000   0.0000   0.0000
     356   0.5512   6.9643  11.9311   0.0000   0.0000   0.0000
     357  -0.1571   7.3521  12.1141   0.0000   0.0000   0.0000
     358   0.3678   6.7737  12.2975   0.0000   0.0000   0.0000
     359   0.0884   6.5031  12.0710   0.0000   0.0000   0.0000
     360   0.7835   6.4540  12.6486   0.0000   0.0000   0.0000
     361   1.3541   6.9658  12.2029   0.0000   0.0000   0.0000
     362   1.2238   6.5785  11.9014   0.0000   0.0000   0.0000
     363   1.5594   6.1572  12.6732   0.0000   0.0000   0.0000
     364   1.5082   5.3823  13.0834   0.0000   0.0000   0.0000
     365   0.4215   5.9157  13.2998   0.0000   0.0000   0.0000
     366   0.4589   5.6937  13.5021   0.0000   0.0000   0.0000
     367   1.1056   6.2601  13.3868   0.0000   0.0000   0.0000
     368   1.5637   6.0482  12.7267   0.0000   0.0000   0.0000
     369   0.2758   5.5661  14.0043   0.0000   0.0000   0.0000
     370   1.0748   5.7579  13.4634   0.0000   0.0000   0.0000
     371   0.0375   5.2881  13.3341   0.0000   0.0000   0.0000
     372  -0.2225   5.3959  13.7952   0.0000   0.0000   0.0000
     373   0.1495   6.4080  15.2150   0.0000   0.0000   0.0000
     374   0.1277   5.9980  13.8657   0.0000   0.0000   0.0000
     375  -0.0865   5.2365  13.6899   0.0000   0.0000   0.0000
     376   0.2639   5.7988  14.7708   0.0000   0.0000   0.0000
     377  -0.0933   6.3501  13.3068   0.0000   0.0000   0.0000
     378   0.2922   6.4351  13.7734   0.0000   0.0000   0.0000
     379  -0.3776   6.2647  14.3929   0.0000   0.0000   0.0000
     380  -1.2859   5.5148  12.9692   0.0000   0.0000   0.0000
     381  -1.3253   5.9513  13.5724   0.0000   0.0000   0.0000
     382  -0.3106   6.3172  13.9525   0.0000   0.0000   0.0000
     383  -0.6921   6.4351  13.8092   0.0000   0.0000   0.0000
     384  -0.9417   6.0819  13.0357   0.0000   0.0000   0.0000
     385  -0.3991   6.1509  12.6932   0.0000   0.0000   0.0000
     386  -0.2587   6.8594  13.0566   0.0000   0.0000   0.0000
     387   0.6543   6.7106  12.4826   0.0000   0.0000   0.0000
     388   0.3410   6.7701  13.1529   0.0000   0.0000   0.0000
     389  -0.0706   5.9998  12.8401   0.0000   0.0000   0.0000
     390   0.1709   5.8266  12.2202   0.0000   0.0000   0.0000
     391  -0.4050   4.8917  12.1737   0.0000   0.0000   0.0000
     392  -1.1091   5.1258  12.3644   0.0000   0.0000   0.0000
     393  -0.6588   5.3331  11.4336   0.0000   0.0000   0.0000
     394  -0.3515   6.5160  11.4984   0.0000   0.0000   0.0000
     395   0.4920   4.8445  12.2117   0.0000   0.0000   0.0000
     396  -0.5620   5.9564  11.9718   0.0000   0.0000   0.0000
     397   0.1805   5.9357  12.0817   0.0000   0.0000   0.0000
     398  -0.1110   5.8588  11.9640   0.0000   0.0000   0.0000
     399  -0.2700   7.0721  12.7185   0.0000   0.0000   0.0000
     400  -0.5154   5.7648  12.2711   0.0000   0.0000   0.0000
     401  -0.2365   5.9486  12.9930   0.0000   0.0000   0.0000
     402   0.6979   6.1565  13.5503   0.0000   0.0000   0.0000
     403   0.3998   5.7949  13.7248   0.0000   0.0000   0.0000
     404  -0.2137   5.7561  13.0525   0.0000   0.0000   0.0000
     405   0.7719   5.7947  11.7159   0.0000   0.0000   0.0000
     406   1.2130   5.3593  12.6019   0.0000   0.0000   0.0000
     407   0.2524   5.2446  13.6580   0.0000   0.0000   0.0000
     408   0.3456   6.0540  13.3180   0.0000   0.0000   0.0000
     409   0.8711   5.7133  13.4958   0.0000   0.0000   0.0000
     410   0.5303   5.0524  13.9979   0.0000   0.0000   0.0000
     411   0.6022   6.3425  13.3131   0.0000   0.0000   0.0000
     412  -0.0915   5.6922  13.5283   0.0000   0.0000   0.0000
     413   0.5907   6.0259  12.6190   0.0000   0.0000   0.0000
     414   0.4178   5.7670  13.0322   0.0000   0.0000   0.0000
     415   0.9115   5.7062  12.1631   0.0000   0.0000   0.0000
     416   0.9404   5.3346  12.3110   0.0000   0.0000   0.0000
     417   1.8242   5.2002  12.7681   0.0000   0.0000   0.0000
     418   0.8555   5.4549  12.3054   0.0000   0.0000   0.0000
     419   0.9040   5.6881  12.9539   0.0000   0.0000   0.0000
     420  -0.6100   5.1807  13.0810   0.0000   0.0000   0.0000
     421   0.0963   5.6173  13.0866   0.0000   0.0000   0.0000
     422  -0.6911   5.5700  12.5166   0.0000   0.0000   0.0000
     423  -1.2699   5.4950  12.2684   0.0000   0.0000   0.0000
     424  -1.2081   5.4664  11.7268   0.0000   0.0000   0.0000
     425  -0.9680   6.0940  12.3436   0.0000   0.0000   0.0000
     426  -0.6667   5.4864  12.8391   0.0000   0.0000   0.0000
     427  -0.2535   5.0823  13.0964   0.0000   0.0000   0.0000
     428  -0.8321   5.1135  13.3022   0.0000   0.0000   0.0000
     429  -1.1132   5.5723  13.4409   0.0000   0.0000   0.0000
     430  -1.1490   5.0969  13.2276   0.0000   0.0000   0.0000
     431  -0.7964   5.2816  13.6478   0.0000   0.0000   0.0000
     432  -1.1323   5.2334  13.7129   0.0000   0.0000   0.0000
     433  -0.3768   6.6490  12.9379   0.0000   0.0000   0.0000
     434  -0.6439   6.5851  14.1205   0.0000   0.0000   0.0000
     435  -1.9390   6.4523  14.0706   0.0000   0.0000   0.0000
     436  -1.1209   7.2815  13.8733   0.0000   0.0000   0.0000
     437  -1.4044   6.3713  13.9624   0.0000   0.0000   0.0000
     438  -1.1247   6.3033  13.3164   0.0000   0.0000   0.0000
     439  -1.4098   7.2011  14.2343   0.0000   0.0000   0.0000
     440  -1.4568   7.1929  13.0757   0.0000   0.0000   0.0000
     441  -1.1366   6.1197  14.3001   0.0000   0.0000   0.0000
     442  -1.5959   6.3420  13.0834   0.0000   0.0000   0.0000
     443  -1.2163   6.3863  13.3942   0.0000   0.0000   0.0000
     444  -1.1065   5.4589  14.0523   0.0000   0.0000   0.0000
     445  -1.3420   6.1354  12.4004   0.0000   0.0000   0.0000
     446  -0.9867   6.3852  14.5858   0.0000   0.0000   0.0000
     447  -1.2428   6.2214  13.5653   0.0000   0.0000   0.0000
     448  -1.4408   5.1976  14.1201   0.0000   0.0000   0.0000
     449  -1.4042   4.3353  14.1533   0.0000   0.0000   0.0000
     450  -0.8862   5.0335  14.2632   0.0000   0.0000   0.0000
     451  -1.8261   5.5171  14.2813   0.0000   0.0000   0.0000
     452  -1.7724   5.0900  13.9070   0.0000   0.0000   0.0000
     453  -0.9740   6.0672  13.1465   0.0000   0.0000   0.0000
     454  -0.9212   5.7692  13.9981   0.0000   0.0000   0.0000
     455  -0.9166   5.8048  13.2909   0.0000   0.0000   0.0000
     456  -0.3372   4.4054  12.8852   0.0000   0.0000   0.0000
     457  -0.4235   3.6788  13.0701   0.0000   0.0000   0.0000
     458  -0.4994   4.6586  13.5685   0.0000   0.0000   0.0000
     459  -1.0982   4.3663  13.0344   0.0000   0.0000   0.0000
     460  -0.4684   4.8772  13.6524   0.0000   0.0000   0.0000
     461  -1.2750   4.3113  13.4460   0.0000   0.0000   0.0000
     462  -0.8932   5.2422  13.1805   0.0000   0.0000   0.0000
     463  -0.0441   4.9867  13.2760   0.0000   0.0000   0.0000
     464  -0.5575   4.6408  13.4684   0.0000   0.0000   0.0000
     465   0.1054   4.3202  14.2231   0.0000   0.0000   0.0000
     466  -0.0622   4.5019  13.6763   0.0000   0.0000   0.0000
     467  -0.5339   5.5077  14.5356   0.0000   0.0000   0.0000
     468  -0.7469   5.3305  14.3009   0.0000   0.0000   0.0000
     469  -1.1837   4.7642  13.8878   0.0000   0.0000   0.0000
     470  -0.6180   4.9097  13.5917   0.0000   0.0000   0.0000
     471  -1.1674   5.6941  13.6592   0.0000   0.0000   0.0000
     472  -0.4843   4.7925  13.1531   0.0000   0.0000   0.0000
     473  -0.8820   5.1555  12.8759   0.0000   0.0000   0.0000
     474  -1.4955   3.9476  13.5046   0.0000   0.0000   0.0000
     475  -1.1891   4.9217  13.2756   0.0000   0.0000   0.0000
     476  -0.3173   4.9028  12.6899   0.0000   0.0000   0.0000
     477  -1.1378   4.7087  12.6611   0.0000   0.0000   0.0000
     478   0.7158   4.7121  13.8148   0.0000   0.0000   0.0000
     479   0.2739   4.6809  14.4605   0.0000   0.0000   0.0000
     480  -0.0413   5.5231  13.5188   0.0000   0.0000   0.0000
     481   0.9934   5.0596  13.8937   0.0000   0.0000   0.0000
     482   1.0952   4.4654  13.6219   0.0000   0.0000   0.0000
     483   0.9936   4.4918  13.1236   0.0000   0.0000   0.0000
     484   1.2929   4.4107  12.8864   0.0000   0.0000   0.0000
     485   0.3971   4.3474  12.7163   0.0000   0.0000   0.0000
     486   0.0015   4.5500  13.0946   0.0000   0.0000   0.0000
     487  -0.3129   4.2125  12.9831   0.0000   0.0000   0.0000
     488   0.4904   5.0869  13.0656   0.0000   0.0000   0.0000
     489   0.3848   4.5907  13.2086   0.0000   0.0000   0.0000
     490   0.7785   4.7039  13.9028   0.0000   0.0000   0.0000
     491   0.5094   4.6705  13.8069   0.0000   0.0000   0.0000
     492   1.2002   4.2184  14.4202   0.0000   0.0000   0.0000
     493   0.6523   4.4771  15.4545   0.0000   0.0000   0.0000
     494  -0.1434   4.2636  14.8737   0.0000   0.0000   0.0000
     495  -0.3983   4.5440  14.8724   0.0000   0.0000   0.0000
     496   0.2143   4.9256  14.3675   0.0000   0.0000   0.0000
     497   0.7638   4.5598  14.9553   0.0000   0.0000   0.0000
     498   0.7918   5.6162  14.6016   0.0000   0.0000   0.0000
     499   0.5348   5.5905  15.1978   0.0000   0.0000   0.0000
     500   0.3844   5.6070  15.8668   0.0000   0.0000   0.0000
     501   0.2849   5.4482  14.4966   0.0000   0.0000   0.0000
     502   0.5468   5.2020  16.0217   0.0000   0.0000   0.0000
     503   0.9697   5.8251  15.3115   0.0000   0.0000   0.0000
     504   0.0220   4.7256  16.0378   0.0000   0.0000   0.0000
     505   0.9688   4.9395  15.5907   0.0000   0.0000   0.0000
     506   1.5482   5.1825  15.5020   0.0000   0.0000   0.0000
     507   0.7895   5.0560  15.4371   0.0000   0.0000   0.0000
     508   0.3147   4.6156  14.7612   0.0000   0.0000   0.0000
     509   0.8245   4.4466  15.0423   0.0000   0.0000   0.0000
     510   1.1177   5.1896  15.5524   0.0000   0.0000   0.0000
     511   0.4242   5.3139  16.3713   0.0000   0.0000   0.0000
     512   1.0692   5.2286  15.9891   0.0000   0.0000   0.0000
     513   0.5516   6.1970  16.8639   0.0000   0.0000   0.0000
     514   1.0982   5.8140  15.9648   0.0000   0.0000   0.0000
     515   0.8523   5.2434  15.9799   0.0000   0.0000   0.0000
     516   0.6456   5.7253  15.6022   0.0000   0.0000   0.0000
     517   0.1885   5.8401  15.0562   0.0000   0.0000   0.0000
     518   0.3615   6.0770  15.9344   0.0000   0.0000   0.0000
     519   1.4962   5.4411  16.0671   0.0000   0.0000   0.0000
     520   0.2846   5.0720  15.5539   0.0000   0.0000   0.0000
     521   0.4619   4.3852  16.2850   0.0000   0.0000   0.0000
     522   1.0554   5.4592  15.1538   0.0000   0.0000   0.0000
     523   0.7032   6.8021  15.2436   0.0000   0.0000   0.0000
     524   1.3931   6.3394  16.2244   0.0000   0.0000   0.0000
     525   0.3781   6.8103  16.0340   0.0000   0.0000   0.0000
     526  -0.0630   7.1032  15.8643   0.0000   0.0000   0.0000
     527   0.3481   5.7804  15.6392   0.0000   0.0000   0.0000
     528   0.1471   5.9336  15.5075   0.0000   0.0000   0.0000
     529  -0.1932   5.6203  15.3654   0.0000   0.0000   0.0000
     530  -0.3353   6.2502  14.7020   0.0000   0.0000   0.0000
     531  -0.7121   6.2913  15.7214   0.0000   0.0000   0.0000
     532   0.0474   6.1072  15.4267   0.0000   0.0000   0.0000
     533   0.3804   5.7560  16.6922   0.0000   0.0000   0.0000
     534  -0.1376   6.0601  15.8226   0.0000   0.0000   0.0000
     535   0.0095   6.1353  15.4215   0.0000   0.0000   0.0000
     536  -1.1628   6.1432  15.2356   0.0000   0.0000   0.0000
     537  -0.8427   5.5087  15.6544   0.0000   0.0000   0.0000
     538  -0.2072   5.4556  15.6148   0.0000   0.0000   0.0000
     539  -0.1862   5.4196  15.2122   0.0000   0.0000   0.0000
     540  -0.3794   5.8942  15.8374   0.0000   0.0000   0.0000
     541  -0.8846   5.1064  14.9508   0.0000   0.0000   0.0000
     542   0.3438   4.6122  15.5531   0.0000   0.0000   0.0000
     543  -0.0240   4.5883  15.0230   0.0000   0.0000   0.0000
     544   0.3711   4.7663  15.1605   0.0000   0.0000   0.0000
     545   0.3978   5.4968  14.7284   0.0000   0.0000   0.0000
     546   1.2948   4.8743  14.6640   0.0000   0.0000   0.0000
     547   0.7897   5.4660  14.8925   0.0000   0.0000   0.0000
     548  -0.2117   5.5741  15.2835   0.0000   0.0000   0.0000
     549   0.2208   4.7068  15.0898   0.0000   0.0000   0.0000
     550   0.1404   5.6383  13.5932   0.0000   0.0000   0.0000
     551   0.7111   4.2464  14.4842   0.0000   0.0000   0.0000
     552   0.4653   5.3549  15.3032   0.0000   0.0000   0.0000
     553   0.1510   5.2690  15.4062   0.0000   0.0000   0.0000
     554   0.4826   4.9820  15.7335   0.0000   0.0000   0.0000
     555   0.2475   5.1580  15.4224   0.0000   0.0000   0.0000
     556  -0.3584   6.0463  15.7263   0.0000   0.0000   0.0000
     557   0.2345   6.1845  16.5106   0.0000   0.0000   0.0000
     558  -0.4909   5.8992  15.5079   0.0000   0.0000   0.0000
     559  -1.4215   4.8361  15.3511   0.0000   0.0000   0.0000
     560  -1.1067   5.7377  15.6074   0.0000   0.0000   0.0000
     561  -0.7611   5.1708  15.0854   0.0000   0.0000   0.0000
     562  -0.4148   5.9977  15.2103   0.0000   0.0000   0.0000
     563  -0.7599   6.1844  15.5212   0.0000   0.0000   0.0000
     564  -0.2753   5.3879  15.7944   0.0000   0.0000   0.0000
     565  -0.2921   5.3558  15.1790   0.0000   0.0000   0.0000
     566  -0.3647   5.0781  15.0070   0.0000   0.0000   0.0000
     567  -1.4234   6.0048  15.2290   0.0000   0.0000   0.0000
     568  -0.4313   5.2108  15.4347   0.0000   0.0000   0.0000
     569  -0.7404   5.4355  15.2183   0.0000   0.0000   0.0000
     570  -1.0594   5.2534  15.1481   0.0000   0.0000   0.0000
     571   0.0655   5.9589  15.7968   0.0000   0.0000   0.0000
     572  -0.3648   6.7298  15.6657   0.0000   0.0000   0.0000
     573  -0.4040   5.6873  16.2866   0.0000   0.0000   0.0000
     574  -0.1226   5.3714  16.4920   0.0000   0.0000   0.0000
     575   0.4787   6.0772  15.9330   0.0000   0.0000   0.0000
     576   0.0486   5.8993  15.8021   0.0000   0.0000   0.0000
     577  -0.4755   5.2071  14.9580   0.0000   0.0000   0.0000
     578   0.6409   5.8414  15.2074   0.0000   0.0000   0.0000
     579   0.1517   6.0678  14.3039   0.0000   0.0000   0.0000
     580  -0.0607   6.0338  14.5103   0.0000   0.0000   0.0000
     581   0.3120   5.3638  15.3734   0.0000   0.0000   0.0000
     582   1.4008   6.2016  15.0351   0.0000   0.0000   0.0000
     583   1.2904   6.7470  15.0159   0.0000   0.0000   0.0000
     584   0.9774   6.6675  14.1976   0.0000   0.0000   0.0000
     585   1.1869   6.0640  13.9744   0.0000   0.0000   0.0000
     586   2.0233   5.6915  14.1841   0.0000   0.0000   0.0000
     587   1.7990   6.5640  15.1832   0.0000   0.0000   0.0000
     588   2.2884   5.7606  14.1028   0.0000   0.0000   0.0000
     589   1.6928   5.5203  13.5812   0.0000   0.0000   0.0000
     590   2.4724   5.2103  14.3764   0.0000   0.0000   0.0000
     591   2.0046   5.0000  13.6605   0.0000   0.0000   0.0000
     592   1.9225   5.1798  14.1180   0.0000   0.0000   0.0000
     593   1.2655   5.7839  13.8655   0.0000   0.0000   0.0000
     594   1.9372   5.5965  13.7560   0.0000   0.0000   0.0000
     595   1.2868   6.0207  13.6885   0.0000   0.0000   0.0000
     596   0.1569   5.5713  14.0663   0.0000   0.0000   0.0000
     597   0.5287   5.2424  13.6734   0.0000   0.0000   0.0000
     598   0.8932   5.5228  14.0947   0.0000   0.0000   0.0000
     599   1.0285   6.4480  13.6814   0.0000   0.0000   0.0000
     600   0.7430   5.5885  14.5465   0.0000   0.0000   0.0000
     601   1.1148   5.8506  14.5418   0.0000   0.0000   0.0000
     602   1.1386   5.4587  15.4684   0.0000   0.0000   0.0000
     603   0.6297   6.3928  14.7752   0.0000   0.0000   0.0000
     604   1.5789   6.4561  14.3797   0.0000   0.0000   0.0000
     605   1.8596   6.8722  14.7544   0.0000   0.0000   0.0000
     606   0.9772   6.6666  14.4439   0.0000   0.0000   0.0000
     607   1.1116   6.2169  14.0518   0.0000   0.0000   0.0000
     608   0.7626   5.8276  13.4637   0.0000   0.0000   0.0000
     609   0.9070   5.4504  13.7946   0.0000   0.0000   0.0000
     610   0.9212   5.9423  13.6634   0.0000   0.0000   0.0000
     611   1.2271   6.1714  13.4988   0.0000   0.0000   0.0000
     612   0.4944   6.2841  12.9093   0.0000   0.0000   0.0000
     613   1.1937   6.1042  13.5050   0.0000   0.0000   0.0000
     614   1.1660   5.6323  14.3252   0.0000   0.0000   0.0000
     615   1.4640   6.9200  14.0912   0.0000   0.0000   0.0000
     616   1.7326   6.9778  14.2167   0.0000   0.0000   0.0000
     617   0.9196   6.1799  14.7521   0.0000   0.0000   0.0000
     618   0.7172   6.3849  13.0726   0.0000   0.0000   0.0000
     619   0.7436   7.1352  13.9479   0.0000   0.0000   0.0000
     620   0.3651   6.7231  13.6298   0.0000   0.0000   0.0000
     621   0.1114   6.3634  13.9135   0.0000   0.0000   0.0000
     622  -0.4165   6.0686  13.1659   0.0000   0.0000   0.0000
     623   0.3820   6.3211  13.5424   0.0000   0.0000   0.0000
     624   0.9518   6.1663  13.8709   0.0000   0.0000   0.0000
     625   1.9813   7.1514  13.0822   0.0000   0.0000   0.0000
     626   0.4860   7.4073  13.2587   0.0000   0.0000   0.0000
     627   0.5364   6.7469  14.0414   0.0000   0.0000   0.0000
     628   0.7265   6.4276  13.9155   0.0000   0.0000   0.0000
     629   0.6607   7.1363  14.5549   0.0000   0.0000   0.0000
     630   0.2612   6.6995  13.3936   0.0000   0.0000   0.0000
     631   0.9396   7.3435  14.1082   0.0000   0.0000   0.0000
     632   0.6823   6.9063  14.7577   0.0000   0.0000   0.0000
     633   1.0958   7.2662  13.8541   0.0000   0.0000   0.0000
     634   0.2879   7.0328  13.8652   0.0000   0.0000   0.0000
     635   0.4615   7.2896  13.9653   0.0000   0.0000   0.0000
     636   0.6664   7.1665  15.3564   0.0000   0.0000   0.0000
     637   0.5683   6.6451  14.5004   0.0000   0.0000   0.0000
     638  -0.5259   6.0223  15.0595   0.0000   0.0000   0.0000
     639  -0.5845   5.5950  15.0192   0.0000   0.0000   0.0000
     640  -0.5789   6.6257  14.5724   0.0000   0.0000   0.0000
     641   0.0859   5.9959  14.8468   0.0000   0.0000   0.0000
     642   0.1312   6.9491  14.3471   0.0000   0.0000   0.0000
     643   0.5247   6.9074  14.8706   0.0000   0.0000   0.0000
     644   0.6857   6.9878  15.4272   0.0000   0.0000   0.0000
     645   0.8102   6.7330  14.1068   0.0000   0.0000   0.0000
     646   0.2660   6.5275  14.8510   0.0000   0.0000   0.0000
     647  -0.5426   5.6217  15.1693   0.0000   0.0000   0.0000
     648   0.5305   6.6787  14.2679   0.0000   0.0000   0.0000
     649   0.8172   5.8110  14.1977   0.0000   0.0000   0.0000
     650   0.5081   6.2132  14.0866   0.0000   0.0000   0.0000
     651   0.4272   6.7882  14.0727   0.0000   0.0000   0.0000
     652   0.0683   6.0857  13.6468   0.0000   0.0000   0.0000
     653  -0.3735   6.7881  13.1749   0.0000   0.0000   0.0000
     654  -0.4542   6.4957  12.9118   0.0000   0.0000   0.0000
     655   0.7193   6.4698  13.0195   0.0000   0.0000   0.0000
     656   0.0582   6.3795  12.7353   0.0000   0.0000   0.0000
     657   1.4972   7.8383  12.9702   0.0000   0.0000   0.0000
     658   1.0476   7.2212  12.8434   0.0000   0.0000   0.0000
     659   1.6586   6.3515  13.1692   0.0000   0.0000   0.0000
     660   1.0047   5.6493  12.8754   0.0000   0.0000   0.0000
     661   1.1891   5.9496  13.2359   0.0000   0.0000   0.0000
     662   1.4549   6.7835  12.8345   0.0000   0.0000   0.0000
     663   1.8802   7.0932  12.2485   0.0000   0.0000   0.0000
     664   1.1929   7.0327  13.7636   0.0000   0.0000   0.0000
     665   1.8282   7.0050  13.9651   0.0000   0.0000   0.0000
     666   1.4196   7.0067  13.3833   0.0000   0.0000   0.0000
     667   1.5533   6.8476  14.3623   0.0000   0.0000   0.0000
     668   2.0207   6.2866  13.1246   0.0000   0.0000   0.0000
     669   1.0619   6.6896  13.2638   0.0000   0.0000   0.0000
     670   0.6600   7.4238  12.4636   0.0000   0.0000   0.0000
     671   1.6286   6.8234  12.1117   0.0000   0.0000   0.0000
     672   1.5970   7.2792  12.7685   0.0000   0.0000   0.0000
     673   1.0728   7.7944  13.0360   0.0000   0.0000   0.0000
     674   0.8222   6.7047  13.5508   0.0000   0.0000   0.0000
     675   0.8969   6.3585  13.6409   0.0000   0.0000   0.0000
     676   1.2676   6.6208  13.5222   0.0000   0.0000   0.0000
     677   0.6917   7.5974  13.4445   0.0000   0.0000   0.0000
     678   0.5612   7.0229  13.6568   0.0000   0.0000   0.0000
     679   0.7547   6.9483  13.2481   0.0000   0.0000   0.0000
     680   0.5380   6.4307  13.8697   0.0000   0.0000   0.0000
     681  -0.2491   6.8702  13.0102   0.0000   0.0000   0.0000
     682   0.6985   7.5163  13.3987   0.0000   0.0000   0.0000
     683   0.5593   7.2401  12.9738   0.0000   0.0000   0.0000
     684   0.4719   7.2002  13.4233   0.0000   0.0000   0.0000
     685   0.6206   6.9352  13.4080   0.0000   0.0000   0.0000
     686   0.7466   7.0999  13.9177   0.0000   0.0000   0.0000
     687   0.6145   7.8203  13.1353   0.0000   0.0000   0.0000
     688   0.5334   7.5406  13.6283   0.0000   0.0000   0.0000
     689  -0.4322   7.6012  12.4876   0.0000   0.0000   0.0000
     690  -0.9545   7.7517  13.4937   0.0000   0.0000   0.0000
     691  -0.2684   7.2165  12.6868   0.0000   0.0000   0.0000
     692  -0.2368   7.7018  13.0181   0.0000   0.0000   0.0000
     693   0.2369   7.2323  12.9662   0.0000   0.0000   0.0000
     694   0.5669   7.9562  13.0639   0.0000   0.0000   0.0000
     695   0.2100   8.1821  13.4200   0.0000   0.0000   0.0000
     696   0.4589   7.9144  13.4416   0.0000   0.0000   0.0000
     697   0.3458   7.9219  13.4234   0.0000   0.0000   0.0000
     698   0.4762   7.4030  13.3857   0.0000   0.0000   0.0000
     699   0.0134   8.5188  12.8994   0.0000   0.0000   0.0000
     700   0.2622   7.7203  12.9951   0.0000   0.0000   0.0000
     701   0.6401   7.4462  13.8446   0.0000   0.0000   0.0000
     702   0.3710   6.8803  12.9285   0.0000   0.0000   0.0000
     703   0.6670   6.6573  13.2842   0.0000   0.0000   0.0000
     704   0.6489   6.6634  13.2862   0.0000   0.0000   0.0000
     705   0.7373   7.9310  12.1982   0.0000   0.0000   0.0000
     706   0.2023   7.5367  12.4208   0.0000   0.0000   0.0000
     707   0.5477   6.8877  12.6765   0.0000   0.0000   0.0000
     708   0.8796   6.8244  12.1848   0.0000   0.0000   0.0000
     709   0.7373   7.1893  12.9372   0.0000   0.0000   0.0000
     710   0.9534   6.5360  12.7759   0.0000   0.0000   0.0000
     711   0.0309   7.2594  11.7748   0.0000   0.0000   0.0000
     712  -0.0632   8.4826  12.6141   0.0000   0.0000   0.0000
     713  -1.1512   8.3878  12.6389   0.0000   0.0000   0.0000
     714  -0.1865   7.9299  12.2550   0.0000   0.0000   0.0000
     715  -1.1312   8.7501  12.2792   0.0000   0.0000   0.0000
     716  -0.2402   7.5267  12.3169   0.0000   0.0000   0.0000
     717   0.1864   7.5119  12.9865   0.0000   0.0000   0.0000
     718   0.0187   7.5726  12.4161   0.0000   0.0000   0.0000
     719   0.2716   8.3861  11.8722   0.0000   0.0000   0.0000
     720   0.2355   7.7735  12.4754   0.0000   0.0000   0.0000
     721   1.1756   7.2389  12.3075   0.0000   0.0000   0.0000
     722   0.4168   7.0076  12.9127   0.0000   0.0000   0.0000
     723  -0.0158   6.9504  13.1234   0.0000   0.0000   0.0000
     724   0.6957   8.1670  14.5793   0.0000   0.0000   0.0000
     725   1.1332   7.1463  14.1279   0.0000   0.0000   0.0000
     726   0.7811   8.1614  13.8743   0.0000   0.0000   0.0000
     727   1.1090   6.7752  13.8041   0.0000   0.0000   0.0000
     728   0.3666   6.3093  13.8799   0.0000   0.0000   0.0000
     729   0.5637   6.7846  14.1127   0.0000   0.0000   0.0000
     730   1.1598   6.5779  13.4871   0.0000   0.0000   0.0000
     731   0.7814   6.2656  13.5158   0.0000   0.0000   0.0000
     732   0.0036   5.9155  13.6728   0.0000   0.0000   0.0000
     733   0.2478   6.8099  13.4725   0.0000   0.0000   0.0000
     734   0.0793   6.9885  12.9679   0.0000   0.0000   0.0000
     735   1.1105   6.8148  13.3648   0.0000   0.0000   0.0000
     736   0.7894   7.0048  14.4153   0.0000   0.0000   0.0000
     737   1.8324   7.0757  13.8535   0.0000   0.0000   0.0000
     738   0.8477   6.3758  14.5504   0.0000   0.0000   0.0000
     739   1.5131   6.6939  13.7745   0.0000   0.0000   0.0000
     740   1.8089   6.7610  14.6138   0.0000   0.0000   0.0000
     741   1.4193   6.9741  14.1003   0.0000   0.0000   0.0000
     742   0.9761   6.9384  13.4971   0.0000   0.0000   0.0000
     743   0.5727   6.9496  12.9609   0.0000   0.0000   0.0000
     744   0.0944   7.4015  12.3357   0.0000   0.0000   0.0000
     745  -0.1637   7.0947  12.8177   0.0000   0.0000   0.0000
     746   0.6214   7.4486  13.1816   0.0000   0.0000   0.0000
     747   0.8967   7.7906  13.6556   0.0000   0.0000   0.0000
     748   0.5099   7.7345  13.4636   0.0000   0.0000   0.0000
     749   0.3480   7.6376  13.2464   0.0000   0.0000   0.0000
     750   1.0390   7.2819  12.8371   0.0000   0.0000   0.0000
     751   0.1891   7.4497  13.1506   0.0000   0.0000   0.0000
     752   0.1824   6.8773  13.3537   0.0000   0.0000   0.0000
     753   0.4767   6.9878  13.4870   0.0000   0.0000   0.0000
     754   0.3665   6.4738  14.2131   0.0000   0.0000   0.0000
     755   0.6338   6.8305  13.5857   0.0000   0.0000   0.0000
     756  -0.0432   6.8258  13.6134   0.0000   0.0000   0.0000
     757  -0.1480   6.7899  13.3336   0.0000   0.0000   0.0000
     758   0.3423   7.1021  12.7728   0.0000   0.0000   0.0000
     759   0.9316   7.0928  12.5496   0.0000   0.0000   0.0000
     760   1.0701   7.4388  13.4311   0.0000   0.0000   0.0000
     761   1.5298   7.4259  13.7086   0.0000   0.0000   0.0000
     762   0.9649   7.6846  13.4475   0.0000   0.0000   0.0000
     763   0.9023   7.1804  13.4724   0.0000   0.0000   0.0000
     764   0.4783   7.1953  13.4965   0.0000   0.0000   0.0000
     765   0.8902   7.0554  13.0268   0.0000   0.0000   0.0000
     766   0.2564   7.6254  12.9842   0.0000   0.0000   0.0000
     767   2.0537   6.9067  13.0788   0.0000   0.0000   0.0000
     768   1.5824   6.9874  13.8600   0.0000   0.0000   0.0000
     769   1.5809   5.9254  13.2811   0.0000   0.0000   0.0000
     770   1.7132   6.6601  13.5466   0.0000   0.0000   0.0000
     771   2.1011   6.6804  14.4266   0.0000   0.0000   0.0000
     772   1.7257   7.0406  13.8980   0.0000   0.0000   0.0000
     773   1.9590   6.2913  13.8464   0.0000   0.0000   0.0000
     774   1.4568   6.9075  13.3829   0.0000   0.0000   0.0000
     775   2.8046   6.8615  13.5994   0.0000   0.0000   0.0000
     776   2.3316   6.8857  13.8509   0.0000   0.0000   0.0000
     777   1.4409   7.6881  12.8113   0.0000   0.0000   0.0000
     778   0.4794   7.0172  13.1735   0.0000   0.0000   0.0000
     779   1.5034   7.1751  13.6955   0.0000   0.0000   0.0000
     780   2.2848   6.4928  13.4518   0.0000   0.0000   0.0000
     781   1.2722   7.7335  14.1267   0.0000   0.0000   0.0000
     782   0.7175   7.7875  13.0317   0.0000   0.0000   0.0000
     783   2.1631   7.7226  12.9346   0.0000   0.0000   0.0000
     784   1.4006   7.6982  13.2522   0.0000   0.0000   0.0000
     785   1.7292   7.3168  12.9823   0.0000   0.0000   0.0000
     786   1.4663   6.5630  13.7514   0.0000   0.0000   0.0000
     787   1.4500   6.8905  13.4399   0.0000   0.0000   0.0000
     788   1.6054   6.8937  13.5701   0.0000   0.0000   0.0000
     789   1.6975   7.1810  13.4559   0.0000   0.0000   0.0000
     790   2.3760   7.6629  13.2660   0.0000   0.0000   0.0000
     791   2.2684   8.0433  13.4314   0.0000   0.0000   0.0000
     792   2.3927   7.5285  13.5088   0.0000   0.0000   0.0000
     793   2.3790   7.1295  12.6616   0.0000   0.0000   0.0000
     794   1.6395   7.0523  13.5347   0.0000   0.0000   0.0000
     795   1.2570   7.1680  12.9696   0.0000   0.0000   0.0000
     796   1.3824   7.4167  12.7785   0.0000   0.0000   0.0000
     797   1.3528   7.4506  13.5426   0.0000   0.0000   0.0000
     798   1.3095   6.8511  13.7552   0.0000   0.0000   0.0000
     799   2.7699   6.8514  13.4938   0.0000   0.0000   0.0000
     800   2.5551   6.9335  12.9613   0.0000   0.0000   0.0000
     801   2.0961   7.7062  13.5265   0.0000   0.0000   0.0000
     802   2.2267   7.5943  13.5698   0.0000   0.0000   0.0000
     803   2.1366   7.2465  14.0982   0.0000   0.0000   0.0000
     804   2.2467   7.2677  14.7917   0.0000   0.0000   0.0000
     805   2.6375   7.1758  13.8607   0.0000   0.0000   0.0000
     806   2.4326   6.2724  12.8099   0.0000   0.0000   0.0000
     807   2.0859   6.2658  13.6062   0.0000   0.0000   0.0000
     808   3.2316   6.6392  12.9772   0.0000   0.0000   0.0000
     809   3.6804   6.9935  13.5923   0.0000   0.0000   0.0000
     810   2.5163   6.7229  12.8987   0.0000   0.0000   0.0000
     811   2.8049   6.9846  13.0558   0.0000   0.0000   0.0000
     812   2.8195   7.4854  13.7001   0.0000   0.0000   0.0000
     813   2.8547   7.5165  13.3465   0.0000   0.0000   0.0000
     814   3.1866   7.5697  13.2312   0.0000   0.0000   0.0000
     815   3.8299   8.1181  13.4988   0.0000   0.0000   0.0000
     816   3.1536   6.8116  13.0191   0.0000   0.0000   0.0000
     817   3.2336   7.2206  13.3890   0.0000   0.0000   0.0000
     818   3.4832   6.4492  13.4462   0.0000   0.0000   0.0000
     819   3.1678   7.0272  13.2160   0.0000   0.0000   0.0000
     820   3.0573   6.9201  12.8408   0.0000   0.0000   0.0000
     821   2.6797   6.1131  13.5847   0.0000   0.0000   0.0000
     822   1.8745   6.4093  14.3773   0.0000   0.0000   0.0000
     823   2.1488   6.4772  14.3258   0.0000   0.0000   0.0000
     824   3.4228   6.6673  15.0742   0.0000   0.0000   0.0000
     825   2.7582   7.2432  14.6005   0.0000   0.0000   0.0000
     826   3.2442   6.2425  14.0186   0.0000   0.0000   0.0000
     827   2.4752   6.8233  13.6992   0.0000   0.0000   0.0000
     828   2.4987   6.7358  14.1809   0.0000   0.0000   0.0000
     829   2.9188   6.1735  14.1115   0.0000   0.0000   0.0000
     830   2.9271   6.2973  14.3231   0.0000   0.0000   0.0000
     831   3.2900   6.0936  15.0587   0.0000   0.0000   0.0000
     832   2.6824   6.1236  14.1125   0.0000   0.0000   0.0000
     833   2.2951   5.8899  14.6843   0.0000   0.0000   0.0000
     834   2.1972   5.5608  14.8665   0.0000   0.0000   0.0000
     835   3.4066   6.1121  14.9632   0.0000   0.0000   0.0000
     836   3.1276   6.1945  15.0281   0.0000   0.0000   0.0000
     837   2.5754   6.5535  14.3345   0.0000   0.0000   0.0000
     838   2.6146   6.4764  14.2143   0.0000   0.0000   0.0000
     839   2.3073   6.5192  13.8519   0.0000   0.0000   0.0000
     840   2.7189   5.6267  14.3033   0.0000   0.0000   0.0000
     841   2.7557   6.1390  14.5407   0.0000   0.0000   0.0000
     842   3.2968   6.2389  13.8519   0.0000   0.0000   0.0000
     843   3.0987   6.8368  14.5920   0.0000   0.0000   0.0000
     844   3.7759   6.0515  14.1369   0.0000   0.0000   0.0000
     845   3.6992   6.2549  14.3840   0.0000   0.0000   0.0000
     846   2.1734   5.6058  13.6657   0.0000   0.0000   0.0000
     847   2.3768   6.1087  13.8402   0.0000   0.0000   0.0000
     848   2.4046   6.0025  14.3385   0.0000   0.0000   0.0000
     849   2.8761   5.8165  14.4521   0.0000   0.0000   0.0000
     850   2.8746   5.5925  14.7025   0.0000   0.0000   0.0000
     851   2.8830   6.8017  14.7663   0.0000   0.0000   0.0000
     852   3.1409   6.8332  14.3194   0.0000   0.0000   0.0000
     853   3.5283   6.5179  15.5261   0.0000   0.0000   0.0000
     854   3.6739   7.2806  15.9629   0.0000   0.0000   0.0000
     855   3.8319   7.1729  14.9300   0.0000   0.0000   0.0000
     856   3.3695   6.1763  15.3197   0.0000   0.0000   0.0000
     857   2.9793   6.4380  14.7549   0.0000   0.0000   0.0000
     858   2.5320   6.4450  15.4723   0.0000   0.0000   0.0000
     859   2.1271   5.7500  14.8848   0.0000   0.0000   0.0000
     860   1.7849   5.7817  15.6002   0.0000   0.0000   0.0000
     861   1.8645   6.2821  15.1389   0.0000   0.0000   0.0000
     862   2.1385   6.5579  16.0995   0.0000   0.0000   0.0000
     863   2.5320   5.4628  15.8428   0.0000   0.0000   0.0000
     864   1.9882   6.0624  15.5066   0.0000   0.0000   0.0000
     865   2.8484   5.8723  16.1972   0.0000   0.0000   0.0000
     866   3.2301   6.0526  16.5639   0.0000   0.0000   0.0000
     867   3.8299   6.5872  16.3162   0.0000   0.0000   0.0000
     868   3.6845   6.3634  15.7442   0.0000   0.0000   0.0000
     869   1.7194   6.6958  16.2692   0.0000   0.0000   0.0000
     870   2.4778   6.0245  15.4955   0.0000   0.0000   0.0000
     871   2.8413   7.3858  15.7037   0.0000   0.0000   0.0000
     872   3.1505   7.6342  15.9112   0.0000   0.0000   0.0000
     873   3.3460   7.5164  15.9255   0.0000   0.0000   0.0000
     874   2.8261   7.6254  15.8087   0.0000   0.0000   0.0000
     875   2.0166   7.8996  15.7856   0.0000   0.0000   0.0000
     876   2.0218   7.5934  16.1884   0.0000   0.0000   0.0000
     877   2.9584   7.5525  16.0075   0.0000   0.0000   0.0000
     878   2.2997   7.0623  15.4549   0.0000   0.0000   0.0000
     879   2.6946   6.6973  16.3137   0.0000   0.0000   0.0000
     880   2.0860   7.7327  15.9605   0.0000   0.0000   0.0000
     881   2.3892   6.9444  16.1924   0.0000   0.0000   0.0000
     882   2.6512   7.6457  15.6024   0.0000   0.0000   0.0000
     883   3.0209   6.3966  16.3476   0.0000   0.0000   0.0000
     884   3.8869   6.6683  16.2740   0.0000   0.0000   0.0000
     885   2.6939   7.2935  16.1445   0.0000   0.0000   0.0000
     886   3.2921   6.7075  15.5464   0.0000   0.0000   0.0000
     887   2.7526   6.3715  16.1275   0.0000   0.0000   0.0000
     888   2.9355   6.9219  16.6186   0.0000   0.0000   0.0000
     889   2.4347   6.3041  15.8873   0.0000   0.0000   0.0000
     890   3.3714   5.9184  16.0987   0.0000   0.0000   0.0000
     891   2.6249   6.5594  16.2924   0.0000   0.0000   0.0000
     892   3.0394   6.8715  16.0215   0.0000   0.0000   0.0000
     893   3.4495   6.2283  15.4769   0.0000   0.0000   0.0000
     894   3.5978   6.1196  15.4661   0.0000   0.0000   0.0000
     895   4.0030   6.0591  15.7121   0.0000   0.0000   0.0000
     896   3.7254   6.2857  15.4540   0.0000   0.0000   0.0000
     897   4.6444   6.6159  15.2785   0.0000   0.0000   0.0000
     898   3.9617   6.6512  15.6489   0.0000   0.0000   0.0000
     899   4.2473   6.8610  16.1177   0.0000   0.0000   0.0000
     900   3.3951   6.6476  15.5418   0.0000   0.0000   0.0000
     901   2.9596   6.2305  16.0766   0.0000   0.0000   0.0000
     902   3.3115   6.9994  16.3741   0.0000   0.0000   0.0000
     903   3.7623   7.3451  16.6662   0.0000   0.0000   0.0000
     904   3.0586   7.2489  16.9006   0.0000   0.0000   0.0000
     905   3.7169   7.5798  16.7935   0.0000   0.0000   0.0000
     906   3.9001   6.3312  16.9982   0.0000   0.0000   0.0000
     907   4.3170   7.4730  16.3681   0.0000   0.0000   0.0000
     908   3.2934   7.1428  16.6566   0.0000   0.0000   0.0000
     909   3.1701   7.0464  16.1543   0.0000   0.0000   0.0000
     910   3.8961   7.3251  16.2899   0.0000   0.0000   0.0000
     911   3.2642   7.2111  16.3232   0.0000   0.0000   0.0000
     912   3.4118   7.3791  16.1774   0.0000   0.0000   0.0000
     913   3.2685   7.6746  15.7724   0.0000   0.0000   0.0000
     914   3.2894   7.3152  16.0862   0.0000   0.0000   0.0000
     915   2.9358   7.5500  16.2705   0.0000   0.0000   0.0000
     916   3.9496   6.9782  15.7697   0.0000   0.0000   0.0000
     917   3.4545   6.6390  15.1651   0.0000   0.0000   0.0000
     918   3.5950   6.7695  15.3484   0.0000   0.0000   0.0000
     919   2.9793   7.2249  15.6238   0.0000   0.0000   0.0000
     920   2.6263   7.5127  15.4243   0.0000   0.0000   0.0000
     921   3.1484   7.5556  14.6149   0.0000   0.0000   0.0000
     922   3.3008   6.8276  15.0783   0.0000   0.0000   0.0000
     923   2.8650   7.1158  14.7311   0.0000   0.0000   0.0000
     924   3.2893   7.6324  14.3346   0.0000   0.0000   0.0000
     925   3.2558   6.8702  14.6026   0.0000   0.0000   0.0000
     926   2.7432   7.9774  13.9422   0.0000   0.0000   0.0000
     927   2.7609   7.1946  14.2746   0.0000   0.0000   0.0000
     928   3.1941   6.7547  14.5671   0.0000   0.0000   0.0000
     929   2.8661   7.5445  13.5414   0.0000   0.0000   0.0000
     930   3.6186   7.2057  14.1038   0.0000   0.0000   0.0000
     931   3.4975   6.7466  14.4986   0.0000   0.0000   0.0000
     932   3.5979   7.1522  14.6063   0.0000   0.0000   0.0000
     933   3.9400   7.2035  15.1349   0.0000   0.0000   0.0000
     934   3.2330   7.5482  14.6446   0.0000   0.0000   0.0000
     935   3.8368   6.6692  15.4606   0.0000   0.0000   0.0000
     936   3.4906   6.4183  15.6712   0.0000   0.0000   0.0000
     937   3.9691   5.9134  14.6440   0.0000   0.0000   0.0000
     938   3.5038   6.4874  15.2824   0.0000   0.0000   0.0000
     939   4.0169   6.6135  15.9560   0.0000   0.0000   0.0000
     940   3.0563   6.0529  15.5469   0.0000   0.0000   0.0000
     941   3.6199   5.8932  15.6842   0.0000   0.0000   0.0000
     942   3.3000   7.3135  15.4576   0.0000   0.0000   0.0000
     943   4.0868   6.6761  14.9909   0.0000   0.0000   0.0000
     944   4.1048   5.5230  15.1524   0.0000   0.0000   0.0000
     945   2.7650   6.3168  14.3503   0.0000   0.0000   0.0000
     946   3.0512   6.1393  14.3479   0.0000   0.0000   0.0000
     947   3.5151   6.1634  14.1826   0.0000   0.0000   0.0000
     948   3.3024   6.4459  14.0493   0.0000   0.0000   0.0000
     949   2.7316   6.3973  14.3680   0.0000   0.0000   0.0000
     950   2.9466   6.7783  13.7771   0.0000   0.0000   0.0000
     951   3.0530   6.7987  13.5111   0.0000   0.0000   0.0000
     952   3.1759   6.7066  14.3082   0.0000   0.0000   0.0000
     953   2.4632   6.2064  14.5347   0.0000   0.0000   0.0000
     954   3.5878   7.2703  14.7511   0.0000   0.0000   0.0000
     955   4.1381   6.7527  15.4211   0.0000   0.0000   0.0000
     956   3.0444   7.5349  14.8254   0.0000   0.0000   0.0000
     957   3.0299   7.2051  14.7902   0.0000   0.0000   0.0000
     958   3.5437   7.4083  14.5069   0.0000   0.0000   0.0000
     959   2.5055   7.0552  14.3201   0.0000   0.0000   0.0000
     960   2.4329   7.2846  14.8623   0.0000   0.0000   0.0000
     961   2.7764   7.1861  15.4802   0.0000   0.0000   0.0000
     962   2.6725   7.7245  15.2475   0.0000   0.0000   0.0000
     963   1.8742   7.3270  14.9015   0.0000   0.0000   0.0000
     964   2.5384   7.4553  15.0270   0.0000   0.0000   0.0000
     965   2.8781   7.1095  15.9561   0.0000   0.0000   0.0000
     966   4.0322   6.8048  14.1699   0.0000   0.0000   0.0000
     967   3.6722   7.4303  15.2338   0.0000   0.0000   0.0000
     968   3.8585   7.3433  14.9075   0.0000   0.0000   0.0000
     969   2.4850   7.8744  15.1341   0.0000   0.0000   0.0000
     970   3.1520   7.6714  14.6090   0.0000   0.0000   0.0000
     971   3.0630   7.0074  14.0884   0.0000   0.0000   0.0000
     972   3.1271   6.5761  13.7762   0.0000   0.0000   0.0000
     973   3.6964   6.3418  14.1535   0.0000   0.0000   0.0000
     974   2.3760   6.1917  14.3922   0.0000   0.0000   0.0000
     975   2.2160   6.7182  14.7328   0.0000   0.0000   0.0000
     976   2.5629   6.3885  15.4654   0.0000   0.0000   0.0000
     977   1.8711   6.0670  15.3502   0.0000   0.0000   0.0000
     978   1.6478   6.8282  15.7207   0.0000   0.0000   0.0000
     979   2.3567   6.5588  15.5000   0.0000   0.0000   0.0000
     980   2.8659   5.7155  15.0281   0.0000   0.0000   0.0000
     981   3.5369   6.4266  14.9485   0.0000   0.0000   0.0000
     982   2.8431   6.3493  14.7924   0.0000   0.0000   0.0000
     983   2.8609   6.7920  14.5627   0.0000   0.0000   0.0000
     984   2.9345   7.2209  14.6472   0.0000   0.0000   0.0000
     985   2.7164   6.3985  13.9730   0.0000   0.0000   0.0000
     986   3.7711   6.7705  14.8291   0.0000   0.0000   0.0000
     987   3.5297   7.2925  14.1769   0.0000   0.0000   0.0000
     988   3.9711   7.1806  14.4792   0.0000   0.0000   0.0000
     989   2.7909   7.2839  14.8883   0.0000   0.0000   0.0000
     990   3.3910   7.6532  14.8848   0.0000   0.0000   0.0000
     991   3.3693   7.3481  14.7535   0.0000   0.0000   0.0000
     992   3.3499   7.1419  15.1378   0.0000   0.0000   0.0000
     993   3.5950   6.3133  14.7989   0.0000   0.0000   0.0000
     994   2.5793   6.9908  14.1719   0.0000   0.0000   0.0000
     995   3.4101   6.9132  14.4685   0.0000   0.0000   0.0000
     996   2.2831   7.5484  14.3273   0.0000   0.0000   0.0000
     997   3.2167   7.4471  14.2326   0.0000   0.0000   0.0000
     998   2.4105   6.5944  14.5097   0.0000   0.0000   0.0000
     999   2.0901   7.1220  14.1915   0.0000   0.0000   0.0000
    1000   2.0779   7.5949  13.7613   0.0000   0.0000   0.0000
    1001   2.6381   7.2051  14.7953   0.0000   0.0000   0.0000
    1002   2.9007   7.3531  13.4731   0.0000   0.0000   0.0000
    1003   2.7402   6.8420  13.6838   0.0000   0.0000   0.0000
    1004   3.1377   7.0957  14.0939   0.0000   0.0000   0.0000
    1005   3.0019   7.5976  14.1498   0.0000   0.0000   0.0000
    1006   2.7194   7.6674  13.9214   0.0000   0.0000   0.0000
    1007   2.9957   7.7888  13.3742   0.0000   0.0000   0.0000
    1008   3.3851   8.1925  13.9964   0.0000   0.0000   0.0000
    1009   2.8527   7.7845  13.9982   0.0000   0.0000   0.0000
    1010   3.3023   7.5930  13.2259   0.0000   0.0000   0.0000
    1011   3.0772   7.7655  13.9643   0.0000   0.0000   0.0000
    1012   2.5922   7.3758  14.3510   0.0000   0.0000   0.0000
    1013   2.1956   7.0233  13.6693   0.0000   0.0000   0.0000
    1014   2.6595   6.9864  13.9974   0.0000   0.0000   0.0000
    1015   2.6658   7.3195  14.7199   0.0000   0.0000   0.0000
    1016   3.4756   6.9895  14.4740   0.0000   0.0000   0.0000
    1017   3.5436   6.9736  13.8349   0.0000   0.0000   0.0000
    1018   3.0394   6.6994  14.1320   0.0000   0.0000   0.0000
    1019   3.3416   6.6253  14.4095   0.0000   0.0000   0.0000
    1020   3.1576   6.6085  14.3710   0.0000   0.0000   0.0000
    1021   3.1410   6.8579  13.9734   0.0000   0.0000   0.0000
    1022   3.3367   6.7803  13.1668   0.0000   0.0000   0.0000
    1023   3.0563   6.5737  12.4690   0.0000   0.0000   0.0000
    1024   3.0096   6.8192  12.6415   0.0000   0.0000   0.0000
    1025   3.2607   7.2424  11.8455   0.0000   0.0000   0.0000
    1026   2.6865   7.4659  12.0496   0.0000   0.0000   0.0000
    1027   1.5183   6.9607  12.1402   0.0000   0.0000   0.0000
    1028   1.4647   7.9002  12.4820   0.0000   0.0000   0.0000
    1029   2.0462   7.3973  12.3477   0.0000   0.0000   0.0000
    1030   2.3918   7.5318  12.7195   0.0000   0.0000   0.0000
    1031   2.3198   7.2234  13.4924   0.0000   0.0000   0.0000
    1032   2.0463   6.3007  12.8376   0.0000   0.0000   0.0000
    1033   1.9104   7.0188  13.1523   0.0000   0.0000   0.0000
    1034   2.0664   6.3400  13.5166   0.0000   0.0000   0.0000
    1035   2.7213   6.2061  14.2410   0.0000   0.0000   0.0000
    1036   2.2956   6.0065  13.3599   0.0000   0.0000   0.0000
    1037   2.2333   7.3311  13.1842   0.0000   0.0000   0.0000
    1038   1.6749   7.1362  13.4816   0.0000   0.0000   0.0000
    1039   2.2043   7.6420  12.9384   0.0000   0.0000   0.0000
    1040   1.1020   7.0145  13.7814   0.0000   0.0000   0.0000
    1041   1.9608   7.4089  13.2301   0.0000   0.0000   0.0000
    1042   1.1693   8.1119  13.0025   0.0000   0.0000   0.0000
    1043   1.0114   8.3373  13.0059   0.0000   0.0000   0.0000
    1044   1.1265   8.5566  12.4782   0.0000   0.0000   0.0000
    1045   2.1482   8.6052  12.7932   0.0000   0.0000   0.0000
    1046   2.4546   8.5531  12.8393   0.0000   0.0000   0.0000
    1047   2.5943   9.9173  12.9024   0.0000   0.0000   0.0000
    1048   2.2529   8.2957  12.8425   0.0000   0.0000   0.0000
    1049   1.5246   8.0596  13.1744   0.0000   0.0000   0.0000
    1050   2.4704   8.5775  13.7182   0.0000   0.0000   0.0000
    1051   0.9955   8.2700  13.1987   0.0000   0.0000   0.0000
    1052   2.6237   8.7604  14.0653   0.0000   0.0000   0.0000
    1053   2.2822   7.8131  13.5948   0.0000   0.0000   0.0000
    1054   1.3755   8.8107  14.0954   0.0000   0.0000   0.0000
    1055   1.2495   8.3932  13.4534   0.0000   0.0000   0.0000
    1056   1.3053   8.7579  13.2146   0.0000   0.0000   0.0000
    1057   0.9896   8.6044  13.3135   0.0000   0.0000   0.0000
    1058   0.9858   8.7279  13.5812   0.0000   0.0000   0.0000
    1059   1.3920   8.7135  13.5808   0.0000   0.0000   0.0000
    1060   1.2233   8.8448  12.8653   0.0000   0.0000   0.0000
    1061   0.8532   8.5108  12.6655   0.0000   0.0000   0.0000
    1062   1.1187   8.0682  12.7221   0.0000   0.0000   0.0000
    1063   1.1537   8.4659  13.7525   0.0000   0.0000   0.0000
    1064   1.0803   8.2672  13.4904   0.0000   0.0000   0.0000
    1065   2.2168   8.0599  14.5569   0.0000   0.0000   0.0000
    1066   1.9480   7.8003  14.5437   0.0000   0.0000   0.0000
    1067   1.4527   7.4946  14.7112   0.0000   0.0000   0.0000
    1068   2.5231   7.9142  14.6741   0.0000   0.0000   0.0000
    1069   2.0360   8.1842  14.1360   0.0000   0.0000   0.0000
    1070   1.6468   7.1652  14.2930   0.0000   0.0000   0.0000
    1071   1.4989   7.4833  14.6530   0.0000   0.0000   0.0000
    1072   1.1427   7.1220  14.6184   0.0000   0.0000   0.0000
    1073   0.6974   8.2108  14.9958   0.0000   0.0000   0.0000
    1074   0.7456   7.5641  15.5134   0.0000   0.0000   0.0000
    1075   0.6586   7.0135  15.0935   0.0000   0.0000   0.0000
    1076   1.9327   7.1728  14.8033   0.0000   0.0000   0.0000
    1077   1.9919   7.0018  15.2585   0.0000   0.0000   0.0000
    1078   1.9022   6.3104  15.3762   0.0000   0.0000   0.0000
    1079   1.8551   6.8192  15.4365   0.0000   0.0000   0.0000
    1080   2.1956   6.5007  15.2123   0.0000   0.0000   0.0000
    1081   1.8206   6.4423  15.1179   0.0000   0.0000   0.0000
    1082   2.0263   7.2003  15.3439   0.0000   0.0000   0.0000
    1083   2.0318   5.8541  14.8645   0.0000   0.0000   0.0000
    1084   2.8041   5.9586  15.6081   0.0000   0.0000   0.0000
    1085   1.5134   5.8729  15.4786   0.0000   0.0000   0.0000
    1086   1.8565   5.9946  15.6698   0.0000   0.0000   0.0000
    1087   1.1700   6.4529  15.2099   0.0000   0.0000   0.0000
    1088   1.6812   5.9703  15.1879   0.0000   0.0000   0.0000
    1089   1.9557   6.5038  15.1239   0.0000   0.0000   0.0000
    1090   1.8388   6.0239  14.0785   0.0000   0.0000   0.0000
    1091   1.1826   6.2216  13.9592   0.0000   0.0000   0.0000
    1092   1.6093   5.7558  13.4382   0.0000   0.0000   0.0000
    1093   1.4064   6.2586  13.8880   0.0000   0.0000   0.0000
    1094   1.5961   6.5019  13.9912   0.0000   0.0000   0.0000
    1095   1.2432   5.4716  14.3129   0.0000   0.0000   0.0000
    1096   0.3842   6.2914  13.6531   0.0000   0.0000   0.0000
    1097   0.0519   6.7000  13.2811   0.0000   0.0000   0.0000
    1098   0.7693   6.0605  14.2744   0.0000   0.0000   0.0000
    1099   0.1283   5.9441  13.5832   0.0000   0.0000   0.0000
    1100   1.1768   7.3809  14.5555   0.0000   0.0000   0.0000
    1101   1.0255   6.7456  13.8769   0.0000   0.0000   0.0000
    1102   0.7746   6.4278  14.3566   0.0000   0.0000   0.0000
    1103   1.1301   5.6180  14.3409   0.0000   0.0000   0.0000
    1104   1.2164   6.1642  13.9331   0.0000   0.0000   0.0000
    1105   1.0281   5.3269  14.4065   0.0000   0.0000   0.0000
    1106   0.9867   6.0432  13.8347   0.0000   0.0000   0.0000
    1107   0.6393   5.4993  13.9222   0.0000   0.0000   0.0000
    1108   0.1148   5.9007  13.2400   0.0000   0.0000   0.0000
    1109   0.3857   5.6216  13.4257   0.0000   0.0000   0.0000
    1110  -0.0363   6.3274  13.4436   0.0000   0.0000   0.0000
    1111   0.2674   5.7976  13.8113   0.0000   0.0000   0.0000
    1112  -0.0929   6.0933  13.9323   0.0000   0.0000   0.0000
    1113   0.1332   5.7947  13.8140   0.0000   0.0000   0.0000
    1114   0.4191   6.2280  13.9422   0.0000   0.0000   0.0000
    1115   0.0016   5.6064  13.8435   0.0000   0.0000   0.0000
    1116   0.6430   6.1149  13.9713   0.0000   0.0000   0.0000
    1117   0.3915   5.4894  13.3252   0.0000   0.0000   0.0000
    1118   1.3622   6.3922  14.0487   0.0000   0.0000   0.0000
    1119   0.8030   6.2260  13.4006   0.0000   0.0000   0.0000
    1120   1.7159   5.2674  14.1340   0.0000   0.0000   0.0000
    1121   0.9445   5.6893  13.1526   0.0000   0.0000   0.0000
    1122   0.3704   5.6843  13.2061   0.0000   0.0000   0.0000
    1123   0.6742   5.8865  14.6842   0.0000   0.0000   0.0000
    1124   1.1072   6.0406  14.9120   0.0000   0.0000   0.0000
    1125   1.0389   5.8333  15.2918   0.0000   0.0000   0.0000
    1126   1.2266   5.2296  14.6237   0.0000   0.0000   0.0000
    1127   1.7977   5.5510  14.1034   0.0000   0.0000   0.0000
    1128   1.8631   5.7194  13.8482   0.0000   0.0000   0.0000
    1129   2.1879   6.1203  14.1292   0.0000   0.0000   0.0000
    1130   2.1887   5.8693  14.8317   0.0000   0.0000   0.0000
    1131   2.1080   6.4536  13.8989   0.0000   0.0000   0.0000
    1132   1.9410   5.4971  14.2442   0.0000   0.0000   0.0000
    1133   1.7684   5.6749  15.3477   0.0000   0.0000   0.0000
    1134   2.1450   6.0857  15.0589   0.0000   0.0000   0.0000
    1135   1.6598   6.1537  15.3881   0.0000   0.0000   0.0000
    1136   2.1520   6.1073  15.4109   0.0000   0.0000   0.0000
    1137   1.6425   6.1602  15.0908   0.0000   0.0000   0.0000
    1138   0.9744   7.3639  14.7822   0.0000   0.0000   0.0000
    1139   1.4050   6.6532  15.0914   0.0000   0.0000   0.0000
    1140   1.3682   6.9330  14.7359   0.0000   0.0000   0.0000
    1141   2.0849   6.9479  15.1928   0.0000   0.0000   0.0000
    1142   2.3938   6.9550  15.0687   0.0000   0.0000   0.0000
    1143   2.3343   6.9181  14.9197   0.0000   0.0000   0.0000
    1144   1.9436   7.2109  15.0044   0.0000   0.0000   0.0000
    1145   2.2251   7.9241  15.4031   0.0000   0.0000   0.0000
    1146   1.5324   7.3581  14.4967   0.0000   0.0000   0.0000
    1147   1.4078   7.8138  14.5538   0.0000   0.0000   0.0000
    1148   1.4618   7.8792  14.0847   0.0000   0.0000   0.0000
    1149   2.1950   8.2086  14.9699   0.0000   0.0000   0.0000
    1150   2.1338   7.4898  14.6476   0.0000   0.0000   0.0000
    1151   2.4667   7.3265  14.5743   0.0000   0.0000   0.0000
    1152   1.4723   7.3589  14.3933   0.0000   0.0000   0.0000
    1153   1.8813   8.0139  14.9876   0.0000   0.0000   0.0000
    1154   1.5880   7.5827  14.8827   0.0000   0.0000   0.0000
    1155   1.9998   8.4260  15.2943   0.0000   0.0000   0.0000
    1156   1.1691   7.1392  15.0775   0.0000   0.0000   0.0000
    1157   0.5493   7.3493  14.8897   0.0000   0.0000   0.0000
    1158   0.6675   7.1591  14.8024   0.0000   0.0000   0.0000
    1159   0.9500   6.2907  15.5930   0.0000   0.0000   0.0000
    1160   1.3827   6.1584  15.4839   0.0000   0.0000   0.0000
    1161   1.7118   6.1360  15.2120   0.0000   0.0000   0.0000
    1162   2.0515   6.7855  14.9519   0.0000   0.0000   0.0000
    1163   1.1711   6.4897  16.7911   0.0000   0.0000   0.0000
    1164   1.5619   6.5397  16.2832   0.0000   0.0000   0.0000
    1165   1.4343   6.9104  15.9395   0.0000   0.0000   0.0000
    1166   1.5534   6.4008  16.5724   0.0000   0.0000   0.0000
    1167   0.9352   6.8744  16.5511   0.0000   0.0000   0.0000
    1168   1.4780   7.4979  15.6368   0.0000   0.0000   0.0000
    1169   1.6869   6.3527  15.6442   0.0000   0.0000   0.0000
    1170   0.8293   7.5457  16.4455   0.0000   0.0000   0.0000
    1171   0.7422   6.8177  15.9912   0.0000   0.0000   0.0000
    1172   1.4034   7.1535  15.3124   0.0000   0.0000   0.0000
    1173   1.3071   6.5933  15.5693   0.0000   0.0000   0.0000
    1174   0.1051   6.8309  15.9208   0.0000   0.0000   0.0000
    1175   0.3815   6.5872  14.9482   0.0000   0.0000   0.0000
    1176   0.7864   6.4905  15.3288   0.0000   0.0000   0.0000
    1177   1.0439   6.4846  15.6651   0.0000   0.0000   0.0000
    1178   0.9014   6.1175  15.8574   0.0000   0.0000   0.0000
    1179   1.3417   5.3906  16.2106   0.0000   0.0000   0.0000
    1180   1.0749   5.0812  15.5201   0.0000   0.0000   0.0000
    1181   0.9446   5.6546  16.2999   0.0000   0.0000   0.0000
    1182   0.4143   6.4621  16.1512   0.0000   0.0000   0.0000
    1183   0.8807   5.9949  16.4102   0.0000   0.0000   0.0000
    1184   0.3641   5.9514  16.3453   0.0000   0.0000   0.0000
    1185  -0.4522   6.7075  16.8154   0.0000   0.0000   0.0000
    1186   0.0208   6.2037  16.6454   0.0000   0.0000   0.0000
    1187  -0.0697   6.4258  17.0221   0.0000   0.0000   0.0000
    1188  -0.4121   6.9489  17.0899   0.0000   0.0000   0.0000
    1189   0.0848   6.4028  15.6675   0.0000   0.0000   0.0000
    1190   0.1446   6.1400  15.0547   0.0000   0.0000   0.0000
    1191  -0.0294   6.0456  14.9888   0.0000   0.0000   0.0000
    1192   0.2229   6.1568  15.6621   0.0000   0.0000   0.0000
    1193   0.0882   6.6183  15.5888   0.0000   0.0000   0.0000
    1194  -1.0350   6.7467  15.2260   0.0000   0.0000   0.0000
    1195  -0.4026   7.5037  15.4648   0.0000   0.0000   0.0000
    1196  -0.3518   6.5324  16.1997   0.0000   0.0000   0.0000
    1197  -0.2279   6.3816  15.6747   0.0000   0.0000   0.0000
    1198  -0.3428   5.8251  14.7575   0.0000   0.0000   0.0000
    1199   0.1253   6.7346  15.0383   0.0000   0.0000   0.0000
    1200  -0.2528   6.3526  15.6048   0.0000   0.0000   0.0000
    1201   0.2775   5.8294  15.1654   0.0000   0.0000   0.0000
    1202   0.4613   5.9824  15.5362   0.0000   0.0000   0.0000
    1203   0.0127   5.5401  15.4554   0.0000   0.0000   0.0000
    1204  -0.2562   6.2720  16.1591   0.0000   0.0000   0.0000
    1205   0.4696   5.3968  14.5708   0.0000   0.0000   0.0000
    1206   0.7083   5.9961  14.0016   0.0000   0.0000   0.0000
    1207   0.9813   6.4092  13.3775   0.0000   0.0000   0.0000
    1208   0.7737   5.9747  14.4272   0.0000   0.0000   0.0000
    1209   0.7698   6.2619  14.3231   0.0000   0.0000   0.0000
    1210   1.1191   6.2142  14.5201   0.0000   0.0000   0.0000
    1211   0.3747   5.8891  13.6809   0.0000   0.0000   0.0000
    1212  -0.2599   6.8033  14.1700   0.0000   0.0000   0.0000
    1213  -0.4864   6.4000  14.0604   0.0000   0.0000   0.0000
    1214  -0.1047   6.2028  14.0314   0.0000   0.0000   0.0000
    1215  -0.5507   6.9824  14.8474   0.0000   0.0000   0.0000
    1216  -0.2114   6.8554  14.6064   0.0000   0.0000   0.0000
    1217  -0.4854   6.7394  14.4929   0.0000   0.0000   0.0000
    1218  -0.9870   6.9864  13.6127   0.0000   0.0000   0.0000
    1219  -1.1722   5.8097  15.1029   0.0000   0.0000   0.0000
    1220   0.3380   6.4114  13.7903   0.0000   0.0000   0.0000
    1221  -0.5383   6.4536  15.0315   0.0000   0.0000   0.0000
    1222  -0.1238   6.6952  14.7623   0.0000   0.0000   0.0000
    1223  -0.1651   6.0326  14.9775   0.0000   0.0000   0.0000
    1224   0.1532   6.6008  14.5346   0.0000   0.0000   0.0000
    1225   0.3520   6.0733  15.0678   0.0000   0.0000   0.0000
    1226  -0.4914   6.0260  15.4589   0.0000   0.0000   0.0000
    1227   0.9088   5.4441  16.1839   0.0000   0.0000   0.0000
    1228   0.6215   5.9828  16.2790   0.0000   0.0000   0.0000
    1229  -0.1233   6.1139  15.9420   0.0000   0.0000   0.0000
    1230  -0.2650   6.3973  15.2909   0.0000   0.0000   0.0000
    1231  -0.4290   6.6930  15.6534   0.0000   0.0000   0.0000
    1232  -0.6404   6.2352  15.3319   0.0000   0.0000   0.0000
    1233  -0.3298   6.6910  14.7273   0.0000   0.0000   0.0000
    1234  -1.0503   6.4015  15.5556   0.0000   0.0000   0.0000
    1235  -1.0197   6.2699  15.0356   0.0000   0.0000   0.0000
    1236  -0.2667   6.9087  14.8120   0.0000   0.0000   0.0000
    1237  -0.0973   6.9344  14.8300   0.0000   0.0000   0.0000
    1238   0.3993   6.8528  15.0382   0.0000   0.0000   0.0000
    1239  -0.6955   6.4412  14.8669   0.0000   0.0000   0.0000
    1240  -0.9151   6.3294  14.9148   0.0000   0.0000   0.0000
    1241  -0.6528   6.3807  15.5822   0.0000   0.0000   0.0000
    1242  -0.8863   6.1908  14.5956   0.0000   0.0000   0.0000
    1243  -0.4299   6.2365  15.4453   0.0000   0.0000   0.0000
    1244  -0.6591   6.5113  16.0738   0.0000   0.0000   0.0000
    1245  -2.2063   6.3703  14.8190   0.0000   0.0000   0.0000
    1246  -1.7427   7.3949  14.5700   0.0000   0.0000   0.0000
    1247  -1.7426   7.3399  14.6280   0.0000   0.0000   0.0000
    1248  -2.2109   7.8052  14.8645   0.0000   0.0000   0.0000
    1249  -1.2484   7.0386  15.2934   0.0000   0.0000   0.0000
    1250  -1.0206   6.8150  15.6424   0.0000   0.0000   0.0000
    1251  -0.4496   6.8003  15.6015   0.0000   0.0000   0.0000
    1252  -0.1066   6.5604  15.2059   0.0000   0.0000   0.0000
    1253  -1.0844   7.7003  15.5599   0.0000   0.0000   0.0000
    1254   0.0010   6.8342  14.8281   0.0000   0.0000   0.0000
    1255  -0.4005   7.5144  14.2036   0.0000   0.0000   0.0000
    1256  -1.4121   7.3227  14.5836   0.0000   0.0000   0.0000
    1257  -1.1259   7.5335  14.2018   0.0000   0.0000   0.0000
    1258  -1.7474   7.0774  15.2947   0.0000   0.0000   0.0000
    1259  -0.7722   7.0956  15.7240   0.0000   0.0000   0.0000
    1260  -0.6121   5.7022  15.6354   0.0000   0.0000   0.0000
    1261  -0.1174   6.6366  15.4551   0.0000   0.0000   0.0000
    1262  -0.6940   6.2787  15.0060   0.0000   0.0000   0.0000
    1263  -0.5302   6.3840  14.6446   0.0000   0.0000   0.0000
    1264  -0.0885   6.9686  14.0656   0.0000   0.0000   0.0000
    1265  -0.2116   6.8086  15.3331   0.0000   0.0000   0.0000
    1266  -0.7079   6.0727  15.4739   0.0000   0.0000   0.0000
    1267  -0.0131   6.5316  15.0927   0.0000   0.0000   0.0000
    1268  -0.9731   6.4796  15.3539   0.0000   0.0000   0.0000
    1269  -0.6850   6.4777  14.8161   0.0000   0.0000   0.0000
    1270  -0.0311   5.6632  15.1791   0.0000   0.0000   0.0000
    1271   0.9014   5.9316  15.5793   0.0000   0.0000   0.0000
    1272   0.5517   6.0145  15.5206   0.0000   0.0000   0.0000
    1273   0.5063   5.8791  15.3560   0.0000   0.0000   0.0000
    1274  -0.1842   6.1350  14.7048   0.0000   0.0000   0.0000
    1275   0.3630   5.7101  14.7070   0.0000   0.0000   0.0000
    1276  -0.0850   5.0777  15.1631   0.0000   0.0000   0.0000
    1277   0.0080   6.3316  14.3341   0.0000   0.0000   0.0000
    1278  -0.2995   5.9456  14.8292   0.0000   0.0000   0.0000
    1279   0.0387   6.2165  14.2527   0.0000   0.0000   0.0000
    1280   0.0269   5.7657  14.5812   0.0000   0.0000   0.0000
    1281  -1.1401   5.9024  15.3499   0.0000   0.0000   0.0000
    1282  -0.9876   4.8384  15.5431   0.0000   0.0000   0.0000
    1283  -1.0388   5.1231  15.1527   0.0000   0.0000   0.0000
    1284  -0.5964   5.0849  15.6179   0.0000   0.0000   0.0000
    1285  -0.8039   5.2992  15.4078   0.0000   0.0000   0.0000
    1286  -0.8925   5.8550  15.9485   0.0000   0.0000   0.0000
    1287  -0.9009   5.6671  16.4249   0.0000   0.0000   0.0000
    1288  -0.9873   5.7606  15.9650   0.0000   0.0000   0.0000
    1289  -0.7511   6.2032  15.9991   0.0000   0.0000   0.0000
    1290  -0.3930   5.8998  15.8884   0.0000   0.0000   0.0000
    1291   0.0894   5.2951  16.2275   0.0000   0.0000   0.0000
    1292  -1.7341   5.2982  14.4948   0.0000   0.0000   0.0000
    1293  -1.0601   6.2024  15.0101   0.0000   0.0000   0.0000
    1294  -1.1095   5.4283  15.0994   0.0000   0.0000   0.0000
    1295  -0.4845   4.7134  15.9701   0.0000   0.0000   0.0000
    1296  -1.2286   4.5384  15.6256   0.0000   0.0000   0.0000
    1297  -1.8754   4.6206  15.9217   0.0000   0.0000   0.0000
    1298  -1.7534   4.7650  15.3263   0.0000   0.0000   0.0000
    1299  -1.8075   4.4121  15.7901   0.0000   0.0000   0.0000
    1300  -2.1479   4.4552  16.1283   0.0000   0.0000   0.0000
    1301  -1.8748   4.2372  15.0787   0.0000   0.0000   0.0000
    1302  -1.5216   5.2704  15.2772   0.0000   0.0000   0.0000
    1303  -1.1405   4.7849  15.9680   0.0000   0.0000   0.0000
    1304  -1.4249   4.7446  15.7174   0.0000   0.0000   0.0000
    1305  -1.1566   4.8462  15.0541   0.0000   0.0000   0.0000
    1306  -1.5955   5.9937  15.3012   0.0000   0.0000   0.0000
    1307  -0.7078   6.0117  15.2464   0.0000   0.0000   0.0000
    1308  -2.1003   5.9541  15.0663   0.0000   0.0000   0.0000
    1309  -1.9218   5.8694  15.3245   0.0000   0.0000   0.0000
    1310  -2.0163   5.9600  15.4966   0.0000   0.0000   0.0000
    1311  -1.6679   6.1961  14.9745   0.0000   0.0000   0.0000
    1312  -1.5738   5.5498  15.9490   0.0000   0.0000   0.0000
    1313  -0.8010   5.5769  16.6920   0.0000   0.0000   0.0000
    1314  -0.8004   5.7210  15.9800   0.0000   0.0000   0.0000
    1315  -1.2419   5.3938  15.8951   0.0000   0.0000   0.0000
    1316  -1.4029   4.6164  17.1927   0.0000   0.0000   0.0000
    1317  -0.7504   5.1403  17.1214   0.0000   0.0000   0.0000
    1318  -1.0310   4.7175  16.5142   0.0000   0.0000   0.0000
    1319  -1.6398   4.8536  17.3425   0.0000   0.0000   0.0000
    1320  -2.0715   4.6161  16.9149   0.0000   0.0000   0.0000
    1321  -0.9495   4.7041  15.5063   0.0000   0.0000   0.0000
    1322  -1.1593   4.2146  16.8030   0.0000   0.0000   0.0000
    1323  -0.1931   4.3319  16.5944   0.0000   0.0000   0.0000
    1324   0.0115   4.7498  16.0984   0.0000   0.0000   0.0000
    1325   0.5073   4.2080  16.4633   0.0000   0.0000   0.0000
    1326   0.3079   4.7806  16.7364   0.0000   0.0000   0.0000
    1327   0.8418   4.8858  17.0600   0.0000   0.0000   0.0000
    1328  -0.1186   5.2024  17.0734   0.0000   0.0000   0.0000
    1329  -0.5457   4.7947  16.5588   0.0000   0.0000   0.0000
    1330  -1.4765   4.8230  15.4303   0.0000   0.0000   0.0000
    1331  -0.7769   5.1287  15.4215   0.0000   0.0000   0.0000
    1332  -0.6747   5.1323  15.3390   0.0000   0.0000   0.0000
    1333  -0.6574   4.4660  15.7485   0.0000   0.0000   0.0000
    1334  -0.7899   4.9903  15.4114   0.0000   0.0000   0.0000
    1335  -0.0896   4.5748  15.6229   0.0000   0.0000   0.0000
    1336  -1.1151   5.4467  15.9963   0.0000   0.0000   0.0000
    1337  -1.4265   5.0521  16.2165   0.0000   0.0000   0.0000
    1338  -2.1587   5.3061  16.1272   0.0000   0.0000   0.0000
    1339  -0.8729   4.8164  16.0936   0.0000   0.0000   0.0000
    1340  -1.4145   5.4268  16.0959   0.0000   0.0000   0.0000
    1341  -1.3861   5.8743  16.1131   0.0000   0.0000   0.0000
    1342  -0.6778   5.4052  16.2063   0.0000   0.0000   0.0000
    1343  -0.5224   5.0656  16.2862   0.0000   0.0000   0.0000
    1344  -0.9552   5.7762  16.3563   0.0000   0.0000   0.0000
    1345  -0.8192   5.6838  16.1487   0.0000   0.0000   0.0000
    1346  -0.1033   5.5881  16.0865   0.0000   0.0000   0.0000
    1347  -0.2766   5.3822  16.3403   0.0000   0.0000   0.0000
    1348  -0.2260   5.4571  16.8982   0.0000   0.0000   0.0000
    1349  -0.0381   5.6005  17.0168   0.0000   0.0000   0.0000
    1350  -0.0179   5.4946  16.9189   0.0000   0.0000   0.0000
    1351  -0.2166   5.6609  17.4833   0.0000   0.0000   0.0000
    1352   0.1880   5.5086  17.4558   0.0000   0.0000   0.0000
    1353  -0.6351   5.3757  17.3532   0.0000   0.0000   0.0000
    1354   0.0044   5.2583  17.4747   0.0000   0.0000   0.0000
    1355  -0.4515   5.5555  16.9550   0.0000   0.0000   0.0000
    1356  -0.7496   5.8381  16.8100   0.0000   0.0000   0.0000
    1357  -0.7242   5.3473  17.1747   0.0000   0.0000   0.0000
    1358  -1.1539   5.4685  17.0331   0.0000   0.0000   0.0000
    1359  -0.8470   5.6571  17.1191   0.0000   0.0000   0.0000
    1360  -0.9933   6.4274  16.2210   0.0000   0.0000   0.0000
    1361  -0.0973   5.4921  16.7858   0.0000   0.0000   0.0000
    1362  -0.9408   5.8766  17.0430   0.0000   0.0000   0.0000
    1363  -1.2791   5.1930  16.9903   0.0000   0.0000   0.0000
    1364  -0.9068   4.8098  17.0296   0.0000   0.0000   0.0000
    1365  -0.7724   5.2513  16.7079   0.0000   0.0000   0.0000
    1366  -0.8337   5.8614  16.5808   0.0000   0.0000   0.0000
    1367  -0.5330   5.7460  15.7976   0.0000   0.0000   0.0000
    1368  -1.2456   5.8927  15.3499   0.0000   0.0000   0.0000
    1369  -0.9215   5.9082  15.9366   0.0000   0.0000   0.0000
    1370  -0.5004   5.3108  16.5361   0.0000   0.0000   0.0000
    1371  -0.0515   5.3330  17.1379   0.0000   0.0000   0.0000
    1372  -0.6278   5.1166  16.4615   0.0000   0.0000   0.0000
    1373  -1.0744   5.7625  16.9038   0.0000   0.0000   0.0000
    1374  -1.0430   5.7304  17.4402   0.0000   0.0000   0.0000
    1375  -0.7624   6.1850  17.1431   0.0000   0.0000   0.0000
    1376  -1.4107   5.4935  17.6494   0.0000   0.0000   0.0000
    1377  -1.1375   5.0293  17.3885   0.0000   0.0000   0.0000
    1378  -1.9842   5.5754  17.7865   0.0000   0.0000   0.0000
    1379  -1.7544   5.5681  17.6377   0.0000   0.0000   0.0000
    1380  -0.3664   4.5960  18.3179   0.0000   0.0000   0.0000
    1381   0.0364   5.3820  19.3643   0.0000   0.0000   0.0000
    1382  -0.1399   4.2975  17.8120   0.0000   0.0000   0.0000
    1383  -0.9255   5.6333  18.0593   0.0000   0.0000   0.0000
    1384  -0.9336   5.5917  17.7744   0.0000   0.0000   0.0000
    1385  -1.1768   5.7384  18.0242   0.0000   0.0000   0.0000
    1386  -1.3123   5.0188  17.7487   0.0000   0.0000   0.0000
    1387  -1.4560   5.5279  16.9958   0.0000   0.0000   0.0000
    1388  -2.0326   4.7639  16.4927   0.0000   0.0000   0.0000
    1389  -1.1152   4.7490  15.5294   0.0000   0.0000   0.0000
    1390  -1.7361   4.3614  16.3629   0.0000   0.0000   0.0000
    1391  -2.1881   5.4043  15.3620   0.0000   0.0000   0.0000
    1392  -2.5377   4.7454  16.2085   0.0000   0.0000   0.0000
    1393  -2.1755   5.6484  16.5808   0.0000   0.0000   0.0000
    1394  -1.6910   5.6846  16.2026   0.0000   0.0000   0.0000
    1395  -1.4096   5.4660  16.4139   0.0000   0.0000   0.0000
    1396  -0.6347   4.9111  16.8354   0.0000   0.0000   0.0000
    1397  -1.7592   6.2902  14.9442   0.0000   0.0000   0.0000
    1398  -1.1621   5.8906  16.8738   0.0000   0.0000   0.0000
    1399  -0.7118   5.1622  16.7404   0.0000   0.0000   0.0000
    1400  -1.4181   5.8521  16.0736   0.0000   0.0000   0.0000
    1401  -1.8271   5.7578  15.9292   0.0000   0.0000   0.0000
    1402  -2.1697   6.3497  14.7477   0.0000   0.0000   0.0000
    1403  -0.7777   6.1016  15.3697   0.0000   0.0000   0.0000
    1404  -1.2947   6.2875  15.9009   0.0000   0.0000   0.0000
    1405  -1.6534   6.1068  16.2577   0.0000   0.0000   0.0000
    1406  -1.5620   5.3072  17.5568   0.0000   0.0000   0.0000
    1407  -1.0144   4.7004  16.6779   0.0000   0.0000   0.0000
    1408  -1.7190   5.5700  16.5799   0.0000   0.0000   0.0000
    1409  -1.8189   5.4834  16.5400   0.0000   0.0000   0.0000
    1410  -1.9851   4.7748  15.1654   0.0000   0.0000   0.0000
    1411  -2.6071   5.1443  15.4244   0.0000   0.0000   0.0000
    1412  -2.5224   5.8640  16.5153   0.0000   0.0000   0.0000
    1413  -1.8330   5.3919  15.6050   0.0000   0.0000   0.0000
    1414  -2.8128   5.1550  15.8553   0.0000   0.0000   0.0000
    1415  -1.8851   5.7915  14.8083   0.0000   0.0000   0.0000
    1416  -1.7499   5.1843  14.1972   0.0000   0.0000   0.0000
    1417  -1.6072   4.6933  15.9479   0.0000   0.0000   0.0000
    1418  -1.9761   4.5929  16.0765   0.0000   0.0000   0.0000
    1419  -1.9592   5.3384  15.9688   0.0000   0.0000   0.0000
    1420  -1.8690   5.6147  14.9546   0.0000   0.0000   0.0000
    1421  -1.3322   5.0147  15.3838   0.0000   0.0000   0.0000
    1422  -0.9978   6.0756  15.4849   0.0000   0.0000   0.0000
    1423  -1.3778   5.8792  15.8044   0.0000   0.0000   0.0000
    1424  -0.7553   5.0726  16.2963   0.0000   0.0000   0.0000
    1425  -0.7099   5.0717  16.4651   0.0000   0.0000   0.0000
    1426  -1.3039   5.1466  15.7312   0.0000   0.0000   0.0000
    1427  -0.0063   5.4901  15.3866   0.0000   0.0000   0.0000
    1428  -0.8883   4.6554  15.7273   0.0000   0.0000   0.0000
    1429  -0.6185   3.6785  14.9047   0.0000   0.0000   0.0000
    1430  -0.8678   4.2100  14.5884   0.0000   0.0000   0.0000
    1431  -0.4062   4.3198  14.3942   0.0000   0.0000   0.0000
    1432  -1.1127   4.5620  14.8805   0.0000   0.0000   0.0000
    1433  -0.1711   4.7361  14.7270   0.0000   0.0000   0.0000
    1434  -0.4416   4.8644  15.5041   0.0000   0.0000   0.0000
    1435  -0.7109   4.9969  16.1436   0.0000   0.0000   0.0000
    1436  -1.1852   4.4823  15.8251   0.0000   0.0000   0.0000
    1437  -0.9793   5.0163  16.3486   0.0000   0.0000   0.0000
    1438  -0.5673   5.7962  16.1247   0.0000   0.0000   0.0000
    1439  -0.4641   5.5477  16.6007   0.0000   0.0000   0.0000
    1440  -1.2804   6.3065  15.4390   0.0000   0.0000   0.0000
    1441  -0.0089   5.8409  15.4567   0.0000   0.0000   0.0000
    1442   0.4537   6.3713  16.1615   0.0000   0.0000   0.0000
    1443   0.4637   5.9652  15.6716   0.0000   0.0000   0.0000
    1444  -0.1246   6.1430  16.1365   0.0000   0.0000   0.0000
    1445   0.2344   5.5401  16.5605   0.0000   0.0000   0.0000
    1446  -0.6393   6.4168  15.0340   0.0000   0.0000   0.0000
    1447  -0.1910   6.0900  15.0422   0.0000   0.0000   0.0000
    1448  -0.7387   4.9636  14.0909   0.0000   0.0000   0.0000
    1449   0.3183   5.9449  14.0096   0.0000   0.0000   0.0000
    1450  -0.4093   5.5987  14.3227   0.0000   0.0000   0.0000
    1451  -0.4092   5.9329  13.3908   0.0000   0.0000   0.0000
    1452  -0.4144   5.9110  13.6322   0.0000   0.0000   0.0000
    1453  -0.4179   5.7985  13.8899   0.0000   0.0000   0.0000
    1454   0.4623   5.5304  13.9610   0.0000   0.0000   0.0000
    1455  -0.1548   5.3646  14.1909   0.0000   0.0000   0.0000
    1456  -0.0560   3.9279  14.2598   0.0000   0.0000   0.0000
    1457  -0.0773   3.6549  14.5575   0.0000   0.0000   0.0000
    1458  -1.5171   3.8774  14.4108   0.0000   0.0000   0.0000
    1459  -0.0928   3.4072  15.4279   0.0000   0.0000   0.0000
    1460  -0.6726   3.5404  14.6708   0.0000   0.0000   0.0000
    1461   0.5292   4.2150  15.7280   0.0000   0.0000   0.0000
    1462   0.1580   4.3853  15.9131   0.0000   0.0000   0.0000
    1463  -0.0745   4.7891  15.3577   0.0000   0.0000   0.0000
    1464  -0.4516   5.2102  15.5477   0.0000   0.0000   0.0000
    1465  -0.7534   5.2349  15.0679   0.0000   0.0000   0.0000
    1466   0.1355   5.5255  14.5588   0.0000   0.0000   0.0000
    1467   0.2205   4.5099  15.4765   0.0000   0.0000   0.0000
    1468   0.5530   5.1954  15.6017   0.0000   0.0000   0.0000
    1469   0.3711   5.5702  16.0952   0.0000   0.0000   0.0000
    1470   0.5198   4.6045  15.9100   0.0000   0.0000   0.0000
    1471   0.6323   5.8655  15.1033   0.0000   0.0000   0.0000
    1472   0.2846   6.1580  14.8317   0.0000   0.0000   0.0000
    1473   0.1031   5.1897  15.4990   0.0000   0.0000   0.0000
    1474   0.4274   5.0137  15.3733   0.0000   0.0000   0.0000
    1475   0.2999   5.7244  16.1036   0.0000   0.0000   0.0000
    1476   0.5363   4.5718  15.6060   0.0000   0.0000   0.0000
    1477   0.0907   4.7781  15.4688   0.0000   0.0000   0.0000
    1478   0.7151   4.5039  15.9947   0.0000   0.0000   0.0000
    1479  -0.5317   4.4016  15.5833   0.0000   0.0000   0.0000
    1480   0.2781   4.6974  15.7555   0.0000   0.0000   0.0000
    1481   1.0292   5.3614  15.1563   0.0000   0.0000   0.0000
    1482   0.2959   5.9932  15.1476   0.0000   0.0000   0.0000
    1483   0.2852   5.8026  14.9760   0.0000   0.0000   0.0000
    1484  -0.4085   5.9588  15.4937   0.0000   0.0000   0.0000
    1485   0.0299   5.4303  15.3505   0.0000   0.0000   0.0000
    1486   0.8740   5.7976  15.1594   0.0000   0.0000   0.0000
    1487  -0.6706   5.6431  15.5690   0.0000   0.0000   0.0000
    1488  -1.0936   6.1209  14.7074   0.0000   0.0000   0.0000
    1489   0.0387   5.1661  15.6762   0.0000   0.0000   0.0000
    1490   0.8626   6.1295  14.8579   0.0000   0.0000   0.0000
    1491  -0.1955   6.3692  14.5868   0.0000   0.0000   0.0000
    1492  -0.3195   6.2544  14.2085   0.0000   0.0000   0.0000
    1493  -0.5407   6.3126  14.2036   0.0000   0.0000   0.0000
    1494  -0.2252   6.0117  14.7482   0.0000   0.0000   0.0000
    1495  -0.5717   6.2257  14.9403   0.0000   0.0000   0.0000
    1496   0.1102   6.1404  14.4856   0.0000   0.0000   0.0000
    1497   0.3683   5.5878  15.6537   0.0000   0.0000   0.0000
    1498   0.3742   5.5914  16.1256   0.0000   0.0000   0.0000
    1499  -0.5708   4.8691  16.6686   0.0000   0.0000   0.0000
    1500   0.0660   4.9717  16.1996   0.0000   0.0000   0.0000
    1501   0.4708   4.8536  15.4778   0.0000   0.0000   0.0000
    1502  -0.0042   5.0127  15.3772   0.0000   0.0000   0.0000
    1503  -0.1596   4.4449  15.6432   0.0000   0.0000   0.0000
    1504   0.1669   5.0337  15.9344   0.0000   0.0000   0.0000
    1505  -0.6183   5.5057  16.9635   0.0000   0.0000   0.0000
    1506  -0.3398   5.1146  15.7347   0.0000   0.0000   0.0000
    1507  -0.0749   5.2985  15.2284   0.0000   0.0000   0.0000
    1508  -0.6279   6.2071  15.4006   0.0000   0.0000   0.0000
    1509  -0.5173   5.7556  14.4272   0.0000   0.0000   0.0000
    1510   0.7591   5.7696  14.5918   0.0000   0.0000   0.0000
    1511   0.5824   5.8158  15.1637   0.0000   0.0000   0.0000
    1512   1.8948   5.4991  15.1421   0.0000   0.0000   0.0000
    1513   1.6868   6.4426  15.7270   0.0000   0.0000   0.0000
    1514   1.9287   5.9206  15.5316   0.0000   0.0000   0.0000
    1515   1.8492   5.8978  15.8071   0.0000   0.0000   0.0000
    1516   1.5285   5.9554  15.5489   0.0000   0.0000   0.0000
    1517   1.6159   5.9167  15.3317   0.0000   0.0000   0.0000
    1518   1.6044   5.9861  14.6651   0.0000   0.0000   0.0000
    1519   1.4419   5.7526  14.9975   0.0000   0.0000   0.0000
    1520   2.2690   5.7565  15.5307   0.0000   0.0000   0.0000
    1521   1.9510   5.8525  15.7379   0.0000   0.0000   0.0000
    1522   1.2173   5.6324  15.6586   0.0000   0.0000   0.0000
    1523   1.8495   5.1029  16.3338   0.0000   0.0000   0.0000
    1524   1.1997   5.1474  16.1357   0.0000   0.0000   0.0000
    1525   0.8795   5.9153  15.8961   0.0000   0.0000   0.0000
    1526   1.0483   5.3466  15.6270   0.0000   0.0000   0.0000
    1527   0.5734   5.9378  16.4400   0.0000   0.0000   0.0000
    1528  -0.0146   5.8766  15.6439   0.0000   0.0000   0.0000
    1529   0.2573   5.4005  15.3741   0.0000   0.0000   0.0000
    1530  -0.1051   6.1420  15.1506   0.0000   0.0000   0.0000
    1531  -0.0253   5.7548  15.4623   0.0000   0.0000   0.0000
    1532   1.6619   5.9764  15.8540   0.0000   0.0000   0.0000
    1533   1.6138   5.9265  15.3294   0.0000   0.0000   0.0000
    1534   0.3919   5.9193  15.4686   0.0000   0.0000   0.0000
    1535  -0.0205   5.3441  15.3042   0.0000   0.0000   0.0000
    1536   0.9690   5.4353  16.1153   0.0000   0.0000   0.0000
    1537   1.2912   5.8371  16.1055   0.0000   0.0000   0.0000
    1538   1.6463   5.5422  15.8620   0.0000   0.0000   0.0000
    1539   1.6691   5.1092  16.4268   0.0000   0.0000   0.0000
    1540   1.1207   4.8410  16.8999   0.0000   0.0000   0.0000
    1541   2.0544   4.8158  16.9974   0.0000   0.0000   0.0000
    1542   1.9609   5.5100  15.1805   0.0000   0.0000   0.0000
    1543   1.0282   5.7289  16.1098   0.0000   0.0000   0.0000
    1544   1.3641   5.2094  15.4361   0.0000   0.0000   0.0000
    1545   1.0876   5.9649  15.8255   0.0000   0.0000   0.0000
    1546   1.4574   4.8457  16.2881   0.0000   0.0000   0.0000
    1547   0.8396   4.0988  16.1929   0.0000   0.0000   0.0000
    1548   0.8181   5.0042  15.5332   0.0000   0.0000   0.0000
    1549   0.7660   4.8719  16.5294   0.0000   0.0000   0.0000
    1550   0.9102   4.8806  16.9378   0.0000   0.0000   0.0000
    1551   1.3365   5.1883  17.4884   0.0000   0.0000   0.0000
    1552   1.3494   5.4714  16.4383   0.0000   0.0000   0.0000
    1553   2.2216   5.0147  16.3799   0.0000   0.0000   0.0000
    1554   1.6406   4.2567  17.3742   0.0000   0.0000   0.0000
    1555   1.1245   4.5948  17.0107   0.0000   0.0000   0.0000
    1556   1.2812   5.1837  17.1884   0.0000   0.0000   0.0000
    1557   0.9004   4.4815  17.5418   0.0000   0.0000   0.0000
    1558   1.5417   4.7743  17.7333   0.0000   0.0000   0.0000
    1559   2.0961   4.8179  17.3666   0.0000   0.0000   0.0000
    1560   2.7179   4.7952  17.2534   0.0000   0.0000   0.0000
    1561   2.3650   4.6769  17.2407   0.0000   0.0000   0.0000
    1562   1.7153   4.4431  17.2898   0.0000   0.0000   0.0000
    1563   1.7031   4.8792  17.2188   0.0000   0.0000   0.0000
    1564   2.0951   4.6826  17.2022   0.0000   0.0000   0.0000
    1565   1.5364   4.6845  16.2815   0.0000   0.0000   0.0000
    1566   2.1709   5.0865  16.4188   0.0000   0.0000   0.0000
    1567   2.2135   5.0322  16.2083   0.0000   0.0000   0.0000
    1568   1.8740   4.6584  15.6956   0.0000   0.0000   0.0000
    1569   1.7632   4.6632  16.3195   0.0000   0.0000   0.0000
    1570   2.4161   4.4993  16.9152   0.0000   0.0000   0.0000
    1571   2.8429   4.5129  16.3231   0.0000   0.0000   0.0000
    1572   2.8358   4.8804  16.5455   0.0000   0.0000   0.0000
    1573   3.0427   4.8080  15.7799   0.0000   0.0000   0.0000
    1574   2.9900   5.0172  15.0769   0.0000   0.0000   0.0000
    1575   2.9124   4.2731  15.3984   0.0000   0.0000   0.0000
    1576   3.1951   4.8169  16.0692   0.0000   0.0000   0.0000
    1577   3.0816   5.5925  15.6756   0.0000   0.0000   0.0000
    1578   2.4413   5.2146  15.0541   0.0000   0.0000   0.0000
    1579   2.0223   5.8680  15.2077   0.0000   0.0000   0.0000
    1580   2.6275   5.2864  15.6557   0.0000   0.0000   0.0000
    1581   2.5694   5.8285  14.1832   0.0000   0.0000   0.0000
    1582   1.3378   5.1092  15.0492   0.0000   0.0000   0.0000
    1583   1.1780   5.2061  15.4805   0.0000   0.0000   0.0000
    1584   1.4929   4.7640  16.2885   0.0000   0.0000   0.0000
    1585   1.8535   5.2572  15.8726   0.0000   0.0000   0.0000
    1586   1.3154   5.0440  15.5224   0.0000   0.0000   0.0000
    1587   1.1033   4.3784  15.6281   0.0000   0.0000   0.0000
    1588   1.8301   5.0621  15.6855   0.0000   0.0000   0.0000
    1589   1.9544   4.8674  15.5864   0.0000   0.0000   0.0000
    1590   0.8932   5.3210  15.1912   0.0000   0.0000   0.0000
    1591   2.0029   5.1170  14.4504   0.0000   0.0000   0.0000
    1592   1.8757   5.2900  14.2895   0.0000   0.0000   0.0000
    1593   1.5765   5.3967  15.8156   0.0000   0.0000   0.0000
    1594   0.8883   5.4930  15.1426   0.0000   0.0000   0.0000
    1595   0.6637   6.0230  15.2476   0.0000   0.0000   0.0000
    1596   1.4986   6.1056  15.5389   0.0000   0.0000   0.0000
    1597   1.6236   5.4566  15.4324   0.0000   0.0000   0.0000
    1598   2.2104   6.0479  15.1031   0.0000   0.0000   0.0000
    1599   2.0567   5.2979  15.1383   0.0000   0.0000   0.0000
    1600   2.2005   5.0127  15.4459   0.0000   0.0000   0.0000
    1601   2.5003   5.5174  15.8717   0.0000   0.0000   0.0000
    1602   2.4649   4.8240  15.4911   0.0000   0.0000   0.0000
    1603   2.3305   4.3590  15.1564   0.0000   0.0000   0.0000
    1604   1.8738   4.6660  15.0887   0.0000   0.0000   0.0000
    1605   2.6363   4.6041  14.2022   0.0000   0.0000   0.0000
    1606   2.2800   4.9425  14.5421   0.0000   0.0000   0.0000
    1607   1.7629   4.9346  14.2919   0.0000   0.0000   0.0000
    1608   2.8590   4.4303  14.1453   0.0000   0.0000   0.0000
    1609   2.5965   4.4910  14.3798   0.0000   0.0000   0.0000
    1610   2.4238   4.8854  15.0307   0.0000   0.0000   0.0000
    1611   1.8695   5.5212  14.8467   0.0000   0.0000   0.0000
    1612   1.7086   4.8148  15.9335   0.0000   0.0000   0.0000
    1613   1.2516   4.6686  15.8249   0.0000   0.0000   0.0000
    1614   1.2405   4.6871  15.9058   0.0000   0.0000   0.0000
    1615   1.0607   5.4236  15.5850   0.0000   0.0000   0.0000
    1616   0.7222   4.9957  15.3476   0.0000   0.0000   0.0000
    1617   0.7924   5.2434  16.0799   0.0000   0.0000   0.0000
    1618   1.2248   4.5147  15.4891   0.0000   0.0000   0.0000
    1619   0.8869   4.9216  15.6086   0.0000   0.0000   0.0000
    1620   0.8756   5.8128  14.6411   0.0000   0.0000   0.0000
    1621  -0.1888   5.1200  15.3497   0.0000   0.0000   0.0000
    1622   0.3360   5.2231  15.2704   0.0000   0.0000   0.0000
    1623   0.1309   4.9371  15.1426   0.0000   0.0000   0.0000
    1624   1.0106   4.6386  15.6426   0.0000   0.0000   0.0000
    1625   0.9784   4.3665  16.4427   0.0000   0.0000   0.0000
    1626   2.1790   4.8338  15.9643   0.0000   0.0000   0.0000
    1627   0.5457   5.1514  15.0276   0.0000   0.0000   0.0000
    1628   2.0307   4.9220  16.3646   0.0000   0.0000   0.0000
    1629   2.0113   5.6637  16.0079   0.0000   0.0000   0.0000
    1630   1.6396   6.0904  16.5806   0.0000   0.0000   0.0000
    1631   2.4521   6.4669  15.5777   0.0000   0.0000   0.0000
    1632   1.9427   5.2543  15.8782   0.0000   0.0000   0.0000
    1633   2.1933   5.2623  15.7879   0.0000   0.0000   0.0000
    1634   3.1767   5.4688  16.3241   0.0000   0.0000   0.0000
    1635   2.1563   5.6191  15.0922   0.0000   0.0000   0.0000
    1636   1.7346   5.5535  14.3170   0.0000   0.0000   0.0000
    1637   1.6897   5.3013  15.1182   0.0000   0.0000   0.0000
    1638   1.7934   6.0156  14.2897   0.0000   0.0000   0.0000
    1639   1.9962   5.9806  14.6055   0.0000   0.0000   0.0000
    1640   2.2463   5.2098  16.3461   0.0000   0.0000   0.0000
    1641   1.3228   6.0170  16.6346   0.0000   0.0000   0.0000
    1642   1.3638   6.4948  16.8192   0.0000   0.0000   0.0000
    1643   1.9913   6.5857  16.5565   0.0000   0.0000   0.0000
    1644   2.6848   5.3304  17.1268   0.0000   0.0000   0.0000
    1645   2.0839   4.9015  15.7940   0.0000   0.0000   0.0000
    1646   2.6947   4.8802  16.4962   0.0000   0.0000   0.0000
    1647   2.6350   3.9891  16.7855   0.0000   0.0000   0.0000
    1648   2.0605   4.7560  15.8548   0.0000   0.0000   0.0000
    1649   2.5472   4.6051  15.6206   0.0000   0.0000   0.0000
    1650   3.1489   5.1844  16.0230   0.0000   0.0000   0.0000
    1651   1.9141   5.4379  15.4555   0.0000   0.0000   0.0000
    1652   2.5182   5.1227  16.1227   0.0000   0.0000   0.0000
    1653   2.8737   4.2071  16.1781   0.0000   0.0000   0.0000
    1654   2.4121   5.3074  15.4611   0.0000   0.0000   0.0000
    1655   2.7644   5.6631  15.9096   0.0000   0.0000   0.0000
    1656   2.9826   5.8713  16.0347   0.0000   0.0000   0.0000
    1657   2.4364   6.1558  15.7383   0.0000   0.0000   0.0000
    1658   2.4039   5.7583  15.4221   0.0000   0.0000   0.0000
    1659   2.9363   5.6813  14.9723   0.0000   0.0000   0.0000
    1660   2.0883   5.3348  15.1298   0.0000   0.0000   0.0000
    1661   2.6251   4.7398  14.6026   0.0000   0.0000   0.0000
    1662   2.2293   5.6655  14.9938   0.0000   0.0000   0.0000
    1663   2.8421   5.4413  14.8988   0.0000   0.0000   0.0000
    1664   2.4074   5.5182  14.6636   0.0000   0.0000   0.0000
    1665   2.3760   5.6472  14.6361   0.0000   0.0000   0.0000
    1666   2.8261   5.9862  15.3060   0.0000   0.0000   0.0000
    1667   2.5078   5.8898  15.1381   0.0000   0.0000   0.0000
    1668   2.6141   6.2922  14.9947   0.0000   0.0000   0.0000
    1669   2.0822   5.9485  14.5643   0.0000   0.0000   0.0000
    1670   2.5677   6.9297  14.6376   0.0000   0.0000   0.0000
    1671   2.6053   6.5096  14.4755   0.0000   0.0000   0.0000
    1672   3.5659   5.8147  14.5871   0.0000   0.0000   0.0000
    1673   3.2071   5.9198  15.4976   0.0000   0.0000   0.0000
    1674   2.5925   5.6821  16.0923   0.0000   0.0000   0.0000
    1675   2.8638   5.4394  15.0453   0.0000   0.0000   0.0000
    1676   2.5712   5.9991  15.4787   0.0000   0.0000   0.0000
    1677   1.5886   6.0806  15.0793   0.0000   0.0000   0.0000
    1678   2.8169   6.6185  14.3796   0.0000   0.0000   0.0000
    1679   2.7002   5.5407  14.0649   0.0000   0.0000   0.0000
    1680   2.7483   5.7963  14.8797   0.0000   0.0000   0.0000
    1681   2.8366   6.3164  14.9314   0.0000   0.0000   0.0000
    1682   2.5131   5.6409  14.8738   0.0000   0.0000   0.0000
    1683   2.9755   6.2883  14.5994   0.0000   0.0000   0.0000
    1684   3.0071   5.8119  15.1050   0.0000   0.0000   0.0000
    1685   1.7742   5.7117  15.6286   0.0000   0.0000   0.0000
    1686   1.9532   5.1242  15.4633   0.0000   0.0000   0.0000
    1687   2.0143   5.0703  15.8000   0.0000   0.0000   0.0000
    1688   3.3972   5.4532  15.6751   0.0000   0.0000   0.0000
    1689   2.1987   6.3752  15.3691   0.0000   0.0000   0.0000
    1690   2.6866   5.9700  14.8292   0.0000   0.0000   0.0000
    1691   1.4807   6.5974  14.9923   0.0000   0.0000   0.0000
    1692   1.6329   5.6911  14.8586   0.0000   0.0000   0.0000
    1693   2.8567   6.6497  14.8916   0.0000   0.0000   0.0000
    1694   2.8917   5.8310  14.5261   0.0000   0.0000   0.0000
    1695   2.2033   5.3812  15.1497   0.0000   0.0000   0.0000
    1696   2.0403   6.9011  14.8350   0.0000   0.0000   0.0000
    1697   2.6858   5.8999  14.6907   0.0000   0.0000   0.0000
    1698   3.0052   5.9407  15.0607   0.0000   0.0000   0.0000
    1699   2.3690   6.7677  14.6676   0.0000   0.0000   0.0000
    1700   1.6481   5.5846  14.5143   0.0000   0.0000   0.0000
    1701   1.2132   5.2881  14.3803   0.0000   0.0000   0.0000
    1702   2.1495   6.4921  14.9117   0.0000   0.0000   0.0000
    1703   1.4403   6.7129  14.6189   0.0000   0.0000   0.0000
    1704   1.5389   7.7074  14.7674   0.0000   0.0000   0.0000
    1705   2.0627   6.9154  14.1318   0.0000   0.0000   0.0000
    1706   1.8520   7.3857  14.3592   0.0000   0.0000   0.0000
    1707   1.2939   6.8935  15.0080   0.0000   0.0000   0.0000
    1708   0.7209   5.7329  14.1583   0.0000   0.0000   0.0000
    1709   0.7478   7.2640  14.5612   0.0000   0.0000   0.0000
    1710   1.7875   7.1837  14.4628   0.0000   0.0000   0.0000
    1711   1.0350   7.1250  14.2444   0.0000   0.0000   0.0000
    1712   1.0200   6.4186  14.4183   0.0000   0.0000   0.0000
    1713   1.1978   7.5355  13.7053   0.0000   0.0000   0.0000
    1714   1.6032   7.8424  14.4141   0.0000   0.0000   0.0000
    1715   1.5832   7.6408  13.6771   0.0000   0.0000   0.0000
    1716   1.3528   7.2294  14.1628   0.0000   0.0000   0.0000
    1717   1.6010   5.9642  13.7022   0.0000   0.0000   0.0000
    1718   1.7595   6.3692  14.1309   0.0000   0.0000   0.0000
    1719   1.6520   7.8722  14.8709   0.0000   0.0000   0.0000
    1720   1.1442   6.1701  14.2800   0.0000   0.0000   0.0000
    1721   1.4007   6.4829  14.0135   0.0000   0.0000   0.0000
    1722   2.0454   7.1592  13.5069   0.0000   0.0000   0.0000
    1723   1.8118   7.6686  13.7758   0.0000   0.0000   0.0000
    1724   1.8650   7.7130  13.9037   0.0000   0.0000   0.0000
    1725   1.7830   6.2364  14.8110   0.0000   0.0000   0.0000
    1726   1.3411   6.1274  14.6077   0.0000   0.0000   0.0000
    1727   0.8041   6.4825  13.5766   0.0000   0.0000   0.0000
    1728   1.5259   6.5297  14.2151   0.0000   0.0000   0.0000
    1729   0.9648   6.6702  14.2828   0.0000   0.0000   0.0000
    1730   1.3545   6.6926  14.5508   0.0000   0.0000   0.0000
    1731   0.5565   6.4928  13.8937   0.0000   0.0000   0.0000
    1732  -0.0155   7.0566  14.4230   0.0000   0.0000   0.0000
    1733   1.6855   5.9866  14.2044   0.0000   0.0000   0.0000
    1734   0.2331   5.9060  14.6043   0.0000   0.0000   0.0000
    1735   0.6806   6.4770  14.8952   0.0000   0.0000   0.0000
    1736  -0.4398   6.2997  14.6159   0.0000   0.0000   0.0000
    1737   0.5526   6.5395  14.0510   0.0000   0.0000   0.0000
    1738  -1.1282   6.9551  14.2622   0.0000   0.0000   0.0000
    1739  -1.3424   6.1541  14.0665   0.0000   0.0000   0.0000
    1740  -0.3521   6.2497  14.5228   0.0000   0.0000   0.0000
    1741  -0.0696   5.2670  14.6686   0.0000   0.0000   0.0000
    1742   0.0468   5.3725  15.0832   0.0000   0.0000   0.0000
    1743   0.1069   6.3164  14.5836   0.0000   0.0000   0.0000
    1744   0.4793   5.4417  15.0119   0.0000   0.0000   0.0000
    1745   0.3855   5.8946  14.5649   0.0000   0.0000   0.0000
    1746   0.5658   5.9802  14.5151   0.0000   0.0000   0.0000
    1747   0.2417   6.5524  14.8975   0.0000   0.0000   0.0000
    1748  -0.1920   6.7380  14.9826   0.0000   0.0000   0.0000
    1749  -0.2688   6.4628  15.0168   0.0000   0.0000   0.0000
    1750  -0.3742   5.3181  15.0303   0.0000   0.0000   0.0000
    1751   0.1800   6.3906  14.5958   0.0000   0.0000   0.0000
    1752  -1.5330   6.6726  14.7731   0.0000   0.0000   0.0000
    1753  -0.2461   6.1845  15.3110   0.0000   0.0000   0.0000
    1754  -0.8629   6.0406  14.6911   0.0000   0.0000   0.0000
    1755  -0.0729   6.0719  14.9477   0.0000   0.0000   0.0000
    1756  -0.0089   6.4882  14.8936   0.0000   0.0000   0.0000
    1757  -0.6126   6.7969  15.7421   0.0000   0.0000   0.0000
    1758  -1.0470   7.1100  15.8143   0.0000   0.0000   0.0000
    1759  -0.2511   7.7517  15.7013   0.0000   0.0000   0.0000
    1760   0.2836   7.1852  15.6952   0.0000   0.0000   0.0000
    1761  -1.6873   7.1375  15.7586   0.0000   0.0000   0.0000
    1762  -0.0953   8.1410  16.2266   0.0000   0.0000   0.0000
    1763  -0.3216   7.5143  16.1001   0.0000   0.0000   0.0000
    1764   0.0504   8.1726  15.9363   0.0000   0.0000   0.0000
    1765  -0.4351   7.6064  15.3744   0.0000   0.0000   0.0000
    1766  -0.2808   6.9425  15.9199   0.0000   0.0000   0.0000
    1767  -0.6382   7.8416  16.5821   0.0000   0.0000   0.0000
    1768  -0.3849   7.7242  16.0812   0.0000   0.0000   0.0000
    1769  -0.1741   6.6265  16.9990   0.0000   0.0000   0.0000
    1770  -0.8357   7.2674  16.6209   0.0000   0.0000   0.0000
    1771  -0.7065   7.6192  16.4826   0.0000   0.0000   0.0000
    1772  -0.2815   8.1238  16.3587   0.0000   0.0000   0.0000
    1773  -0.4713   7.3142  16.8649   0.0000   0.0000   0.0000
    1774  -0.8462   7.6656  15.9789   0.0000   0.0000   0.0000
    1775  -0.6140   7.1672  16.6996   0.0000   0.0000   0.0000
    1776  -0.7144   7.1770  16.5493   0.0000   0.0000   0.0000
    1777  -1.4369   6.9420  15.8732   0.0000   0.0000   0.0000
    1778  -1.2338   7.0713  16.1489   0.0000   0.0000   0.0000
    1779  -1.3279   6.7132  15.8371   0.0000   0.0000   0.0000
    1780  -1.2896   8.1906  16.3190   0.0000   0.0000   0.0000
    1781  -0.2743   7.2745  16.1268   0.0000   0.0000   0.0000
    1782  -0.7911   6.4473  16.1681   0.0000   0.0000   0.0000
    1783  -1.2812   6.7599  15.9654   0.0000   0.0000   0.0000
    1784  -2.7264   6.6333  16.3324   0.0000   0.0000   0.0000
    1785  -1.8571   6.2751  15.8637   0.0000   0.0000   0.0000
    1786  -1.2293   7.2107  15.9993   0.0000   0.0000   0.0000
    1787  -1.6281   7.4520  15.7135   0.0000   0.0000   0.0000
    1788  -1.0225   6.1891  15.7947   0.0000   0.0000   0.0000
    1789  -1.1618   6.2540  16.0650   0.0000   0.0000   0.0000
    1790  -1.3608   6.6466  15.1044   0.0000   0.0000   0.0000
    1791  -1.4729   7.1911  15.1460   0.0000   0.0000   0.0000
    1792  -1.1868   6.9517  14.9345   0.0000   0.0000   0.0000
    1793  -0.8759   5.9816  15.3188   0.0000   0.0000   0.0000
    1794  -0.3801   6.1145  15.6240   0.0000   0.0000   0.0000
    1795  -1.1490   6.5817  14.8340   0.0000   0.0000   0.0000
    1796  -0.8953   6.5048  14.2655   0.0000   0.0000   0.0000
    1797  -1.0501   6.3746  15.0948   0.0000   0.0000   0.0000
    1798  -1.4956   6.2758  14.6688   0.0000   0.0000   0.0000
    1799  -0.6058   7.0784  15.2838   0.0000   0.0000   0.0000
    1800  -2.0981   6.5278  15.1674   0.0000   0.0000   0.0000
    1801  -1.3641   5.9724  15.0476   0.0000   0.0000   0.0000
    1802  -1.7515   6.5091  15.0116   0.0000   0.0000   0.0000
    1803  -1.6644   5.9785  15.1735   0.0000   0.0000   0.0000
    1804  -2.2636   5.8459  15.5473   0.0000   0.0000   0.0000
    1805  -1.0952   5.3698  15.2861   0.0000   0.0000   0.0000
    1806  -2.1453   6.2335  15.5622   0.0000   0.0000   0.0000
    1807  -1.0586   5.7031  15.2948   0.0000   0.0000   0.0000
    1808  -1.2474   5.1808  15.8227   0.0000   0.0000   0.0000
    1809  -2.1195   5.3451  15.5861   0.0000   0.0000   0.0000
    1810  -1.5274   5.4217  15.9385   0.0000   0.0000   0.0000
    1811  -1.1797   5.7112  15.5315   0.0000   0.0000   0.0000
    1812  -1.3030   6.1220  16.1519   0.0000   0.0000   0.0000
    1813  -1.9645   6.2790  15.6422   0.0000   0.0000   0.0000
    1814  -1.1828   6.7456  16.0022   0.0000   0.0000   0.0000
    1815  -1.9329   6.8820  14.9676   0.0000   0.0000   0.0000
    1816  -0.9281   6.4614  15.0430   0.0000   0.0000   0.0000
    1817  -1.6373   5.5820  15.9108   0.0000   0.0000   0.0000
    1818  -0.4238   5.6725  15.7281   0.0000   0.0000   0.0000
    1819  -0.6865   5.6650  15.4380   0.0000   0.0000   0.0000
    1820  -1.1518   5.5555  15.1998   0.0000   0.0000   0.0000
    1821  -1.4343   5.4680  15.2238   0.0000   0.0000   0.0000
    1822  -0.9437   5.7379  14.8664   0.0000   0.0000   0.0000
    1823  -1.1911   6.5266  15.3094   0.0000   0.0000   0.0000
    1824  -1.1953   6.0233  15.4638   0.0000   0.0000   0.0000
    1825  -0.9109   4.9214  15.5439   0.0000   0.0000   0.0000
    1826  -0.6686   5.0044  16.1780   0.0000   0.0000   0.0000
    1827  -0.6326   5.1295  16.2811   0.0000   0.0000   0.0000
    1828  -0.3476   5.5463  15.7157   0.0000   0.0000   0.0000
    1829  -1.1791   5.6274  15.5082   0.0000   0.0000   0.0000
    1830  -0.6209   5.6147  15.1561   0.0000   0.0000   0.0000
    1831  -0.9480   5.3526  14.9867   0.0000   0.0000   0.0000
    1832  -1.4803   6.0021  15.6729   0.0000   0.0000   0.0000
    1833  -0.5638   5.5828  15.3907   0.0000   0.0000   0.0000
    1834  -1.3168   5.9190  16.9633   0.0000   0.0000   0.0000
    1835  -1.3394   5.0554  16.8520   0.0000   0.0000   0.0000
    1836  -0.8814   5.2212  16.2433   0.0000   0.0000   0.0000
    1837  -1.5049   5.7415  16.0882   0.0000   0.0000   0.0000
    1838  -1.6049   5.0398  16.2623   0.0000   0.0000   0.0000
    1839  -1.4198   4.7410  16.1419   0.0000   0.0000   0.0000
    1840  -0.7174   4.2392  15.8709   0.0000   0.0000   0.0000
    1841  -1.2684   4.0185  16.1518   0.0000   0.0000   0.0000
    1842  -1.6974   4.3677  16.1512   0.0000   0.0000   0.0000
    1843  -1.3407   4.5237  15.2918   0.0000   0.0000   0.0000
    1844  -1.2471   4.5890  13.9815   0.0000   0.0000   0.0000
    1845  -0.8119   4.5381  14.5065   0.0000   0.0000   0.0000
    1846  -1.3509   5.1194  15.3200   0.0000   0.0000   0.0000
    1847  -1.1751   4.7289  14.8029   0.0000   0.0000   0.0000
    1848  -1.3555   5.1814  15.1913   0.0000   0.0000   0.0000
    1849  -1.5411   5.2804  15.7348   0.0000   0.0000   0.0000
    1850  -1.6997   5.9038  15.7218   0.0000   0.0000   0.0000
    1851  -2.0510   5.8646  15.2925   0.0000   0.0000   0.0000
    1852  -2.3451   5.8791  14.9721   0.0000   0.0000   0.0000
    1853  -3.0731   4.8669  14.8094   0.0000   0.0000   0.0000
    1854  -2.9378   4.5939  15.1753   0.0000   0.0000   0.0000
    1855  -2.3090   4.5234  14.9370   0.0000   0.0000   0.0000
    1856  -2.1284   4.3802  14.5224   0.0000   0.0000   0.0000
    1857  -2.4602   4.6388  14.7917   0.0000   0.0000   0.0000
    1858  -2.6751   3.9883  15.3866   0.0000   0.0000   0.0000
    1859  -2.7414   4.9935  15.5573   0.0000   0.0000   0.0000
    1860  -1.6054   4.4748  15.8095   0.0000   0.0000   0.0000
    1861  -2.2095   4.6698  14.6895   0.0000   0.0000   0.0000
    1862  -2.0353   3.8667  15.0873   0.0000   0.0000   0.0000
    1863  -1.4260   4.4265  15.4970   0.0000   0.0000   0.0000
    1864  -2.0637   4.2183  15.0855   0.0000   0.0000   0.0000
    1865  -1.9228   5.0925  15.0813   0.0000   0.0000   0.0000
    1866  -1.0857   4.8300  14.3542   0.0000   0.0000   0.0000
    1867  -1.6552   4.9135  15.2221   0.0000   0.0000   0.0000
    1868  -1.6688   5.2815  15.5663   0.0000   0.0000   0.0000
    1869  -1.2875   4.9495  15.7297   0.0000   0.0000   0.0000
    1870  -1.5662   4.2507  15.6359   0.0000   0.0000   0.0000
    1871  -1.6951   4.1005  16.0885   0.0000   0.0000   0.0000
    1872  -1.1735   4.6364  15.4259   0.0000   0.0000   0.0000
    1873  -1.1442   4.2610  15.1184   0.0000   0.0000   0.0000
    1874  -1.3847   4.1584  14.4405   0.0000   0.0000   0.0000
    1875  -0.5833   3.8542  15.3435   0.0000   0.0000   0.0000
    1876  -0.0251   4.0967  14.8054   0.0000   0.0000   0.0000
    1877  -0.1068   4.5444  14.6631   0.0000   0.0000   0.0000
    1878  -0.8067   3.7929  15.1625   0.0000   0.0000   0.0000
    1879  -2.2447   4.0857  15.5777   0.0000   0.0000   0.0000
    1880  -2.1794   3.3605  15.4602   0.0000   0.0000   0.0000
    1881  -1.1789   3.7973  15.8654   0.0000   0.0000   0.0000
    1882  -1.9772   3.5473  16.2721   0.0000   0.0000   0.0000
    1883  -2.0147   3.9566  15.8815   0.0000   0.0000   0.0000
    1884  -0.9407   3.1011  16.1593   0.0000   0.0000   0.0000
    1885  -1.2331   3.5689  15.5787   0.0000   0.0000   0.0000
    1886  -0.2973   3.0375  16.6862   0.0000   0.0000   0.0000
    1887  -0.9492   3.8468  15.3274   0.0000   0.0000   0.0000
    1888  -0.4767   3.9769  15.5557   0.0000   0.0000   0.0000
    1889  -0.6957   3.5656  15.1041   0.0000   0.0000   0.0000
    1890  -1.2648   3.4424  15.4890   0.0000   0.0000   0.0000
    1891   0.6634   3.5792  15.6775   0.0000   0.0000   0.0000
    1892  -0.0049   3.5882  15.2348   0.0000   0.0000   0.0000
    1893  -0.2235   3.8798  14.6296   0.0000   0.0000   0.0000
    1894  -0.6587   4.4177  14.7603   0.0000   0.0000   0.0000
    1895   0.0949   4.5413  15.5342   0.0000   0.0000   0.0000
    1896  -0.8923   4.7293  14.5966   0.0000   0.0000   0.0000
    1897  -0.3549   4.3150  14.1581   0.0000   0.0000   0.0000
    1898   0.2291   4.7678  13.9501   0.0000   0.0000   0.0000
    1899  -0.4045   5.2305  13.9138   0.0000   0.0000   0.0000
    1900   0.4496   3.6354  13.8776   0.0000   0.0000   0.0000
    1901   0.4214   3.7126  14.3187   0.0000   0.0000   0.0000
    1902  -0.4273   3.2038  14.4178   0.0000   0.0000   0.0000
    1903  -0.7979   3.4904  14.6924   0.0000   0.0000   0.0000
    1904  -0.8497   3.1994  14.4002   0.0000   0.0000   0.0000
    1905  -0.1773   3.8904  13.6429   0.0000   0.0000   0.0000
    1906  -0.0575   3.8256  14.5079   0.0000   0.0000   0.0000
    1907  -1.4254   3.5324  14.6769   0.0000   0.0000   0.0000
    1908   0.4834   3.7906  15.0478   0.0000   0.0000   0.0000
    1909  -0.1019   3.7365  14.8358   0.0000   0.0000   0.0000
    1910  -0.2012   4.1759  14.5805   0.0000   0.0000   0.0000
    1911  -0.0502   3.3747  14.7782   0.0000   0.0000   0.0000
    1912  -0.4908   3.0603  14.8149   0.0000   0.0000   0.0000
    1913  -0.3354   3.0210  15.4288   0.0000   0.0000   0.0000
    1914   0.3927   4.3308  15.3000   0.0000   0.0000   0.0000
    1915   0.6553   4.5599  14.6429   0.0000   0.0000   0.0000
    1916   1.2135   4.1977  15.0076   0.0000   0.0000   0.0000
    1917  -0.0468   4.2156  15.2041   0.0000   0.0000   0.0000
    1918   0.1157   4.0736  14.8710   0.0000   0.0000   0.0000
    1919   0.0025   2.8513  14.5030   0.0000   0.0000   0.0000
    1920  -0.9161   2.6611  14.7313   0.0000   0.0000   0.0000
    1921  -0.1654   3.1604  14.4440   0.0000   0.0000   0.0000
    1922  -0.3198   2.9692  13.7902   0.0000   0.0000   0.0000
    1923  -0.4118   3.8500  13.5539   0.0000   0.0000   0.0000
    1924  -0.2888   3.1085  13.7775   0.0000   0.0000   0.0000
    1925  -0.0558   4.1915  12.5724   0.0000   0.0000   0.0000
    1926  -0.4944   3.5686  13.5968   0.0000   0.0000   0.0000
    1927  -0.6624   4.4107  13.2924   0.0000   0.0000   0.0000
    1928  -0.8538   4.4297  13.5801   0.0000   0.0000   0.0000
    1929  -0.7625   3.8588  13.8590   0.0000   0.0000   0.0000
    1930  -0.5388   3.6158  13.4649   0.0000   0.0000   0.0000
    1931   0.0298   3.7756  14.0729   0.0000   0.0000   0.0000
    1932  -0.1054   3.8907  13.5912   0.0000   0.0000   0.0000
    1933  -0.7289   3.1677  13.6997   0.0000   0.0000   0.0000
    1934  -0.8163   3.1407  14.3000   0.0000   0.0000   0.0000
    1935  -0.9976   2.9646  13.7728   0.0000   0.0000   0.0000
    1936  -0.6162   3.9279  14.0005   0.0000   0.0000   0.0000
    1937  -0.9613   3.2170  13.8230   0.0000   0.0000   0.0000
    1938  -0.9978   4.2316  13.9758   0.0000   0.0000   0.0000
    1939  -0.7228   4.0993  13.5161   0.0000   0.0000   0.0000
    1940  -1.1849   4.4383  13.8989   0.0000   0.0000   0.0000
    1941  -0.3282   4.2631  14.0662   0.0000   0.0000   0.0000
    1942  -0.3235   3.4158  14.0491   0.0000   0.0000   0.0000
    1943  -0.9199   3.5809  14.7206   0.0000   0.0000   0.0000
    1944  -1.1352   3.5055  14.0059   0.0000   0.0000   0.0000
    1945  -0.9533   4.2321  14.6902   0.0000   0.0000   0.0000
    1946  -1.1427   4.2239  14.8392   0.0000   0.0000   0.0000
    1947  -1.1684   4.3550  14.7565   0.0000   0.0000   0.0000
    1948  -0.5876   4.0526  14.3889   0.0000   0.0000   0.0000
    1949  -0.4688   4.5890  14.5449   0.0000   0.0000   0.0000
    1950  -0.5984   4.5846  13.9194   0.0000   0.0000   0.0000
    1951  -1.1063   3.9038  13.5675   0.0000   0.0000   0.0000
    1952  -0.2823   4.1360  13.8575   0.0000   0.0000   0.0000
    1953  -1.5152   4.4242  13.9287   0.0000   0.0000   0.0000
    1954  -1.7200   4.3999  14.2481   0.0000   0.0000   0.0000
    1955  -1.2419   4.8317  13.7544   0.0000   0.0000   0.0000
    1956  -1.5009   4.7934  14.2142   0.0000   0.0000   0.0000
    1957  -1.5241   4.2686  14.3635   0.0000   0.0000   0.0000
    1958  -1.6532   5.3970  13.6155   0.0000   0.0000   0.0000
    1959  -1.2681   4.6963  13.3355   0.0000   0.0000   0.0000
    1960  -1.6308   5.1823  13.7328   0.0000   0.0000   0.0000
    1961  -2.2400   4.5987  14.1275   0.0000   0.0000   0.0000
    1962  -1.2508   5.0588  14.3989   0.0000   0.0000   0.0000
    1963  -1.3677   4.8976  13.7353   0.0000   0.0000   0.0000
    1964  -2.0237   4.8711  14.2004   0.0000   0.0000   0.0000
    1965  -2.1299   5.5697  14.0314   0.0000   0.0000   0.0000
    1966  -1.6331   4.8232  14.0198   0.0000   0.0000   0.0000
    1967  -1.6585   5.0840  13.4743   0.0000   0.0000   0.0000
    1968  -1.3634   5.7715  13.8123   0.0000   0.0000   0.0000
    1969  -1.2888   5.2783  13.7036   0.0000   0.0000   0.0000
    1970  -1.3143   5.6049  13.6473   0.0000   0.0000   0.0000
    1971  -1.4426   5.7464  13.5315   0.0000   0.0000   0.0000
    1972  -1.2562   5.8313  13.6708   0.0000   0.0000   0.0000
    1973  -1.2747   5.9612  13.4612   0.0000   0.0000   0.0000
    1974  -0.6273   5.3516  13.1841   0.0000   0.0000   0.0000
    1975  -1.3088   5.5889  13.3403   0.0000   0.0000   0.0000
    1976  -0.4073   4.9315  14.0602   0.0000   0.0000   0.0000
    1977  -0.9000   5.4974  14.3957   0.0000   0.0000   0.0000
    1978  -1.2361   5.4348  13.6589   0.0000   0.0000   0.0000
    1979  -0.6282   5.3895  13.9976   0.0000   0.0000   0.0000
    1980  -1.2461   5.4111  14.3018   0.0000   0.0000   0.0000
    1981  -1.4560   5.9406  13.9333   0.0000   0.0000   0.0000
    1982  -0.7479   5.7712  13.6411   0.0000   0.0000   0.0000
    1983  -1.4199   6.6336  13.3890   0.0000   0.0000   0.0000
    1984  -0.9579   5.7397  13.2619   0.0000   0.0000   0.0000
    1985  -0.5894   5.5590  13.4923   0.0000   0.0000   0.0000
    1986  -0.8311   5.7863  13.6748   0.0000   0.0000   0.0000
    1987  -0.9972   5.9942  13.7901   0.0000   0.0000   0.0000
    1988  -0.8450   6.5967  13.4081   0.0000   0.0000   0.0000
    1989   0.1088   6.9525  13.0493   0.0000   0.0000   0.0000
    1990   0.2471   5.7030  12.8971   0.0000   0.0000   0.0000
    1991  -0.3314   5.7348  13.4407   0.0000   0.0000   0.0000
    1992  -0.5675   6.0647  13.3799   0.0000   0.0000   0.0000
    1993  -0.6528   6.6083  13.6311   0.0000   0.0000   0.0000
    1994  -0.2547   6.4761  14.2223   0.0000   0.0000   0.0000
    1995  -0.6585   5.1678  14.6448   0.0000   0.0000   0.0000
    1996  -2.2233   5.9364  15.2951   0.0000   0.0000   0.0000
    1997  -1.4135   5.2268  14.8616   0.0000   0.0000   0.0000
    1998  -1.1725   4.9713  14.6443   0.0000   0.0000   0.0000
    1999  -0.7370   5.9159  14.7806   0.0000   0.0000   0.0000
    2000  -1.6564   5.6196  14.1816   0.0000   0.0000   0.0000
    2001  -1.5151   5.7482  14.8724   0.0000   0.0000   0.0000
    2002  -1.2068   5.7758  14.6636   0.0000   0.0000   0.0000
    2003  -1.0548   6.3308  14.3040   0.0000   0.0000   0.0000
    2004  -0.8840   5.8949  14.8162   0.0000   0.0000   0.0000
    2005  -1.9996   5.8404  14.8441   0.0000   0.0000   0.0000
    2006  -2.0713   5.3394  15.9230   0.0000   0.0000   0.0000
    2007  -1.5096   5.4945  15.2727   0.0000   0.0000   0.0000
    2008  -2.1405   6.3103  15.4302   0.0000   0.0000   0.0000
    2009  -2.1419   6.0566  15.0759   0.0000   0.0000   0.0000
    2010  -1.6104   5.3591  14.6559   0.0000   0.0000   0.0000
    2011  -2.8445   5.6382  14.5453   0.0000   0.0000   0.0000
    2012  -1.4642   6.4284  14.4053   0.0000   0.0000   0.0000
    2013  -1.5201   6.8737  13.9717   0.0000   0.0000   0.0000
    2014  -2.6840   6.4006  14.2843   0.0000   0.0000   0.0000
    2015  -2.2302   6.0909  14.9802   0.0000   0.0000   0.0000
    2016  -1.6507   5.6112  14.5013   0.0000   0.0000   0.0000
    2017  -1.4502   5.0634  14.7638   0.0000   0.0000   0.0000
    2018  -1.7293   6.0323  15.0391   0.0000   0.0000   0.0000
    2019  -2.0460   5.0404  15.3351   0.0000   0.0000   0.0000
    2020  -1.0363   5.6772  14.9128   0.0000   0.0000   0.0000
    2021  -1.9186   5.6135  14.9123   0.0000   0.0000   0.0000
    2022  -2.1411   5.2515  14.3597   0.0000   0.0000   0.0000
    2023  -1.8174   5.7615  13.9939   0.0000   0.0000   0.0000
    2024  -1.6744   6.1367  13.6830   0.0000   0.0000   0.0000
    2025  -1.9237   5.3127  13.4917   0.0000   0.0000   0.0000
    2026  -2.1937   5.5320  13.9861   0.0000   0.0000   0.0000
    2027  -1.6840   6.4740  14.7382   0.0000   0.0000   0.0000
    2028  -1.9403   6.6542  14.1325   0.0000   0.0000   0.0000
    2029  -1.4791   6.5060  14.0396   0.0000   0.0000   0.0000
    2030  -1.9730   5.9291  13.9030   0.0000   0.0000   0.0000
    2031  -1.6737   7.2129  12.9638   0.0000   0.0000   0.0000
    2032  -1.5826   6.5401  13.9952   0.0000   0.0000   0.0000
    2033  -0.8862   6.4045  13.9206   0.0000   0.0000   0.0000
    2034  -1.3950   6.9060  14.7196   0.0000   0.0000   0.0000
    2035  -2.0565   5.9870  14.0059   0.0000   0.0000   0.0000
    2036  -1.1812   6.2780  13.5868   0.0000   0.0000   0.0000
    2037  -0.8591   6.6670  13.8352   0.0000   0.0000   0.0000
    2038  -0.7596   6.7277  14.6846   0.0000   0.0000   0.0000
    2039  -1.1071   6.2054  15.0010   0.0000   0.0000   0.0000
    2040  -1.2021   5.9392  14.9864   0.0000   0.0000   0.0000
    2041  -0.4604   5.5712  14.7023   0.0000   0.0000   0.0000
    2042  -0.6519   7.4866  13.3914   0.0000   0.0000   0.0000
    2043  -0.3556   5.2464  14.6561   0.0000   0.0000   0.0000
    2044  -0.8420   6.4883  14.5464   0.0000   0.0000   0.0000
    2045  -1.0853   5.9139  13.9684   0.0000   0.0000   0.0000
    2046   0.0006   6.0253  14.4965   0.0000   0.0000   0.0000
    2047  -0.4880   6.1972  14.3746   0.0000   0.0000   0.0000
    2048  -0.2959   6.5835  13.9536   0.0000   0.0000   0.0000
    2049  -0.4830   5.8356  13.6096   0.0000   0.0000   0.0000
    2050  -0.1896   6.4882  13.4877   0.0000   0.0000   0.0000
    2051   0.1476   6.1885  13.4629   0.0000   0.0000   0.0000
    2052  -0.4636   6.0785  12.8840   0.0000   0.0000   0.0000
    2053  -1.1631   6.6087  13.2803   0.0000   0.0000   0.0000
    2054  -1.0505   6.5872  12.7867   0.0000   0.0000   0.0000
    2055  -0.8770   6.5768  12.6917   0.0000   0.0000   0.0000
    2056  -0.8334   6.5673  12.6246   0.0000   0.0000   0.0000
    2057  -0.7413   6.7173  12.2959   0.0000   0.0000   0.0000
    2058  -1.0448   6.8962  12.6550   0.0000   0.0000   0.0000
    2059  -1.1771   6.4783  11.8040   0.0000   0.0000   0.0000
    2060  -1.3074   5.9750  12.4017   0.0000   0.0000   0.0000
    2061  -0.4475   6.0829  11.9484   0.0000   0.0000   0.0000
    2062  -0.5333   5.6206  11.7704   0.0000   0.0000   0.0000
    2063  -0.6629   6.2990  11.5130   0.0000   0.0000   0.0000
    2064  -1.5656   6.3143  12.3074   0.0000   0.0000   0.0000
    2065  -0.6401   6.2487  12.5822   0.0000   0.0000   0.0000
    2066  -0.0659   5.7954  12.2718   0.0000   0.0000   0.0000
    2067  -0.6915   7.0611  12.6620   0.0000   0.0000   0.0000
    2068  -1.4881   5.6396  13.0044   0.0000   0.0000   0.0000
    2069  -0.9714   5.6153  12.5292   0.0000   0.0000   0.0000
    2070  -1.0199   4.8404  11.8681   0.0000   0.0000   0.0000
    2071  -1.3198   5.8149  12.3220   0.0000   0.0000   0.0000
    2072  -0.8542   6.4742  13.3569   0.0000   0.0000   0.0000
    2073  -0.8221   6.6020  13.1788   0.0000   0.0000   0.0000
    2074  -1.1799   6.4364  12.8777   0.0000   0.0000   0.0000
    2075  -1.3136   6.4108  13.1047   0.0000   0.0000   0.0000
    2076  -0.2165   6.4787  13.3905   0.0000   0.0000   0.0000
    2077  -0.7223   6.6136  13.5778   0.0000   0.0000   0.0000
    2078   0.0233   5.8956  12.4963   0.0000   0.0000   0.0000
    2079   0.1510   6.7755  13.6029   0.0000   0.0000   0.0000
    2080  -0.0702   6.5744  12.9554   0.0000   0.0000   0.0000
    2081  -0.0401   6.9597  12.6223   0.0000   0.0000   0.0000
    2082  -0.2212   6.7474  13.1121   0.0000   0.0000   0.0000
    2083  -0.0316   6.7353  12.4400   0.0000   0.0000   0.0000
    2084  -1.2562   6.2287  13.0880   0.0000   0.0000   0.0000
    2085   0.0774   6.0934  12.8971   0.0000   0.0000   0.0000
    2086  -0.3844   6.4328  13.1012   0.0000   0.0000   0.0000
    2087   0.1103   5.9647  12.5828   0.0000   0.0000   0.0000
    2088   0.0612   5.8942  10.7028   0.0000   0.0000   0.0000
    2089  -0.2802   6.4576  12.0431   0.0000   0.0000   0.0000
    2090  -0.4450   6.6821  12.3757   0.0000   0.0000   0.0000
    2091  -0.1297   7.4065  12.1120   0.0000   0.0000   0.0000
    2092   0.1762   6.8088  11.4100   0.0000   0.0000   0.0000
    2093  -0.4559   6.7700  12.3234   0.0000   0.0000   0.0000
    2094  -0.9302   7.2837  11.7112   0.0000   0.0000   0.0000
    2095  -0.8004   6.5776  11.8721   0.0000   0.0000   0.0000
    2096  -0.3997   7.3868  12.0512   0.0000   0.0000   0.0000
    2097   0.2065   6.4909  12.6555   0.0000   0.0000   0.0000
    2098  -0.2850   6.1528  12.0154   0.0000   0.0000   0.0000
    2099  -0.9663   6.5445  12.8516   0.0000   0.0000   0.0000
    2100  -1.0557   7.0472  12.2796   0.0000   0.0000   0.0000
    2101  -1.1139   5.9647  12.2009   0.0000   0.0000   0.0000
    2102  -0.3888   5.9273  12.1662   0.0000   0.0000   0.0000
    2103  -0.5622   6.1432  11.5224   0.0000   0.0000   0.0000
    2104  -0.6228   6.1132  11.9334   0.0000   0.0000   0.0000
    2105   0.6735   6.7306  11.4556   0.0000   0.0000   0.0000
    2106  -0.2690   5.8554  11.5419   0.0000   0.0000   0.0000
    2107  -0.6557   6.9361  10.8866   0.0000   0.0000   0.0000
    2108  -0.0717   6.5182  11.0962   0.0000   0.0000   0.0000
    2109  -1.0304   7.2483  11.1486   0.0000   0.0000   0.0000
    2110  -1.1042   7.5361  11.3135   0.0000   0.0000   0.0000
    2111  -0.7259   6.7909  11.8858   0.0000   0.0000   0.0000
    2112  -0.3740   6.8706  11.7975   0.0000   0.0000   0.0000
    2113  -0.9636   6.8007  12.0061   0.0000   0.0000   0.0000
    2114  -0.6886   7.0037  12.7528   0.0000   0.0000   0.0000
    2115  -0.1041   6.9108  11.8977   0.0000   0.0000   0.0000
    2116   0.6779   7.3760  11.6702   0.0000   0.0000   0.0000
    2117  -0.2630   7.3427  11.9031   0.0000   0.0000   0.0000
    2118  -0.4544   7.1607  11.9811   0.0000   0.0000   0.0000
    2119   0.1497   7.4440  11.9341   0.0000   0.0000   0.0000
    2120   1.1437   7.9866  11.7998   0.0000   0.0000   0.0000
    2121   1.0992   7.1091  11.8556   0.0000   0.0000   0.0000
    2122   0.3107   6.8493  12.6199   0.0000   0.0000   0.0000
    2123   0.3487   7.3669  13.4544   0.0000   0.0000   0.0000
    2124  -0.0872   7.0469  12.8261   0.0000   0.0000   0.0000
    2125  -0.1240   6.9847  12.3001   0.0000   0.0000   0.0000
    2126   0.6613   6.7775  12.6087   0.0000   0.0000   0.0000
    2127  -0.0400   6.9394  13.0396   0.0000   0.0000   0.0000
    2128   0.3766   7.8761  12.9457   0.0000   0.0000   0.0000
    2129   0.0364   7.4871  13.3615   0.0000   0.0000   0.0000
    2130  -0.3272   7.8641  12.7408   0.0000   0.0000   0.0000
    2131   0.4991   8.6209  12.7791   0.0000   0.0000   0.0000
    2132  -0.3718   8.0581  13.1170   0.0000   0.0000   0.0000
    2133  -1.3709   8.1970  13.6073   0.0000   0.0000   0.0000
    2134   0.2497   7.8801  13.3140   0.0000   0.0000   0.0000
    2135   0.2540   7.8895  13.4847   0.0000   0.0000   0.0000
    2136   0.3609   7.5110  13.7219   0.0000   0.0000   0.0000
    2137  -0.3783   8.1067  13.4565   0.0000   0.0000   0.0000
    2138   0.6615   7.6550  14.2948   0.0000   0.0000   0.0000
    2139  -0.3050   7.6251  14.0213   0.0000   0.0000   0.0000
    2140   0.7323   7.7333  14.1759   0.0000   0.0000   0.0000
    2141  -0.3583   7.1074  14.9759   0.0000   0.0000   0.0000
    2142   0.1567   7.2361  14.5602   0.0000   0.0000   0.0000
    2143  -0.6329   7.1178  14.6209   0.0000   0.0000   0.0000
    2144   0.1292   6.7841  14.1109   0.0000   0.0000   0.0000
    2145  -0.1387   7.1460  14.6588   0.0000   0.0000   0.0000
    2146  -0.2990   7.0921  15.2654   0.0000   0.0000   0.0000
    2147  -0.5974   7.1779  15.0605   0.0000   0.0000   0.0000
    2148   0.8483   7.2510  15.1089   0.0000   0.0000   0.0000
    2149   0.5201   7.4644  15.2803   0.0000   0.0000   0.0000
    2150   0.3873   7.0756  14.9003   0.0000   0.0000   0.0000
    2151  -0.1005   7.1582  15.5623   0.0000   0.0000   0.0000
    2152   1.2687   7.4968  15.4837   0.0000   0.0000   0.0000
    2153   0.9865   7.6458  15.2330   0.0000   0.0000   0.0000
    2154   0.9225   7.1018  15.0508   0.0000   0.0000   0.0000
    2155   0.9456   6.3953  14.7395   0.0000   0.0000   0.0000
    2156   0.4729   6.8722  15.2275   0.0000   0.0000   0.0000
    2157   0.4116   6.2033  15.1620   0.0000   0.0000   0.0000
    2158   0.9212   6.9446  15.4609   0.0000   0.0000   0.0000
    2159   0.5804   7.0902  15.4325   0.0000   0.0000   0.0000
    2160  -0.2041   7.0418  16.1664   0.0000   0.0000   0.0000
    2161  -0.8580   7.3753  16.0705   0.0000   0.0000   0.0000
    2162  -0.8177   6.0666  15.5551   0.0000   0.0000   0.0000
    2163  -0.2698   7.0243  15.3642   0.0000   0.0000   0.0000
    2164  -0.4772   6.6803  15.8329   0.0000   0.0000   0.0000
    2165  -0.5819   6.2264  15.2050   0.0000   0.0000   0.0000
    2166  -0.9649   6.4367  14.9380   0.0000   0.0000   0.0000
    2167  -0.0919   6.4326  14.8572   0.0000   0.0000   0.0000
    2168  -0.3078   6.1452  15.6015   0.0000   0.0000   0.0000
    2169  -0.7423   6.1289  15.0729   0.0000   0.0000   0.0000
    2170  -0.4171   6.5092  14.9905   0.0000   0.0000   0.0000
    2171   0.2006   7.0975  15.7987   0.0000   0.0000   0.0000
    2172   0.6665   7.4912  14.2031   0.0000   0.0000   0.0000
    2173   0.4727   7.2076  15.1755   0.0000   0.0000   0.0000
    2174   1.2340   6.9620  14.7030   0.0000   0.0000   0.0000
    2175   1.1167   7.1072  15.3408   0.0000   0.0000   0.0000
    2176   0.9908   6.4966  15.6298   0.0000   0.0000   0.0000
    2177   0.9743   6.6061  15.9908   0.0000   0.0000   0.0000
    2178   1.1697   7.5310  15.5967   0.0000   0.0000   0.0000
    2179   1.5167   7.7144  15.5787   0.0000   0.0000   0.0000
    2180   1.0393   8.2678  16.5601   0.0000   0.0000   0.0000
    2181   1.8602   8.1707  15.1700   0.0000   0.0000   0.0000
    2182   0.8973   7.4953  15.8376   0.0000   0.0000   0.0000
    2183   1.1650   6.8406  16.0297   0.0000   0.0000   0.0000
    2184   0.6279   6.7542  15.9430   0.0000   0.0000   0.0000
    2185   0.3369   7.3346  15.3969   0.0000   0.0000   0.0000
    2186  -0.6926   8.4191  15.2600   0.0000   0.0000   0.0000
    2187   0.0593   7.3665  15.3315   0.0000   0.0000   0.0000
    2188   0.0960   7.6708  15.3228   0.0000   0.0000   0.0000
    2189  -0.2591   6.3963  15.7735   0.0000   0.0000   0.0000
    2190   0.4833   6.7331  15.8782   0.0000   0.0000   0.0000
    2191   0.2259   8.1443  15.2980   0.0000   0.0000   0.0000
    2192   1.4100   6.8665  15.8057   0.0000   0.0000   0.0000
    2193   0.4314   7.7348  15.2133   0.0000   0.0000   0.0000
    2194  -0.2634   8.5113  15.4356   0.0000   0.0000   0.0000
    2195   0.1026   7.7344  16.2142   0.0000   0.0000   0.0000
    2196  -0.1727   7.2729  15.3438   0.0000   0.0000   0.0000
    2197  -0.2116   7.1971  16.5336   0.0000   0.0000   0.0000
    2198  -0.1675   7.5044  16.0837   0.0000   0.0000   0.0000
    2199   1.0706   7.9587  16.1969   0.0000   0.0000   0.0000
    2200   1.0799   7.2194  16.4562   0.0000   0.0000   0.0000
    2201  -0.5479   7.7360  16.5875   0.0000   0.0000   0.0000
    2202  -0.8999   6.8263  16.1711   0.0000   0.0000   0.0000
    2203   0.1752   6.8719  16.2724   0.0000   0.0000   0.0000
    2204   0.3784   6.3486  15.4879   0.0000   0.0000   0.0000
    2205   0.4005   5.7620  16.5838   0.0000   0.0000   0.0000
    2206   0.6989   6.7129  16.2006   0.0000   0.0000   0.0000
    2207  -0.8590   6.2482  16.0707   0.0000   0.0000   0.0000
    2208  -0.5067   7.5562  15.9316   0.0000   0.0000   0.0000
    2209  -1.1436   6.9915  15.9362   0.0000   0.0000   0.0000
    2210  -1.2526   7.1507  15.3420   0.0000   0.0000   0.0000
    2211  -1.4615   7.2824  15.2946   0.0000   0.0000   0.0000
    2212  -1.0906   6.7850  15.4438   0.0000   0.0000   0.0000
    2213  -1.8282   7.2316  15.4029   0.0000   0.0000   0.0000
    2214  -1.0362   7.8959  14.9828   0.0000   0.0000   0.0000
    2215  -0.6072   7.8369  15.1170   0.0000   0.0000   0.0000
    2216  -0.3236   8.3924  15.0489   0.0000   0.0000   0.0000
    2217  -1.3794   8.5705  15.6373   0.0000   0.0000   0.0000
    2218  -0.9001   8.0182  15.5821   0.0000   0.0000   0.0000
    2219  -1.1662   7.6001  15.8729   0.0000   0.0000   0.0000
    2220  -1.4225   7.6275  16.0280   0.0000   0.0000   0.0000
    2221  -0.7837   8.1704  15.5602   0.0000   0.0000   0.0000
    2222  -0.4466   6.8256  16.2915   0.0000   0.0000   0.0000
    2223  -0.9611   7.5108  15.7834   0.0000   0.0000   0.0000
    2224  -0.8787   6.7997  16.0054   0.0000   0.0000   0.0000
    2225  -1.1344   6.8949  15.3226   0.0000   0.0000   0.0000
    2226  -0.1595   7.2627  16.2898   0.0000   0.0000   0.0000
    2227  -1.5975   6.4239  16.1200   0.0000   0.0000   0.0000
    2228  -1.4672   6.0468  16.8411   0.0000   0.0000   0.0000
    2229  -1.4410   7.0637  17.3824   0.0000   0.0000   0.0000
    2230  -0.9735   7.2742  17.0079   0.0000   0.0000   0.0000
    2231  -0.9032   5.4356  17.3226   0.0000   0.0000   0.0000
    2232  -1.9144   6.8741  16.9141   0.0000   0.0000   0.0000
    2233  -0.4963   6.9089  17.1219   0.0000   0.0000   0.0000
    2234   0.4651   7.3953  16.5231   0.0000   0.0000   0.0000
    2235  -0.2942   6.1422  16.7120   0.0000   0.0000   0.0000
    2236  -0.9414   6.1820  15.3971   0.0000   0.0000   0.0000
    2237  -1.1664   6.2528  16.3739   0.0000   0.0000   0.0000
    2238  -0.7545   6.1229  15.8676   0.0000   0.0000   0.0000
    2239  -0.7930   6.3883  15.7763   0.0000   0.0000   0.0000
    2240  -1.4910   6.6299  16.5193   0.0000   0.0000   0.0000
    2241  -1.3791   6.4938  16.2555   0.0000   0.0000   0.0000
    2242  -1.2029   7.0314  16.8233   0.0000   0.0000   0.0000
    2243  -0.5195   7.1150  16.6635   0.0000   0.0000   0.0000
    2244  -1.2191   7.8994  16.4996   0.0000   0.0000   0.0000
    2245  -0.4835   7.7431  16.4910   0.0000   0.0000   0.0000
    2246  -0.4301   7.5077  16.0599   0.0000   0.0000   0.0000
    2247  -1.4127   7.4056  16.6145   0.0000   0.0000   0.0000
    2248  -0.6757   7.0230  16.0324   0.0000   0.0000   0.0000
    2249  -1.4427   6.5682  15.9316   0.0000   0.0000   0.0000
    2250  -1.5128   5.6660  16.5074   0.0000   0.0000   0.0000
    2251  -1.9488   6.8458  16.0787   0.0000   0.0000   0.0000
    2252  -1.3519   5.7982  15.7718   0.0000   0.0000   0.0000
    2253  -1.7774   6.0308  16.3577   0.0000   0.0000   0.0000
    2254  -0.1416   6.6671  16.2428   0.0000   0.0000   0.0000
    2255  -0.5540   7.0158  16.6775   0.0000   0.0000   0.0000
    2256  -1.0170   7.1887  15.5782   0.0000   0.0000   0.0000
    2257  -1.0128   6.6677  15.1037   0.0000   0.0000   0.0000
    2258  -1.3039   6.9977  16.2793   0.0000   0.0000   0.0000
    2259  -1.5768   5.9484  16.5809   0.0000   0.0000   0.0000
    2260  -0.7978   6.1927  16.3657   0.0000   0.0000   0.0000
    2261  -1.9382   6.2417  16.5641   0.0000   0.0000   0.0000
    2262  -1.7390   6.6196  16.0419   0.0000   0.0000   0.0000
    2263  -2.7009   6.1911  15.4691   0.0000   0.0000   0.0000
    2264  -1.6604   6.3310  15.4615   0.0000   0.0000   0.0000
    2265  -2.4228   7.0795  15.4973   0.0000   0.0000   0.0000
    2266  -2.3542   5.8621  15.9954   0.0000   0.0000   0.0000
    2267  -1.7105   5.8875  15.1009   0.0000   0.0000   0.0000
    2268  -1.3863   6.8585  15.3691   0.0000   0.0000   0.0000
    2269  -2.0001   6.5453  15.1765   0.0000   0.0000   0.0000
    2270  -0.8651   6.9593  15.5448   0.0000   0.0000   0.0000
    2271  -0.5310   6.7781  15.4205   0.0000   0.0000   0.0000
    2272  -1.2865   7.3870  16.0371   0.0000   0.0000   0.0000
    2273  -1.0545   6.3963  15.7620   0.0000   0.0000   0.0000
    2274  -1.3293   6.8478  16.2860   0.0000   0.0000   0.0000
    2275  -1.3245   7.2439  15.7246   0.0000   0.0000   0.0000
    2276  -1.2642   7.0436  16.6914   0.0000   0.0000   0.0000
    2277  -1.5862   7.0958  15.4158   0.0000   0.0000   0.0000
    2278  -0.3396   7.6880  16.0271   0.0000   0.0000   0.0000
    2279  -0.8383   7.6871  15.4783   0.0000   0.0000   0.0000
    2280  -0.6147   7.1111  15.6527   0.0000   0.0000   0.0000
    2281  -0.5997   7.2034  15.6955   0.0000   0.0000   0.0000
    2282  -0.9612   6.1539  15.6554   0.0000   0.0000   0.0000
    2283   0.0001   7.1244  15.3767   0.0000   0.0000   0.0000
    2284  -0.3834   7.7128  15.1325   0.0000   0.0000   0.0000
    2285  -0.8651   7.6817  14.7687   0.0000   0.0000   0.0000
    2286  -1.1139   7.4800  15.5576   0.0000   0.0000   0.0000
    2287  -0.6550   6.9953  15.0781   0.0000   0.0000   0.0000
    2288  -1.4284   7.5980  14.9787   0.0000   0.0000   0.0000
    2289  -1.0123   7.3880  14.5166   0.0000   0.0000   0.0000
    2290  -0.9946   6.6802  15.1951   0.0000   0.0000   0.0000
    2291  -1.0796   7.3925  15.6061   0.0000   0.0000   0.0000
    2292  -1.4419   6.2997  14.6162   0.0000   0.0000   0.0000
    2293  -0.9279   6.3972  14.7812   0.0000   0.0000   0.0000
    2294  -2.1464   6.3672  15.1361   0.0000   0.0000   0.0000
    2295  -1.4513   7.4944  15.6540   0.0000   0.0000   0.0000
    2296  -1.4117   7.0431  15.8309   0.0000   0.0000   0.0000
    2297  -2.0416   6.6863  16.3664   0.0000   0.0000   0.0000
    2298  -0.9585   7.2081  14.9547   0.0000   0.0000   0.0000
    2299  -0.9678   7.2643  14.6870   0.0000   0.0000   0.0000
    2300  -0.7024   7.2557  14.4608   0.0000   0.0000   0.0000
    2301  -0.5665   6.8164  14.4900   0.0000   0.0000   0.0000
    2302  -0.6777   6.2960  15.1706   0.0000   0.0000   0.0000
    2303  -1.0036   6.2354  14.8968   0.0000   0.0000   0.0000
    2304  -0.9555   7.2459  15.0218   0.0000   0.0000   0.0000
    2305  -0.5116   6.2767  15.2356   0.0000   0.0000   0.0000
    2306  -1.0601   6.3932  16.4660   0.0000   0.0000   0.0000
    2307  -0.8319   5.8465  15.6423   0.0000   0.0000   0.0000
    2308  -0.8226   5.3304  15.4475   0.0000   0.0000   0.0000
    2309  -1.4331   7.2259  15.6594   0.0000   0.0000   0.0000
    2310  -1.8706   6.4850  15.5597   0.0000   0.0000   0.0000
    2311  -1.3015   5.9544  15.4016   0.0000   0.0000   0.0000
    2312  -1.0293   6.1316  14.8249   0.0000   0.0000   0.0000
    2313  -1.4125   7.0980  14.9014   0.0000   0.0000   0.0000
    2314  -0.8680   7.8484  14.7140   0.0000   0.0000   0.0000
    2315  -1.7006   7.4607  15.1027   0.0000   0.0000   0.0000
    2316  -0.1989   7.6793  14.1481   0.0000   0.0000   0.0000
    2317  -1.2667   6.9311  14.6307   0.0000   0.0000   0.0000
    2318  -0.4356   7.0390  14.6323   0.0000   0.0000   0.0000
    2319  -1.1859   7.9394  15.5477   0.0000   0.0000   0.0000
    2320  -1.0820   6.8310  14.7317   0.0000   0.0000   0.0000
    2321  -1.2941   8.0988  14.2462   0.0000   0.0000   0.0000
    2322  -1.2796   7.7805  14.5187   0.0000   0.0000   0.0000
    2323  -1.5782   7.5371  14.3003   0.0000   0.0000   0.0000
    2324  -1.1993   8.1643  13.6853   0.0000   0.0000   0.0000
    2325  -1.2334   7.2680  14.8407   0.0000   0.0000   0.0000
    2326  -1.0780   8.1060  15.1087   0.0000   0.0000   0.0000
    2327  -0.7133   8.0717  15.3405   0.0000   0.0000   0.0000
    2328  -0.3123   8.0824  15.6270   0.0000   0.0000   0.0000
    2329  -0.2701   8.4489  14.6198   0.0000   0.0000   0.0000
    2330  -0.2309   8.4360  14.8080   0.0000   0.0000   0.0000
    2331  -0.5762   6.9625  15.0857   0.0000   0.0000   0.0000
    2332  -0.5144   7.3998  14.3240   0.0000   0.0000   0.0000
    2333  -0.7612   7.0391  14.9389   0.0000   0.0000   0.0000
    2334  -0.8441   7.5531  13.0186   0.0000   0.0000   0.0000
    2335  -0.6407   7.1464  13.3975   0.0000   0.0000   0.0000
    2336  -0.5794   7.9274  13.7869   0.0000   0.0000   0.0000
    2337  -0.2344   8.0164  14.4237   0.0000   0.0000   0.0000
    2338  -0.3153   7.2926  14.2513   0.0000   0.0000   0.0000
    2339   0.1698   7.2468  13.8186   0.0000   0.0000   0.0000
    2340   0.7378   8.1080  14.1695   0.0000   0.0000   0.0000
    2341   0.3214   7.9128  14.0338   0.0000   0.0000   0.0000
    2342   0.5107   7.9751  13.6260   0.0000   0.0000   0.0000
    2343   0.4799   7.6810  14.5760   0.0000   0.0000   0.0000
    2344  -0.0956   7.3170  14.3347   0.0000   0.0000   0.0000
    2345  -0.9786   7.5697  14.0275   0.0000   0.0000   0.0000
    2346   0.0386   7.4309  13.9276   0.0000   0.0000   0.0000
    2347   0.1397   7.6455  14.3003   0.0000   0.0000   0.0000
    2348   0.4302   7.8145  14.2821   0.0000   0.0000   0.0000
    2349   0.7676   7.3468  13.1103   0.0000   0.0000   0.0000
    2350   0.4189   7.2156  13.7414   0.0000   0.0000   0.0000
    2351   0.0156   7.8534  13.1552   0.0000   0.0000   0.0000
    2352   0.7186   7.7139  12.2387   0.0000   0.0000   0.0000
    2353   0.7371   7.5971  12.9305   0.0000   0.0000   0.0000
    2354   1.9113   7.7389  13.1648   0.0000   0.0000   0.0000
    2355   1.2932   7.4347  13.2645   0.0000   0.0000   0.0000
    2356   1.1900   7.2707  13.7442   0.0000   0.0000   0.0000
    2357   0.7575   8.1103  13.5524   0.0000   0.0000   0.0000
    2358   0.3777   8.0490  13.7086   0.0000   0.0000   0.0000
    2359  -0.0336   8.2110  14.2490   0.0000   0.0000   0.0000
    2360   0.4567   7.8700  13.9134   0.0000   0.0000   0.0000
    2361   0.0870   7.7525  13.4334   0.0000   0.0000   0.0000
    2362  -0.0967   8.0926  13.4371   0.0000   0.0000   0.0000
    2363   0.2434   7.1316  13.5739   0.0000   0.0000   0.0000
    2364  -0.0179   8.0303  13.1894   0.0000   0.0000   0.0000
    2365  -0.3767   7.5989  13.6658   0.0000   0.0000   0.0000
    2366   0.0768   7.2815  14.4136   0.0000   0.0000   0.0000
    2367   0.4967   6.5290  14.6088   0.0000   0.0000   0.0000
    2368   0.9857   6.9003  14.1484   0.0000   0.0000   0.0000
    2369   0.9294   6.8866  14.3172   0.0000   0.0000   0.0000
    2370   1.0844   6.5908  14.2703   0.0000   0.0000   0.0000
    2371   0.7456   6.0507  13.9597   0.0000   0.0000   0.0000
    2372   1.6801   7.3377  13.0846   0.0000   0.0000   0.0000
    2373   1.4513   6.3395  12.6609   0.0000   0.0000   0.0000
    2374   1.9682   6.7433  13.3518   0.0000   0.0000   0.0000
    2375   0.7286   7.3194  13.2563   0.0000   0.0000   0.0000
    2376   0.5896   7.9567  14.0190   0.0000   0.0000   0.0000
    2377   0.2950   7.3753  13.8170   0.0000   0.0000   0.0000
    2378   0.4659   6.9357  13.4587   0.0000   0.0000   0.0000
    2379   1.5777   6.6220  13.4689   0.0000   0.0000   0.0000
    2380   0.5948   6.4868  12.8799   0.0000   0.0000   0.0000
    2381  -0.2506   6.6036  12.9799   0.0000   0.0000   0.0000
    2382  -0.0086   7.1068  13.1724   0.0000   0.0000   0.0000
    2383  -0.2257   7.7520  13.3913   0.0000   0.0000   0.0000
    2384  -0.7319   6.9466  13.0884   0.0000   0.0000   0.0000
    2385  -1.3303   6.6827  13.1485   0.0000   0.0000   0.0000
    2386  -1.4867   7.4750  13.0565   0.0000   0.0000   0.0000
    2387  -0.8499   7.2001  13.4123   0.0000   0.0000   0.0000
    2388  -1.2383   7.0366  13.6199   0.0000   0.0000   0.0000
    2389  -0.6004   6.9197  13.1735   0.0000   0.0000   0.0000
    2390  -0.0682   7.3398  12.9036   0.0000   0.0000   0.0000
    2391  -0.4351   7.1533  13.0169   0.0000   0.0000   0.0000
    2392  -0.0285   7.3177  13.3952   0.0000   0.0000   0.0000
    2393   0.6610   7.7781  13.3911   0.0000   0.0000   0.0000
    2394   0.3094   7.2165  13.4691   0.0000   0.0000   0.0000
    2395  -0.1436   6.6443  13.2962   0.0000   0.0000   0.0000
    2396  -0.3317   6.7592  13.6105   0.0000   0.0000   0.0000
    2397  -1.0116   6.5201  14.5882   0.0000   0.0000   0.0000
    2398  -1.5332   6.6184  14.3295   0.0000   0.0000   0.0000
    2399  -0.7595   5.9839  14.3475   0.0000   0.0000   0.0000
    2400  -0.3381   6.6330  14.3240   0.0000   0.0000   0.0000
    2401   0.5587   6.1928  13.9775   0.0000   0.0000   0.0000
    2402   0.2668   5.8630  13.6661   0.0000   0.0000   0.0000
    2403  -0.4432   5.8179  14.2734   0.0000   0.0000   0.0000
    2404  -0.6803   6.2207  14.0183   0.0000   0.0000   0.0000
    2405  -0.3282   6.1365  13.6200   0.0000   0.0000   0.0000
    2406   0.2376   6.5479  13.5859   0.0000   0.0000   0.0000
    2407  -0.8570   6.2662  13.4875   0.0000   0.0000   0.0000
    2408  -0.3457   6.4537  14.3591   0.0000   0.0000   0.0000
    2409  -0.5113   6.6293  13.7951   0.0000   0.0000   0.0000
    2410  -0.1424   5.5042  14.4314   0.0000   0.0000   0.0000
    2411  -0.2141   5.6817  15.4919   0.0000   0.0000   0.0000
    2412   0.6965   6.2983  14.4870   0.0000   0.0000   0.0000
    2413   0.5820   6.1725  14.2526   0.0000   0.0000   0.0000
    2414  -0.2412   5.6171  14.4067   0.0000   0.0000   0.0000
    2415  -0.7221   5.9666  13.8297   0.0000   0.0000   0.0000
    2416  -0.5096   5.8606  14.4275   0.0000   0.0000   0.0000
    2417  -0.3421   6.2117  14.7476   0.0000   0.0000   0.0000
    2418   0.0779   5.7789  15.2538   0.0000   0.0000   0.0000
    2419  -0.2370   5.5830  14.0187   0.0000   0.0000   0.0000
    2420   0.0336   5.9466  15.2223   0.0000   0.0000   0.0000
    2421  -0.5334   5.9899  14.6745   0.0000   0.0000   0.0000
    2422  -0.5125   6.1562  14.8727   0.0000   0.0000   0.0000
    2423  -0.4042   6.5656  14.3046   0.0000   0.0000   0.0000
    2424  -0.5217   6.5185  14.3385   0.0000   0.0000   0.0000
    2425  -0.2854   6.2670  13.6615   0.0000   0.0000   0.0000
    2426   0.3954   5.9704  13.6815   0.0000   0.0000   0.0000
    2427  -0.5143   5.6186  13.3796   0.0000   0.0000   0.0000
    2428  -0.6371   6.1068  13.6310   0.0000   0.0000   0.0000
    2429   0.0712   5.8873  14.2322   0.0000   0.0000   0.0000
    2430  -0.1404   6.3222  14.3694   0.0000   0.0000   0.0000
    2431  -0.5930   7.2983  14.3225   0.0000   0.0000   0.0000
    2432  -0.5545   6.3076  13.9512   0.0000   0.0000   0.0000
    2433  -0.7117   6.8351  13.7484   0.0000   0.0000   0.0000
    2434  -1.0350   6.8414  14.4546   0.0000   0.0000   0.0000
    2435  -0.8639   6.0985  14.2019   0.0000   0.0000   0.0000
    2436  -1.6081   6.2555  14.0897   0.0000   0.0000   0.0000
    2437  -1.7494   6.5832  13.9335   0.0000   0.0000   0.0000
    2438  -2.1406   6.5589  14.7482   0.0000   0.0000   0.0000
    2439  -2.1651   6.1588  14.1336   0.0000   0.0000   0.0000
    2440  -2.1980   6.9563  13.8333   0.0000   0.0000   0.0000
    2441  -1.3957   7.2187  13.4522   0.0000   0.0000   0.0000
    2442  -2.0338   6.2277  13.3884   0.0000   0.0000   0.0000
    2443  -1.3623   6.7914  13.2529   0.0000   0.0000   0.0000
    2444  -1.3715   5.8828  12.5733   0.0000   0.0000   0.0000
    2445  -1.4512   6.5792  13.0212   0.0000   0.0000   0.0000
    2446  -2.7805   6.3028  13.0307   0.0000   0.0000   0.0000
    2447  -2.7339   5.9656  13.1981   0.0000   0.0000   0.0000
    2448  -2.9958   5.0457  12.9520   0.0000   0.0000   0.0000
    2449  -2.9990   6.0881  13.0279   0.0000   0.0000   0.0000
    2450  -2.4261   5.3860  12.1641   0.0000   0.0000   0.0000
    2451  -2.8190   5.2817  12.9942   0.0000   0.0000   0.0000
    2452  -2.0736   5.7951  12.6454   0.0000   0.0000   0.0000
    2453  -2.7987   5.9568  12.8800   0.0000   0.0000   0.0000
    2454  -2.4508   6.1548  12.5177   0.0000   0.0000   0.0000
    2455  -3.1124   6.2292  12.5978   0.0000   0.0000   0.0000
    2456  -2.1200   6.7590  12.6906   0.0000   0.0000   0.0000
    2457  -1.9615   5.8820  12.8499   0.0000   0.0000   0.0000
    2458  -2.6196   6.2352  12.3756   0.0000   0.0000   0.0000
    2459  -2.8953   6.5422  13.2632   0.0000   0.0000   0.0000
    2460  -2.2831   6.9384  13.5051   0.0000   0.0000   0.0000
    2461  -1.8788   5.4595  13.9176   0.0000   0.0000   0.0000
    2462  -0.7130   6.1566  12.9527   0.0000   0.0000   0.0000
    2463  -0.4254   5.4461  13.6727   0.0000   0.0000   0.0000
    2464  -0.8444   5.1695  14.4932   0.0000   0.0000   0.0000
    2465  -0.7199   4.8563  14.0648   0.0000   0.0000   0.0000
    2466  -0.9827   5.8836  12.9428   0.0000   0.0000   0.0000
    2467  -0.7176   4.9086  13.1397   0.0000   0.0000   0.0000
    2468  -0.9528   5.2743  12.9383   0.0000   0.0000   0.0000
    2469  -1.7237   4.9791  13.3393   0.0000   0.0000   0.0000
    2470  -0.9424   5.0454  13.6192   0.0000   0.0000   0.0000
    2471  -0.9102   4.6805  12.9967   0.0000   0.0000   0.0000
    2472  -1.3436   4.6832  13.4928   0.0000   0.0000   0.0000
    2473  -2.1550   4.6040  13.3942   0.0000   0.0000   0.0000
    2474  -1.9817   4.8827  13.7213   0.0000   0.0000   0.0000
    2475  -1.4575   4.8041  13.3385   0.0000   0.0000   0.0000
    2476  -2.7510   5.6241  12.8913   0.0000   0.0000   0.0000
    2477  -1.9431   5.3028  12.8404   0.0000   0.0000   0.0000
    2478  -0.7769   4.7094  12.2861   0.0000   0.0000   0.0000
    2479  -0.7985   5.5646  13.2771   0.0000   0.0000   0.0000
    2480  -1.2186   4.7387  12.8937   0.0000   0.0000   0.0000
    2481  -0.6468   5.0488  12.1946   0.0000   0.0000   0.0000
    2482  -2.0533   5.0058  12.5295   0.0000   0.0000   0.0000
    2483  -1.2915   4.5059  12.5080   0.0000   0.0000   0.0000
    2484  -1.7851   4.9336  12.7689   0.0000   0.0000   0.0000
    2485  -1.2958   4.8738  13.0609   0.0000   0.0000   0.0000
    2486  -0.7525   5.1735  13.0783   0.0000   0.0000   0.0000
    2487  -1.1364   5.1675  13.5614   0.0000   0.0000   0.0000
    2488  -0.1256   5.3223  13.2582   0.0000   0.0000   0.0000
    2489  -0.9499   5.5064  12.7958   0.0000   0.0000   0.0000
    2490  -0.7371   5.2097  13.1541   0.0000   0.0000   0.0000
    2491  -0.9626   5.7000  12.8130   0.0000   0.0000   0.0000
    2492  -0.2519   5.0617  12.9399   0.0000   0.0000   0.0000
    2493  -0.4848   5.5223  13.1157   0.0000   0.0000   0.0000
    2494  -0.0860   4.9436  12.7634   0.0000   0.0000   0.0000
    2495  -0.0238   6.1036  12.8378   0.0000   0.0000   0.0000
    2496   0.4016   5.4583  13.8475   0.0000   0.0000   0.0000
    2497   0.1540   6.0278  14.0651   0.0000   0.0000   0.0000
    2498   0.2959   5.7612  13.8400   0.0000   0.0000   0.0000
    2499  -1.3783   6.0089  13.2071   0.0000   0.0000   0.0000
    2500  -0.0593   6.0569  13.0832   0.0000   0.0000   0.0000
    2501  -0.3973   6.1935  13.4104   0.0000   0.0000   0.0000
    2502  -0.7756   5.6526  13.4543   0.0000   0.0000   0.0000
    2503  -1.0684   5.7625  13.6329   0.0000   0.0000   0.0000
    2504  -2.0915   6.1435  14.3340   0.0000   0.0000   0.0000
    2505  -0.9529   6.1604  13.5489   0.0000   0.0000   0.0000
    2506  -0.2813   5.7555  13.8589   0.0000   0.0000   0.0000
    2507  -0.6134   6.7646  14.1220   0.0000   0.0000   0.0000
    2508  -0.1158   6.9472  13.7351   0.0000   0.0000   0.0000
    2509  -0.6116   6.4312  13.6865   0.0000   0.0000   0.0000
    2510  -0.1034   6.5089  13.7904   0.0000   0.0000   0.0000
    2511  -0.4525   7.4571  13.2227   0.0000   0.0000   0.0000
    2512  -1.9952   6.8641  13.1236   0.0000   0.0000   0.0000
    2513  -1.8236   5.6558  12.9859   0.0000   0.0000   0.0000
    2514  -1.3226   5.7107  13.2491   0.0000   0.0000   0.0000
    2515  -1.9256   6.1518  12.7097   0.0000   0.0000   0.0000
    2516  -1.1730   5.7144  13.3066   0.0000   0.0000   0.0000
    2517  -1.1052   5.4395  13.6410   0.0000   0.0000   0.0000
    2518  -1.4983   5.3737  13.8205   0.0000   0.0000   0.0000
    2519  -1.2181   5.0398  13.8106   0.0000   0.0000   0.0000
    2520  -1.1580   6.0001  13.2867   0.0000   0.0000   0.0000
    2521  -1.2691   5.8706  13.3862   0.0000   0.0000   0.0000
    2522  -1.8704   6.0541  13.2728   0.0000   0.0000   0.0000
    2523  -2.0666   5.8738  13.5306   0.0000   0.0000   0.0000
    2524  -2.1220   6.8998  13.7577   0.0000   0.0000   0.0000
    2525  -2.1616   7.0719  13.7033   0.0000   0.0000   0.0000
    2526  -2.0665   7.8217  13.7968   0.0000   0.0000   0.0000
    2527  -2.1289   7.0808  13.5365   0.0000   0.0000   0.0000
    2528  -2.5385   6.5222  14.0818   0.0000   0.0000   0.0000
    2529  -1.9454   6.4795  14.0402   0.0000   0.0000   0.0000
    2530  -1.5831   6.3077  13.6271   0.0000   0.0000   0.0000
    2531  -1.0586   5.5228  13.3614   0.0000   0.0000   0.0000
    2532  -0.6702   5.4026  13.6905   0.0000   0.0000   0.0000
    2533  -0.7307   5.5944  13.7444   0.0000   0.0000   0.0000
    2534  -1.0704   4.7384  13.1322   0.0000   0.0000   0.0000
    2535  -0.0416   5.7079  14.5058   0.0000   0.0000   0.0000
    2536  -1.1776   5.9130  13.9508   0.0000   0.0000   0.0000
    2537  -0.5636   5.9344  13.8304   0.0000   0.0000   0.0000
    2538  -0.6131   6.3810  13.6257   0.0000   0.0000   0.0000
    2539  -0.6169   6.4693  14.1681   0.0000   0.0000   0.0000
    2540  -1.0301   6.0419  14.5986   0.0000   0.0000   0.0000
    2541  -1.4594   5.5567  14.3761   0.0000   0.0000   0.0000
    2542  -1.1164   6.1362  13.7341   0.0000   0.0000   0.0000
    2543  -2.1726   5.8286  14.0637   0.0000   0.0000   0.0000
    2544  -0.6384   5.4431  14.6828   0.0000   0.0000   0.0000
    2545  -0.7980   5.8901  14.9695   0.0000   0.0000   0.0000
    2546  -1.5608   6.1710  13.4466   0.0000   0.0000   0.0000
    2547   0.0433   6.4135  13.7906   0.0000   0.0000   0.0000
    2548  -0.1436   4.7656  13.2623   0.0000   0.0000   0.0000
    2549  -0.9491   5.9574  13.3350   0.0000   0.0000   0.0000
    2550  -0.8577   6.4378  13.1677   0.0000   0.0000   0.0000
    2551  -0.2229   5.3140  13.7539   0.0000   0.0000   0.0000
    2552   0.4527   5.8699  14.3171   0.0000   0.0000   0.0000
    2553  -0.5954   5.9894  14.3445   0.0000   0.0000   0.0000
    2554   0.1054   6.5145  14.3796   0.0000   0.0000   0.0000
    2555  -0.7889   7.2961  14.3935   0.0000   0.0000   0.0000
    2556  -1.0172   7.2830  15.3056   0.0000   0.0000   0.0000
    2557  -0.7493   6.2439  14.2832   0.0000   0.0000   0.0000
    2558  -1.0252   6.2677  14.3698   0.0000   0.0000   0.0000
    2559  -1.6575   5.2187  14.8027   0.0000   0.0000   0.0000
    2560  -1.0263   5.3265  14.7157   0.0000   0.0000   0.0000
    2561  -0.9247   5.7071  14.4638   0.0000   0.0000   0.0000
    2562  -1.5320   6.5982  14.5023   0.0000   0.0000   0.0000
    2563  -1.4070   4.8036  15.2185   0.0000   0.0000   0.0000
    2564  -1.5949   5.8178  15.4464   0.0000   0.0000   0.0000
    2565  -1.2641   5.6163  14.9275   0.0000   0.0000   0.0000
    2566  -1.9493   5.2475  14.4900   0.0000   0.0000   0.0000
    2567  -1.5780   4.9047  13.9627   0.0000   0.0000   0.0000
    2568  -1.5565   4.6758  14.5267   0.0000   0.0000   0.0000
    2569  -2.1904   4.2557  14.8086   0.0000   0.0000   0.0000
    2570  -2.4433   4.9815  14.2367   0.0000   0.0000   0.0000
    2571  -1.1350   5.0524  14.7515   0.0000   0.0000   0.0000
    2572  -1.8100   4.3232  14.6017   0.0000   0.0000   0.0000
    2573  -2.1762   5.7652  14.6588   0.0000   0.0000   0.0000
    2574  -1.9046   6.1214  14.4389   0.0000   0.0000   0.0000
    2575  -2.1992   6.0876  14.4185   0.0000   0.0000   0.0000
    2576  -2.6381   5.3745  14.0405   0.0000   0.0000   0.0000
    2577  -2.2143   5.8728  13.1911   0.0000   0.0000   0.0000
    2578  -2.3759   6.7420  13.7778   0.0000   0.0000   0.0000
    2579  -2.4314   6.1671  14.0304   0.0000   0.0000   0.0000
    2580  -1.9810   6.1760  13.8180   0.0000   0.0000   0.0000
    2581  -2.5739   6.0790  13.5328   0.0000   0.0000   0.0000
    2582  -2.1035   5.7901  14.4632   0.0000   0.0000   0.0000
    2583  -2.0868   5.5446  14.5506   0.0000   0.0000   0.0000
    2584  -2.0844   6.9250  14.1124   0.0000   0.0000   0.0000
    2585  -2.4908   6.3504  14.5250   0.0000   0.0000   0.0000
    2586  -1.9731   6.1464  13.9178   0.0000   0.0000   0.0000
    2587  -1.7914   6.8409  14.3989   0.0000   0.0000   0.0000
    2588  -2.0479   5.8579  14.5337   0.0000   0.0000   0.0000
    2589  -2.8232   6.3682  14.7692   0.0000   0.0000   0.0000
    2590  -2.4961   7.2414  15.2540   0.0000   0.0000   0.0000
    2591  -2.6602   6.7100  14.9622   0.0000   0.0000   0.0000
    2592  -2.6694   5.8065  15.4517   0.0000   0.0000   0.0000
    2593  -2.6869   6.5644  14.4732   0.0000   0.0000   0.0000
    2594  -2.9363   6.7180  15.6402   0.0000   0.0000   0.0000
    2595  -2.7260   6.0431  15.0366   0.0000   0.0000   0.0000
    2596  -4.0658   6.1893  14.6537   0.0000   0.0000   0.0000
    2597  -3.3048   5.7189  14.4360   0.0000   0.0000   0.0000
    2598  -2.4001   5.0381  15.7771   0.0000   0.0000   0.0000
    2599  -3.9281   5.2150  14.8447   0.0000   0.0000   0.0000
    2600  -2.3793   5.6523  15.4486   0.0000   0.0000   0.0000
    2601  -2.9197   5.5324  15.7771   0.0000   0.0000   0.0000
    2602  -2.5121   6.4934  15.7885   0.0000   0.0000   0.0000
    2603  -2.9785   6.5952  15.2611   0.0000   0.0000   0.0000
    2604  -3.8626   5.3979  15.3489   0.0000   0.0000   0.0000
    2605  -3.9517   5.7968  14.7641   0.0000   0.0000   0.0000
    2606  -4.2087   5.2640  14.4404   0.0000   0.0000   0.0000
    2607  -4.0209   6.1672  15.1155   0.0000   0.0000   0.0000
    2608  -3.8383   5.6975  13.8946   0.0000   0.0000   0.0000
    2609  -3.9793   6.1221  14.3135   0.0000   0.0000   0.0000
    2610  -4.3607   5.7187  14.5591   0.0000   0.0000   0.0000
    2611  -4.3673   6.6881  13.8721   0.0000   0.0000   0.0000
    2612  -3.7143   6.9001  14.0926   0.0000   0.0000   0.0000
    2613  -3.3223   6.6167  14.1013   0.0000   0.0000   0.0000
    2614  -3.4572   7.3429  14.1453   0.0000   0.0000   0.0000
    2615  -2.9575   5.8184  13.7727   0.0000   0.0000   0.0000
    2616  -3.0878   6.8981  13.7402   0.0000   0.0000   0.0000
    2617  -3.2106   6.7475  13.9322   0.0000   0.0000   0.0000
    2618  -2.7593   6.8258  14.0649   0.0000   0.0000   0.0000
    2619  -2.7838   7.0456  13.9137   0.0000   0.0000   0.0000
    2620  -2.9016   6.8225  14.3951   0.0000   0.0000   0.0000
    2621  -2.8435   6.3658  14.2572   0.0000   0.0000   0.0000
    2622  -2.5734   6.8289  14.0237   0.0000   0.0000   0.0000
    2623  -2.5033   6.8748  14.3159   0.0000   0.0000   0.0000
    2624  -2.3574   7.1529  14.5184   0.0000   0.0000   0.0000
    2625  -3.3910   7.5742  14.1810   0.0000   0.0000   0.0000
    2626  -2.7060   7.6699  15.2537   0.0000   0.0000   0.0000
    2627  -1.9011   7.8628  15.1896   0.0000   0.0000   0.0000
    2628  -2.4216   7.6757  14.8122   0.0000   0.0000   0.0000
    2629  -2.4878   7.0413  15.0050   0.0000   0.0000   0.0000
    2630  -2.6268   6.0250  15.6098   0.0000   0.0000   0.0000
    2631  -2.8717   6.2669  15.6984   0.0000   0.0000   0.0000
    2632  -2.1567   7.3512  15.8839   0.0000   0.0000   0.0000
    2633  -1.7478   6.6534  15.2177   0.0000   0.0000   0.0000
    2634  -1.5546   7.1744  14.4319   0.0000   0.0000   0.0000
    2635  -2.1863   7.1664  13.8588   0.0000   0.0000   0.0000
    2636  -2.6736   6.7921  13.2976   0.0000   0.0000   0.0000
    2637  -2.9382   6.8134  14.4411   0.0000   0.0000   0.0000
    2638  -3.5942   6.8634  13.8110   0.0000   0.0000   0.0000
    2639  -3.5212   7.2286  14.4860   0.0000   0.0000   0.0000
    2640  -2.0753   6.7183  14.8550   0.0000   0.0000   0.0000
    2641  -2.6864   5.9930  14.8037   0.0000   0.0000   0.0000
    2642  -2.2730   5.0445  14.8396   0.0000   0.0000   0.0000
    2643  -2.5404   6.2256  14.8440   0.0000   0.0000   0.0000
    2644  -2.8442   6.0731  15.1627   0.0000   0.0000   0.0000
    2645  -1.7072   6.2140  15.3239   0.0000   0.0000   0.0000
    2646  -2.0586   5.6492  14.6069   0.0000   0.0000   0.0000
    2647  -1.6416   6.1209  15.0769   0.0000   0.0000   0.0000
    2648  -2.4845   5.5156  14.7849   0.0000   0.0000   0.0000
    2649  -3.3752   6.5439  15.3902   0.0000   0.0000   0.0000
    2650  -2.2159   6.5116  15.9844   0.0000   0.0000   0.0000
    2651  -2.7409   6.4904  16.2331   0.0000   0.0000   0.0000
    2652  -2.4949   5.6553  15.2338   0.0000   0.0000   0.0000
    2653  -2.9032   5.5552  15.3919   0.0000   0.0000   0.0000
    2654  -2.2682   6.2634  15.9587   0.0000   0.0000   0.0000
    2655  -2.3356   6.9837  14.9944   0.0000   0.0000   0.0000
    2656  -2.3854   6.3432  14.8848   0.0000   0.0000   0.0000
    2657  -1.9861   6.5445  15.0691   0.0000   0.0000   0.0000
    2658  -1.0459   5.4853  15.2185   0.0000   0.0000   0.0000
    2659  -2.3188   6.4883  15.3427   0.0000   0.0000   0.0000
    2660  -2.8764   6.2897  15.2482   0.0000   0.0000   0.0000
    2661  -3.1710   5.9309  14.2609   0.0000   0.0000   0.0000
    2662  -3.4801   7.5117  13.8761   0.0000   0.0000   0.0000
    2663  -2.2469   6.8638  13.6923   0.0000   0.0000   0.0000
    2664  -2.5740   6.4360  14.1933   0.0000   0.0000   0.0000
    2665  -2.3689   6.5411  13.5053   0.0000   0.0000   0.0000
    2666  -2.0756   7.2600  13.6890   0.0000   0.0000   0.0000
    2667  -1.5764   7.0118  13.9510   0.0000   0.0000   0.0000
    2668  -2.0863   7.1546  14.2493   0.0000   0.0000   0.0000
    2669  -1.8570   7.4585  14.2065   0.0000   0.0000   0.0000
    2670  -1.6314   7.2922  13.9242   0.0000   0.0000   0.0000
    2671  -1.9411   6.6315  14.1925   0.0000   0.0000   0.0000
    2672  -2.0223   6.4627  14.6331   0.0000   0.0000   0.0000
    2673  -1.8875   6.9452  14.5560   0.0000   0.0000   0.0000
    2674  -2.4196   6.6392  15.2002   0.0000   0.0000   0.0000
    2675  -2.4901   6.2114  15.0207   0.0000   0.0000   0.0000
    2676  -2.6349   5.9901  14.3013   0.0000   0.0000   0.0000
    2677  -2.3935   6.1758  14.8808   0.0000   0.0000   0.0000
    2678  -2.9764   6.4767  14.7780   0.0000   0.0000   0.0000
    2679  -2.4430   5.0632  13.7963   0.0000   0.0000   0.0000
    2680  -2.5051   5.6220  14.6060   0.0000   0.0000   0.0000
    2681  -2.8126   6.5779  15.0029   0.0000   0.0000   0.0000
    2682  -3.1199   6.5480  14.6959   0.0000   0.0000   0.0000
    2683  -2.8674   6.3627  15.4553   0.0000   0.0000   0.0000
    2684  -2.5630   6.2987  16.0323   0.0000   0.0000   0.0000
    2685  -1.6499   6.0459  15.7210   0.0000   0.0000   0.0000
    2686  -1.6840   6.2369  15.9523   0.0000   0.0000   0.0000
    2687  -1.3908   6.3209  15.4276   0.0000   0.0000   0.0000
    2688  -1.7369   5.6958  15.9215   0.0000   0.0000   0.0000
    2689  -2.8759   5.8009  14.6833   0.0000   0.0000   0.0000
    2690  -1.8926   4.9529  15.8083   0.0000   0.0000   0.0000
    2691  -2.5853   4.3834  16.1201   0.0000   0.0000   0.0000
    2692  -2.2109   5.4169  15.6317   0.0000   0.0000   0.0000
    2693  -2.7612   5.6844  16.2739   0.0000   0.0000   0.0000
    2694  -2.1538   5.6748  17.1950   0.0000   0.0000   0.0000
    2695  -2.6229   5.4476  17.2408   0.0000   0.0000   0.0000
    2696  -2.8414   5.3621  17.1912   0.0000   0.0000   0.0000
    2697  -2.4960   5.4848  16.8916   0.0000   0.0000   0.0000
    2698  -3.8649   6.3558  17.2511   0.0000   0.0000   0.0000
    2699  -3.2383   6.0511  17.0626   0.0000   0.0000   0.0000
    2700  -3.5250   6.1122  16.0937   0.0000   0.0000   0.0000
    2701  -3.5962   5.5430  15.2214   0.0000   0.0000   0.0000
    2702  -2.9682   5.7172  15.4408   0.0000   0.0000   0.0000
    2703  -2.3274   5.9877  16.0323   0.0000   0.0000   0.0000
    2704  -1.8103   5.2901  15.6420   0.0000   0.0000   0.0000
    2705  -3.0306   5.6495  16.5322   0.0000   0.0000   0.0000
    2706  -1.7710   5.9192  15.6421   0.0000   0.0000   0.0000
    2707  -2.8426   5.7004  15.8782   0.0000   0.0000   0.0000
    2708  -2.7140   5.1037  16.3580   0.0000   0.0000   0.0000
    2709  -2.4695   5.2549  16.4307   0.0000   0.0000   0.0000
    2710  -2.7054   4.5016  16.3965   0.0000   0.0000   0.0000
    2711  -2.0634   4.8163  17.4672   0.0000   0.0000   0.0000
    2712  -2.5383   4.9962  16.8466   0.0000   0.0000   0.0000
    2713  -2.5245   4.2333  16.4750   0.0000   0.0000   0.0000
    2714  -2.5683   5.3550  15.8753   0.0000   0.0000   0.0000
    2715  -2.0277   4.4943  16.5140   0.0000   0.0000   0.0000
    2716  -1.6598   4.7026  16.9389   0.0000   0.0000   0.0000
    2717  -2.5846   5.1360  16.4422   0.0000   0.0000   0.0000
    2718  -1.7644   5.1531  16.2907   0.0000   0.0000   0.0000
    2719  -2.4328   5.3023  16.3073   0.0000   0.0000   0.0000
    2720  -1.2918   4.7412  15.1788   0.0000   0.0000   0.0000
    2721  -1.1419   4.9038  15.4742   0.0000   0.0000   0.0000
    2722  -2.1859   4.2986  15.3550   0.0000   0.0000   0.0000
    2723  -0.6470   4.3675  15.3439   0.0000   0.0000   0.0000
    2724  -1.6819   4.4181  15.6158   0.0000   0.0000   0.0000
    2725  -1.6697   5.1529  15.4552   0.0000   0.0000   0.0000
    2726  -1.3218   4.9076  15.3775   0.0000   0.0000   0.0000
    2727  -1.6917   4.3583  15.7072   0.0000   0.0000   0.0000
    2728  -1.2768   4.7056  16.1412   0.0000   0.0000   0.0000
    2729  -1.1848   4.8826  16.1495   0.0000   0.0000   0.0000
    2730  -1.2613   5.2019  16.2614   0.0000   0.0000   0.0000
    2731  -0.6597   4.0891  17.3242   0.0000   0.0000   0.0000
    2732  -1.7181   4.0356  16.9296   0.0000   0.0000   0.0000
    2733  -1.5988   4.9422  15.8775   0.0000   0.0000   0.0000
    2734  -2.2997   5.0545  17.1024   0.0000   0.0000   0.0000
    2735  -1.5424   4.6337  17.2998   0.0000   0.0000   0.0000
    2736  -1.5717   5.0634  17.3511   0.0000   0.0000   0.0000
    2737  -1.7647   5.0800  17.1908   0.0000   0.0000   0.0000
    2738  -2.4091   4.8769  16.9607   0.0000   0.0000   0.0000
    2739  -2.4822   5.0503  16.6914   0.0000   0.0000   0.0000
    2740  -2.6945   4.6963  16.5885   0.0000   0.0000   0.0000
    2741  -3.3859   5.8149  17.4556   0.0000   0.0000   0.0000
    2742  -2.3591   5.0187  15.9294   0.0000   0.0000   0.0000
    2743  -3.1418   4.8708  16.3654   0.0000   0.0000   0.0000
    2744  -2.6403   5.4395  17.0992   0.0000   0.0000   0.0000
    2745  -2.5460   5.4560  16.9178   0.0000   0.0000   0.0000
    2746  -2.5939   4.6919  16.3729   0.0000   0.0000   0.0000
    2747  -3.0351   4.8886  16.8795   0.0000   0.0000   0.0000
    2748  -2.1267   4.6618  16.5718   0.0000   0.0000   0.0000
    2749  -1.8544   6.3991  16.4515   0.0000   0.0000   0.0000
    2750  -1.4452   4.9337  16.8903   0.0000   0.0000   0.0000
    2751  -1.8153   5.1042  15.8514   0.0000   0.0000   0.0000
    2752  -2.2679   5.8060  16.3188   0.0000   0.0000   0.0000
    2753  -2.3644   4.4263  16.6138   0.0000   0.0000   0.0000
    2754  -2.4495   5.1322  16.8001   0.0000   0.0000   0.0000
    2755  -2.8277   5.4888  17.3552   0.0000   0.0000   0.0000
    2756  -3.0021   5.5532  16.2518   0.0000   0.0000   0.0000
    2757  -2.2302   5.5851  16.8096   0.0000   0.0000   0.0000
    2758  -2.1246   5.8811  16.5443   0.0000   0.0000   0.0000
    2759  -1.6407   5.7389  16.2361   0.0000   0.0000   0.0000
    2760  -2.2876   5.2283  16.5402   0.0000   0.0000   0.0000
    2761  -2.7618   4.5766  17.1415   0.0000   0.0000   0.0000
    2762  -2.2366   3.9388  17.0574   0.0000   0.0000   0.0000
    2763  -2.1777   5.3690  16.8961   0.0000   0.0000   0.0000
    2764  -1.7320   4.7990  16.6212   0.0000   0.0000   0.0000
    2765  -2.1531   4.7562  17.4518   0.0000   0.0000   0.0000
    2766  -1.6425   4.8948  17.0110   0.0000   0.0000   0.0000
    2767  -1.8140   5.1032  16.0589   0.0000   0.0000   0.0000
    2768  -1.3694   5.9000  16.4204   0.0000   0.0000   0.0000
    2769  -1.9422   5.2205  17.0646   0.0000   0.0000   0.0000
    2770  -1.4176   5.8358  16.8291   0.0000   0.0000   0.0000
    2771  -1.8435   5.0444  16.2867   0.0000   0.0000   0.0000
    2772  -2.4750   5.6666  16.1484   0.0000   0.0000   0.0000
    2773  -2.8599   5.6028  15.6237   0.0000   0.0000   0.0000
    2774  -2.0962   5.1499  16.2897   0.0000   0.0000   0.0000
    2775  -2.6413   5.5711  18.0170   0.0000   0.0000   0.0000
    2776  -2.2408   5.4123  16.8444   0.0000   0.0000   0.0000
    2777  -3.0629   5.5556  17.6904   0.0000   0.0000   0.0000
    2778  -2.6780   5.5968  17.8777   0.0000   0.0000   0.0000
    2779  -3.0809   4.8533  17.4320   0.0000   0.0000   0.0000
    2780  -2.5310   4.2758  17.4828   0.0000   0.0000   0.0000
    2781  -2.3747   5.1804  16.2011   0.0000   0.0000   0.0000
    2782  -2.7203   4.9596  16.8297   0.0000   0.0000   0.0000
    2783  -2.8296   4.3457  16.6457   0.0000   0.0000   0.0000
    2784  -3.0235   4.6363  16.3421   0.0000   0.0000   0.0000
    2785  -2.6394   5.1601  15.8328   0.0000   0.0000   0.0000
    2786  -2.5572   5.4237  15.7256   0.0000   0.0000   0.0000
    2787  -2.6761   5.8846  15.6483   0.0000   0.0000   0.0000
    2788  -2.8014   5.9588  16.1546   0.0000   0.0000   0.0000
    2789  -2.2246   5.6366  15.8959   0.0000   0.0000   0.0000
    2790  -1.6398   5.9268  15.4751   0.0000   0.0000   0.0000
    2791  -1.6067   5.4701  15.8649   0.0000   0.0000   0.0000
    2792  -1.7817   5.7867  16.3977   0.0000   0.0000   0.0000
    2793  -2.7825   5.3607  16.0928   0.0000   0.0000   0.0000
    2794  -1.7154   5.8007  16.2267   0.0000   0.0000   0.0000
    2795  -1.9417   6.1634  15.8213   0.0000   0.0000   0.0000
    2796  -2.8090   6.7652  16.0392   0.0000   0.0000   0.0000
    2797  -1.9034   7.9083  15.4723   0.0000   0.0000   0.0000
    2798  -2.0370   7.4692  15.8107   0.0000   0.0000   0.0000
    2799  -2.6787   7.2984  15.3784   0.0000   0.0000   0.0000
    2800  -2.6444   7.2040  16.1666   0.0000   0.0000   0.0000
    2801  -2.3782   7.3935  16.6542   0.0000   0.0000   0.0000
    2802  -2.1301   6.9020  15.9766   0.0000   0.0000   0.0000
    2803  -2.1717   7.2737  16.7287   0.0000   0.0000   0.0000
    2804  -1.9764   7.2217  15.9266   0.0000   0.0000   0.0000
    2805  -1.9401   7.4709  16.3721   0.0000   0.0000   0.0000
    2806  -1.9159   6.6527  15.8163   0.0000   0.0000   0.0000
    2807  -2.7016   7.3411  16.1306   0.0000   0.0000   0.0000
    2808  -2.3169   6.7736  15.4429   0.0000   0.0000   0.0000
    2809  -1.6979   7.4234  15.5496   0.0000   0.0000   0.0000
    2810  -2.6947   7.2544  15.4821   0.0000   0.0000   0.0000
    2811  -1.4059   6.9458  15.2709   0.0000   0.0000   0.0000
    2812  -2.1537   6.8047  16.0984   0.0000   0.0000   0.0000
    2813  -0.9431   6.5130  15.3754   0.0000   0.0000   0.0000
    2814  -1.2139   5.7473  16.0928   0.0000   0.0000   0.0000
    2815  -0.8370   6.0847  16.2821   0.0000   0.0000   0.0000
    2816  -0.8400   6.4710  16.3004   0.0000   0.0000   0.0000
    2817  -1.2998   6.6687  16.4946   0.0000   0.0000   0.0000
    2818  -0.9887   6.3070  16.0386   0.0000   0.0000   0.0000
    2819   0.5016   6.3426  16.2394   0.0000   0.0000   0.0000
    2820  -0.0363   6.9431  17.6584   0.0000   0.0000   0.0000
    2821  -0.1883   6.7150  17.1653   0.0000   0.0000   0.0000
    2822  -0.5877   5.6804  16.3105   0.0000   0.0000   0.0000
    2823  -0.5760   5.9542  16.8452   0.0000   0.0000   0.0000
    2824  -1.1822   6.7899  16.4765   0.0000   0.0000   0.0000
    2825  -0.7321   7.0931  17.0158   0.0000   0.0000   0.0000
    2826  -0.2927   7.0147  16.6631   0.0000   0.0000   0.0000
    2827  -0.4976   6.4425  15.9740   0.0000   0.0000   0.0000
    2828  -1.4375   5.9129  17.2539   0.0000   0.0000   0.0000
    2829  -0.6349   7.2512  17.3685   0.0000   0.0000   0.0000
    2830  -2.1023   6.7454  17.5353   0.0000   0.0000   0.0000
    2831  -2.1799   6.7715  16.3740   0.0000   0.0000   0.0000
    2832  -2.0256   6.6984  17.4663   0.0000   0.0000   0.0000
    2833  -2.4496   7.1401  16.4307   0.0000   0.0000   0.0000
    2834  -2.0445   6.2364  17.1808   0.0000   0.0000   0.0000
    2835  -2.6805   6.0322  17.0877   0.0000   0.0000   0.0000
    2836  -2.2877   6.4820  16.7376   0.0000   0.0000   0.0000
    2837  -2.5179   6.1770  16.4065   0.0000   0.0000   0.0000
    2838  -3.0469   5.5336  16.8003   0.0000   0.0000   0.0000
    2839  -2.5290   5.3070  16.7844   0.0000   0.0000   0.0000
    2840  -2.7808   5.6919  16.0710   0.0000   0.0000   0.0000
    2841  -1.9189   5.6307  15.5435   0.0000   0.0000   0.0000
    2842  -3.2704   6.0487  15.7202   0.0000   0.0000   0.0000
    2843  -2.1244   5.7355  16.0514   0.0000   0.0000   0.0000
    2844  -2.4804   5.7241  15.2474   0.0000   0.0000   0.0000
    2845  -2.9242   5.6770  16.0260   0.0000   0.0000   0.0000
    2846  -2.0484   4.3969  16.0883   0.0000   0.0000   0.0000
    2847  -3.3536   5.4857  16.3090   0.0000   0.0000   0.0000
    2848  -3.1944   5.8602  16.6464   0.0000   0.0000   0.0000
    2849  -3.2858   6.7278  16.6548   0.0000   0.0000   0.0000
    2850  -3.0080   6.2930  17.3228   0.0000   0.0000   0.0000
    2851  -3.5929   6.0978  16.6766   0.0000   0.0000   0.0000
    2852  -3.1132   6.6916  16.9996   0.0000   0.0000   0.0000
    2853  -3.2635   6.5983  16.6822   0.0000   0.0000   0.0000
    2854  -2.0039   7.1634  17.0161   0.0000   0.0000   0.0000
    2855  -2.6618   6.3554  16.1294   0.0000   0.0000   0.0000
    2856  -0.8592   6.8395  16.4884   0.0000   0.0000   0.0000
    2857  -2.1327   7.0239  16.1031   0.0000   0.0000   0.0000
    2858  -0.7090   7.1398  15.4894   0.0000   0.0000   0.0000
    2859  -1.6475   6.4776  16.0034   0.0000   0.0000   0.0000
    2860  -1.6215   6.7877  16.3533   0.0000   0.0000   0.0000
    2861  -2.6370   5.6944  16.3942   0.0000   0.0000   0.0000
    2862  -2.1230   6.3749  16.3477   0.0000   0.0000   0.0000
    2863  -1.7310   6.4369  16.9197   0.0000   0.0000   0.0000
    2864  -1.6116   6.3128  16.4384   0.0000   0.0000   0.0000
    2865  -0.8635   6.3029  16.1748   0.0000   0.0000   0.0000
    2866  -1.6807   6.4649  16.6176   0.0000   0.0000   0.0000
    2867  -1.3019   6.5656  16.2947   0.0000   0.0000   0.0000
    2868  -1.4299   6.4426  16.5780   0.0000   0.0000   0.0000
    2869  -0.7646   6.5269  16.5467   0.0000   0.0000   0.0000
    2870  -0.4058   5.3617  16.8584   0.0000   0.0000   0.0000
    2871  -1.1314   6.0071  17.0335   0.0000   0.0000   0.0000
    2872  -0.7692   6.3263  16.9953   0.0000   0.0000   0.0000
    2873  -1.2208   5.6421  16.1345   0.0000   0.0000   0.0000
    2874  -0.3067   6.5533  15.6564   0.0000   0.0000   0.0000
    2875   0.0306   6.4806  16.4826   0.0000   0.0000   0.0000
    2876  -0.2750   6.3894  16.9573   0.0000   0.0000   0.0000
    2877  -0.6156   6.1289  16.3937   0.0000   0.0000   0.0000
    2878  -1.6426   5.9234  16.3282   0.0000   0.0000   0.0000
    2879  -1.4744   5.3864  14.9844   0.0000   0.0000   0.0000
    2880  -1.3693   6.5828  15.2962   0.0000   0.0000   0.0000
    2881  -0.8782   5.3891  14.3415   0.0000   0.0000   0.0000
    2882  -0.6113   5.5913  15.5546   0.0000   0.0000   0.0000
    2883  -0.9802   5.9088  15.6691   0.0000   0.0000   0.0000
    2884  -1.4221   5.3287  15.6922   0.0000   0.0000   0.0000
    2885  -1.4076   5.7041  16.1818   0.0000   0.0000   0.0000
    2886  -1.1533   5.7471  16.1599   0.0000   0.0000   0.0000
    2887  -1.4657   5.2369  15.8439   0.0000   0.0000   0.0000
    2888  -1.5515   5.1585  16.7768   0.0000   0.0000   0.0000
    2889  -1.5540   5.4073  16.2612   0.0000   0.0000   0.0000
    2890  -1.7530   5.5622  16.0010   0.0000   0.0000   0.0000
    2891  -1.9744   5.1337  14.7956   0.0000   0.0000   0.0000
    2892  -1.3482   5.0767  15.4862   0.0000   0.0000   0.0000
    2893  -1.1798   5.8586  14.8735   0.0000   0.0000   0.0000
    2894  -1.3805   4.9275  15.6162   0.0000   0.0000   0.0000
    2895  -0.5453   5.0318  15.6754   0.0000   0.0000   0.0000
    2896  -1.3667   5.2723  16.3569   0.0000   0.0000   0.0000
    2897  -2.1736   5.4362  15.8716   0.0000   0.0000   0.0000
    2898  -2.0184   5.3636  16.2686   0.0000   0.0000   0.0000
    2899  -1.5104   4.8388  16.4335   0.0000   0.0000   0.0000
    2900  -2.6048   4.9085  17.0976   0.0000   0.0000   0.0000
    2901  -2.4424   4.6941  16.5293   0.0000   0.0000   0.0000
    2902  -1.8543   4.2838  16.5216   0.0000   0.0000   0.0000
    2903  -2.4108   5.2217  16.1653   0.0000   0.0000   0.0000
    2904  -0.9281   5.0883  15.6222   0.0000   0.0000   0.0000
    2905  -0.6437   4.4445  16.2508   0.0000   0.0000   0.0000
    2906  -0.6653   3.8842  16.2081   0.0000   0.0000   0.0000
    2907  -0.4326   4.6101  16.2384   0.0000   0.0000   0.0000
    2908  -1.0667   4.3770  16.4975   0.0000   0.0000   0.0000
    2909   0.8669   4.4331  16.8660   0.0000   0.0000   0.0000
    2910   0.7598   4.6709  16.1199   0.0000   0.0000   0.0000
    2911  -0.1133   4.1041  16.5259   0.0000   0.0000   0.0000
    2912   0.1560   4.9838  15.5201   0.0000   0.0000   0.0000
    2913   0.5512   5.3010  16.4724   0.0000   0.0000   0.0000
    2914  -0.9002   4.6041  16.9342   0.0000   0.0000   0.0000
    2915  -0.2696   4.1134  16.5500   0.0000   0.0000   0.0000
    2916  -0.2824   4.4623  16.3502   0.0000   0.0000   0.0000
    2917  -0.4587   5.3369  16.6805   0.0000   0.0000   0.0000
    2918  -1.0084   4.1842  16.9043   0.0000   0.0000   0.0000
    2919  -0.8079   3.4374  16.6533   0.0000   0.0000   0.0000
    2920  -0.7926   5.0357  16.8390   0.0000   0.0000   0.0000
    2921   0.3222   4.8960  16.7827   0.0000   0.0000   0.0000
    2922  -0.8533   4.2944  17.1882   0.0000   0.0000   0.0000
    2923  -0.6896   3.4925  16.3381   0.0000   0.0000   0.0000
    2924  -1.0117   3.8218  16.5840   0.0000   0.0000   0.0000
    2925  -1.8722   4.0619  16.9260   0.0000   0.0000   0.0000
    2926  -1.2727   3.5986  16.6415   0.0000   0.0000   0.0000
    2927  -0.8967   3.1885  17.0807   0.0000   0.0000   0.0000
    2928  -1.1843   4.5221  17.2027   0.0000   0.0000   0.0000
    2929  -1.2199   3.6681  17.0365   0.0000   0.0000   0.0000
    2930  -0.9395   2.9054  16.7989   0.0000   0.0000   0.0000
    2931  -0.6280   3.1226  16.0848   0.0000   0.0000   0.0000
    2932  -1.2380   3.3594  15.5449   0.0000   0.0000   0.0000
    2933  -1.2998   3.3123  15.8706   0.0000   0.0000   0.0000
    2934  -0.3215   3.5572  16.2482   0.0000   0.0000   0.0000
    2935   0.2018   4.2975  17.3360   0.0000   0.0000   0.0000
    2936  -0.2619   4.6752  16.1813   0.0000   0.0000   0.0000
    2937  -0.0088   4.9916  16.6316   0.0000   0.0000   0.0000
    2938   0.1573   4.2554  16.7896   0.0000   0.0000   0.0000
    2939   0.3580   3.8659  16.2410   0.0000   0.0000   0.0000
    2940  -0.1517   3.7814  16.2023   0.0000   0.0000   0.0000
    2941   0.0931   3.8193  16.1715   0.0000   0.0000   0.0000
    2942  -0.7875   4.1418  16.5428   0.0000   0.0000   0.0000
    2943  -0.4450   5.1902  16.5190   0.0000   0.0000   0.0000
    2944  -0.5662   4.2597  16.9723   0.0000   0.0000   0.0000
    2945  -1.9325   4.5529  15.7443   0.0000   0.0000   0.0000
    2946  -1.8702   5.1337  16.1501   0.0000   0.0000   0.0000
    2947  -1.0970   4.9721  16.3385   0.0000   0.0000   0.0000
    2948  -1.8443   6.0579  14.8635   0.0000   0.0000   0.0000
    2949  -1.8099   5.2343  14.9801   0.0000   0.0000   0.0000
    2950  -2.0555   5.7623  15.4019   0.0000   0.0000   0.0000
    2951  -2.0552   4.8895  15.5170   0.0000   0.0000   0.0000
    2952  -3.4573   5.5081  15.4165   0.0000   0.0000   0.0000
    2953  -2.5492   4.2693  16.4355   0.0000   0.0000   0.0000
    2954  -2.6124   5.7828  16.1034   0.0000   0.0000   0.0000
    2955  -3.0476   6.3816  16.0849   0.0000   0.0000   0.0000
    2956  -2.2997   5.1994  16.3282   0.0000   0.0000   0.0000
    2957  -2.2736   4.7957  15.8749   0.0000   0.0000   0.0000
    2958  -2.5791   5.6652  16.1526   0.0000   0.0000   0.0000
    2959  -2.7361   5.5532  16.1861   0.0000   0.0000   0.0000
    2960  -2.3226   4.3639  15.7507   0.0000   0.0000   0.0000
    2961  -2.1837   5.1543  15.3962   0.0000   0.0000   0.0000
    2962  -1.2732   3.8334  15.9852   0.0000   0.0000   0.0000
    2963  -1.9696   4.0615  16.2973   0.0000   0.0000   0.0000
    2964  -1.9749   4.8110  16.4586   0.0000   0.0000   0.0000
    2965  -2.1161   4.7677  16.5651   0.0000   0.0000   0.0000
    2966  -1.7900   5.0096  16.0430   0.0000   0.0000   0.0000
    2967  -2.2987   4.9711  16.0215   0.0000   0.0000   0.0000
    2968  -2.5120   5.9756  15.5751   0.0000   0.0000   0.0000
    2969  -2.5092   5.2114  16.0580   0.0000   0.0000   0.0000
    2970  -2.3516   4.9859  15.3993   0.0000   0.0000   0.0000
    2971  -2.3034   5.6693  16.4901   0.0000   0.0000   0.0000
    2972  -2.6848   4.8488  16.1716   0.0000   0.0000   0.0000
    2973  -2.4596   5.0537  16.2181   0.0000   0.0000   0.0000
    2974  -2.2076   5.6472  16.5437   0.0000   0.0000   0.0000
    2975  -2.6101   4.6643  17.2382   0.0000   0.0000   0.0000
    2976  -2.8208   5.3772  17.2478   0.0000   0.0000   0.0000
    2977  -2.4558   4.8667  16.5992   0.0000   0.0000   0.0000
    2978  -2.3816   4.6801  16.5457   0.0000   0.0000   0.0000
    2979  -2.6893   5.8870  16.2626   0.0000   0.0000   0.0000
    2980  -2.5911   4.9761  16.9382   0.0000   0.0000   0.0000
    2981  -2.9352   5.3009  17.2668   0.0000   0.0000   0.0000
    2982  -3.4934   5.4963  15.9510   0.0000   0.0000   0.0000
    2983  -3.1642   4.9445  16.3442   0.0000   0.0000   0.0000
    2984  -1.9533   6.4156  16.3055   0.0000   0.0000   0.0000
    2985  -2.8927   6.2208  16.4655   0.0000   0.0000   0.0000
    2986  -2.0064   5.8777  15.9913   0.0000   0.0000   0.0000
    2987  -2.7394   6.0578  15.4919   0.0000   0.0000   0.0000
    2988  -2.4338   5.7063  15.3837   0.0000   0.0000   0.0000
    2989  -2.6524   4.8253  15.9069   0.0000   0.0000   0.0000
    2990  -3.1643   5.6040  16.1985   0.0000   0.0000   0.0000
    2991  -2.7627   4.3159  15.4677   0.0000   0.0000   0.0000
    2992  -3.8587   4.0608  15.5985   0.0000   0.0000   0.0000
    2993  -4.0803   4.2304  15.9043   0.0000   0.0000   0.0000
    2994  -3.1565   4.6933  16.1660   0.0000   0.0000   0.0000
    2995  -4.3885   5.0112  15.8455   0.0000   0.0000   0.0000
    2996  -3.2488   4.0733  16.0444   0.0000   0.0000   0.0000
    2997  -3.3578   3.6908  16.0436   0.0000   0.0000   0.0000
    2998  -3.2036   3.7203  15.7209   0.0000   0.0000   0.0000
    2999  -3.6067   2.7903  15.1850   0.0000   0.0000   0.0000
    3000  -2.8030   3.0497  15.4719   0.0000   0.0000   0.0000
    3001  -3.4873   3.7617  15.8426   0.0000   0.0000   0.0000
    3002  -2.5629   4.3757  15.1519   0.0000   0.0000   0.0000
    3003  -3.0909   4.0843  15.6211   0.0000   0.0000   0.0000
    3004  -3.4244   4.8083  15.4287   0.0000   0.0000   0.0000
    3005  -3.9707   3.6659  15.1879   0.0000   0.0000   0.0000
    3006  -3.3660   5.4274  14.8451   0.0000   0.0000   0.0000
    3007  -4.4873   5.0384  15.7064   0.0000   0.0000   0.0000
    3008  -3.1735   4.7729  15.2912   0.0000   0.0000   0.0000
    3009  -3.5432   5.3260  15.9152   0.0000   0.0000   0.0000
    3010  -2.6731   4.8888  15.5241   0.0000   0.0000   0.0000
    3011  -3.6114   4.9004  15.8210   0.0000   0.0000   0.0000
    3012  -3.7422   5.2937  15.7936   0.0000   0.0000   0.0000
    3013  -3.3295   5.9646  15.9130   0.0000   0.0000   0.0000
    3014  -3.7010   5.6374  15.3251   0.0000   0.0000   0.0000
    3015  -3.1671   5.1545  15.8788   0.0000   0.0000   0.0000
    3016  -2.5324   6.0187  15.0588   0.0000   0.0000   0.0000
    3017  -2.6776   5.6517  16.0954   0.0000   0.0000   0.0000
    3018  -2.8670   5.1546  15.5945   0.0000   0.0000   0.0000
    3019  -3.7711   5.5013  15.2876   0.0000   0.0000   0.0000
    3020  -4.6926   5.4378  15.4108   0.0000   0.0000   0.0000
    3021  -3.1686   5.4015  15.7611   0.0000   0.0000   0.0000
    3022  -3.6975   5.4225  15.4159   0.0000   0.0000   0.0000
    3023  -2.9636   4.7560  16.0334   0.0000   0.0000   0.0000
    3024  -3.4116   5.2269  15.7793   0.0000   0.0000   0.0000
    3025  -3.2907   5.8789  15.3357   0.0000   0.0000   0.0000
    3026  -3.3033   6.2683  15.1210   0.0000   0.0000   0.0000
    3027  -2.2274   4.9077  15.0897   0.0000   0.0000   0.0000
    3028  -2.6410   5.2856  14.9548   0.0000   0.0000   0.0000
    3029  -3.7039   5.9977  15.2455   0.0000   0.0000   0.0000
    3030  -3.2850   5.9358  14.8170   0.0000   0.0000   0.0000
    3031  -3.2920   5.0902  14.9518   0.0000   0.0000   0.0000
    3032  -3.4600   4.3477  15.0591   0.0000   0.0000   0.0000
    3033  -4.1523   5.1394  15.2408   0.0000   0.0000   0.0000
    3034  -3.8362   5.6060  15.7428   0.0000   0.0000   0.0000
    3035  -3.5295   4.5444  15.8490   0.0000   0.0000   0.0000
    3036  -2.9131   4.6157  15.7401   0.0000   0.0000   0.0000
    3037  -3.2748   4.3657  15.8921   0.0000   0.0000   0.0000
    3038  -3.2919   4.9379  15.6758   0.0000   0.0000   0.0000
    3039  -2.6432   4.5063  16.3096   0.0000   0.0000   0.0000
    3040  -2.6780   4.8292  16.5082   0.0000   0.0000   0.0000
    3041  -3.1839   5.5723  15.4138   0.0000   0.0000   0.0000
    3042  -2.8543   4.2896  15.6155   0.0000   0.0000   0.0000
    3043  -3.5485   4.2060  15.9260   0.0000   0.0000   0.0000
    3044  -3.0932   4.7271  15.5749   0.0000   0.0000   0.0000
    3045  -2.8513   4.4684  15.9026   0.0000   0.0000   0.0000
    3046  -2.1720   5.2169  15.4979   0.0000   0.0000   0.0000
    3047  -3.7133   4.3902  15.1613   0.0000   0.0000   0.0000
    3048  -2.7352   4.9375  15.2434   0.0000   0.0000   0.0000
    3049  -2.9380   3.9431  15.5759   0.0000   0.0000   0.0000
    3050  -2.4967   4.6588  15.7077   0.0000   0.0000   0.0000
    3051  -2.5420   3.5979  15.3147   0.0000   0.0000   0.0000
    3052  -3.3286   4.4724  15.7519   0.0000   0.0000   0.0000
    3053  -3.8703   4.3719  15.2236   0.0000   0.0000   0.0000
    3054  -4.5446   3.8200  15.8357   0.0000   0.0000   0.0000
    3055  -3.2043   4.3909  15.0126   0.0000   0.0000   0.0000
    3056  -3.0493   4.5147  14.8538   0.0000   0.0000   0.0000
    3057  -3.5930   3.3174  15.5312   0.0000   0.0000   0.0000
    3058  -3.8818   4.6393  15.3846   0.0000   0.0000   0.0000
    3059  -3.9815   5.1157  14.8780   0.0000   0.0000   0.0000
    3060  -4.0278   4.9926  14.3983   0.0000   0.0000   0.0000
    3061  -4.4811   4.6346  14.4106   0.0000   0.0000   0.0000
    3062  -4.3120   3.6677  15.2911   0.0000   0.0000   0.0000
    3063  -3.2468   4.6214  15.0253   0.0000   0.0000   0.0000
    3064  -2.7578   4.3757  15.5433   0.0000   0.0000   0.0000
    3065  -2.3579   4.6048  15.5090   0.0000   0.0000   0.0000
    3066  -2.3895   5.5888  15.3980   0.0000   0.0000   0.0000
    3067  -2.7721   5.2901  14.7997   0.0000   0.0000   0.0000
    3068  -3.2563   4.6459  15.7746   0.0000   0.0000   0.0000
    3069  -3.7170   4.5083  14.7012   0.0000   0.0000   0.0000
    3070  -4.1502   5.6709  16.0640   0.0000   0.0000   0.0000
    3071  -4.5788   4.8546  16.3782   0.0000   0.0000   0.0000
    3072  -4.4690   4.8057  14.3623   0.0000   0.0000   0.0000
    3073  -4.0196   5.2160  16.1794   0.0000   0.0000   0.0000
    3074  -4.3909   5.2444  15.7194   0.0000   0.0000   0.0000
    3075  -3.0672   5.3929  15.9181   0.0000   0.0000   0.0000
    3076  -3.5616   4.9729  16.0004   0.0000   0.0000   0.0000
    3077  -4.2064   4.8166  16.3629   0.0000   0.0000   0.0000
    3078  -4.3015   3.9792  16.2567   0.0000   0.0000   0.0000
    3079  -3.6581   4.4730  16.4639   0.0000   0.0000   0.0000
    3080  -3.8243   4.3734  16.3829   0.0000   0.0000   0.0000
    3081  -4.2108   3.7127  16.7297   0.0000   0.0000   0.0000
    3082  -4.5674   3.8829  16.2915   0.0000   0.0000   0.0000
    3083  -4.1557   3.9164  16.0200   0.0000   0.0000   0.0000
    3084  -4.0838   3.5256  16.5383   0.0000   0.0000   0.0000
    3085  -4.4799   3.0630  16.2604   0.0000   0.0000   0.0000
    3086  -3.3605   3.9169  15.7682   0.0000   0.0000   0.0000
    3087  -5.4331   3.2027  15.6860   0.0000   0.0000   0.0000
    3088  -4.1671   3.1196  15.9429   0.0000   0.0000   0.0000
    3089  -5.2357   2.6637  16.3141   0.0000   0.0000   0.0000
    3090  -5.0720   3.2404  16.5282   0.0000   0.0000   0.0000
    3091  -5.0217   3.3699  16.4081   0.0000   0.0000   0.0000
    3092  -5.2159   4.3009  17.0633   0.0000   0.0000   0.0000
    3093  -4.7607   4.2469  16.4642   0.0000   0.0000   0.0000
    3094  -4.5650   5.0752  16.0291   0.0000   0.0000   0.0000
    3095  -4.4101   4.4686  15.8190   0.0000   0.0000   0.0000
    3096  -4.4788   5.2748  15.8717   0.0000   0.0000   0.0000
    3097  -4.3955   4.3421  16.0437   0.0000   0.0000   0.0000
    3098  -4.0911   4.4907  14.9822   0.0000   0.0000   0.0000
    3099  -5.3106   5.0745  15.4838   0.0000   0.0000   0.0000
    3100  -6.0173   4.1643  15.1094   0.0000   0.0000   0.0000
    3101  -4.6036   3.9755  16.1184   0.0000   0.0000   0.0000
    3102  -5.4206   4.2711  15.3796   0.0000   0.0000   0.0000
    3103  -5.4751   3.9039  15.8677   0.0000   0.0000   0.0000
    3104  -4.2550   4.0943  15.8596   0.0000   0.0000   0.0000
    3105  -5.0645   4.2772  15.5923   0.0000   0.0000   0.0000
    3106  -6.1946   4.0110  14.9151   0.0000   0.0000   0.0000
    3107  -4.1115   4.0567  15.6883   0.0000   0.0000   0.0000
    3108  -4.4687   5.1759  16.4442   0.0000   0.0000   0.0000
    3109  -5.2457   4.8615  15.9676   0.0000   0.0000   0.0000
    3110  -4.2863   4.7138  15.9922   0.0000   0.0000   0.0000
    3111  -4.3555   5.6680  16.6068   0.0000   0.0000   0.0000
    3112  -5.5447   5.9196  16.1367   0.0000   0.0000   0.0000
    3113  -6.1758   5.7314  16.0304   0.0000   0.0000   0.0000
    3114  -6.7910   5.6951  16.0336   0.0000   0.0000   0.0000
    3115  -5.3770   6.0746  16.1332   0.0000   0.0000   0.0000
    3116  -5.5716   6.2596  16.4477   0.0000   0.0000   0.0000
    3117  -5.4330   6.1544  16.0430   0.0000   0.0000   0.0000
    3118  -4.2405   5.9113  15.5858   0.0000   0.0000   0.0000
    3119  -5.9326   5.8317  16.0898   0.0000   0.0000   0.0000
    3120  -5.9179   6.6937  15.7389   0.0000   0.0000   0.0000
    3121  -5.2286   6.0670  15.0457   0.0000   0.0000   0.0000
    3122  -5.9285   6.3408  15.7333   0.0000   0.0000   0.0000
    3123  -5.5599   6.6235  15.4775   0.0000   0.0000   0.0000
    3124  -5.8154   5.9738  15.7360   0.0000   0.0000   0.0000
    3125  -5.0758   6.0359  15.8502   0.0000   0.0000   0.0000
    3126  -4.7426   5.5586  16.3327   0.0000   0.0000   0.0000
    3127  -4.9884   5.5813  16.8691   0.0000   0.0000   0.0000
    3128  -4.8601   5.4998  16.0717   0.0000   0.0000   0.0000
    3129  -4.9305   5.1065  16.3509   0.0000   0.0000   0.0000
    3130  -5.0605   4.8856  16.7701   0.0000   0.0000   0.0000
    3131  -5.0776   5.6699  17.5023   0.0000   0.0000   0.0000
    3132  -5.8213   5.8512  17.4013   0.0000   0.0000   0.0000
    3133  -4.8468   5.8320  17.0123   0.0000   0.0000   0.0000
    3134  -5.2560   4.1940  16.1659   0.0000   0.0000   0.0000
    3135  -5.6772   4.4770  16.9852   0.0000   0.0000   0.0000
    3136  -5.7929   6.3086  16.9450   0.0000   0.0000   0.0000
    3137  -6.1078   5.9704  16.2842   0.0000   0.0000   0.0000
    3138  -6.2290   5.6698  16.4150   0.0000   0.0000   0.0000
    3139  -6.2929   5.8237  16.1288   0.0000   0.0000   0.0000
    3140  -6.1864   6.0316  15.8598   0.0000   0.0000   0.0000
    3141  -5.8713   6.0200  16.8142   0.0000   0.0000   0.0000
    3142  -5.7508   6.4430  16.5041   0.0000   0.0000   0.0000
    3143  -5.1383   6.0911  16.7628   0.0000   0.0000   0.0000
    3144  -4.5392   6.2015  16.7051   0.0000   0.0000   0.0000
    3145  -5.1290   5.6447  16.6954   0.0000   0.0000   0.0000
    3146  -4.8455   5.7272  16.3909   0.0000   0.0000   0.0000
    3147  -4.5500   6.4234  16.8278   0.0000   0.0000   0.0000
    3148  -3.9504   6.0331  15.7759   0.0000   0.0000   0.0000
    3149  -4.1654   6.4991  16.1328   0.0000   0.0000   0.0000
    3150  -4.3695   6.5451  16.6564   0.0000   0.0000   0.0000
    3151  -4.1540   6.4497  16.8149   0.0000   0.0000   0.0000
    3152  -3.7565   6.6333  16.3533   0.0000   0.0000   0.0000
    3153  -3.2981   6.1590  16.6316   0.0000   0.0000   0.0000
    3154  -3.2841   6.4601  16.6454   0.0000   0.0000   0.0000
    3155  -3.8362   5.6970  16.4012   0.0000   0.0000   0.0000
    3156  -4.4482   5.7955  16.5483   0.0000   0.0000   0.0000
    3157  -3.8260   6.4316  16.5453   0.0000   0.0000   0.0000
    3158  -3.7384   6.2839  16.1204   0.0000   0.0000   0.0000
    3159  -3.5845   5.2862  15.8218   0.0000   0.0000   0.0000
    3160  -3.8901   5.7954  15.3900   0.0000   0.0000   0.0000
    3161  -3.9469   5.8055  15.9816   0.0000   0.0000   0.0000
    3162  -3.9845   6.1049  16.0561   0.0000   0.0000   0.0000
    3163  -2.9460   5.5257  16.7923   0.0000   0.0000   0.0000
    3164  -3.2149   5.6828  16.4024   0.0000   0.0000   0.0000
    3165  -3.4103   6.2147  17.1023   0.0000   0.0000   0.0000
    3166  -4.3573   5.4763  16.6158   0.0000   0.0000   0.0000
    3167  -3.4245   6.5879  16.5213   0.0000   0.0000   0.0000
    3168  -4.4920   7.3523  16.8043   0.0000   0.0000   0.0000
    3169  -4.2375   6.2643  16.9426   0.0000   0.0000   0.0000
    3170  -3.7602   6.1801  16.7464   0.0000   0.0000   0.0000
    3171  -5.0480   6.1983  16.2889   0.0000   0.0000   0.0000
    3172  -4.4163   6.1638  16.1430   0.0000   0.0000   0.0000
    3173  -3.3592   6.7887  16.7345   0.0000   0.0000   0.0000
    3174  -3.6534   6.4946  15.7836   0.0000   0.0000   0.0000
    3175  -3.7408   6.7806  15.5303   0.0000   0.0000   0.0000
    3176  -2.5599   6.2678  16.4004   0.0000   0.0000   0.0000
    3177  -2.6224   7.0698  16.7556   0.0000   0.0000   0.0000
    3178  -4.3074   7.4057  16.1689   0.0000   0.0000   0.0000
    3179  -3.8466   6.9839  15.7521   0.0000   0.0000   0.0000
    3180  -3.9397   7.5871  16.3766   0.0000   0.0000   0.0000
    3181  -3.4529   7.0873  16.3603   0.0000   0.0000   0.0000
    3182  -3.7034   7.6577  15.6775   0.0000   0.0000   0.0000
    3183  -3.8005   7.8823  15.5415   0.0000   0.0000   0.0000
    3184  -4.7260   7.5407  15.5470   0.0000   0.0000   0.0000
    3185  -4.5092   7.6136  15.6294   0.0000   0.0000   0.0000
    3186  -4.0456   7.6942  16.0318   0.0000   0.0000   0.0000
    3187  -4.6795   8.8806  15.4387   0.0000   0.0000   0.0000
    3188  -4.8163   8.0709  15.0655   0.0000   0.0000   0.0000
    3189  -4.7197   8.3023  15.5723   0.0000   0.0000   0.0000
    3190  -5.3204   7.9659  15.5575   0.0000   0.0000   0.0000
    3191  -4.3161   7.7180  15.3937   0.0000   0.0000   0.0000
    3192  -5.0283   7.5705  15.0073   0.0000   0.0000   0.0000
    3193  -4.3208   8.3092  15.3669   0.0000   0.0000   0.0000
    3194  -5.0868   7.8784  15.3734   0.0000   0.0000   0.0000
    3195  -5.2785   8.3618  15.7663   0.0000   0.0000   0.0000
    3196  -5.3466   9.0451  15.7057   0.0000   0.0000   0.0000
    3197  -4.6081   8.2543  15.3589   0.0000   0.0000   0.0000
    3198  -4.2214   8.8309  15.1027   0.0000   0.0000   0.0000
    3199  -4.3499   8.3192  15.4641   0.0000   0.0000   0.0000
    3200  -5.5502   8.9117  15.6092   0.0000   0.0000   0.0000
    3201  -5.2555   8.5435  16.2865   0.0000   0.0000   0.0000
    3202  -5.2325   8.6178  16.2927   0.0000   0.0000   0.0000
    3203  -4.5235   8.0147  16.6236   0.0000   0.0000   0.0000
    3204  -4.6243   8.4114  16.1085   0.0000   0.0000   0.0000
    3205  -3.7252   7.9134  16.2250   0.0000   0.0000   0.0000
    3206  -4.3834   8.0999  16.0470   0.0000   0.0000   0.0000
    3207  -4.8240   7.4210  16.7153   0.0000   0.0000   0.0000
    3208  -5.0393   7.9727  16.4655   0.0000   0.0000   0.0000
    3209  -4.7352   6.9137  16.5499   0.0000   0.0000   0.0000
    3210  -4.7530   6.8583  16.4935   0.0000   0.0000   0.0000
    3211  -4.8962   6.5491  16.3627   0.0000   0.0000   0.0000
    3212  -4.1408   6.1965  16.1153   0.0000   0.0000   0.0000
    3213  -4.4509   6.5501  16.0299   0.0000   0.0000   0.0000
    3214  -4.1357   6.4956  16.3640   0.0000   0.0000   0.0000
    3215  -3.6769   6.5227  16.6906   0.0000   0.0000   0.0000
    3216  -3.3725   6.9191  15.9674   0.0000   0.0000   0.0000
    3217  -4.1976   6.6562  16.1843   0.0000   0.0000   0.0000
    3218  -3.9526   6.7777  16.1061   0.0000   0.0000   0.0000
    3219  -4.1696   7.0519  15.5118   0.0000   0.0000   0.0000
    3220  -3.9750   7.6275  15.4250   0.0000   0.0000   0.0000
    3221  -4.2930   7.2101  15.5247   0.0000   0.0000   0.0000
    3222  -3.9973   7.5362  15.6676   0.0000   0.0000   0.0000
    3223  -4.3045   7.2231  15.1385   0.0000   0.0000   0.0000
    3224  -5.3002   8.2567  14.6141   0.0000   0.0000   0.0000
    3225  -3.9293   8.5978  14.9422   0.0000   0.0000   0.0000
    3226  -4.7041   7.5077  15.6180   0.0000   0.0000   0.0000
    3227  -4.1942   8.1232  15.0664   0.0000   0.0000   0.0000
    3228  -4.5018   8.3213  15.0234   0.0000   0.0000   0.0000
    3229  -4.3894   7.8002  15.3684   0.0000   0.0000   0.0000
    3230  -4.0921   7.8880  14.8173   0.0000   0.0000   0.0000
    3231  -5.1481   7.9520  15.5044   0.0000   0.0000   0.0000
    3232  -4.1631   8.2170  15.4753   0.0000   0.0000   0.0000
    3233  -4.1343   8.5189  15.8853   0.0000   0.0000   0.0000
    3234  -4.3013   8.2717  16.0493   0.0000   0.0000   0.0000
    3235  -4.4392   8.2875  16.3964   0.0000   0.0000   0.0000
    3236  -4.6896   8.8636  16.6562   0.0000   0.0000   0.0000
    3237  -4.3416   7.7881  15.8741   0.0000   0.0000   0.0000
    3238  -4.8175   7.9601  15.8076   0.0000   0.0000   0.0000
    3239  -5.6182   7.3554  17.0234   0.0000   0.0000   0.0000
    3240  -5.2300   7.9214  16.5017   0.0000   0.0000   0.0000
    3241  -5.6606   7.4372  16.9264   0.0000   0.0000   0.0000
    3242  -4.5691   7.8391  16.8035   0.0000   0.0000   0.0000
    3243  -5.0251   7.5654  16.6974   0.0000   0.0000   0.0000
    3244  -4.7696   7.3422  17.4358   0.0000   0.0000   0.0000
    3245  -4.5608   8.7190  16.7800   0.0000   0.0000   0.0000
    3246  -4.1409   8.4069  17.4645   0.0000   0.0000   0.0000
    3247  -4.5314   8.7809  17.6187   0.0000   0.0000   0.0000
    3248  -5.1611   8.5801  17.6644   0.0000   0.0000   0.0000
    3249  -5.3040   9.0958  17.7533   0.0000   0.0000   0.0000
    3250  -5.1397   9.0263  16.4853   0.0000   0.0000   0.0000
    3251  -5.2963   9.1743  17.1130   0.0000   0.0000   0.0000
    3252  -5.2760   8.8130  16.5156   0.0000   0.0000   0.0000
    3253  -6.0263   9.7053  17.5225   0.0000   0.0000   0.0000
    3254  -6.0743  10.3671  17.4618   0.0000   0.0000   0.0000
    3255  -5.5683   9.1599  17.0900   0.0000   0.0000   0.0000
    3256  -6.0899   9.0330  16.4985   0.0000   0.0000   0.0000
    3257  -5.8815   9.4835  16.3340   0.0000   0.0000   0.0000
    3258  -5.6876   8.7980  16.4988   0.0000   0.0000   0.0000
    3259  -6.2773   8.3190  17.2216   0.0000   0.0000   0.0000
    3260  -5.7668   9.5330  17.4492   0.0000   0.0000   0.0000
    3261  -5.4977   8.8604  17.1382   0.0000   0.0000   0.0000
    3262  -5.9764   9.5594  16.9160   0.0000   0.0000   0.0000
    3263  -5.1943   9.0816  16.9462   0.0000   0.0000   0.0000
    3264  -4.9430   9.1018  16.8186   0.0000   0.0000   0.0000
    3265  -4.8690   9.3210  17.1556   0.0000   0.0000   0.0000
    3266  -4.9264   8.6010  17.5786   0.0000   0.0000   0.0000
    3267  -5.4467   9.4509  17.3580   0.0000   0.0000   0.0000
    3268  -5.2394   8.2425  17.5630   0.0000   0.0000   0.0000
    3269  -6.0430   8.9092  18.5918   0.0000   0.0000   0.0000
    3270  -5.4509   9.0928  17.2934   0.0000   0.0000   0.0000
    3271  -5.4101   8.6725  17.6985   0.0000   0.0000   0.0000
    3272  -6.6702   9.3316  17.8808   0.0000   0.0000   0.0000
    3273  -6.3977   8.6818  17.8471   0.0000   0.0000   0.0000
    3274  -6.1056   7.9821  17.7680   0.0000   0.0000   0.0000
    3275  -6.2129   9.2254  16.9931   0.0000   0.0000   0.0000
    3276  -6.1509   9.0673  16.6199   0.0000   0.0000   0.0000
    3277  -6.2747   8.8715  16.8878   0.0000   0.0000   0.0000
    3278  -6.2241   9.3441  15.7124   0.0000   0.0000   0.0000
    3279  -6.4749   9.2789  16.4765   0.0000   0.0000   0.0000
    3280  -6.3753   9.4052  16.5499   0.0000   0.0000   0.0000
    3281  -7.0822   9.2364  16.2744   0.0000   0.0000   0.0000
    3282  -6.5705   9.2615  15.7837   0.0000   0.0000   0.0000
    3283  -5.5826   8.0381  16.3657   0.0000   0.0000   0.0000
    3284  -6.2244   8.3090  16.4513   0.0000   0.0000   0.0000
    3285  -4.9089   8.8163  16.8025   0.0000   0.0000   0.0000
    3286  -5.2252   8.3791  16.0382   0.0000   0.0000   0.0000
    3287  -5.1349   8.5693  15.5687   0.0000   0.0000   0.0000
    3288  -5.8374   9.2807  15.2793   0.0000   0.0000   0.0000
    3289  -4.9042   8.7064  15.2899   0.0000   0.0000   0.0000
    3290  -5.3538   7.7786  15.5773   0.0000   0.0000   0.0000
    3291  -6.0422   8.3899  16.2380   0.0000   0.0000   0.0000
    3292  -5.3299   8.6443  16.7554   0.0000   0.0000   0.0000
    3293  -5.7641   8.3036  16.8816   0.0000   0.0000   0.0000
    3294  -6.0691   8.4513  17.8682   0.0000   0.0000   0.0000
    3295  -5.0199   8.4994  17.0684   0.0000   0.0000   0.0000
    3296  -4.5910   8.6547  16.6138   0.0000   0.0000   0.0000
    3297  -5.0939   8.3494  17.0893   0.0000   0.0000   0.0000
    3298  -4.4132   9.2446  16.3643   0.0000   0.0000   0.0000
    3299  -4.0681   8.2719  16.4904   0.0000   0.0000   0.0000
    3300  -4.6061   8.0453  16.7589   0.0000   0.0000   0.0000
    3301  -4.4420   9.3264  17.6235   0.0000   0.0000   0.0000
    3302  -4.7520   9.0998  16.8938   0.0000   0.0000   0.0000
    3303  -4.8722   8.3537  16.4219   0.0000   0.0000   0.0000
    3304  -4.4180   8.2001  16.5873   0.0000   0.0000   0.0000
    3305  -3.9985   7.8911  16.5770   0.0000   0.0000   0.0000
    3306  -2.9354   7.7482  16.1382   0.0000   0.0000   0.0000
    3307  -3.2843   8.7433  15.5533   0.0000   0.0000   0.0000
    3308  -3.8658   8.3023  16.0853   0.0000   0.0000   0.0000
    3309  -3.6064   8.7064  15.2709   0.0000   0.0000   0.0000
    3310  -2.7490   7.6734  15.5599   0.0000   0.0000   0.0000
    3311  -3.1963   7.2941  15.0275   0.0000   0.0000   0.0000
    3312  -3.6565   8.4117  15.5741   0.0000   0.0000   0.0000
    3313  -3.4920   8.1273  15.4411   0.0000   0.0000   0.0000
    3314  -3.4816   8.4225  15.7423   0.0000   0.0000   0.0000
    3315  -3.8160   7.7603  14.9606   0.0000   0.0000   0.0000
    3316  -3.1276   7.3529  14.7458   0.0000   0.0000   0.0000
    3317  -4.5653   7.8974  14.7127   0.0000   0.0000   0.0000
    3318  -5.2413   7.2767  14.7770   0.0000   0.0000   0.0000
    3319  -5.8398   8.4182  14.7236   0.0000   0.0000   0.0000
    3320  -4.5097   8.4613  15.6673   0.0000   0.0000   0.0000
    3321  -4.6315   8.2213  15.1509   0.0000   0.0000   0.0000
    3322  -4.5318   8.4725  15.1600   0.0000   0.0000   0.0000
    3323  -5.3224   8.4405  14.4964   0.0000   0.0000   0.0000
    3324  -4.0693   8.6707  15.2692   0.0000   0.0000   0.0000
    3325  -3.8196   8.2308  14.6707   0.0000   0.0000   0.0000
    3326  -4.8745   7.7500  14.8579   0.0000   0.0000   0.0000
    3327  -3.4923   9.1329  14.1962   0.0000   0.0000   0.0000
    3328  -3.7436   9.2272  15.1226   0.0000   0.0000   0.0000
    3329  -4.1512   9.5330  15.4701   0.0000   0.0000   0.0000
    3330  -4.2034   8.4314  15.4524   0.0000   0.0000   0.0000
    3331  -4.8909   9.2295  15.1750   0.0000   0.0000   0.0000
    3332  -4.1698   8.8992  15.1511   0.0000   0.0000   0.0000
    3333  -3.4472   9.4174  15.7011   0.0000   0.0000   0.0000
    3334  -4.5620   8.3872  15.5397   0.0000   0.0000   0.0000
    3335  -4.7338   8.8369  15.4445   0.0000   0.0000   0.0000
    3336  -4.1682   8.8084  15.3780   0.0000   0.0000   0.0000
    3337  -3.8795   8.6459  14.7661   0.0000   0.0000   0.0000
    3338  -4.3824   7.9865  14.3517   0.0000   0.0000   0.0000
    3339  -3.7325   8.7617  14.5689   0.0000   0.0000   0.0000
    3340  -4.4891   8.6802  14.9771   0.0000   0.0000   0.0000
    3341  -4.9764   8.7801  14.5061   0.0000   0.0000   0.0000
    3342  -4.2004   8.5230  15.5376   0.0000   0.0000   0.0000
    3343  -4.5379   8.7016  15.4459   0.0000   0.0000   0.0000
    3344  -5.2034   8.0188  15.1393   0.0000   0.0000   0.0000
    3345  -3.9453   8.1304  15.0152   0.0000   0.0000   0.0000
    3346  -4.0662   8.8497  15.5903   0.0000   0.0000   0.0000
    3347  -4.3032   8.5316  15.9133   0.0000   0.0000   0.0000
    3348  -5.1743   8.2047  15.7828   0.0000   0.0000   0.0000
    3349  -4.6218   7.6851  16.1127   0.0000   0.0000   0.0000
    3350  -5.1484   7.7430  15.8316   0.0000   0.0000   0.0000
    3351  -5.2720   7.8952  15.0757   0.0000   0.0000   0.0000
    3352  -4.6229   8.1783  15.4836   0.0000   0.0000   0.0000
    3353  -5.0657   8.4520  15.6224   0.0000   0.0000   0.0000
    3354  -5.3192   8.2746  15.2605   0.0000   0.0000   0.0000
    3355  -4.0050   8.3044  14.9232   0.0000   0.0000   0.0000
    3356  -3.9236   8.1553  15.5910   0.0000   0.0000   0.0000
    3357  -5.0557   8.4354  14.5774   0.0000   0.0000   0.0000
    3358  -4.9069   8.3080  14.6308   0.0000   0.0000   0.0000
    3359  -4.4485   8.2917  15.2348   0.0000   0.0000   0.0000
    3360  -4.5214   8.8686  14.7348   0.0000   0.0000   0.0000
    3361  -5.0947   7.6024  15.0092   0.0000   0.0000   0.0000
    3362  -3.9141   7.8239  15.1941   0.0000   0.0000   0.0000
    3363  -3.4653   7.2950  15.3208   0.0000   0.0000   0.0000
    3364  -3.4367   8.3057  14.2626   0.0000   0.0000   0.0000
    3365  -4.3288   7.9606  14.4890   0.0000   0.0000   0.0000
    3366  -4.1530   8.0859  15.4715   0.0000   0.0000   0.0000
    3367  -3.3180   8.3812  15.4551   0.0000   0.0000   0.0000
    3368  -4.2120   8.1962  14.6471   0.0000   0.0000   0.0000
    3369  -4.3600   7.6916  15.3830   0.0000   0.0000   0.0000
    3370  -3.9698   8.3154  15.3054   0.0000   0.0000   0.0000
    3371  -2.8132   8.5184  15.1605   0.0000   0.0000   0.0000
    3372  -3.0281   9.2555  15.0077   0.0000   0.0000   0.0000
    3373  -2.4756   8.5591  15.4005   0.0000   0.0000   0.0000
    3374  -3.8117   8.1541  15.2994   0.0000   0.0000   0.0000
    3375  -3.4250   8.9347  15.1078   0.0000   0.0000   0.0000
    3376  -3.3012   8.2263  15.0478   0.0000   0.0000   0.0000
    3377  -3.5015   8.5718  14.1864   0.0000   0.0000   0.0000
    3378  -3.7922   8.4016  13.8221   0.0000   0.0000   0.0000
    3379  -3.5355   7.9451  14.6153   0.0000   0.0000   0.0000
    3380  -3.5805   7.7579  14.3069   0.0000   0.0000   0.0000
    3381  -2.8944   8.2962  14.5558   0.0000   0.0000   0.0000
    3382  -3.2254   8.2280  14.4120   0.0000   0.0000   0.0000
    3383  -2.7701   7.9074  13.8770   0.0000   0.0000   0.0000
    3384  -2.3372   8.1701  14.9872   0.0000   0.0000   0.0000
    3385  -3.3729   8.9686  14.7616   0.0000   0.0000   0.0000
    3386  -3.1170   7.9355  14.3260   0.0000   0.0000   0.0000
    3387  -2.9121   7.8701  14.3954   0.0000   0.0000   0.0000
    3388  -3.2069   8.1675  14.6744   0.0000   0.0000   0.0000
    3389  -2.8931   8.0688  14.7907   0.0000   0.0000   0.0000
    3390  -3.1572   8.0280  15.0289   0.0000   0.0000   0.0000
    3391  -3.1607   8.4879  14.7975   0.0000   0.0000   0.0000
    3392  -3.3026   7.4316  14.9429   0.0000   0.0000   0.0000
    3393  -3.6305   7.9447  14.6250   0.0000   0.0000   0.0000
    3394  -3.0055   7.2285  15.2005   0.0000   0.0000   0.0000
    3395  -2.9237   7.8525  15.5234   0.0000   0.0000   0.0000
    3396  -2.4007   7.8721  15.1779   0.0000   0.0000   0.0000
    3397  -3.0638   7.7482  14.8375   0.0000   0.0000   0.0000
    3398  -2.8369   8.6658  14.4672   0.0000   0.0000   0.0000
    3399  -3.4010   9.4277  15.2871   0.0000   0.0000   0.0000
    3400  -3.9270   8.5975  15.1522   0.0000   0.0000   0.0000
    3401  -3.9872   8.0893  14.7649   0.0000   0.0000   0.0000
    3402  -3.4081   8.0650  15.2331   0.0000   0.0000   0.0000
    3403  -3.5854   7.6094  14.7705   0.0000   0.0000   0.0000
    3404  -3.5124   7.3649  15.4172   0.0000   0.0000   0.0000
    3405  -3.0289   7.4897  14.7011   0.0000   0.0000   0.0000
    3406  -3.1687   7.8742  14.8731   0.0000   0.0000   0.0000
    3407  -3.5455   7.2394  15.2889   0.0000   0.0000   0.0000
    3408  -4.0463   6.7951  15.6222   0.0000   0.0000   0.0000
    3409  -4.1183   7.1420  15.3683   0.0000   0.0000   0.0000
    3410  -4.3893   7.5756  15.0153   0.0000   0.0000   0.0000
    3411  -3.8755   7.2330  15.3325   0.0000   0.0000   0.0000
    3412  -4.4113   6.4608  15.4912   0.0000   0.0000   0.0000
    3413  -4.7730   6.1238  15.5921   0.0000   0.0000   0.0000
    3414  -4.8949   6.0631  15.1004   0.0000   0.0000   0.0000
    3415  -4.0440   6.4435  15.5707   0.0000   0.0000   0.0000
    3416  -4.4423   7.6875  15.7000   0.0000   0.0000   0.0000
    3417  -4.6674   7.1650  15.3254   0.0000   0.0000   0.0000
    3418  -4.6708   6.5973  14.8370   0.0000   0.0000   0.0000
    3419  -4.4207   6.9897  15.5680   0.0000   0.0000   0.0000
    3420  -4.4622   6.6511  15.6859   0.0000   0.0000   0.0000
    3421  -4.8340   7.3413  15.6310   0.0000   0.0000   0.0000
    3422  -3.8834   7.3074  15.9012   0.0000   0.0000   0.0000
    3423  -4.5749   6.8907  15.7857   0.0000   0.0000   0.0000
    3424  -5.2291   6.6273  15.6360   0.0000   0.0000   0.0000
    3425  -4.5109   7.1661  16.0305   0.0000   0.0000   0.0000
    3426  -5.4209   7.8663  15.8402   0.0000   0.0000   0.0000
    3427  -5.0238   7.2725  16.0718   0.0000   0.0000   0.0000
    3428  -4.5570   7.4814  15.9885   0.0000   0.0000   0.0000
    3429  -4.2616   7.0807  16.2894   0.0000   0.0000   0.0000
    3430  -4.6737   7.1071  15.4883   0.0000   0.0000   0.0000
    3431  -4.6324   6.7382  15.3801   0.0000   0.0000   0.0000
    3432  -5.1762   6.2178  15.0463   0.0000   0.0000   0.0000
    3433  -4.9903   7.0365  15.1000   0.0000   0.0000   0.0000
    3434  -4.8266   7.8200  15.4536   0.0000   0.0000   0.0000
    3435  -4.7359   6.9879  16.2493   0.0000   0.0000   0.0000
    3436  -5.2709   7.4595  15.6313   0.0000   0.0000   0.0000
    3437  -5.0687   7.4364  15.1252   0.0000   0.0000   0.0000
    3438  -5.3979   8.1335  15.4078   0.0000   0.0000   0.0000
    3439  -4.7757   8.1386  14.9721   0.0000   0.0000   0.0000
    3440  -4.9324   7.3047  14.6194   0.0000   0.0000   0.0000
    3441  -4.0773   7.6148  15.7858   0.0000   0.0000   0.0000
    3442  -4.2375   8.2377  15.2076   0.0000   0.0000   0.0000
    3443  -4.2429   7.7372  15.2328   0.0000   0.0000   0.0000
    3444  -4.5130   8.2375  15.5140   0.0000   0.0000   0.0000
    3445  -3.9774   8.8593  14.9960   0.0000   0.0000   0.0000
    3446  -4.2289   8.3166  14.5308   0.0000   0.0000   0.0000
    3447  -3.8209   7.6577  13.9532   0.0000   0.0000   0.0000
    3448  -4.0570   7.3339  14.3602   0.0000   0.0000   0.0000
    3449  -4.2479   8.1067  14.1403   0.0000   0.0000   0.0000
    3450  -4.3547   8.7515  14.5668   0.0000   0.0000   0.0000
    3451  -4.0308   8.5552  14.3181   0.0000   0.0000   0.0000
    3452  -4.3441   8.7579  14.8881   0.0000   0.0000   0.0000
    3453  -3.6931   7.8775  14.9142   0.0000   0.0000   0.0000
    3454  -3.8404   8.1402  14.8449   0.0000   0.0000   0.0000
    3455  -3.2192   7.3461  15.0521   0.0000   0.0000   0.0000
    3456  -3.7799   7.7280  15.3059   0.0000   0.0000   0.0000
    3457  -2.9264   9.2334  15.5916   0.0000   0.0000   0.0000
    3458  -3.6932   8.9439  14.6760   0.0000   0.0000   0.0000
    3459  -3.3995   8.6523  14.8280   0.0000   0.0000   0.0000
    3460  -4.9349   9.4592  15.4631   0.0000   0.0000   0.0000
    3461  -4.0965   9.2980  14.6647   0.0000   0.0000   0.0000
    3462  -3.7517   9.4853  15.4869   0.0000   0.0000   0.0000
    3463  -3.1626   8.8734  14.8972   0.0000   0.0000   0.0000
    3464  -4.1014   9.6063  16.1410   0.0000   0.0000   0.0000
    3465  -3.7608   9.0741  16.4315   0.0000   0.0000   0.0000
    3466  -4.3807   8.4904  15.9432   0.0000   0.0000   0.0000
    3467  -4.5723   7.9493  16.0056   0.0000   0.0000   0.0000
    3468  -4.2759   8.0215  15.7197   0.0000   0.0000   0.0000
    3469  -3.8587   7.9027  15.6037   0.0000   0.0000   0.0000
    3470  -4.3546   8.5341  15.5133   0.0000   0.0000   0.0000
    3471  -4.4218   9.1614  15.8030   0.0000   0.0000   0.0000
    3472  -4.4001   8.2429  16.1494   0.0000   0.0000   0.0000
    3473  -4.8979   7.9477  15.7007   0.0000   0.0000   0.0000
    3474  -5.3925   9.1176  16.0430   0.0000   0.0000   0.0000
    3475  -4.9842   9.0120  16.1813   0.0000   0.0000   0.0000
    3476  -5.2974   8.0514  15.0495   0.0000   0.0000   0.0000
    3477  -5.2531   8.3473  15.2488   0.0000   0.0000   0.0000
    3478  -4.4816   8.0007  14.9725   0.0000   0.0000   0.0000
    3479  -4.8874   8.6612  15.7504   0.0000   0.0000   0.0000
    3480  -4.4434   7.8881  15.6395   0.0000   0.0000   0.0000
    3481  -3.7626   8.4195  15.7371   0.0000   0.0000   0.0000
    3482  -4.1144   9.0940  16.5102   0.0000   0.0000   0.0000
    3483  -3.7933   9.4206  15.8949   0.0000   0.0000   0.0000
    3484  -3.8520   9.2165  16.2871   0.0000   0.0000   0.0000
    3485  -5.3472   8.1622  16.2851   0.0000   0.0000   0.0000
    3486  -3.7912   8.5219  16.0586   0.0000   0.0000   0.0000
    3487  -4.4893   9.2321  16.8436   0.0000   0.0000   0.0000
    3488  -4.2576   8.0275  16.1549   0.0000   0.0000   0.0000
    3489  -4.6538   8.0290  16.4168   0.0000   0.0000   0.0000
    3490  -4.2527   7.8734  15.8552   0.0000   0.0000   0.0000
    3491  -4.3026   7.7509  15.4711   0.0000   0.0000   0.0000
    3492  -3.5952   8.2624  15.8268   0.0000   0.0000   0.0000
    3493  -3.8186   8.2102  16.1245   0.0000   0.0000   0.0000
    3494  -3.8496   8.9402  15.9249   0.0000   0.0000   0.0000
    3495  -4.8431   8.7937  15.6825   0.0000   0.0000   0.0000
    3496  -4.6681   8.6284  15.9579   0.0000   0.0000   0.0000
    3497  -4.6615   7.6244  16.3022   0.0000   0.0000   0.0000
    3498  -5.0985   7.9562  15.9748   0.0000   0.0000   0.0000
    3499  -5.2337   8.3235  15.3496   0.0000   0.0000   0.0000
    3500  -4.4158   8.4530  15.2724   0.0000   0.0000   0.0000
    3501  -5.5274   8.8698  15.8483   0.0000   0.0000   0.0000
    3502  -4.8668   8.9850  15.9590   0.0000   0.0000   0.0000
    3503  -5.6265   9.1325  16.1258   0.0000   0.0000   0.0000
    3504  -4.9502   9.4468  16.6118   0.0000   0.0000   0.0000
    3505  -4.3468   9.4319  15.3615   0.0000   0.0000   0.0000
    3506  -4.2637   9.4105  16.6746   0.0000   0.0000   0.0000
    3507  -4.0639   8.9724  16.5558   0.0000   0.0000   0.0000
    3508  -3.3084   9.3379  16.3390   0.0000   0.0000   0.0000
    3509  -4.0074   9.2104  17.1670   0.0000   0.0000   0.0000
    3510  -4.4993   9.2303  15.7456   0.0000   0.0000   0.0000
    3511  -4.1559   9.1065  16.4959   0.0000   0.0000   0.0000
    3512  -4.7133   9.0494  15.3863   0.0000   0.0000   0.0000
    3513  -4.5887   8.6288  15.9514   0.0000   0.0000   0.0000
    3514  -4.9757   9.5021  16.4393   0.0000   0.0000   0.0000
    3515  -4.5555   8.9864  15.9796   0.0000   0.0000   0.0000
    3516  -4.7816   9.5596  15.3179   0.0000   0.0000   0.0000
    3517  -4.6104   8.7797  16.4311   0.0000   0.0000   0.0000
    3518  -3.9613   9.1289  16.2669   0.0000   0.0000   0.0000
    3519  -3.7118   9.1911  16.9894   0.0000   0.0000   0.0000
    3520  -4.3308   8.4910  16.4944   0.0000   0.0000   0.0000
    3521  -5.2872   8.9437  16.5305   0.0000   0.0000   0.0000
    3522  -5.1551  10.4593  15.9819   0.0000   0.0000   0.0000
    3523  -5.3325   9.9209  15.4070   0.0000   0.0000   0.0000
    3524  -5.1377   9.7269  14.9689   0.0000   0.0000   0.0000
    3525  -5.8761   9.2741  15.9348   0.0000   0.0000   0.0000
    3526  -5.2752  10.5657  15.5124   0.0000   0.0000   0.0000
    3527  -5.3135   9.6190  15.6580   0.0000   0.0000   0.0000
    3528  -4.8541  10.0162  15.0646   0.0000   0.0000   0.0000
    3529  -4.4486  10.2612  16.4724   0.0000   0.0000   0.0000
    3530  -4.5592  10.0236  15.4023   0.0000   0.0000   0.0000
    3531  -5.3184  10.5498  15.4663   0.0000   0.0000   0.0000
    3532  -5.1325  11.3189  15.1193   0.0000   0.0000   0.0000
    3533  -5.4270  10.1792  15.4600   0.0000   0.0000   0.0000
    3534  -4.8924   9.6730  15.8918   0.0000   0.0000   0.0000
    3535  -5.2516  10.1528  15.9224   0.0000   0.0000   0.0000
    3536  -4.7582  10.3701  15.7670   0.0000   0.0000   0.0000
    3537  -4.8054  11.2150  15.5469   0.0000   0.0000   0.0000
    3538  -4.0483  11.6424  15.6543   0.0000   0.0000   0.0000
    3539  -4.4992  10.5438  15.3651   0.0000   0.0000   0.0000
    3540  -5.4361  11.0868  15.2089   0.0000   0.0000   0.0000
    3541  -5.1099  10.5740  15.0785   0.0000   0.0000   0.0000
    3542  -4.1837  10.5812  15.2063   0.0000   0.0000   0.0000
    3543  -4.1621   9.9059  15.5293   0.0000   0.0000   0.0000
    3544  -4.7808   9.3406  14.3615   0.0000   0.0000   0.0000
    3545  -3.8522   9.9013  13.7385   0.0000   0.0000   0.0000
    3546  -4.8930  10.3881  13.4634   0.0000   0.0000   0.0000
    3547  -4.8183   9.7237  14.7996   0.0000   0.0000   0.0000
    3548  -4.9665  10.2710  14.5962   0.0000   0.0000   0.0000
    3549  -4.6698  10.6807  14.9973   0.0000   0.0000   0.0000
    3550  -4.0874   9.9648  15.4371   0.0000   0.0000   0.0000
    3551  -2.9691  10.6328  15.2585   0.0000   0.0000   0.0000
    3552  -3.7324  10.4435  14.9721   0.0000   0.0000   0.0000
    3553  -4.6148  10.3187  15.4873   0.0000   0.0000   0.0000
    3554  -3.7095   9.6694  14.9816   0.0000   0.0000   0.0000
    3555  -3.4413  10.5332  14.6821   0.0000   0.0000   0.0000
    3556  -2.8924  11.2880  14.6574   0.0000   0.0000   0.0000
    3557  -3.4251  11.1742  14.7476   0.0000   0.0000   0.0000
    3558  -3.9659  10.1894  15.2364   0.0000   0.0000   0.0000
    3559  -4.7862  10.7455  15.0034   0.0000   0.0000   0.0000
    3560  -4.2252  10.3736  15.3339   0.0000   0.0000   0.0000
    3561  -4.2090   9.9474  14.7511   0.0000   0.0000   0.0000
    3562  -4.1792  10.7406  14.4071   0.0000   0.0000   0.0000
    3563  -4.4777  10.8785  14.2423   0.0000   0.0000   0.0000
    3564  -4.9018  11.8171  14.8118   0.0000   0.0000   0.0000
    3565  -5.3611  10.3039  13.5934   0.0000   0.0000   0.0000
    3566  -4.8745  11.2380  13.1781   0.0000   0.0000   0.0000
    3567  -4.6540   9.6859  14.2584   0.0000   0.0000   0.0000
    3568  -4.8330  10.1854  13.9317   0.0000   0.0000   0.0000
    3569  -4.3257  10.1815  14.3676   0.0000   0.0000   0.0000
    3570  -5.1946   9.6499  14.3804   0.0000   0.0000   0.0000
    3571  -4.9238   9.4368  14.2574   0.0000   0.0000   0.0000
    3572  -5.9400   9.8982  13.6669   0.0000   0.0000   0.0000
    3573  -5.6883   9.9443  14.3537   0.0000   0.0000   0.0000
    3574  -5.3224   8.8887  13.8701   0.0000   0.0000   0.0000
    3575  -5.6461   9.9399  13.2327   0.0000   0.0000   0.0000
    3576  -5.7801   9.7138  13.2316   0.0000   0.0000   0.0000
    3577  -5.5165   9.1123  13.6126   0.0000   0.0000   0.0000
    3578  -6.0732   9.7886  14.9390   0.0000   0.0000   0.0000
    3579  -5.8927   9.9878  14.0633   0.0000   0.0000   0.0000
    3580  -5.9730   9.5902  13.9776   0.0000   0.0000   0.0000
    3581  -6.3736   9.0986  14.0525   0.0000   0.0000   0.0000
    3582  -6.3879  10.0570  14.4357   0.0000   0.0000   0.0000
    3583  -6.1601   9.0123  14.8484   0.0000   0.0000   0.0000
    3584  -5.8918   9.0808  14.8438   0.0000   0.0000   0.0000
    3585  -5.6803   8.7749  14.8868   0.0000   0.0000   0.0000
    3586  -5.6008   8.9760  15.0734   0.0000   0.0000   0.0000
    3587  -5.3592   8.3473  15.4171   0.0000   0.0000   0.0000
    3588  -4.3002   9.1493  15.3599   0.0000   0.0000   0.0000
    3589  -5.2983   9.3644  16.5030   0.0000   0.0000   0.0000
    3590  -4.9749   8.1614  15.6472   0.0000   0.0000   0.0000
    3591  -5.3435   8.1293  15.0045   0.0000   0.0000   0.0000
    3592  -5.2202   9.0469  15.6408   0.0000   0.0000   0.0000
    3593  -5.6436   8.7808  14.5469   0.0000   0.0000   0.0000
    3594  -5.5456   8.5149  15.0912   0.0000   0.0000   0.0000
    3595  -5.4939   8.0080  15.5987   0.0000   0.0000   0.0000
    3596  -4.8490   9.0705  15.3724   0.0000   0.0000   0.0000
    3597  -4.6997   9.7100  15.9838   0.0000   0.0000   0.0000
    3598  -5.4347   9.1662  16.4249   0.0000   0.0000   0.0000
    3599  -5.5253   8.8044  15.7711   0.0000   0.0000   0.0000
    3600  -5.1162   8.8428  15.1849   0.0000   0.0000   0.0000
    3601  -4.8294   9.0100  15.2943   0.0000   0.0000   0.0000
    3602  -5.3114   9.2829  15.2641   0.0000   0.0000   0.0000
    3603  -5.6215   9.6052  15.2995   0.0000   0.0000   0.0000
    3604  -6.9832   9.3542  14.9069   0.0000   0.0000   0.0000
    3605  -6.3605   9.5050  15.3422   0.0000   0.0000   0.0000
    3606  -6.5225   9.6104  15.5020   0.0000   0.0000   0.0000
    3607  -6.8346   8.6967  16.1579   0.0000   0.0000   0.0000
    3608  -6.4741   9.2769  15.8109   0.0000   0.0000   0.0000
    3609  -7.1245   8.8477  15.6083   0.0000   0.0000   0.0000
    3610  -6.0760   9.0757  15.1632   0.0000   0.0000   0.0000
    3611  -5.9757   9.0245  15.5476   0.0000   0.0000   0.0000
    3612  -6.7340   8.3063  15.4615   0.0000   0.0000   0.0000
    3613  -6.2901   8.6401  15.5600   0.0000   0.0000   0.0000
    3614  -5.1657   8.9081  15.0667   0.0000   0.0000   0.0000
    3615  -5.9619   8.8632  15.1105   0.0000   0.0000   0.0000
    3616  -5.7183   9.3604  15.9927   0.0000   0.0000   0.0000
    3617  -5.5625   8.5117  15.8730   0.0000   0.0000   0.0000
    3618  -6.0505   9.2781  15.1999   0.0000   0.0000   0.0000
    3619  -6.4847   9.0965  14.9996   0.0000   0.0000   0.0000
    3620  -5.1813   7.8229  14.6910   0.0000   0.0000   0.0000
    3621  -6.3708   9.5328  14.6347   0.0000   0.0000   0.0000
    3622  -5.3891   9.0068  14.8621   0.0000   0.0000   0.0000
    3623  -5.0006   9.6556  14.9287   0.0000   0.0000   0.0000
    3624  -5.9292   8.9911  14.5049   0.0000   0.0000   0.0000
    3625  -6.1704   9.2116  15.3171   0.0000   0.0000   0.0000
    3626  -6.1320   9.1186  15.3882   0.0000   0.0000   0.0000
    3627  -5.9726   8.9335  15.3089   0.0000   0.0000   0.0000
    3628  -5.7102   8.9995  14.2179   0.0000   0.0000   0.0000
    3629  -5.5751   9.2667  14.2845   0.0000   0.0000   0.0000
    3630  -5.7849   9.5414  14.8480   0.0000   0.0000   0.0000
    3631  -6.4234   8.7036  14.1654   0.0000   0.0000   0.0000
    3632  -5.5921   8.7750  14.2142   0.0000   0.0000   0.0000
    3633  -5.3858   8.5977  14.5593   0.0000   0.0000   0.0000
    3634  -5.8829   8.3372  13.9952   0.0000   0.0000   0.0000
    3635  -5.2994   8.1592  14.0944   0.0000   0.0000   0.0000
    3636  -5.8477   7.9502  14.3348   0.0000   0.0000   0.0000
    3637  -5.8553   7.9122  13.4064   0.0000   0.0000   0.0000
    3638  -6.1049   7.5223  14.0076   0.0000   0.0000   0.0000
    3639  -5.6932   8.6653  13.8627   0.0000   0.0000   0.0000
    3640  -5.2543   7.3693  14.3481   0.0000   0.0000   0.0000
    3641  -6.0118   7.4803  14.3065   0.0000   0.0000   0.0000
    3642  -6.0195   8.2623  13.7366   0.0000   0.0000   0.0000
    3643  -6.0851   8.4951  14.5499   0.0000   0.0000   0.0000
    3644  -5.3982   8.9719  13.6932   0.0000   0.0000   0.0000
    3645  -6.3230   8.2265  14.4507   0.0000   0.0000   0.0000
    3646  -5.7122   8.4962  13.7636   0.0000   0.0000   0.0000
    3647  -5.9938   8.6821  14.1591   0.0000   0.0000   0.0000
    3648  -6.2295   9.5849  14.3891   0.0000   0.0000   0.0000
    3649  -6.3827   8.0823  14.6989   0.0000   0.0000   0.0000
    3650  -6.3675   8.1391  14.7550   0.0000   0.0000   0.0000
    3651  -6.5422   8.2032  14.5668   0.0000   0.0000   0.0000
    3652  -6.7779   8.2488  15.1003   0.0000   0.0000   0.0000
    3653  -5.6363   8.8604  15.1590   0.0000   0.0000   0.0000
    3654  -6.5015   7.6622  14.5626   0.0000   0.0000   0.0000
    3655  -5.6038   7.8300  14.7592   0.0000   0.0000   0.0000
    3656  -5.5988   6.9840  14.3394   0.0000   0.0000   0.0000
    3657  -5.6261   8.1992  14.4304   0.0000   0.0000   0.0000
    3658  -6.7769   9.1980  14.3044   0.0000   0.0000   0.0000
    3659  -6.1582   8.4243  15.0811   0.0000   0.0000   0.0000
    3660  -6.7775   7.3620  13.8617   0.0000   0.0000   0.0000
    3661  -6.3672   8.7816  14.9792   0.0000   0.0000   0.0000
    3662  -6.2196   7.8961  13.9077   0.0000   0.0000   0.0000
    3663  -6.5013   9.1423  14.5706   0.0000   0.0000   0.0000
    3664  -6.8627   8.5523  13.9762   0.0000   0.0000   0.0000
    3665  -6.0259   8.7224  13.9233   0.0000   0.0000   0.0000
    3666  -5.6168   7.9846  13.8256   0.0000   0.0000   0.0000
    3667  -6.4542   8.0350  14.2890   0.0000   0.0000   0.0000
    3668  -5.9217   7.3725  14.7761   0.0000   0.0000   0.0000
    3669  -5.9428   7.5444  14.7407   0.0000   0.0000   0.0000
    3670  -5.5374   7.9738  14.4609   0.0000   0.0000   0.0000
    3671  -5.3571   8.1863  14.2166   0.0000   0.0000   0.0000
    3672  -5.9606   8.3382  14.5109   0.0000   0.0000   0.0000
    3673  -5.7633   8.9869  14.2435   0.0000   0.0000   0.0000
    3674  -6.2719   8.5455  13.7950   0.0000   0.0000   0.0000
    3675  -6.9329   8.6395  13.8312   0.0000   0.0000   0.0000
    3676  -6.4471   8.7598  14.4459   0.0000   0.0000   0.0000
    3677  -6.0291   8.0608  14.1183   0.0000   0.0000   0.0000
    3678  -5.4282   7.7782  13.7899   0.0000   0.0000   0.0000
    3679  -5.7229   8.0278  14.0380   0.0000   0.0000   0.0000
    3680  -5.8931   8.1761  13.6585   0.0000   0.0000   0.0000
    3681  -6.1794   8.5254  13.6446   0.0000   0.0000   0.0000
    3682  -5.1920   9.2947  14.4173   0.0000   0.0000   0.0000
    3683  -5.5825   9.4377  13.9161   0.0000   0.0000   0.0000
    3684  -5.2107   7.8644  14.5584   0.0000   0.0000   0.0000
    3685  -5.3462   8.0930  14.0922   0.0000   0.0000   0.0000
    3686  -4.8007   9.2007  14.2950   0.0000   0.0000   0.0000
    3687  -5.0847   9.8198  15.0453   0.0000   0.0000   0.0000
    3688  -5.0288  10.1508  14.4955   0.0000   0.0000   0.0000
    3689  -5.0250   8.8201  13.8273   0.0000   0.0000   0.0000
    3690  -4.9957   9.2318  14.2526   0.0000   0.0000   0.0000
    3691  -5.0928   8.6193  14.1218   0.0000   0.0000   0.0000
    3692  -5.2052   8.7041  13.7532   0.0000   0.0000   0.0000
    3693  -5.5407   8.8007  13.8541   0.0000   0.0000   0.0000
    3694  -5.0971   8.4817  14.4151   0.0000   0.0000   0.0000
    3695  -5.9884  10.1791  13.7407   0.0000   0.0000   0.0000
    3696  -4.9096  10.2338  13.5444   0.0000   0.0000   0.0000
    3697  -5.4402   8.0870  13.6283   0.0000   0.0000   0.0000
    3698  -5.4231   7.7353  13.7994   0.0000   0.0000   0.0000
    3699  -4.9683   7.6541  14.1263   0.0000   0.0000   0.0000
    3700  -6.2092   8.0744  13.9857   0.0000   0.0000   0.0000
    3701  -6.2466   8.0390  13.6012   0.0000   0.0000   0.0000
    3702  -5.7984   8.9590  14.6813   0.0000   0.0000   0.0000
    3703  -5.5924   8.2840  13.6264   0.0000   0.0000   0.0000
    3704  -5.5128   8.5939  14.0649   0.0000   0.0000   0.0000
    3705  -5.0455   8.6190  14.1820   0.0000   0.0000   0.0000
    3706  -5.6530   7.8149  14.1409   0.0000   0.0000   0.0000
    3707  -6.0964   8.5608  14.2564   0.0000   0.0000   0.0000
    3708  -6.2417   8.5122  14.6533   0.0000   0.0000   0.0000
    3709  -6.7400   7.1964  14.5914   0.0000   0.0000   0.0000
    3710  -6.4128   8.3344  14.8336   0.0000   0.0000   0.0000
    3711  -6.9196   9.0035  14.9007   0.0000   0.0000   0.0000
    3712  -7.3060   7.9473  15.0858   0.0000   0.0000   0.0000
    3713  -6.8985   7.4403  15.2093   0.0000   0.0000   0.0000
    3714  -6.5171   7.2179  15.1324   0.0000   0.0000   0.0000
    3715  -6.6186   7.9827  14.1284   0.0000   0.0000   0.0000
    3716  -7.3950   7.3311  14.1700   0.0000   0.0000   0.0000
    3717  -5.9940   7.3845  15.7068   0.0000   0.0000   0.0000
    3718  -6.4581   8.3314  15.6321   0.0000   0.0000   0.0000
    3719  -6.5752   8.5026  15.1086   0.0000   0.0000   0.0000
    3720  -6.2622   7.7062  15.5702   0.0000   0.0000   0.0000
    3721  -6.6631   8.4000  15.1987   0.0000   0.0000   0.0000
    3722  -6.7088   8.4578  15.0328   0.0000   0.0000   0.0000
    3723  -6.7218   8.3523  15.2495   0.0000   0.0000   0.0000
    3724  -6.6786   7.7071  15.9530   0.0000   0.0000   0.0000
    3725  -6.0615   8.0088  15.6631   0.0000   0.0000   0.0000
    3726  -6.2040   8.4585  15.9704   0.0000   0.0000   0.0000
    3727  -6.3558   7.0407  14.9547   0.0000   0.0000   0.0000
    3728  -6.3804   8.3988  15.5669   0.0000   0.0000   0.0000
    3729  -6.3485   7.9784  14.8754   0.0000   0.0000   0.0000
    3730  -5.3852   8.6843  15.2924   0.0000   0.0000   0.0000
    3731  -5.7213   9.1526  15.6110   0.0000   0.0000   0.0000
    3732  -6.2710   9.2245  14.5609   0.0000   0.0000   0.0000
    3733  -6.0546   8.9218  14.8231   0.0000   0.0000   0.0000
    3734  -6.3042   9.3613  14.7628   0.0000   0.0000   0.0000
    3735  -6.3145   8.7211  15.4155   0.0000   0.0000   0.0000
    3736  -6.3152   8.7256  15.5627   0.0000   0.0000   0.0000
    3737  -6.2086   8.3896  15.0489   0.0000   0.0000   0.0000
    3738  -6.2023   9.1585  14.7343   0.0000   0.0000   0.0000
    3739  -4.6454   8.3856  15.5453   0.0000   0.0000   0.0000
    3740  -5.6583   7.7942  15.4022   0.0000   0.0000   0.0000
    3741  -5.1341   8.3232  15.8794   0.0000   0.0000   0.0000
    3742  -5.3966   7.4808  16.2313   0.0000   0.0000   0.0000
    3743  -6.1822   7.7066  15.7090   0.0000   0.0000   0.0000
    3744  -5.9044   7.5256  15.5471   0.0000   0.0000   0.0000
    3745  -5.9441   7.2047  15.7137   0.0000   0.0000   0.0000
    3746  -6.1471   8.5844  16.2222   0.0000   0.0000   0.0000
    3747  -5.9975   8.1638  16.6530   0.0000   0.0000   0.0000
    3748  -5.2612   8.4311  16.3352   0.0000   0.0000   0.0000
    3749  -5.5199   8.6318  16.0734   0.0000   0.0000   0.0000
    3750  -5.7261   8.9611  15.9324   0.0000   0.0000   0.0000
    3751  -5.5515   8.8879  15.5252   0.0000   0.0000   0.0000
    3752  -4.8041   8.9415  15.9492   0.0000   0.0000   0.0000
    3753  -5.6448   8.4428  15.3949   0.0000   0.0000   0.0000
    3754  -5.0897   8.0915  15.9232   0.0000   0.0000   0.0000
    3755  -5.7873   8.8356  15.8145   0.0000   0.0000   0.0000
    3756  -5.5682   9.3224  16.0375   0.0000   0.0000   0.0000
    3757  -5.7277   9.2236  15.7957   0.0000   0.0000   0.0000
    3758  -5.8302   8.8928  16.3990   0.0000   0.0000   0.0000
    3759  -5.7952   8.5675  16.1713   0.0000   0.0000   0.0000
    3760  -6.1923   8.4940  15.8907   0.0000   0.0000   0.0000
    3761  -6.6608   8.5612  15.5570   0.0000   0.0000   0.0000
    3762  -6.5130   8.7742  16.3769   0.0000   0.0000   0.0000
    3763  -6.1269   8.9280  15.9256   0.0000   0.0000   0.0000
    3764  -5.6883   9.0977  16.2012   0.0000   0.0000   0.0000
    3765  -5.6603   9.1285  16.8272   0.0000   0.0000   0.0000
    3766  -5.8643   9.2979  16.9981   0.0000   0.0000   0.0000
    3767  -6.1789   9.4808  16.8092   0.0000   0.0000   0.0000
    3768  -5.6668   8.8098  16.8172   0.0000   0.0000   0.0000
    3769  -5.0880   8.6401  16.4894   0.0000   0.0000   0.0000
    3770  -5.1352   8.6165  16.5842   0.0000   0.0000   0.0000
    3771  -4.7654   9.4080  17.2038   0.0000   0.0000   0.0000
    3772  -5.4463   8.2410  16.9085   0.0000   0.0000   0.0000
    3773  -5.6123   8.2021  16.9553   0.0000   0.0000   0.0000
    3774  -4.6003   8.8308  15.8773   0.0000   0.0000   0.0000
    3775  -4.7929   8.3248  16.3958   0.0000   0.0000   0.0000
    3776  -5.4055   8.8657  15.5291   0.0000   0.0000   0.0000
    3777  -5.6674   7.4358  15.8940   0.0000   0.0000   0.0000
    3778  -5.4441   8.5590  16.3519   0.0000   0.0000   0.0000
    3779  -5.9269   8.8134  16.2678   0.0000   0.0000   0.0000
    3780  -5.9832   7.5517  15.7389   0.0000   0.0000   0.0000
    3781  -6.1838   7.1507  16.2764   0.0000   0.0000   0.0000
    3782  -5.8413   7.9773  15.4954   0.0000   0.0000   0.0000
    3783  -5.3401   8.0705  15.9313   0.0000   0.0000   0.0000
    3784  -5.5635   7.9161  16.0839   0.0000   0.0000   0.0000
    3785  -5.2907   8.0400  15.6372   0.0000   0.0000   0.0000
    3786  -5.6012   8.1993  16.0995   0.0000   0.0000   0.0000
    3787  -5.3938   7.9914  16.2808   0.0000   0.0000   0.0000
    3788  -6.2432   7.1718  16.1152   0.0000   0.0000   0.0000
    3789  -5.1172   7.5210  16.5763   0.0000   0.0000   0.0000
    3790  -6.9337   7.2725  16.7396   0.0000   0.0000   0.0000
    3791  -6.0848   6.8787  15.6884   0.0000   0.0000   0.0000
    3792  -6.7478   6.8598  14.6255   0.0000   0.0000   0.0000
    3793  -5.2744   7.5959  15.2264   0.0000   0.0000   0.0000
    3794  -5.4741   7.0995  15.1917   0.0000   0.0000   0.0000
    3795  -5.6423   8.0752  16.2424   0.0000   0.0000   0.0000
    3796  -4.7401   7.3872  15.9730   0.0000   0.0000   0.0000
    3797  -5.8874   7.7416  15.6540   0.0000   0.0000   0.0000
    3798  -5.8141   7.6828  16.0761   0.0000   0.0000   0.0000
    3799  -5.1473   7.7434  16.1847   0.0000   0.0000   0.0000
    3800  -5.1376   7.7943  15.8014   0.0000   0.0000   0.0000
    3801  -5.0086   8.4480  15.8695   0.0000   0.0000   0.0000
    3802  -5.3407   8.7652  15.9690   0.0000   0.0000   0.0000
    3803  -6.1554   8.3409  15.4395   0.0000   0.0000   0.0000
    3804  -5.8541   9.1198  15.0719   0.0000   0.0000   0.0000
    3805  -6.5320   8.3090  14.9396   0.0000   0.0000   0.0000
    3806  -5.6560   8.4218  15.4437   0.0000   0.0000   0.0000
    3807  -6.0093   8.3165  15.7679   0.0000   0.0000   0.0000
    3808  -5.5950   8.5383  15.2641   0.0000   0.0000   0.0000
    3809  -5.6862   8.2892  15.5371   0.0000   0.0000   0.0000
    3810  -6.1544   8.7688  15.0956   0.0000   0.0000   0.0000
    3811  -4.8974   8.2189  15.7926   0.0000   0.0000   0.0000
    3812  -5.2673   8.8514  15.9177   0.0000   0.0000   0.0000
    3813  -5.7513   8.5530  15.0531   0.0000   0.0000   0.0000
    3814  -6.0140   8.9541  15.8152   0.0000   0.0000   0.0000
    3815  -5.7313   8.2478  15.1788   0.0000   0.0000   0.0000
    3816  -6.2125   8.3300  15.7154   0.0000   0.0000   0.0000
    3817  -6.3003   8.7759  15.5845   0.0000   0.0000   0.0000
    3818  -6.4559   8.5064  16.0256   0.0000   0.0000   0.0000
    3819  -6.1111   8.8629  16.1201   0.0000   0.0000   0.0000
    3820  -6.7147   8.4708  15.7534   0.0000   0.0000   0.0000
    3821  -6.2324   8.6776  16.2062   0.0000   0.0000   0.0000
    3822  -6.4857   8.3032  15.4064   0.0000   0.0000   0.0000
    3823  -6.9250   9.2043  16.3389   0.0000   0.0000   0.0000
    3824  -6.5484   8.8005  15.5120   0.0000   0.0000   0.0000
    3825  -5.3147   8.8253  16.2749   0.0000   0.0000   0.0000
    3826  -6.0445   8.5665  16.3418   0.0000   0.0000   0.0000
    3827  -4.9278   8.5524  16.7114   0.0000   0.0000   0.0000
    3828  -6.3523   9.0421  15.6446   0.0000   0.0000   0.0000
    3829  -6.3466   8.8425  15.4156   0.0000   0.0000   0.0000
    3830  -6.3405   8.1284  15.4335   0.0000   0.0000   0.0000
    3831  -6.4624   8.2112  15.4060   0.0000   0.0000   0.0000
    3832  -5.3236   9.4155  14.7932   0.0000   0.0000   0.0000
    3833  -5.6736   7.3394  15.4858   0.0000   0.0000   0.0000
    3834  -5.6931   7.9718  15.3009   0.0000   0.0000   0.0000
    3835  -4.4160   7.6633  15.1660   0.0000   0.0000   0.0000
    3836  -5.0644   7.9929  14.7893   0.0000   0.0000   0.0000
    3837  -4.9899   9.1717  14.9101   0.0000   0.0000   0.0000
    3838  -6.0151   9.4422  14.5581   0.0000   0.0000   0.0000
    3839  -5.5161   8.8836  15.1255   0.0000   0.0000   0.0000
    3840  -5.6162   8.7469  15.7718   0.0000   0.0000   0.0000
    3841  -6.1590   8.9903  15.4078   0.0000   0.0000   0.0000
    3842  -7.3939   8.4972  14.8258   0.0000   0.0000   0.0000
    3843  -5.8050   9.0123  14.5271   0.0000   0.0000   0.0000
    3844  -6.5703   8.4301  15.7728   0.0000   0.0000   0.0000
    3845  -6.1562   8.2362  15.3222   0.0000   0.0000   0.0000
    3846  -5.9977   8.6021  15.5406   0.0000   0.0000   0.0000
    3847  -5.8916   8.4388  15.7169   0.0000   0.0000   0.0000
    3848  -5.1595   7.6776  15.0596   0.0000   0.0000   0.0000
    3849  -5.9061   7.1402  14.7314   0.0000   0.0000   0.0000
    3850  -5.1959   7.9950  14.8181   0.0000   0.0000   0.0000
    3851  -5.6645   7.8351  13.8690   0.0000   0.0000   0.0000
    3852  -5.3748   9.0913  14.8657   0.0000   0.0000   0.0000
    3853  -6.2320   9.1012  14.9372   0.0000   0.0000   0.0000
    3854  -6.4404   8.5942  14.5541   0.0000   0.0000   0.0000
    3855  -6.6074   8.5560  14.3773   0.0000   0.0000   0.0000
    3856  -6.3842   8.7221  14.4532   0.0000   0.0000   0.0000
    3857  -6.6520   8.1393  15.2505   0.0000   0.0000   0.0000
    3858  -6.6464   8.8383  15.3186   0.0000   0.0000   0.0000
    3859  -6.8302   8.2798  14.3820   0.0000   0.0000   0.0000
    3860  -7.4307   7.6156  14.5966   0.0000   0.0000   0.0000
    3861  -7.2774   7.5618  15.2019   0.0000   0.0000   0.0000
    3862  -7.1614   8.7320  15.0708   0.0000   0.0000   0.0000
    3863  -6.3048   7.3969  16.1415   0.0000   0.0000   0.0000
    3864  -6.2474   7.8264  15.5181   0.0000   0.0000   0.0000
    3865  -5.9282   8.4903  15.6090   0.0000   0.0000   0.0000
    3866  -6.7209   7.4046  15.6524   0.0000   0.0000   0.0000
    3867  -6.5737   8.3400  15.2367   0.0000   0.0000   0.0000
    3868  -6.4328   8.1967  15.4512   0.0000   0.0000   0.0000
    3869  -6.7834   7.3763  15.4555   0.0000   0.0000   0.0000
    3870  -6.9973   8.3498  15.7526   0.0000   0.0000   0.0000
    3871  -6.9301   7.2969  15.7301   0.0000   0.0000   0.0000
    3872  -6.5153   7.5276  15.5856   0.0000   0.0000   0.0000
    3873  -7.5453   8.0494  15.4491   0.0000   0.0000   0.0000
    3874  -7.6883   8.7378  15.2388   0.0000   0.0000   0.0000
    3875  -5.9068   7.9986  14.6056   0.0000   0.0000   0.0000
    3876  -6.2175   8.8510  15.6513   0.0000   0.0000   0.0000
    3877  -5.5372   8.7475  15.2994   0.0000   0.0000   0.0000
    3878  -5.3936   9.0081  15.7687   0.0000   0.0000   0.0000
    3879  -5.9278   9.1206  15.8195   0.0000   0.0000   0.0000
    3880  -6.6784   7.7422  15.4796   0.0000   0.0000   0.0000
    3881  -6.8529   9.1402  15.8368   0.0000   0.0000   0.0000
    3882  -7.0253   8.3364  15.5031   0.0000   0.0000   0.0000
    3883  -6.5419   8.5442  15.7153   0.0000   0.0000   0.0000
    3884  -6.9166   8.6994  15.9121   0.0000   0.0000   0.0000
    3885  -7.3188   8.3301  15.4729   0.0000   0.0000   0.0000
    3886  -6.3114   7.7101  14.7674   0.0000   0.0000   0.0000
    3887  -6.9997   7.9242  15.3557   0.0000   0.0000   0.0000
    3888  -6.6447   7.5411  16.1424   0.0000   0.0000   0.0000
    3889  -6.3239   8.1923  16.8942   0.0000   0.0000   0.0000
    3890  -6.8654   9.0870  15.9118   0.0000   0.0000   0.0000
    3891  -6.5460   8.1633  15.8801   0.0000   0.0000   0.0000
    3892  -6.0899   7.5881  15.9276   0.0000   0.0000   0.0000
    3893  -6.2351   7.3427  15.8385   0.0000   0.0000   0.0000
    3894  -6.5665   7.2723  16.6105   0.0000   0.0000   0.0000
    3895  -7.2024   7.1697  16.1965   0.0000   0.0000   0.0000
    3896  -7.5666   7.8723  16.4406   0.0000   0.0000   0.0000
    3897  -7.1872   7.4474  16.9772   0.0000   0.0000   0.0000
    3898  -7.2708   7.0776  17.3061   0.0000   0.0000   0.0000
    3899  -6.2692   7.1780  17.1390   0.0000   0.0000   0.0000
    3900  -6.9778   7.0109  17.2736   0.0000   0.0000   0.0000
    3901  -6.3572   7.2834  16.3517   0.0000   0.0000   0.0000
    3902  -6.7676   6.7493  16.7886   0.0000   0.0000   0.0000
    3903  -6.1486   6.8775  17.6616   0.0000   0.0000   0.0000
    3904  -6.3027   7.1659  17.2936   0.0000   0.0000   0.0000
    3905  -6.0287   7.6925  17.4189   0.0000   0.0000   0.0000
    3906  -6.2829   7.6590  17.5058   0.0000   0.0000   0.0000
    3907  -6.2481   7.0303  17.2582   0.0000   0.0000   0.0000
    3908  -5.6602   6.6772  16.2382   0.0000   0.0000   0.0000
    3909  -6.7008   7.6896  16.6662   0.0000   0.0000   0.0000
    3910  -6.1945   6.9439  16.2238   0.0000   0.0000   0.0000
    3911  -6.4938   7.1590  15.8427   0.0000   0.0000   0.0000
    3912  -6.4822   7.4139  15.6592   0.0000   0.0000   0.0000
    3913  -6.1668   7.9160  15.9629   0.0000   0.0000   0.0000
    3914  -6.3987   6.4388  15.8812   0.0000   0.0000   0.0000
    3915  -6.2859   6.6654  15.7928   0.0000   0.0000   0.0000
    3916  -6.1927   7.2764  16.4336   0.0000   0.0000   0.0000
    3917  -6.8590   6.6509  16.6345   0.0000   0.0000   0.0000
    3918  -6.4868   7.5054  16.0966   0.0000   0.0000   0.0000
    3919  -5.8588   6.2247  17.0444   0.0000   0.0000   0.0000
    3920  -6.9920   6.6906  16.5452   0.0000   0.0000   0.0000
    3921  -6.5447   6.6923  16.9996   0.0000   0.0000   0.0000
    3922  -7.2293   6.3395  16.7775   0.0000   0.0000   0.0000
    3923  -6.1666   7.0504  17.7570   0.0000   0.0000   0.0000
    3924  -6.0306   6.6907  17.2385   0.0000   0.0000   0.0000
    3925  -5.3829   6.7941  17.6014   0.0000   0.0000   0.0000
    3926  -5.2354   6.8372  17.5882   0.0000   0.0000   0.0000
    3927  -5.4164   7.2640  16.9642   0.0000   0.0000   0.0000
    3928  -5.6291   6.5455  17.4514   0.0000   0.0000   0.0000
    3929  -5.4824   7.0183  16.8430   0.0000   0.0000   0.0000
    3930  -6.2509   7.7442  17.4706   0.0000   0.0000   0.0000
    3931  -6.6674   6.9420  17.7458   0.0000   0.0000   0.0000
    3932  -6.7440   6.9391  17.5082   0.0000   0.0000   0.0000
    3933  -6.1026   6.8705  17.2989   0.0000   0.0000   0.0000
    3934  -5.6219   6.5238  16.9140   0.0000   0.0000   0.0000
    3935  -5.5072   6.4981  16.9496   0.0000   0.0000   0.0000
    3936  -6.0922   7.9904  17.1654   0.0000   0.0000   0.0000
    3937  -5.0923   7.2571  17.2668   0.0000   0.0000   0.0000
    3938  -5.2346   8.9876  17.7526   0.0000   0.0000   0.0000
    3939  -5.0014   7.5498  17.2578   0.0000   0.0000   0.0000
    3940  -5.3824   7.2314  17.6070   0.0000   0.0000   0.0000
    3941  -3.7211   7.5238  16.7538   0.0000   0.0000   0.0000
    3942  -5.4532   7.5543  16.6760   0.0000   0.0000   0.0000
    3943  -4.3402   6.9102  16.8850   0.0000   0.0000   0.0000
    3944  -4.2782   7.4956  16.9046   0.0000   0.0000   0.0000
    3945  -4.1257   7.4166  17.1789   0.0000   0.0000   0.0000
    3946  -4.4273   7.2812  17.4979   0.0000   0.0000   0.0000
    3947  -4.6275   7.2660  18.1088   0.0000   0.0000   0.0000
    3948  -4.3591   6.6680  17.1367   0.0000   0.0000   0.0000
    3949  -4.4762   6.9148  16.8376   0.0000   0.0000   0.0000
    3950  -4.2520   6.6705  17.1275   0.0000   0.0000   0.0000
    3951  -3.6918   6.5788  17.5430   0.0000   0.0000   0.0000
    3952  -3.9576   6.2832  17.3479   0.0000   0.0000   0.0000
    3953  -4.4965   5.8687  17.2172   0.0000   0.0000   0.0000
    3954  -5.3654   6.8056  17.4480   0.0000   0.0000   0.0000
    3955  -4.3303   6.2855  17.8348   0.0000   0.0000   0.0000
    3956  -4.5539   6.2890  17.7381   0.0000   0.0000   0.0000
    3957  -4.3817   5.7859  18.0145   0.0000   0.0000   0.0000
    3958  -4.4322   6.7659  17.9261   0.0000   0.0000   0.0000
    3959  -4.6008   6.4036  18.0365   0.0000   0.0000   0.0000
    3960  -5.1214   5.5225  17.3054   0.0000   0.0000   0.0000
    3961  -5.6368   6.0057  17.7700   0.0000   0.0000   0.0000
    3962  -6.0366   5.7759  17.5066   0.0000   0.0000   0.0000
    3963  -5.0514   5.3712  18.1016   0.0000   0.0000   0.0000
    3964  -5.5967   5.3428  17.9811   0.0000   0.0000   0.0000
    3965  -5.2147   5.0684  17.7884   0.0000   0.0000   0.0000
    3966  -5.7069   6.2521  17.5343   0.0000   0.0000   0.0000
    3967  -5.6016   6.0760  16.9725   0.0000   0.0000   0.0000
    3968  -4.7953   6.7406  17.4882   0.0000   0.0000   0.0000
    3969  -4.5869   6.9316  17.9519   0.0000   0.0000   0.0000
    3970  -4.9657   7.4896  16.5144   0.0000   0.0000   0.0000
    3971  -5.4907   6.8986  16.2831   0.0000   0.0000   0.0000
    3972  -4.7477   7.0346  17.1084   0.0000   0.0000   0.0000
    3973  -5.4375   6.7642  16.5683   0.0000   0.0000   0.0000
    3974  -5.1381   6.4851  17.0124   0.0000   0.0000   0.0000
    3975  -5.3742   7.1775  16.5718   0.0000   0.0000   0.0000
    3976  -5.5031   7.4032  16.1557   0.0000   0.0000   0.0000
    3977  -4.9028   8.0632  16.5985   0.0000   0.0000   0.0000
    3978  -6.2626   7.1707  16.0072   0.0000   0.0000   0.0000
    3979  -6.3496   6.5530  16.3106   0.0000   0.0000   0.0000
    3980  -7.0430   6.8130  15.9158   0.0000   0.0000   0.0000
    3981  -6.1222   6.9015  16.0647   0.0000   0.0000   0.0000
    3982  -5.9569   6.2333  16.0400   0.0000   0.0000   0.0000
    3983  -5.9509   5.8911  16.3801   0.0000   0.0000   0.0000
    3984  -5.9013   6.3712  16.8592   0.0000   0.0000   0.0000
    3985  -6.0769   5.9741  16.5170   0.0000   0.0000   0.0000
    3986  -5.3332   6.4649  16.9874   0.0000   0.0000   0.0000
    3987  -6.2936   5.8897  16.3246   0.0000   0.0000   0.0000
    3988  -6.9973   5.5765  16.8064   0.0000   0.0000   0.0000
    3989  -7.0380   5.6182  16.6684   0.0000   0.0000   0.0000
    3990  -7.0424   5.6072  16.7942   0.0000   0.0000   0.0000
    3991  -5.9676   6.2596  16.8219   0.0000   0.0000   0.0000
    3992  -5.6975   6.9191  16.3812   0.0000   0.0000   0.0000
    3993  -5.5347   6.5509  17.1242   0.0000   0.0000   0.0000
    3994  -5.1150   6.6029  16.5607   0.0000   0.0000   0.0000
    3995  -5.2834   5.9971  16.5841   0.0000   0.0000   0.0000
    3996  -6.0131   5.7606  16.1700   0.0000   0.0000   0.0000
    3997  -5.6094   5.9747  16.3913   0.0000   0.0000   0.0000
    3998  -5.0669   6.7075  16.6935   0.0000   0.0000   0.0000
    3999  -5.2038   6.4213  17.2975   0.0000   0.0000   0.0000
    4000  -5.2551   6.8919  17.1588   0.0000   0.0000   0.0000
    4001  -4.7431   6.5254  16.8711   0.0000   0.0000   0.0000
    4002  -5.4943   5.7165  17.5408   0.0000   0.0000   0.0000
    4003  -4.7029   5.7088  16.8576   0.0000   0.0000   0.0000
    4004  -4.7406   5.4074  17.2972   0.0000   0.0000   0.0000
    4005  -4.4993   5.5674  18.7492   0.0000   0.0000   0.0000
    4006  -5.6560   5.7627  17.3962   0.0000   0.0000   0.0000
    4007  -5.0436   5.9256  16.9920   0.0000   0.0000   0.0000
    4008  -4.3564   5.5496  17.5687   0.0000   0.0000   0.0000
    4009  -5.0802   6.0110  17.0928   0.0000   0.0000   0.0000
    4010  -4.6929   5.7242  17.8868   0.0000   0.0000   0.0000
    4011  -4.5908   6.0177  17.4504   0.0000   0.0000   0.0000
    4012  -4.2720   6.7251  17.9432   0.0000   0.0000   0.0000
    4013  -3.8941   6.3811  18.5531   0.0000   0.0000   0.0000
    4014  -3.3706   6.1273  17.9544   0.0000   0.0000   0.0000
    4015  -5.2250   6.5523  17.4280   0.0000   0.0000   0.0000
    4016  -4.9458   6.7238  16.6508   0.0000   0.0000   0.0000
    4017  -4.3673   6.4425  17.4155   0.0000   0.0000   0.0000
    4018  -4.8537   6.3651  18.2766   0.0000   0.0000   0.0000
    4019  -5.2721   7.1684  17.9546   0.0000   0.0000   0.0000
    4020  -5.8030   6.9659  18.4854   0.0000   0.0000   0.0000
    4021  -4.9306   6.5388  17.8713   0.0000   0.0000   0.0000
    4022  -4.4253   7.2366  18.3519   0.0000   0.0000   0.0000
    4023  -5.5304   7.2431  17.7982   0.0000   0.0000   0.0000
    4024  -5.3949   6.1239  18.1563   0.0000   0.0000   0.0000
    4025  -6.0263   6.3124  18.8927   0.0000   0.0000   0.0000
    4026  -5.9038   5.7070  19.0051   0.0000   0.0000   0.0000
    4027  -4.9180   5.1402  19.2662   0.0000   0.0000   0.0000
    4028  -6.0707   5.9585  18.6033   0.0000   0.0000   0.0000
    4029  -5.2472   6.2716  18.1093   0.0000   0.0000   0.0000
    4030  -5.0241   5.7301  18.8930   0.0000   0.0000   0.0000
    4031  -4.7369   5.3007  17.9310   0.0000   0.0000   0.0000
    4032  -4.8998   5.2698  18.8291   0.0000   0.0000   0.0000
    4033  -5.1238   5.2438  18.0415   0.0000   0.0000   0.0000
    4034  -4.8841   5.4258  17.8685   0.0000   0.0000   0.0000
    4035  -5.7582   6.2210  18.2490   0.0000   0.0000   0.0000
    4036  -6.0111   5.4845  17.6194   0.0000   0.0000   0.0000
    4037  -5.4228   6.5464  17.6518   0.0000   0.0000   0.0000
    4038  -4.7327   6.0457  17.9170   0.0000   0.0000   0.0000
    4039  -5.0545   5.8483  17.5460   0.0000   0.0000   0.0000
    4040  -4.1179   5.9137  17.6384   0.0000   0.0000   0.0000
    4041  -5.6730   5.3204  17.6891   0.0000   0.0000   0.0000
    4042  -4.1114   6.2220  17.4156   0.0000   0.0000   0.0000
    4043  -4.8629   5.1834  17.9225   0.0000   0.0000   0.0000
    4044  -5.3826   6.0153  17.1099   0.0000   0.0000   0.0000
    4045  -5.0362   5.7440  17.8232   0.0000   0.0000   0.0000
    4046  -5.2165   6.3167  17.4285   0.0000   0.0000   0.0000
    4047  -4.9243   5.6827  18.9910   0.0000   0.0000   0.0000
    4048  -5.3541   5.5045  18.3854   0.0000   0.0000   0.0000
    4049  -5.2857   4.5748  18.1517   0.0000   0.0000   0.0000
    4050  -5.0586   5.4082  17.1788   0.0000   0.0000   0.0000
    4051  -4.6371   6.0829  17.2247   0.0000   0.0000   0.0000
    4052  -4.3917   4.8852  17.3201   0.0000   0.0000   0.0000
    4053  -5.0073   5.1590  17.0521   0.0000   0.0000   0.0000
    4054  -5.1796   6.1525  17.5624   0.0000   0.0000   0.0000
    4055  -4.6577   5.7179  17.8329   0.0000   0.0000   0.0000
    4056  -5.0218   5.7157  17.8086   0.0000   0.0000   0.0000
    4057  -4.6767   5.2045  17.8260   0.0000   0.0000   0.0000
    4058  -4.9765   5.1423  18.3706   0.0000   0.0000   0.0000
    4059  -5.6362   4.7776  18.2985   0.0000   0.0000   0.0000
    4060  -5.2951   5.4341  18.4855   0.0000   0.0000   0.0000
    4061  -4.1716   5.1535  17.6823   0.0000   0.0000   0.0000
    4062  -3.9784   5.4970  18.1310   0.0000   0.0000   0.0000
    4063  -3.8749   5.2769  18.1448   0.0000   0.0000   0.0000
    4064  -4.8805   5.3819  17.2936   0.0000   0.0000   0.0000
    4065  -3.6951   5.8676  18.6984   0.0000   0.0000   0.0000
    4066  -3.5742   5.3115  18.3885   0.0000   0.0000   0.0000
    4067  -3.2320   5.3515  17.7962   0.0000   0.0000   0.0000
    4068  -3.7305   5.4551  17.9416   0.0000   0.0000   0.0000
    4069  -4.0786   5.0231  18.1793   0.0000   0.0000   0.0000
    4070  -3.3196   5.8627  17.7798   0.0000   0.0000   0.0000
    4071  -3.7658   5.7002  18.3005   0.0000   0.0000   0.0000
    4072  -3.8512   5.1336  19.0331   0.0000   0.0000   0.0000
    4073  -4.6394   5.6544  18.4442   0.0000   0.0000   0.0000
    4074  -3.5526   5.1440  18.7997   0.0000   0.0000   0.0000
    4075  -4.6700   5.7042  18.1320   0.0000   0.0000   0.0000
    4076  -3.2648   5.5180  18.5081   0.0000   0.0000   0.0000
    4077  -4.1635   5.8007  18.4365   0.0000   0.0000   0.0000
    4078  -3.5193   6.0484  18.7082   0.0000   0.0000   0.0000
    4079  -3.8380   6.0381  18.2773   0.0000   0.0000   0.0000
    4080  -4.2430   6.3997  18.4242   0.0000   0.0000   0.0000
    4081  -3.1535   5.4914  18.1033   0.0000   0.0000   0.0000
    4082  -3.7823   4.9096  18.2718   0.0000   0.0000   0.0000
    4083  -3.6758   4.4341  17.7157   0.0000   0.0000   0.0000
    4084  -3.8012   3.3640  17.7983   0.0000   0.0000   0.0000
    4085  -3.6033   4.3652  17.7365   0.0000   0.0000   0.0000
    4086  -3.8200   4.6594  17.4069   0.0000   0.0000   0.0000
    4087  -3.6308   4.4897  18.1640   0.0000   0.0000   0.0000
    4088  -2.2555   4.5329  17.8268   0.0000   0.0000   0.0000
    4089  -4.0841   4.5669  17.2976   0.0000   0.0000   0.0000
    4090  -3.6447   4.9527  17.5537   0.0000   0.0000   0.0000
    4091  -2.9202   5.1748  18.2586   0.0000   0.0000   0.0000
    4092  -3.2952   4.7035  18.2650   0.0000   0.0000   0.0000
    4093  -2.9161   4.1029  17.9513   0.0000   0.0000   0.0000
    4094  -3.0192   4.9570  18.0612   0.0000   0.0000   0.0000
    4095  -3.3296   4.1965  18.5319   0.0000   0.0000   0.0000
    4096  -2.7609   4.2432  17.6528   0.0000   0.0000   0.0000
    4097  -3.7719   4.3881  18.1968   0.0000   0.0000   0.0000
    4098  -3.6381   4.9530  18.7019   0.0000   0.0000   0.0000
    4099  -3.4669   4.4852  17.1614   0.0000   0.0000   0.0000
    4100  -3.2418   5.0832  17.6642   0.0000   0.0000   0.0000
    4101  -4.0514   5.4671  17.3689   0.0000   0.0000   0.0000
    4102  -3.1850   5.4242  16.8979   0.0000   0.0000   0.0000
    4103  -3.7979   5.7433  17.7593   0.0000   0.0000   0.0000
    4104  -3.6218   6.0927  18.5003   0.0000   0.0000   0.0000
    4105  -4.3238   5.2177  17.4569   0.0000   0.0000   0.0000
    4106  -4.5905   5.8186  17.4645   0.0000   0.0000   0.0000
    4107  -3.4119   5.3798  18.0546   0.0000   0.0000   0.0000
    4108  -4.1973   5.2061  17.8496   0.0000   0.0000   0.0000
    4109  -5.0725   5.9314  18.1139   0.0000   0.0000   0.0000
    4110  -4.5014   5.9095  18.2381   0.0000   0.0000   0.0000
    4111  -4.4274   5.3605  17.0942   0.0000   0.0000   0.0000
    4112  -3.9390   5.2897  16.9650   0.0000   0.0000   0.0000
    4113  -3.8904   5.7279  17.2620   0.0000   0.0000   0.0000
    4114  -3.6918   5.2084  17.0711   0.0000   0.0000   0.0000
    4115  -3.4465   6.0250  17.9349   0.0000   0.0000   0.0000
    4116  -3.4890   5.8900  17.8027   0.0000   0.0000   0.0000
    4117  -3.4959   5.8006  18.0793   0.0000   0.0000   0.0000
    4118  -3.7268   5.8804  17.2040   0.0000   0.0000   0.0000
    4119  -3.4918   6.5127  16.9849   0.0000   0.0000   0.0000
    4120  -3.5772   6.9741  16.6450   0.0000   0.0000   0.0000
    4121  -3.6948   6.7615  16.9740   0.0000   0.0000   0.0000
    4122  -4.2853   7.0026  16.9680   0.0000   0.0000   0.0000
    4123  -4.6519   6.4813  17.1602   0.0000   0.0000   0.0000
    4124  -5.1039   7.5074  16.9228   0.0000   0.0000   0.0000
    4125  -5.2218   7.6116  15.7083   0.0000   0.0000   0.0000
    4126  -4.8666   7.5041  16.4836   0.0000   0.0000   0.0000
    4127  -5.0980   7.1493  16.7763   0.0000   0.0000   0.0000
    4128  -5.2200   7.5592  17.4314   0.0000   0.0000   0.0000
    4129  -4.9215   6.8343  17.5961   0.0000   0.0000   0.0000
    4130  -5.2609   6.8928  17.1711   0.0000   0.0000   0.0000
    4131  -4.7752   7.4339  17.8912   0.0000   0.0000   0.0000
    4132  -4.6482   6.4458  17.7888   0.0000   0.0000   0.0000
    4133  -4.8498   7.2496  18.3801   0.0000   0.0000   0.0000
    4134  -4.0648   6.5121  17.9029   0.0000   0.0000   0.0000
    4135  -4.0891   6.9299  17.6565   0.0000   0.0000   0.0000
    4136  -4.3912   7.3213  17.0987   0.0000   0.0000   0.0000
    4137  -4.8172   6.4242  17.9955   0.0000   0.0000   0.0000
    4138  -5.0987   6.9342  18.4818   0.0000   0.0000   0.0000
    4139  -4.6578   7.4501  17.9458   0.0000   0.0000   0.0000
    4140  -4.8969   6.9229  18.6114   0.0000   0.0000   0.0000
    4141  -5.5818   6.9269  18.7357   0.0000   0.0000   0.0000
    4142  -5.0351   7.1653  19.2129   0.0000   0.0000   0.0000
    4143  -4.7786   7.3384  18.9081   0.0000   0.0000   0.0000
    4144  -4.7710   7.5044  18.7914   0.0000   0.0000   0.0000
    4145  -4.7057   6.2230  18.4501   0.0000   0.0000   0.0000
    4146  -4.3748   6.6324  18.4457   0.0000   0.0000   0.0000
    4147  -4.0363   6.2403  18.1430   0.0000   0.0000   0.0000
    4148  -4.5027   6.5435  18.8451   0.0000   0.0000   0.0000
    4149  -4.6959   5.9521  18.4368   0.0000   0.0000   0.0000
    4150  -4.2933   6.8710  17.8683   0.0000   0.0000   0.0000
    4151  -4.4902   7.1966  18.3076   0.0000   0.0000   0.0000
    4152  -3.7169   7.6352  18.5474   0.0000   0.0000   0.0000
    4153  -3.6791   7.2187  17.8345   0.0000   0.0000   0.0000
    4154  -4.5948   6.7575  17.6912   0.0000   0.0000   0.0000
    4155  -4.2236   6.1075  18.4736   0.0000   0.0000   0.0000
    4156  -3.2316   6.0306  17.9739   0.0000   0.0000   0.0000
    4157  -4.1331   6.4474  18.1721   0.0000   0.0000   0.0000
    4158  -4.3258   6.1392  17.2614   0.0000   0.0000   0.0000
    4159  -3.8144   6.3981  18.0669   0.0000   0.0000   0.0000
    4160  -4.2146   7.7028  17.3454   0.0000   0.0000   0.0000
    4161  -3.7524   6.9212  17.4872   0.0000   0.0000   0.0000
    4162  -3.5238   7.4255  17.1498   0.0000   0.0000   0.0000
    4163  -4.5051   7.0391  17.4076   0.0000   0.0000   0.0000
    4164  -5.3898   7.3801  16.9156   0.0000   0.0000   0.0000
    4165  -5.1082   7.2132  17.3721   0.0000   0.0000   0.0000
    4166  -5.2878   7.1735  18.8296   0.0000   0.0000   0.0000
    4167  -5.2994   7.7327  17.5303   0.0000   0.0000   0.0000
    4168  -5.1588   7.8238  17.8046   0.0000   0.0000   0.0000
    4169  -5.5867   7.8131  17.1643   0.0000   0.0000   0.0000
    4170  -5.7997   8.8598  18.0508   0.0000   0.0000   0.0000
    4171  -5.7439   8.4712  18.0870   0.0000   0.0000   0.0000
    4172  -5.6204   8.3440  17.7967   0.0000   0.0000   0.0000
    4173  -4.6951   8.4364  17.7837   0.0000   0.0000   0.0000
    4174  -5.6548   8.6469  17.4992   0.0000   0.0000   0.0000
    4175  -4.9977   8.3887  18.4666   0.0000   0.0000   0.0000
    4176  -4.2406   8.0715  18.1297   0.0000   0.0000   0.0000
    4177  -4.9483   7.8683  18.4662   0.0000   0.0000   0.0000
    4178  -4.8423   8.2152  18.7396   0.0000   0.0000   0.0000
    4179  -4.7715   7.6324  18.8957   0.0000   0.0000   0.0000
    4180  -4.9578   7.7548  19.1669   0.0000   0.0000   0.0000
    4181  -5.1880   7.8115  18.7859   0.0000   0.0000   0.0000
    4182  -5.1506   8.4014  18.1447   0.0000   0.0000   0.0000
    4183  -6.0031   8.1601  18.7121   0.0000   0.0000   0.0000
    4184  -5.4297   7.6550  18.8394   0.0000   0.0000   0.0000
    4185  -5.3079   7.9356  18.9037   0.0000   0.0000   0.0000
    4186  -4.0463   6.9859  18.9656   0.0000   0.0000   0.0000
    4187  -5.4077   7.2148  19.1102   0.0000   0.0000   0.0000
    4188  -6.3314   7.6337  18.7231   0.0000   0.0000   0.0000
    4189  -5.3941   7.0376  19.0914   0.0000   0.0000   0.0000
    4190  -5.1995   7.3856  18.4933   0.0000   0.0000   0.0000
    4191  -5.1043   6.4071  18.7192   0.0000   0.0000   0.0000
    4192  -4.4318   6.6909  19.8910   0.0000   0.0000   0.0000
    4193  -5.0253   7.0071  19.5057   0.0000   0.0000   0.0000
    4194  -4.8226   7.5252  20.1398   0.0000   0.0000   0.0000
    4195  -4.8724   8.2453  17.6110   0.0000   0.0000   0.0000
    4196  -4.8495   7.8323  17.2706   0.0000   0.0000   0.0000
    4197  -4.4967   6.7601  17.2501   0.0000   0.0000   0.0000
    4198  -4.9951   7.7418  17.1507   0.0000   0.0000   0.0000
    4199  -3.5637   6.7122  18.9510   0.0000   0.0000   0.0000
    4200  -5.4414   7.0958  17.9698   0.0000   0.0000   0.0000
    4201  -4.8674   6.6578  17.6987   0.0000   0.0000   0.0000
    4202  -4.7367   8.2044  18.1471   0.0000   0.0000   0.0000
    4203  -4.6486   6.6624  18.2055   0.0000   0.0000   0.0000
    4204  -5.4540   5.3227  18.0163   0.0000   0.0000   0.0000
    4205  -5.5769   6.6153  17.8402   0.0000   0.0000   0.0000
    4206  -4.7003   6.5531  17.9376   0.0000   0.0000   0.0000
    4207  -4.0535   5.7055  17.1327   0.0000   0.0000   0.0000
    4208  -4.6065   6.2845  17.0777   0.0000   0.0000   0.0000
    4209  -4.0831   6.0952  15.8899   0.0000   0.0000   0.0000
    4210  -4.1692   6.4384  16.2850   0.0000   0.0000   0.0000
    4211  -5.5316   6.7016  16.2440   0.0000   0.0000   0.0000
    4212  -4.3903   7.0698  16.6498   0.0000   0.0000   0.0000
    4213  -5.1019   6.8881  16.1504   0.0000   0.0000   0.0000
    4214  -4.9780   6.5253  17.7919   0.0000   0.0000   0.0000
    4215  -4.0236   6.6255  17.4896   0.0000   0.0000   0.0000
    4216  -4.6433   6.5921  17.3984   0.0000   0.0000   0.0000
    4217  -4.6487   6.6347  17.5327   0.0000   0.0000   0.0000
    4218  -4.6425   6.0418  17.6451   0.0000   0.0000   0.0000
    4219  -4.3071   6.9250  16.3364   0.0000   0.0000   0.0000
    4220  -5.4376   6.8182  16.9451   0.0000   0.0000   0.0000
    4221  -4.5855   7.2773  17.7510   0.0000   0.0000   0.0000
    4222  -4.3026   6.6848  17.3135   0.0000   0.0000   0.0000
    4223  -4.8530   7.9615  17.2054   0.0000   0.0000   0.0000
    4224  -4.3280   7.2514  17.3954   0.0000   0.0000   0.0000
    4225  -5.8522   8.1328  16.6927   0.0000   0.0000   0.0000
    4226  -5.1138   7.4668  16.4718   0.0000   0.0000   0.0000
    4227  -5.3435   7.8296  16.9481   0.0000   0.0000   0.0000
    4228  -5.6022   7.2739  18.0368   0.0000   0.0000   0.0000
    4229  -6.4072   8.5420  16.9406   0.0000   0.0000   0.0000
    4230  -5.3189   8.3290  18.0294   0.0000   0.0000   0.0000
    4231  -5.8451   7.6760  18.6123   0.0000   0.0000   0.0000
    4232  -4.4424   7.8746  19.0256   0.0000   0.0000   0.0000
    4233  -5.2035   8.3934  19.4722   0.0000   0.0000   0.0000
    4234  -5.3051   7.8780  17.8476   0.0000   0.0000   0.0000
    4235  -4.3529   8.1221  18.6719   0.0000   0.0000   0.0000
    4236  -4.5751   8.4019  17.4303   0.0000   0.0000   0.0000
    4237  -4.0602   8.7511  17.2349   0.0000   0.0000   0.0000
    4238  -4.8292   9.8078  18.4654   0.0000   0.0000   0.0000
    4239  -4.3909   8.3573  17.7872   0.0000   0.0000   0.0000
    4240  -4.6951   8.7435  17.5285   0.0000   0.0000   0.0000
    4241  -5.0920   8.9932  17.5582   0.0000   0.0000   0.0000
    4242  -5.2228   9.4644  17.9554   0.0000   0.0000   0.0000
    4243  -4.9488   8.7603  17.8061   0.0000   0.0000   0.0000
    4244  -5.6278   8.4219  16.5227   0.0000   0.0000   0.0000
    4245  -5.4211   8.4376  16.9007   0.0000   0.0000   0.0000
    4246  -5.3470  10.1509  15.5260   0.0000   0.0000   0.0000
    4247  -5.7913   9.7553  16.3138   0.0000   0.0000   0.0000
    4248  -5.5502  10.4369  16.2988   0.0000   0.0000   0.0000
    4249  -5.8155   9.2540  16.3694   0.0000   0.0000   0.0000
    4250  -5.8936  10.0542  16.1101   0.0000   0.0000   0.0000
    4251  -5.4745  11.1068  16.9885   0.0000   0.0000   0.0000
    4252  -6.1444  10.0220  17.4209   0.0000   0.0000   0.0000
    4253  -5.2128  10.7924  16.7519   0.0000   0.0000   0.0000
    4254  -6.0215  10.2397  16.3020   0.0000   0.0000   0.0000
    4255  -5.6758  11.2781  16.2991   0.0000   0.0000   0.0000
    4256  -7.1285   9.9535  15.8036   0.0000   0.0000   0.0000
    4257  -6.5218   9.9803  16.2343   0.0000   0.0000   0.0000
    4258  -5.6744  10.4531  15.3095   0.0000   0.0000   0.0000
    4259  -6.3234   9.8338  15.1842   0.0000   0.0000   0.0000
    4260  -6.2776   8.9008  14.5681   0.0000   0.0000   0.0000
    4261  -6.6420   9.7421  15.9198   0.0000   0.0000   0.0000
    4262  -6.6461   9.4435  15.7354   0.0000   0.0000   0.0000
    4263  -6.6659   9.1015  15.0272   0.0000   0.0000   0.0000
    4264  -5.9796   9.5776  15.1356   0.0000   0.0000   0.0000
    4265  -5.9663   9.1197  15.9982   0.0000   0.0000   0.0000
    4266  -4.8836   8.7146  15.9089   0.0000   0.0000   0.0000
    4267  -4.2491   8.6155  15.9886   0.0000   0.0000   0.0000
    4268  -4.6279   8.8338  15.8751   0.0000   0.0000   0.0000
    4269  -5.8762   8.0941  16.6531   0.0000   0.0000   0.0000
    4270  -5.9879   9.0246  15.9589   0.0000   0.0000   0.0000
    4271  -4.9638   8.9657  15.6181   0.0000   0.0000   0.0000
    4272  -5.6569   8.7244  15.4644   0.0000   0.0000   0.0000
    4273  -5.2090   8.2225  15.3753   0.0000   0.0000   0.0000
    4274  -5.3842   8.4480  14.5178   0.0000   0.0000   0.0000
    4275  -5.5759   8.2780  15.5258   0.0000   0.0000   0.0000
    4276  -5.6471   7.8531  15.1001   0.0000   0.0000   0.0000
    4277  -6.3786   7.5914  16.2813   0.0000   0.0000   0.0000
    4278  -6.1054   8.0135  15.8429   0.0000   0.0000   0.0000
    4279  -5.9000   8.2763  15.4949   0.0000   0.0000   0.0000
    4280  -5.1770   7.7787  15.1599   0.0000   0.0000   0.0000
    4281  -5.2018   8.1481  14.8668   0.0000   0.0000   0.0000
    4282  -5.8536   8.6802  15.4867   0.0000   0.0000   0.0000
    4283  -5.8692   8.3501  15.3914   0.0000   0.0000   0.0000
    4284  -5.9667   8.3532  16.1689   0.0000   0.0000   0.0000
    4285  -6.0316   8.7845  15.7437   0.0000   0.0000   0.0000
    4286  -5.4762   8.4651  15.5310   0.0000   0.0000   0.0000
    4287  -6.3912   8.1232  15.5223   0.0000   0.0000   0.0000
    4288  -6.6933   8.7751  15.8248   0.0000   0.0000   0.0000
    4289  -6.5554   8.5577  15.8432   0.0000   0.0000   0.0000
    4290  -5.8364   7.8998  16.2914   0.0000   0.0000   0.0000
    4291  -4.7012   8.8267  15.8431   0.0000   0.0000   0.0000
    4292  -5.2686   7.7401  15.4591   0.0000   0.0000   0.0000
    4293  -4.9169   8.0111  16.0263   0.0000   0.0000   0.0000
    4294  -6.0737   9.4357  15.1456   0.0000   0.0000   0.0000
    4295  -5.8193   9.3509  16.2669   0.0000   0.0000   0.0000
    4296  -5.7778   9.0180  15.8793   0.0000   0.0000   0.0000
    4297  -6.4761   8.8842  16.0794   0.0000   0.0000   0.0000
    4298  -6.8874   9.0472  16.6521   0.0000   0.0000   0.0000
    4299  -5.9368   8.9090  16.1144   0.0000   0.0000   0.0000
    4300  -6.3078   8.8011  16.5421   0.0000   0.0000   0.0000
    4301  -6.7090   8.2994  17.7202   0.0000   0.0000   0.0000
    4302  -6.5054   9.1843  16.3250   0.0000   0.0000   0.0000
    4303  -6.2456   9.0556  16.5414   0.0000   0.0000   0.0000
    4304  -6.1039   7.7703  16.8270   0.0000   0.0000   0.0000
    4305  -5.7197   7.0013  16.1197   0.0000   0.0000   0.0000
    4306  -6.2215   8.0595  16.0761   0.0000   0.0000   0.0000
    4307  -6.0349   8.7436  15.9350   0.0000   0.0000   0.0000
    4308  -5.7370   8.7861  16.5107   0.0000   0.0000   0.0000
    4309  -5.6889   8.9658  16.1800   0.0000   0.0000   0.0000
    4310  -4.9433   9.1076  16.3035   0.0000   0.0000   0.0000
    4311  -5.1422   8.1922  15.6424   0.0000   0.0000   0.0000
    4312  -5.7827   8.1507  16.4085   0.0000   0.0000   0.0000
    4313  -5.0640   8.2563  17.1170   0.0000   0.0000   0.0000
    4314  -5.6490   8.9869  17.0322   0.0000   0.0000   0.0000
    4315  -6.4135   8.2868  16.4528   0.0000   0.0000   0.0000
    4316  -6.7203   7.6122  16.7160   0.0000   0.0000   0.0000
    4317  -6.3641   7.5742  16.1186   0.0000   0.0000   0.0000
    4318  -5.3324   8.3689  16.4577   0.0000   0.0000   0.0000
    4319  -4.7996   8.8216  15.3279   0.0000   0.0000   0.0000
    4320  -5.9275   9.4015  15.2540   0.0000   0.0000   0.0000
    4321  -5.7456   9.5604  15.4490   0.0000   0.0000   0.0000
    4322  -5.9568   9.4280  16.4678   0.0000   0.0000   0.0000
    4323  -6.3328   9.3688  17.2942   0.0000   0.0000   0.0000
    4324  -7.2415   9.4349  16.8634   0.0000   0.0000   0.0000
    4325  -6.7081   9.3404  17.3853   0.0000   0.0000   0.0000
    4326  -6.7423   9.1350  17.8113   0.0000   0.0000   0.0000
    4327  -6.4576   8.8771  18.1022   0.0000   0.0000   0.0000
    4328  -5.8961   9.0854  17.6417   0.0000   0.0000   0.0000
    4329  -6.4408   8.2455  17.3787   0.0000   0.0000   0.0000
    4330  -7.4077   8.6432  17.6198   0.0000   0.0000   0.0000
    4331  -5.7309   8.0486  15.8231   0.0000   0.0000   0.0000
    4332  -6.8215   7.7606  15.4702   0.0000   0.0000   0.0000
    4333  -5.7975   7.1952  16.3429   0.0000   0.0000   0.0000
    4334  -5.8171   8.8044  17.1838   0.0000   0.0000   0.0000
    4335  -5.5477   8.0625  15.9122   0.0000   0.0000   0.0000
    4336  -5.1321   6.9544  15.8977   0.0000   0.0000   0.0000
    4337  -6.3728   7.7238  16.4972   0.0000   0.0000   0.0000
    4338  -6.5749   8.7730  16.3373   0.0000   0.0000   0.0000
    4339  -5.6685   7.6820  16.1861   0.0000   0.0000   0.0000
    4340  -5.6370   6.8275  16.3519   0.0000   0.0000   0.0000
    4341  -6.5030   8.2197  15.9004   0.0000   0.0000   0.0000
    4342  -5.3963   7.0794  15.8153   0.0000   0.0000   0.0000
    4343  -5.2026   7.6550  15.9121   0.0000   0.0000   0.0000
    4344  -6.1847   7.4097  16.9534   0.0000   0.0000   0.0000
    4345  -5.5275   8.5399  15.5748   0.0000   0.0000   0.0000
    4346  -6.0253   7.7405  16.3994   0.0000   0.0000   0.0000
    4347  -6.1023   7.5735  16.0726   0.0000   0.0000   0.0000
    4348  -6.4386   8.4096  16.0791   0.0000   0.0000   0.0000
    4349  -6.7183   7.6361  15.7339   0.0000   0.0000   0.0000
    4350  -6.6391   7.9561  16.0342   0.0000   0.0000   0.0000
    4351  -6.7837   7.7447  16.2813   0.0000   0.0000   0.0000
    4352  -7.1898   7.7186  16.2219   0.0000   0.0000   0.0000
    4353  -6.6964   8.2351  16.0266   0.0000   0.0000   0.0000
    4354  -6.1826   7.8517  15.9638   0.0000   0.0000   0.0000
    4355  -6.2291   6.9172  17.5703   0.0000   0.0000   0.0000
    4356  -6.3429   7.8435  18.2469   0.0000   0.0000   0.0000
    4357  -5.9542   7.5809  17.8800   0.0000   0.0000   0.0000
    4358  -5.6374   6.8392  18.0978   0.0000   0.0000   0.0000
    4359  -6.4328   7.8298  16.9609   0.0000   0.0000   0.0000
    4360  -6.1155   7.1304  17.0704   0.0000   0.0000   0.0000
    4361  -6.0452   7.4011  16.7707   0.0000   0.0000   0.0000
    4362  -6.6203   7.4776  16.0011   0.0000   0.0000   0.0000
    4363  -6.6037   7.6812  14.9735   0.0000   0.0000   0.0000
    4364  -6.7090   7.4930  16.3919   0.0000   0.0000   0.0000
    4365  -5.5654   7.7237  15.7018   0.0000   0.0000   0.0000
    4366  -5.4172   6.4201  16.3936   0.0000   0.0000   0.0000
    4367  -6.2050   6.1542  15.6025   0.0000   0.0000   0.0000
    4368  -5.9810   7.5572  15.2380   0.0000   0.0000   0.0000
    4369  -5.5891   7.7917  16.2566   0.0000   0.0000   0.0000
    4370  -5.5946   6.2225  16.1255   0.0000   0.0000   0.0000
    4371  -6.0751   6.3400  16.0902   0.0000   0.0000   0.0000
    4372  -5.0980   6.1158  15.9410   0.0000   0.0000   0.0000
    4373  -5.0101   5.6406  17.0503   0.0000   0.0000   0.0000
    4374  -5.6211   5.8642  18.9240   0.0000   0.0000   0.0000
    4375  -3.5584   5.7371  19.1750   0.0000   0.0000   0.0000
    4376  -4.9391   5.6592  18.9275   0.0000   0.0000   0.0000
    4377  -4.4564   5.6895  18.6338   0.0000   0.0000   0.0000
    4378  -4.0660   6.8385  18.4562   0.0000   0.0000   0.0000
    4379  -4.9864   6.5554  17.8864   0.0000   0.0000   0.0000
    4380  -5.6989   7.9680  16.6545   0.0000   0.0000   0.0000
    4381  -4.8894   7.7808  17.4932   0.0000   0.0000   0.0000
    4382  -5.9349   7.5765  16.8898   0.0000   0.0000   0.0000
    4383  -5.8801   8.3627  17.1423   0.0000   0.0000   0.0000
    4384  -6.0565   8.8570  17.6277   0.0000   0.0000   0.0000
    4385  -5.8188   7.5145  16.3259   0.0000   0.0000   0.0000
    4386  -5.4822   7.0780  16.2688   0.0000   0.0000   0.0000
    4387  -5.3232   7.9752  16.2466   0.0000   0.0000   0.0000
    4388  -4.8549   7.5373  17.1373   0.0000   0.0000   0.0000
    4389  -4.4619   8.4469  17.3250   0.0000   0.0000   0.0000
    4390  -5.3503   7.8645  16.5235   0.0000   0.0000   0.0000
    4391  -5.2586   8.0853  17.3482   0.0000   0.0000   0.0000
    4392  -4.7089   7.3964  17.0328   0.0000   0.0000   0.0000
    4393  -3.3665   7.8225  16.1805   0.0000   0.0000   0.0000
    4394  -4.5103   8.4578  16.6765   0.0000   0.0000   0.0000
    4395  -4.8050   8.9128  17.3242   0.0000   0.0000   0.0000
    4396  -4.7467   8.5997  16.0043   0.0000   0.0000   0.0000
    4397  -5.1827   8.6457  16.6821   0.0000   0.0000   0.0000
    4398  -4.1875   7.7806  16.6114   0.0000   0.0000   0.0000
    4399  -4.3809   8.2025  16.8671   0.0000   0.0000   0.0000
    4400  -4.3504   8.0706  17.5328   0.0000   0.0000   0.0000
    4401  -4.1931   8.1265  17.0250   0.0000   0.0000   0.0000
    4402  -4.6373   8.6605  17.7079   0.0000   0.0000   0.0000
    4403  -5.7567   9.0160  16.2379   0.0000   0.0000   0.0000
    4404  -5.2581   8.5542  16.7659   0.0000   0.0000   0.0000
    4405  -5.5033   8.2617  16.5883   0.0000   0.0000   0.0000
    4406  -4.0463   8.1469  17.4664   0.0000   0.0000   0.0000
    4407  -5.1580   8.1874  18.1519   0.0000   0.0000   0.0000
    4408  -6.2928   7.7237  18.3061   0.0000   0.0000   0.0000
    4409  -5.5105   8.3407  17.7116   0.0000   0.0000   0.0000
    4410  -4.7944   8.5986  17.3644   0.0000   0.0000   0.0000
    4411  -5.4834   8.3566  17.2827   0.0000   0.0000   0.0000
    4412  -6.9621   9.2312  17.5175   0.0000   0.0000   0.0000
    4413  -6.1029   8.1768  18.3882   0.0000   0.0000   0.0000
    4414  -6.7181   7.6508  17.8876   0.0000   0.0000   0.0000
    4415  -6.7436   8.4295  17.7780   0.0000   0.0000   0.0000
    4416  -5.1850   7.6018  17.6599   0.0000   0.0000   0.0000
    4417  -6.1921   8.2095  17.4833   0.0000   0.0000   0.0000
    4418  -6.0937   8.5129  17.1565   0.0000   0.0000   0.0000
    4419  -5.5096   8.2747  17.8013   0.0000   0.0000   0.0000
    4420  -5.4315   7.3823  17.7440   0.0000   0.0000   0.0000
    4421  -6.0145   7.1996  17.6189   0.0000   0.0000   0.0000
    4422  -5.9410   8.7895  16.8968   0.0000   0.0000   0.0000
    4423  -6.1330   7.2118  16.9917   0.0000   0.0000   0.0000
    4424  -6.2648   7.2899  17.7870   0.0000   0.0000   0.0000
    4425  -6.0317   6.8196  17.6058   0.0000   0.0000   0.0000
    4426  -6.3980   6.5556  17.1684   0.0000   0.0000   0.0000
    4427  -5.9085   6.5407  17.0858   0.0000   0.0000   0.0000
    4428  -6.3274   6.4707  16.4887   0.0000   0.0000   0.0000
    4429  -5.5141   7.8020  16.7141   0.0000   0.0000   0.0000
    4430  -4.9907   7.3878  17.3591   0.0000   0.0000   0.0000
    4431  -5.1774   7.6000  17.0110   0.0000   0.0000   0.0000
    4432  -5.3652   7.0113  17.4379   0.0000   0.0000   0.0000
    4433  -4.3175   7.5048  16.5284   0.0000   0.0000   0.0000
    4434  -5.1304   6.5649  16.8997   0.0000   0.0000   0.0000
    4435  -5.4626   6.8266  16.1342   0.0000   0.0000   0.0000
    4436  -5.1112   5.9462  15.9727   0.0000   0.0000   0.0000
    4437  -5.3970   6.1860  16.1179   0.0000   0.0000   0.0000
    4438  -4.6567   5.7886  16.7022   0.0000   0.0000   0.0000
    4439  -5.4521   6.7956  16.4242   0.0000   0.0000   0.0000
    4440  -5.3408   6.5347  17.0704   0.0000   0.0000   0.0000
    4441  -4.8342   7.2582  17.0901   0.0000   0.0000   0.0000
    4442  -5.5652   6.6516  18.4667   0.0000   0.0000   0.0000
    4443  -5.3662   6.4976  17.2742   0.0000   0.0000   0.0000
    4444  -4.5688   7.0616  16.9360   0.0000   0.0000   0.0000
    4445  -4.0175   6.7995  16.0350   0.0000   0.0000   0.0000
    4446  -3.9769   7.3370  16.9693   0.0000   0.0000   0.0000
    4447  -4.4885   6.1669  17.5315   0.0000   0.0000   0.0000
    4448  -4.0651   6.4143  17.8553   0.0000   0.0000   0.0000
    4449  -4.2679   6.9265  17.4175   0.0000   0.0000   0.0000
    4450  -4.0833   6.2965  18.3694   0.0000   0.0000   0.0000
    4451  -3.5079   7.4645  17.9024   0.0000   0.0000   0.0000
    4452  -4.0144   7.1003  18.9018   0.0000   0.0000   0.0000
    4453  -4.4125   7.6002  17.2702   0.0000   0.0000   0.0000
    4454  -4.3796   7.5242  17.9775   0.0000   0.0000   0.0000
    4455  -4.6122   7.7905  17.8513   0.0000   0.0000   0.0000
    4456  -4.1902   7.4864  18.0009   0.0000   0.0000   0.0000
    4457  -3.9270   7.6642  17.6587   0.0000   0.0000   0.0000
    4458  -3.5732   7.7423  17.7958   0.0000   0.0000   0.0000
    4459  -2.5934   7.4894  17.5082   0.0000   0.0000   0.0000
    4460  -3.3042   6.9794  18.7640   0.0000   0.0000   0.0000
    4461  -3.9046   7.0816  18.1603   0.0000   0.0000   0.0000
    4462  -4.2453   7.7088  18.1944   0.0000   0.0000   0.0000
    4463  -3.7173   7.7503  18.0085   0.0000   0.0000   0.0000
    4464  -3.7327   8.0345  18.4762   0.0000   0.0000   0.0000
    4465  -3.3684   7.5826  17.8360   0.0000   0.0000   0.0000
    4466  -4.3006   7.8158  17.9736   0.0000   0.0000   0.0000
    4467  -4.3209   7.5331  17.8629   0.0000   0.0000   0.0000
    4468  -4.2109   8.3240  17.7414   0.0000   0.0000   0.0000
    4469  -4.5670   7.7083  17.3494   0.0000   0.0000   0.0000
    4470  -4.2115   8.3047  16.9967   0.0000   0.0000   0.0000
    4471  -4.7179   8.6528  16.9141   0.0000   0.0000   0.0000
    4472  -4.3101   7.9241  17.1005   0.0000   0.0000   0.0000
    4473  -3.8588   8.0732  17.2275   0.0000   0.0000   0.0000
    4474  -4.6610   8.4476  17.8151   0.0000   0.0000   0.0000
    4475  -4.6712   8.6431  18.1811   0.0000   0.0000   0.0000
    4476  -5.0305   8.3223  17.2691   0.0000   0.0000   0.0000
    4477  -5.2232   8.5444  17.4083   0.0000   0.0000   0.0000
    4478  -4.8676   8.1208  17.1588   0.0000   0.0000   0.0000
    4479  -4.7523   8.2797  18.0718   0.0000   0.0000   0.0000
    4480  -5.1252   8.2228  17.0245   0.0000   0.0000   0.0000
    4481  -4.9035   8.2794  17.0387   0.0000   0.0000   0.0000
    4482  -4.0460   8.1344  16.7379   0.0000   0.0000   0.0000
    4483  -4.7038   8.5969  17.0461   0.0000   0.0000   0.0000
    4484  -5.1051   8.7944  16.8945   0.0000   0.0000   0.0000
    4485  -5.2019   8.4796  16.9686   0.0000   0.0000   0.0000
    4486  -4.1449   8.5570  16.9281   0.0000   0.0000   0.0000
    4487  -4.1222   8.3164  16.5981   0.0000   0.0000   0.0000
    4488  -4.9874   8.4446  16.7955   0.0000   0.0000   0.0000
    4489  -4.2863   7.8416  17.9398   0.0000   0.0000   0.0000
    4490  -4.7526   8.2718  17.3856   0.0000   0.0000   0.0000
    4491  -4.1393   8.4769  16.8669   0.0000   0.0000   0.0000
    4492  -4.9543   7.8348  17.3774   0.0000   0.0000   0.0000
    4493  -5.5976   8.0020  17.9793   0.0000   0.0000   0.0000
    4494  -6.2050   7.9342  17.3915   0.0000   0.0000   0.0000
    4495  -5.8297   8.8747  17.3295   0.0000   0.0000   0.0000
    4496  -5.7178   8.4101  16.5474   0.0000   0.0000   0.0000
    4497  -5.4050   7.7441  17.9013   0.0000   0.0000   0.0000
    4498  -6.4457   7.6072  17.2871   0.0000   0.0000   0.0000
    4499  -6.2971   7.6582  17.2096   0.0000   0.0000   0.0000
    4500  -6.2216   7.0589  17.3473   0.0000   0.0000   0.0000
    4501  -7.1355   7.6033  16.6873   0.0000   0.0000   0.0000
    4502  -5.9908   8.1447  15.7325   0.0000   0.0000   0.0000
    4503  -6.0817   7.8528  16.2563   0.0000   0.0000   0.0000
    4504  -6.2728   7.7079  16.0479   0.0000   0.0000   0.0000
    4505  -6.0848   7.7893  16.3421   0.0000   0.0000   0.0000
    4506  -5.4037   8.1393  16.7359   0.0000   0.0000   0.0000
    4507  -5.9511   8.6910  17.1747   0.0000   0.0000   0.0000
    4508  -3.8463   9.0004  15.9204   0.0000   0.0000   0.0000
    4509  -4.3677   9.2251  16.9026   0.0000   0.0000   0.0000
    4510  -4.4675   9.4856  16.6202   0.0000   0.0000   0.0000
    4511  -4.4814   9.5467  16.6113   0.0000   0.0000   0.0000
    4512  -5.0851   8.8235  16.8999   0.0000   0.0000   0.0000
    4513  -4.8747   8.9281  17.9302   0.0000   0.0000   0.0000
    4514  -5.4192   8.9919  18.3160   0.0000   0.0000   0.0000
    4515  -5.3119   8.4164  17.6418   0.0000   0.0000   0.0000
    4516  -5.4729   9.1304  18.0140   0.0000   0.0000   0.0000
    4517  -5.4823   9.0261  17.8074   0.0000   0.0000   0.0000
    4518  -5.3585   9.5822  17.9069   0.0000   0.0000   0.0000
    4519  -4.9881   9.6172  17.9702   0.0000   0.0000   0.0000
    4520  -5.7413   9.3555  17.7078   0.0000   0.0000   0.0000
    4521  -5.0177   8.6032  18.3006   0.0000   0.0000   0.0000
    4522  -5.4928   8.5292  18.2269   0.0000   0.0000   0.0000
    4523  -5.4554   8.6113  17.7066   0.0000   0.0000   0.0000
    4524  -4.5722   8.1306  17.7964   0.0000   0.0000   0.0000
    4525  -4.4833   8.5384  18.1580   0.0000   0.0000   0.0000
    4526  -4.9902   7.7487  17.9651   0.0000   0.0000   0.0000
    4527  -5.3407   8.7876  18.0504   0.0000   0.0000   0.0000
    4528  -4.8923   8.9010  18.3460   0.0000   0.0000   0.0000
    4529  -4.6302   8.8276  18.5979   0.0000   0.0000   0.0000
    4530  -4.4100   9.4634  18.7206   0.0000   0.0000   0.0000
    4531  -4.3871   8.7794  19.0875   0.0000   0.0000   0.0000
    4532  -5.3172   8.6784  19.1400   0.0000   0.0000   0.0000
    4533  -5.0606   9.6806  19.4419   0.0000   0.0000   0.0000
    4534  -4.8610   9.0332  19.1584   0.0000   0.0000   0.0000
    4535  -4.4742   9.5743  19.2394   0.0000   0.0000   0.0000
    4536  -4.3003   9.4521  18.7985   0.0000   0.0000   0.0000
    4537  -4.4886   8.9820  18.7287   0.0000   0.0000   0.0000
    4538  -5.3022  10.1023  19.6580   0.0000   0.0000   0.0000
    4539  -3.6265  10.7657  19.0414   0.0000   0.0000   0.0000
    4540  -5.1610   9.0876  19.2462   0.0000   0.0000   0.0000
    4541  -4.9394  10.0065  19.1452   0.0000   0.0000   0.0000
    4542  -3.4586   9.7809  18.9803   0.0000   0.0000   0.0000
    4543  -4.6073   9.2907  18.9294   0.0000   0.0000   0.0000
    4544  -3.4450   9.8951  18.2194   0.0000   0.0000   0.0000
    4545  -4.2445  10.6592  18.1460   0.0000   0.0000   0.0000
    4546  -3.6513  10.7225  19.9625   0.0000   0.0000   0.0000
    4547  -3.7108  11.2956  18.9344   0.0000   0.0000   0.0000
    4548  -3.7944  10.6218  19.2400   0.0000   0.0000   0.0000
    4549  -4.4402  10.8703  18.5502   0.0000   0.0000   0.0000
    4550  -3.5690   9.7764  18.2357   0.0000   0.0000   0.0000
    4551  -2.9064  10.5472  18.0737   0.0000   0.0000   0.0000
    4552  -4.2936  10.0501  17.6749   0.0000   0.0000   0.0000
    4553  -4.4544  10.0995  18.1590   0.0000   0.0000   0.0000
    4554  -4.5144  10.5145  17.1502   0.0000   0.0000   0.0000
    4555  -3.6428  10.3085  16.3437   0.0000   0.0000   0.0000
    4556  -5.0968  10.4379  16.7539   0.0000   0.0000   0.0000
    4557  -4.2352  10.4902  17.7662   0.0000   0.0000   0.0000
    4558  -4.4079  11.1686  18.2197   0.0000   0.0000   0.0000
    4559  -4.4195  11.3604  17.5059   0.0000   0.0000   0.0000
    4560  -4.0250  11.4294  17.3302   0.0000   0.0000   0.0000
    4561  -3.3497  10.5397  17.2906   0.0000   0.0000   0.0000
    4562  -3.7112  10.9179  17.8158   0.0000   0.0000   0.0000
    4563  -3.4897  10.4191  17.9081   0.0000   0.0000   0.0000
    4564  -4.1063  11.1053  18.2745   0.0000   0.0000   0.0000
    4565  -3.9200  10.9904  18.0321   0.0000   0.0000   0.0000
    4566  -3.4859  10.5978  18.0708   0.0000   0.0000   0.0000
    4567  -3.5340  10.0987  18.2881   0.0000   0.0000   0.0000
    4568  -4.6235  10.2968  18.1856   0.0000   0.0000   0.0000
    4569  -3.7486  10.6775  17.8605   0.0000   0.0000   0.0000
    4570  -3.4041  11.8592  17.0209   0.0000   0.0000   0.0000
    4571  -3.6864  11.3661  16.5841   0.0000   0.0000   0.0000
    4572  -3.9911  10.6903  17.4640   0.0000   0.0000   0.0000
    4573  -4.0540  11.4876  17.0451   0.0000   0.0000   0.0000
    4574  -3.3169  10.1993  17.4008   0.0000   0.0000   0.0000
    4575  -4.1300  11.0068  17.0884   0.0000   0.0000   0.0000
    4576  -4.2269  10.0704  17.3429   0.0000   0.0000   0.0000
    4577  -3.8366  10.1962  16.4718   0.0000   0.0000   0.0000
    4578  -4.2190  10.1235  16.9678   0.0000   0.0000   0.0000
    4579  -3.7105  10.4955  16.6321   0.0000   0.0000   0.0000
    4580  -3.8071  10.0378  16.4920   0.0000   0.0000   0.0000
    4581  -4.3200  11.0858  16.1167   0.0000   0.0000   0.0000
    4582  -4.1093  10.6603  16.2900   0.0000   0.0000   0.0000
    4583  -4.1288  10.1959  16.1305   0.0000   0.0000   0.0000
    4584  -3.7752  10.7420  16.8724   0.0000   0.0000   0.0000
    4585  -3.3669  10.5150  17.0193   0.0000   0.0000   0.0000
    4586  -3.7557  10.3897  16.8578   0.0000   0.0000   0.0000
    4587  -3.8442  10.9372  16.0818   0.0000   0.0000   0.0000
    4588  -3.7277  11.5676  15.9144   0.0000   0.0000   0.0000
    4589  -3.2914   9.6438  17.0721   0.0000   0.0000   0.0000
    4590  -3.7460  10.0654  16.8175   0.0000   0.0000   0.0000
    4591  -3.2071  11.2191  16.2183   0.0000   0.0000   0.0000
    4592  -3.1704  10.8718  16.4932   0.0000   0.0000   0.0000
    4593  -3.7494  11.5020  17.0527   0.0000   0.0000   0.0000
    4594  -2.9900  10.7362  17.2573   0.0000   0.0000   0.0000
    4595  -3.3917  11.6811  16.9746   0.0000   0.0000   0.0000
    4596  -4.0015  11.1940  16.8438   0.0000   0.0000   0.0000
    4597  -3.7560  10.9539  16.8023   0.0000   0.0000   0.0000
    4598  -3.0281  11.6444  16.2720   0.0000   0.0000   0.0000
    4599  -3.7682  10.5596  15.8781   0.0000   0.0000   0.0000
    4600  -4.0947  11.1777  15.5767   0.0000   0.0000   0.0000
    4601  -3.1424  11.3940  16.0315   0.0000   0.0000   0.0000
    4602  -2.8556  11.2856  15.0628   0.0000   0.0000   0.0000
    4603  -3.6415  11.0168  15.0396   0.0000   0.0000   0.0000
    4604  -3.9733  10.9455  15.6957   0.0000   0.0000   0.0000
    4605  -2.9938  11.4631  15.5417   0.0000   0.0000   0.0000
    4606  -3.3628  10.9648  16.3534   0.0000   0.0000   0.0000
    4607  -3.1421  11.5425  16.3706   0.0000   0.0000   0.0000
    4608  -3.9910  11.6632  17.0945   0.0000   0.0000   0.0000
    4609  -4.1412  10.9157  15.7436   0.0000   0.0000   0.0000
    4610  -4.0193  11.6089  16.3009   0.0000   0.0000   0.0000
    4611  -4.5051  11.0786  16.9940   0.0000   0.0000   0.0000
    4612  -4.1079  10.8944  16.3957   0.0000   0.0000   0.0000
    4613  -4.0624  10.4654  16.1733   0.0000   0.0000   0.0000
    4614  -3.6126   9.8593  16.3851   0.0000   0.0000   0.0000
    4615  -3.8675  10.6671  16.1096   0.0000   0.0000   0.0000
    4616  -4.2861   9.5406  15.6598   0.0000   0.0000   0.0000
    4617  -4.0855   9.7200  16.0822   0.0000   0.0000   0.0000
    4618  -3.3957  10.3111  15.2282   0.0000   0.0000   0.0000
    4619  -3.3444  10.1198  15.0601   0.0000   0.0000   0.0000
    4620  -4.4326  10.6565  14.8845   0.0000   0.0000   0.0000
    4621  -4.3290   9.2946  14.6780   0.0000   0.0000   0.0000
    4622  -4.2290   9.2306  15.4056   0.0000   0.0000   0.0000
    4623  -3.9584   9.6435  15.7685   0.0000   0.0000   0.0000
    4624  -3.2844   9.4088  15.7840   0.0000   0.0000   0.0000
    4625  -3.1801   9.4315  15.6496   0.0000   0.0000   0.0000
    4626  -3.1914   9.5523  15.2970   0.0000   0.0000   0.0000
    4627  -3.0139   9.9283  15.4853   0.0000   0.0000   0.0000
    4628  -2.2574  10.2296  15.6148   0.0000   0.0000   0.0000
    4629  -3.0148  10.0977  15.6905   0.0000   0.0000   0.0000
    4630  -3.2848   9.3288  15.7634   0.0000   0.0000   0.0000
    4631  -3.4584  10.2350  16.0103   0.0000   0.0000   0.0000
    4632  -3.0815  10.1096  16.0214   0.0000   0.0000   0.0000
    4633  -3.5045  10.5177  15.2066   0.0000   0.0000   0.0000
    4634  -3.6881  10.1604  14.9444   0.0000   0.0000   0.0000
    4635  -3.3590  10.4561  15.2020   0.0000   0.0000   0.0000
    4636  -2.6649  10.2093  15.3190   0.0000   0.0000   0.0000
    4637  -2.8245  10.4782  15.3071   0.0000   0.0000   0.0000
    4638  -3.1714   9.4198  15.1434   0.0000   0.0000   0.0000
    4639  -3.0121  10.1270  14.8878   0.0000   0.0000   0.0000
    4640  -2.5100   9.9731  14.5064   0.0000   0.0000   0.0000
    4641  -2.4348  10.1037  15.2947   0.0000   0.0000   0.0000
    4642  -1.8997   8.8953  15.0824   0.0000   0.0000   0.0000
    4643  -2.9778   9.1098  15.3892   0.0000   0.0000   0.0000
    4644  -2.6452   9.2882  14.9531   0.0000   0.0000   0.0000
    4645  -3.0048   9.9786  15.4483   0.0000   0.0000   0.0000
    4646  -2.3714  10.2235  14.6913   0.0000   0.0000   0.0000
    4647  -1.6822   9.7464  14.9334   0.0000   0.0000   0.0000
    4648  -2.2717   9.7411  14.4066   0.0000   0.0000   0.0000
    4649  -2.1548   9.2617  13.3822   0.0000   0.0000   0.0000
    4650  -2.0259  10.0227  13.4704   0.0000   0.0000   0.0000
    4651  -1.9040   9.9360  13.5927   0.0000   0.0000   0.0000
    4652  -2.2717   9.6481  13.9717   0.0000   0.0000   0.0000
    4653  -2.4831   9.4301  13.0635   0.0000   0.0000   0.0000
    4654  -2.4149  10.2682  13.5474   0.0000   0.0000   0.0000
    4655  -2.3729   9.8385  13.4185   0.0000   0.0000   0.0000
    4656  -2.3161   9.6293  14.1384   0.0000   0.0000   0.0000
    4657  -2.2601   8.9772  14.7144   0.0000   0.0000   0.0000
    4658  -2.2983  10.1225  13.9177   0.0000   0.0000   0.0000
    4659  -2.4125   9.3155  14.0421   0.0000   0.0000   0.0000
    4660  -2.0270   9.9509  13.8844   0.0000   0.0000   0.0000
    4661  -1.8793   8.9065  14.0623   0.0000   0.0000   0.0000
    4662  -2.2455   9.2391  13.4464   0.0000   0.0000   0.0000
    4663  -2.0609  10.0793  14.2399   0.0000   0.0000   0.0000
    4664  -2.7867   9.6967  14.8537   0.0000   0.0000   0.0000
    4665  -2.4596  10.2301  14.6300   0.0000   0.0000   0.0000
    4666  -2.2211   9.5601  14.3738   0.0000   0.0000   0.0000
    4667  -1.6568  10.0732  14.0435   0.0000   0.0000   0.0000
    4668  -2.4667   9.5342  14.3757   0.0000   0.0000   0.0000
    4669  -2.1976   8.7657  14.1016   0.0000   0.0000   0.0000
    4670  -1.9933   8.9051  13.8346   0.0000   0.0000   0.0000
    4671  -2.6159  10.0191  13.4793   0.0000   0.0000   0.0000
    4672  -2.9995   8.5240  13.0078   0.0000   0.0000   0.0000
    4673  -2.4356   8.9348  13.5580   0.0000   0.0000   0.0000
    4674  -2.2585   9.4224  15.0201   0.0000   0.0000   0.0000
    4675  -2.0047   9.8931  15.0251   0.0000   0.0000   0.0000
    4676  -2.5890   9.7662  14.6304   0.0000   0.0000   0.0000
    4677  -1.7930   8.9674  14.9462   0.0000   0.0000   0.0000
    4678  -1.3605   8.8958  15.5096   0.0000   0.0000   0.0000
    4679  -2.3218   9.3257  15.7611   0.0000   0.0000   0.0000
    4680  -1.3098   8.7410  14.8104   0.0000   0.0000   0.0000
    4681  -1.8245   8.7153  15.3828   0.0000   0.0000   0.0000
    4682  -2.4671   8.2910  15.9551   0.0000   0.0000   0.0000
    4683  -0.6576   8.2530  15.9891   0.0000   0.0000   0.0000
    4684  -1.5582   8.4572  15.4854   0.0000   0.0000   0.0000
    4685  -1.2598   8.9139  15.7418   0.0000   0.0000   0.0000
    4686  -2.3953   8.8638  15.7954   0.0000   0.0000   0.0000
    4687  -2.0817   8.3526  16.6866   0.0000   0.0000   0.0000
    4688  -2.3291   8.8642  16.8591   0.0000   0.0000   0.0000
    4689  -1.9351   8.3486  16.9324   0.0000   0.0000   0.0000
    4690  -2.0117   8.8290  16.2369   0.0000   0.0000   0.0000
    4691  -2.1434   8.6481  16.0310   0.0000   0.0000   0.0000
    4692  -2.9602   8.2358  16.9597   0.0000   0.0000   0.0000
    4693  -2.9860   9.4431  16.3508   0.0000   0.0000   0.0000
    4694  -2.7047  10.2807  15.8642   0.0000   0.0000   0.0000
    4695  -3.5459   9.2958  16.7425   0.0000   0.0000   0.0000
    4696  -3.3963   8.5597  17.7283   0.0000   0.0000   0.0000
    4697  -4.0816   9.1659  19.6128   0.0000   0.0000   0.0000
    4698  -3.7809  10.3419  19.7895   0.0000   0.0000   0.0000
    4699  -4.5684   9.1575  18.6328   0.0000   0.0000   0.0000
    4700  -3.9865   9.5801  19.5353   0.0000   0.0000   0.0000
    4701  -3.7669   9.7766  18.0289   0.0000   0.0000   0.0000
    4702  -2.6685   9.1248  18.1426   0.0000   0.0000   0.0000
    4703  -2.6088   8.9140  17.6952   0.0000   0.0000   0.0000
    4704  -2.5353   9.4733  16.9355   0.0000   0.0000   0.0000
    4705  -2.4574   9.9988  16.4356   0.0000   0.0000   0.0000
    4706  -3.3159   9.0958  17.1684   0.0000   0.0000   0.0000
    4707  -3.3771   8.1669  17.8654   0.0000   0.0000   0.0000
    4708  -4.0864   9.4081  17.8583   0.0000   0.0000   0.0000
    4709  -3.7829   8.4926  17.9368   0.0000   0.0000   0.0000
    4710  -4.6140   8.4776  16.1110   0.0000   0.0000   0.0000
    4711  -5.1714   8.3320  16.3146   0.0000   0.0000   0.0000
    4712  -3.6747   9.1568  17.1006   0.0000   0.0000   0.0000
    4713  -3.6749   8.0852  17.0704   0.0000   0.0000   0.0000
    4714  -2.9739   8.6117  17.4657   0.0000   0.0000   0.0000
    4715  -2.8598   8.5193  17.3160   0.0000   0.0000   0.0000
    4716  -2.3856   8.3351  17.0332   0.0000   0.0000   0.0000
    4717  -3.0189   9.8584  17.0245   0.0000   0.0000   0.0000
    4718  -3.7251  10.2931  16.3665   0.0000   0.0000   0.0000
    4719  -3.3728   9.6432  16.9733   0.0000   0.0000   0.0000
    4720  -3.6216   9.5309  17.5255   0.0000   0.0000   0.0000
    4721  -3.3696   8.9743  17.2922   0.0000   0.0000   0.0000
    4722  -2.9349   8.4362  17.2808   0.0000   0.0000   0.0000
    4723  -3.4538   8.4236  17.1894   0.0000   0.0000   0.0000
    4724  -3.2947   9.6504  16.5098   0.0000   0.0000   0.0000
    4725  -3.1547   8.6793  16.9367   0.0000   0.0000   0.0000
    4726  -3.8875   8.3466  16.7252   0.0000   0.0000   0.0000
    4727  -3.1310   8.4298  17.0194   0.0000   0.0000   0.0000
    4728  -3.4373   8.5129  17.0427   0.0000   0.0000   0.0000
    4729  -3.2299   9.0215  16.4669   0.0000   0.0000   0.0000
    4730  -3.3476   8.0845  16.6812   0.0000   0.0000   0.0000
    4731  -3.7471   8.0501  16.1320   0.0000   0.0000   0.0000
    4732  -3.3863   8.2687  15.3396   0.0000   0.0000   0.0000
    4733  -4.5107   8.5347  15.8209   0.0000   0.0000   0.0000
    4734  -3.5673   8.4934  16.3169   0.0000   0.0000   0.0000
    4735  -2.8107   8.2285  16.2650   0.0000   0.0000   0.0000
    4736  -3.6386   8.1056  15.9204   0.0000   0.0000   0.0000
    4737  -3.0843   8.1497  15.9215   0.0000   0.0000   0.0000
    4738  -3.3974   8.0672  15.9984   0.0000   0.0000   0.0000
    4739  -3.4094   8.7878  16.1658   0.0000   0.0000   0.0000
    4740  -2.2159   8.2155  16.6424   0.0000   0.0000   0.0000
    4741  -3.1474   7.6112  16.5500   0.0000   0.0000   0.0000
    4742  -2.0727   7.7105  17.3184   0.0000   0.0000   0.0000
    4743  -2.2750   7.8962  17.6397   0.0000   0.0000   0.0000
    4744  -2.3570   8.3461  15.9809   0.0000   0.0000   0.0000
    4745  -3.1352   8.3760  16.2838   0.0000   0.0000   0.0000
    4746  -2.3681   7.8526  16.5080   0.0000   0.0000   0.0000
    4747  -2.1663   7.7780  15.9583   0.0000   0.0000   0.0000
    4748  -1.8046   7.6324  15.6106   0.0000   0.0000   0.0000
    4749  -1.7404   8.1183  16.3000   0.0000   0.0000   0.0000
    4750  -1.9486   8.0914  15.8938   0.0000   0.0000   0.0000
    4751  -3.0699   7.5006  16.6905   0.0000   0.0000   0.0000
    4752  -3.2372   7.7159  16.6300   0.0000   0.0000   0.0000
    4753  -2.6814   8.2688  16.4460   0.0000   0.0000   0.0000
    4754  -2.7638   8.7719  16.2716   0.0000   0.0000   0.0000
    4755  -1.8285   8.7061  16.2806   0.0000   0.0000   0.0000
    4756  -1.8876   9.1383  16.1487   0.0000   0.0000   0.0000
    4757  -1.2760   8.5833  16.0449   0.0000   0.0000   0.0000
    4758  -0.7683   9.0909  16.6758   0.0000   0.0000   0.0000
    4759  -0.5805   9.3808  16.0277   0.0000   0.0000   0.0000
    4760  -2.4212   9.1335  16.3057   0.0000   0.0000   0.0000
    4761  -1.3827   9.5115  16.0247   0.0000   0.0000   0.0000
    4762  -2.6739   9.3147  16.1605   0.0000   0.0000   0.0000
    4763  -2.7383   9.0054  16.1693   0.0000   0.0000   0.0000
    4764  -2.7404   8.6449  15.1320   0.0000   0.0000   0.0000
    4765  -2.8952   9.0077  16.0153   0.0000   0.0000   0.0000
    4766  -2.2483   9.5060  15.1751   0.0000   0.0000   0.0000
    4767  -1.8092   9.1821  15.7144   0.0000   0.0000   0.0000
    4768  -2.3746   9.1969  14.9281   0.0000   0.0000   0.0000
    4769  -2.1084   9.2423  15.1368   0.0000   0.0000   0.0000
    4770  -2.6997   8.7421  14.2313   0.0000   0.0000   0.0000
    4771  -3.2426   9.3696  14.4225   0.0000   0.0000   0.0000
    4772  -2.0928  10.4317  15.8857   0.0000   0.0000   0.0000
    4773  -3.2298  10.6272  14.8929   0.0000   0.0000   0.0000
    4774  -2.6986   8.6094  14.8476   0.0000   0.0000   0.0000
    4775  -2.7128   8.8095  15.4515   0.0000   0.0000   0.0000
    4776  -3.3928   7.9176  15.6976   0.0000   0.0000   0.0000
    4777  -2.5597   9.3026  15.2116   0.0000   0.0000   0.0000
    4778  -2.3322  10.4764  15.1108   0.0000   0.0000   0.0000
    4779  -1.1646   9.6147  15.5462   0.0000   0.0000   0.0000
    4780  -1.9389   8.2483  15.9921   0.0000   0.0000   0.0000
    4781  -3.0315   8.0542  15.8693   0.0000   0.0000   0.0000
    4782  -3.2088   8.3016  16.4762   0.0000   0.0000   0.0000
    4783  -1.6934   8.9062  16.4421   0.0000   0.0000   0.0000
    4784  -1.2887   8.5622  16.1388   0.0000   0.0000   0.0000
    4785  -1.1158   8.6027  15.9256   0.0000   0.0000   0.0000
    4786  -1.8626   8.5017  15.8998   0.0000   0.0000   0.0000
    4787  -2.0356   9.0009  16.0960   0.0000   0.0000   0.0000
    4788  -1.7913   9.3797  15.9936   0.0000   0.0000   0.0000
    4789  -1.8630   8.9744  15.4367   0.0000   0.0000   0.0000
    4790  -1.6276   9.1644  15.8969   0.0000   0.0000   0.0000
    4791  -2.2160   9.1344  16.7842   0.0000   0.0000   0.0000
    4792  -1.9700   9.9763  16.8035   0.0000   0.0000   0.0000
    4793  -2.3135   9.4273  16.0662   0.0000   0.0000   0.0000
    4794  -2.4156   9.3516  16.5692   0.0000   0.0000   0.0000
    4795  -4.1530   8.7676  16.1750   0.0000   0.0000   0.0000
    4796  -3.2399   9.1684  16.2649   0.0000   0.0000   0.0000
    4797  -4.0260  10.4606  15.9617   0.0000   0.0000   0.0000
    4798  -4.3081   9.6135  16.5299   0.0000   0.0000   0.0000
    4799  -3.4180   9.1871  16.4458   0.0000   0.0000   0.0000
    4800  -3.9317   9.3471  15.4062   0.0000   0.0000   0.0000
    4801  -3.4699   9.8162  15.5496   0.0000   0.0000   0.0000
    4802  -4.5564   9.7632  16.3341   0.0000   0.0000   0.0000
    4803  -4.3699  10.5007  15.4614   0.0000   0.0000   0.0000
    4804  -4.2557   9.7238  16.2943   0.0000   0.0000   0.0000
    4805  -3.0906  10.2915  16.3069   0.0000   0.0000   0.0000
    4806  -3.0425  10.0793  15.9770   0.0000   0.0000   0.0000
    4807  -2.8823   9.4780  16.2917   0.0000   0.0000   0.0000
    4808  -2.8464   9.0315  15.2621   0.0000   0.0000   0.0000
    4809  -3.0333   9.2054  15.3824   0.0000   0.0000   0.0000
    4810  -4.4622  10.0852  15.1127   0.0000   0.0000   0.0000
    4811  -4.2297   9.7009  15.8062   0.0000   0.0000   0.0000
    4812  -4.9081   9.4617  16.2717   0.0000   0.0000   0.0000
    4813  -4.8356   9.6740  15.9859   0.0000   0.0000   0.0000
    4814  -4.6860   9.9613  15.9762   0.0000   0.0000   0.0000
    4815  -4.6821  10.1730  16.1053   0.0000   0.0000   0.0000
    4816  -4.6725   9.3682  16.5308   0.0000   0.0000   0.0000
    4817  -5.3812   8.5115  16.4139   0.0000   0.0000   0.0000
    4818  -4.6597   9.1653  16.9159   0.0000   0.0000   0.0000
    4819  -4.9719   9.6081  16.7995   0.0000   0.0000   0.0000
    4820  -3.9211   9.5933  16.1650   0.0000   0.0000   0.0000
    4821  -4.3915   9.6594  16.0365   0.0000   0.0000   0.0000
    4822  -4.8287   9.2406  16.2199   0.0000   0.0000   0.0000
    4823  -5.2551   9.7492  16.4052   0.0000   0.0000   0.0000
    4824  -5.5865   9.7990  16.0161   0.0000   0.0000   0.0000
    4825  -4.3089   9.7987  15.9857   0.0000   0.0000   0.0000
    4826  -5.2638   9.5675  16.2421   0.0000   0.0000   0.0000
    4827  -4.6195  10.2757  16.0287   0.0000   0.0000   0.0000
    4828  -5.0517   9.2891  15.8321   0.0000   0.0000   0.0000
    4829  -5.4982   9.4566  15.2926   0.0000   0.0000   0.0000
    4830  -4.5283   9.3994  15.3186   0.0000   0.0000   0.0000
    4831  -4.4549   9.0774  15.4046   0.0000   0.0000   0.0000
    4832  -4.5468   9.0543  15.9916   0.0000   0.0000   0.0000
    4833  -3.8466   9.5018  16.6234   0.0000   0.0000   0.0000
    4834  -3.8096   9.5176  15.4777   0.0000   0.0000   0.0000
    4835  -4.2797   9.4362  15.5013   0.0000   0.0000   0.0000
    4836  -4.2746   9.6535  15.4488   0.0000   0.0000   0.0000
    4837  -3.4604   8.6905  15.7258   0.0000   0.0000   0.0000
    4838  -4.1058  10.2823  15.3237   0.0000   0.0000   0.0000
    4839  -4.0256   8.8185  15.7354   0.0000   0.0000   0.0000
    4840  -3.8883  10.1521  14.9730   0.0000   0.0000   0.0000
    4841  -3.2846  10.2475  14.5897   0.0000   0.0000   0.0000
    4842  -4.1082   9.3847  15.6115   0.0000   0.0000   0.0000
    4843  -4.0372   8.9785  15.1566   0.0000   0.0000   0.0000
    4844  -4.2512   9.2469  15.5856   0.0000   0.0000   0.0000
    4845  -4.4893   9.3633  15.1985   0.0000   0.0000   0.0000
    4846  -4.0072   8.5078  16.6116   0.0000   0.0000   0.0000
    4847  -3.6942   8.5631  15.8413   0.0000   0.0000   0.0000
    4848  -4.4023   8.2881  15.6153   0.0000   0.0000   0.0000
    4849  -3.6780   8.7233  16.0799   0.0000   0.0000   0.0000
    4850  -4.4210   8.9351  16.9585   0.0000   0.0000   0.0000
    4851  -4.4806   9.2953  16.4717   0.0000   0.0000   0.0000
    4852  -3.8090   8.9654  16.6959   0.0000   0.0000   0.0000
    4853  -3.3824   9.2306  16.7797   0.0000   0.0000   0.0000
    4854  -4.3661   8.9516  17.0420   0.0000   0.0000   0.0000
    4855  -3.7849   8.5694  16.5566   0.0000   0.0000   0.0000
    4856  -2.2699   9.2783  16.3456   0.0000   0.0000   0.0000
    4857  -3.1330   8.6258  16.0421   0.0000   0.0000   0.0000
    4858  -4.0478   9.0741  16.8979   0.0000   0.0000   0.0000
    4859  -4.1002   8.2492  17.5009   0.0000   0.0000   0.0000
    4860  -3.8981   9.2414  17.5065   0.0000   0.0000   0.0000
    4861  -3.4753   8.7979  17.3070   0.0000   0.0000   0.0000
    4862  -3.1784   8.9419  16.8889   0.0000   0.0000   0.0000
    4863  -3.4997   8.6376  18.0534   0.0000   0.0000   0.0000
    4864  -4.0471   7.5679  18.5038   0.0000   0.0000   0.0000
    4865  -4.1469   7.9567  17.6377   0.0000   0.0000   0.0000
    4866  -3.8212   7.1578  18.1009   0.0000   0.0000   0.0000
    4867  -3.2529   8.3401  17.7722   0.0000   0.0000   0.0000
    4868  -3.2463   8.9381  17.1611   0.0000   0.0000   0.0000
    4869  -3.4359   9.2411  17.9154   0.0000   0.0000   0.0000
    4870  -1.9937   8.9284  17.6276   0.0000   0.0000   0.0000
    4871  -2.1566   8.9014  16.8286   0.0000   0.0000   0.0000
    4872  -1.4314   8.6853  17.0093   0.0000   0.0000   0.0000
    4873  -1.6661   9.4148  17.3404   0.0000   0.0000   0.0000
    4874  -1.9197   9.5807  18.2701   0.0000   0.0000   0.0000
    4875  -1.6310   9.5714  18.2729   0.0000   0.0000   0.0000
    4876  -1.0224   8.6263  17.4752   0.0000   0.0000   0.0000
    4877  -2.0639   9.1946  18.2764   0.0000   0.0000   0.0000
    4878  -1.5362   8.4472  19.1541   0.0000   0.0000   0.0000
    4879  -2.6959   9.1609  17.5880   0.0000   0.0000   0.0000
    4880  -2.2154   9.1145  16.8948   0.0000   0.0000   0.0000
    4881  -1.3897   8.9753  16.9707   0.0000   0.0000   0.0000
    4882  -2.2805   8.8096  16.3615   0.0000   0.0000   0.0000
    4883  -2.4459   8.7232  16.9133   0.0000   0.0000   0.0000
    4884  -1.7447   9.6103  17.1730   0.0000   0.0000   0.0000
    4885  -1.7946   9.8079  16.4507   0.0000   0.0000   0.0000
    4886  -1.5741   9.4465  17.7190   0.0000   0.0000   0.0000
    4887  -2.5870   9.4879  16.9507   0.0000   0.0000   0.0000
    4888  -1.5732   9.4462  17.3801   0.0000   0.0000   0.0000
    4889  -2.1050   9.4415  17.0511   0.0000   0.0000   0.0000
    4890  -0.4866   9.5890  17.4148   0.0000   0.0000   0.0000
    4891  -0.4554   8.7513  16.5293   0.0000   0.0000   0.0000
    4892  -2.0224   8.2609  17.2829   0.0000   0.0000   0.0000
    4893  -1.9539   8.4564  16.6509   0.0000   0.0000   0.0000
    4894  -1.3732   8.9216  17.2967   0.0000   0.0000   0.0000
    4895  -2.4047   9.1273  16.7498   0.0000   0.0000   0.0000
    4896  -1.4884   9.4851  16.7280   0.0000   0.0000   0.0000
    4897  -0.9051   8.9059  17.3803   0.0000   0.0000   0.0000
    4898  -0.7573   9.8975  17.2018   0.0000   0.0000   0.0000
    4899  -1.7152   8.8663  17.7471   0.0000   0.0000   0.0000
    4900  -1.7518   9.2420  17.4424   0.0000   0.0000   0.0000
    4901  -1.0957   8.9740  18.5114   0.0000   0.0000   0.0000
    4902  -1.9513   8.6445  18.6593   0.0000   0.0000   0.0000
    4903  -1.5273   8.2341  17.7949   0.0000   0.0000   0.0000
    4904  -1.5751   8.7796  17.9309   0.0000   0.0000   0.0000
    4905  -1.6674   9.0830  17.3126   0.0000   0.0000   0.0000
    4906  -1.4576   8.9853  17.6397   0.0000   0.0000   0.0000
    4907  -0.7778   8.6345  17.9737   0.0000   0.0000   0.0000
    4908   0.2471   9.7808  17.3339   0.0000   0.0000   0.0000
    4909  -0.7776   9.2815  16.9555   0.0000   0.0000   0.0000
    4910  -1.0788   9.0758  16.8581   0.0000   0.0000   0.0000
    4911  -1.2253   9.7948  16.6746   0.0000   0.0000   0.0000
    4912  -1.3664   9.2526  16.5112   0.0000   0.0000   0.0000
    4913  -1.7990   9.4148  16.4416   0.0000   0.0000   0.0000
    4914  -1.9311   8.5898  16.9988   0.0000   0.0000   0.0000
    4915  -1.7464   8.4911  17.3022   0.0000   0.0000   0.0000
    4916  -1.6370   8.9606  17.0004   0.0000   0.0000   0.0000
    4917  -2.6463   9.0895  16.7179   0.0000   0.0000   0.0000
    4918  -1.3636   8.2273  17.0871   0.0000   0.0000   0.0000
    4919  -1.6553   8.3741  17.2966   0.0000   0.0000   0.0000
    4920  -1.4326   9.0895  16.9278   0.0000   0.0000   0.0000
    4921  -1.5199   8.8282  16.7791   0.0000   0.0000   0.0000
    4922  -1.5801   9.5854  16.8019   0.0000   0.0000   0.0000
    4923  -1.6677   9.4567  15.5807   0.0000   0.0000   0.0000
    4924  -1.0918   9.2553  16.0127   0.0000   0.0000   0.0000
    4925  -1.4750   9.7657  15.8129   0.0000   0.0000   0.0000
    4926  -1.8008   9.7141  15.6793   0.0000   0.0000   0.0000
    4927  -1.4183   9.9887  15.8176   0.0000   0.0000   0.0000
    4928  -2.4855   9.3848  15.8564   0.0000   0.0000   0.0000
    4929  -1.4467   9.1084  15.8581   0.0000   0.0000   0.0000
    4930  -1.4482   9.2241  16.0732   0.0000   0.0000   0.0000
    4931  -1.5970   9.3828  15.9507   0.0000   0.0000   0.0000
    4932  -1.9093   8.9159  15.8740   0.0000   0.0000   0.0000
    4933  -1.2391   9.3536  15.6783   0.0000   0.0000   0.0000
    4934  -1.8863   9.7913  15.4485   0.0000   0.0000   0.0000
    4935  -1.4204  10.2476  15.8765   0.0000   0.0000   0.0000
    4936  -1.5635   9.6111  15.2416   0.0000   0.0000   0.0000
    4937  -1.4651   9.9017  15.3307   0.0000   0.0000   0.0000
    4938  -1.1992  10.7052  14.3708   0.0000   0.0000   0.0000
    4939  -1.4042  10.4844  14.7750   0.0000   0.0000   0.0000
    4940  -1.6165  11.0258  14.7989   0.0000   0.0000   0.0000
    4941  -1.9022  10.5154  14.7362   0.0000   0.0000   0.0000
    4942  -2.6472  10.4923  15.3309   0.0000   0.0000   0.0000
    4943  -2.3415  10.8816  15.4172   0.0000   0.0000   0.0000
    4944  -1.5046  10.8315  15.0385   0.0000   0.0000   0.0000
    4945  -2.0214  11.0194  15.5278   0.0000   0.0000   0.0000
    4946  -2.3610  10.9554  15.3339   0.0000   0.0000   0.0000
    4947  -2.3033  11.3211  15.0815   0.0000   0.0000   0.0000
    4948   0.1802  10.4557  15.0209   0.0000   0.0000   0.0000
    4949  -1.6807  10.0093  14.7259   0.0000   0.0000   0.0000
    4950  -1.0676  10.4387  14.6126   0.0000   0.0000   0.0000
    4951  -0.9048  10.5744  15.2808   0.0000   0.0000   0.0000
    4952  -1.1097  10.4191  15.5790   0.0000   0.0000   0.0000
    4953  -0.9623  10.6443  15.8047   0.0000   0.0000   0.0000
    4954  -0.1864  10.1204  15.0722   0.0000   0.0000   0.0000
    4955  -1.4502  10.3572  16.0795   0.0000   0.0000   0.0000
    4956  -1.6007   9.8177  15.4943   0.0000   0.0000   0.0000
    4957  -1.6920   9.0535  16.0403   0.0000   0.0000   0.0000
    4958  -1.3496   9.0930  16.4130   0.0000   0.0000   0.0000
    4959  -1.1971   9.5303  15.8834   0.0000   0.0000   0.0000
    4960  -1.8695   9.6287  15.6543   0.0000   0.0000   0.0000
    4961  -2.4364   8.1249  15.3384   0.0000   0.0000   0.0000
    4962  -1.5913   8.0034  16.2548   0.0000   0.0000   0.0000
    4963  -2.6277   9.2261  15.6003   0.0000   0.0000   0.0000
    4964  -3.3257   8.7627  15.1191   0.0000   0.0000   0.0000
    4965  -3.3617   9.2426  15.9682   0.0000   0.0000   0.0000
    4966  -1.8563   8.5197  16.1321   0.0000   0.0000   0.0000
    4967  -1.4413   9.4536  16.6190   0.0000   0.0000   0.0000
    4968  -1.5623   8.8610  16.1675   0.0000   0.0000   0.0000
    4969  -1.6175  10.1183  16.6094   0.0000   0.0000   0.0000
    4970  -1.1011   9.0581  16.4203   0.0000   0.0000   0.0000
    4971  -0.2933   9.8570  15.3793   0.0000   0.0000   0.0000
    4972  -0.8901   9.1872  16.0288   0.0000   0.0000   0.0000
    4973  -1.4058   9.3475  16.7251   0.0000   0.0000   0.0000
    4974  -1.1194   9.1774  16.9587   0.0000   0.0000   0.0000
    4975  -1.5494   9.7767  16.9670   0.0000   0.0000   0.0000
    4976  -1.8753   8.7969  17.6873   0.0000   0.0000   0.0000
    4977  -1.3923   9.4935  16.9862   0.0000   0.0000   0.0000
    4978  -0.5201   9.4616  16.9233   0.0000   0.0000   0.0000
    4979  -0.7324   8.4133  16.3929   0.0000   0.0000   0.0000
    4980  -1.3160   8.5300  17.4552   0.0000   0.0000   0.0000
    4981  -0.8556   8.7290  17.5697   0.0000   0.0000   0.0000
    4982   0.0971   8.8831  16.4409   0.0000   0.0000   0.0000
    4983  -1.0294   9.3274  16.6255   0.0000   0.0000   0.0000
    4984  -0.0022   9.5855  17.2199   0.0000   0.0000   0.0000
    4985  -0.0311   8.6644  16.6593   0.0000   0.0000   0.0000
    4986  -0.8812   9.0252  16.8188   0.0000   0.0000   0.0000
    4987  -0.7334   9.2272  17.3593   0.0000   0.0000   0.0000
    4988  -0.9940   9.5547  17.9191   0.0000   0.0000   0.0000
    4989  -0.7647   9.0092  18.0017   0.0000   0.0000   0.0000
    4990  -0.9554   9.2325  17.5539   0.0000   0.0000   0.0000
    4991  -0.5264   9.2558  17.0220   0.0000   0.0000   0.0000
    4992   0.3392   8.6751  17.9438   0.0000   0.0000   0.0000
    4993  -1.4253   8.8659  17.4273   0.0000   0.0000   0.0000
    4994  -1.1165   9.6880  17.0374   0.0000   0.0000   0.0000
    4995  -1.1359   9.7283  16.5916   0.0000   0.0000   0.0000
    4996  -1.1122  10.3309  17.0735   0.0000   0.0000   0.0000
    4997  -0.9991   9.6926  17.4929   0.0000   0.0000   0.0000
    4998  -0.5209   9.6257  16.7875   0.0000   0.0000   0.0000
    4999  -0.6486   8.8663  17.7964   0.0000   0.0000   0.0000
    5000  -1.3468   8.9746  17.5034   0.0000   0.0000   0.0000
    5001  -0.2586   9.6355  17.3801   0.0000   0.0000   0.0000
    5002  -0.5249   8.0030  17.1863   0.0000   0.0000   0.0000
    5003  -0.7424   9.0932  17.3409   0.0000   0.0000   0.0000
    5004  -1.1796  10.1570  17.2711   0.0000   0.0000   0.0000
    5005  -2.0064   8.5777  16.6777   0.0000   0.0000   0.0000
    5006  -2.7808   8.9734  16.7857   0.0000   0.0000   0.0000
    5007  -3.1197   9.3585  16.4825   0.0000   0.0000   0.0000
    5008  -2.8129   7.9247  17.0318   0.0000   0.0000   0.0000
    5009  -2.4605   9.4878  16.6203   0.0000   0.0000   0.0000
    5010  -2.7307   8.9474  16.4059   0.0000   0.0000   0.0000
    5011  -1.0815   9.7301  17.1924   0.0000   0.0000   0.0000
    5012  -1.3571   9.3737  17.3001   0.0000   0.0000   0.0000
    5013  -1.0938  10.5411  17.1525   0.0000   0.0000   0.0000
    5014  -1.7376   8.4045  18.0393   0.0000   0.0000   0.0000
    5015  -1.6239   9.8134  17.4141   0.0000   0.0000   0.0000
    5016  -1.9737   9.3539  17.1382   0.0000   0.0000   0.0000
    5017  -2.3241   9.7826  17.4517   0.0000   0.0000   0.0000
    5018  -2.2409  10.3690  17.4375   0.0000   0.0000   0.0000
    5019  -2.0490  10.2781  16.4609   0.0000   0.0000   0.0000
    5020  -2.3099   9.7533  15.5094   0.0000   0.0000   0.0000
    5021  -1.5309   9.4945  16.2365   0.0000   0.0000   0.0000
    5022  -2.7319   9.0879  16.4330   0.0000   0.0000   0.0000
    5023  -2.7154   8.9631  15.7838   0.0000   0.0000   0.0000
    5024  -2.0988   9.0644  15.8850   0.0000   0.0000   0.0000
    5025  -1.8676   8.6437  16.4054   0.0000   0.0000   0.0000
    5026  -2.3340   8.5559  16.2213   0.0000   0.0000   0.0000
    5027  -2.8322   8.9395  16.8749   0.0000   0.0000   0.0000
    5028  -2.6290   8.8080  16.2244   0.0000   0.0000   0.0000
    5029  -2.7051   9.3864  15.7249   0.0000   0.0000   0.0000
    5030  -1.9233   8.8751  15.5625   0.0000   0.0000   0.0000
    5031  -2.1234   8.1201  16.0416   0.0000   0.0000   0.0000
    5032  -2.8592   8.4421  15.8897   0.0000   0.0000   0.0000
    5033  -2.6725   8.6259  15.8368   0.0000   0.0000   0.0000
    5034  -2.4309   8.6636  16.3217   0.0000   0.0000   0.0000
    5035  -1.9680   9.0950  16.6249   0.0000   0.0000   0.0000
    5036  -2.3395   8.5071  16.6195   0.0000   0.0000   0.0000
    5037  -2.5569   9.1819  16.4380   0.0000   0.0000   0.0000
    5038  -2.2137   9.2807  15.4127   0.0000   0.0000   0.0000
    5039  -1.5991   8.3521  15.4392   0.0000   0.0000   0.0000
    5040  -2.4973   8.8961  15.1142   0.0000   0.0000   0.0000
    5041  -1.1676   9.2595  15.4840   0.0000   0.0000   0.0000
    5042  -1.6447   9.5521  15.3922   0.0000   0.0000   0.0000
    5043  -1.7189   8.5073  15.4297   0.0000   0.0000   0.0000
    5044  -1.4354   9.1581  16.0972   0.0000   0.0000   0.0000
    5045  -0.9575   8.7861  15.4232   0.0000   0.0000   0.0000
    5046  -1.1998   9.4992  16.0111   0.0000   0.0000   0.0000
    5047  -1.5045   9.3521  15.7377   0.0000   0.0000   0.0000
    5048  -1.8715   8.8334  16.2204   0.0000   0.0000   0.0000
    5049  -2.3539   8.7147  16.6249   0.0000   0.0000   0.0000
    5050  -1.2433   9.3273  16.7127   0.0000   0.0000   0.0000
    5051  -2.7309   8.8160  16.7284   0.0000   0.0000   0.0000
    5052  -2.8423   8.6759  17.2038   0.0000   0.0000   0.0000
    5053  -2.9947   8.2000  17.2803   0.0000   0.0000   0.0000
    5054  -2.7703   8.2573  17.8373   0.0000   0.0000   0.0000
    5055  -2.4988   8.6163  17.7874   0.0000   0.0000   0.0000
    5056  -1.6619   8.3442  17.6359   0.0000   0.0000   0.0000
    5057  -1.7661   7.8302  17.7465   0.0000   0.0000   0.0000
    5058  -2.5970   8.1261  16.7185   0.0000   0.0000   0.0000
    5059  -1.5770   8.4019  17.6310   0.0000   0.0000   0.0000
    5060  -2.7487   8.2328  16.7513   0.0000   0.0000   0.0000
    5061  -3.6408   8.3178  17.4017   0.0000   0.0000   0.0000
    5062  -2.6522   8.7447  16.9872   0.0000   0.0000   0.0000
    5063  -2.9520   8.3434  16.5048   0.0000   0.0000   0.0000
    5064  -2.9186   8.2730  16.2399   0.0000   0.0000   0.0000
    5065  -3.9429   8.8142  15.5568   0.0000   0.0000   0.0000
    5066  -3.6678   9.0301  16.5094   0.0000   0.0000   0.0000
    5067  -3.9413   8.1513  15.8097   0.0000   0.0000   0.0000
    5068  -2.6157   8.8664  17.0288   0.0000   0.0000   0.0000
    5069  -2.0088   8.5771  16.8023   0.0000   0.0000   0.0000
    5070  -2.3313   8.6431  17.0378   0.0000   0.0000   0.0000
    5071  -1.9697   8.6684  16.7249   0.0000   0.0000   0.0000
    5072  -2.4681   8.9680  16.8227   0.0000   0.0000   0.0000
    5073  -2.2609   8.7694  17.3277   0.0000   0.0000   0.0000
    5074  -1.7322   8.9716  17.4528   0.0000   0.0000   0.0000
    5075  -2.0138   9.9263  17.4252   0.0000   0.0000   0.0000
    5076  -1.7461   9.1962  17.4439   0.0000   0.0000   0.0000
    5077  -2.2094   8.6631  17.8711   0.0000   0.0000   0.0000
    5078  -2.5933   9.0789  17.5985   0.0000   0.0000   0.0000
    5079  -2.7838   9.8843  17.4292   0.0000   0.0000   0.0000
    5080  -2.3735   9.0360  18.0007   0.0000   0.0000   0.0000
    5081  -3.6299   8.9810  17.5883   0.0000   0.0000   0.0000
    5082  -2.6813   9.5297  16.9745   0.0000   0.0000   0.0000
    5083  -2.3077   9.5750  18.2785   0.0000   0.0000   0.0000
    5084  -3.4853   9.1679  17.7730   0.0000   0.0000   0.0000
    5085  -1.8956   9.3895  17.4893   0.0000   0.0000   0.0000
    5086  -1.2581   9.4787  17.6569   0.0000   0.0000   0.0000
    5087  -2.0976   9.5786  18.1477   0.0000   0.0000   0.0000
    5088  -1.3911   9.1856  18.2750   0.0000   0.0000   0.0000
    5089  -2.5116   9.3023  17.9590   0.0000   0.0000   0.0000
    5090  -1.2222  10.3566  16.8419   0.0000   0.0000   0.0000
    5091  -2.0660  10.3363  17.7879   0.0000   0.0000   0.0000
    5092  -1.9677   9.8612  17.9311   0.0000   0.0000   0.0000
    5093  -2.1415   9.3923  17.7153   0.0000   0.0000   0.0000
    5094  -2.1167   9.2659  17.3727   0.0000   0.0000   0.0000
    5095  -2.3109  10.1888  17.5401   0.0000   0.0000   0.0000
    5096  -2.5796   9.8420  17.0754   0.0000   0.0000   0.0000
    5097  -3.0293   9.3852  18.1670   0.0000   0.0000   0.0000
    5098  -3.1670   9.6366  17.5242   0.0000   0.0000   0.0000
    5099  -1.5521   9.7987  18.1253   0.0000   0.0000   0.0000
    5100  -1.7154   9.1690  17.8279   0.0000   0.0000   0.0000
    5101  -2.4137   9.8046  17.4021   0.0000   0.0000   0.0000
    5102  -2.3443  10.8362  17.0539   0.0000   0.0000   0.0000
    5103  -2.5133  10.2402  16.7860   0.0000   0.0000   0.0000
    5104  -2.5286  10.5566  16.5199   0.0000   0.0000   0.0000
    5105  -3.0492   9.7485  16.5488   0.0000   0.0000   0.0000
    5106  -3.4305  10.0795  16.7580   0.0000   0.0000   0.0000
    5107  -1.8699   9.6762  16.8335   0.0000   0.0000   0.0000
    5108  -2.2093   9.7187  16.6328   0.0000   0.0000   0.0000
    5109  -3.7095  10.5140  17.9313   0.0000   0.0000   0.0000
    5110  -2.9747   9.4343  18.1374   0.0000   0.0000   0.0000
    5111  -2.4525   8.6094  17.9603   0.0000   0.0000   0.0000
    5112  -2.9302   8.9247  18.4651   0.0000   0.0000   0.0000
    5113  -2.2865   8.1282  17.9417   0.0000   0.0000   0.0000
    5114  -2.2136   8.4638  17.8885   0.0000   0.0000   0.0000
    5115  -1.9384   8.6142  17.0158   0.0000   0.0000   0.0000
    5116  -2.8102   8.6607  17.0666   0.0000   0.0000   0.0000
    5117  -3.4466   8.3416  17.8009   0.0000   0.0000   0.0000
    5118  -3.7703   8.5715  17.0503   0.0000   0.0000   0.0000
    5119  -3.5759   7.0493  17.3211   0.0000   0.0000   0.0000
    5120  -3.0109   7.6206  17.8178   0.0000   0.0000   0.0000
    5121  -4.2411   7.8207  16.9753   0.0000   0.0000   0.0000
    5122  -2.9172   8.0940  16.7516   0.0000   0.0000   0.0000
    5123  -3.9606   7.8017  16.5041   0.0000   0.0000   0.0000
    5124  -3.3767   8.0775  16.4290   0.0000   0.0000   0.0000
    5125  -3.8776   8.4414  17.2659   0.0000   0.0000   0.0000
    5126  -3.8349   8.6288  17.0869   0.0000   0.0000   0.0000
    5127  -3.4400   7.7704  17.8616   0.0000   0.0000   0.0000
    5128  -4.2356   8.5242  16.9254   0.0000   0.0000   0.0000
    5129  -4.3719   8.0099  17.0951   0.0000   0.0000   0.0000
    5130  -4.4420   8.8648  17.2585   0.0000   0.0000   0.0000
    5131  -3.3069   7.9771  17.2834   0.0000   0.0000   0.0000
    5132  -3.7116   7.5815  16.5273   0.0000   0.0000   0.0000
    5133  -3.8068   7.4757  16.1982   0.0000   0.0000   0.0000
    5134  -3.2151   7.3910  16.4348   0.0000   0.0000   0.0000
    5135  -2.3264   7.0165  16.3047   0.0000   0.0000   0.0000
    5136  -2.3405   7.3589  16.3346   0.0000   0.0000   0.0000
    5137  -3.1791   8.3462  16.8142   0.0000   0.0000   0.0000
    5138  -3.0434   7.7277  16.8586   0.0000   0.0000   0.0000
    5139  -2.9882   6.9108  16.2905   0.0000   0.0000   0.0000
    5140  -3.5354   6.6675  16.5317   0.0000   0.0000   0.0000
    5141  -2.8225   6.4089  16.8415   0.0000   0.0000   0.0000
    5142  -3.1732   6.1583  16.7486   0.0000   0.0000   0.0000
    5143  -3.1757   6.9952  17.6015   0.0000   0.0000   0.0000
    5144  -2.8682   6.9789  18.0247   0.0000   0.0000   0.0000
    5145  -3.2351   6.5421  16.9289   0.0000   0.0000   0.0000
    5146  -2.4107   7.7973  16.5489   0.0000   0.0000   0.0000
    5147  -2.5888   7.4453  17.1984   0.0000   0.0000   0.0000
    5148  -2.6422   6.9464  17.3955   0.0000   0.0000   0.0000
    5149  -3.0613   7.1666  16.4323   0.0000   0.0000   0.0000
    5150  -3.6443   7.5048  16.5724   0.0000   0.0000   0.0000
    5151  -2.3813   7.3649  16.3231   0.0000   0.0000   0.0000
    5152  -3.7424   8.3188  15.7709   0.0000   0.0000   0.0000
    5153  -3.3700   7.5765  14.5283   0.0000   0.0000   0.0000
    5154  -3.9586   7.3551  15.3414   0.0000   0.0000   0.0000
    5155  -3.9994   7.2979  15.7284   0.0000   0.0000   0.0000
    5156  -4.2258   7.7164  15.2978   0.0000   0.0000   0.0000
    5157  -3.2981   8.1474  15.3241   0.0000   0.0000   0.0000
    5158  -3.1683   8.0100  15.2040   0.0000   0.0000   0.0000
    5159  -2.4794   7.3197  16.0142   0.0000   0.0000   0.0000
    5160  -4.2754   8.0110  15.5888   0.0000   0.0000   0.0000
    5161  -2.4660   8.2625  15.5841   0.0000   0.0000   0.0000
    5162  -2.7747   8.2183  15.5130   0.0000   0.0000   0.0000
    5163  -1.5498   8.2842  15.7655   0.0000   0.0000   0.0000
    5164  -3.0617   7.3633  15.6165   0.0000   0.0000   0.0000
    5165  -2.9227   8.9636  15.1556   0.0000   0.0000   0.0000
    5166  -1.9959   7.9990  15.4316   0.0000   0.0000   0.0000
    5167  -2.7906   7.8524  15.0250   0.0000   0.0000   0.0000
    5168  -3.0828   8.0362  15.3084   0.0000   0.0000   0.0000
    5169  -2.6655   8.0842  14.9494   0.0000   0.0000   0.0000
    5170  -2.2504   8.7284  15.3772   0.0000   0.0000   0.0000
    5171  -2.0237   7.3330  15.3037   0.0000   0.0000   0.0000
    5172  -1.5652   7.0993  15.3447   0.0000   0.0000   0.0000
    5173  -2.0015   8.3889  15.5354   0.0000   0.0000   0.0000
    5174  -1.7810   8.2882  15.2640   0.0000   0.0000   0.0000
    5175  -2.8112   7.6693  15.7870   0.0000   0.0000   0.0000
    5176  -1.7748   6.9234  16.0640   0.0000   0.0000   0.0000
    5177  -1.4760   6.7792  15.9115   0.0000   0.0000   0.0000
    5178  -1.6180   6.9032  16.1013   0.0000   0.0000   0.0000
    5179  -2.7262   7.3348  14.7802   0.0000   0.0000   0.0000
    5180  -1.6594   7.4862  14.8455   0.0000   0.0000   0.0000
    5181  -2.6130   7.4024  16.2140   0.0000   0.0000   0.0000
    5182  -1.8199   6.6169  15.4015   0.0000   0.0000   0.0000
    5183  -1.1892   6.5478  15.2631   0.0000   0.0000   0.0000
    5184  -1.7050   6.0472  16.2489   0.0000   0.0000   0.0000
    5185  -1.6901   6.4867  15.4955   0.0000   0.0000   0.0000
    5186  -1.7463   6.4976  15.4220   0.0000   0.0000   0.0000
    5187  -2.0782   7.1010  15.6226   0.0000   0.0000   0.0000
    5188  -1.5394   6.8165  15.5507   0.0000   0.0000   0.0000
    5189  -2.0583   7.4937  15.0178   0.0000   0.0000   0.0000
    5190  -1.8994   7.8772  16.3501   0.0000   0.0000   0.0000
    5191  -1.5564   8.1703  16.2257   0.0000   0.0000   0.0000
    5192  -1.4033   7.8273  16.1156   0.0000   0.0000   0.0000
    5193  -1.9184   7.1291  15.1724   0.0000   0.0000   0.0000
    5194  -1.7446   7.1871  15.2091   0.0000   0.0000   0.0000
    5195  -2.3372   7.0752  16.1280   0.0000   0.0000   0.0000
    5196  -1.9037   7.2884  15.1346   0.0000   0.0000   0.0000
    5197  -1.3525   7.1965  16.5024   0.0000   0.0000   0.0000
    5198  -2.3174   7.3045  16.5903   0.0000   0.0000   0.0000
    5199  -2.1414   7.3298  15.6835   0.0000   0.0000   0.0000
    5200  -2.7325   6.2978  15.4463   0.0000   0.0000   0.0000
    5201  -2.5935   6.2970  15.8001   0.0000   0.0000   0.0000
    5202  -2.9072   7.3149  16.3507   0.0000   0.0000   0.0000
    5203  -2.3779   7.1324  16.1211   0.0000   0.0000   0.0000
    5204  -1.8325   6.8714  16.1432   0.0000   0.0000   0.0000
    5205  -3.4207   6.3424  16.6881   0.0000   0.0000   0.0000
    5206  -2.9085   7.2032  16.4422   0.0000   0.0000   0.0000
    5207  -3.5588   6.1757  16.5231   0.0000   0.0000   0.0000
    5208  -3.4093   6.1189  16.0684   0.0000   0.0000   0.0000
    5209  -3.1839   6.8628  17.3460   0.0000   0.0000   0.0000
    5210  -2.5302   7.9225  17.0712   0.0000   0.0000   0.0000
    5211  -3.8821   6.7022  17.6813   0.0000   0.0000   0.0000
    5212  -3.5118   5.8043  16.4344   0.0000   0.0000   0.0000
    5213  -3.7102   6.1014  16.4778   0.0000   0.0000   0.0000
    5214  -3.2031   6.3637  16.6442   0.0000   0.0000   0.0000
    5215  -3.8842   5.8942  16.9526   0.0000   0.0000   0.0000
    5216  -2.8686   6.2635  17.3182   0.0000   0.0000   0.0000
    5217  -2.9100   6.0222  18.0859   0.0000   0.0000   0.0000
    5218  -2.9230   6.8265  18.3203   0.0000   0.0000   0.0000
    5219  -3.9976   7.2055  18.7073   0.0000   0.0000   0.0000
    5220  -3.5477   7.9251  18.6179   0.0000   0.0000   0.0000
    5221  -3.4817   8.7431  18.8640   0.0000   0.0000   0.0000
    5222  -5.2513   8.0255  18.4247   0.0000   0.0000   0.0000
    5223  -4.1325   7.9275  18.2721   0.0000   0.0000   0.0000
    5224  -4.3487   8.2957  18.3627   0.0000   0.0000   0.0000
    5225  -4.7617   7.8813  18.9331   0.0000   0.0000   0.0000
    5226  -3.7993   7.8528  19.1220   0.0000   0.0000   0.0000
    5227  -3.1698   8.6256  19.0723   0.0000   0.0000   0.0000
    5228  -3.5701   7.9698  19.2932   0.0000   0.0000   0.0000
    5229  -3.1270   7.5630  17.8683   0.0000   0.0000   0.0000
    5230  -3.1931   7.0534  18.2784   0.0000   0.0000   0.0000
    5231  -3.1285   7.0077  18.7121   0.0000   0.0000   0.0000
    5232  -3.0119   7.4265  18.4719   0.0000   0.0000   0.0000
    5233  -4.0740   8.1838  18.6224   0.0000   0.0000   0.0000
    5234  -2.7601   7.2389  17.9041   0.0000   0.0000   0.0000
    5235  -2.7439   7.1923  17.8719   0.0000   0.0000   0.0000
    5236  -3.4188   7.7906  18.4143   0.0000   0.0000   0.0000
    5237  -3.8138   7.8238  18.2852   0.0000   0.0000   0.0000
    5238  -2.9785   7.8847  17.8810   0.0000   0.0000   0.0000
    5239  -2.1471   8.0292  18.2451   0.0000   0.0000   0.0000
    5240  -2.5599   8.1380  18.0693   0.0000   0.0000   0.0000
    5241  -1.7181   7.4715  18.4731   0.0000   0.0000   0.0000
    5242  -2.8872   8.2093  18.5618   0.0000   0.0000   0.0000
    5243  -3.0816   7.9010  18.8992   0.0000   0.0000   0.0000
    5244  -4.1216   7.3749  19.1458   0.0000   0.0000   0.0000
    5245  -3.6251   7.0882  19.4366   0.0000   0.0000   0.0000
    5246  -1.8878   8.1311  18.4439   0.0000   0.0000   0.0000
    5247  -1.8837   7.3257  18.7654   0.0000   0.0000   0.0000
    5248  -1.5624   7.8681  18.7965   0.0000   0.0000   0.0000
    5249  -2.0043   7.4605  18.7129   0.0000   0.0000   0.0000
    5250  -2.1964   7.5185  18.3995   0.0000   0.0000   0.0000
    5251  -2.4719   8.0155  18.2682   0.0000   0.0000   0.0000
    5252  -3.2094   8.1073  18.6622   0.0000   0.0000   0.0000
    5253  -2.4762   7.8971  18.7088   0.0000   0.0000   0.0000
    5254  -1.7819   7.7799  18.8627   0.0000   0.0000   0.0000
    5255  -1.3764   8.5431  18.4942   0.0000   0.0000   0.0000
    5256  -2.0885   8.5124  17.9704   0.0000   0.0000   0.0000
    5257  -2.0729   7.9708  18.4894   0.0000   0.0000   0.0000
    5258  -2.4722   7.8633  18.7641   0.0000   0.0000   0.0000
    5259  -2.2490   8.2251  18.3252   0.0000   0.0000   0.0000
    5260  -0.8137   8.6170  18.3500   0.0000   0.0000   0.0000
    5261  -1.5083   8.9130  17.9975   0.0000   0.0000   0.0000
    5262  -1.2315   8.2885  17.9634   0.0000   0.0000   0.0000
    5263  -1.3670   8.2120  19.0985   0.0000   0.0000   0.0000
    5264  -1.9462   8.6953  18.6979   0.0000   0.0000   0.0000
    5265  -1.7492   8.3329  19.0088   0.0000   0.0000   0.0000
    5266  -2.4105   8.2505  18.6040   0.0000   0.0000   0.0000
    5267  -2.9163   8.7636  17.4780   0.0000   0.0000   0.0000
    5268  -2.6150   8.5027  18.3977   0.0000   0.0000   0.0000
    5269  -2.0365   9.5668  17.5185   0.0000   0.0000   0.0000
    5270  -2.5433   9.2323  18.2439   0.0000   0.0000   0.0000
    5271  -2.8873   9.1782  18.2509   0.0000   0.0000   0.0000
    5272  -1.8749   8.9731  18.3180   0.0000   0.0000   0.0000
    5273  -0.9346   8.8318  18.9657   0.0000   0.0000   0.0000
    5274  -1.9473   9.6261  17.5341   0.0000   0.0000   0.0000
    5275  -2.2925   9.0304  18.1773   0.0000   0.0000   0.0000
    5276  -0.9703   8.9996  18.8077   0.0000   0.0000   0.0000
    5277  -0.3633   9.1362  18.6703   0.0000   0.0000   0.0000
    5278  -1.0225   8.9274  18.4425   0.0000   0.0000   0.0000
    5279  -1.5441   7.8548  18.5940   0.0000   0.0000   0.0000
    5280  -2.5389   8.5960  18.5325   0.0000   0.0000   0.0000
    5281  -1.3586   8.7888  18.8592   0.0000   0.0000   0.0000
    5282  -1.8166   9.0997  18.2293   0.0000   0.0000   0.0000
    5283  -1.5356   9.0763  18.5457   0.0000   0.0000   0.0000
    5284  -1.5532   7.4309  18.7589   0.0000   0.0000   0.0000
    5285  -1.3064   7.4023  18.8757   0.0000   0.0000   0.0000
    5286  -0.0541   8.8282  18.6010   0.0000   0.0000   0.0000
    5287  -1.7287   8.9527  18.2706   0.0000   0.0000   0.0000
    5288  -1.0368   9.4300  17.6346   0.0000   0.0000   0.0000
    5289  -1.0221   8.8520  17.6444   0.0000   0.0000   0.0000
    5290  -1.2199   8.9989  18.0512   0.0000   0.0000   0.0000
    5291  -0.0225   9.0638  17.0803   0.0000   0.0000   0.0000
    5292  -0.6905   8.9308  17.0104   0.0000   0.0000   0.0000
    5293  -0.8800   8.6742  17.2046   0.0000   0.0000   0.0000
    5294  -1.1760   8.4351  17.7357   0.0000   0.0000   0.0000
    5295   0.0162   8.4297  18.3640   0.0000   0.0000   0.0000
    5296  -0.6360   8.0905  17.6609   0.0000   0.0000   0.0000
    5297  -0.0446   8.3047  17.1940   0.0000   0.0000   0.0000
    5298   0.1894   8.2079  17.0732   0.0000   0.0000   0.0000
    5299  -0.6365   8.2414  17.4790   0.0000   0.0000   0.0000
    5300  -0.0815   7.7593  16.7172   0.0000   0.0000   0.0000
    5301  -0.4701   8.4246  16.9630   0.0000   0.0000   0.0000
    5302  -0.2765   8.8365  17.0735   0.0000   0.0000   0.0000
    5303  -0.9935   8.2387  17.3542   0.0000   0.0000   0.0000
    5304  -0.3252   7.4679  17.5854   0.0000   0.0000   0.0000
    5305   0.1199   8.0985  18.0293   0.0000   0.0000   0.0000
    5306  -0.1876   7.1894  17.9118   0.0000   0.0000   0.0000
    5307  -0.3050   7.9530  17.4782   0.0000   0.0000   0.0000
    5308   0.0818   7.7822  18.0080   0.0000   0.0000   0.0000
    5309  -0.1635   8.2842  17.3135   0.0000   0.0000   0.0000
    5310  -0.8760   8.7559  17.3518   0.0000   0.0000   0.0000
    5311  -1.2153   7.2758  18.0298   0.0000   0.0000   0.0000
    5312  -1.1170   7.5552  17.3616   0.0000   0.0000   0.0000
    5313  -0.6110   7.1795  17.3140   0.0000   0.0000   0.0000
    5314  -0.2729   7.2748  16.9977   0.0000   0.0000   0.0000
    5315  -0.0740   7.6279  17.3251   0.0000   0.0000   0.0000
    5316  -1.6037   6.9941  16.5687   0.0000   0.0000   0.0000
    5317  -0.8052   6.7265  17.4176   0.0000   0.0000   0.0000
    5318  -0.8577   7.6442  17.0298   0.0000   0.0000   0.0000
    5319   0.2255   6.5249  17.8312   0.0000   0.0000   0.0000
    5320  -0.2209   6.8735  17.5129   0.0000   0.0000   0.0000
    5321   0.1170   6.6475  17.1350   0.0000   0.0000   0.0000
    5322  -0.0936   7.3989  17.5491   0.0000   0.0000   0.0000
    5323  -0.1812   7.7034  17.2533   0.0000   0.0000   0.0000
    5324   0.7945   7.3589  17.2325   0.0000   0.0000   0.0000
    5325   0.4809   7.4141  16.7673   0.0000   0.0000   0.0000
    5326   0.8533   7.3128  17.1082   0.0000   0.0000   0.0000
    5327   0.6404   7.4842  17.1388   0.0000   0.0000   0.0000
    5328   0.5902   7.3881  16.5027   0.0000   0.0000   0.0000
    5329   0.0719   6.9034  16.3448   0.0000   0.0000   0.0000
    5330   0.3186   6.3613  17.1012   0.0000   0.0000   0.0000
    5331   0.5037   6.4771  17.3928   0.0000   0.0000   0.0000
    5332  -0.1632   7.1528  17.3660   0.0000   0.0000   0.0000
    5333  -0.0285   6.9319  16.8103   0.0000   0.0000   0.0000
    5334   0.4471   6.2690  17.5720   0.0000   0.0000   0.0000
    5335   0.4831   7.1920  17.9772   0.0000   0.0000   0.0000
    5336   0.1401   6.3891  18.2312   0.0000   0.0000   0.0000
    5337  -0.5146   7.0299  18.0088   0.0000   0.0000   0.0000
    5338  -0.5549   6.2846  17.3377   0.0000   0.0000   0.0000
    5339  -0.4591   6.4863  18.2645   0.0000   0.0000   0.0000
    5340   0.0195   7.0094  18.2454   0.0000   0.0000   0.0000
    5341  -1.1474   7.1779  17.5982   0.0000   0.0000   0.0000
    5342  -0.3339   6.4908  19.0246   0.0000   0.0000   0.0000
    5343  -0.4291   6.2441  18.0561   0.0000   0.0000   0.0000
    5344  -0.7075   5.9960  17.9698   0.0000   0.0000   0.0000
    5345  -0.3997   6.5018  18.6528   0.0000   0.0000   0.0000
    5346  -0.6496   7.6985  18.3885   0.0000   0.0000   0.0000
    5347  -0.5563   6.5515  18.3864   0.0000   0.0000   0.0000
    5348  -0.4721   7.0517  18.2141   0.0000   0.0000   0.0000
    5349  -0.8103   7.4983  18.3268   0.0000   0.0000   0.0000
    5350  -1.3302   7.1096  18.0147   0.0000   0.0000   0.0000
    5351  -1.1589   6.9541  17.9600   0.0000   0.0000   0.0000
    5352  -0.6519   7.8484  18.4972   0.0000   0.0000   0.0000
    5353  -1.0205   6.8610  17.7817   0.0000   0.0000   0.0000
    5354  -0.7297   6.4140  17.3789   0.0000   0.0000   0.0000
    5355  -1.3482   6.8445  17.2039   0.0000   0.0000   0.0000
    5356  -1.6321   6.9158  18.2855   0.0000   0.0000   0.0000
    5357  -2.0830   6.4080  18.1523   0.0000   0.0000   0.0000
    5358  -1.6518   6.9240  17.7894   0.0000   0.0000   0.0000
    5359  -2.4172   7.3520  18.0657   0.0000   0.0000   0.0000
    5360  -0.4402   6.8393  18.4455   0.0000   0.0000   0.0000
    5361  -0.8089   6.5090  18.4333   0.0000   0.0000   0.0000
    5362  -1.2906   6.9737  18.7379   0.0000   0.0000   0.0000
    5363  -0.9622   6.4487  17.6951   0.0000   0.0000   0.0000
    5364  -0.3094   7.9281  17.9659   0.0000   0.0000   0.0000
    5365   0.4591   7.5558  17.9826   0.0000   0.0000   0.0000
    5366   0.3661   7.8568  17.5070   0.0000   0.0000   0.0000
    5367   0.2205   7.9119  17.5747   0.0000   0.0000   0.0000
    5368   0.0979   7.0108  17.3756   0.0000   0.0000   0.0000
    5369   0.2180   7.3902  17.4502   0.0000   0.0000   0.0000
    5370   0.0764   7.7442  17.3043   0.0000   0.0000   0.0000
    5371  -0.5440   7.5106  17.0166   0.0000   0.0000   0.0000
    5372   0.0417   7.5005  17.1099   0.0000   0.0000   0.0000
    5373  -1.0254   7.0203  17.3951   0.0000   0.0000   0.0000
    5374  -0.3344   7.1452  17.0892   0.0000   0.0000   0.0000
    5375  -0.8062   7.4630  17.1076   0.0000   0.0000   0.0000
    5376  -0.9306   6.9644  17.2361   0.0000   0.0000   0.0000
    5377  -1.0970   7.0847  17.5955   0.0000   0.0000   0.0000
    5378  -0.9559   6.1859  16.4560   0.0000   0.0000   0.0000
    5379  -0.8244   6.6353  16.7273   0.0000   0.0000   0.0000
    5380  -1.0709   7.1252  17.5366   0.0000   0.0000   0.0000
    5381  -0.4803   7.4587  16.9724   0.0000   0.0000   0.0000
    5382  -0.3059   7.8298  17.3852   0.0000   0.0000   0.0000
    5383  -0.8874   7.6712  17.7594   0.0000   0.0000   0.0000
    5384  -0.4919   7.9921  17.3558   0.0000   0.0000   0.0000
    5385  -1.2275   8.0305  17.7840   0.0000   0.0000   0.0000
    5386  -1.9281   8.6187  17.7905   0.0000   0.0000   0.0000
    5387  -1.4951   8.5908  17.5949   0.0000   0.0000   0.0000
    5388  -1.2691   8.4212  17.2452   0.0000   0.0000   0.0000
    5389  -1.3300   8.1626  17.3389   0.0000   0.0000   0.0000
    5390  -1.5482   7.6947  17.2046   0.0000   0.0000   0.0000
    5391  -1.9554   8.6775  17.1229   0.0000   0.0000   0.0000
    5392  -1.2370   8.1908  17.6476   0.0000   0.0000   0.0000
    5393  -0.9195   8.5164  18.1827   0.0000   0.0000   0.0000
    5394  -0.9304   8.6231  17.7798   0.0000   0.0000   0.0000
    5395  -0.9024   8.8743  17.4930   0.0000   0.0000   0.0000
    5396  -0.4453   8.2853  17.4920   0.0000   0.0000   0.0000
    5397  -0.9974   7.9062  16.5596   0.0000   0.0000   0.0000
    5398  -1.0809   7.9376  17.4565   0.0000   0.0000   0.0000
    5399  -0.4770   7.9763  18.3601   0.0000   0.0000   0.0000
    5400  -0.6130   8.2345  18.0141   0.0000   0.0000   0.0000
    5401  -0.8826   7.6972  18.6506   0.0000   0.0000   0.0000
    5402  -0.4561   7.7051  19.1947   0.0000   0.0000   0.0000
    5403  -0.1450   7.9436  19.3117   0.0000   0.0000   0.0000
    5404  -0.8007   7.9786  19.1392   0.0000   0.0000   0.0000
    5405  -1.7505   7.7461  18.9157   0.0000   0.0000   0.0000
    5406  -1.3954   8.0401  18.7908   0.0000   0.0000   0.0000
    5407  -1.4891   7.6114  19.1764   0.0000   0.0000   0.0000
    5408  -1.1134   7.1731  19.8164   0.0000   0.0000   0.0000
    5409  -0.6436   7.6581  19.2273   0.0000   0.0000   0.0000
    5410  -0.7155   8.8651  19.2555   0.0000   0.0000   0.0000
    5411  -0.9844   7.2747  19.1671   0.0000   0.0000   0.0000
    5412  -1.3183   7.8176  19.6712   0.0000   0.0000   0.0000
    5413  -1.6483   7.8374  19.7987   0.0000   0.0000   0.0000
    5414  -2.0555   7.5209  19.3102   0.0000   0.0000   0.0000
    5415  -0.7160   8.1005  19.4453   0.0000   0.0000   0.0000
    5416  -0.7286   8.0339  18.9158   0.0000   0.0000   0.0000
    5417  -1.3757   9.2663  18.6999   0.0000   0.0000   0.0000
    5418  -1.2221   8.9106  18.6712   0.0000   0.0000   0.0000
    5419  -0.5727   8.8098  18.0869   0.0000   0.0000   0.0000
    5420  -1.7404   8.4484  17.7249   0.0000   0.0000   0.0000
    5421  -1.9000   8.4443  17.3229   0.0000   0.0000   0.0000
    5422  -1.3758   8.7368  18.3963   0.0000   0.0000   0.0000
    5423  -0.6675   7.9412  18.2999   0.0000   0.0000   0.0000
    5424  -0.0858   8.1954  17.6111   0.0000   0.0000   0.0000
    5425  -0.3731   8.3373  17.9363   0.0000   0.0000   0.0000
    5426  -0.6523   8.1184  18.0214   0.0000   0.0000   0.0000
    5427   0.0299   7.6519  17.4873   0.0000   0.0000   0.0000
    5428  -1.0974   7.3380  16.9686   0.0000   0.0000   0.0000
    5429  -0.3380   6.9853  17.5941   0.0000   0.0000   0.0000
    5430  -0.3070   7.9486  16.9933   0.0000   0.0000   0.0000
    5431  -0.2644   8.0692  16.6695   0.0000   0.0000   0.0000
    5432  -1.7057   6.7667  16.8084   0.0000   0.0000   0.0000
    5433  -1.1500   8.0033  16.8347   0.0000   0.0000   0.0000
    5434  -0.2553   8.9179  16.6436   0.0000   0.0000   0.0000
    5435  -0.4623   7.5724  17.8188   0.0000   0.0000   0.0000
    5436   0.3933   7.9313  17.3951   0.0000   0.0000   0.0000
    5437  -0.2322   8.4009  16.6360   0.0000   0.0000   0.0000
    5438   0.0909   7.9589  16.7066   0.0000   0.0000   0.0000
    5439  -0.5080   7.7267  16.2215   0.0000   0.0000   0.0000
    5440   0.0587   8.8550  16.7675   0.0000   0.0000   0.0000
    5441  -0.2367   8.5426  16.3038   0.0000   0.0000   0.0000
    5442  -0.5460   8.5233  16.3647   0.0000   0.0000   0.0000
    5443  -0.1408   8.5601  16.0278   0.0000   0.0000   0.0000
    5444  -0.0763   8.7995  16.5240   0.0000   0.0000   0.0000
    5445  -0.6629   8.4306  16.6185   0.0000   0.0000   0.0000
    5446  -0.4840   7.8230  15.9772   0.0000   0.0000   0.0000
    5447  -0.1594   7.5357  15.7873   0.0000   0.0000   0.0000
    5448  -0.6896   7.9978  15.4523   0.0000   0.0000   0.0000
    5449   0.0968   7.6937  15.7645   0.0000   0.0000   0.0000
    5450   0.0663   7.9549  15.7656   0.0000   0.0000   0.0000
    5451  -0.1131   7.6172  16.4499   0.0000   0.0000   0.0000
    5452   0.4269   7.4796  16.8635   0.0000   0.0000   0.0000
    5453   0.1711   6.6262  16.6979   0.0000   0.0000   0.0000
    5454   0.8128   7.0803  16.8868   0.0000   0.0000   0.0000
    5455   0.3321   7.3271  16.7574   0.0000   0.0000   0.0000
    5456   0.6393   7.6221  16.5790   0.0000   0.0000   0.0000
    5457   0.5798   7.1456  16.6417   0.0000   0.0000   0.0000
    5458   1.4566   6.9518  16.9401   0.0000   0.0000   0.0000
    5459   0.4660   7.5236  16.2387   0.0000   0.0000   0.0000
    5460   0.0517   6.6899  16.0976   0.0000   0.0000   0.0000
    5461   0.9286   7.1669  16.0709   0.0000   0.0000   0.0000
    5462  -0.2046   7.5922  16.2018   0.0000   0.0000   0.0000
    5463   1.3778   8.4054  15.8127   0.0000   0.0000   0.0000
    5464   1.3197   8.7675  16.5997   0.0000   0.0000   0.0000
    5465   0.8881   8.2896  16.4857   0.0000   0.0000   0.0000
    5466  -0.0522   8.0139  17.1773   0.0000   0.0000   0.0000
    5467   0.2323   7.9335  18.1524   0.0000   0.0000   0.0000
    5468   0.5834   7.4609  17.2503   0.0000   0.0000   0.0000
    5469  -0.5745   6.9251  16.9561   0.0000   0.0000   0.0000
    5470   0.2465   7.6911  17.1210   0.0000   0.0000   0.0000
    5471  -0.6535   6.7723  17.0861   0.0000   0.0000   0.0000
    5472  -0.8852   7.0261  17.7230   0.0000   0.0000   0.0000
    5473   1.0615   6.6553  16.0838   0.0000   0.0000   0.0000
    5474   0.3290   6.0519  17.3260   0.0000   0.0000   0.0000
    5475  -0.0605   7.2726  18.2348   0.0000   0.0000   0.0000
    5476  -0.5157   6.1638  17.2078   0.0000   0.0000   0.0000
    5477  -0.5106   6.3929  18.0264   0.0000   0.0000   0.0000
    5478  -1.0919   6.2744  18.2400   0.0000   0.0000   0.0000
    5479  -0.3095   6.6609  18.2547   0.0000   0.0000   0.0000
    5480  -0.6109   6.1521  17.5109   0.0000   0.0000   0.0000
    5481  -0.6841   6.5355  17.4546   0.0000   0.0000   0.0000
    5482  -1.7813   6.0329  18.1382   0.0000   0.0000   0.0000
    5483  -1.1762   5.5414  18.0124   0.0000   0.0000   0.0000
    5484   0.0749   6.3454  18.0534   0.0000   0.0000   0.0000
    5485   0.0936   5.2752  17.7048   0.0000   0.0000   0.0000
    5486  -0.2742   6.1778  18.1631   0.0000   0.0000   0.0000
    5487  -0.3442   6.4995  17.2852   0.0000   0.0000   0.0000
    5488  -0.9378   6.3173  18.2630   0.0000   0.0000   0.0000
    5489  -0.5142   5.5973  17.7238   0.0000   0.0000   0.0000
    5490  -1.0630   5.7993  17.1828   0.0000   0.0000   0.0000
    5491  -0.7345   6.2397  17.0376   0.0000   0.0000   0.0000
    5492  -1.4293   5.4375  16.9528   0.0000   0.0000   0.0000
    5493  -1.5689   5.5455  17.5133   0.0000   0.0000   0.0000
    5494  -0.8639   5.3249  17.9423   0.0000   0.0000   0.0000
    5495  -1.1595   4.7280  17.9773   0.0000   0.0000   0.0000
    5496  -1.4589   5.5122  17.3002   0.0000   0.0000   0.0000
    5497  -0.7875   6.1939  17.9107   0.0000   0.0000   0.0000
    5498  -0.9666   5.5238  17.2068   0.0000   0.0000   0.0000
    5499  -0.2019   5.6876  18.5844   0.0000   0.0000   0.0000
    5500  -1.1147   5.7985  18.2608   0.0000   0.0000   0.0000
    5501  -0.8270   5.8179  18.5668   0.0000   0.0000   0.0000
    5502  -0.9678   5.1104  18.7435   0.0000   0.0000   0.0000
    5503  -1.5905   5.5645  18.0475   0.0000   0.0000   0.0000
    5504  -0.9547   6.2841  18.7981   0.0000   0.0000   0.0000
    5505  -1.9044   6.9005  18.5254   0.0000   0.0000   0.0000
    5506  -0.8327   5.6883  18.9798   0.0000   0.0000   0.0000
    5507  -0.7920   6.3276  18.4412   0.0000   0.0000   0.0000
    5508  -0.8786   6.1859  18.4306   0.0000   0.0000   0.0000
    5509  -0.6758   6.8451  19.2322   0.0000   0.0000   0.0000
    5510  -1.5467   6.7783  18.3196   0.0000   0.0000   0.0000
    5511  -0.4882   7.1041  18.1803   0.0000   0.0000   0.0000
    5512  -0.0090   7.0234  18.9180   0.0000   0.0000   0.0000
    5513  -1.5695   6.8196  18.4756   0.0000   0.0000   0.0000
    5514  -1.9257   7.3887  18.0698   0.0000   0.0000   0.0000
    5515  -1.3058   7.6805  18.4297   0.0000   0.0000   0.0000
    5516  -1.4433   7.1978  18.7227   0.0000   0.0000   0.0000
    5517  -1.3875   8.0639  18.8578   0.0000   0.0000   0.0000
    5518  -0.9439   7.6779  18.5360   0.0000   0.0000   0.0000
    5519  -1.1933   6.5438  18.7861   0.0000   0.0000   0.0000
    5520  -1.1930   7.0942  18.9828   0.0000   0.0000   0.0000
    5521  -0.5449   7.3383  18.9562   0.0000   0.0000   0.0000
    5522  -0.9330   7.2240  18.8401   0.0000   0.0000   0.0000
    5523  -0.1734   7.6690  17.8649   0.0000   0.0000   0.0000
    5524  -0.9558   7.7416  18.8244   0.0000   0.0000   0.0000
    5525  -0.6719   7.6893  18.2273   0.0000   0.0000   0.0000
    5526  -1.0637   7.7020  18.8052   0.0000   0.0000   0.0000
    5527  -0.8076   7.8304  17.7789   0.0000   0.0000   0.0000
    5528  -1.9157   8.2708  17.4619   0.0000   0.0000   0.0000
    5529  -1.4029   8.8466  17.9154   0.0000   0.0000   0.0000
    5530  -1.5008   9.0609  17.7158   0.0000   0.0000   0.0000
    5531  -1.0838   7.9422  18.3931   0.0000   0.0000   0.0000
    5532  -1.5084   8.0159  18.4271   0.0000   0.0000   0.0000
    5533  -2.1988   8.5564  17.9478   0.0000   0.0000   0.0000
    5534  -1.6338   7.5758  18.8470   0.0000   0.0000   0.0000
    5535  -1.9968   8.0761  18.5639   0.0000   0.0000   0.0000
    5536  -0.7370   7.2913  18.0093   0.0000   0.0000   0.0000
    5537  -1.3914   6.8578  18.2237   0.0000   0.0000   0.0000
    5538  -1.6131   7.0745  18.2093   0.0000   0.0000   0.0000
    5539  -1.6221   7.0641  18.0440   0.0000   0.0000   0.0000
    5540  -0.6785   6.7504  18.7302   0.0000   0.0000   0.0000
    5541  -1.7662   6.0761  18.4321   0.0000   0.0000   0.0000
    5542  -1.5912   6.2486  17.4626   0.0000   0.0000   0.0000
    5543  -0.3895   7.0500  18.1153   0.0000   0.0000   0.0000
    5544  -1.4535   6.7216  17.9031   0.0000   0.0000   0.0000
    5545  -1.4111   7.1328  17.4042   0.0000   0.0000   0.0000
    5546  -0.9756   7.2211  18.3629   0.0000   0.0000   0.0000
    5547  -1.6189   7.4842  18.0475   0.0000   0.0000   0.0000
    5548  -1.3144   6.6852  18.1161   0.0000   0.0000   0.0000
    5549  -1.5820   7.5817  17.6648   0.0000   0.0000   0.0000
    5550  -0.6938   7.6969  17.5406   0.0000   0.0000   0.0000
    5551  -1.2567   8.5723  18.6263   0.0000   0.0000   0.0000
    5552  -1.4194   8.4550  17.9942   0.0000   0.0000   0.0000
    5553  -1.2606   8.0845  18.3546   0.0000   0.0000   0.0000
    5554   0.4494   7.7805  17.7997   0.0000   0.0000   0.0000
    5555  -0.7154   7.8628  17.5029   0.0000   0.0000   0.0000
    5556  -0.8015   8.0064  17.7856   0.0000   0.0000   0.0000
    5557  -0.8250   8.8323  17.4602   0.0000   0.0000   0.0000
    5558  -0.7482   8.7113  17.7513   0.0000   0.0000   0.0000
    5559  -1.2793   8.8451  17.3394   0.0000   0.0000   0.0000
    5560  -1.4117   8.3344  17.7761   0.0000   0.0000   0.0000
    5561  -2.5217   9.3072  16.7503   0.0000   0.0000   0.0000
    5562  -2.5524   8.4954  17.1899   0.0000   0.0000   0.0000
    5563  -3.4300   8.6373  16.9630   0.0000   0.0000   0.0000
    5564  -2.8964   8.4219  16.7769   0.0000   0.0000   0.0000
    5565  -2.4955   7.7244  17.8031   0.0000   0.0000   0.0000
    5566  -2.0311   8.3401  17.7235   0.0000   0.0000   0.0000
    5567  -2.4140   7.4643  17.2245   0.0000   0.0000   0.0000
    5568  -1.8530   8.9588  16.8981   0.0000   0.0000   0.0000
    5569  -1.6640   7.8219  16.8189   0.0000   0.0000   0.0000
    5570  -1.7786   8.6067  16.7526   0.0000   0.0000   0.0000
    5571  -1.5385   8.9073  17.0320   0.0000   0.0000   0.0000
    5572  -1.7137   8.7653  16.9967   0.0000   0.0000   0.0000
    5573  -0.9412   7.8381  16.7052   0.0000   0.0000   0.0000
    5574  -2.3092   7.7117  17.6760   0.0000   0.0000   0.0000
    5575  -1.6705   7.5351  17.2907   0.0000   0.0000   0.0000
    5576  -1.6157   8.1386  16.7811   0.0000   0.0000   0.0000
    5577  -0.5875   8.2470  16.7072   0.0000   0.0000   0.0000
    5578  -1.5672   7.8247  15.5179   0.0000   0.0000   0.0000
    5579  -1.9055   8.7556  15.8413   0.0000   0.0000   0.0000
    5580  -1.1566   7.6675  16.2261   0.0000   0.0000   0.0000
    5581  -1.8192   8.1884  16.0625   0.0000   0.0000   0.0000
    5582  -1.7492   8.6291  16.4644   0.0000   0.0000   0.0000
    5583  -2.0779   8.3197  15.3903   0.0000   0.0000   0.0000
    5584  -0.7077   8.4279  15.9972   0.0000   0.0000   0.0000
    5585  -0.6259   7.6792  16.8330   0.0000   0.0000   0.0000
    5586  -1.6249   7.1659  16.1902   0.0000   0.0000   0.0000
    5587  -0.4771   6.8792  16.6053   0.0000   0.0000   0.0000
    5588  -0.7362   7.9054  16.5055   0.0000   0.0000   0.0000
    5589  -0.7660   7.6984  16.0801   0.0000   0.0000   0.0000
    5590  -0.8413   7.7371  15.7917   0.0000   0.0000   0.0000
    5591  -0.9758   8.4544  15.9822   0.0000   0.0000   0.0000
    5592  -1.2791   8.0004  16.9234   0.0000   0.0000   0.0000
    5593  -0.8976   8.0699  16.7829   0.0000   0.0000   0.0000
    5594  -1.0665   8.1060  17.0018   0.0000   0.0000   0.0000
    5595  -1.6372   7.7103  16.8429   0.0000   0.0000   0.0000
    5596  -1.8022   8.5198  16.2367   0.0000   0.0000   0.0000
    5597  -1.3913   7.7701  15.9058   0.0000   0.0000   0.0000
    5598  -0.9388   8.3159  16.0755   0.0000   0.0000   0.0000
    5599  -0.5350   8.4071  16.7659   0.0000   0.0000   0.0000
    5600  -1.9161   8.3223  16.8188   0.0000   0.0000   0.0000
    5601  -1.2005   8.7868  17.7407   0.0000   0.0000   0.0000
    5602  -1.1911   8.0334  17.7846   0.0000   0.0000   0.0000
    5603  -1.6934   8.2014  16.6643   0.0000   0.0000   0.0000
    5604  -1.7205   8.1616  16.2301   0.0000   0.0000   0.0000
    5605  -1.0571   7.6577  16.6401   0.0000   0.0000   0.0000
    5606  -1.5479   7.2752  16.3717   0.0000   0.0000   0.0000
    5607  -1.8923   7.2751  16.6268   0.0000   0.0000   0.0000
    5608  -1.9432   7.7670  16.1631   0.0000   0.0000   0.0000
    5609  -1.6873   8.2548  16.2202   0.0000   0.0000   0.0000
    5610  -1.7067   7.9185  16.2503   0.0000   0.0000   0.0000
    5611  -0.9922   8.4217  16.0649   0.0000   0.0000   0.0000
    5612  -1.6503   9.4757  15.5093   0.0000   0.0000   0.0000
    5613  -1.2955   9.3349  15.3575   0.0000   0.0000   0.0000
    5614  -1.5348   8.0350  16.3442   0.0000   0.0000   0.0000
    5615  -1.0687   8.8166  14.8838   0.0000   0.0000   0.0000
    5616  -1.1690   8.0405  16.2868   0.0000   0.0000   0.0000
    5617  -1.4006   7.4466  15.5921   0.0000   0.0000   0.0000
    5618  -1.2304   7.2488  15.7314   0.0000   0.0000   0.0000
    5619  -0.8414   7.0854  17.0095   0.0000   0.0000   0.0000
    5620  -0.9181   6.9151  16.1827   0.0000   0.0000   0.0000
    5621  -1.4878   6.7622  16.0350   0.0000   0.0000   0.0000
    5622  -1.2583   6.8234  15.7332   0.0000   0.0000   0.0000
    5623  -0.7517   6.8710  15.8675   0.0000   0.0000   0.0000
    5624  -0.3318   7.5003  16.3740   0.0000   0.0000   0.0000
    5625  -1.1310   7.0765  15.2731   0.0000   0.0000   0.0000
    5626  -1.6212   6.8160  16.8310   0.0000   0.0000   0.0000
    5627  -1.8737   7.9611  16.6010   0.0000   0.0000   0.0000
    5628  -2.0610   7.6058  16.1446   0.0000   0.0000   0.0000
    5629  -1.7219   7.4087  16.3202   0.0000   0.0000   0.0000
    5630  -1.6223   7.0675  16.2978   0.0000   0.0000   0.0000
    5631  -1.5496   8.6397  16.7124   0.0000   0.0000   0.0000
    5632  -1.5366   8.0411  17.7378   0.0000   0.0000   0.0000
    5633  -1.2908   7.6742  18.3336   0.0000   0.0000   0.0000
    5634  -0.9482   7.7879  18.1837   0.0000   0.0000   0.0000
    5635  -1.5351   7.2457  19.2995   0.0000   0.0000   0.0000
    5636  -0.9688   6.8314  17.9109   0.0000   0.0000   0.0000
    5637   1.2265   7.7155  18.2386   0.0000   0.0000   0.0000
    5638  -0.5533   7.6022  18.3043   0.0000   0.0000   0.0000
    5639  -1.2922   7.5686  17.5228   0.0000   0.0000   0.0000
    5640  -1.1398   8.2489  18.0706   0.0000   0.0000   0.0000
    5641  -1.1428   7.7656  16.7674   0.0000   0.0000   0.0000
    5642  -1.9301   6.5940  17.4361   0.0000   0.0000   0.0000
    5643  -1.6235   7.5943  16.7098   0.0000   0.0000   0.0000
    5644  -1.1930   7.2583  17.1047   0.0000   0.0000   0.0000
    5645  -1.4684   6.8838  16.7850   0.0000   0.0000   0.0000
    5646  -1.2629   7.3252  17.5893   0.0000   0.0000   0.0000
    5647  -1.6996   7.7478  17.3607   0.0000   0.0000   0.0000
    5648  -1.5375   7.0043  16.7402   0.0000   0.0000   0.0000
    5649  -0.9799   7.7116  16.8188   0.0000   0.0000   0.0000
    5650  -1.7112   8.1238  17.5690   0.0000   0.0000   0.0000
    5651  -1.1597   7.5182  17.2273   0.0000   0.0000   0.0000
    5652  -1.0467   7.7908  17.9221   0.0000   0.0000   0.0000
    5653  -1.6308   7.1678  17.4185   0.0000   0.0000   0.0000
    5654  -1.4919   6.4856  17.5723   0.0000   0.0000   0.0000
    5655  -0.9143   6.3725  18.2723   0.0000   0.0000   0.0000
    5656  -0.5500   7.2077  17.7672   0.0000   0.0000   0.0000
    5657  -1.3714   7.5093  17.7206   0.0000   0.0000   0.0000
    5658  -0.9233   8.0489  18.0137   0.0000   0.0000   0.0000
    5659  -1.6128   7.4317  18.0057   0.0000   0.0000   0.0000
    5660  -1.3564   7.3611  17.0063   0.0000   0.0000   0.0000
    5661  -1.8247   7.7270  17.5501   0.0000   0.0000   0.0000
    5662  -1.0019   7.6722  17.5666   0.0000   0.0000   0.0000
    5663  -1.2998   7.5628  17.1954   0.0000   0.0000   0.0000
    5664  -1.9904   7.5724  17.7257   0.0000   0.0000   0.0000
    5665  -1.6254   7.5523  17.2947   0.0000   0.0000   0.0000
    5666  -2.0225   7.9334  17.5777   0.0000   0.0000   0.0000
    5667  -1.3358   8.3821  17.2604   0.0000   0.0000   0.0000
    5668  -1.6214   8.5737  17.0443   0.0000   0.0000   0.0000
    5669  -1.2244   8.1381  16.6738   0.0000   0.0000   0.0000
    5670  -1.0786   9.3304  16.2126   0.0000   0.0000   0.0000
    5671  -1.2383   8.9511  16.4388   0.0000   0.0000   0.0000
    5672  -2.1667   8.0002  16.6624   0.0000   0.0000   0.0000
    5673  -0.7481   8.9960  15.7987   0.0000   0.0000   0.0000
    5674  -2.7078   8.5965  15.8109   0.0000   0.0000   0.0000
    5675  -2.6633   8.1448  15.7120   0.0000   0.0000   0.0000
    5676  -1.7688   8.1218  16.2343   0.0000   0.0000   0.0000
    5677  -1.1424   8.1864  16.3286   0.0000   0.0000   0.0000
    5678  -1.3296   8.7843  16.3330   0.0000   0.0000   0.0000
    5679  -1.2949   7.7970  16.3717   0.0000   0.0000   0.0000
    5680  -2.0166   7.1624  15.5598   0.0000   0.0000   0.0000
    5681  -0.7792   8.9920  15.5621   0.0000   0.0000   0.0000
    5682  -0.9042   8.1486  15.9898   0.0000   0.0000   0.0000
    5683  -0.1271   8.1402  15.4489   0.0000   0.0000   0.0000
    5684  -1.2818   7.8472  15.6402   0.0000   0.0000   0.0000
    5685  -0.5508   7.8866  15.8959   0.0000   0.0000   0.0000
    5686   0.4034   6.4993  15.6810   0.0000   0.0000   0.0000
    5687  -0.2573   6.8693  14.6065   0.0000   0.0000   0.0000
    5688  -1.2853   6.8905  15.3795   0.0000   0.0000   0.0000
    5689  -1.3886   6.9993  15.6829   0.0000   0.0000   0.0000
    5690  -1.3828   6.4171  15.5646   0.0000   0.0000   0.0000
    5691  -0.9217   6.7455  15.8493   0.0000   0.0000   0.0000
    5692  -0.6949   6.6346  16.0859   0.0000   0.0000   0.0000
    5693  -0.0660   6.5639  16.0969   0.0000   0.0000   0.0000
    5694  -0.1798   6.9106  16.5415   0.0000   0.0000   0.0000
    5695  -0.8405   7.6085  16.2376   0.0000   0.0000   0.0000
    5696  -0.4420   7.4091  16.1324   0.0000   0.0000   0.0000
    5697  -0.3690   7.2478  16.2119   0.0000   0.0000   0.0000
    5698  -0.9613   7.2978  16.4309   0.0000   0.0000   0.0000
    5699  -0.9815   7.1535  16.3361   0.0000   0.0000   0.0000
    5700  -1.4758   7.7563  17.0505   0.0000   0.0000   0.0000
    5701  -1.6683   7.7962  16.2462   0.0000   0.0000   0.0000
    5702  -0.1300   7.9431  15.5686   0.0000   0.0000   0.0000
    5703  -0.4139   7.6562  15.9722   0.0000   0.0000   0.0000
    5704  -0.3928   7.7190  15.4513   0.0000   0.0000   0.0000
    5705  -0.4962   7.8898  16.7200   0.0000   0.0000   0.0000
    5706  -0.9440   7.8360  16.4358   0.0000   0.0000   0.0000
    5707   0.6452   8.7196  16.6183   0.0000   0.0000   0.0000
    5708  -0.6741   7.8250  16.5608   0.0000   0.0000   0.0000
    5709  -0.1488   7.8049  16.4080   0.0000   0.0000   0.0000
    5710   0.3202   7.7220  16.2108   0.0000   0.0000   0.0000
    5711  -1.0592   7.9485  16.6381   0.0000   0.0000   0.0000
    5712  -2.2984   8.3305  17.1414   0.0000   0.0000   0.0000
    5713  -1.4362   8.6386  16.7135   0.0000   0.0000   0.0000
    5714  -1.3054   8.0808  17.0468   0.0000   0.0000   0.0000
    5715  -1.4372   8.1075  16.0410   0.0000   0.0000   0.0000
    5716  -1.3482   8.1144  16.2716   0.0000   0.0000   0.0000
    5717  -1.6103   8.2447  17.4186   0.0000   0.0000   0.0000
    5718  -0.9140   8.2547  17.1747   0.0000   0.0000   0.0000
    5719  -1.3818   7.9912  16.8931   0.0000   0.0000   0.0000
    5720  -0.7692   8.3487  17.7287   0.0000   0.0000   0.0000
    5721  -1.1314   8.5573  17.2179   0.0000   0.0000   0.0000
    5722  -1.4658   7.6583  16.9120   0.0000   0.0000   0.0000
    5723  -1.4326   8.1960  16.6109   0.0000   0.0000   0.0000
    5724  -1.6004   8.6220  17.4818   0.0000   0.0000   0.0000
    5725  -1.8010   8.1783  17.7208   0.0000   0.0000   0.0000
    5726  -0.6742   8.5090  17.5443   0.0000   0.0000   0.0000
    5727  -1.4918   8.5085  16.7486   0.0000   0.0000   0.0000
    5728  -1.2356   8.9680  16.7209   0.0000   0.0000   0.0000
    5729  -1.3829   7.9290  16.5861   0.0000   0.0000   0.0000
    5730  -0.9485   7.4474  16.3223   0.0000   0.0000   0.0000
    5731  -1.6948   7.6531  15.7907   0.0000   0.0000   0.0000
    5732  -1.6510   7.7759  15.9500   0.0000   0.0000   0.0000
    5733  -0.9399   7.6457  15.8990   0.0000   0.0000   0.0000
    5734  -1.0822   7.7486  16.7704   0.0000   0.0000   0.0000
    5735  -1.2740   8.0429  17.4455   0.0000   0.0000   0.0000
    5736  -0.5853   7.1917  16.5531   0.0000   0.0000   0.0000
    5737  -0.4354   8.0295  16.2935   0.0000   0.0000   0.0000
    5738  -0.9282   7.2562  16.3114   0.0000   0.0000   0.0000
    5739  -0.3657   7.5703  15.5575   0.0000   0.0000   0.0000
    5740  -0.6425   7.4764  16.1306   0.0000   0.0000   0.0000
    5741  -0.2826   7.5488  15.9419   0.0000   0.0000   0.0000
    5742   0.3285   7.3291  15.2437   0.0000   0.0000   0.0000
    5743  -0.3429   7.3110  16.1484   0.0000   0.0000   0.0000
    5744  -0.4443   7.6070  15.7215   0.0000   0.0000   0.0000
    5745   0.5036   8.2979  16.2724   0.0000   0.0000   0.0000
    5746   0.7986   7.9816  16.0173   0.0000   0.0000   0.0000
    5747   1.6461   7.8523  16.2960   0.0000   0.0000   0.0000
    5748   1.8135   7.0275  17.1197   0.0000   0.0000   0.0000
    5749   1.0950   8.3787  16.5913   0.0000   0.0000   0.0000
    5750   1.2176   7.9489  17.2136   0.0000   0.0000   0.0000
    5751   1.2361   8.1928  17.0868   0.0000   0.0000   0.0000
    5752   2.3611   7.6361  17.0390   0.0000   0.0000   0.0000
    5753   2.7059   6.6925  17.5045   0.0000   0.0000   0.0000
    5754   1.7869   6.8469  17.3604   0.0000   0.0000   0.0000
    5755   1.8563   7.3586  17.0889   0.0000   0.0000   0.0000
    5756   1.2505   7.6572  17.3944   0.0000   0.0000   0.0000
    5757   1.8036   7.5204  16.7948   0.0000   0.0000   0.0000
    5758   0.8259   7.4152  17.0798   0.0000   0.0000   0.0000
    5759   1.3046   7.5188  17.5737   0.0000   0.0000   0.0000
    5760   1.5232   7.8720  17.2295   0.0000   0.0000   0.0000
    5761  -0.0413   7.2469  16.6453   0.0000   0.0000   0.0000
    5762  -0.3442   7.3891  16.7888   0.0000   0.0000   0.0000
    5763  -0.7787   7.5003  17.3294   0.0000   0.0000   0.0000
    5764   0.0035   8.3511  16.6572   0.0000   0.0000   0.0000
    5765   0.6591   7.5359  16.8505   0.0000   0.0000   0.0000
    5766   0.5686   8.1187  17.3183   0.0000   0.0000   0.0000
    5767   1.0034   7.6483  16.3201   0.0000   0.0000   0.0000
    5768   0.9532   8.2061  16.5903   0.0000   0.0000   0.0000
    5769   0.1600   7.9901  16.9001   0.0000   0.0000   0.0000
    5770   0.4570   7.9441  17.2655   0.0000   0.0000   0.0000
    5771   0.6959   7.1362  17.3554   0.0000   0.0000   0.0000
    5772   0.6154   7.4476  17.2672   0.0000   0.0000   0.0000
    5773   0.0277   7.0742  18.6988   0.0000   0.0000   0.0000
    5774   0.2734   7.6045  17.7315   0.0000   0.0000   0.0000
    5775   0.8922   6.9027  17.7305   0.0000   0.0000   0.0000
    5776   0.7353   6.7650  17.5338   0.0000   0.0000   0.0000
    5777   1.3290   7.1474  17.5484   0.0000   0.0000   0.0000
    5778   0.6494   6.9616  16.9184   0.0000   0.0000   0.0000
    5779   0.6277   7.5284  17.2119   0.0000   0.0000   0.0000
    5780   0.5915   7.0920  18.3390   0.0000   0.0000   0.0000
    5781  -0.0694   6.8758  17.7855   0.0000   0.0000   0.0000
    5782  -0.0539   6.8208  17.5943   0.0000   0.0000   0.0000
    5783  -0.2839   7.1084  17.7088   0.0000   0.0000   0.0000
    5784   0.6074   7.3522  17.7397   0.0000   0.0000   0.0000
    5785   0.2282   7.5970  16.6594   0.0000   0.0000   0.0000
    5786   0.2514   7.3539  16.9280   0.0000   0.0000   0.0000
    5787   0.0492   7.4326  16.8691   0.0000   0.0000   0.0000
    5788   0.8805   7.8711  16.3565   0.0000   0.0000   0.0000
    5789   0.1117   7.6598  16.0869   0.0000   0.0000   0.0000
    5790   0.8468   7.2488  17.0353   0.0000   0.0000   0.0000
    5791   0.4262   7.0154  16.6969   0.0000   0.0000   0.0000
    5792   0.1058   7.8844  17.5915   0.0000   0.0000   0.0000
    5793   1.1311   8.4285  17.6540   0.0000   0.0000   0.0000
    5794   0.6185   7.7158  17.5981   0.0000   0.0000   0.0000
    5795   0.1065   7.9313  17.8383   0.0000   0.0000   0.0000
    5796   0.4003   7.7252  16.7014   0.0000   0.0000   0.0000
    5797   0.3570   6.9781  14.7812   0.0000   0.0000   0.0000
    5798   0.4791   8.1662  15.1805   0.0000   0.0000   0.0000
    5799   0.8460   7.2796  15.5648   0.0000   0.0000   0.0000
    5800  -0.5087   7.7171  16.1780   0.0000   0.0000   0.0000
    5801  -0.0748   8.1295  17.1654   0.0000   0.0000   0.0000
    5802   0.1173   8.2991  17.5947   0.0000   0.0000   0.0000
    5803   1.1823   6.9983  17.8104   0.0000   0.0000   0.0000
    5804   1.8961   9.0134  17.4729   0.0000   0.0000   0.0000
    5805   0.8544   7.3687  16.8277   0.0000   0.0000   0.0000
    5806   0.9477   6.7802  18.6116   0.0000   0.0000   0.0000
    5807  -0.4752   6.5093  17.0291   0.0000   0.0000   0.0000
    5808  -0.5495   7.8706  16.9474   0.0000   0.0000   0.0000
    5809   0.2545   6.9794  17.1133   0.0000   0.0000   0.0000
    5810   0.2582   6.8839  16.6827   0.0000   0.0000   0.0000
    5811   0.3641   7.8191  16.8167   0.0000   0.0000   0.0000
    5812   0.8446   7.5919  17.1373   0.0000   0.0000   0.0000
    5813  -0.3850   8.1645  16.1507   0.0000   0.0000   0.0000
    5814  -0.6607   7.5350  16.7231   0.0000   0.0000   0.0000
    5815   0.2007   7.1635  16.7243   0.0000   0.0000   0.0000
    5816  -0.5533   7.5061  17.0337   0.0000   0.0000   0.0000
    5817   0.4635   7.0455  16.9953   0.0000   0.0000   0.0000
    5818  -0.1009   8.6377  17.1381   0.0000   0.0000   0.0000
    5819  -0.7415   6.7262  16.7351   0.0000   0.0000   0.0000
    5820  -0.5008   7.5186  16.1764   0.0000   0.0000   0.0000
    5821   0.3270   7.8744  16.2413   0.0000   0.0000   0.0000
    5822  -0.3137   7.6286  16.4379   0.0000   0.0000   0.0000
    5823  -0.0136   6.4862  17.4540   0.0000   0.0000   0.0000
    5824  -0.7259   7.2153  18.4677   0.0000   0.0000   0.0000
    5825  -0.3793   6.5163  18.8735   0.0000   0.0000   0.0000
    5826  -1.6914   6.9580  19.0841   0.0000   0.0000   0.0000
    5827  -1.8155   7.3441  18.7857   0.0000   0.0000   0.0000
    5828  -0.5702   7.4224  18.0420   0.0000   0.0000   0.0000
    5829  -0.2287   6.8518  18.0236   0.0000   0.0000   0.0000
    5830  -0.4190   6.4910  19.6233   0.0000   0.0000   0.0000
    5831  -1.0503   6.7025  18.2716   0.0000   0.0000   0.0000
    5832   0.2725   7.1698  17.8908   0.0000   0.0000   0.0000
    5833  -0.3666   7.0680  18.4618   0.0000   0.0000   0.0000
    5834  -0.1110   7.4847  18.1624   0.0000   0.0000   0.0000
    5835  -0.3941   6.1365  18.0650   0.0000   0.0000   0.0000
    5836  -0.3717   5.8831  17.9137   0.0000   0.0000   0.0000
    5837  -0.1643   6.0527  17.3791   0.0000   0.0000   0.0000
    5838  -1.5952   5.9406  17.5694   0.0000   0.0000   0.0000
    5839  -0.2770   6.2823  17.7627   0.0000   0.0000   0.0000
    5840  -0.6338   5.4861  17.6061   0.0000   0.0000   0.0000
    5841  -1.1049   6.6656  16.3407   0.0000   0.0000   0.0000
    5842  -0.4361   6.0189  16.8595   0.0000   0.0000   0.0000
    5843  -0.8347   6.2558  17.6692   0.0000   0.0000   0.0000
    5844  -0.9298   6.4392  17.3812   0.0000   0.0000   0.0000
    5845  -0.1284   5.8950  17.7836   0.0000   0.0000   0.0000
    5846  -1.1973   5.7967  17.6356   0.0000   0.0000   0.0000
    5847  -0.6840   6.3441  17.8653   0.0000   0.0000   0.0000
    5848  -0.2109   5.9412  17.6892   0.0000   0.0000   0.0000
    5849   0.2588   6.3851  17.2196   0.0000   0.0000   0.0000
    5850   0.6118   6.4273  16.8002   0.0000   0.0000   0.0000
    5851  -0.0247   6.7119  17.6994   0.0000   0.0000   0.0000
    5852  -0.1337   7.1282  17.3588   0.0000   0.0000   0.0000
    5853   0.1335   7.1609  16.8983   0.0000   0.0000   0.0000
    5854   0.1872   6.5965  18.2477   0.0000   0.0000   0.0000
    5855   0.2736   6.6577  17.3423   0.0000   0.0000   0.0000
    5856   0.2815   6.0627  17.1428   0.0000   0.0000   0.0000
    5857  -0.2265   5.6897  18.6020   0.0000   0.0000   0.0000
    5858  -0.2943   6.6561  17.8453   0.0000   0.0000   0.0000
    5859   0.0311   6.2762  17.8529   0.0000   0.0000   0.0000
    5860  -0.2571   5.3974  18.0673   0.0000   0.0000   0.0000
    5861   0.5511   5.9788  17.9828   0.0000   0.0000   0.0000
    5862  -0.4575   6.0325  16.7647   0.0000   0.0000   0.0000
    5863  -0.1319   5.7139  17.4939   0.0000   0.0000   0.0000
    5864   0.3381   6.1820  17.3101   0.0000   0.0000   0.0000
    5865   0.0438   6.2250  17.3644   0.0000   0.0000   0.0000
    5866  -0.0767   6.3060  17.9175   0.0000   0.0000   0.0000
    5867  -0.0955   6.8623  17.5012   0.0000   0.0000   0.0000
    5868  -0.7173   6.5677  17.5695   0.0000   0.0000   0.0000
    5869   0.5011   6.3897  18.3767   0.0000   0.0000   0.0000
    5870   0.8937   7.2239  17.7418   0.0000   0.0000   0.0000
    5871   0.3206   6.1999  17.8701   0.0000   0.0000   0.0000
    5872   0.6222   6.2469  17.8268   0.0000   0.0000   0.0000
    5873   0.3868   5.9502  17.8451   0.0000   0.0000   0.0000
    5874   0.9005   7.4998  17.8402   0.0000   0.0000   0.0000
    5875   0.6038   6.0024  17.6660   0.0000   0.0000   0.0000
    5876   1.2549   7.2975  17.4270   0.0000   0.0000   0.0000
    5877   1.0498   7.1061  16.7956   0.0000   0.0000   0.0000
    5878   0.2370   7.7399  17.8797   0.0000   0.0000   0.0000
    5879   1.3023   7.9516  18.2753   0.0000   0.0000   0.0000
    5880   0.9229   6.9643  17.9797   0.0000   0.0000   0.0000
    5881   0.6393   7.9858  18.0131   0.0000   0.0000   0.0000
    5882  -0.4009   6.5965  18.0401   0.0000   0.0000   0.0000
    5883  -0.4174   7.8829  17.0155   0.0000   0.0000   0.0000
    5884   0.1172   7.7054  17.2508   0.0000   0.0000   0.0000
    5885  -0.2484   7.7291  17.3497   0.0000   0.0000   0.0000
    5886  -0.8891   8.5346  17.3244   0.0000   0.0000   0.0000
    5887  -0.6352   7.6559  16.7777   0.0000   0.0000   0.0000
    5888  -0.3102   7.4679  16.3416   0.0000   0.0000   0.0000
    5889  -0.4172   7.1476  17.0547   0.0000   0.0000   0.0000
    5890  -0.3096   6.9357  18.3707   0.0000   0.0000   0.0000
    5891  -0.3175   8.0446  17.9451   0.0000   0.0000   0.0000
    5892  -0.6536   6.6385  17.5178   0.0000   0.0000   0.0000
    5893  -0.7979   6.6589  16.3167   0.0000   0.0000   0.0000
    5894  -0.2780   6.9707  16.1574   0.0000   0.0000   0.0000
    5895  -0.1175   6.6150  16.5570   0.0000   0.0000   0.0000
    5896  -0.2175   7.3711  16.2967   0.0000   0.0000   0.0000
    5897   0.5871   7.1423  15.8009   0.0000   0.0000   0.0000
    5898   0.8822   7.1001  16.6231   0.0000   0.0000   0.0000
    5899  -0.0080   6.3737  15.3239   0.0000   0.0000   0.0000
    5900   0.5254   7.6347  14.8814   0.0000   0.0000   0.0000
    5901   0.0882   7.4748  15.3370   0.0000   0.0000   0.0000
    5902   0.0155   6.7006  15.1600   0.0000   0.0000   0.0000
    5903   0.1488   8.1991  15.7959   0.0000   0.0000   0.0000
    5904  -1.4319   8.1358  15.9808   0.0000   0.0000   0.0000
    5905  -0.6116   7.8330  15.7098   0.0000   0.0000   0.0000
    5906   1.0108   7.9852  15.7384   0.0000   0.0000   0.0000
    5907   0.2523   7.8507  16.4420   0.0000   0.0000   0.0000
    5908  -0.6788   9.0215  14.9883   0.0000   0.0000   0.0000
    5909  -0.3961   8.5686  15.5707   0.0000   0.0000   0.0000
    5910  -1.3344   8.4814  15.3993   0.0000   0.0000   0.0000
    5911   0.3971   7.6510  15.4203   0.0000   0.0000   0.0000
    5912   0.5726   9.0972  15.6186   0.0000   0.0000   0.0000
    5913   0.3583   7.5637  16.0597   0.0000   0.0000   0.0000
    5914  -0.1486   7.8107  16.4931   0.0000   0.0000   0.0000
    5915  -0.3781   7.7913  15.8212   0.0000   0.0000   0.0000
    5916  -1.9715   8.7922  15.2372   0.0000   0.0000   0.0000
    5917  -1.9659   8.0983  14.6662   0.0000   0.0000   0.0000
    5918  -1.5373   7.4420  15.4717   0.0000   0.0000   0.0000
    5919  -1.7585   7.8129  15.3481   0.0000   0.0000   0.0000
    5920  -1.5891   7.6732  15.1085   0.0000   0.0000   0.0000
    5921  -1.8098   7.4264  14.9441   0.0000   0.0000   0.0000
    5922  -1.5290   7.6311  14.3943   0.0000   0.0000   0.0000
    5923  -1.7762   7.8355  14.7783   0.0000   0.0000   0.0000
    5924  -1.9416   7.2241  14.7659   0.0000   0.0000   0.0000
    5925  -1.2858   7.6188  15.5038   0.0000   0.0000   0.0000
    5926  -1.4281   7.3477  14.7186   0.0000   0.0000   0.0000
    5927  -1.6523   7.6754  14.6917   0.0000   0.0000   0.0000
    5928  -1.5804   7.0001  13.4698   0.0000   0.0000   0.0000
    5929  -0.7185   8.2589  14.8038   0.0000   0.0000   0.0000
    5930  -1.1925   7.6339  15.0738   0.0000   0.0000   0.0000
    5931  -0.9840   8.4047  15.4894   0.0000   0.0000   0.0000
    5932  -0.0577   8.2492  14.9388   0.0000   0.0000   0.0000
    5933  -0.8248   8.1238  15.1446   0.0000   0.0000   0.0000
    5934  -0.6800   8.0565  15.2089   0.0000   0.0000   0.0000
    5935  -1.0248   7.8752  15.0383   0.0000   0.0000   0.0000
    5936  -0.8516   8.1969  15.1926   0.0000   0.0000   0.0000
    5937  -0.9211   8.4569  15.2562   0.0000   0.0000   0.0000
    5938  -1.2202   8.5707  14.9411   0.0000   0.0000   0.0000
    5939  -1.3936   8.1826  15.6471   0.0000   0.0000   0.0000
    5940  -1.0336   8.3942  15.1608   0.0000   0.0000   0.0000
    5941  -1.1178   8.2370  15.4187   0.0000   0.0000   0.0000
    5942  -1.1468   7.8327  15.1995   0.0000   0.0000   0.0000
    5943  -0.5079   7.6380  14.8056   0.0000   0.0000   0.0000
    5944  -0.0851   7.5843  15.2452   0.0000   0.0000   0.0000
    5945  -0.8183   7.7416  16.0761   0.0000   0.0000   0.0000
    5946  -1.1999   8.2621  15.8407   0.0000   0.0000   0.0000
    5947  -0.1627   8.3561  15.8421   0.0000   0.0000   0.0000
    5948  -0.3654   8.1585  15.3665   0.0000   0.0000   0.0000
    5949  -1.2391   7.8331  15.5123   0.0000   0.0000   0.0000
    5950  -1.0412   8.4521  15.6688   0.0000   0.0000   0.0000
    5951  -0.9469   6.7159  16.2693   0.0000   0.0000   0.0000
    5952  -1.0685   8.0775  15.7373   0.0000   0.0000   0.0000
    5953  -0.9112   7.9014  15.9740   0.0000   0.0000   0.0000
    5954  -0.7169   8.0052  15.5968   0.0000   0.0000   0.0000
    5955  -1.4371   7.6218  15.4190   0.0000   0.0000   0.0000
    5956  -1.0133   7.2271  15.8441   0.0000   0.0000   0.0000
    5957  -0.4718   6.8988  16.1725   0.0000   0.0000   0.0000
    5958  -0.3071   7.1689  16.3753   0.0000   0.0000   0.0000
    5959  -0.2825   6.6365  16.4128   0.0000   0.0000   0.0000
    5960  -0.6295   7.5423  16.8681   0.0000   0.0000   0.0000
    5961  -0.6274   7.6589  16.4738   0.0000   0.0000   0.0000
    5962  -1.1993   7.3896  16.8556   0.0000   0.0000   0.0000
    5963  -0.1722   8.1829  16.8244   0.0000   0.0000   0.0000
    5964  -0.6963   7.1427  16.3332   0.0000   0.0000   0.0000
    5965  -0.7435   7.4246  16.1480   0.0000   0.0000   0.0000
    5966  -0.4932   6.9171  16.2911   0.0000   0.0000   0.0000
    5967   0.0055   6.8324  16.4865   0.0000   0.0000   0.0000
    5968  -1.4226   7.7768  16.2025   0.0000   0.0000   0.0000
    5969  -1.0278   7.1621  16.3509   0.0000   0.0000   0.0000
    5970  -0.6350   7.0927  15.7395   0.0000   0.0000   0.0000
    5971  -0.0814   7.2452  15.9136   0.0000   0.0000   0.0000
    5972  -0.9866   6.8307  15.4001   0.0000   0.0000   0.0000
    5973  -1.2479   6.6518  14.8551   0.0000   0.0000   0.0000
    5974  -1.9084   7.4223  16.0917   0.0000   0.0000   0.0000
    5975  -1.4147   7.3841  15.7255   0.0000   0.0000   0.0000
    5976  -0.9520   7.1335  15.6878   0.0000   0.0000   0.0000
    5977  -0.9425   7.8783  16.7949   0.0000   0.0000   0.0000
    5978  -0.7562   7.9225  15.9654   0.0000   0.0000   0.0000
    5979  -2.0997   7.6344  15.3107   0.0000   0.0000   0.0000
    5980  -1.4771   7.2244  16.1436   0.0000   0.0000   0.0000
    5981  -1.6052   7.0345  15.3196   0.0000   0.0000   0.0000
    5982  -0.6306   6.7170  16.0625   0.0000   0.0000   0.0000
    5983  -1.4151   7.0985  15.2401   0.0000   0.0000   0.0000
    5984  -1.2622   6.9883  15.3619   0.0000   0.0000   0.0000
    5985  -1.7108   6.2925  16.0381   0.0000   0.0000   0.0000
    5986  -0.5928   6.6540  16.1231   0.0000   0.0000   0.0000
    5987  -0.1337   6.0514  15.7615   0.0000   0.0000   0.0000
    5988  -0.9054   6.7456  15.4084   0.0000   0.0000   0.0000
    5989  -0.9780   7.5216  15.1646   0.0000   0.0000   0.0000
    5990  -0.5588   7.2710  15.3292   0.0000   0.0000   0.0000
    5991  -0.9060   6.6144  15.2192   0.0000   0.0000   0.0000
    5992  -0.5021   6.4045  15.5681   0.0000   0.0000   0.0000
    5993  -0.8809   6.7643  14.9904   0.0000   0.0000   0.0000
    5994  -1.3911   5.9614  15.7203   0.0000   0.0000   0.0000
    5995  -1.5211   6.2922  16.5430   0.0000   0.0000   0.0000
    5996  -1.8141   6.0863  16.3422   0.0000   0.0000   0.0000
    5997  -1.0909   6.4961  16.8350   0.0000   0.0000   0.0000
    5998  -0.5695   6.3507  16.5825   0.0000   0.0000   0.0000
    5999  -0.8706   7.1344  16.6642   0.0000   0.0000   0.0000
    6000  -1.5419   7.7278  16.0023   0.0000   0.0000   0.0000
