#Frame                                                     D36
       1  -1.9396   4.5066  12.4432   0.0000   0.0000   0.0000
       2  -2.1141   3.7080  12.3366   0.0000   0.0000   0.0000
       3  -1.3501   4.8572  11.9191   0.0000   0.0000   0.0000
       4  -1.4912   4.3418  11.8208   0.0000   0.0000   0.0000
       5  -1.2773   3.6134  12.0883   0.0000   0.0000   0.0000
       6  -1.2639   4.1882  11.9999   0.0000   0.0000   0.0000
       7  -0.5895   4.0894  11.4642   0.0000   0.0000   0.0000
       8  -1.4060   3.8981  10.3074   0.0000   0.0000   0.0000
       9  -1.2448   3.5916  11.0540   0.0000   0.0000   0.0000
      10  -0.2589   4.6871  10.9380   0.0000   0.0000   0.0000
      11  -0.0619   4.8666  11.1814   0.0000   0.0000   0.0000
      12  -1.6787   4.1583  10.9430   0.0000   0.0000   0.0000
      13  -0.1970   4.6797  11.2729   0.0000   0.0000   0.0000
      14  -0.3434   4.6126  11.5050   0.0000   0.0000   0.0000
      15  -0.5847   4.4253  11.6506   0.0000   0.0000   0.0000
      16  -1.6704   3.7117  11.0746   0.0000   0.0000   0.0000
      17  -1.1249   4.2885  11.0287   0.0000   0.0000   0.0000
      18  -0.7536   4.4307  10.8333   0.0000   0.0000   0.0000
      19   0.2809   3.9153  10.2101   0.0000   0.0000   0.0000
      20   0.3129   4.2015  10.6946   0.0000   0.0000   0.0000
      21  -0.2575   4.3909  10.8172   0.0000   0.0000   0.0000
      22  -0.6169   4.3670  10.8884   0.0000   0.0000   0.0000
      23  -0.1769   4.8317  10.9199   0.0000   0.0000   0.0000
      24  -1.2513   4.4622  10.9521   0.0000   0.0000   0.0000
      25  -0.8555   4.8220  11.2042   0.0000   0.0000   0.0000
      26  -0.9884   4.8017  11.1070   0.0000   0.0000   0.0000
      27  -1.0886   4.4527  10.9237   0.0000   0.0000   0.0000
      28  -0.4006   4.3388  10.7735   0.0000   0.0000   0.0000
      29   0.0433   4.2893  11.6718   0.0000   0.0000   0.0000
      30  -0.5040   4.9620  11.8235   0.0000   0.0000   0.0000
      31  -0.4129   4.3971  12.6118   0.0000   0.0000   0.0000
      32   0.7985   4.9117  12.0278   0.0000   0.0000   0.0000
      33   0.2450   5.7784  11.6499   0.0000   0.0000   0.0000
      34   0.1303   5.1910  11.8629   0.0000   0.0000   0.0000
      35  -0.0797   5.2111  12.1409   0.0000   0.0000   0.0000
      36  -0.0665   4.6679  10.9552   0.0000   0.0000   0.0000
      37  -0.5145   5.3508  10.9544   0.0000   0.0000   0.0000
      38  -0.2806   5.0270  11.0507   0.0000   0.0000   0.0000
      39  -0.1308   5.0184  10.7031   0.0000   0.0000   0.0000
      40  -0.4224   4.9713  11.4226   0.0000   0.0000   0.0000
      41  -0.6000   4.9504  11.1466   0.0000   0.0000   0.0000
      42  -0.1322   4.6029  11.7928   0.0000   0.0000   0.0000
      43  -0.9613   4.1306  11.1175   0.0000   0.0000   0.0000
      44  -1.5705   4.1400  11.5250   0.0000   0.0000   0.0000
      45  -1.4478   4.0038  11.4713   0.0000   0.0000   0.0000
      46  -0.8129   3.2668  12.0747   0.0000   0.0000   0.0000
      47  -1.4064   3.3297  11.9667   0.0000   0.0000   0.0000
      48  -1.0362   4.1623  11.8353   0.0000   0.0000   0.0000
      49  -0.7566   3.7610  11.7205   0.0000   0.0000   0.0000
      50  -1.0587   3.6552  11.9867   0.0000   0.0000   0.0000
      51  -0.0765   4.0106  12.2289   0.0000   0.0000   0.0000
      52  -0.4879   4.3353  12.2210   0.0000   0.0000   0.0000
      53  -0.4142   4.1878  12.6034   0.0000   0.0000   0.0000
      54  -0.7523   4.3967  12.8258   0.0000   0.0000   0.0000
      55  -0.9721   4.2423  12.5219   0.0000   0.0000   0.0000
      56  -0.1038   4.1753  12.5445   0.0000   0.0000   0.0000
      57  -0.2524   4.4274  13.2353   0.0000   0.0000   0.0000
      58   0.2288   3.4687  13.1225   0.0000   0.0000   0.0000
      59   0.3493   3.8697  12.8773   0.0000   0.0000   0.0000
      60  -0.6831   4.4354  12.8212   0.0000   0.0000   0.0000
      61  -0.0915   3.1697  13.0061   0.0000   0.0000   0.0000
      62   0.2188   3.3022  12.5226   0.0000   0.0000   0.0000
      63   0.3045   4.0906  12.3401   0.0000   0.0000   0.0000
      64   0.2448   2.8044  12.1489   0.0000   0.0000   0.0000
      65   0.4981   2.7772  11.8012   0.0000   0.0000   0.0000
      66   0.0012   3.2135  11.9803   0.0000   0.0000   0.0000
      67  -0.3269   3.0884  12.4648   0.0000   0.0000   0.0000
      68  -1.1972   2.7790  13.1595   0.0000   0.0000   0.0000
      69  -0.4373   2.3325  13.4897   0.0000   0.0000   0.0000
      70  -0.8182   3.2153  12.7216   0.0000   0.0000   0.0000
      71  -0.2211   3.1549  13.0395   0.0000   0.0000   0.0000
      72  -0.6849   3.6442  12.9231   0.0000   0.0000   0.0000
      73   0.1912   3.0066  13.0118   0.0000   0.0000   0.0000
      74  -0.0320   2.9949  13.3679   0.0000   0.0000   0.0000
      75   0.5298   2.4623  14.6017   0.0000   0.0000   0.0000
      76   0.0796   3.7955  14.2005   0.0000   0.0000   0.0000
      77  -0.0875   3.3547  14.2512   0.0000   0.0000   0.0000
      78  -0.6434   3.1207  13.7437   0.0000   0.0000   0.0000
      79   0.1323   3.1307  13.5420   0.0000   0.0000   0.0000
      80  -0.9741   3.3806  13.9865   0.0000   0.0000   0.0000
      81  -0.5102   3.5515  13.6064   0.0000   0.0000   0.0000
      82  -0.9593   3.2229  14.4001   0.0000   0.0000   0.0000
      83  -1.0472   2.8333  13.6873   0.0000   0.0000   0.0000
      84  -0.8785   3.0095  13.9390   0.0000   0.0000   0.0000
      85   0.1886   3.3721  14.3109   0.0000   0.0000   0.0000
      86   0.0052   2.5633  13.3515   0.0000   0.0000   0.0000
      87  -1.2155   2.2369  13.2184   0.0000   0.0000   0.0000
      88  -1.0340   3.0539  12.9748   0.0000   0.0000   0.0000
      89  -0.7499   2.9897  13.1188   0.0000   0.0000   0.0000
      90  -0.6423   2.6605  13.1741   0.0000   0.0000   0.0000
      91  -0.7418   3.1764  12.7801   0.0000   0.0000   0.0000
      92  -0.8002   2.7828  12.3012   0.0000   0.0000   0.0000
      93   0.0021   2.6092  12.9360   0.0000   0.0000   0.0000
      94  -0.1280   3.6774  13.8177   0.0000   0.0000   0.0000
      95  -0.1483   2.8675  14.3199   0.0000   0.0000   0.0000
      96  -1.2733   3.0591  13.5662   0.0000   0.0000   0.0000
      97  -1.6510   2.5111  13.4319   0.0000   0.0000   0.0000
      98  -1.5832   3.8187  13.2914   0.0000   0.0000   0.0000
      99  -1.3892   2.8380  13.0022   0.0000   0.0000   0.0000
     100  -1.0116   3.5234  13.7719   0.0000   0.0000   0.0000
     101  -0.8231   3.1473  13.3169   0.0000   0.0000   0.0000
     102  -0.3734   3.3475  13.6592   0.0000   0.0000   0.0000
     103  -1.4244   3.8489  13.7966   0.0000   0.0000   0.0000
     104  -0.1317   3.7021  13.2800   0.0000   0.0000   0.0000
     105  -0.0929   3.6849  13.6287   0.0000   0.0000   0.0000
     106  -0.3172   3.5156  13.8898   0.0000   0.0000   0.0000
     107   0.5416   4.1110  13.8171   0.0000   0.0000   0.0000
     108   0.2109   4.5787  13.5865   0.0000   0.0000   0.0000
     109  -0.2186   4.2301  13.9893   0.0000   0.0000   0.0000
     110  -0.0886   3.9579  13.7516   0.0000   0.0000   0.0000
     111   1.0651   3.9351  13.9920   0.0000   0.0000   0.0000
     112   0.2863   3.8533  13.7281   0.0000   0.0000   0.0000
     113   0.3244   3.1210  13.2056   0.0000   0.0000   0.0000
     114   0.1039   3.7848  13.6951   0.0000   0.0000   0.0000
     115   0.5792   2.9928  13.9304   0.0000   0.0000   0.0000
     116   0.3057   3.6050  13.1353   0.0000   0.0000   0.0000
     117   0.8214   3.0736  14.3115   0.0000   0.0000   0.0000
     118   0.2930   2.8468  13.7172   0.0000   0.0000   0.0000
     119   0.8219   2.9972  13.0273   0.0000   0.0000   0.0000
     120   0.1690   3.0802  13.4754   0.0000   0.0000   0.0000
     121   0.1877   2.9456  13.5273   0.0000   0.0000   0.0000
     122   0.1346   2.6715  13.5581   0.0000   0.0000   0.0000
     123   0.2632   3.3767  13.7478   0.0000   0.0000   0.0000
     124   0.3470   3.8991  13.8860   0.0000   0.0000   0.0000
     125  -0.5494   3.3624  13.6664   0.0000   0.0000   0.0000
     126   1.0531   3.1085  13.6417   0.0000   0.0000   0.0000
     127   0.8283   3.0407  13.0471   0.0000   0.0000   0.0000
     128   0.4856   3.0037  12.6334   0.0000   0.0000   0.0000
     129   0.3448   2.2938  12.8401   0.0000   0.0000   0.0000
     130   0.6643   3.3016  12.7167   0.0000   0.0000   0.0000
     131   1.2077   2.5814  12.8295   0.0000   0.0000   0.0000
     132   1.2964   2.5838  12.6616   0.0000   0.0000   0.0000
     133   0.5164   2.1036  13.4914   0.0000   0.0000   0.0000
     134   0.8555   2.4346  13.1171   0.0000   0.0000   0.0000
     135   1.2417   2.5824  13.2677   0.0000   0.0000   0.0000
     136   0.4590   2.0773  12.6616   0.0000   0.0000   0.0000
     137   0.2136   2.3725  12.3158   0.0000   0.0000   0.0000
     138   0.1870   2.4492  12.4284   0.0000   0.0000   0.0000
     139   0.0967   2.8465  12.6832   0.0000   0.0000   0.0000
     140   0.8237   3.3610  13.7391   0.0000   0.0000   0.0000
     141   0.7489   2.8289  13.0800   0.0000   0.0000   0.0000
     142   0.8004   2.2819  13.5129   0.0000   0.0000   0.0000
     143   0.7109   2.0109  14.0165   0.0000   0.0000   0.0000
     144  -0.0013   2.2579  13.1801   0.0000   0.0000   0.0000
     145   1.0299   2.3783  14.1768   0.0000   0.0000   0.0000
     146   0.4530   2.7471  13.9906   0.0000   0.0000   0.0000
     147   0.0515   2.7994  14.0275   0.0000   0.0000   0.0000
     148   0.4622   3.3878  13.7534   0.0000   0.0000   0.0000
     149   0.5309   3.2232  13.5663   0.0000   0.0000   0.0000
     150   0.7965   3.4000  14.5646   0.0000   0.0000   0.0000
     151   0.9982   3.0139  14.4215   0.0000   0.0000   0.0000
     152   0.7363   2.9035  14.4047   0.0000   0.0000   0.0000
     153   1.0646   3.0846  15.1118   0.0000   0.0000   0.0000
     154   1.2080   3.4650  14.5472   0.0000   0.0000   0.0000
     155   1.5409   3.5056  14.5701   0.0000   0.0000   0.0000
     156   0.4011   3.2877  15.5472   0.0000   0.0000   0.0000
     157   1.3001   3.9227  14.6716   0.0000   0.0000   0.0000
     158   0.7427   3.6787  15.0894   0.0000   0.0000   0.0000
     159   0.1955   3.2261  15.4875   0.0000   0.0000   0.0000
     160   0.2641   2.9547  15.2717   0.0000   0.0000   0.0000
     161  -0.0852   2.3772  15.9678   0.0000   0.0000   0.0000
     162   0.3502   2.6133  15.9440   0.0000   0.0000   0.0000
     163   0.8245   3.1289  14.9245   0.0000   0.0000   0.0000
     164   0.8549   3.0584  15.5073   0.0000   0.0000   0.0000
     165   0.7247   2.9036  14.9838   0.0000   0.0000   0.0000
     166   1.0486   2.6800  14.2161   0.0000   0.0000   0.0000
     167   0.5884   2.0418  14.6757   0.0000   0.0000   0.0000
     168   1.0377   2.8633  14.7488   0.0000   0.0000   0.0000
     169   1.0704   3.4748  14.2806   0.0000   0.0000   0.0000
     170   0.4292   2.4205  14.1790   0.0000   0.0000   0.0000
     171   0.9281   3.0884  14.6989   0.0000   0.0000   0.0000
     172   0.8820   2.8461  14.4477   0.0000   0.0000   0.0000
     173   0.8196   2.1875  14.6142   0.0000   0.0000   0.0000
     174   0.7169   2.2959  15.1529   0.0000   0.0000   0.0000
     175   0.4347   2.4151  15.1388   0.0000   0.0000   0.0000
     176   0.4914   2.6287  14.9706   0.0000   0.0000   0.0000
     177   1.3518   2.9052  15.0134   0.0000   0.0000   0.0000
     178   0.4433   2.1579  14.6378   0.0000   0.0000   0.0000
     179   1.1104   2.4912  14.9756   0.0000   0.0000   0.0000
     180  -0.0010   3.1127  14.5175   0.0000   0.0000   0.0000
     181   0.3970   1.8053  13.8588   0.0000   0.0000   0.0000
     182   1.3771   2.7800  13.8526   0.0000   0.0000   0.0000
     183   1.1236   2.2739  13.8619   0.0000   0.0000   0.0000
     184   1.0560   2.4711  14.2682   0.0000   0.0000   0.0000
     185   0.6401   2.7794  14.0610   0.0000   0.0000   0.0000
     186   0.3011   2.5446  13.5955   0.0000   0.0000   0.0000
     187   1.2974   1.8684  14.0484   0.0000   0.0000   0.0000
     188   0.7715   2.0064  13.5111   0.0000   0.0000   0.0000
     189   0.3701   2.0429  14.3668   0.0000   0.0000   0.0000
     190   0.2742   2.4825  13.3784   0.0000   0.0000   0.0000
     191   0.0595   2.1301  12.9908   0.0000   0.0000   0.0000
     192   0.6812   1.8774  13.4893   0.0000   0.0000   0.0000
     193   0.1907   2.3179  13.7020   0.0000   0.0000   0.0000
     194   0.4194   2.7209  13.7563   0.0000   0.0000   0.0000
     195   0.4448   1.8310  13.3592   0.0000   0.0000   0.0000
     196   1.0123   2.2767  13.0684   0.0000   0.0000   0.0000
     197   0.4882   2.9584  13.4611   0.0000   0.0000   0.0000
     198   0.4104   2.9990  13.2977   0.0000   0.0000   0.0000
     199   0.7560   4.0346  14.0004   0.0000   0.0000   0.0000
     200   0.5412   3.8816  13.7167   0.0000   0.0000   0.0000
     201  -0.2411   3.8706  13.7446   0.0000   0.0000   0.0000
     202   0.3027   4.0047  13.7584   0.0000   0.0000   0.0000
     203  -0.2022   3.2244  13.6540   0.0000   0.0000   0.0000
     204   0.5402   3.7284  13.9148   0.0000   0.0000   0.0000
     205   0.1517   2.9144  13.4042   0.0000   0.0000   0.0000
     206  -0.1524   2.4767  13.6738   0.0000   0.0000   0.0000
     207  -0.4482   3.5366  13.8044   0.0000   0.0000   0.0000
     208   0.1272   2.6611  13.9435   0.0000   0.0000   0.0000
     209  -0.6444   3.4681  13.5078   0.0000   0.0000   0.0000
     210  -0.5222   3.5612  12.8206   0.0000   0.0000   0.0000
     211  -0.6201   3.4487  13.0200   0.0000   0.0000   0.0000
     212   0.3734   2.5292  12.9099   0.0000   0.0000   0.0000
     213   0.0926   2.5729  13.1879   0.0000   0.0000   0.0000
     214  -0.4464   3.1371  13.6026   0.0000   0.0000   0.0000
     215  -0.4474   3.4304  13.4396   0.0000   0.0000   0.0000
     216  -0.2257   3.4143  13.4984   0.0000   0.0000   0.0000
     217  -1.0359   3.6185  13.7834   0.0000   0.0000   0.0000
     218  -0.6692   3.6555  13.9207   0.0000   0.0000   0.0000
     219  -0.9409   3.7647  13.8017   0.0000   0.0000   0.0000
     220  -0.8423   3.8231  13.9851   0.0000   0.0000   0.0000
     221  -0.5319   4.1873  14.5331   0.0000   0.0000   0.0000
     222  -0.8245   3.4379  14.3184   0.0000   0.0000   0.0000
     223  -1.3936   3.7782  14.2068   0.0000   0.0000   0.0000
     224  -0.6257   4.1681  14.5043   0.0000   0.0000   0.0000
     225  -0.2872   3.6920  15.2201   0.0000   0.0000   0.0000
     226   0.0229   3.9353  14.9115   0.0000   0.0000   0.0000
     227   0.7538   4.0439  14.7068   0.0000   0.0000   0.0000
     228   0.0351   3.6664  14.9346   0.0000   0.0000   0.0000
     229  -0.0982   3.8435  15.5650   0.0000   0.0000   0.0000
     230  -0.8657   4.0254  14.4994   0.0000   0.0000   0.0000
     231  -0.6787   3.3967  14.7066   0.0000   0.0000   0.0000
     232  -0.0091   4.3688  13.8017   0.0000   0.0000   0.0000
     233  -0.9793   3.8254  14.7369   0.0000   0.0000   0.0000
     234  -0.5338   4.0549  14.6656   0.0000   0.0000   0.0000
     235  -0.4435   3.6623  14.8139   0.0000   0.0000   0.0000
     236  -0.5234   3.4539  15.1016   0.0000   0.0000   0.0000
     237  -0.2328   4.3447  15.3595   0.0000   0.0000   0.0000
     238   0.9307   4.3528  14.7066   0.0000   0.0000   0.0000
     239   0.1490   3.9197  14.3434   0.0000   0.0000   0.0000
     240   0.2740   3.6130  14.1431   0.0000   0.0000   0.0000
     241   0.4581   3.7864  13.8376   0.0000   0.0000   0.0000
     242   0.2351   3.3612  14.3935   0.0000   0.0000   0.0000
     243  -0.2999   3.5131  14.5369   0.0000   0.0000   0.0000
     244   0.1687   4.1222  14.5978   0.0000   0.0000   0.0000
     245   1.2456   3.3178  14.5387   0.0000   0.0000   0.0000
     246   1.2272   3.7126  14.1697   0.0000   0.0000   0.0000
     247   0.5679   4.7053  14.5843   0.0000   0.0000   0.0000
     248   0.5801   3.1167  14.4963   0.0000   0.0000   0.0000
     249   1.9170   3.4288  13.6650   0.0000   0.0000   0.0000
     250   1.9913   2.9588  14.5886   0.0000   0.0000   0.0000
     251  -0.2722   7.1236  15.1254   0.0000   0.0000   0.0000
     252  -0.3438   6.9953  15.8429   0.0000   0.0000   0.0000
     253   0.0383   7.5530  15.3479   0.0000   0.0000   0.0000
     254  -0.1139   7.3534  15.7029   0.0000   0.0000   0.0000
     255  -0.0099   7.9158  15.5758   0.0000   0.0000   0.0000
     256   0.2352   7.6176  14.2920   0.0000   0.0000   0.0000
     257   1.0270   7.8070  15.7856   0.0000   0.0000   0.0000
     258   0.4630   7.6840  16.0779   0.0000   0.0000   0.0000
     259   1.1520   7.6796  15.0811   0.0000   0.0000   0.0000
     260   0.5815   7.7454  15.6522   0.0000   0.0000   0.0000
     261   0.7145   7.8484  15.4499   0.0000   0.0000   0.0000
     262   1.5556   7.8964  15.1670   0.0000   0.0000   0.0000
     263   1.1153   8.1241  15.2419   0.0000   0.0000   0.0000
     264   0.2964   8.3648  15.6920   0.0000   0.0000   0.0000
     265   0.2183   9.0343  15.7777   0.0000   0.0000   0.0000
     266   0.7011   8.1202  15.5871   0.0000   0.0000   0.0000
     267   0.5319   7.8657  15.0384   0.0000   0.0000   0.0000
     268   1.4830   8.9026  15.0498   0.0000   0.0000   0.0000
     269   1.8679   8.9882  15.2348   0.0000   0.0000   0.0000
     270   1.6201   8.8722  14.3813   0.0000   0.0000   0.0000
     271   1.1544   8.7290  14.0207   0.0000   0.0000   0.0000
     272   1.8984   9.0528  13.3670   0.0000   0.0000   0.0000
     273   1.6637   9.5437  13.9487   0.0000   0.0000   0.0000
     274   1.3925   9.4565  14.4116   0.0000   0.0000   0.0000
     275   1.5516   9.3597  13.5315   0.0000   0.0000   0.0000
     276   1.1953   8.5887  14.2814   0.0000   0.0000   0.0000
     277   0.9263   8.9746  14.5368   0.0000   0.0000   0.0000
     278   0.9805   8.9663  14.3135   0.0000   0.0000   0.0000
     279   0.4941   9.2849  13.9865   0.0000   0.0000   0.0000
     280   0.5571   8.8780  13.6909   0.0000   0.0000   0.0000
     281   0.6418   9.3421  14.2888   0.0000   0.0000   0.0000
     282   0.8317   8.9959  14.1530   0.0000   0.0000   0.0000
     283   0.6240   9.7633  13.8073   0.0000   0.0000   0.0000
     284   0.2707   9.2586  13.8126   0.0000   0.0000   0.0000
     285   0.7969   8.8077  14.1510   0.0000   0.0000   0.0000
     286   0.1682   9.6455  13.8101   0.0000   0.0000   0.0000
     287  -0.0521   9.2005  13.3438   0.0000   0.0000   0.0000
     288  -0.1574   9.5717  13.6369   0.0000   0.0000   0.0000
     289   0.0333   9.4165  13.9036   0.0000   0.0000   0.0000
     290  -0.1792   8.5931  13.7742   0.0000   0.0000   0.0000
     291  -0.7309   8.7705  13.5247   0.0000   0.0000   0.0000
     292  -0.0211   8.8621  13.4833   0.0000   0.0000   0.0000
     293   0.5258   8.6937  14.0012   0.0000   0.0000   0.0000
     294   0.3025   8.9952  13.6627   0.0000   0.0000   0.0000
     295   0.6232   8.7637  15.0187   0.0000   0.0000   0.0000
     296   0.4264   8.3638  14.6450   0.0000   0.0000   0.0000
     297   0.2099   8.3926  14.4579   0.0000   0.0000   0.0000
     298   0.6272   9.0798  14.0099   0.0000   0.0000   0.0000
     299   0.9557   8.4978  14.7916   0.0000   0.0000   0.0000
     300   0.8336   8.1424  15.1588   0.0000   0.0000   0.0000
     301   0.9085   8.9709  15.4892   0.0000   0.0000   0.0000
     302   0.8199   8.9512  15.4349   0.0000   0.0000   0.0000
     303   0.9864   8.7571  15.8864   0.0000   0.0000   0.0000
     304   1.5461   9.1856  15.0892   0.0000   0.0000   0.0000
     305   1.3824   8.7725  15.7865   0.0000   0.0000   0.0000
     306   0.5190   9.3490  15.9474   0.0000   0.0000   0.0000
     307   1.0004   9.1707  15.4420   0.0000   0.0000   0.0000
     308   1.0174   8.5283  15.1709   0.0000   0.0000   0.0000
     309   1.3025   8.7157  14.7334   0.0000   0.0000   0.0000
     310   0.9109   9.1149  15.0605   0.0000   0.0000   0.0000
     311   1.4718   9.1558  15.0699   0.0000   0.0000   0.0000
     312   1.2221   8.8944  14.8760   0.0000   0.0000   0.0000
     313   1.0853   9.0632  15.0230   0.0000   0.0000   0.0000
     314   0.8690   8.7921  14.7183   0.0000   0.0000   0.0000
     315   0.8740   8.8259  14.7844   0.0000   0.0000   0.0000
     316   1.1573   8.7907  14.5340   0.0000   0.0000   0.0000
     317   1.2311   9.0599  14.3253   0.0000   0.0000   0.0000
     318   0.6485   9.2860  14.8087   0.0000   0.0000   0.0000
     319   1.3003   8.1430  14.9987   0.0000   0.0000   0.0000
     320   1.8180   9.1385  14.4057   0.0000   0.0000   0.0000
     321   1.1627   9.4632  14.0655   0.0000   0.0000   0.0000
     322   0.9012   8.6245  14.3157   0.0000   0.0000   0.0000
     323   1.0133   9.3294  14.3449   0.0000   0.0000   0.0000
     324   1.5330   8.8571  14.4478   0.0000   0.0000   0.0000
     325   1.8562   8.6061  14.8622   0.0000   0.0000   0.0000
     326   1.1793   8.1151  13.8547   0.0000   0.0000   0.0000
     327   0.7711   7.7420  14.3864   0.0000   0.0000   0.0000
     328   1.6348   8.3286  13.9973   0.0000   0.0000   0.0000
     329   1.1828   8.2659  13.4140   0.0000   0.0000   0.0000
     330   1.6671   8.2469  12.7381   0.0000   0.0000   0.0000
     331   1.0313   9.0475  13.8134   0.0000   0.0000   0.0000
     332   1.0510   9.1202  13.8961   0.0000   0.0000   0.0000
     333   0.4627   8.3663  13.3824   0.0000   0.0000   0.0000
     334   0.4532   7.3377  12.7534   0.0000   0.0000   0.0000
     335   1.0690   8.1818  13.2362   0.0000   0.0000   0.0000
     336   0.7457   7.6236  14.3646   0.0000   0.0000   0.0000
     337   0.8244   7.9324  13.5823   0.0000   0.0000   0.0000
     338  -0.2842   7.7945  14.5205   0.0000   0.0000   0.0000
     339   0.7159   7.4052  13.6561   0.0000   0.0000   0.0000
     340   0.5184   7.6640  14.1146   0.0000   0.0000   0.0000
     341   2.1482   7.8408  14.2192   0.0000   0.0000   0.0000
     342   1.1809   8.4025  14.6279   0.0000   0.0000   0.0000
     343   1.2449   7.4671  14.4357   0.0000   0.0000   0.0000
     344   1.1963   7.3672  14.0351   0.0000   0.0000   0.0000
     345   0.9127   7.8664  14.7665   0.0000   0.0000   0.0000
     346   0.1463   7.7550  14.4598   0.0000   0.0000   0.0000
     347   0.6087   8.0473  13.8141   0.0000   0.0000   0.0000
     348  -0.2723   8.2417  13.8484   0.0000   0.0000   0.0000
     349   0.1012   8.5798  13.0462   0.0000   0.0000   0.0000
     350   0.1324   8.0837  13.6246   0.0000   0.0000   0.0000
     351   0.0431   7.5673  13.7553   0.0000   0.0000   0.0000
     352  -0.1220   7.2017  13.4676   0.0000   0.0000   0.0000
     353   0.3660   7.8421  13.7765   0.0000   0.0000   0.0000
     354   0.2150   7.2265  13.3524   0.0000   0.0000   0.0000
     355   0.4309   6.3304  13.1448   0.0000   0.0000   0.0000
     356  -0.3550   7.0701  13.8845   0.0000   0.0000   0.0000
     357   0.3288   7.0525  13.3875   0.0000   0.0000   0.0000
     358  -0.2069   6.3014  13.1164   0.0000   0.0000   0.0000
     359   0.8958   6.3533  13.5030   0.0000   0.0000   0.0000
     360   0.6939   6.4092  14.5584   0.0000   0.0000   0.0000
     361   0.1129   6.2619  14.1014   0.0000   0.0000   0.0000
     362   0.3899   6.1306  14.1449   0.0000   0.0000   0.0000
     363  -0.2487   6.4490  13.5047   0.0000   0.0000   0.0000
     364   0.4250   6.9238  14.5399   0.0000   0.0000   0.0000
     365  -0.0448   6.4182  14.5123   0.0000   0.0000   0.0000
     366   0.2221   7.5635  14.3890   0.0000   0.0000   0.0000
     367  -0.4361   6.5733  14.4999   0.0000   0.0000   0.0000
     368   0.5423   6.6076  14.9140   0.0000   0.0000   0.0000
     369   0.3884   6.2806  14.5459   0.0000   0.0000   0.0000
     370   0.0653   6.7291  14.1171   0.0000   0.0000   0.0000
     371   0.9919   7.4402  13.6758   0.0000   0.0000   0.0000
     372   0.4737   6.7129  13.6354   0.0000   0.0000   0.0000
     373   0.2501   5.8909  13.4054   0.0000   0.0000   0.0000
     374   0.0123   6.1776  12.9358   0.0000   0.0000   0.0000
     375   0.2727   6.7899  13.5550   0.0000   0.0000   0.0000
     376   0.0546   6.7106  13.8373   0.0000   0.0000   0.0000
     377  -0.7212   6.0936  14.0877   0.0000   0.0000   0.0000
     378  -0.5221   7.1855  14.1257   0.0000   0.0000   0.0000
     379   0.1128   6.8098  14.0965   0.0000   0.0000   0.0000
     380   0.3655   6.5157  14.0151   0.0000   0.0000   0.0000
     381   0.9800   6.1459  13.4491   0.0000   0.0000   0.0000
     382   0.2953   5.9358  13.5359   0.0000   0.0000   0.0000
     383   1.2450   6.4165  13.7513   0.0000   0.0000   0.0000
     384   0.7406   6.8930  14.4753   0.0000   0.0000   0.0000
     385   0.6307   7.6185  13.5879   0.0000   0.0000   0.0000
     386   0.1495   7.2302  14.0166   0.0000   0.0000   0.0000
     387   0.9085   7.1604  13.9981   0.0000   0.0000   0.0000
     388   1.2663   7.9658  14.0589   0.0000   0.0000   0.0000
     389   1.2162   7.8784  14.2815   0.0000   0.0000   0.0000
     390   0.9180   7.3453  14.5523   0.0000   0.0000   0.0000
     391   1.0183   7.0183  14.2457   0.0000   0.0000   0.0000
     392   0.8994   6.8269  14.4996   0.0000   0.0000   0.0000
     393   0.5589   7.8764  13.9501   0.0000   0.0000   0.0000
     394   0.6567   7.3214  14.1692   0.0000   0.0000   0.0000
     395   0.8865   7.2115  14.0070   0.0000   0.0000   0.0000
     396   1.4349   7.4128  14.2423   0.0000   0.0000   0.0000
     397   0.4743   7.3254  14.2345   0.0000   0.0000   0.0000
     398   0.4030   7.3653  13.5650   0.0000   0.0000   0.0000
     399   1.0124   7.2842  13.3963   0.0000   0.0000   0.0000
     400   0.5842   7.9620  12.8669   0.0000   0.0000   0.0000
     401   0.2898   7.9228  14.0153   0.0000   0.0000   0.0000
     402   0.3490   7.7932  13.3637   0.0000   0.0000   0.0000
     403   0.0470   7.8114  14.4449   0.0000   0.0000   0.0000
     404   0.3359   7.5389  13.6311   0.0000   0.0000   0.0000
     405  -0.1648   8.3155  13.2986   0.0000   0.0000   0.0000
     406  -0.0326   7.4602  13.0015   0.0000   0.0000   0.0000
     407   0.4703   7.9796  13.9984   0.0000   0.0000   0.0000
     408  -0.0237   8.0435  13.5578   0.0000   0.0000   0.0000
     409  -0.1785   8.2417  13.7497   0.0000   0.0000   0.0000
     410   0.1145   8.7156  13.5828   0.0000   0.0000   0.0000
     411   0.2003   8.6297  13.6304   0.0000   0.0000   0.0000
     412  -0.2458   8.5096  13.3421   0.0000   0.0000   0.0000
     413  -0.3286   8.4975  13.7038   0.0000   0.0000   0.0000
     414  -0.2730   7.3107  14.1182   0.0000   0.0000   0.0000
     415  -0.0517   7.6295  14.7265   0.0000   0.0000   0.0000
     416  -0.2987   7.6790  14.4655   0.0000   0.0000   0.0000
     417  -0.1915   7.4642  14.4239   0.0000   0.0000   0.0000
     418   0.0718   7.8218  13.4289   0.0000   0.0000   0.0000
     419   0.3962   7.5849  13.4435   0.0000   0.0000   0.0000
     420   0.3483   7.7529  14.1377   0.0000   0.0000   0.0000
     421   0.6102   7.9767  13.5635   0.0000   0.0000   0.0000
     422   0.6844   7.8410  13.1841   0.0000   0.0000   0.0000
     423   0.3314   7.4011  14.0627   0.0000   0.0000   0.0000
     424   0.5645   7.1583  13.4563   0.0000   0.0000   0.0000
     425   0.7807   7.7541  13.6672   0.0000   0.0000   0.0000
     426   1.1300   7.3420  13.9454   0.0000   0.0000   0.0000
     427   1.1677   6.8389  13.4894   0.0000   0.0000   0.0000
     428   0.4952   6.7573  14.7837   0.0000   0.0000   0.0000
     429   1.1094   7.4455  14.5484   0.0000   0.0000   0.0000
     430   0.9563   6.4716  13.7801   0.0000   0.0000   0.0000
     431   0.5597   6.6483  13.9464   0.0000   0.0000   0.0000
     432   0.9714   6.4179  14.6732   0.0000   0.0000   0.0000
     433   1.2852   6.5172  14.6393   0.0000   0.0000   0.0000
     434   1.1870   6.8641  14.3193   0.0000   0.0000   0.0000
     435   0.4738   6.3491  14.7352   0.0000   0.0000   0.0000
     436   0.4196   7.2003  15.1871   0.0000   0.0000   0.0000
     437   0.6941   7.5212  14.7265   0.0000   0.0000   0.0000
     438  -0.3960   8.6295  14.3656   0.0000   0.0000   0.0000
     439   0.5352   7.9949  15.6625   0.0000   0.0000   0.0000
     440  -0.3118   7.6894  15.5297   0.0000   0.0000   0.0000
     441  -0.3137   7.7370  15.5324   0.0000   0.0000   0.0000
     442  -0.3628   7.0245  15.9367   0.0000   0.0000   0.0000
     443  -0.5981   7.7747  15.6383   0.0000   0.0000   0.0000
     444  -0.1942   7.8147  16.0141   0.0000   0.0000   0.0000
     445   1.0061   7.1524  15.9389   0.0000   0.0000   0.0000
     446   0.8416   6.9937  16.2108   0.0000   0.0000   0.0000
     447  -0.2579   7.0638  17.0841   0.0000   0.0000   0.0000
     448  -0.0878   7.5473  16.7043   0.0000   0.0000   0.0000
     449  -0.0825   7.5730  16.6868   0.0000   0.0000   0.0000
     450  -0.4095   7.7957  16.6814   0.0000   0.0000   0.0000
     451  -0.0664   8.2567  16.5317   0.0000   0.0000   0.0000
     452  -0.3007   7.7182  17.3253   0.0000   0.0000   0.0000
     453  -0.1848   7.0408  16.3301   0.0000   0.0000   0.0000
     454  -0.1735   7.4163  16.2241   0.0000   0.0000   0.0000
     455   0.0011   6.8377  16.9074   0.0000   0.0000   0.0000
     456   0.6519   7.4271  16.5148   0.0000   0.0000   0.0000
     457   0.5205   8.0401  16.4492   0.0000   0.0000   0.0000
     458   0.3281   7.3780  16.1007   0.0000   0.0000   0.0000
     459  -0.0126   7.7272  16.3435   0.0000   0.0000   0.0000
     460   0.9788   7.8860  17.0123   0.0000   0.0000   0.0000
     461   0.3872   7.3218  17.5432   0.0000   0.0000   0.0000
     462   0.8378   7.4003  17.0297   0.0000   0.0000   0.0000
     463   0.2804   8.0258  16.4218   0.0000   0.0000   0.0000
     464   0.9577   7.8549  16.4709   0.0000   0.0000   0.0000
     465   0.7351   7.7017  17.4404   0.0000   0.0000   0.0000
     466   1.2860   8.2229  17.3763   0.0000   0.0000   0.0000
     467   1.3711   7.8218  16.6324   0.0000   0.0000   0.0000
     468   1.0275   7.2928  16.9081   0.0000   0.0000   0.0000
     469   0.8125   6.9839  15.8942   0.0000   0.0000   0.0000
     470   0.7703   7.8134  16.2168   0.0000   0.0000   0.0000
     471   0.6919   7.7490  16.3064   0.0000   0.0000   0.0000
     472   0.7893   8.2950  16.7965   0.0000   0.0000   0.0000
     473   1.1572   9.3281  16.3417   0.0000   0.0000   0.0000
     474   1.1874   8.4925  16.5384   0.0000   0.0000   0.0000
     475   1.3499   8.6873  17.2133   0.0000   0.0000   0.0000
     476   0.4573   8.6970  17.2969   0.0000   0.0000   0.0000
     477   1.2079   8.6854  17.0957   0.0000   0.0000   0.0000
     478   1.1159   8.9036  17.0026   0.0000   0.0000   0.0000
     479   1.2425   7.9868  17.1073   0.0000   0.0000   0.0000
     480   1.1947   8.2422  17.3034   0.0000   0.0000   0.0000
     481   0.6015   8.2465  18.1706   0.0000   0.0000   0.0000
     482   0.3933   7.5495  16.7753   0.0000   0.0000   0.0000
     483   0.6067   7.8683  17.6837   0.0000   0.0000   0.0000
     484   0.4179   7.7242  16.9764   0.0000   0.0000   0.0000
     485   0.2202   7.8941  17.4262   0.0000   0.0000   0.0000
     486   0.0532   8.9624  17.7007   0.0000   0.0000   0.0000
     487   0.2249   7.9752  17.7324   0.0000   0.0000   0.0000
     488   0.1949   8.1679  18.0689   0.0000   0.0000   0.0000
     489   0.8264   8.7339  18.0020   0.0000   0.0000   0.0000
     490   0.1873   7.6930  17.1264   0.0000   0.0000   0.0000
     491   0.4954   8.3370  16.7472   0.0000   0.0000   0.0000
     492   1.0183   8.3117  17.5445   0.0000   0.0000   0.0000
     493   1.0147   8.5421  17.1280   0.0000   0.0000   0.0000
     494   0.8770   8.5245  16.7735   0.0000   0.0000   0.0000
     495   0.8742   8.4949  16.6736   0.0000   0.0000   0.0000
     496   0.8204   8.2442  17.1457   0.0000   0.0000   0.0000
     497   0.0510   8.2644  17.2873   0.0000   0.0000   0.0000
     498   0.3611   8.4227  16.3710   0.0000   0.0000   0.0000
     499   0.3336   8.0375  17.1588   0.0000   0.0000   0.0000
     500   0.2787   7.5169  18.0342   0.0000   0.0000   0.0000
     501   0.1473   8.0744  17.3035   0.0000   0.0000   0.0000
     502   0.5974   8.9762  16.7641   0.0000   0.0000   0.0000
     503   0.3969   8.2093  17.2558   0.0000   0.0000   0.0000
     504   0.3160   7.9914  16.5067   0.0000   0.0000   0.0000
     505   0.2487   7.7436  16.1109   0.0000   0.0000   0.0000
     506  -1.0982   8.1049  16.3096   0.0000   0.0000   0.0000
     507  -0.2788   7.3688  15.8483   0.0000   0.0000   0.0000
     508  -0.1120   7.0943  16.8080   0.0000   0.0000   0.0000
     509   0.1551   6.9080  16.5154   0.0000   0.0000   0.0000
     510  -0.2144   7.4419  16.6402   0.0000   0.0000   0.0000
     511  -0.2009   6.9711  17.0849   0.0000   0.0000   0.0000
     512   0.0263   7.7478  16.2481   0.0000   0.0000   0.0000
     513  -0.2788   7.5215  15.8044   0.0000   0.0000   0.0000
     514   0.6862   7.2084  16.0612   0.0000   0.0000   0.0000
     515  -0.4231   7.2746  15.7133   0.0000   0.0000   0.0000
     516   1.3603   6.9839  16.6248   0.0000   0.0000   0.0000
     517   1.2895   6.8071  17.1906   0.0000   0.0000   0.0000
     518   0.4727   6.5283  17.3936   0.0000   0.0000   0.0000
     519   0.6267   7.5416  16.2097   0.0000   0.0000   0.0000
     520   0.3843   7.0480  16.9196   0.0000   0.0000   0.0000
     521  -0.2371   7.5800  17.0254   0.0000   0.0000   0.0000
     522   0.0196   7.6527  16.7315   0.0000   0.0000   0.0000
     523  -0.1640   7.7329  16.0022   0.0000   0.0000   0.0000
     524  -1.4678   8.2048  15.8690   0.0000   0.0000   0.0000
     525  -0.5345   7.6866  15.2488   0.0000   0.0000   0.0000
     526  -0.2068   8.4723  15.4979   0.0000   0.0000   0.0000
     527  -0.4019   8.4567  15.4002   0.0000   0.0000   0.0000
     528  -0.0354   7.9101  16.2359   0.0000   0.0000   0.0000
     529  -0.3543   8.2295  15.5429   0.0000   0.0000   0.0000
     530  -0.4754   8.7744  16.1106   0.0000   0.0000   0.0000
     531  -0.2478   9.9708  15.2551   0.0000   0.0000   0.0000
     532   0.2469   9.3919  15.6388   0.0000   0.0000   0.0000
     533  -0.3422   9.8910  15.1241   0.0000   0.0000   0.0000
     534  -0.6597   9.3108  15.6672   0.0000   0.0000   0.0000
     535  -0.0400   8.9643  15.3677   0.0000   0.0000   0.0000
     536  -0.0019   8.4426  15.0910   0.0000   0.0000   0.0000
     537  -0.1924   8.1570  15.9292   0.0000   0.0000   0.0000
     538  -0.5770   7.7357  15.3328   0.0000   0.0000   0.0000
     539  -0.0190   8.6973  15.6324   0.0000   0.0000   0.0000
     540  -1.1142   8.4345  15.4460   0.0000   0.0000   0.0000
     541  -0.7326   8.7413  15.6512   0.0000   0.0000   0.0000
     542  -1.6917   8.6466  14.4593   0.0000   0.0000   0.0000
     543  -0.8744   8.6745  14.6289   0.0000   0.0000   0.0000
     544  -0.8782   8.3780  14.7065   0.0000   0.0000   0.0000
     545  -0.4388   8.0230  16.3148   0.0000   0.0000   0.0000
     546  -1.0119   7.6497  14.6964   0.0000   0.0000   0.0000
     547  -1.0378   6.9908  15.2496   0.0000   0.0000   0.0000
     548  -0.7203   7.1995  15.3142   0.0000   0.0000   0.0000
     549  -0.0199   7.1163  14.9881   0.0000   0.0000   0.0000
     550  -0.6121   6.8482  14.9797   0.0000   0.0000   0.0000
     551  -1.0769   7.7700  15.2094   0.0000   0.0000   0.0000
     552  -0.5880   7.2930  15.2700   0.0000   0.0000   0.0000
     553  -1.4297   6.6897  15.4855   0.0000   0.0000   0.0000
     554  -1.1466   7.0869  15.0990   0.0000   0.0000   0.0000
     555  -1.2009   6.9681  14.8634   0.0000   0.0000   0.0000
     556  -0.6581   6.9051  15.3779   0.0000   0.0000   0.0000
     557  -1.0580   6.4336  15.0318   0.0000   0.0000   0.0000
     558  -0.5980   6.6856  15.6283   0.0000   0.0000   0.0000
     559  -1.3824   7.0946  15.1002   0.0000   0.0000   0.0000
     560  -0.8322   6.8107  15.4228   0.0000   0.0000   0.0000
     561  -0.8032   6.2531  15.7201   0.0000   0.0000   0.0000
     562  -0.7765   6.1814  15.4966   0.0000   0.0000   0.0000
     563  -1.4179   6.9577  15.2961   0.0000   0.0000   0.0000
     564  -0.6848   6.8073  15.4746   0.0000   0.0000   0.0000
     565  -0.5897   6.2731  15.1447   0.0000   0.0000   0.0000
     566  -1.3629   6.3587  15.0040   0.0000   0.0000   0.0000
     567  -1.4864   6.9511  15.1832   0.0000   0.0000   0.0000
     568  -1.4660   7.2204  15.3648   0.0000   0.0000   0.0000
     569  -1.7042   7.2273  14.8216   0.0000   0.0000   0.0000
     570  -1.7365   6.6727  15.7465   0.0000   0.0000   0.0000
     571  -1.2125   6.7389  15.7144   0.0000   0.0000   0.0000
     572  -0.9763   6.7557  15.1868   0.0000   0.0000   0.0000
     573  -1.0463   7.1384  14.7053   0.0000   0.0000   0.0000
     574  -0.9110   7.4223  15.6579   0.0000   0.0000   0.0000
     575  -1.1836   7.0906  15.6007   0.0000   0.0000   0.0000
     576  -1.6312   7.2358  15.3991   0.0000   0.0000   0.0000
     577  -0.5131   7.1559  15.9069   0.0000   0.0000   0.0000
     578  -0.8570   6.2054  15.0035   0.0000   0.0000   0.0000
     579  -1.1871   6.2761  15.2801   0.0000   0.0000   0.0000
     580  -1.6200   6.3028  15.7180   0.0000   0.0000   0.0000
     581  -1.3885   6.8654  15.3948   0.0000   0.0000   0.0000
     582  -1.3163   7.5900  15.4492   0.0000   0.0000   0.0000
     583  -1.0287   7.1158  15.2387   0.0000   0.0000   0.0000
     584  -0.7666   7.8074  14.6228   0.0000   0.0000   0.0000
     585  -0.7686   7.1835  14.8016   0.0000   0.0000   0.0000
     586  -1.1805   7.2517  14.9697   0.0000   0.0000   0.0000
     587  -1.0271   7.9285  15.1084   0.0000   0.0000   0.0000
     588  -1.3592   7.8935  16.0567   0.0000   0.0000   0.0000
     589  -1.1357   7.3072  15.6530   0.0000   0.0000   0.0000
     590  -0.2143   8.2327  15.3507   0.0000   0.0000   0.0000
     591  -0.1513   7.9606  15.3635   0.0000   0.0000   0.0000
     592  -0.3548   6.7505  15.6724   0.0000   0.0000   0.0000
     593   0.1639   7.5967  15.6365   0.0000   0.0000   0.0000
     594  -0.3981   7.7470  15.5541   0.0000   0.0000   0.0000
     595  -0.4119   7.2927  15.9910   0.0000   0.0000   0.0000
     596  -1.4236   7.3646  15.8604   0.0000   0.0000   0.0000
     597  -0.4865   7.9365  16.3475   0.0000   0.0000   0.0000
     598  -0.7277   7.5862  16.0221   0.0000   0.0000   0.0000
     599  -1.4946   8.1476  15.9073   0.0000   0.0000   0.0000
     600  -1.3992   7.5825  16.2273   0.0000   0.0000   0.0000
     601  -2.2054   7.7025  16.1313   0.0000   0.0000   0.0000
     602  -1.3056   7.8484  15.5562   0.0000   0.0000   0.0000
     603  -2.6515   7.6175  16.0537   0.0000   0.0000   0.0000
     604  -2.1201   7.8859  16.0753   0.0000   0.0000   0.0000
     605  -1.5708   7.1934  16.6144   0.0000   0.0000   0.0000
     606  -1.7070   7.0414  16.8951   0.0000   0.0000   0.0000
     607  -0.9737   7.7584  17.0284   0.0000   0.0000   0.0000
     608  -0.7387   7.4056  16.3810   0.0000   0.0000   0.0000
     609  -0.9345   7.8824  15.8185   0.0000   0.0000   0.0000
     610  -1.2512   7.1239  16.0963   0.0000   0.0000   0.0000
     611  -0.9785   8.5163  16.5174   0.0000   0.0000   0.0000
     612  -1.2931   7.8046  16.6259   0.0000   0.0000   0.0000
     613  -0.4062   7.4996  16.7163   0.0000   0.0000   0.0000
     614  -1.2763   8.1125  16.3996   0.0000   0.0000   0.0000
     615  -0.8495   8.0359  16.6451   0.0000   0.0000   0.0000
     616  -0.4334   6.9377  16.8759   0.0000   0.0000   0.0000
     617  -0.4679   7.4239  17.1642   0.0000   0.0000   0.0000
     618  -0.5390   7.3988  17.2055   0.0000   0.0000   0.0000
     619  -0.0745   8.2872  16.9863   0.0000   0.0000   0.0000
     620   0.0583   7.1490  17.6635   0.0000   0.0000   0.0000
     621  -0.1435   7.3739  17.1716   0.0000   0.0000   0.0000
     622  -0.6287   7.2973  17.4212   0.0000   0.0000   0.0000
     623  -0.5644   7.6000  17.1841   0.0000   0.0000   0.0000
     624  -1.0894   7.7374  16.7480   0.0000   0.0000   0.0000
     625  -1.0327   7.0047  16.7089   0.0000   0.0000   0.0000
     626  -0.3323   6.8157  16.7386   0.0000   0.0000   0.0000
     627  -0.7128   7.8375  15.9813   0.0000   0.0000   0.0000
     628  -1.0033   8.0493  15.6747   0.0000   0.0000   0.0000
     629  -1.6106   8.0684  15.3184   0.0000   0.0000   0.0000
     630  -0.6202   7.7451  15.8002   0.0000   0.0000   0.0000
     631  -0.8556   7.5923  15.9369   0.0000   0.0000   0.0000
     632  -1.8431   7.2442  15.6033   0.0000   0.0000   0.0000
     633  -1.0736   6.7248  15.4979   0.0000   0.0000   0.0000
     634  -1.4842   7.9377  15.6602   0.0000   0.0000   0.0000
     635  -1.5662   8.0857  14.5736   0.0000   0.0000   0.0000
     636  -0.9720   7.4868  15.3310   0.0000   0.0000   0.0000
     637  -0.7408   8.4504  15.0837   0.0000   0.0000   0.0000
     638  -1.3468   8.0129  14.3621   0.0000   0.0000   0.0000
     639  -1.5529   7.7541  14.2728   0.0000   0.0000   0.0000
     640  -1.5121   7.7347  14.5099   0.0000   0.0000   0.0000
     641  -1.1052   8.1738  14.1157   0.0000   0.0000   0.0000
     642  -0.2106   8.7332  14.3890   0.0000   0.0000   0.0000
     643  -0.1785   8.1956  14.1352   0.0000   0.0000   0.0000
     644  -0.5583   8.7579  14.0708   0.0000   0.0000   0.0000
     645  -0.5056   7.8098  13.8832   0.0000   0.0000   0.0000
     646  -0.5346   7.7440  14.6965   0.0000   0.0000   0.0000
     647   0.8988   8.0082  14.1668   0.0000   0.0000   0.0000
     648   0.2256   7.8740  14.0610   0.0000   0.0000   0.0000
     649   0.4498   7.5386  14.7098   0.0000   0.0000   0.0000
     650   0.2319   7.2590  15.1810   0.0000   0.0000   0.0000
     651  -0.1073   7.2292  15.3031   0.0000   0.0000   0.0000
     652  -0.2724   7.0049  15.4325   0.0000   0.0000   0.0000
     653   0.4582   7.4142  15.2482   0.0000   0.0000   0.0000
     654  -0.5482   7.5221  14.8548   0.0000   0.0000   0.0000
     655   0.3624   7.4588  14.6834   0.0000   0.0000   0.0000
     656  -0.7148   6.8917  14.9397   0.0000   0.0000   0.0000
     657  -0.2058   8.2407  15.0512   0.0000   0.0000   0.0000
     658  -0.0459   8.4953  15.1204   0.0000   0.0000   0.0000
     659   0.2570   7.7901  15.1122   0.0000   0.0000   0.0000
     660   0.2509   8.3053  14.6814   0.0000   0.0000   0.0000
     661  -0.2594   8.4678  14.7641   0.0000   0.0000   0.0000
     662   0.5625   8.1387  15.2808   0.0000   0.0000   0.0000
     663  -0.1719   8.4054  15.0969   0.0000   0.0000   0.0000
     664   0.0695   8.3301  15.8997   0.0000   0.0000   0.0000
     665   0.1458   7.7557  15.8492   0.0000   0.0000   0.0000
     666  -0.1009   7.8169  16.2432   0.0000   0.0000   0.0000
     667  -1.4883   7.8499  15.2858   0.0000   0.0000   0.0000
     668  -0.6971   7.9064  15.0583   0.0000   0.0000   0.0000
     669  -0.2757   7.2363  15.3262   0.0000   0.0000   0.0000
     670  -0.0312   7.5044  15.0490   0.0000   0.0000   0.0000
     671   0.0682   8.3664  15.0510   0.0000   0.0000   0.0000
     672  -0.1147   7.4886  14.8398   0.0000   0.0000   0.0000
     673  -0.3880   7.7814  14.8145   0.0000   0.0000   0.0000
     674  -0.6704   8.4206  15.0728   0.0000   0.0000   0.0000
     675  -0.3929   8.2187  15.4782   0.0000   0.0000   0.0000
     676  -0.7899   8.7354  14.9339   0.0000   0.0000   0.0000
     677   0.2341   8.6236  14.7986   0.0000   0.0000   0.0000
     678   0.3532   8.5197  14.3418   0.0000   0.0000   0.0000
     679   0.5096   8.2057  14.4515   0.0000   0.0000   0.0000
     680   1.3747   8.5364  14.9171   0.0000   0.0000   0.0000
     681   0.9218   8.8105  14.6557   0.0000   0.0000   0.0000
     682   0.5243   8.1917  14.8969   0.0000   0.0000   0.0000
     683   1.0826   9.2207  14.3131   0.0000   0.0000   0.0000
     684   0.7074   9.0047  14.4817   0.0000   0.0000   0.0000
     685   0.9274   8.4903  14.7932   0.0000   0.0000   0.0000
     686   0.8476   8.7063  15.0754   0.0000   0.0000   0.0000
     687   0.6586   8.8553  14.4795   0.0000   0.0000   0.0000
     688  -0.3539   9.2456  14.7097   0.0000   0.0000   0.0000
     689   0.5288   9.3104  15.3511   0.0000   0.0000   0.0000
     690   0.2420   9.0039  15.1095   0.0000   0.0000   0.0000
     691  -1.0040   9.4834  13.9131   0.0000   0.0000   0.0000
     692  -0.7318   9.2337  14.9344   0.0000   0.0000   0.0000
     693  -0.0365   9.0304  15.1735   0.0000   0.0000   0.0000
     694  -0.9237   9.5056  14.8697   0.0000   0.0000   0.0000
     695  -0.7345   9.3819  14.2656   0.0000   0.0000   0.0000
     696  -1.0080   8.8332  14.4206   0.0000   0.0000   0.0000
     697  -1.0960  10.1676  14.3469   0.0000   0.0000   0.0000
     698  -1.5620   8.7034  14.3253   0.0000   0.0000   0.0000
     699  -1.3281   7.7839  14.6722   0.0000   0.0000   0.0000
     700  -0.9232   8.4483  14.5239   0.0000   0.0000   0.0000
     701  -1.1326   7.7184  14.6674   0.0000   0.0000   0.0000
     702  -1.5742   8.1943  14.2512   0.0000   0.0000   0.0000
     703  -1.5586   8.5217  14.2773   0.0000   0.0000   0.0000
     704  -0.4083   8.3343  13.3782   0.0000   0.0000   0.0000
     705  -0.8233   8.7518  13.9195   0.0000   0.0000   0.0000
     706  -1.6115   7.8972  14.0873   0.0000   0.0000   0.0000
     707  -1.5331   8.4082  14.3839   0.0000   0.0000   0.0000
     708  -2.2433   7.6575  14.4007   0.0000   0.0000   0.0000
     709  -1.6415   7.2516  14.5333   0.0000   0.0000   0.0000
     710  -1.6235   7.6975  14.6184   0.0000   0.0000   0.0000
     711  -1.6356   7.8739  14.3979   0.0000   0.0000   0.0000
     712  -1.9661   7.5134  14.8377   0.0000   0.0000   0.0000
     713  -0.8250   7.3498  14.3112   0.0000   0.0000   0.0000
     714  -1.7742   6.9166  14.5628   0.0000   0.0000   0.0000
     715  -1.5537   7.6244  14.8235   0.0000   0.0000   0.0000
     716  -1.3341   7.7260  14.4109   0.0000   0.0000   0.0000
     717  -2.0991   8.1309  13.8013   0.0000   0.0000   0.0000
     718  -2.3085   6.6084  14.4016   0.0000   0.0000   0.0000
     719  -1.7255   7.4302  14.3052   0.0000   0.0000   0.0000
     720  -2.0593   8.5111  13.5005   0.0000   0.0000   0.0000
     721  -1.9984   7.0164  13.7740   0.0000   0.0000   0.0000
     722  -1.9140   7.0029  13.7174   0.0000   0.0000   0.0000
     723  -1.7030   7.1972  14.1695   0.0000   0.0000   0.0000
     724  -1.4523   6.5841  13.6733   0.0000   0.0000   0.0000
     725  -0.3832   6.4556  14.3935   0.0000   0.0000   0.0000
     726  -0.8802   7.2152  14.6381   0.0000   0.0000   0.0000
     727  -0.8255   7.1546  14.6285   0.0000   0.0000   0.0000
     728  -0.6361   7.3191  14.9015   0.0000   0.0000   0.0000
     729  -1.0171   6.9003  14.1033   0.0000   0.0000   0.0000
     730  -1.0365   7.0897  14.3407   0.0000   0.0000   0.0000
     731  -0.8959   7.1552  14.0087   0.0000   0.0000   0.0000
     732  -1.0753   7.0991  13.8887   0.0000   0.0000   0.0000
     733  -1.0553   8.3333  14.5122   0.0000   0.0000   0.0000
     734  -0.5464   7.7789  14.6100   0.0000   0.0000   0.0000
     735  -0.5911   7.9800  14.4432   0.0000   0.0000   0.0000
     736  -0.2095   7.4584  14.0246   0.0000   0.0000   0.0000
     737  -0.5728   6.4337  14.9996   0.0000   0.0000   0.0000
     738   0.1393   7.4266  15.1238   0.0000   0.0000   0.0000
     739  -0.0586   7.4715  15.3271   0.0000   0.0000   0.0000
     740  -0.0108   6.6548  15.0969   0.0000   0.0000   0.0000
     741   0.2714   7.4360  15.7799   0.0000   0.0000   0.0000
     742   0.2835   6.0502  15.6597   0.0000   0.0000   0.0000
     743  -0.5623   6.9232  15.4811   0.0000   0.0000   0.0000
     744   0.8842   6.8354  15.3997   0.0000   0.0000   0.0000
     745   0.7035   6.3229  15.6905   0.0000   0.0000   0.0000
     746  -0.1070   6.2552  15.2235   0.0000   0.0000   0.0000
     747  -0.0894   6.2615  15.0308   0.0000   0.0000   0.0000
     748   0.5069   6.4032  14.6322   0.0000   0.0000   0.0000
     749  -0.2548   5.4665  15.3743   0.0000   0.0000   0.0000
     750  -0.2360   5.7023  15.1604   0.0000   0.0000   0.0000
     751   0.3263   5.6049  15.6569   0.0000   0.0000   0.0000
     752  -0.1944   5.5695  15.4592   0.0000   0.0000   0.0000
     753   0.3845   6.3433  14.9715   0.0000   0.0000   0.0000
     754   0.3931   6.0491  15.3734   0.0000   0.0000   0.0000
     755   0.5336   6.2543  15.4042   0.0000   0.0000   0.0000
     756   0.5128   6.2743  15.2603   0.0000   0.0000   0.0000
     757   0.2510   5.6076  15.6262   0.0000   0.0000   0.0000
     758  -0.1135   6.2480  15.9410   0.0000   0.0000   0.0000
     759  -0.1146   6.1250  15.6358   0.0000   0.0000   0.0000
     760   0.0834   6.0829  15.0259   0.0000   0.0000   0.0000
     761  -0.1352   5.7448  15.2564   0.0000   0.0000   0.0000
     762   0.0248   5.3265  15.6614   0.0000   0.0000   0.0000
     763   0.2162   5.3939  15.2095   0.0000   0.0000   0.0000
     764  -0.9103   5.0643  15.5061   0.0000   0.0000   0.0000
     765  -1.0737   6.1924  15.2119   0.0000   0.0000   0.0000
     766   0.1152   6.0625  14.8484   0.0000   0.0000   0.0000
     767   0.4319   6.7008  14.3386   0.0000   0.0000   0.0000
     768  -1.0058   6.4785  15.0230   0.0000   0.0000   0.0000
     769   1.4928   5.4290  14.2223   0.0000   0.0000   0.0000
     770   0.9286   5.4465  15.0201   0.0000   0.0000   0.0000
     771   0.7373   4.9725  15.6822   0.0000   0.0000   0.0000
     772   0.2946   6.2306  15.9469   0.0000   0.0000   0.0000
     773   0.3563   6.6654  15.3673   0.0000   0.0000   0.0000
     774  -0.2484   6.3740  15.6947   0.0000   0.0000   0.0000
     775  -0.1140   6.7969  14.5213   0.0000   0.0000   0.0000
     776  -0.2834   5.3891  15.9547   0.0000   0.0000   0.0000
     777  -0.4776   5.9534  15.7160   0.0000   0.0000   0.0000
     778  -0.5551   6.4255  15.1980   0.0000   0.0000   0.0000
     779   0.5440   5.9395  15.0769   0.0000   0.0000   0.0000
     780  -0.0704   5.5732  15.3444   0.0000   0.0000   0.0000
     781  -0.0554   5.8856  15.4042   0.0000   0.0000   0.0000
     782  -1.1761   5.0130  15.6350   0.0000   0.0000   0.0000
     783  -0.5767   5.3123  15.3665   0.0000   0.0000   0.0000
     784  -0.5783   5.1932  15.7991   0.0000   0.0000   0.0000
     785  -0.8875   5.7550  15.6188   0.0000   0.0000   0.0000
     786  -1.5764   5.5421  15.0784   0.0000   0.0000   0.0000
     787  -1.5747   6.1115  15.4120   0.0000   0.0000   0.0000
     788  -0.9645   6.9384  15.4651   0.0000   0.0000   0.0000
     789  -0.2147   6.4736  15.0171   0.0000   0.0000   0.0000
     790  -0.3559   6.9900  15.1347   0.0000   0.0000   0.0000
     791  -1.2041   6.6443  15.3804   0.0000   0.0000   0.0000
     792  -0.4700   5.6115  15.8464   0.0000   0.0000   0.0000
     793  -1.2117   5.8731  15.6971   0.0000   0.0000   0.0000
     794  -0.8732   6.1629  15.6040   0.0000   0.0000   0.0000
     795  -1.1264   5.9922  15.0754   0.0000   0.0000   0.0000
     796  -0.9305   5.7032  15.4329   0.0000   0.0000   0.0000
     797  -1.2135   6.5160  15.7309   0.0000   0.0000   0.0000
     798  -0.8473   5.7212  15.3605   0.0000   0.0000   0.0000
     799  -1.0771   5.8842  14.6147   0.0000   0.0000   0.0000
     800  -0.8915   6.0334  14.9404   0.0000   0.0000   0.0000
     801  -1.0905   5.2387  15.0915   0.0000   0.0000   0.0000
     802  -0.7310   5.6440  15.1439   0.0000   0.0000   0.0000
     803  -0.9912   5.8491  15.5891   0.0000   0.0000   0.0000
     804  -0.3393   5.6964  15.5628   0.0000   0.0000   0.0000
     805  -1.1625   4.9193  14.9627   0.0000   0.0000   0.0000
     806  -0.4053   4.3864  15.0226   0.0000   0.0000   0.0000
     807  -0.5355   5.2034  15.4837   0.0000   0.0000   0.0000
     808  -0.1602   4.8066  15.0055   0.0000   0.0000   0.0000
     809  -0.4119   5.9811  15.8987   0.0000   0.0000   0.0000
     810  -0.3468   5.4523  16.1546   0.0000   0.0000   0.0000
     811  -0.0519   5.2641  15.1868   0.0000   0.0000   0.0000
     812  -0.4872   6.0233  14.9732   0.0000   0.0000   0.0000
     813  -0.6890   5.7461  15.1038   0.0000   0.0000   0.0000
     814  -0.5209   5.2489  15.1758   0.0000   0.0000   0.0000
     815  -0.8623   5.8268  15.3441   0.0000   0.0000   0.0000
     816  -1.5796   6.7963  15.0125   0.0000   0.0000   0.0000
     817  -0.7973   6.2152  14.9529   0.0000   0.0000   0.0000
     818  -0.6464   6.4326  15.2424   0.0000   0.0000   0.0000
     819   0.0700   6.7307  15.5877   0.0000   0.0000   0.0000
     820  -0.4895   6.4944  15.5925   0.0000   0.0000   0.0000
     821  -0.1324   5.0690  15.8390   0.0000   0.0000   0.0000
     822   0.4068   5.9874  15.4785   0.0000   0.0000   0.0000
     823   0.8207   5.2847  15.8233   0.0000   0.0000   0.0000
     824   0.7127   4.9159  16.2121   0.0000   0.0000   0.0000
     825   0.4168   5.0333  14.7450   0.0000   0.0000   0.0000
     826   0.9685   5.3965  15.7909   0.0000   0.0000   0.0000
     827   0.4385   5.6709  15.2205   0.0000   0.0000   0.0000
     828  -0.2969   4.7801  14.7023   0.0000   0.0000   0.0000
     829  -0.3275   5.7848  14.7458   0.0000   0.0000   0.0000
     830  -0.8668   5.8650  14.6959   0.0000   0.0000   0.0000
     831  -0.4084   4.7788  15.6390   0.0000   0.0000   0.0000
     832   0.3121   4.4798  15.4444   0.0000   0.0000   0.0000
     833  -0.7813   5.0598  15.6586   0.0000   0.0000   0.0000
     834  -0.3308   4.3014  15.0713   0.0000   0.0000   0.0000
     835   0.4626   4.0006  14.7673   0.0000   0.0000   0.0000
     836  -0.0526   4.0614  15.3003   0.0000   0.0000   0.0000
     837   0.5309   3.7266  15.3599   0.0000   0.0000   0.0000
     838   0.3130   4.0735  14.9454   0.0000   0.0000   0.0000
     839  -0.2478   3.8486  15.1982   0.0000   0.0000   0.0000
     840  -0.6282   3.9397  15.1273   0.0000   0.0000   0.0000
     841  -0.2154   3.5130  14.8098   0.0000   0.0000   0.0000
     842  -0.6620   3.5928  15.5351   0.0000   0.0000   0.0000
     843  -0.1418   3.6503  15.6129   0.0000   0.0000   0.0000
     844  -0.6512   4.7794  15.5829   0.0000   0.0000   0.0000
     845   0.1972   4.6217  15.6308   0.0000   0.0000   0.0000
     846  -0.7327   4.4274  16.3509   0.0000   0.0000   0.0000
     847   0.3806   4.7078  16.2782   0.0000   0.0000   0.0000
     848   0.4792   4.4306  15.9512   0.0000   0.0000   0.0000
     849  -0.3964   5.0828  15.4115   0.0000   0.0000   0.0000
     850   0.2498   5.0653  16.1100   0.0000   0.0000   0.0000
     851   0.4013   5.5705  16.2548   0.0000   0.0000   0.0000
     852  -0.1686   5.2718  16.1333   0.0000   0.0000   0.0000
     853  -0.3906   5.1619  16.4007   0.0000   0.0000   0.0000
     854  -0.5744   5.2168  16.5262   0.0000   0.0000   0.0000
     855   0.0442   5.9832  16.1267   0.0000   0.0000   0.0000
     856  -0.0308   5.1281  16.5942   0.0000   0.0000   0.0000
     857  -0.6589   5.6438  15.1117   0.0000   0.0000   0.0000
     858   0.3926   6.6689  15.8233   0.0000   0.0000   0.0000
     859   0.5340   6.8732  15.5957   0.0000   0.0000   0.0000
     860  -0.8938   6.1534  15.9354   0.0000   0.0000   0.0000
     861  -1.0474   6.0447  16.3220   0.0000   0.0000   0.0000
     862  -1.6503   5.9512  15.2537   0.0000   0.0000   0.0000
     863  -0.6852   5.4833  15.2094   0.0000   0.0000   0.0000
     864  -0.7310   5.4236  15.2444   0.0000   0.0000   0.0000
     865  -0.5388   5.1870  15.1420   0.0000   0.0000   0.0000
     866  -0.2763   5.2257  16.4618   0.0000   0.0000   0.0000
     867  -0.0457   6.3585  15.3611   0.0000   0.0000   0.0000
     868  -0.8443   5.4457  16.0402   0.0000   0.0000   0.0000
     869  -1.3024   5.2895  15.5451   0.0000   0.0000   0.0000
     870  -0.8231   5.3971  15.3572   0.0000   0.0000   0.0000
     871  -1.3524   5.5426  15.0732   0.0000   0.0000   0.0000
     872  -1.0622   5.7274  15.0726   0.0000   0.0000   0.0000
     873  -0.7312   5.3903  15.6150   0.0000   0.0000   0.0000
     874  -0.6669   5.3961  15.7091   0.0000   0.0000   0.0000
     875  -1.3612   6.0080  15.7104   0.0000   0.0000   0.0000
     876  -0.2336   5.1905  15.4977   0.0000   0.0000   0.0000
     877  -1.1338   5.4680  16.1535   0.0000   0.0000   0.0000
     878  -1.0263   6.5671  16.0496   0.0000   0.0000   0.0000
     879  -1.0007   6.0110  16.4678   0.0000   0.0000   0.0000
     880  -0.6380   5.6118  16.2017   0.0000   0.0000   0.0000
     881  -1.6380   5.4103  14.8240   0.0000   0.0000   0.0000
     882  -0.8566   4.9080  14.6551   0.0000   0.0000   0.0000
     883  -1.2030   6.3945  15.3469   0.0000   0.0000   0.0000
     884  -0.4648   6.1822  15.0159   0.0000   0.0000   0.0000
     885  -0.1691   6.0367  15.1676   0.0000   0.0000   0.0000
     886   0.2977   6.2878  15.2803   0.0000   0.0000   0.0000
     887  -0.0227   6.3573  14.7146   0.0000   0.0000   0.0000
     888   0.0177   6.0509  14.4159   0.0000   0.0000   0.0000
     889  -0.7078   5.6350  14.9677   0.0000   0.0000   0.0000
     890  -1.4643   5.7585  14.7501   0.0000   0.0000   0.0000
     891  -0.9440   5.6696  14.6615   0.0000   0.0000   0.0000
     892  -0.5205   5.6363  14.3287   0.0000   0.0000   0.0000
     893  -0.1192   6.5559  14.2444   0.0000   0.0000   0.0000
     894  -1.1528   5.5853  13.9477   0.0000   0.0000   0.0000
     895  -0.8632   6.3674  13.2863   0.0000   0.0000   0.0000
     896  -1.0928   5.7681  14.0748   0.0000   0.0000   0.0000
     897  -0.1791   6.1496  13.6033   0.0000   0.0000   0.0000
     898  -0.6043   6.7025  14.7243   0.0000   0.0000   0.0000
     899  -0.5625   5.6843  14.3303   0.0000   0.0000   0.0000
     900  -0.3196   6.2232  14.1456   0.0000   0.0000   0.0000
     901  -0.4473   6.3438  14.3498   0.0000   0.0000   0.0000
     902   0.5539   6.3880  14.3484   0.0000   0.0000   0.0000
     903  -0.2047   6.2572  13.9411   0.0000   0.0000   0.0000
     904   0.3991   5.8502  13.8215   0.0000   0.0000   0.0000
     905  -0.3700   6.7773  13.2056   0.0000   0.0000   0.0000
     906   0.2823   7.3119  13.6649   0.0000   0.0000   0.0000
     907   0.0015   7.0290  13.4009   0.0000   0.0000   0.0000
     908   0.0847   6.7025  13.8236   0.0000   0.0000   0.0000
     909  -0.4808   7.0753  13.4612   0.0000   0.0000   0.0000
     910  -0.0540   7.8955  14.4700   0.0000   0.0000   0.0000
     911  -0.3764   8.3911  13.9450   0.0000   0.0000   0.0000
     912  -1.1421   7.6371  13.6830   0.0000   0.0000   0.0000
     913  -0.3206   8.1568  14.4507   0.0000   0.0000   0.0000
     914  -1.2750   7.8565  14.4949   0.0000   0.0000   0.0000
     915  -0.5773   8.0389  14.7962   0.0000   0.0000   0.0000
     916  -1.1416   7.3139  14.1127   0.0000   0.0000   0.0000
     917  -1.6022   7.9044  14.4335   0.0000   0.0000   0.0000
     918  -1.2527   6.3051  13.6824   0.0000   0.0000   0.0000
     919  -0.5548   7.8579  13.1338   0.0000   0.0000   0.0000
     920  -0.3098   8.0421  13.6242   0.0000   0.0000   0.0000
     921  -1.1198   7.3831  13.8810   0.0000   0.0000   0.0000
     922  -1.6678   8.1658  13.0687   0.0000   0.0000   0.0000
     923  -1.4866   7.4772  14.0191   0.0000   0.0000   0.0000
     924  -1.3528   7.4628  14.7865   0.0000   0.0000   0.0000
     925  -0.8699   8.4213  14.6141   0.0000   0.0000   0.0000
     926  -1.1305   7.7835  14.1807   0.0000   0.0000   0.0000
     927  -1.8367   7.3262  13.5517   0.0000   0.0000   0.0000
     928  -1.4310   7.9172  13.9885   0.0000   0.0000   0.0000
     929  -1.5859   7.3394  14.3192   0.0000   0.0000   0.0000
     930  -1.2964   7.5094  13.8879   0.0000   0.0000   0.0000
     931  -1.1523   7.3415  14.6047   0.0000   0.0000   0.0000
     932  -1.4986   7.5908  14.0814   0.0000   0.0000   0.0000
     933  -1.5009   7.9503  13.4840   0.0000   0.0000   0.0000
     934  -1.3054   8.0712  13.7509   0.0000   0.0000   0.0000
     935  -1.2306   7.3670  13.6931   0.0000   0.0000   0.0000
     936  -1.2735   8.3459  13.6394   0.0000   0.0000   0.0000
     937  -1.6070   7.9053  14.1062   0.0000   0.0000   0.0000
     938  -1.7849   7.1887  14.5426   0.0000   0.0000   0.0000
     939  -1.8469   7.3075  14.0855   0.0000   0.0000   0.0000
     940  -2.3221   7.6657  14.5452   0.0000   0.0000   0.0000
     941  -1.2051   7.0038  14.4922   0.0000   0.0000   0.0000
     942  -1.5768   7.1448  14.0274   0.0000   0.0000   0.0000
     943  -1.2604   7.4968  14.2226   0.0000   0.0000   0.0000
     944  -1.8016   7.8995  14.2576   0.0000   0.0000   0.0000
     945  -1.0648   7.4794  13.4855   0.0000   0.0000   0.0000
     946  -1.4755   9.0144  13.3983   0.0000   0.0000   0.0000
     947  -1.4455   7.9881  13.8206   0.0000   0.0000   0.0000
     948  -1.1865   8.7966  14.1340   0.0000   0.0000   0.0000
     949  -2.2284   8.1652  14.8160   0.0000   0.0000   0.0000
     950  -2.3304   9.0513  14.0042   0.0000   0.0000   0.0000
     951  -0.8465   9.3395  13.4078   0.0000   0.0000   0.0000
     952  -1.7682   8.0415  13.4299   0.0000   0.0000   0.0000
     953  -1.9109   8.6064  13.7425   0.0000   0.0000   0.0000
     954  -1.7058   8.4119  13.7709   0.0000   0.0000   0.0000
     955  -1.6503   8.2990  13.6674   0.0000   0.0000   0.0000
     956  -2.0138   8.6196  13.2568   0.0000   0.0000   0.0000
     957  -2.1845   8.5866  13.6544   0.0000   0.0000   0.0000
     958  -2.3426   8.0420  13.9516   0.0000   0.0000   0.0000
     959  -1.8913   8.4539  14.1374   0.0000   0.0000   0.0000
     960  -1.6665   7.5556  14.4887   0.0000   0.0000   0.0000
     961  -1.9137   8.1861  14.1635   0.0000   0.0000   0.0000
     962  -2.4023   8.2979  13.3318   0.0000   0.0000   0.0000
     963  -2.6069   8.1568  13.9663   0.0000   0.0000   0.0000
     964  -2.4724   8.3839  13.9562   0.0000   0.0000   0.0000
     965  -2.2945   7.9802  14.4770   0.0000   0.0000   0.0000
     966  -2.8584   8.4659  14.2237   0.0000   0.0000   0.0000
     967  -2.0609   8.2763  13.2263   0.0000   0.0000   0.0000
     968  -2.4958   7.6399  13.5513   0.0000   0.0000   0.0000
     969  -3.4223   8.5886  13.2803   0.0000   0.0000   0.0000
     970  -3.4124   8.5003  13.3512   0.0000   0.0000   0.0000
     971  -2.6672   8.6425  13.1066   0.0000   0.0000   0.0000
     972  -3.0104   8.2413  13.5753   0.0000   0.0000   0.0000
     973  -2.6640   7.2439  13.2673   0.0000   0.0000   0.0000
     974  -3.0132   7.2512  13.5010   0.0000   0.0000   0.0000
     975  -3.3648   7.3080  13.3799   0.0000   0.0000   0.0000
     976  -2.7398   7.2675  14.1014   0.0000   0.0000   0.0000
     977  -2.5168   7.4510  13.3986   0.0000   0.0000   0.0000
     978  -2.5376   8.6249  13.4263   0.0000   0.0000   0.0000
     979  -3.0545   8.9272  13.1991   0.0000   0.0000   0.0000
     980  -2.5027   8.4849  13.8221   0.0000   0.0000   0.0000
     981  -2.9953   7.3689  12.7587   0.0000   0.0000   0.0000
     982  -3.8244   8.2800  13.1215   0.0000   0.0000   0.0000
     983  -3.5149   7.1908  13.1460   0.0000   0.0000   0.0000
     984  -2.4164   7.4738  13.2338   0.0000   0.0000   0.0000
     985  -3.7882   7.6037  13.3868   0.0000   0.0000   0.0000
     986  -3.2733   7.1215  13.8496   0.0000   0.0000   0.0000
     987  -2.6340   7.0624  13.3737   0.0000   0.0000   0.0000
     988  -3.3352   7.5239  14.2732   0.0000   0.0000   0.0000
     989  -2.7094   7.8849  14.4741   0.0000   0.0000   0.0000
     990  -2.6913   8.0117  14.3761   0.0000   0.0000   0.0000
     991  -1.7111   8.4125  13.6905   0.0000   0.0000   0.0000
     992  -2.1919   8.1500  14.1478   0.0000   0.0000   0.0000
     993  -2.6147   8.9441  14.2492   0.0000   0.0000   0.0000
     994  -3.3810   8.3465  13.6179   0.0000   0.0000   0.0000
     995  -3.5347   8.1127  13.4266   0.0000   0.0000   0.0000
     996  -3.6451   7.9306  13.2171   0.0000   0.0000   0.0000
     997  -3.3160   8.2604  13.4992   0.0000   0.0000   0.0000
     998  -2.8993   8.1549  13.5069   0.0000   0.0000   0.0000
     999  -3.3104   8.1071  13.7998   0.0000   0.0000   0.0000
    1000  -2.8686   7.4867  14.3740   0.0000   0.0000   0.0000
    1001  -2.9770   8.2279  14.3400   0.0000   0.0000   0.0000
    1002  -3.3642   7.9315  13.7469   0.0000   0.0000   0.0000
    1003  -3.2458   8.8586  13.5198   0.0000   0.0000   0.0000
    1004  -3.5071   8.0981  12.6608   0.0000   0.0000   0.0000
    1005  -3.6570   9.1810  12.9504   0.0000   0.0000   0.0000
    1006  -3.0430   8.5254  12.4944   0.0000   0.0000   0.0000
    1007  -3.5758   8.0769  13.4362   0.0000   0.0000   0.0000
    1008  -3.7092   7.5737  13.4185   0.0000   0.0000   0.0000
    1009  -3.7900   8.6012  13.2621   0.0000   0.0000   0.0000
    1010  -3.9680   8.0765  12.9106   0.0000   0.0000   0.0000
    1011  -3.9949   8.1741  13.3530   0.0000   0.0000   0.0000
    1012  -4.2083   7.9957  13.2511   0.0000   0.0000   0.0000
    1013  -4.1512   8.0324  12.7689   0.0000   0.0000   0.0000
    1014  -4.1165   7.8326  13.5460   0.0000   0.0000   0.0000
    1015  -4.1969   8.0862  13.3835   0.0000   0.0000   0.0000
    1016  -4.2142   8.3866  13.3558   0.0000   0.0000   0.0000
    1017  -4.2668   7.7157  13.2590   0.0000   0.0000   0.0000
    1018  -4.5254   7.5430  13.4745   0.0000   0.0000   0.0000
    1019  -4.1557   7.7820  13.2335   0.0000   0.0000   0.0000
    1020  -4.3717   8.1195  13.1187   0.0000   0.0000   0.0000
    1021  -4.3758   7.7623  13.6316   0.0000   0.0000   0.0000
    1022  -5.1543   7.6538  13.0813   0.0000   0.0000   0.0000
    1023  -5.2562   6.4175  13.1907   0.0000   0.0000   0.0000
    1024  -4.8947   8.1286  13.4666   0.0000   0.0000   0.0000
    1025  -4.7482   7.9523  14.1790   0.0000   0.0000   0.0000
    1026  -4.9267   7.4584  14.5603   0.0000   0.0000   0.0000
    1027  -4.7168   7.4341  13.5439   0.0000   0.0000   0.0000
    1028  -5.1058   6.7918  14.0027   0.0000   0.0000   0.0000
    1029  -5.1956   6.6843  14.1125   0.0000   0.0000   0.0000
    1030  -4.4082   6.5687  14.3309   0.0000   0.0000   0.0000
    1031  -4.1523   7.3954  14.6874   0.0000   0.0000   0.0000
    1032  -3.8578   6.8350  13.4965   0.0000   0.0000   0.0000
    1033  -4.0998   6.8102  14.0427   0.0000   0.0000   0.0000
    1034  -3.9253   6.0487  14.0017   0.0000   0.0000   0.0000
    1035  -3.0775   6.2379  14.3277   0.0000   0.0000   0.0000
    1036  -3.6860   6.5719  14.2848   0.0000   0.0000   0.0000
    1037  -3.2547   6.2765  13.9663   0.0000   0.0000   0.0000
    1038  -2.9048   5.7864  14.6464   0.0000   0.0000   0.0000
    1039  -2.9428   7.4583  14.1886   0.0000   0.0000   0.0000
    1040  -3.2968   8.2607  14.4477   0.0000   0.0000   0.0000
    1041  -3.3246   8.0489  14.1996   0.0000   0.0000   0.0000
    1042  -3.5864   7.4694  14.0981   0.0000   0.0000   0.0000
    1043  -3.7417   7.2656  13.5799   0.0000   0.0000   0.0000
    1044  -4.1158   8.3211  13.8693   0.0000   0.0000   0.0000
    1045  -4.3970   7.2300  14.5113   0.0000   0.0000   0.0000
    1046  -3.3840   7.3539  14.9326   0.0000   0.0000   0.0000
    1047  -2.7076   7.0495  14.7035   0.0000   0.0000   0.0000
    1048  -3.2205   7.2105  14.8437   0.0000   0.0000   0.0000
    1049  -3.6642   7.7630  14.7509   0.0000   0.0000   0.0000
    1050  -2.7221   7.5438  14.5721   0.0000   0.0000   0.0000
    1051  -3.1613   8.2431  14.2023   0.0000   0.0000   0.0000
    1052  -3.6372   7.2076  14.2204   0.0000   0.0000   0.0000
    1053  -3.7561   6.8513  13.5869   0.0000   0.0000   0.0000
    1054  -3.9415   7.4535  14.0744   0.0000   0.0000   0.0000
    1055  -3.7100   6.9661  14.2011   0.0000   0.0000   0.0000
    1056  -4.0842   7.2301  14.8873   0.0000   0.0000   0.0000
    1057  -3.8580   6.2993  14.0403   0.0000   0.0000   0.0000
    1058  -3.7908   8.3801  14.3273   0.0000   0.0000   0.0000
    1059  -4.6739   8.4334  14.8517   0.0000   0.0000   0.0000
    1060  -4.4419   8.4022  14.5068   0.0000   0.0000   0.0000
    1061  -4.6312   7.6425  15.1920   0.0000   0.0000   0.0000
    1062  -4.8939   6.7525  15.0044   0.0000   0.0000   0.0000
    1063  -4.8459   6.9249  14.7126   0.0000   0.0000   0.0000
    1064  -4.6184   7.1011  15.3926   0.0000   0.0000   0.0000
    1065  -4.6719   7.8527  14.8944   0.0000   0.0000   0.0000
    1066  -5.4327   7.2973  14.4411   0.0000   0.0000   0.0000
    1067  -4.9110   7.6335  14.4037   0.0000   0.0000   0.0000
    1068  -3.5497   8.3998  14.2444   0.0000   0.0000   0.0000
    1069  -4.3378   8.2811  14.5818   0.0000   0.0000   0.0000
    1070  -4.3683   8.4676  13.9354   0.0000   0.0000   0.0000
    1071  -4.5869   8.1712  13.9193   0.0000   0.0000   0.0000
    1072  -4.9840   8.5404  14.2419   0.0000   0.0000   0.0000
    1073  -5.4483   8.3377  14.3319   0.0000   0.0000   0.0000
    1074  -4.6347   8.6955  14.0386   0.0000   0.0000   0.0000
    1075  -4.9944   8.1175  13.5594   0.0000   0.0000   0.0000
    1076  -5.2470   8.4741  14.1060   0.0000   0.0000   0.0000
    1077  -3.4357   8.0988  13.7888   0.0000   0.0000   0.0000
    1078  -4.8674   8.6021  13.6643   0.0000   0.0000   0.0000
    1079  -4.2653   8.6400  14.1450   0.0000   0.0000   0.0000
    1080  -4.3013   7.9672  14.2290   0.0000   0.0000   0.0000
    1081  -4.9714   8.6492  14.7930   0.0000   0.0000   0.0000
    1082  -4.6429   8.2561  14.6009   0.0000   0.0000   0.0000
    1083  -4.6230   8.4216  14.6205   0.0000   0.0000   0.0000
    1084  -4.3634   7.5188  14.5329   0.0000   0.0000   0.0000
    1085  -4.3529   8.2606  15.0123   0.0000   0.0000   0.0000
    1086  -4.4753   8.3367  14.4964   0.0000   0.0000   0.0000
    1087  -4.2573   8.4788  14.7478   0.0000   0.0000   0.0000
    1088  -4.1625   7.7953  14.6485   0.0000   0.0000   0.0000
    1089  -4.6359   8.6991  15.0440   0.0000   0.0000   0.0000
    1090  -5.5647   9.1814  15.1729   0.0000   0.0000   0.0000
    1091  -4.4134   9.0880  15.2981   0.0000   0.0000   0.0000
    1092  -4.9313   8.4433  15.9437   0.0000   0.0000   0.0000
    1093  -4.3179   8.0637  15.1052   0.0000   0.0000   0.0000
    1094  -4.7103   8.0196  15.5633   0.0000   0.0000   0.0000
    1095  -5.1351   9.1661  15.4090   0.0000   0.0000   0.0000
    1096  -5.0848   9.4382  15.8334   0.0000   0.0000   0.0000
    1097  -4.0010   8.8745  14.9201   0.0000   0.0000   0.0000
    1098  -4.3074   8.2326  15.3115   0.0000   0.0000   0.0000
    1099  -4.2734   8.9458  14.2575   0.0000   0.0000   0.0000
    1100  -4.3579   9.2234  14.7048   0.0000   0.0000   0.0000
    1101  -3.7287   8.4869  14.2002   0.0000   0.0000   0.0000
    1102  -3.8047   8.4498  14.5911   0.0000   0.0000   0.0000
    1103  -3.6886   8.9782  14.0929   0.0000   0.0000   0.0000
    1104  -4.3608   7.9489  14.5153   0.0000   0.0000   0.0000
    1105  -4.3638   8.5376  14.2622   0.0000   0.0000   0.0000
    1106  -4.1367   9.0809  13.7327   0.0000   0.0000   0.0000
    1107  -4.9181   7.9195  13.7396   0.0000   0.0000   0.0000
    1108  -4.5737   7.7193  13.0320   0.0000   0.0000   0.0000
    1109  -3.8115   8.3965  13.2019   0.0000   0.0000   0.0000
    1110  -4.3029   8.0764  12.3152   0.0000   0.0000   0.0000
    1111  -3.7401   8.0850  13.4612   0.0000   0.0000   0.0000
    1112  -3.8423   8.7962  12.9664   0.0000   0.0000   0.0000
    1113  -3.3286   7.9511  12.6902   0.0000   0.0000   0.0000
    1114  -3.5694   7.7019  13.1012   0.0000   0.0000   0.0000
    1115  -5.5478   7.4840  13.6135   0.0000   0.0000   0.0000
    1116  -4.3956   7.8588  13.1515   0.0000   0.0000   0.0000
    1117  -3.9938   8.4641  14.1393   0.0000   0.0000   0.0000
    1118  -4.4218   7.7684  13.5032   0.0000   0.0000   0.0000
    1119  -3.9758   7.3485  13.0293   0.0000   0.0000   0.0000
    1120  -4.3054   8.6689  13.8881   0.0000   0.0000   0.0000
    1121  -3.9175   7.6644  14.1781   0.0000   0.0000   0.0000
    1122  -3.5596   6.7009  13.7269   0.0000   0.0000   0.0000
    1123  -3.9626   7.2526  13.5510   0.0000   0.0000   0.0000
    1124  -3.4271   7.4165  12.8923   0.0000   0.0000   0.0000
    1125  -3.7304   7.3480  12.8665   0.0000   0.0000   0.0000
    1126  -4.0849   7.7903  12.9226   0.0000   0.0000   0.0000
    1127  -3.2690   7.1318  13.3151   0.0000   0.0000   0.0000
    1128  -3.9548   7.4956  12.7071   0.0000   0.0000   0.0000
    1129  -4.2490   7.2425  13.1582   0.0000   0.0000   0.0000
    1130  -4.2754   7.6205  13.1593   0.0000   0.0000   0.0000
    1131  -4.2898   9.1757  13.0374   0.0000   0.0000   0.0000
    1132  -4.4731   8.8257  13.7006   0.0000   0.0000   0.0000
    1133  -3.8912   9.1326  13.7091   0.0000   0.0000   0.0000
    1134  -3.6446   9.2504  13.7178   0.0000   0.0000   0.0000
    1135  -3.3110   8.9664  13.1002   0.0000   0.0000   0.0000
    1136  -3.3713   9.2442  13.3014   0.0000   0.0000   0.0000
    1137  -3.7871   9.0277  12.9222   0.0000   0.0000   0.0000
    1138  -4.1315   8.7512  12.8109   0.0000   0.0000   0.0000
    1139  -3.2482   8.6732  13.6840   0.0000   0.0000   0.0000
    1140  -2.9617   8.1396  13.8668   0.0000   0.0000   0.0000
    1141  -3.3324   8.9887  13.2669   0.0000   0.0000   0.0000
    1142  -3.7919   9.2510  13.3906   0.0000   0.0000   0.0000
    1143  -2.7330   9.0170  13.2884   0.0000   0.0000   0.0000
    1144  -1.9096   8.2596  13.2020   0.0000   0.0000   0.0000
    1145  -2.7852   7.5886  13.2323   0.0000   0.0000   0.0000
    1146  -2.3999   7.5531  13.7456   0.0000   0.0000   0.0000
    1147  -2.5916   8.3848  14.9985   0.0000   0.0000   0.0000
    1148  -3.9744   7.7269  14.9096   0.0000   0.0000   0.0000
    1149  -3.6308   8.0203  14.2085   0.0000   0.0000   0.0000
    1150  -4.0636   8.0598  14.1361   0.0000   0.0000   0.0000
    1151  -3.7134   8.1089  14.5243   0.0000   0.0000   0.0000
    1152  -3.4024   7.5326  14.5810   0.0000   0.0000   0.0000
    1153  -2.7807   7.3021  14.3901   0.0000   0.0000   0.0000
    1154  -3.5149   7.3506  15.0982   0.0000   0.0000   0.0000
    1155  -2.9768   6.7520  14.8353   0.0000   0.0000   0.0000
    1156  -3.0855   7.0851  14.5150   0.0000   0.0000   0.0000
    1157  -2.9713   8.4081  14.6594   0.0000   0.0000   0.0000
    1158  -2.6811   7.5836  15.2072   0.0000   0.0000   0.0000
    1159  -3.2966   7.5083  14.9468   0.0000   0.0000   0.0000
    1160  -2.7251   7.1610  14.6974   0.0000   0.0000   0.0000
    1161  -2.9675   7.3366  14.3618   0.0000   0.0000   0.0000
    1162  -2.7173   7.7317  14.4830   0.0000   0.0000   0.0000
    1163  -2.6477   7.2849  14.3428   0.0000   0.0000   0.0000
    1164  -2.8090   7.5445  14.1653   0.0000   0.0000   0.0000
    1165  -2.9322   8.0946  13.9534   0.0000   0.0000   0.0000
    1166  -2.6232   8.0900  14.4926   0.0000   0.0000   0.0000
    1167  -2.7354   7.7567  13.8058   0.0000   0.0000   0.0000
    1168  -1.9734   7.5838  13.2012   0.0000   0.0000   0.0000
    1169  -2.4223   8.2629  13.4775   0.0000   0.0000   0.0000
    1170  -3.0611   7.1342  13.1809   0.0000   0.0000   0.0000
    1171  -3.1527   7.3490  13.2459   0.0000   0.0000   0.0000
    1172  -3.1178   7.3970  12.8479   0.0000   0.0000   0.0000
    1173  -3.3544   7.4429  12.8730   0.0000   0.0000   0.0000
    1174  -2.4985   7.8103  11.8309   0.0000   0.0000   0.0000
    1175  -2.5189   7.7277  11.9597   0.0000   0.0000   0.0000
    1176  -3.0309   6.9927  12.0569   0.0000   0.0000   0.0000
    1177  -2.7386   7.7212  12.2252   0.0000   0.0000   0.0000
    1178  -3.1632   7.2889  13.1357   0.0000   0.0000   0.0000
    1179  -2.6080   7.0324  12.2352   0.0000   0.0000   0.0000
    1180  -2.3056   7.9216  12.2712   0.0000   0.0000   0.0000
    1181  -3.0962   7.3901  13.2586   0.0000   0.0000   0.0000
    1182  -3.8757   8.1807  13.4480   0.0000   0.0000   0.0000
    1183  -2.3097   6.9738  13.7805   0.0000   0.0000   0.0000
    1184  -2.1633   7.3465  13.9308   0.0000   0.0000   0.0000
    1185  -1.7890   7.7996  14.8140   0.0000   0.0000   0.0000
    1186  -1.3461   7.0220  14.0981   0.0000   0.0000   0.0000
    1187  -2.3887   6.8773  13.8339   0.0000   0.0000   0.0000
    1188  -1.5870   8.4000  14.4691   0.0000   0.0000   0.0000
    1189  -2.3551   7.4796  13.9719   0.0000   0.0000   0.0000
    1190  -1.3521   7.3200  14.1520   0.0000   0.0000   0.0000
    1191  -2.5454   7.5806  14.1107   0.0000   0.0000   0.0000
    1192  -1.8392   7.6101  14.3106   0.0000   0.0000   0.0000
    1193  -1.9566   7.3107  14.0412   0.0000   0.0000   0.0000
    1194  -1.8812   7.2992  15.1713   0.0000   0.0000   0.0000
    1195  -2.5680   6.7940  15.3598   0.0000   0.0000   0.0000
    1196  -2.5729   7.8325  14.6715   0.0000   0.0000   0.0000
    1197  -2.9592   7.3809  15.4582   0.0000   0.0000   0.0000
    1198  -3.3287   7.2485  14.9865   0.0000   0.0000   0.0000
    1199  -2.4993   7.7733  15.3139   0.0000   0.0000   0.0000
    1200  -2.2953   8.2021  14.2487   0.0000   0.0000   0.0000
    1201  -2.7855   7.2752  14.7030   0.0000   0.0000   0.0000
    1202  -2.3348   8.2554  14.4796   0.0000   0.0000   0.0000
    1203  -2.1121   8.1155  15.2021   0.0000   0.0000   0.0000
    1204  -2.5773   7.8664  14.2726   0.0000   0.0000   0.0000
    1205  -2.6749   8.4558  14.8009   0.0000   0.0000   0.0000
    1206  -2.8179   6.9617  15.0972   0.0000   0.0000   0.0000
    1207  -2.7436   7.6241  15.0663   0.0000   0.0000   0.0000
    1208  -2.4218   8.1474  14.4282   0.0000   0.0000   0.0000
    1209  -2.6067   7.1035  14.6562   0.0000   0.0000   0.0000
    1210  -2.5681   7.5082  14.5943   0.0000   0.0000   0.0000
    1211  -2.9202   7.2470  15.0012   0.0000   0.0000   0.0000
    1212  -2.5832   6.8193  15.0507   0.0000   0.0000   0.0000
    1213  -2.4178   6.9976  14.6304   0.0000   0.0000   0.0000
    1214  -2.5796   7.3751  15.0504   0.0000   0.0000   0.0000
    1215  -2.5720   6.7770  13.9073   0.0000   0.0000   0.0000
    1216  -2.9356   7.3554  15.0795   0.0000   0.0000   0.0000
    1217  -2.9690   6.8838  15.2930   0.0000   0.0000   0.0000
    1218  -3.5844   6.7624  14.6854   0.0000   0.0000   0.0000
    1219  -2.3245   8.1924  15.4791   0.0000   0.0000   0.0000
    1220  -3.3588   7.6315  15.0698   0.0000   0.0000   0.0000
    1221  -2.8215   7.8066  15.0817   0.0000   0.0000   0.0000
    1222  -2.7100   7.7194  15.0365   0.0000   0.0000   0.0000
    1223  -2.7685   8.8416  15.5805   0.0000   0.0000   0.0000
    1224  -2.4419   9.2653  14.7656   0.0000   0.0000   0.0000
    1225  -2.2724   8.3706  15.5188   0.0000   0.0000   0.0000
    1226  -3.1585   8.6646  15.4493   0.0000   0.0000   0.0000
    1227  -2.7743   9.2646  15.2600   0.0000   0.0000   0.0000
    1228  -3.8455   9.1098  15.7596   0.0000   0.0000   0.0000
    1229  -3.5134   8.6666  15.3643   0.0000   0.0000   0.0000
    1230  -2.9634   8.3532  15.3985   0.0000   0.0000   0.0000
    1231  -3.4525   9.3121  15.2621   0.0000   0.0000   0.0000
    1232  -3.3469   8.2007  15.7462   0.0000   0.0000   0.0000
    1233  -2.8810   8.0619  15.4363   0.0000   0.0000   0.0000
    1234  -3.7985   8.1431  14.7497   0.0000   0.0000   0.0000
    1235  -3.1520   8.4416  15.6033   0.0000   0.0000   0.0000
    1236  -2.7820   9.2842  15.2926   0.0000   0.0000   0.0000
    1237  -4.0902   8.1474  15.4620   0.0000   0.0000   0.0000
    1238  -3.6807   8.9983  14.8439   0.0000   0.0000   0.0000
    1239  -3.4082   8.1203  15.0712   0.0000   0.0000   0.0000
    1240  -3.9368   8.7446  14.8432   0.0000   0.0000   0.0000
    1241  -4.5262   8.9502  14.4182   0.0000   0.0000   0.0000
    1242  -2.9268   7.9790  14.4921   0.0000   0.0000   0.0000
    1243  -3.5457   7.8179  15.0775   0.0000   0.0000   0.0000
    1244  -3.2951   8.7594  15.0596   0.0000   0.0000   0.0000
    1245  -3.3916   8.8122  14.4991   0.0000   0.0000   0.0000
    1246  -3.6647   9.2203  13.9998   0.0000   0.0000   0.0000
    1247  -3.2892   8.8749  15.2708   0.0000   0.0000   0.0000
    1248  -3.5748   7.7996  14.5736   0.0000   0.0000   0.0000
    1249  -3.6796   7.9863  14.8453   0.0000   0.0000   0.0000
    1250  -3.3454   7.9135  15.1234   0.0000   0.0000   0.0000
    1251  -4.7959   7.4136  14.5774   0.0000   0.0000   0.0000
    1252  -4.3527   8.0942  14.5001   0.0000   0.0000   0.0000
    1253  -3.7751   7.6155  14.5661   0.0000   0.0000   0.0000
    1254  -3.6999   8.0899  14.0087   0.0000   0.0000   0.0000
    1255  -3.7250   8.2758  14.2144   0.0000   0.0000   0.0000
    1256  -3.3054   7.4417  14.2799   0.0000   0.0000   0.0000
    1257  -3.2388   8.3743  14.3426   0.0000   0.0000   0.0000
    1258  -3.2220   8.1466  13.8970   0.0000   0.0000   0.0000
    1259  -3.8552   7.8198  14.0424   0.0000   0.0000   0.0000
    1260  -4.1870   8.3049  14.3145   0.0000   0.0000   0.0000
    1261  -4.4768   7.8796  14.7479   0.0000   0.0000   0.0000
    1262  -3.8206   7.8991  14.5216   0.0000   0.0000   0.0000
    1263  -3.5408   7.8250  14.3853   0.0000   0.0000   0.0000
    1264  -2.9030   8.0873  14.5418   0.0000   0.0000   0.0000
    1265  -3.4325   7.9187  15.2875   0.0000   0.0000   0.0000
    1266  -3.8197   8.8933  14.9554   0.0000   0.0000   0.0000
    1267  -4.2799   8.4435  14.1246   0.0000   0.0000   0.0000
    1268  -4.3179   8.3610  14.4215   0.0000   0.0000   0.0000
    1269  -4.4320   8.0343  14.6511   0.0000   0.0000   0.0000
    1270  -4.7853   8.6177  14.7370   0.0000   0.0000   0.0000
    1271  -4.3601   7.3709  15.4693   0.0000   0.0000   0.0000
    1272  -4.4583   8.3303  15.6927   0.0000   0.0000   0.0000
    1273  -4.0724   8.7993  14.5732   0.0000   0.0000   0.0000
    1274  -4.0470   8.6870  14.1523   0.0000   0.0000   0.0000
    1275  -4.2367   7.9119  14.6610   0.0000   0.0000   0.0000
    1276  -4.4209   7.3551  15.3910   0.0000   0.0000   0.0000
    1277  -3.5543   7.9173  13.9874   0.0000   0.0000   0.0000
    1278  -4.2735   8.0226  14.2394   0.0000   0.0000   0.0000
    1279  -3.2475   8.0331  13.5791   0.0000   0.0000   0.0000
    1280  -3.2461   9.2362  14.6027   0.0000   0.0000   0.0000
    1281  -3.7031   7.6064  14.2826   0.0000   0.0000   0.0000
    1282  -3.5947   8.1665  14.5036   0.0000   0.0000   0.0000
    1283  -3.4278   8.3227  14.8553   0.0000   0.0000   0.0000
    1284  -3.4915   8.0379  15.6945   0.0000   0.0000   0.0000
    1285  -3.3630   7.8480  14.7966   0.0000   0.0000   0.0000
    1286  -2.9498   7.9681  14.9750   0.0000   0.0000   0.0000
    1287  -3.4549   8.8819  14.8773   0.0000   0.0000   0.0000
    1288  -2.8627   7.9609  15.0720   0.0000   0.0000   0.0000
    1289  -2.6524   8.0770  15.2674   0.0000   0.0000   0.0000
    1290  -2.4494   8.1364  15.7655   0.0000   0.0000   0.0000
    1291  -2.9164   8.2879  15.7407   0.0000   0.0000   0.0000
    1292  -3.0972   8.1641  15.7971   0.0000   0.0000   0.0000
    1293  -2.0367   8.4350  14.6653   0.0000   0.0000   0.0000
    1294  -3.2976   7.1912  15.7853   0.0000   0.0000   0.0000
    1295  -2.5516   7.8878  15.6578   0.0000   0.0000   0.0000
    1296  -2.8044   8.6269  15.6215   0.0000   0.0000   0.0000
    1297  -3.9723   7.3091  15.9989   0.0000   0.0000   0.0000
    1298  -3.1756   7.6992  15.6261   0.0000   0.0000   0.0000
    1299  -3.2037   7.4165  15.2667   0.0000   0.0000   0.0000
    1300  -4.0537   7.7697  15.8763   0.0000   0.0000   0.0000
    1301  -3.3686   7.2306  16.2015   0.0000   0.0000   0.0000
    1302  -2.9728   7.6708  15.6217   0.0000   0.0000   0.0000
    1303  -2.3561   7.5400  16.4222   0.0000   0.0000   0.0000
    1304  -2.8677   7.7636  16.6064   0.0000   0.0000   0.0000
    1305  -3.7199   8.3246  16.0106   0.0000   0.0000   0.0000
    1306  -3.1664   7.8469  16.4177   0.0000   0.0000   0.0000
    1307  -3.1935   8.5195  16.3357   0.0000   0.0000   0.0000
    1308  -3.5058   9.3822  16.3470   0.0000   0.0000   0.0000
    1309  -3.8885   8.0107  16.1798   0.0000   0.0000   0.0000
    1310  -3.2380   8.6422  15.9601   0.0000   0.0000   0.0000
    1311  -3.2918   9.2725  15.4316   0.0000   0.0000   0.0000
    1312  -3.7897   8.0155  16.4695   0.0000   0.0000   0.0000
    1313  -2.1502   8.1856  15.5676   0.0000   0.0000   0.0000
    1314  -2.5973   8.1574  16.5681   0.0000   0.0000   0.0000
    1315  -1.9203   7.9327  16.2335   0.0000   0.0000   0.0000
    1316  -3.1885   8.1753  17.0261   0.0000   0.0000   0.0000
    1317  -3.2479  10.0040  17.6938   0.0000   0.0000   0.0000
    1318  -2.3563  10.1785  17.4398   0.0000   0.0000   0.0000
    1319  -3.0854   9.4369  17.4368   0.0000   0.0000   0.0000
    1320  -3.1146   9.5570  17.5077   0.0000   0.0000   0.0000
    1321  -3.9121   9.1890  17.4508   0.0000   0.0000   0.0000
    1322  -3.0620   8.7839  17.1987   0.0000   0.0000   0.0000
    1323  -3.4297   8.7197  17.6120   0.0000   0.0000   0.0000
    1324  -3.3977   9.0484  17.5133   0.0000   0.0000   0.0000
    1325  -3.2783   8.7405  17.0042   0.0000   0.0000   0.0000
    1326  -3.6261   9.1644  17.5044   0.0000   0.0000   0.0000
    1327  -3.7546   9.4697  17.6717   0.0000   0.0000   0.0000
    1328  -3.7799  10.1647  17.2235   0.0000   0.0000   0.0000
    1329  -3.4604   9.8698  17.3271   0.0000   0.0000   0.0000
    1330  -4.2922   9.4134  17.6662   0.0000   0.0000   0.0000
    1331  -4.0735   9.4547  18.2485   0.0000   0.0000   0.0000
    1332  -4.3797   8.8478  16.9191   0.0000   0.0000   0.0000
    1333  -3.9508   9.1056  17.4287   0.0000   0.0000   0.0000
    1334  -4.1116   9.3365  17.2608   0.0000   0.0000   0.0000
    1335  -4.2881   9.3360  18.3699   0.0000   0.0000   0.0000
    1336  -3.8774   8.6078  17.2020   0.0000   0.0000   0.0000
    1337  -3.4284   8.4846  17.8164   0.0000   0.0000   0.0000
    1338  -2.8847   8.6496  16.8184   0.0000   0.0000   0.0000
    1339  -2.6880   8.7644  16.6764   0.0000   0.0000   0.0000
    1340  -2.7864   8.8184  16.8939   0.0000   0.0000   0.0000
    1341  -3.3978   9.1243  17.1418   0.0000   0.0000   0.0000
    1342  -3.0755   9.0562  16.7155   0.0000   0.0000   0.0000
    1343  -3.6807   8.9274  17.2256   0.0000   0.0000   0.0000
    1344  -3.8097   9.5559  16.8269   0.0000   0.0000   0.0000
    1345  -3.5523   8.8886  16.7294   0.0000   0.0000   0.0000
    1346  -3.2636   8.5805  16.7189   0.0000   0.0000   0.0000
    1347  -2.9419   8.8273  16.4957   0.0000   0.0000   0.0000
    1348  -3.3233   8.4215  16.3698   0.0000   0.0000   0.0000
    1349  -3.4282   8.2493  16.8056   0.0000   0.0000   0.0000
    1350  -3.7984   8.8410  17.0071   0.0000   0.0000   0.0000
    1351  -3.4201   8.5028  16.7528   0.0000   0.0000   0.0000
    1352  -3.3900   8.2690  16.9874   0.0000   0.0000   0.0000
    1353  -2.2879   8.8318  16.5557   0.0000   0.0000   0.0000
    1354  -2.2503   8.1221  17.5996   0.0000   0.0000   0.0000
    1355  -2.8695   7.4546  17.0658   0.0000   0.0000   0.0000
    1356  -3.4275   7.3862  16.3499   0.0000   0.0000   0.0000
    1357  -3.5070   7.6255  16.7407   0.0000   0.0000   0.0000
    1358  -3.2501   7.6793  17.0396   0.0000   0.0000   0.0000
    1359  -3.7150   8.0841  16.9098   0.0000   0.0000   0.0000
    1360  -3.6684   7.9228  17.3696   0.0000   0.0000   0.0000
    1361  -3.6070   8.3544  16.4837   0.0000   0.0000   0.0000
    1362  -3.6026   7.7300  16.7050   0.0000   0.0000   0.0000
    1363  -3.9037   8.4874  17.0291   0.0000   0.0000   0.0000
    1364  -3.0201   8.7399  17.3259   0.0000   0.0000   0.0000
    1365  -2.9857   7.9347  17.1670   0.0000   0.0000   0.0000
    1366  -3.5090   7.6900  17.1327   0.0000   0.0000   0.0000
    1367  -2.4722   7.9854  16.8184   0.0000   0.0000   0.0000
    1368  -3.7500   7.7726  15.8888   0.0000   0.0000   0.0000
    1369  -2.9777   8.8877  16.5461   0.0000   0.0000   0.0000
    1370  -3.4718   8.1132  16.8763   0.0000   0.0000   0.0000
    1371  -3.4352   8.9423  16.9853   0.0000   0.0000   0.0000
    1372  -3.5506   8.4195  17.3565   0.0000   0.0000   0.0000
    1373  -3.9456   8.3969  17.0646   0.0000   0.0000   0.0000
    1374  -4.6690   9.1752  16.1378   0.0000   0.0000   0.0000
    1375  -4.3405   9.4061  16.9366   0.0000   0.0000   0.0000
    1376  -4.3608   8.4186  17.3706   0.0000   0.0000   0.0000
    1377  -4.0434   8.7955  17.5705   0.0000   0.0000   0.0000
    1378  -4.3191   7.8437  18.4251   0.0000   0.0000   0.0000
    1379  -3.5576   8.4246  17.3509   0.0000   0.0000   0.0000
    1380  -3.5974   9.0444  17.7006   0.0000   0.0000   0.0000
    1381  -4.2775   8.2995  17.6942   0.0000   0.0000   0.0000
    1382  -3.6772   8.1993  17.2514   0.0000   0.0000   0.0000
    1383  -3.9282   8.0758  17.7223   0.0000   0.0000   0.0000
    1384  -4.7583   8.6700  17.0796   0.0000   0.0000   0.0000
    1385  -3.7315   7.9502  17.4322   0.0000   0.0000   0.0000
    1386  -3.3898   8.3380  17.1351   0.0000   0.0000   0.0000
    1387  -4.6806   8.2577  17.6905   0.0000   0.0000   0.0000
    1388  -4.8662   8.1700  18.2096   0.0000   0.0000   0.0000
    1389  -4.0348   8.2269  17.3354   0.0000   0.0000   0.0000
    1390  -4.3021   7.9317  17.6768   0.0000   0.0000   0.0000
    1391  -3.7319   8.6823  17.7861   0.0000   0.0000   0.0000
    1392  -3.0351   8.6235  16.9724   0.0000   0.0000   0.0000
    1393  -4.3801   8.4787  16.6729   0.0000   0.0000   0.0000
    1394  -3.8577   9.2620  16.2985   0.0000   0.0000   0.0000
    1395  -3.5124   8.6843  16.4069   0.0000   0.0000   0.0000
    1396  -4.1849   8.5663  17.1643   0.0000   0.0000   0.0000
    1397  -2.6964   8.5175  15.9080   0.0000   0.0000   0.0000
    1398  -2.8502   8.6164  16.3936   0.0000   0.0000   0.0000
    1399  -3.2025   7.3687  16.0697   0.0000   0.0000   0.0000
    1400  -3.4464   7.4016  15.8809   0.0000   0.0000   0.0000
    1401  -3.5185   7.8537  16.1320   0.0000   0.0000   0.0000
    1402  -3.7247   6.9405  15.9142   0.0000   0.0000   0.0000
    1403  -3.2707   8.1906  15.2672   0.0000   0.0000   0.0000
    1404  -3.0813   8.5044  16.0919   0.0000   0.0000   0.0000
    1405  -3.8721   7.6259  15.7029   0.0000   0.0000   0.0000
    1406  -4.3931   8.1366  15.9277   0.0000   0.0000   0.0000
    1407  -3.2412   7.3648  16.0234   0.0000   0.0000   0.0000
    1408  -4.1209   7.7180  16.2655   0.0000   0.0000   0.0000
    1409  -4.1201   8.0330  16.0152   0.0000   0.0000   0.0000
    1410  -3.1122   8.2591  16.2763   0.0000   0.0000   0.0000
    1411  -5.4129   8.0965  15.7419   0.0000   0.0000   0.0000
    1412  -3.8007   8.9368  15.9953   0.0000   0.0000   0.0000
    1413  -5.0237   8.1848  15.5030   0.0000   0.0000   0.0000
    1414  -4.7242   7.9445  15.9421   0.0000   0.0000   0.0000
    1415  -4.3810   7.4103  15.8915   0.0000   0.0000   0.0000
    1416  -5.6301   7.7304  15.7518   0.0000   0.0000   0.0000
    1417  -3.8131   8.4741  16.0793   0.0000   0.0000   0.0000
    1418  -4.9642   7.7046  16.0916   0.0000   0.0000   0.0000
    1419  -4.6664   8.1236  16.2839   0.0000   0.0000   0.0000
    1420  -3.9249   8.1936  15.9818   0.0000   0.0000   0.0000
    1421  -4.6997   8.4040  16.5846   0.0000   0.0000   0.0000
    1422  -5.3222   7.2124  16.7532   0.0000   0.0000   0.0000
    1423  -4.6234   7.1831  16.7746   0.0000   0.0000   0.0000
    1424  -3.1613   8.1928  16.5237   0.0000   0.0000   0.0000
    1425  -3.4841   8.4520  16.8878   0.0000   0.0000   0.0000
    1426  -3.1571   8.0753  16.2270   0.0000   0.0000   0.0000
    1427  -3.4731   8.3421  17.1779   0.0000   0.0000   0.0000
    1428  -3.2356   7.6307  16.8741   0.0000   0.0000   0.0000
    1429  -2.9237   7.4186  17.6430   0.0000   0.0000   0.0000
    1430  -3.3020   9.0543  17.7818   0.0000   0.0000   0.0000
    1431  -3.3749   8.2319  17.1763   0.0000   0.0000   0.0000
    1432  -4.6734   7.7249  16.7985   0.0000   0.0000   0.0000
    1433  -4.2405   8.5971  17.0857   0.0000   0.0000   0.0000
    1434  -4.7549   8.0789  16.9709   0.0000   0.0000   0.0000
    1435  -3.8714   9.2285  18.0048   0.0000   0.0000   0.0000
    1436  -4.4628   8.8487  16.7495   0.0000   0.0000   0.0000
    1437  -4.5529   8.0730  16.8324   0.0000   0.0000   0.0000
    1438  -4.6524   7.9096  17.5034   0.0000   0.0000   0.0000
    1439  -4.5099   8.0924  17.6004   0.0000   0.0000   0.0000
    1440  -4.6837   8.4886  17.4326   0.0000   0.0000   0.0000
    1441  -4.2237   8.1909  17.5850   0.0000   0.0000   0.0000
    1442  -4.5009   7.7948  17.3669   0.0000   0.0000   0.0000
    1443  -4.5589   7.7016  17.0518   0.0000   0.0000   0.0000
    1444  -4.2745   7.3269  16.7756   0.0000   0.0000   0.0000
    1445  -4.3733   7.4287  16.8849   0.0000   0.0000   0.0000
    1446  -4.2925   8.0726  17.2356   0.0000   0.0000   0.0000
    1447  -4.1589   7.6568  17.0337   0.0000   0.0000   0.0000
    1448  -3.8695   8.2609  17.3405   0.0000   0.0000   0.0000
    1449  -3.8599   7.9809  17.3624   0.0000   0.0000   0.0000
    1450  -4.0370   7.5325  17.7460   0.0000   0.0000   0.0000
    1451  -4.5276   7.4508  17.6781   0.0000   0.0000   0.0000
    1452  -2.9889   7.7369  17.4086   0.0000   0.0000   0.0000
    1453  -3.0996   7.8543  18.0056   0.0000   0.0000   0.0000
    1454  -3.6392   7.7871  17.0935   0.0000   0.0000   0.0000
    1455  -3.6547   7.0533  17.7867   0.0000   0.0000   0.0000
    1456  -4.3217   7.9318  17.5381   0.0000   0.0000   0.0000
    1457  -2.9922   7.0489  17.1460   0.0000   0.0000   0.0000
    1458  -2.8002   6.2844  17.6594   0.0000   0.0000   0.0000
    1459  -3.2500   7.1438  16.9229   0.0000   0.0000   0.0000
    1460  -3.2321   8.3513  16.6126   0.0000   0.0000   0.0000
    1461  -2.8658   8.3906  16.6985   0.0000   0.0000   0.0000
    1462  -2.7780   8.3043  16.1257   0.0000   0.0000   0.0000
    1463  -2.8473   8.6008  16.5340   0.0000   0.0000   0.0000
    1464  -3.8554   8.0344  16.1579   0.0000   0.0000   0.0000
    1465  -3.6761   9.1820  16.6999   0.0000   0.0000   0.0000
    1466  -3.3270   8.5683  17.1847   0.0000   0.0000   0.0000
    1467  -3.5217   7.5902  16.4312   0.0000   0.0000   0.0000
    1468  -2.7312   7.4738  16.9613   0.0000   0.0000   0.0000
    1469  -3.1090   8.4647  16.6151   0.0000   0.0000   0.0000
    1470  -3.2383   8.2789  16.3643   0.0000   0.0000   0.0000
    1471  -3.1571   8.0406  16.4054   0.0000   0.0000   0.0000
    1472  -4.2211   8.8203  16.2455   0.0000   0.0000   0.0000
    1473  -4.0548   8.0260  15.5964   0.0000   0.0000   0.0000
    1474  -4.0773   7.9864  16.3434   0.0000   0.0000   0.0000
    1475  -4.4655   8.8408  15.7409   0.0000   0.0000   0.0000
    1476  -4.6159   9.2768  15.4833   0.0000   0.0000   0.0000
    1477  -4.0050   9.1590  15.5252   0.0000   0.0000   0.0000
    1478  -4.0428   8.4276  15.7849   0.0000   0.0000   0.0000
    1479  -3.9187   8.5792  14.1448   0.0000   0.0000   0.0000
    1480  -3.7370   9.1394  14.6101   0.0000   0.0000   0.0000
    1481  -3.6450   9.4174  15.2660   0.0000   0.0000   0.0000
    1482  -4.6156   9.6653  15.2918   0.0000   0.0000   0.0000
    1483  -4.8121  10.0064  15.3079   0.0000   0.0000   0.0000
    1484  -5.0707  10.0995  14.7970   0.0000   0.0000   0.0000
    1485  -3.8992  10.2169  14.6267   0.0000   0.0000   0.0000
    1486  -4.1764  10.3443  14.4565   0.0000   0.0000   0.0000
    1487  -3.6869   9.1983  15.1445   0.0000   0.0000   0.0000
    1488  -4.4302  10.0764  14.8423   0.0000   0.0000   0.0000
    1489  -4.1971   9.5764  15.1436   0.0000   0.0000   0.0000
    1490  -4.9005   8.5211  15.9853   0.0000   0.0000   0.0000
    1491  -4.6985   9.6410  15.7696   0.0000   0.0000   0.0000
    1492  -4.3236   9.0479  15.2893   0.0000   0.0000   0.0000
    1493  -4.7925   9.0984  15.8861   0.0000   0.0000   0.0000
    1494  -4.9879   9.8573  15.6734   0.0000   0.0000   0.0000
    1495  -4.6574   8.9051  16.2469   0.0000   0.0000   0.0000
    1496  -4.9055   9.2516  16.1110   0.0000   0.0000   0.0000
    1497  -4.0549   9.1016  15.5708   0.0000   0.0000   0.0000
    1498  -4.2797   9.1950  15.5786   0.0000   0.0000   0.0000
    1499  -4.6377  10.8219  15.7584   0.0000   0.0000   0.0000
    1500  -3.9232   8.8485  15.6904   0.0000   0.0000   0.0000
    1501  -4.9975  10.2876  15.1725   0.0000   0.0000   0.0000
    1502  -4.9697   9.5808  15.2624   0.0000   0.0000   0.0000
    1503  -5.1306   9.8412  15.6505   0.0000   0.0000   0.0000
    1504  -4.6149   8.9513  15.1896   0.0000   0.0000   0.0000
    1505  -5.1507   8.6361  15.3435   0.0000   0.0000   0.0000
    1506  -4.4199   9.3142  15.5169   0.0000   0.0000   0.0000
    1507  -3.9850   8.0609  15.7737   0.0000   0.0000   0.0000
    1508  -4.4660   7.8987  15.4959   0.0000   0.0000   0.0000
    1509  -4.5595   8.3503  14.4165   0.0000   0.0000   0.0000
    1510  -5.1541   8.9054  14.6145   0.0000   0.0000   0.0000
    1511  -5.0975   8.3535  15.0465   0.0000   0.0000   0.0000
    1512  -4.9980   7.8372  14.8224   0.0000   0.0000   0.0000
    1513  -5.1571   8.3472  14.7928   0.0000   0.0000   0.0000
    1514  -6.1341   8.3957  15.0832   0.0000   0.0000   0.0000
    1515  -6.1949   8.2669  14.9311   0.0000   0.0000   0.0000
    1516  -6.2131   8.6525  14.7856   0.0000   0.0000   0.0000
    1517  -5.6283   8.8258  14.8060   0.0000   0.0000   0.0000
    1518  -6.6067   9.1839  15.3734   0.0000   0.0000   0.0000
    1519  -6.7636   8.6559  15.5121   0.0000   0.0000   0.0000
    1520  -6.5043   7.9664  16.0838   0.0000   0.0000   0.0000
    1521  -6.2871   8.6078  14.9834   0.0000   0.0000   0.0000
    1522  -6.4206   8.6880  15.3994   0.0000   0.0000   0.0000
    1523  -6.8398   8.3738  16.1341   0.0000   0.0000   0.0000
    1524  -6.4277   8.0518  16.3422   0.0000   0.0000   0.0000
    1525  -6.1614   8.0846  16.2820   0.0000   0.0000   0.0000
    1526  -5.4148   8.3422  16.5907   0.0000   0.0000   0.0000
    1527  -5.9419   7.8776  16.0338   0.0000   0.0000   0.0000
    1528  -6.0810   8.5617  15.7613   0.0000   0.0000   0.0000
    1529  -5.6623   8.2461  15.5577   0.0000   0.0000   0.0000
    1530  -4.9860   8.2809  16.0482   0.0000   0.0000   0.0000
    1531  -5.3590   8.2810  15.4884   0.0000   0.0000   0.0000
    1532  -5.0789   8.6644  14.9238   0.0000   0.0000   0.0000
    1533  -5.3855   8.4596  14.9840   0.0000   0.0000   0.0000
    1534  -4.9619   8.9986  15.9830   0.0000   0.0000   0.0000
    1535  -4.4315   7.3544  15.4160   0.0000   0.0000   0.0000
    1536  -5.4018   7.8798  15.6484   0.0000   0.0000   0.0000
    1537  -5.2890   8.1086  16.1940   0.0000   0.0000   0.0000
    1538  -4.3722   8.7930  15.9293   0.0000   0.0000   0.0000
    1539  -4.9055   8.6445  16.2496   0.0000   0.0000   0.0000
    1540  -4.9152   8.5965  16.2896   0.0000   0.0000   0.0000
    1541  -4.6919   8.6873  16.1559   0.0000   0.0000   0.0000
    1542  -4.9856   8.0827  15.3792   0.0000   0.0000   0.0000
    1543  -4.8879   8.5182  15.6964   0.0000   0.0000   0.0000
    1544  -5.7890   7.9903  16.0595   0.0000   0.0000   0.0000
    1545  -5.5097   8.0000  15.9087   0.0000   0.0000   0.0000
    1546  -6.3737   8.5974  15.9960   0.0000   0.0000   0.0000
    1547  -5.0971   7.6394  15.2271   0.0000   0.0000   0.0000
    1548  -5.5126   8.0749  16.3373   0.0000   0.0000   0.0000
    1549  -5.3351   8.3067  16.5253   0.0000   0.0000   0.0000
    1550  -5.4567   8.5492  16.4186   0.0000   0.0000   0.0000
    1551  -6.1172   7.8562  16.7164   0.0000   0.0000   0.0000
    1552  -5.9041   7.9904  16.6082   0.0000   0.0000   0.0000
    1553  -5.8300   7.6713  15.9165   0.0000   0.0000   0.0000
    1554  -4.9951   8.4258  15.6622   0.0000   0.0000   0.0000
    1555  -5.4788   8.4089  15.3684   0.0000   0.0000   0.0000
    1556  -5.3278   8.2712  15.7924   0.0000   0.0000   0.0000
    1557  -4.8949   8.9270  15.8399   0.0000   0.0000   0.0000
    1558  -5.1534   8.2610  15.2744   0.0000   0.0000   0.0000
    1559  -4.2380   7.8901  14.6125   0.0000   0.0000   0.0000
    1560  -6.0123   7.5774  14.5236   0.0000   0.0000   0.0000
    1561  -5.6659   7.4187  14.7151   0.0000   0.0000   0.0000
    1562  -5.9598   7.7616  13.9235   0.0000   0.0000   0.0000
    1563  -5.6166   8.8774  15.0502   0.0000   0.0000   0.0000
    1564  -5.1453   7.3121  15.3375   0.0000   0.0000   0.0000
    1565  -5.0544   6.8411  15.2040   0.0000   0.0000   0.0000
    1566  -5.7194   7.4860  14.8745   0.0000   0.0000   0.0000
    1567  -6.0844   8.1141  14.3605   0.0000   0.0000   0.0000
    1568  -5.3822   7.0871  15.1588   0.0000   0.0000   0.0000
    1569  -5.5287   7.8429  14.6415   0.0000   0.0000   0.0000
    1570  -5.5144   8.3274  14.4878   0.0000   0.0000   0.0000
    1571  -5.3589   7.9228  14.9946   0.0000   0.0000   0.0000
    1572  -5.7088   7.8159  14.7524   0.0000   0.0000   0.0000
    1573  -5.1818   7.9726  14.3316   0.0000   0.0000   0.0000
    1574  -6.0873   8.6853  14.8392   0.0000   0.0000   0.0000
    1575  -6.2310   8.4359  14.6171   0.0000   0.0000   0.0000
    1576  -5.2301   9.1223  14.0964   0.0000   0.0000   0.0000
    1577  -6.2597   8.1392  13.5521   0.0000   0.0000   0.0000
    1578  -6.0687   8.7284  13.2373   0.0000   0.0000   0.0000
    1579  -5.9978   7.7283  13.8006   0.0000   0.0000   0.0000
    1580  -5.7663   7.4630  13.4914   0.0000   0.0000   0.0000
    1581  -5.0811   8.1400  14.1070   0.0000   0.0000   0.0000
    1582  -5.4229   7.2874  14.4719   0.0000   0.0000   0.0000
    1583  -4.9359   7.4519  14.2777   0.0000   0.0000   0.0000
    1584  -5.7173   7.7756  14.3612   0.0000   0.0000   0.0000
    1585  -5.3605   8.1494  13.8686   0.0000   0.0000   0.0000
    1586  -5.6894   7.3338  13.8481   0.0000   0.0000   0.0000
    1587  -4.7422   7.5308  14.7310   0.0000   0.0000   0.0000
    1588  -6.0344   7.7553  14.8005   0.0000   0.0000   0.0000
    1589  -5.7727   7.0950  14.7101   0.0000   0.0000   0.0000
    1590  -5.5436   7.6899  14.2659   0.0000   0.0000   0.0000
    1591  -5.8773   8.0405  14.0812   0.0000   0.0000   0.0000
    1592  -6.3214   7.8545  14.3604   0.0000   0.0000   0.0000
    1593  -6.0303   7.5005  14.3557   0.0000   0.0000   0.0000
    1594  -5.7943   7.2614  14.1517   0.0000   0.0000   0.0000
    1595  -5.0104   7.5073  14.3079   0.0000   0.0000   0.0000
    1596  -4.9897   8.1242  14.4809   0.0000   0.0000   0.0000
    1597  -4.6821   7.8470  14.1274   0.0000   0.0000   0.0000
    1598  -4.6795   7.0931  14.1564   0.0000   0.0000   0.0000
    1599  -5.0748   7.5664  14.2467   0.0000   0.0000   0.0000
    1600  -5.4985   8.1119  14.2301   0.0000   0.0000   0.0000
    1601  -5.3948   8.6102  14.3480   0.0000   0.0000   0.0000
    1602  -4.8837   7.5850  14.1575   0.0000   0.0000   0.0000
    1603  -5.0377   7.4977  14.0391   0.0000   0.0000   0.0000
    1604  -4.9564   8.5528  13.2798   0.0000   0.0000   0.0000
    1605  -5.4097   8.3686  13.8754   0.0000   0.0000   0.0000
    1606  -5.3105   7.8863  13.2340   0.0000   0.0000   0.0000
    1607  -6.0252   7.3041  13.7039   0.0000   0.0000   0.0000
    1608  -5.1608   8.4736  14.0882   0.0000   0.0000   0.0000
    1609  -4.7930   8.1443  14.1739   0.0000   0.0000   0.0000
    1610  -5.1988   9.4846  14.0251   0.0000   0.0000   0.0000
    1611  -4.8249   9.0116  13.9106   0.0000   0.0000   0.0000
    1612  -4.7439   9.4661  13.6190   0.0000   0.0000   0.0000
    1613  -5.5732   8.8991  13.4849   0.0000   0.0000   0.0000
    1614  -5.4545   9.4377  14.2592   0.0000   0.0000   0.0000
    1615  -5.9245   8.4426  14.1705   0.0000   0.0000   0.0000
    1616  -5.6102   7.8217  15.2038   0.0000   0.0000   0.0000
    1617  -6.0256   9.1397  14.7981   0.0000   0.0000   0.0000
    1618  -5.6534   8.7706  14.0427   0.0000   0.0000   0.0000
    1619  -5.9792   9.8685  13.8317   0.0000   0.0000   0.0000
    1620  -6.1820   9.0469  13.7221   0.0000   0.0000   0.0000
    1621  -6.6978   9.1919  13.2801   0.0000   0.0000   0.0000
    1622  -6.5291   8.8079  13.9209   0.0000   0.0000   0.0000
    1623  -7.4027   9.0310  13.9714   0.0000   0.0000   0.0000
    1624  -6.5941   8.9403  14.1842   0.0000   0.0000   0.0000
    1625  -6.6801   8.3439  14.6304   0.0000   0.0000   0.0000
    1626  -6.2607   8.3132  14.0109   0.0000   0.0000   0.0000
    1627  -6.3395   8.8347  14.2726   0.0000   0.0000   0.0000
    1628  -6.8785   7.9856  14.1255   0.0000   0.0000   0.0000
    1629  -6.0946   8.5183  14.0017   0.0000   0.0000   0.0000
    1630  -6.0926   8.4266  14.0636   0.0000   0.0000   0.0000
    1631  -6.3618   8.7845  13.4189   0.0000   0.0000   0.0000
    1632  -5.9187   9.1716  13.7100   0.0000   0.0000   0.0000
    1633  -5.7857   8.8723  13.6640   0.0000   0.0000   0.0000
    1634  -6.3817   8.6973  13.9586   0.0000   0.0000   0.0000
    1635  -6.3997   8.2888  14.0169   0.0000   0.0000   0.0000
    1636  -6.9923   8.8376  14.1951   0.0000   0.0000   0.0000
    1637  -6.8267   8.5611  13.5453   0.0000   0.0000   0.0000
    1638  -6.3110   8.7673  13.4976   0.0000   0.0000   0.0000
    1639  -6.4873   8.9997  13.6742   0.0000   0.0000   0.0000
    1640  -7.1123   8.9572  13.2713   0.0000   0.0000   0.0000
    1641  -7.1113   8.0297  14.2244   0.0000   0.0000   0.0000
    1642  -6.1848   8.1103  14.2904   0.0000   0.0000   0.0000
    1643  -6.6970   7.4518  13.6952   0.0000   0.0000   0.0000
    1644  -6.4456   8.1023  14.1127   0.0000   0.0000   0.0000
    1645  -5.2291   8.2600  14.4074   0.0000   0.0000   0.0000
    1646  -6.2532   8.5273  14.6898   0.0000   0.0000   0.0000
    1647  -6.6035   8.8783  14.2600   0.0000   0.0000   0.0000
    1648  -6.3115   8.3084  14.5310   0.0000   0.0000   0.0000
    1649  -6.7164   8.5440  14.2098   0.0000   0.0000   0.0000
    1650  -6.4850   8.1961  13.5460   0.0000   0.0000   0.0000
    1651  -5.5421   8.6375  13.5412   0.0000   0.0000   0.0000
    1652  -5.5440   8.4229  13.3756   0.0000   0.0000   0.0000
    1653  -5.5139   8.4402  14.0897   0.0000   0.0000   0.0000
    1654  -5.7589   9.3856  13.8182   0.0000   0.0000   0.0000
    1655  -5.4267   9.3156  13.8265   0.0000   0.0000   0.0000
    1656  -6.0642   9.5813  13.8043   0.0000   0.0000   0.0000
    1657  -6.5225   9.4524  13.6366   0.0000   0.0000   0.0000
    1658  -6.3178   8.6822  13.4824   0.0000   0.0000   0.0000
    1659  -5.8126   9.0405  13.4466   0.0000   0.0000   0.0000
    1660  -5.7832   8.8059  13.0469   0.0000   0.0000   0.0000
    1661  -6.4544   8.8854  13.5684   0.0000   0.0000   0.0000
    1662  -6.1142   8.8275  12.3424   0.0000   0.0000   0.0000
    1663  -5.7960   8.7206  12.7200   0.0000   0.0000   0.0000
    1664  -6.2434   8.1599  12.4758   0.0000   0.0000   0.0000
    1665  -6.7491   8.0353  12.9013   0.0000   0.0000   0.0000
    1666  -6.9747   9.2955  12.9929   0.0000   0.0000   0.0000
    1667  -6.3814   9.2737  12.9457   0.0000   0.0000   0.0000
    1668  -7.0129   8.8807  14.0928   0.0000   0.0000   0.0000
    1669  -7.2999   7.5848  13.3104   0.0000   0.0000   0.0000
    1670  -6.9732   7.6811  14.6112   0.0000   0.0000   0.0000
    1671  -7.5893   7.1463  14.9847   0.0000   0.0000   0.0000
    1672  -7.1402   7.5717  14.4161   0.0000   0.0000   0.0000
    1673  -7.5916   8.1416  15.1576   0.0000   0.0000   0.0000
    1674  -6.5973   7.7076  14.2097   0.0000   0.0000   0.0000
    1675  -7.2749   8.1458  13.5001   0.0000   0.0000   0.0000
    1676  -7.0126   8.3474  13.6122   0.0000   0.0000   0.0000
    1677  -7.0457   8.7999  13.8864   0.0000   0.0000   0.0000
    1678  -6.5079   8.9313  14.6533   0.0000   0.0000   0.0000
    1679  -7.1712   7.5734  14.4677   0.0000   0.0000   0.0000
    1680  -6.4793   8.2112  14.6839   0.0000   0.0000   0.0000
    1681  -7.3717   7.9946  14.3416   0.0000   0.0000   0.0000
    1682  -7.7502   8.7397  14.5332   0.0000   0.0000   0.0000
    1683  -6.6389   8.3348  14.2755   0.0000   0.0000   0.0000
    1684  -6.8201   7.7183  14.8613   0.0000   0.0000   0.0000
    1685  -7.8563   7.5468  14.3228   0.0000   0.0000   0.0000
    1686  -7.6472   7.9779  14.1768   0.0000   0.0000   0.0000
    1687  -6.7287   8.5863  13.4434   0.0000   0.0000   0.0000
    1688  -6.8970   8.2193  13.4912   0.0000   0.0000   0.0000
    1689  -6.9648   8.1094  13.3632   0.0000   0.0000   0.0000
    1690  -7.3418   7.7050  13.6984   0.0000   0.0000   0.0000
    1691  -6.6830   7.0792  12.7618   0.0000   0.0000   0.0000
    1692  -6.5994   7.5515  14.1778   0.0000   0.0000   0.0000
    1693  -7.0686   8.5556  13.9477   0.0000   0.0000   0.0000
    1694  -7.3501   8.6365  13.1534   0.0000   0.0000   0.0000
    1695  -6.8103   8.3395  12.7873   0.0000   0.0000   0.0000
    1696  -6.7224   8.5326  12.6309   0.0000   0.0000   0.0000
    1697  -6.9048   8.9178  14.1019   0.0000   0.0000   0.0000
    1698  -6.7728   8.3491  14.2411   0.0000   0.0000   0.0000
    1699  -6.4611   8.6329  12.8951   0.0000   0.0000   0.0000
    1700  -6.3508   8.6114  13.5340   0.0000   0.0000   0.0000
    1701  -6.8657   8.7864  13.5108   0.0000   0.0000   0.0000
    1702  -5.8734   9.5363  12.6907   0.0000   0.0000   0.0000
    1703  -6.7826   8.7423  12.9935   0.0000   0.0000   0.0000
    1704  -7.0828   8.7547  13.2641   0.0000   0.0000   0.0000
    1705  -6.4734   9.2330  13.3113   0.0000   0.0000   0.0000
    1706  -6.8388   9.4536  12.8029   0.0000   0.0000   0.0000
    1707  -6.7683   8.9612  12.9742   0.0000   0.0000   0.0000
    1708  -5.8771   9.4752  12.9233   0.0000   0.0000   0.0000
    1709  -5.0900   9.0991  12.5183   0.0000   0.0000   0.0000
    1710  -7.2675   9.1412  12.6170   0.0000   0.0000   0.0000
    1711  -5.5383   8.7787  13.3379   0.0000   0.0000   0.0000
    1712  -7.2478   9.0957  13.0283   0.0000   0.0000   0.0000
    1713  -6.6907   8.8147  12.4934   0.0000   0.0000   0.0000
    1714  -6.8971   8.5258  13.1795   0.0000   0.0000   0.0000
    1715  -6.5127   8.2674  13.6497   0.0000   0.0000   0.0000
    1716  -6.1679   8.1203  13.9689   0.0000   0.0000   0.0000
    1717  -6.3168   8.6735  13.5054   0.0000   0.0000   0.0000
    1718  -6.6833   8.8092  13.2082   0.0000   0.0000   0.0000
    1719  -6.1031   8.6584  13.0770   0.0000   0.0000   0.0000
    1720  -5.6406   9.4002  13.5857   0.0000   0.0000   0.0000
    1721  -5.2656   9.0967  13.2370   0.0000   0.0000   0.0000
    1722  -5.7373   8.9373  12.9748   0.0000   0.0000   0.0000
    1723  -6.0140   9.0350  12.6539   0.0000   0.0000   0.0000
    1724  -6.5577   9.0596  12.4588   0.0000   0.0000   0.0000
    1725  -6.6552   8.3000  12.5209   0.0000   0.0000   0.0000
    1726  -6.7864   8.3897  12.5433   0.0000   0.0000   0.0000
    1727  -6.3472   7.6575  13.1667   0.0000   0.0000   0.0000
    1728  -5.8428   7.9413  13.3716   0.0000   0.0000   0.0000
    1729  -5.6842   8.0936  13.3958   0.0000   0.0000   0.0000
    1730  -5.9789   8.2105  12.6136   0.0000   0.0000   0.0000
    1731  -5.8541   8.0694  13.8917   0.0000   0.0000   0.0000
    1732  -5.5401   7.7902  13.0900   0.0000   0.0000   0.0000
    1733  -6.3508   7.9033  13.5266   0.0000   0.0000   0.0000
    1734  -5.8293   8.4266  13.3639   0.0000   0.0000   0.0000
    1735  -5.8009   8.7498  13.0772   0.0000   0.0000   0.0000
    1736  -5.3572   7.9299  13.2852   0.0000   0.0000   0.0000
    1737  -5.1507   7.7640  13.3102   0.0000   0.0000   0.0000
    1738  -5.5563   8.0866  12.9942   0.0000   0.0000   0.0000
    1739  -4.9292   7.8764  12.4228   0.0000   0.0000   0.0000
    1740  -6.6319   7.8465  13.2171   0.0000   0.0000   0.0000
    1741  -6.2834   7.4734  13.7295   0.0000   0.0000   0.0000
    1742  -6.6604   7.6345  13.4463   0.0000   0.0000   0.0000
    1743  -6.7189   7.8256  13.8447   0.0000   0.0000   0.0000
    1744  -6.7912   8.0203  13.5414   0.0000   0.0000   0.0000
    1745  -5.7427   8.0061  13.6471   0.0000   0.0000   0.0000
    1746  -6.1812   7.6264  13.2387   0.0000   0.0000   0.0000
    1747  -6.1287   7.8381  12.6544   0.0000   0.0000   0.0000
    1748  -6.0963   8.3265  12.5186   0.0000   0.0000   0.0000
    1749  -5.3846   8.2124  13.0091   0.0000   0.0000   0.0000
    1750  -5.3884   8.9356  12.6509   0.0000   0.0000   0.0000
    1751  -4.5210   8.6698  13.5423   0.0000   0.0000   0.0000
    1752  -4.9649   8.1796  12.9323   0.0000   0.0000   0.0000
    1753  -5.5599   9.0382  12.5571   0.0000   0.0000   0.0000
    1754  -5.0844   8.3739  13.2945   0.0000   0.0000   0.0000
    1755  -5.3651   9.1813  13.0754   0.0000   0.0000   0.0000
    1756  -5.1968   9.3857  13.3749   0.0000   0.0000   0.0000
    1757  -5.6004   9.1432  13.3959   0.0000   0.0000   0.0000
    1758  -4.4578   9.2283  13.3527   0.0000   0.0000   0.0000
    1759  -4.3284   9.4227  12.9383   0.0000   0.0000   0.0000
    1760  -5.2988   8.1573  13.1927   0.0000   0.0000   0.0000
    1761  -4.9382   8.3657  13.5928   0.0000   0.0000   0.0000
    1762  -5.5271   8.2394  13.1108   0.0000   0.0000   0.0000
    1763  -5.5580   8.3849  12.8902   0.0000   0.0000   0.0000
    1764  -5.7464   7.9956  13.6640   0.0000   0.0000   0.0000
    1765  -6.0405   8.4779  14.3723   0.0000   0.0000   0.0000
    1766  -6.3400   8.3695  14.1038   0.0000   0.0000   0.0000
    1767  -6.2476   7.4852  13.6188   0.0000   0.0000   0.0000
    1768  -5.6432   8.8319  13.9001   0.0000   0.0000   0.0000
    1769  -5.4228   8.0188  13.7599   0.0000   0.0000   0.0000
    1770  -6.2525   8.2015  13.9540   0.0000   0.0000   0.0000
    1771  -6.4068   8.3258  13.2352   0.0000   0.0000   0.0000
    1772  -6.3469   7.9344  13.3122   0.0000   0.0000   0.0000
    1773  -5.9498   8.2523  13.6910   0.0000   0.0000   0.0000
    1774  -6.0039   9.2588  12.8313   0.0000   0.0000   0.0000
    1775  -5.6642   9.2212  13.4512   0.0000   0.0000   0.0000
    1776  -5.9975   9.3067  13.3142   0.0000   0.0000   0.0000
    1777  -6.4416   8.6808  13.5156   0.0000   0.0000   0.0000
    1778  -6.4040   8.6555  13.8353   0.0000   0.0000   0.0000
    1779  -6.0574   9.2831  14.4902   0.0000   0.0000   0.0000
    1780  -5.6487   8.9746  14.4516   0.0000   0.0000   0.0000
    1781  -6.3532   8.8999  13.9535   0.0000   0.0000   0.0000
    1782  -6.2675   9.2423  14.0012   0.0000   0.0000   0.0000
    1783  -5.7671   8.2007  15.3368   0.0000   0.0000   0.0000
    1784  -4.8704   9.7849  14.0104   0.0000   0.0000   0.0000
    1785  -5.7540   9.1920  14.5037   0.0000   0.0000   0.0000
    1786  -6.2374   8.7651  14.2439   0.0000   0.0000   0.0000
    1787  -6.4832   9.2412  14.3635   0.0000   0.0000   0.0000
    1788  -5.7604   9.8152  14.7160   0.0000   0.0000   0.0000
    1789  -6.5850  10.1558  13.6451   0.0000   0.0000   0.0000
    1790  -6.4970   9.9011  14.4916   0.0000   0.0000   0.0000
    1791  -5.7064   9.0868  13.8498   0.0000   0.0000   0.0000
    1792  -6.6218   9.4625  14.3151   0.0000   0.0000   0.0000
    1793  -6.7100   9.1266  14.1097   0.0000   0.0000   0.0000
    1794  -5.8183   9.4545  15.3607   0.0000   0.0000   0.0000
    1795  -5.2200   9.2043  14.7429   0.0000   0.0000   0.0000
    1796  -6.1162   8.5935  14.5639   0.0000   0.0000   0.0000
    1797  -6.2232   8.0362  15.1511   0.0000   0.0000   0.0000
    1798  -5.8343   9.0210  14.7352   0.0000   0.0000   0.0000
    1799  -6.3063   8.4715  15.0347   0.0000   0.0000   0.0000
    1800  -5.9555   7.4113  15.0938   0.0000   0.0000   0.0000
    1801  -4.7389   7.9816  15.2125   0.0000   0.0000   0.0000
    1802  -5.5410   8.2592  15.0094   0.0000   0.0000   0.0000
    1803  -5.8358   8.4137  14.9609   0.0000   0.0000   0.0000
    1804  -6.6051   8.4808  14.4369   0.0000   0.0000   0.0000
    1805  -5.4668   8.0805  14.5906   0.0000   0.0000   0.0000
    1806  -4.9972   7.5014  14.6390   0.0000   0.0000   0.0000
    1807  -4.9353   7.7721  14.1259   0.0000   0.0000   0.0000
    1808  -5.5171   7.8032  14.2614   0.0000   0.0000   0.0000
    1809  -5.1643   8.5831  14.2646   0.0000   0.0000   0.0000
    1810  -5.9811   8.1949  13.5460   0.0000   0.0000   0.0000
    1811  -5.5670   7.3192  14.1702   0.0000   0.0000   0.0000
    1812  -6.0295   8.2488  13.8304   0.0000   0.0000   0.0000
    1813  -5.4451   8.4746  14.0802   0.0000   0.0000   0.0000
    1814  -5.9458   8.7239  14.5478   0.0000   0.0000   0.0000
    1815  -6.2537   8.8239  14.7892   0.0000   0.0000   0.0000
    1816  -5.2324   9.0450  14.8206   0.0000   0.0000   0.0000
    1817  -4.9969   8.6955  14.7473   0.0000   0.0000   0.0000
    1818  -5.7347   8.1884  15.4694   0.0000   0.0000   0.0000
    1819  -5.5938   8.4349  15.2368   0.0000   0.0000   0.0000
    1820  -5.2936   8.2205  15.8833   0.0000   0.0000   0.0000
    1821  -6.0304   8.2463  15.1329   0.0000   0.0000   0.0000
    1822  -5.7586   8.3558  14.5435   0.0000   0.0000   0.0000
    1823  -5.9203   9.1220  14.5622   0.0000   0.0000   0.0000
    1824  -5.6389   9.1194  14.9289   0.0000   0.0000   0.0000
    1825  -5.7189   8.8982  14.7074   0.0000   0.0000   0.0000
    1826  -5.7049   8.7650  14.7275   0.0000   0.0000   0.0000
    1827  -6.2658   8.4478  14.7016   0.0000   0.0000   0.0000
    1828  -5.9068   8.2273  15.6780   0.0000   0.0000   0.0000
    1829  -6.4649   7.8154  16.0789   0.0000   0.0000   0.0000
    1830  -6.9217   7.8239  15.5489   0.0000   0.0000   0.0000
    1831  -5.2424   8.0584  16.7205   0.0000   0.0000   0.0000
    1832  -5.5309   7.9237  16.5058   0.0000   0.0000   0.0000
    1833  -5.3686   8.0385  15.2976   0.0000   0.0000   0.0000
    1834  -5.6334   8.0065  15.6976   0.0000   0.0000   0.0000
    1835  -6.2622   8.2442  15.3434   0.0000   0.0000   0.0000
    1836  -6.1965   7.8018  15.2273   0.0000   0.0000   0.0000
    1837  -6.8345   7.7714  15.1213   0.0000   0.0000   0.0000
    1838  -6.1753   9.3552  14.9063   0.0000   0.0000   0.0000
    1839  -6.9363   8.1762  14.7389   0.0000   0.0000   0.0000
    1840  -5.1475   8.3366  16.0141   0.0000   0.0000   0.0000
    1841  -6.4482   8.1365  15.7446   0.0000   0.0000   0.0000
    1842  -5.4817   8.4998  16.0894   0.0000   0.0000   0.0000
    1843  -6.6414   7.9918  15.6586   0.0000   0.0000   0.0000
    1844  -6.1587   9.4003  16.1173   0.0000   0.0000   0.0000
    1845  -6.4151   8.8235  16.1715   0.0000   0.0000   0.0000
    1846  -5.6532   8.3814  16.1217   0.0000   0.0000   0.0000
    1847  -5.4561   9.0830  15.6313   0.0000   0.0000   0.0000
    1848  -5.6451   8.6852  15.6432   0.0000   0.0000   0.0000
    1849  -5.4824   8.9088  14.4263   0.0000   0.0000   0.0000
    1850  -4.9900   7.6364  15.2416   0.0000   0.0000   0.0000
    1851  -5.1092   7.8211  13.8591   0.0000   0.0000   0.0000
    1852  -5.8929   8.6251  14.7937   0.0000   0.0000   0.0000
    1853  -6.4642   8.9459  15.3773   0.0000   0.0000   0.0000
    1854  -6.4002   8.3385  15.0244   0.0000   0.0000   0.0000
    1855  -6.7623   8.0896  15.4792   0.0000   0.0000   0.0000
    1856  -7.4446   8.4773  14.9305   0.0000   0.0000   0.0000
    1857  -6.0590   7.9375  15.1641   0.0000   0.0000   0.0000
    1858  -6.6806   7.3706  15.6792   0.0000   0.0000   0.0000
    1859  -7.2532   8.0312  15.7544   0.0000   0.0000   0.0000
    1860  -7.1547   8.0651  14.7654   0.0000   0.0000   0.0000
    1861  -7.1521   8.1264  14.5138   0.0000   0.0000   0.0000
    1862  -6.4666   7.7655  15.1606   0.0000   0.0000   0.0000
    1863  -6.3809   7.5846  14.7218   0.0000   0.0000   0.0000
    1864  -6.3077   7.9746  15.2055   0.0000   0.0000   0.0000
    1865  -6.6168   7.9236  15.1626   0.0000   0.0000   0.0000
    1866  -6.6180   7.6865  14.4008   0.0000   0.0000   0.0000
    1867  -6.2097   6.7181  14.2054   0.0000   0.0000   0.0000
    1868  -5.8940   7.8687  14.5653   0.0000   0.0000   0.0000
    1869  -6.1581   7.6225  15.1066   0.0000   0.0000   0.0000
    1870  -5.4480   8.5124  15.0314   0.0000   0.0000   0.0000
    1871  -5.7727   7.7062  14.0608   0.0000   0.0000   0.0000
    1872  -5.6391   7.8391  14.6434   0.0000   0.0000   0.0000
    1873  -5.7087   7.7221  14.7276   0.0000   0.0000   0.0000
    1874  -5.2657   7.2069  14.3685   0.0000   0.0000   0.0000
    1875  -6.0415   8.0838  13.9973   0.0000   0.0000   0.0000
    1876  -6.0185   8.2853  14.3921   0.0000   0.0000   0.0000
    1877  -6.6601   8.5442  13.5825   0.0000   0.0000   0.0000
    1878  -6.6580   8.1148  14.4067   0.0000   0.0000   0.0000
    1879  -5.9421   8.1102  14.8087   0.0000   0.0000   0.0000
    1880  -5.8077   8.4620  14.2808   0.0000   0.0000   0.0000
    1881  -6.4289   8.0853  14.8085   0.0000   0.0000   0.0000
    1882  -5.8316   7.4354  14.7931   0.0000   0.0000   0.0000
    1883  -5.6699   8.4309  14.6822   0.0000   0.0000   0.0000
    1884  -6.0212   7.2303  14.0991   0.0000   0.0000   0.0000
    1885  -5.5957   7.9428  13.9568   0.0000   0.0000   0.0000
    1886  -6.2225   7.2883  14.5986   0.0000   0.0000   0.0000
    1887  -6.0006   7.5574  14.4067   0.0000   0.0000   0.0000
    1888  -5.1987   8.3911  14.0022   0.0000   0.0000   0.0000
    1889  -5.1440   7.4677  14.4281   0.0000   0.0000   0.0000
    1890  -6.0462   8.2016  14.4872   0.0000   0.0000   0.0000
    1891  -4.6673   8.0314  14.4543   0.0000   0.0000   0.0000
    1892  -4.8987   7.4364  14.6818   0.0000   0.0000   0.0000
    1893  -5.6369   6.8468  14.5682   0.0000   0.0000   0.0000
    1894  -4.8938   7.3751  13.7141   0.0000   0.0000   0.0000
    1895  -4.5714   8.0451  14.3794   0.0000   0.0000   0.0000
    1896  -4.8031   7.7367  14.2040   0.0000   0.0000   0.0000
    1897  -4.3871   7.5954  15.1683   0.0000   0.0000   0.0000
    1898  -4.0078   8.0240  15.3649   0.0000   0.0000   0.0000
    1899  -3.1645   7.1260  14.9013   0.0000   0.0000   0.0000
    1900  -3.7007   7.0959  14.9599   0.0000   0.0000   0.0000
    1901  -4.1112   7.6588  15.8332   0.0000   0.0000   0.0000
    1902  -2.8141   7.8655  15.8301   0.0000   0.0000   0.0000
    1903  -2.7662   8.3825  15.3022   0.0000   0.0000   0.0000
    1904  -3.2396   7.7489  15.7844   0.0000   0.0000   0.0000
    1905  -3.8817   8.1947  15.6887   0.0000   0.0000   0.0000
    1906  -4.1972   7.9473  14.9836   0.0000   0.0000   0.0000
    1907  -4.8210   7.2466  15.1251   0.0000   0.0000   0.0000
    1908  -3.9068   7.6733  14.0727   0.0000   0.0000   0.0000
    1909  -3.7027   7.4924  14.3218   0.0000   0.0000   0.0000
    1910  -3.7068   7.9197  13.5472   0.0000   0.0000   0.0000
    1911  -2.9479   7.1105  13.8484   0.0000   0.0000   0.0000
    1912  -3.3565   7.8134  14.3864   0.0000   0.0000   0.0000
    1913  -2.5939   7.2094  14.3868   0.0000   0.0000   0.0000
    1914  -2.8842   7.9969  14.0212   0.0000   0.0000   0.0000
    1915  -3.7311   8.4990  14.7336   0.0000   0.0000   0.0000
    1916  -3.9644   8.1449  14.1410   0.0000   0.0000   0.0000
    1917  -3.9862   8.2154  14.2741   0.0000   0.0000   0.0000
    1918  -3.3666   9.4884  13.6266   0.0000   0.0000   0.0000
    1919  -4.2652   9.5251  14.2211   0.0000   0.0000   0.0000
    1920  -5.2513   9.0570  14.7600   0.0000   0.0000   0.0000
    1921  -3.8239   7.8477  14.0215   0.0000   0.0000   0.0000
    1922  -3.4832   8.6032  13.7878   0.0000   0.0000   0.0000
    1923  -4.1344   8.8431  13.8541   0.0000   0.0000   0.0000
    1924  -3.5799   8.1913  13.9876   0.0000   0.0000   0.0000
    1925  -3.3939   8.6246  14.1230   0.0000   0.0000   0.0000
    1926  -4.2122   8.9415  14.8012   0.0000   0.0000   0.0000
    1927  -4.4755   8.3900  14.2888   0.0000   0.0000   0.0000
    1928  -5.3578   8.0842  13.9937   0.0000   0.0000   0.0000
    1929  -4.6146   8.9276  14.1544   0.0000   0.0000   0.0000
    1930  -3.7791   7.9763  14.7888   0.0000   0.0000   0.0000
    1931  -4.8566   7.7606  14.1170   0.0000   0.0000   0.0000
    1932  -4.0834   8.7984  13.7379   0.0000   0.0000   0.0000
    1933  -3.6051   8.6967  14.1758   0.0000   0.0000   0.0000
    1934  -3.7599   9.0664  14.3853   0.0000   0.0000   0.0000
    1935  -3.3004   8.9094  14.2155   0.0000   0.0000   0.0000
    1936  -3.4485   9.1467  13.9984   0.0000   0.0000   0.0000
    1937  -3.3696   8.9830  13.8693   0.0000   0.0000   0.0000
    1938  -3.3817   9.6312  14.0935   0.0000   0.0000   0.0000
    1939  -3.4769   9.4697  13.8604   0.0000   0.0000   0.0000
    1940  -3.7441   9.2857  14.3472   0.0000   0.0000   0.0000
    1941  -4.4971   9.8583  13.7576   0.0000   0.0000   0.0000
    1942  -4.3407   9.4426  13.4425   0.0000   0.0000   0.0000
    1943  -4.0435   9.2211  14.1104   0.0000   0.0000   0.0000
    1944  -4.5064   8.9130  14.0327   0.0000   0.0000   0.0000
    1945  -4.8779   9.3159  13.7630   0.0000   0.0000   0.0000
    1946  -4.6983  10.3840  14.1357   0.0000   0.0000   0.0000
    1947  -4.3982   9.8408  14.8340   0.0000   0.0000   0.0000
    1948  -4.3738   9.7213  14.5064   0.0000   0.0000   0.0000
    1949  -5.0573   9.6404  13.7984   0.0000   0.0000   0.0000
    1950  -4.6697   9.5508  13.8126   0.0000   0.0000   0.0000
    1951  -4.3819   8.8068  14.3780   0.0000   0.0000   0.0000
    1952  -3.7770   8.8191  13.4370   0.0000   0.0000   0.0000
    1953  -5.5791   8.7989  13.7729   0.0000   0.0000   0.0000
    1954  -5.7898   8.7370  13.8036   0.0000   0.0000   0.0000
    1955  -5.2079   8.5373  13.9317   0.0000   0.0000   0.0000
    1956  -5.0381   9.2513  14.3537   0.0000   0.0000   0.0000
    1957  -4.9507   7.9963  14.7278   0.0000   0.0000   0.0000
    1958  -4.2227   8.9299  13.2159   0.0000   0.0000   0.0000
    1959  -5.3905   9.2942  14.0186   0.0000   0.0000   0.0000
    1960  -4.8253   8.9355  13.6798   0.0000   0.0000   0.0000
    1961  -4.4037   9.2919  13.3929   0.0000   0.0000   0.0000
    1962  -4.3082   9.0915  12.9555   0.0000   0.0000   0.0000
    1963  -4.2987   8.9435  13.5402   0.0000   0.0000   0.0000
    1964  -4.2802   9.1440  13.6544   0.0000   0.0000   0.0000
    1965  -5.1027   9.0740  13.2485   0.0000   0.0000   0.0000
    1966  -5.8287   9.3327  13.9403   0.0000   0.0000   0.0000
    1967  -5.6398   9.7292  12.7751   0.0000   0.0000   0.0000
    1968  -5.4503   9.3404  12.8293   0.0000   0.0000   0.0000
    1969  -4.9285   9.1297  12.9279   0.0000   0.0000   0.0000
    1970  -4.7188   8.4415  11.9908   0.0000   0.0000   0.0000
    1971  -4.6422   9.2839  12.4917   0.0000   0.0000   0.0000
    1972  -5.3450   9.6304  12.6952   0.0000   0.0000   0.0000
    1973  -4.9656   9.0630  12.5784   0.0000   0.0000   0.0000
    1974  -4.5682   8.1742  12.5520   0.0000   0.0000   0.0000
    1975  -4.4103   8.8251  12.4148   0.0000   0.0000   0.0000
    1976  -4.4709   8.4258  12.8779   0.0000   0.0000   0.0000
    1977  -4.4339   8.6627  12.7240   0.0000   0.0000   0.0000
    1978  -5.0556   9.2364  12.2990   0.0000   0.0000   0.0000
    1979  -5.2919   8.9378  11.8372   0.0000   0.0000   0.0000
    1980  -4.8305   8.8513  12.1379   0.0000   0.0000   0.0000
    1981  -5.3812   9.2453  11.7905   0.0000   0.0000   0.0000
    1982  -6.3124   8.3626  10.9185   0.0000   0.0000   0.0000
    1983  -5.0408   7.8309  10.7398   0.0000   0.0000   0.0000
    1984  -5.7773   8.5608  11.0142   0.0000   0.0000   0.0000
    1985  -6.3003   8.1435  11.3448   0.0000   0.0000   0.0000
    1986  -5.6599   8.4495  11.2563   0.0000   0.0000   0.0000
    1987  -6.2831   7.9286  11.1921   0.0000   0.0000   0.0000
    1988  -6.7695   8.7789  11.5869   0.0000   0.0000   0.0000
    1989  -5.7153   7.5818  12.4240   0.0000   0.0000   0.0000
    1990  -5.9699   8.4865  12.4107   0.0000   0.0000   0.0000
    1991  -5.5852   8.8848  13.0556   0.0000   0.0000   0.0000
    1992  -5.7839   9.7666  12.6345   0.0000   0.0000   0.0000
    1993  -5.5325   9.8584  12.4148   0.0000   0.0000   0.0000
    1994  -5.0646   9.8148  12.1919   0.0000   0.0000   0.0000
    1995  -5.2931   8.0788  12.8015   0.0000   0.0000   0.0000
    1996  -5.1375   9.8407  12.6837   0.0000   0.0000   0.0000
    1997  -4.9669   9.0889  12.4347   0.0000   0.0000   0.0000
    1998  -4.9415   8.9269  12.6298   0.0000   0.0000   0.0000
    1999  -5.5311   9.1764  12.3215   0.0000   0.0000   0.0000
    2000  -5.5226   9.0185  12.5447   0.0000   0.0000   0.0000
    2001  -5.0847   8.0593  12.8199   0.0000   0.0000   0.0000
    2002  -4.0083   8.3507  11.9473   0.0000   0.0000   0.0000
    2003  -4.7186   8.7480  12.3178   0.0000   0.0000   0.0000
    2004  -4.4668   8.4180  12.2206   0.0000   0.0000   0.0000
    2005  -4.4316   7.7425  12.5225   0.0000   0.0000   0.0000
    2006  -4.7052   7.9634  12.3168   0.0000   0.0000   0.0000
    2007  -4.0777   8.2467  11.8602   0.0000   0.0000   0.0000
    2008  -4.9163   7.8300  12.0737   0.0000   0.0000   0.0000
    2009  -4.5797   6.9630  11.2837   0.0000   0.0000   0.0000
    2010  -4.6867   7.4851  10.7579   0.0000   0.0000   0.0000
    2011  -4.9755   8.2271  10.9003   0.0000   0.0000   0.0000
    2012  -4.8942   7.9935  10.7964   0.0000   0.0000   0.0000
    2013  -4.4849   7.5780  10.7651   0.0000   0.0000   0.0000
    2014  -5.4254   7.6896  11.4354   0.0000   0.0000   0.0000
    2015  -5.0743   8.1548  11.6492   0.0000   0.0000   0.0000
    2016  -4.6333   7.7609  11.0625   0.0000   0.0000   0.0000
    2017  -5.0219   8.3516  11.4659   0.0000   0.0000   0.0000
    2018  -4.7009   8.0741  12.0880   0.0000   0.0000   0.0000
    2019  -4.5530   9.2247  11.8744   0.0000   0.0000   0.0000
    2020  -4.9944   8.6865  11.0685   0.0000   0.0000   0.0000
    2021  -4.8487   8.5194  11.3850   0.0000   0.0000   0.0000
    2022  -5.4968   7.9671  11.8670   0.0000   0.0000   0.0000
    2023  -5.2943   8.6910  12.3725   0.0000   0.0000   0.0000
    2024  -5.1422   8.8076  12.4846   0.0000   0.0000   0.0000
    2025  -4.6861   8.9944  12.1180   0.0000   0.0000   0.0000
    2026  -5.0289   8.4423  12.2124   0.0000   0.0000   0.0000
    2027  -5.6285   8.0301  12.6036   0.0000   0.0000   0.0000
    2028  -6.0407   8.6230  12.2415   0.0000   0.0000   0.0000
    2029  -4.8521   8.4436  12.9059   0.0000   0.0000   0.0000
    2030  -5.7169   9.0294  12.5289   0.0000   0.0000   0.0000
    2031  -4.8913   8.2505  12.5641   0.0000   0.0000   0.0000
    2032  -5.3215   8.9930  13.3189   0.0000   0.0000   0.0000
    2033  -4.6817   7.8590  13.0862   0.0000   0.0000   0.0000
    2034  -4.4451   8.5816  12.6064   0.0000   0.0000   0.0000
    2035  -5.7063   8.5180  11.9896   0.0000   0.0000   0.0000
    2036  -4.7325   8.7101  12.1927   0.0000   0.0000   0.0000
    2037  -4.3958   8.7103  12.6227   0.0000   0.0000   0.0000
    2038  -3.5629   8.4739  12.9896   0.0000   0.0000   0.0000
    2039  -4.0026   9.0722  12.8735   0.0000   0.0000   0.0000
    2040  -3.6623   9.2775  12.4187   0.0000   0.0000   0.0000
    2041  -4.3199   9.2197  12.7912   0.0000   0.0000   0.0000
    2042  -3.8796   9.2988  12.0789   0.0000   0.0000   0.0000
    2043  -3.9686   7.1588  12.2674   0.0000   0.0000   0.0000
    2044  -4.7514   8.7548  12.7611   0.0000   0.0000   0.0000
    2045  -4.2077   8.0077  12.5042   0.0000   0.0000   0.0000
    2046  -5.1192   7.7843  11.9187   0.0000   0.0000   0.0000
    2047  -3.4287   6.7949  12.4118   0.0000   0.0000   0.0000
    2048  -3.8962   8.0129  12.4609   0.0000   0.0000   0.0000
    2049  -3.7931   7.9211  12.5734   0.0000   0.0000   0.0000
    2050  -3.6145   8.9683  12.8806   0.0000   0.0000   0.0000
    2051  -4.1955   8.7015  13.3897   0.0000   0.0000   0.0000
    2052  -3.6394   9.1294  13.2641   0.0000   0.0000   0.0000
    2053  -3.2252   8.6573  14.3488   0.0000   0.0000   0.0000
    2054  -3.2961   9.7843  13.0614   0.0000   0.0000   0.0000
    2055  -3.6897   8.8080  13.0884   0.0000   0.0000   0.0000
    2056  -3.7794   9.3696  13.0503   0.0000   0.0000   0.0000
    2057  -4.5646   8.6796  13.3227   0.0000   0.0000   0.0000
    2058  -4.2650   8.4127  13.3428   0.0000   0.0000   0.0000
    2059  -3.7500   9.1991  13.2201   0.0000   0.0000   0.0000
    2060  -4.5632   8.9063  13.1940   0.0000   0.0000   0.0000
    2061  -3.9965   8.5773  13.0905   0.0000   0.0000   0.0000
    2062  -4.0134   7.7680  13.5631   0.0000   0.0000   0.0000
    2063  -4.1500   9.0314  13.1556   0.0000   0.0000   0.0000
    2064  -4.4131   8.8753  13.1468   0.0000   0.0000   0.0000
    2065  -3.7866   8.8721  12.8135   0.0000   0.0000   0.0000
    2066  -4.5001   7.9183  13.1167   0.0000   0.0000   0.0000
    2067  -4.0784   8.8869  13.8252   0.0000   0.0000   0.0000
    2068  -4.0032   8.7641  12.8022   0.0000   0.0000   0.0000
    2069  -3.8985   8.7004  12.4175   0.0000   0.0000   0.0000
    2070  -3.9454   7.9751  12.8977   0.0000   0.0000   0.0000
    2071  -4.2418   8.1740  12.9077   0.0000   0.0000   0.0000
    2072  -3.7997   7.7603  13.1444   0.0000   0.0000   0.0000
    2073  -3.4890   7.7760  12.7939   0.0000   0.0000   0.0000
    2074  -3.7099   7.9901  13.3279   0.0000   0.0000   0.0000
    2075  -4.4497   8.5645  14.0572   0.0000   0.0000   0.0000
    2076  -4.6946   7.9372  13.1640   0.0000   0.0000   0.0000
    2077  -4.4490   8.7322  13.2602   0.0000   0.0000   0.0000
    2078  -4.8050   8.3875  12.9282   0.0000   0.0000   0.0000
    2079  -4.4316   8.1586  12.2600   0.0000   0.0000   0.0000
    2080  -4.7132   8.1554  12.3880   0.0000   0.0000   0.0000
    2081  -4.7515   8.0611  12.0536   0.0000   0.0000   0.0000
    2082  -4.1460   8.0860  12.4969   0.0000   0.0000   0.0000
    2083  -3.9950   8.6929  12.9164   0.0000   0.0000   0.0000
    2084  -4.4010   7.6161  12.8741   0.0000   0.0000   0.0000
    2085  -3.5064   7.9312  13.0359   0.0000   0.0000   0.0000
    2086  -3.8605   8.7959  13.2003   0.0000   0.0000   0.0000
    2087  -3.7269   8.9214  13.0560   0.0000   0.0000   0.0000
    2088  -3.4572   8.0625  13.0490   0.0000   0.0000   0.0000
    2089  -3.3843   8.8103  12.3972   0.0000   0.0000   0.0000
    2090  -2.8439   7.8281  12.4257   0.0000   0.0000   0.0000
    2091  -2.5952   8.7600  12.7947   0.0000   0.0000   0.0000
    2092  -2.5765   7.8187  12.5578   0.0000   0.0000   0.0000
    2093  -2.8309   7.9002  13.0325   0.0000   0.0000   0.0000
    2094  -3.5764   8.3343  13.1108   0.0000   0.0000   0.0000
    2095  -3.7423   7.9793  12.6813   0.0000   0.0000   0.0000
    2096  -3.4354   8.3764  13.2486   0.0000   0.0000   0.0000
    2097  -3.6213   8.7801  13.5605   0.0000   0.0000   0.0000
    2098  -3.8720   7.7389  13.4588   0.0000   0.0000   0.0000
    2099  -4.1261   8.8470  13.0995   0.0000   0.0000   0.0000
    2100  -3.4772   7.6688  13.3505   0.0000   0.0000   0.0000
    2101  -3.8758   7.7142  13.3860   0.0000   0.0000   0.0000
    2102  -4.4289   7.9624  13.6319   0.0000   0.0000   0.0000
    2103  -3.4168   7.6365  13.5323   0.0000   0.0000   0.0000
    2104  -3.7217   7.4008  13.4968   0.0000   0.0000   0.0000
    2105  -3.1490   8.0503  13.0524   0.0000   0.0000   0.0000
    2106  -3.5764   7.3443  12.9125   0.0000   0.0000   0.0000
    2107  -4.0081   8.3682  12.9670   0.0000   0.0000   0.0000
    2108  -3.6735   7.9255  13.1712   0.0000   0.0000   0.0000
    2109  -4.3119   8.2783  13.7027   0.0000   0.0000   0.0000
    2110  -4.4756   8.4741  13.1860   0.0000   0.0000   0.0000
    2111  -4.4564   8.2548  13.7830   0.0000   0.0000   0.0000
    2112  -4.1822   8.2308  14.0241   0.0000   0.0000   0.0000
    2113  -4.1684   7.7006  14.1924   0.0000   0.0000   0.0000
    2114  -3.8619   8.0547  14.0478   0.0000   0.0000   0.0000
    2115  -3.5112   6.4705  13.9923   0.0000   0.0000   0.0000
    2116  -3.8860   6.6702  13.5238   0.0000   0.0000   0.0000
    2117  -3.5324   7.4063  13.8300   0.0000   0.0000   0.0000
    2118  -4.0324   6.9480  12.8613   0.0000   0.0000   0.0000
    2119  -3.8132   7.6037  11.9620   0.0000   0.0000   0.0000
    2120  -3.7902   6.8179  12.4990   0.0000   0.0000   0.0000
    2121  -4.1986   7.4364  12.3697   0.0000   0.0000   0.0000
    2122  -3.5477   7.3442  11.9833   0.0000   0.0000   0.0000
    2123  -3.2642   6.8959  11.6902   0.0000   0.0000   0.0000
    2124  -3.6401   7.8288  12.5339   0.0000   0.0000   0.0000
    2125  -3.4111   6.6665  12.7995   0.0000   0.0000   0.0000
    2126  -3.9121   7.2526  12.9018   0.0000   0.0000   0.0000
    2127  -3.8457   7.7719  12.2503   0.0000   0.0000   0.0000
    2128  -3.6695   6.8662  12.3116   0.0000   0.0000   0.0000
    2129  -2.6268   7.1209  12.5608   0.0000   0.0000   0.0000
    2130  -3.8178   7.4090  13.0078   0.0000   0.0000   0.0000
    2131  -3.9908   6.6017  13.6346   0.0000   0.0000   0.0000
    2132  -3.6122   7.2498  13.2990   0.0000   0.0000   0.0000
    2133  -3.1939   7.2922  13.2280   0.0000   0.0000   0.0000
    2134  -3.1932   6.8394  13.4571   0.0000   0.0000   0.0000
    2135  -4.1439   6.9553  13.6234   0.0000   0.0000   0.0000
    2136  -3.5576   6.6679  13.9479   0.0000   0.0000   0.0000
    2137  -3.6123   7.1220  13.6997   0.0000   0.0000   0.0000
    2138  -2.9644   7.2550  13.5575   0.0000   0.0000   0.0000
    2139  -3.6242   6.3908  13.0613   0.0000   0.0000   0.0000
    2140  -3.7225   6.8888  12.9754   0.0000   0.0000   0.0000
    2141  -3.6736   6.4386  12.8747   0.0000   0.0000   0.0000
    2142  -3.2966   6.3844  13.1119   0.0000   0.0000   0.0000
    2143  -3.2511   5.7919  13.9245   0.0000   0.0000   0.0000
    2144  -2.8942   6.2315  13.9709   0.0000   0.0000   0.0000
    2145  -3.5099   6.5641  14.2702   0.0000   0.0000   0.0000
    2146  -3.3283   5.0747  13.4047   0.0000   0.0000   0.0000
    2147  -3.9694   5.4281  13.5048   0.0000   0.0000   0.0000
    2148  -3.4661   6.4327  13.2606   0.0000   0.0000   0.0000
    2149  -3.8224   6.5294  13.6934   0.0000   0.0000   0.0000
    2150  -4.8554   6.4445  14.1121   0.0000   0.0000   0.0000
    2151  -3.8084   6.3031  13.7030   0.0000   0.0000   0.0000
    2152  -4.3432   6.7115  14.5072   0.0000   0.0000   0.0000
    2153  -3.8957   6.4542  13.7792   0.0000   0.0000   0.0000
    2154  -4.3512   6.4830  13.8659   0.0000   0.0000   0.0000
    2155  -3.0772   6.3253  13.3921   0.0000   0.0000   0.0000
    2156  -3.2306   7.3768  13.9627   0.0000   0.0000   0.0000
    2157  -2.7907   6.9426  13.1413   0.0000   0.0000   0.0000
    2158  -2.7346   7.6831  13.7520   0.0000   0.0000   0.0000
    2159  -2.2844   7.8307  13.0990   0.0000   0.0000   0.0000
    2160  -2.2377   8.1536  12.5842   0.0000   0.0000   0.0000
    2161  -2.1623   7.3625  13.4462   0.0000   0.0000   0.0000
    2162  -2.0127   7.8182  14.0136   0.0000   0.0000   0.0000
    2163  -2.7742   7.6111  14.0167   0.0000   0.0000   0.0000
    2164  -2.1238   6.9835  14.0114   0.0000   0.0000   0.0000
    2165  -1.6630   6.6594  14.4192   0.0000   0.0000   0.0000
    2166  -1.2685   6.7555  14.1970   0.0000   0.0000   0.0000
    2167  -2.1290   6.1828  15.1276   0.0000   0.0000   0.0000
    2168  -2.5046   6.5609  15.3456   0.0000   0.0000   0.0000
    2169  -2.1653   6.8047  15.2268   0.0000   0.0000   0.0000
    2170  -2.6559   7.0705  14.8200   0.0000   0.0000   0.0000
    2171  -2.7668   7.5101  14.6345   0.0000   0.0000   0.0000
    2172  -3.3433   7.7709  14.2515   0.0000   0.0000   0.0000
    2173  -3.8147   7.4944  13.8201   0.0000   0.0000   0.0000
    2174  -2.7716   6.9340  14.2015   0.0000   0.0000   0.0000
    2175  -3.7800   6.3073  14.1779   0.0000   0.0000   0.0000
    2176  -3.6477   7.0709  13.8874   0.0000   0.0000   0.0000
    2177  -3.5326   7.2402  14.4272   0.0000   0.0000   0.0000
    2178  -2.7038   7.5106  13.6122   0.0000   0.0000   0.0000
    2179  -3.0365   7.6545  13.8928   0.0000   0.0000   0.0000
    2180  -3.1988   7.5033  13.5954   0.0000   0.0000   0.0000
    2181  -3.7729   6.8171  13.8828   0.0000   0.0000   0.0000
    2182  -3.8376   8.0135  13.9018   0.0000   0.0000   0.0000
    2183  -3.1845   6.7734  13.7632   0.0000   0.0000   0.0000
    2184  -3.2234   7.5663  13.8774   0.0000   0.0000   0.0000
    2185  -3.8362   7.6331  14.1220   0.0000   0.0000   0.0000
    2186  -2.8035   7.0987  14.5614   0.0000   0.0000   0.0000
    2187  -2.8649   7.1739  13.6276   0.0000   0.0000   0.0000
    2188  -2.9957   6.8010  13.8269   0.0000   0.0000   0.0000
    2189  -3.2187   7.1774  13.8681   0.0000   0.0000   0.0000
    2190  -2.6485   7.4966  13.7369   0.0000   0.0000   0.0000
    2191  -2.8923   6.3244  14.0817   0.0000   0.0000   0.0000
    2192  -2.9073   7.7527  14.3260   0.0000   0.0000   0.0000
    2193  -2.3612   7.6339  13.3169   0.0000   0.0000   0.0000
    2194  -2.6766   6.8637  14.0657   0.0000   0.0000   0.0000
    2195  -2.5327   6.2116  14.1607   0.0000   0.0000   0.0000
    2196  -2.0823   5.7136  13.6129   0.0000   0.0000   0.0000
    2197  -2.2400   6.8400  13.8994   0.0000   0.0000   0.0000
    2198  -2.2365   6.4635  13.4043   0.0000   0.0000   0.0000
    2199  -2.1482   6.6763  14.5899   0.0000   0.0000   0.0000
    2200  -2.9314   5.9473  14.6622   0.0000   0.0000   0.0000
    2201  -2.2864   5.7240  14.4433   0.0000   0.0000   0.0000
    2202  -2.9131   6.5867  14.1631   0.0000   0.0000   0.0000
    2203  -2.6768   6.2604  14.4195   0.0000   0.0000   0.0000
    2204  -2.8052   6.5424  14.3719   0.0000   0.0000   0.0000
    2205  -2.7291   6.6711  14.2292   0.0000   0.0000   0.0000
    2206  -3.4886   7.3359  15.3856   0.0000   0.0000   0.0000
    2207  -3.4926   7.4877  15.0369   0.0000   0.0000   0.0000
    2208  -3.5558   7.6774  15.6849   0.0000   0.0000   0.0000
    2209  -3.1574   7.5425  15.4416   0.0000   0.0000   0.0000
    2210  -3.4475   7.5427  15.3067   0.0000   0.0000   0.0000
    2211  -3.0315   7.1086  15.2975   0.0000   0.0000   0.0000
    2212  -3.0436   6.6801  15.5797   0.0000   0.0000   0.0000
    2213  -2.4097   7.4610  15.4882   0.0000   0.0000   0.0000
    2214  -1.8612   6.8762  14.9076   0.0000   0.0000   0.0000
    2215  -2.0530   6.9241  16.0375   0.0000   0.0000   0.0000
    2216  -2.7977   6.7422  14.9513   0.0000   0.0000   0.0000
    2217  -2.8925   6.2529  14.9470   0.0000   0.0000   0.0000
    2218  -2.8519   5.8229  14.6344   0.0000   0.0000   0.0000
    2219  -4.0659   6.1195  15.2976   0.0000   0.0000   0.0000
    2220  -3.0387   6.9394  14.9195   0.0000   0.0000   0.0000
    2221  -3.4494   6.1999  14.9587   0.0000   0.0000   0.0000
    2222  -3.0426   5.9752  14.4551   0.0000   0.0000   0.0000
    2223  -3.3417   6.5514  14.3745   0.0000   0.0000   0.0000
    2224  -3.2685   6.4662  14.0495   0.0000   0.0000   0.0000
    2225  -3.0697   7.4061  14.6785   0.0000   0.0000   0.0000
    2226  -2.6827   6.8098  14.8414   0.0000   0.0000   0.0000
    2227  -3.1135   7.5342  15.0473   0.0000   0.0000   0.0000
    2228  -2.5320   7.3059  14.6145   0.0000   0.0000   0.0000
    2229  -2.7978   7.5294  14.2284   0.0000   0.0000   0.0000
    2230  -3.4773   6.8345  14.8846   0.0000   0.0000   0.0000
    2231  -2.3680   7.4727  13.5473   0.0000   0.0000   0.0000
    2232  -2.4846   6.8329  13.6205   0.0000   0.0000   0.0000
    2233  -3.4124   7.1488  13.6055   0.0000   0.0000   0.0000
    2234  -2.5425   7.3458  13.5234   0.0000   0.0000   0.0000
    2235  -2.8983   6.4302  13.6833   0.0000   0.0000   0.0000
    2236  -1.8577   7.7044  14.1128   0.0000   0.0000   0.0000
    2237  -1.6722   7.4976  14.2001   0.0000   0.0000   0.0000
    2238  -1.2752   7.5620  13.8498   0.0000   0.0000   0.0000
    2239  -1.3115   7.5148  14.0377   0.0000   0.0000   0.0000
    2240  -1.7331   7.3351  13.6395   0.0000   0.0000   0.0000
    2241  -2.1776   6.8882  13.9245   0.0000   0.0000   0.0000
    2242  -1.7594   7.3472  13.7480   0.0000   0.0000   0.0000
    2243  -2.1794   6.8175  13.6489   0.0000   0.0000   0.0000
    2244  -1.5500   7.6533  13.9617   0.0000   0.0000   0.0000
    2245  -2.2351   7.3758  13.5481   0.0000   0.0000   0.0000
    2246  -2.2663   7.2431  13.8282   0.0000   0.0000   0.0000
    2247  -1.1364   6.9058  13.7710   0.0000   0.0000   0.0000
    2248  -1.6746   7.3450  13.4564   0.0000   0.0000   0.0000
    2249  -2.2555   7.5747  13.0474   0.0000   0.0000   0.0000
    2250  -0.4836   7.6740  13.2786   0.0000   0.0000   0.0000
    2251  -0.9915   7.1700  13.5063   0.0000   0.0000   0.0000
    2252  -1.0941   7.4011  12.8906   0.0000   0.0000   0.0000
    2253  -1.0389   6.5616  13.3614   0.0000   0.0000   0.0000
    2254  -1.3774   7.2660  14.1164   0.0000   0.0000   0.0000
    2255  -1.3667   6.9702  14.1888   0.0000   0.0000   0.0000
    2256  -1.8202   6.9277  13.8265   0.0000   0.0000   0.0000
    2257  -2.2960   7.3758  14.7110   0.0000   0.0000   0.0000
    2258  -3.0339   7.3313  14.2118   0.0000   0.0000   0.0000
    2259  -2.0567   7.9302  14.0221   0.0000   0.0000   0.0000
    2260  -2.7740   7.1402  14.1644   0.0000   0.0000   0.0000
    2261  -2.6573   7.6841  14.5046   0.0000   0.0000   0.0000
    2262  -1.7993   7.2465  14.0933   0.0000   0.0000   0.0000
    2263  -2.6199   7.7649  14.7554   0.0000   0.0000   0.0000
    2264  -1.5988   7.6864  13.6071   0.0000   0.0000   0.0000
    2265  -2.1525   7.7443  14.1769   0.0000   0.0000   0.0000
    2266  -3.0283   7.5421  14.4968   0.0000   0.0000   0.0000
    2267  -2.6689   7.8850  14.9568   0.0000   0.0000   0.0000
    2268  -2.6737   8.2091  14.1603   0.0000   0.0000   0.0000
    2269  -2.7881   7.6755  14.9059   0.0000   0.0000   0.0000
    2270  -2.5343   7.8651  14.9777   0.0000   0.0000   0.0000
    2271  -2.1472   8.0044  14.3360   0.0000   0.0000   0.0000
    2272  -2.2247   7.5865  13.3384   0.0000   0.0000   0.0000
    2273  -1.6815   7.9290  14.2378   0.0000   0.0000   0.0000
    2274  -1.5435   7.3228  14.0196   0.0000   0.0000   0.0000
    2275  -2.3917   7.8625  14.0503   0.0000   0.0000   0.0000
    2276  -2.3278   6.6258  15.1120   0.0000   0.0000   0.0000
    2277  -1.6447   7.3663  14.9651   0.0000   0.0000   0.0000
    2278  -1.7017   6.4758  15.2975   0.0000   0.0000   0.0000
    2279  -1.0858   6.3221  14.9310   0.0000   0.0000   0.0000
    2280  -2.3954   6.5771  14.6949   0.0000   0.0000   0.0000
    2281  -0.9744   7.5740  15.0770   0.0000   0.0000   0.0000
    2282  -1.1971   7.3087  15.6491   0.0000   0.0000   0.0000
    2283  -1.7754   7.5606  14.3821   0.0000   0.0000   0.0000
    2284  -1.4929   7.1762  14.6861   0.0000   0.0000   0.0000
    2285  -1.1165   6.6436  14.6020   0.0000   0.0000   0.0000
    2286  -1.1301   7.6165  14.2952   0.0000   0.0000   0.0000
    2287  -1.9846   6.6422  14.4092   0.0000   0.0000   0.0000
    2288  -0.7520   6.0386  14.4396   0.0000   0.0000   0.0000
    2289  -1.0589   6.0867  14.2639   0.0000   0.0000   0.0000
    2290  -1.6319   6.6607  13.8060   0.0000   0.0000   0.0000
    2291  -1.2155   6.9353  13.9852   0.0000   0.0000   0.0000
    2292  -1.6950   7.3579  13.4605   0.0000   0.0000   0.0000
    2293  -1.2123   7.2758  13.4004   0.0000   0.0000   0.0000
    2294  -2.2750   7.5523  14.5444   0.0000   0.0000   0.0000
    2295  -1.2066   6.5887  13.8720   0.0000   0.0000   0.0000
    2296  -1.0662   7.6044  13.5200   0.0000   0.0000   0.0000
    2297  -0.9408   7.1916  13.2242   0.0000   0.0000   0.0000
    2298  -1.7589   6.3844  13.4238   0.0000   0.0000   0.0000
    2299  -0.1899   6.6497  14.0361   0.0000   0.0000   0.0000
    2300  -0.5697   6.7599  14.1841   0.0000   0.0000   0.0000
    2301  -1.7484   6.6266  13.9481   0.0000   0.0000   0.0000
    2302  -0.1835   6.4411  14.3999   0.0000   0.0000   0.0000
    2303  -0.5483   6.8249  14.1264   0.0000   0.0000   0.0000
    2304  -0.6190   6.1600  15.0176   0.0000   0.0000   0.0000
    2305  -0.1762   6.6450  14.7126   0.0000   0.0000   0.0000
    2306  -0.8719   6.3661  15.6703   0.0000   0.0000   0.0000
    2307  -0.5512   6.1752  15.0744   0.0000   0.0000   0.0000
    2308  -1.2008   5.4915  15.3582   0.0000   0.0000   0.0000
    2309  -0.8296   5.9852  14.6365   0.0000   0.0000   0.0000
    2310  -1.2172   6.0483  14.5137   0.0000   0.0000   0.0000
    2311  -1.0766   6.0377  15.4049   0.0000   0.0000   0.0000
    2312  -1.3012   5.5920  14.7624   0.0000   0.0000   0.0000
    2313  -1.5077   6.0115  15.6870   0.0000   0.0000   0.0000
    2314  -1.1586   6.3171  14.9484   0.0000   0.0000   0.0000
    2315  -1.2910   5.8172  14.8174   0.0000   0.0000   0.0000
    2316  -2.6891   5.9421  15.6247   0.0000   0.0000   0.0000
    2317  -2.2318   5.6391  15.2617   0.0000   0.0000   0.0000
    2318  -1.5607   5.5515  15.3037   0.0000   0.0000   0.0000
    2319  -3.0228   5.7679  15.4058   0.0000   0.0000   0.0000
    2320  -2.0162   5.5175  16.0413   0.0000   0.0000   0.0000
    2321  -2.0746   6.7017  15.9027   0.0000   0.0000   0.0000
    2322  -2.5323   5.3117  16.2449   0.0000   0.0000   0.0000
    2323  -2.2917   5.3605  16.5928   0.0000   0.0000   0.0000
    2324  -2.0958   5.9398  16.1463   0.0000   0.0000   0.0000
    2325  -1.5288   6.2183  16.1401   0.0000   0.0000   0.0000
    2326  -1.3639   5.5949  16.2252   0.0000   0.0000   0.0000
    2327  -1.6850   6.5714  15.3079   0.0000   0.0000   0.0000
    2328  -1.1310   5.4814  15.6295   0.0000   0.0000   0.0000
    2329  -1.5267   6.1025  15.6563   0.0000   0.0000   0.0000
    2330  -0.8787   6.0020  15.0618   0.0000   0.0000   0.0000
    2331  -0.9186   5.0546  15.7738   0.0000   0.0000   0.0000
    2332  -1.6415   5.6203  14.7580   0.0000   0.0000   0.0000
    2333  -1.4474   5.1952  15.3897   0.0000   0.0000   0.0000
    2334  -1.4256   5.4650  14.8906   0.0000   0.0000   0.0000
    2335  -1.9646   5.8227  14.8660   0.0000   0.0000   0.0000
    2336  -2.3344   5.4126  14.6636   0.0000   0.0000   0.0000
    2337  -2.9775   4.9227  14.5385   0.0000   0.0000   0.0000
    2338  -3.2442   5.4018  13.7283   0.0000   0.0000   0.0000
    2339  -3.2093   4.7056  14.2279   0.0000   0.0000   0.0000
    2340  -2.5282   5.3653  14.0504   0.0000   0.0000   0.0000
    2341  -3.8705   5.8066  14.7696   0.0000   0.0000   0.0000
    2342  -3.0779   5.2190  14.2459   0.0000   0.0000   0.0000
    2343  -2.5267   5.1883  13.5984   0.0000   0.0000   0.0000
    2344  -2.5819   5.4484  14.0978   0.0000   0.0000   0.0000
    2345  -2.4621   5.2057  13.4371   0.0000   0.0000   0.0000
    2346  -2.3311   4.7477  13.8418   0.0000   0.0000   0.0000
    2347  -2.3667   5.2786  13.7949   0.0000   0.0000   0.0000
    2348  -2.3660   4.8610  13.8224   0.0000   0.0000   0.0000
    2349  -2.3454   5.6355  14.1360   0.0000   0.0000   0.0000
    2350  -2.4669   6.0351  14.4310   0.0000   0.0000   0.0000
    2351  -2.9756   5.6564  14.0677   0.0000   0.0000   0.0000
    2352  -2.8637   6.1346  13.9933   0.0000   0.0000   0.0000
    2353  -2.8188   5.9110  14.2211   0.0000   0.0000   0.0000
    2354  -2.3972   5.7560  13.2531   0.0000   0.0000   0.0000
    2355  -3.2018   5.1596  13.1780   0.0000   0.0000   0.0000
    2356  -2.7931   5.4289  13.3575   0.0000   0.0000   0.0000
    2357  -1.9491   5.2818  13.1480   0.0000   0.0000   0.0000
    2358  -2.8547   6.0918  13.1442   0.0000   0.0000   0.0000
    2359  -2.0149   5.5791  13.7098   0.0000   0.0000   0.0000
    2360  -2.1614   5.6988  13.6585   0.0000   0.0000   0.0000
    2361  -2.0025   5.9764  13.3667   0.0000   0.0000   0.0000
    2362  -2.2409   5.3495  14.2234   0.0000   0.0000   0.0000
    2363  -2.2130   6.4146  14.6493   0.0000   0.0000   0.0000
    2364  -2.1160   5.4139  13.7503   0.0000   0.0000   0.0000
    2365  -2.4244   6.3091  13.9855   0.0000   0.0000   0.0000
    2366  -1.6664   6.8083  13.8638   0.0000   0.0000   0.0000
    2367  -1.2357   5.8979  13.5798   0.0000   0.0000   0.0000
    2368  -1.9225   4.9078  14.3909   0.0000   0.0000   0.0000
    2369  -2.6239   4.9257  14.4283   0.0000   0.0000   0.0000
    2370  -2.5689   4.4309  14.1347   0.0000   0.0000   0.0000
    2371  -1.6878   5.0931  14.1171   0.0000   0.0000   0.0000
    2372  -2.3512   5.2142  14.1486   0.0000   0.0000   0.0000
    2373  -2.2097   5.1442  13.8762   0.0000   0.0000   0.0000
    2374  -2.6086   5.3535  14.5595   0.0000   0.0000   0.0000
    2375  -2.5481   5.0734  14.1977   0.0000   0.0000   0.0000
    2376  -1.8693   5.2041  14.6276   0.0000   0.0000   0.0000
    2377  -1.5126   5.1514  14.7681   0.0000   0.0000   0.0000
    2378  -1.3023   5.6179  14.8367   0.0000   0.0000   0.0000
    2379  -1.6788   4.8532  14.7301   0.0000   0.0000   0.0000
    2380  -1.6176   5.2406  14.5585   0.0000   0.0000   0.0000
    2381  -1.2748   5.6332  13.9785   0.0000   0.0000   0.0000
    2382  -1.3493   5.3713  13.9674   0.0000   0.0000   0.0000
    2383  -2.0300   5.1293  13.9964   0.0000   0.0000   0.0000
    2384  -1.7057   5.2685  14.4351   0.0000   0.0000   0.0000
    2385  -1.4701   5.9940  14.1726   0.0000   0.0000   0.0000
    2386  -1.8911   6.0717  14.1527   0.0000   0.0000   0.0000
    2387  -1.8606   5.5703  14.5309   0.0000   0.0000   0.0000
    2388  -2.1637   5.7206  14.6614   0.0000   0.0000   0.0000
    2389  -2.7479   5.0688  14.6446   0.0000   0.0000   0.0000
    2390  -2.2052   5.1147  14.2197   0.0000   0.0000   0.0000
    2391  -1.8555   4.9302  14.1563   0.0000   0.0000   0.0000
    2392  -2.2507   5.0471  14.4693   0.0000   0.0000   0.0000
    2393  -1.9665   5.0469  14.5912   0.0000   0.0000   0.0000
    2394  -1.2921   5.2249  14.1033   0.0000   0.0000   0.0000
    2395  -1.7039   4.9496  13.8222   0.0000   0.0000   0.0000
    2396  -1.8761   3.2988  14.3054   0.0000   0.0000   0.0000
    2397  -1.0048   3.6554  14.5214   0.0000   0.0000   0.0000
    2398  -1.5698   3.9072  14.7038   0.0000   0.0000   0.0000
    2399  -2.5282   3.9309  14.9907   0.0000   0.0000   0.0000
    2400  -2.0835   5.0627  14.8346   0.0000   0.0000   0.0000
    2401  -1.7057   4.3172  14.5434   0.0000   0.0000   0.0000
    2402  -1.2426   4.8750  14.0144   0.0000   0.0000   0.0000
    2403  -1.5342   4.6991  13.9735   0.0000   0.0000   0.0000
    2404  -1.1389   4.5164  13.8313   0.0000   0.0000   0.0000
    2405  -1.0255   4.2994  13.5772   0.0000   0.0000   0.0000
    2406  -1.0400   3.3204  14.5223   0.0000   0.0000   0.0000
    2407  -0.7344   3.0507  14.5110   0.0000   0.0000   0.0000
    2408  -1.0212   3.9908  14.0858   0.0000   0.0000   0.0000
    2409  -0.4816   4.4103  14.4076   0.0000   0.0000   0.0000
    2410  -0.8373   4.4075  13.9987   0.0000   0.0000   0.0000
    2411  -0.5289   4.8586  13.8146   0.0000   0.0000   0.0000
    2412  -0.4607   5.1196  14.0004   0.0000   0.0000   0.0000
    2413  -1.0914   3.8230  13.9136   0.0000   0.0000   0.0000
    2414  -0.4510   4.8445  13.8101   0.0000   0.0000   0.0000
    2415  -0.6491   5.0981  13.5963   0.0000   0.0000   0.0000
    2416  -0.6633   3.9287  13.9889   0.0000   0.0000   0.0000
    2417  -0.7619   4.3607  14.1404   0.0000   0.0000   0.0000
    2418  -1.6042   3.2669  14.1924   0.0000   0.0000   0.0000
    2419  -1.6859   4.1005  14.9360   0.0000   0.0000   0.0000
    2420  -0.8606   3.8353  14.2872   0.0000   0.0000   0.0000
    2421  -1.7318   4.0749  14.0113   0.0000   0.0000   0.0000
    2422  -1.3936   5.1604  13.7839   0.0000   0.0000   0.0000
    2423  -1.3508   4.4612  14.2352   0.0000   0.0000   0.0000
    2424  -0.7195   3.9005  13.4284   0.0000   0.0000   0.0000
    2425  -1.3977   4.2435  14.1455   0.0000   0.0000   0.0000
    2426  -0.4376   4.1411  14.1108   0.0000   0.0000   0.0000
    2427  -0.4386   4.3675  14.6253   0.0000   0.0000   0.0000
    2428  -1.1673   3.9268  14.5175   0.0000   0.0000   0.0000
    2429  -1.2323   4.1553  14.8343   0.0000   0.0000   0.0000
    2430  -0.7824   4.3512  14.6953   0.0000   0.0000   0.0000
    2431  -0.7141   4.1504  15.0188   0.0000   0.0000   0.0000
    2432  -0.6165   4.5318  15.3961   0.0000   0.0000   0.0000
    2433  -1.3715   4.0706  14.7701   0.0000   0.0000   0.0000
    2434  -1.2573   3.7437  14.8643   0.0000   0.0000   0.0000
    2435  -2.3223   3.8999  14.9822   0.0000   0.0000   0.0000
    2436  -2.3282   4.4220  14.1818   0.0000   0.0000   0.0000
    2437  -1.6143   4.5107  14.5787   0.0000   0.0000   0.0000
    2438  -1.6414   4.2329  14.2269   0.0000   0.0000   0.0000
    2439  -0.5587   4.5892  13.7110   0.0000   0.0000   0.0000
    2440  -1.4951   4.4781  13.8223   0.0000   0.0000   0.0000
    2441  -1.3184   4.5078  13.7008   0.0000   0.0000   0.0000
    2442  -0.8655   4.5978  13.7580   0.0000   0.0000   0.0000
    2443  -1.7837   4.7450  13.8497   0.0000   0.0000   0.0000
    2444  -1.0499   4.3501  14.1081   0.0000   0.0000   0.0000
    2445  -1.1397   5.3006  13.4569   0.0000   0.0000   0.0000
    2446  -0.8662   4.6724  12.9813   0.0000   0.0000   0.0000
    2447  -1.1371   4.0618  13.5520   0.0000   0.0000   0.0000
    2448  -1.0360   4.1683  13.5835   0.0000   0.0000   0.0000
    2449  -1.8600   3.8989  13.4427   0.0000   0.0000   0.0000
    2450  -1.4947   3.8647  13.7388   0.0000   0.0000   0.0000
    2451  -1.4528   4.1950  13.2788   0.0000   0.0000   0.0000
    2452  -1.1052   4.4642  12.8336   0.0000   0.0000   0.0000
    2453  -1.5886   3.7692  13.1964   0.0000   0.0000   0.0000
    2454  -1.3998   3.9440  13.3839   0.0000   0.0000   0.0000
    2455  -1.2301   3.8843  13.2354   0.0000   0.0000   0.0000
    2456  -0.5783   3.7220  12.3766   0.0000   0.0000   0.0000
    2457  -1.3127   4.9343  12.7509   0.0000   0.0000   0.0000
    2458  -1.4596   5.2607  12.9413   0.0000   0.0000   0.0000
    2459  -1.0684   6.2657  13.1320   0.0000   0.0000   0.0000
    2460  -1.2395   5.5735  12.9733   0.0000   0.0000   0.0000
    2461  -1.2278   4.3894  13.1069   0.0000   0.0000   0.0000
    2462  -1.4008   5.1239  13.1950   0.0000   0.0000   0.0000
    2463  -1.2605   4.5403  12.8527   0.0000   0.0000   0.0000
    2464  -1.2837   5.5132  12.8672   0.0000   0.0000   0.0000
    2465  -2.0251   5.0119  13.5770   0.0000   0.0000   0.0000
    2466  -1.9915   5.1009  13.5977   0.0000   0.0000   0.0000
    2467  -1.2540   3.6867  13.9253   0.0000   0.0000   0.0000
    2468  -2.4458   4.9119  14.0208   0.0000   0.0000   0.0000
    2469  -1.2973   3.7826  13.9697   0.0000   0.0000   0.0000
    2470  -1.2709   4.0906  14.2947   0.0000   0.0000   0.0000
    2471  -2.1089   5.5082  13.9939   0.0000   0.0000   0.0000
    2472  -2.1189   6.0300  14.4132   0.0000   0.0000   0.0000
    2473  -2.2291   5.4061  13.8077   0.0000   0.0000   0.0000
    2474  -1.6144   4.3755  13.2698   0.0000   0.0000   0.0000
    2475  -1.4363   4.3201  13.6541   0.0000   0.0000   0.0000
    2476  -2.0987   5.2729  13.4623   0.0000   0.0000   0.0000
    2477  -1.2508   5.2454  13.1474   0.0000   0.0000   0.0000
    2478  -1.3372   5.6648  12.2649   0.0000   0.0000   0.0000
    2479  -1.8855   5.4701  12.4904   0.0000   0.0000   0.0000
    2480  -1.7093   4.6726  12.5506   0.0000   0.0000   0.0000
    2481  -1.2330   4.8114  12.1202   0.0000   0.0000   0.0000
    2482  -1.5431   4.8116  12.8658   0.0000   0.0000   0.0000
    2483  -0.8070   5.0339  12.8453   0.0000   0.0000   0.0000
    2484  -0.0659   5.1563  13.5298   0.0000   0.0000   0.0000
    2485  -0.9508   4.4931  14.0519   0.0000   0.0000   0.0000
    2486  -1.8987   5.2200  13.8199   0.0000   0.0000   0.0000
    2487  -0.9372   4.9843  14.3858   0.0000   0.0000   0.0000
    2488  -1.5792   5.5310  14.3399   0.0000   0.0000   0.0000
    2489  -2.1404   4.4119  13.9139   0.0000   0.0000   0.0000
    2490  -0.6471   4.5534  13.4395   0.0000   0.0000   0.0000
    2491  -1.7476   5.4148  12.7561   0.0000   0.0000   0.0000
    2492  -1.1644   4.9903  12.7252   0.0000   0.0000   0.0000
    2493  -0.8144   5.7821  13.2691   0.0000   0.0000   0.0000
    2494  -1.0055   5.5678  12.7366   0.0000   0.0000   0.0000
    2495  -1.0261   4.8798  11.9574   0.0000   0.0000   0.0000
    2496  -2.2737   5.3191  12.2981   0.0000   0.0000   0.0000
    2497  -2.0461   3.5234  12.8550   0.0000   0.0000   0.0000
    2498  -1.0397   4.8165  12.6616   0.0000   0.0000   0.0000
    2499  -1.8365   4.9353  12.4031   0.0000   0.0000   0.0000
    2500  -1.4312   3.8662  12.0720   0.0000   0.0000   0.0000
    2501  -0.9375   4.1890  12.0575   0.0000   0.0000   0.0000
    2502  -0.7838   4.1792  11.6890   0.0000   0.0000   0.0000
    2503  -1.7930   3.6740  11.5851   0.0000   0.0000   0.0000
    2504  -1.6116   3.1386  11.8675   0.0000   0.0000   0.0000
    2505  -2.4578   3.4473  11.4375   0.0000   0.0000   0.0000
    2506  -2.0620   4.9527  11.5467   0.0000   0.0000   0.0000
    2507  -1.6584   4.1326  11.4908   0.0000   0.0000   0.0000
    2508  -1.0240   3.9605  11.9813   0.0000   0.0000   0.0000
    2509  -1.7267   2.9592  12.8540   0.0000   0.0000   0.0000
    2510  -1.2422   3.2620  12.6669   0.0000   0.0000   0.0000
    2511  -1.2117   2.9823  12.4589   0.0000   0.0000   0.0000
    2512  -2.0141   3.4368  12.5112   0.0000   0.0000   0.0000
    2513  -1.2398   3.8425  13.4448   0.0000   0.0000   0.0000
    2514  -1.7154   3.9679  12.9166   0.0000   0.0000   0.0000
    2515  -0.8308   3.8701  12.6933   0.0000   0.0000   0.0000
    2516  -1.5725   4.0820  12.5666   0.0000   0.0000   0.0000
    2517  -0.9549   4.2405  12.6210   0.0000   0.0000   0.0000
    2518  -0.2288   4.5628  11.5256   0.0000   0.0000   0.0000
    2519  -0.1181   4.3961  11.6224   0.0000   0.0000   0.0000
    2520  -1.0926   4.8156  11.7076   0.0000   0.0000   0.0000
    2521  -0.9817   5.3697  11.5031   0.0000   0.0000   0.0000
    2522  -0.3699   4.9846  10.9515   0.0000   0.0000   0.0000
    2523  -0.4037   4.0156  11.1714   0.0000   0.0000   0.0000
    2524   0.0471   5.3763  12.1838   0.0000   0.0000   0.0000
    2525   0.2362   5.0728  12.0744   0.0000   0.0000   0.0000
    2526  -0.6635   4.8706  11.8584   0.0000   0.0000   0.0000
    2527  -0.0618   4.6547  12.7543   0.0000   0.0000   0.0000
    2528  -0.2490   5.2120  11.9017   0.0000   0.0000   0.0000
    2529  -0.4805   5.0583  11.3353   0.0000   0.0000   0.0000
    2530  -0.8406   4.8947  12.2102   0.0000   0.0000   0.0000
    2531  -0.6844   5.2016  11.9854   0.0000   0.0000   0.0000
    2532  -1.2203   5.4953  12.0733   0.0000   0.0000   0.0000
    2533  -1.0765   4.6751  11.5673   0.0000   0.0000   0.0000
    2534  -1.0625   4.6679  11.8393   0.0000   0.0000   0.0000
    2535  -1.4739   4.8439  11.9511   0.0000   0.0000   0.0000
    2536  -1.7196   4.7185  12.4845   0.0000   0.0000   0.0000
    2537  -2.4910   5.0272  12.5107   0.0000   0.0000   0.0000
    2538  -2.2185   4.8666  12.8309   0.0000   0.0000   0.0000
    2539  -1.6886   4.8825  12.2380   0.0000   0.0000   0.0000
    2540  -1.3380   5.0215  12.4763   0.0000   0.0000   0.0000
    2541  -1.2846   3.8490  13.0098   0.0000   0.0000   0.0000
    2542  -1.3640   4.3290  13.3381   0.0000   0.0000   0.0000
    2543  -1.6571   4.1105  12.3479   0.0000   0.0000   0.0000
    2544  -0.5888   3.5489  12.7594   0.0000   0.0000   0.0000
    2545  -1.0303   3.7995  12.6506   0.0000   0.0000   0.0000
    2546  -2.0496   3.8549  12.7166   0.0000   0.0000   0.0000
    2547  -1.6125   2.7094  12.8142   0.0000   0.0000   0.0000
    2548  -0.3573   2.7344  13.0077   0.0000   0.0000   0.0000
    2549   0.5849   3.7518  13.6646   0.0000   0.0000   0.0000
    2550  -0.6995   4.1691  13.2852   0.0000   0.0000   0.0000
    2551  -0.6271   4.1372  13.8036   0.0000   0.0000   0.0000
    2552  -0.5863   3.5693  13.2528   0.0000   0.0000   0.0000
    2553   0.0673   4.0373  12.7833   0.0000   0.0000   0.0000
    2554  -0.2073   4.3128  12.8034   0.0000   0.0000   0.0000
    2555  -0.4313   3.5880  12.3943   0.0000   0.0000   0.0000
    2556   0.7688   3.9423  13.0777   0.0000   0.0000   0.0000
    2557   0.0582   3.9161  12.9990   0.0000   0.0000   0.0000
    2558  -1.0092   4.2232  13.7238   0.0000   0.0000   0.0000
    2559  -0.5157   4.0986  13.4607   0.0000   0.0000   0.0000
    2560  -1.2863   3.9515  12.5960   0.0000   0.0000   0.0000
    2561  -1.0824   4.0567  12.7785   0.0000   0.0000   0.0000
    2562  -1.7829   4.1833  12.5411   0.0000   0.0000   0.0000
    2563  -1.6916   3.6234  12.5928   0.0000   0.0000   0.0000
    2564  -1.8440   3.7873  13.3130   0.0000   0.0000   0.0000
    2565  -1.5475   3.7263  13.4308   0.0000   0.0000   0.0000
    2566  -1.4014   3.8755  13.2578   0.0000   0.0000   0.0000
    2567  -0.4279   3.2133  13.1876   0.0000   0.0000   0.0000
    2568  -0.7433   3.7317  13.1700   0.0000   0.0000   0.0000
    2569  -0.7924   3.6730  13.2272   0.0000   0.0000   0.0000
    2570  -1.4376   2.9502  13.6835   0.0000   0.0000   0.0000
    2571  -0.3145   2.6170  13.7517   0.0000   0.0000   0.0000
    2572  -0.7294   2.7839  14.0063   0.0000   0.0000   0.0000
    2573  -0.6533   3.1828  13.8312   0.0000   0.0000   0.0000
    2574  -0.2481   4.1032  13.6827   0.0000   0.0000   0.0000
    2575  -0.8865   4.2079  14.2321   0.0000   0.0000   0.0000
    2576  -0.3989   4.2224  13.8589   0.0000   0.0000   0.0000
    2577   0.1754   3.7880  13.7608   0.0000   0.0000   0.0000
    2578   0.2183   4.0109  14.1733   0.0000   0.0000   0.0000
    2579   0.1348   4.2038  14.5036   0.0000   0.0000   0.0000
    2580  -0.1597   3.6204  13.8869   0.0000   0.0000   0.0000
    2581  -0.5151   3.4269  13.3365   0.0000   0.0000   0.0000
    2582  -0.6971   3.3841  13.2955   0.0000   0.0000   0.0000
    2583  -1.5291   3.3541  14.3762   0.0000   0.0000   0.0000
    2584  -0.0972   3.1344  15.3208   0.0000   0.0000   0.0000
    2585  -0.1647   3.5264  14.7950   0.0000   0.0000   0.0000
    2586  -1.1755   3.2503  15.1110   0.0000   0.0000   0.0000
    2587  -0.2080   3.8649  14.4880   0.0000   0.0000   0.0000
    2588  -0.5999   4.0141  14.5790   0.0000   0.0000   0.0000
    2589   0.0161   3.9003  14.1343   0.0000   0.0000   0.0000
    2590  -1.6338   3.8219  14.0775   0.0000   0.0000   0.0000
    2591  -1.2453   3.8475  13.4240   0.0000   0.0000   0.0000
    2592  -1.3964   4.1458  13.2844   0.0000   0.0000   0.0000
    2593  -0.9368   3.6302  13.4248   0.0000   0.0000   0.0000
    2594  -1.1059   3.4087  13.9107   0.0000   0.0000   0.0000
    2595  -1.1823   3.5802  13.7829   0.0000   0.0000   0.0000
    2596  -1.9293   4.1097  13.6770   0.0000   0.0000   0.0000
    2597  -1.8844   4.3142  12.6478   0.0000   0.0000   0.0000
    2598  -2.1604   3.5394  13.8293   0.0000   0.0000   0.0000
    2599  -1.6144   3.8554  13.8443   0.0000   0.0000   0.0000
    2600  -2.1577   3.4102  14.2563   0.0000   0.0000   0.0000
    2601  -2.0414   4.3437  13.6180   0.0000   0.0000   0.0000
    2602  -2.5709   4.2194  13.4923   0.0000   0.0000   0.0000
    2603  -1.4557   4.6221  13.5664   0.0000   0.0000   0.0000
    2604  -1.2986   3.9869  13.5459   0.0000   0.0000   0.0000
    2605  -1.1940   4.0427  12.5108   0.0000   0.0000   0.0000
    2606  -1.8992   4.5995  13.4369   0.0000   0.0000   0.0000
    2607  -1.6812   4.5202  12.7641   0.0000   0.0000   0.0000
    2608  -2.2800   5.2593  12.9848   0.0000   0.0000   0.0000
    2609  -2.2318   5.4326  12.3740   0.0000   0.0000   0.0000
    2610  -1.6788   5.2882  12.8839   0.0000   0.0000   0.0000
    2611  -2.0215   4.7635  11.8707   0.0000   0.0000   0.0000
    2612  -2.2385   5.0604  13.0157   0.0000   0.0000   0.0000
    2613  -1.1712   4.1554  13.5282   0.0000   0.0000   0.0000
    2614  -1.2629   3.8603  13.1830   0.0000   0.0000   0.0000
    2615  -0.6917   4.3555  13.2881   0.0000   0.0000   0.0000
    2616  -0.9602   3.6679  12.5917   0.0000   0.0000   0.0000
    2617  -0.3043   3.5765  13.3279   0.0000   0.0000   0.0000
    2618  -1.1310   4.2020  13.4673   0.0000   0.0000   0.0000
    2619  -1.3666   4.8526  13.1967   0.0000   0.0000   0.0000
    2620  -0.6622   4.3608  13.2454   0.0000   0.0000   0.0000
    2621  -0.7972   4.3151  13.9162   0.0000   0.0000   0.0000
    2622  -0.2438   4.9140  12.9150   0.0000   0.0000   0.0000
    2623   0.2859   4.7331  13.1211   0.0000   0.0000   0.0000
    2624  -0.1192   4.2544  12.9877   0.0000   0.0000   0.0000
    2625  -0.5989   3.7521  13.0658   0.0000   0.0000   0.0000
    2626  -0.0585   3.4250  13.7680   0.0000   0.0000   0.0000
    2627   0.3132   4.0329  13.1035   0.0000   0.0000   0.0000
    2628   0.4676   3.8196  12.9243   0.0000   0.0000   0.0000
    2629  -0.5174   4.1817  13.5981   0.0000   0.0000   0.0000
    2630  -1.1992   3.3202  13.6936   0.0000   0.0000   0.0000
    2631  -0.6629   3.8959  13.6151   0.0000   0.0000   0.0000
    2632  -1.4558   3.6265  13.8761   0.0000   0.0000   0.0000
    2633  -0.8209   3.3743  13.8425   0.0000   0.0000   0.0000
    2634  -1.0242   4.4346  13.0988   0.0000   0.0000   0.0000
    2635  -0.4112   4.1128  12.6320   0.0000   0.0000   0.0000
    2636   0.2079   3.7907  12.8933   0.0000   0.0000   0.0000
    2637  -0.0153   3.6301  12.6756   0.0000   0.0000   0.0000
    2638  -0.0252   3.8215  12.4487   0.0000   0.0000   0.0000
    2639   0.3469   4.8951  12.5950   0.0000   0.0000   0.0000
    2640  -0.1937   4.4546  12.2578   0.0000   0.0000   0.0000
    2641  -0.3721   4.0948  12.3933   0.0000   0.0000   0.0000
    2642   0.8584   5.1051  12.3823   0.0000   0.0000   0.0000
    2643  -0.2542   4.5692  12.4394   0.0000   0.0000   0.0000
    2644   0.8442   5.2988  12.3301   0.0000   0.0000   0.0000
    2645   0.3820   4.7926  12.7258   0.0000   0.0000   0.0000
    2646   1.0290   5.0889  12.9847   0.0000   0.0000   0.0000
    2647   0.6407   4.9883  12.2534   0.0000   0.0000   0.0000
    2648   0.9032   4.2976  12.6188   0.0000   0.0000   0.0000
    2649  -0.6942   5.5382  13.1402   0.0000   0.0000   0.0000
    2650   0.2088   4.8400  13.0375   0.0000   0.0000   0.0000
    2651   0.2710   4.6648  13.1023   0.0000   0.0000   0.0000
    2652  -0.2732   4.7138  11.5919   0.0000   0.0000   0.0000
    2653   0.2045   4.8403  11.9696   0.0000   0.0000   0.0000
    2654   0.0174   4.1502  12.5897   0.0000   0.0000   0.0000
    2655  -0.1145   4.8625  12.1100   0.0000   0.0000   0.0000
    2656   0.4132   3.7379  12.3246   0.0000   0.0000   0.0000
    2657  -0.3114   3.8993  11.9388   0.0000   0.0000   0.0000
    2658  -0.0310   4.1623  12.4553   0.0000   0.0000   0.0000
    2659   0.3901   3.7822  12.1935   0.0000   0.0000   0.0000
    2660   0.3027   4.0670  11.6150   0.0000   0.0000   0.0000
    2661   0.7781   3.8939  11.8260   0.0000   0.0000   0.0000
    2662   0.0685   4.9517  11.8371   0.0000   0.0000   0.0000
    2663   0.5132   3.1927  12.1433   0.0000   0.0000   0.0000
    2664   0.5684   3.3608  11.6836   0.0000   0.0000   0.0000
    2665   0.4320   3.2818  11.2893   0.0000   0.0000   0.0000
    2666  -0.4605   3.7538  11.8160   0.0000   0.0000   0.0000
    2667  -0.3988   3.6076  11.4832   0.0000   0.0000   0.0000
    2668  -0.8832   3.5513  11.4882   0.0000   0.0000   0.0000
    2669   0.1368   4.6611  12.7634   0.0000   0.0000   0.0000
    2670   0.0420   3.1736  11.7331   0.0000   0.0000   0.0000
    2671  -0.4365   3.8084  12.1481   0.0000   0.0000   0.0000
    2672  -0.4647   4.3637  11.8204   0.0000   0.0000   0.0000
    2673  -1.0127   4.2589  12.6438   0.0000   0.0000   0.0000
    2674  -0.3275   4.0409  12.7448   0.0000   0.0000   0.0000
    2675  -0.2244   4.5204  11.9037   0.0000   0.0000   0.0000
    2676  -0.3728   4.4102  11.8235   0.0000   0.0000   0.0000
    2677  -0.3973   4.2558  11.2939   0.0000   0.0000   0.0000
    2678  -0.5090   4.9531  11.2274   0.0000   0.0000   0.0000
    2679  -0.3309   4.0093  11.2567   0.0000   0.0000   0.0000
    2680  -0.4882   4.2979  11.9045   0.0000   0.0000   0.0000
    2681   0.1185   4.3153  11.6623   0.0000   0.0000   0.0000
    2682  -0.3082   4.7562  11.9773   0.0000   0.0000   0.0000
    2683  -0.0676   4.5377  11.9576   0.0000   0.0000   0.0000
    2684  -0.8079   4.8297  12.8425   0.0000   0.0000   0.0000
    2685  -0.3749   5.0738  12.7840   0.0000   0.0000   0.0000
    2686   0.3947   4.6587  12.3970   0.0000   0.0000   0.0000
    2687   0.0437   4.9341  12.2458   0.0000   0.0000   0.0000
    2688  -0.1322   4.8576  12.7356   0.0000   0.0000   0.0000
    2689   0.3551   5.2439  12.6485   0.0000   0.0000   0.0000
    2690   1.0702   5.3045  12.6568   0.0000   0.0000   0.0000
    2691   0.5646   5.5893  12.6609   0.0000   0.0000   0.0000
    2692   0.6290   5.5783  13.3396   0.0000   0.0000   0.0000
    2693   1.6420   5.5285  13.6683   0.0000   0.0000   0.0000
    2694   0.7492   4.9333  12.8707   0.0000   0.0000   0.0000
    2695   0.4639   4.5715  12.9646   0.0000   0.0000   0.0000
    2696   0.3463   4.7044  13.2409   0.0000   0.0000   0.0000
    2697   0.6957   5.3116  12.9299   0.0000   0.0000   0.0000
    2698   0.7852   5.5867  13.1357   0.0000   0.0000   0.0000
    2699   0.5439   5.7307  13.1006   0.0000   0.0000   0.0000
    2700   0.9825   5.7002  12.6778   0.0000   0.0000   0.0000
    2701   1.5813   4.2162  12.7369   0.0000   0.0000   0.0000
    2702   1.0474   3.3415  13.3813   0.0000   0.0000   0.0000
    2703   1.9304   4.5505  13.3276   0.0000   0.0000   0.0000
    2704   0.9525   4.2766  13.1364   0.0000   0.0000   0.0000
    2705   1.8274   4.5428  12.5235   0.0000   0.0000   0.0000
    2706   1.1560   4.9427  12.1297   0.0000   0.0000   0.0000
    2707   0.8563   4.6652  12.0585   0.0000   0.0000   0.0000
    2708   0.8822   4.4099  12.1988   0.0000   0.0000   0.0000
    2709   0.3738   3.7976  12.2905   0.0000   0.0000   0.0000
    2710   0.5593   5.4310  12.6816   0.0000   0.0000   0.0000
    2711   0.1412   4.2325  12.1072   0.0000   0.0000   0.0000
    2712   0.1634   4.8873  12.2912   0.0000   0.0000   0.0000
    2713  -0.3039   3.9651  11.3848   0.0000   0.0000   0.0000
    2714   0.3694   3.3125  12.8735   0.0000   0.0000   0.0000
    2715   0.5554   3.4359  12.7759   0.0000   0.0000   0.0000
    2716   0.4054   3.5862  12.8453   0.0000   0.0000   0.0000
    2717   0.2623   4.5366  12.7300   0.0000   0.0000   0.0000
    2718   0.8883   4.8064  13.1211   0.0000   0.0000   0.0000
    2719   0.0858   3.5590  11.9970   0.0000   0.0000   0.0000
    2720   0.6217   4.0855  13.2662   0.0000   0.0000   0.0000
    2721   0.6889   3.0608  12.5203   0.0000   0.0000   0.0000
    2722   0.5316   3.8578  13.0951   0.0000   0.0000   0.0000
    2723  -0.2880   3.9392  14.0339   0.0000   0.0000   0.0000
    2724  -0.0455   4.1477  13.8316   0.0000   0.0000   0.0000
    2725   0.8044   3.6011  14.1142   0.0000   0.0000   0.0000
    2726   0.1062   3.2206  13.8864   0.0000   0.0000   0.0000
    2727  -0.2223   3.3575  13.9124   0.0000   0.0000   0.0000
    2728  -0.0203   2.6089  14.1505   0.0000   0.0000   0.0000
    2729   1.0236   3.5401  14.0347   0.0000   0.0000   0.0000
    2730   0.7028   2.6037  13.8520   0.0000   0.0000   0.0000
    2731   0.2841   2.4953  13.4921   0.0000   0.0000   0.0000
    2732   0.3454   3.4742  14.7267   0.0000   0.0000   0.0000
    2733   1.5770   3.7604  14.8061   0.0000   0.0000   0.0000
    2734   1.3313   3.2447  14.4870   0.0000   0.0000   0.0000
    2735   1.0115   2.8865  14.5144   0.0000   0.0000   0.0000
    2736   1.9989   3.3617  14.6803   0.0000   0.0000   0.0000
    2737   1.4285   3.2180  14.7227   0.0000   0.0000   0.0000
    2738   1.4059   3.4199  13.6594   0.0000   0.0000   0.0000
    2739   2.1873   3.7622  13.4755   0.0000   0.0000   0.0000
    2740   2.2539   2.9130  13.3849   0.0000   0.0000   0.0000
    2741   2.2592   4.0850  13.5561   0.0000   0.0000   0.0000
    2742   2.3884   3.5076  13.1699   0.0000   0.0000   0.0000
    2743   1.8567   4.1990  13.4404   0.0000   0.0000   0.0000
    2744   2.3687   4.2529  13.4616   0.0000   0.0000   0.0000
    2745   2.8551   4.1490  13.7811   0.0000   0.0000   0.0000
    2746   1.8618   3.9500  13.6261   0.0000   0.0000   0.0000
    2747   1.7565   4.2145  13.5507   0.0000   0.0000   0.0000
    2748   1.9860   4.6123  14.4288   0.0000   0.0000   0.0000
    2749   2.2442   3.5448  14.2879   0.0000   0.0000   0.0000
    2750   1.8306   3.6393  13.4125   0.0000   0.0000   0.0000
    2751   1.2650   4.0328  14.4028   0.0000   0.0000   0.0000
    2752   0.9249   4.1445  13.8824   0.0000   0.0000   0.0000
    2753   1.1410   4.4069  13.8910   0.0000   0.0000   0.0000
    2754   0.5941   3.9323  13.9466   0.0000   0.0000   0.0000
    2755   0.7537   3.8345  13.7889   0.0000   0.0000   0.0000
    2756   1.3243   3.5107  14.2912   0.0000   0.0000   0.0000
    2757   1.2983   3.8752  14.0803   0.0000   0.0000   0.0000
    2758   1.3648   3.4508  14.1803   0.0000   0.0000   0.0000
    2759   1.5615   3.4938  14.7504   0.0000   0.0000   0.0000
    2760   1.7571   2.4974  13.9379   0.0000   0.0000   0.0000
    2761   2.3463   2.6790  13.6086   0.0000   0.0000   0.0000
    2762   1.5474   3.0847  13.8625   0.0000   0.0000   0.0000
    2763   2.0974   3.1761  13.8401   0.0000   0.0000   0.0000
    2764   2.8678   2.6790  13.7851   0.0000   0.0000   0.0000
    2765   3.1882   2.7059  13.7456   0.0000   0.0000   0.0000
    2766   2.3716   2.3073  13.9620   0.0000   0.0000   0.0000
    2767   2.7021   1.7789  13.9176   0.0000   0.0000   0.0000
    2768   2.5940   2.3352  13.9696   0.0000   0.0000   0.0000
    2769   2.2934   1.7283  13.7946   0.0000   0.0000   0.0000
    2770   2.3330   1.4382  14.8356   0.0000   0.0000   0.0000
    2771   0.8443   1.9705  14.1958   0.0000   0.0000   0.0000
    2772   1.0988   1.8506  14.2662   0.0000   0.0000   0.0000
    2773   1.8332   1.5391  14.6842   0.0000   0.0000   0.0000
    2774   1.2040   1.7810  14.5616   0.0000   0.0000   0.0000
    2775   1.1539   1.8269  14.8606   0.0000   0.0000   0.0000
    2776   1.0062   1.8635  14.4867   0.0000   0.0000   0.0000
    2777   0.5763   1.5088  15.7373   0.0000   0.0000   0.0000
    2778   0.6345   1.4425  14.6209   0.0000   0.0000   0.0000
    2779   1.2876   2.2406  14.7211   0.0000   0.0000   0.0000
    2780   0.5589   2.1134  14.8078   0.0000   0.0000   0.0000
    2781   1.8025   1.9490  14.8760   0.0000   0.0000   0.0000
    2782   1.4627   1.8681  15.1855   0.0000   0.0000   0.0000
    2783   1.6397   1.6824  15.1387   0.0000   0.0000   0.0000
    2784   0.7949   1.9412  15.5699   0.0000   0.0000   0.0000
    2785   0.6527   2.3203  14.6634   0.0000   0.0000   0.0000
    2786   1.4406   1.8294  14.7126   0.0000   0.0000   0.0000
    2787   1.6085   1.3724  15.1801   0.0000   0.0000   0.0000
    2788   2.2180   1.5518  14.8159   0.0000   0.0000   0.0000
    2789   1.7209   1.3126  15.1934   0.0000   0.0000   0.0000
    2790   2.1369   0.8885  15.0273   0.0000   0.0000   0.0000
    2791   2.6755   1.5596  15.7566   0.0000   0.0000   0.0000
    2792   2.0238   0.8277  15.6201   0.0000   0.0000   0.0000
    2793   2.0818   1.2775  15.6981   0.0000   0.0000   0.0000
    2794   3.0031   1.6791  15.8994   0.0000   0.0000   0.0000
    2795   2.3072   1.3070  15.1272   0.0000   0.0000   0.0000
    2796   2.6593   2.1662  15.8261   0.0000   0.0000   0.0000
    2797   2.9030   1.3691  15.1937   0.0000   0.0000   0.0000
    2798   2.5222   1.6045  14.8374   0.0000   0.0000   0.0000
    2799   1.9496   2.0381  14.4987   0.0000   0.0000   0.0000
    2800   2.1106   1.5263  14.6779   0.0000   0.0000   0.0000
    2801   2.2925   1.6447  15.2372   0.0000   0.0000   0.0000
    2802   1.8486   2.5379  14.5090   0.0000   0.0000   0.0000
    2803   2.5748   2.2084  15.0912   0.0000   0.0000   0.0000
    2804   2.8660   1.7192  15.8880   0.0000   0.0000   0.0000
    2805   2.0058   2.6138  15.3851   0.0000   0.0000   0.0000
    2806   2.3513   2.8924  14.7617   0.0000   0.0000   0.0000
    2807   2.0439   2.9811  15.0054   0.0000   0.0000   0.0000
    2808   2.1620   2.9821  15.3487   0.0000   0.0000   0.0000
    2809   2.5964   3.2271  14.9945   0.0000   0.0000   0.0000
    2810   2.3714   3.2011  15.4162   0.0000   0.0000   0.0000
    2811   1.8111   2.4515  14.9069   0.0000   0.0000   0.0000
    2812   2.0855   2.9108  15.3243   0.0000   0.0000   0.0000
    2813   1.8091   2.6908  15.2123   0.0000   0.0000   0.0000
    2814   2.3076   3.5522  15.5496   0.0000   0.0000   0.0000
    2815   1.6018   2.0412  15.6327   0.0000   0.0000   0.0000
    2816   1.7670   3.4562  15.7253   0.0000   0.0000   0.0000
    2817   1.6509   2.6040  15.5654   0.0000   0.0000   0.0000
    2818   0.9968   2.4672  16.1910   0.0000   0.0000   0.0000
    2819   1.9258   2.5565  16.1105   0.0000   0.0000   0.0000
    2820   1.1439   3.5786  15.6685   0.0000   0.0000   0.0000
    2821   1.3748   3.5393  15.9203   0.0000   0.0000   0.0000
    2822   1.2924   2.8581  15.9923   0.0000   0.0000   0.0000
    2823   1.6562   2.9742  16.1982   0.0000   0.0000   0.0000
    2824   2.5584   2.1463  16.1372   0.0000   0.0000   0.0000
    2825   1.7571   2.9779  16.0833   0.0000   0.0000   0.0000
    2826   1.3785   3.0701  15.6053   0.0000   0.0000   0.0000
    2827   1.0239   3.2298  16.0667   0.0000   0.0000   0.0000
    2828   1.7431   4.1587  14.9102   0.0000   0.0000   0.0000
    2829   1.0104   3.8105  15.0053   0.0000   0.0000   0.0000
    2830   0.8175   3.9183  15.3649   0.0000   0.0000   0.0000
    2831   1.1299   4.3743  14.6597   0.0000   0.0000   0.0000
    2832   1.7354   3.9642  14.6477   0.0000   0.0000   0.0000
    2833   1.2025   3.6240  15.0762   0.0000   0.0000   0.0000
    2834   1.4384   4.0125  14.9716   0.0000   0.0000   0.0000
    2835   1.7583   3.5508  14.8847   0.0000   0.0000   0.0000
    2836   2.0321   4.0685  14.0152   0.0000   0.0000   0.0000
    2837   1.8518   4.0462  14.4844   0.0000   0.0000   0.0000
    2838   1.7374   3.7492  15.0680   0.0000   0.0000   0.0000
    2839   1.7485   3.5738  15.1159   0.0000   0.0000   0.0000
    2840   2.4391   3.6323  15.2281   0.0000   0.0000   0.0000
    2841   0.9466   2.8869  15.5168   0.0000   0.0000   0.0000
    2842   0.3195   3.8397  15.4614   0.0000   0.0000   0.0000
    2843   0.7696   3.0987  15.5636   0.0000   0.0000   0.0000
    2844   0.7184   3.1157  15.7251   0.0000   0.0000   0.0000
    2845   0.2594   3.4006  15.1350   0.0000   0.0000   0.0000
    2846   0.5033   2.9972  15.0290   0.0000   0.0000   0.0000
    2847   1.1615   3.4355  15.1787   0.0000   0.0000   0.0000
    2848   0.6849   3.4686  14.5438   0.0000   0.0000   0.0000
    2849   0.3891   3.8440  14.7976   0.0000   0.0000   0.0000
    2850   1.0270   2.9874  15.5340   0.0000   0.0000   0.0000
    2851   1.9265   4.3661  15.2980   0.0000   0.0000   0.0000
    2852   0.7269   3.6047  15.3728   0.0000   0.0000   0.0000
    2853   1.4315   4.3838  15.4718   0.0000   0.0000   0.0000
    2854   0.6765   4.2614  15.6374   0.0000   0.0000   0.0000
    2855   0.3758   4.7455  15.3339   0.0000   0.0000   0.0000
    2856   1.1903   5.0117  16.0503   0.0000   0.0000   0.0000
    2857   1.1499   4.8494  16.0396   0.0000   0.0000   0.0000
    2858   2.2723   5.1827  16.3515   0.0000   0.0000   0.0000
    2859   1.9569   4.6656  16.4338   0.0000   0.0000   0.0000
    2860   2.5701   4.1185  14.9303   0.0000   0.0000   0.0000
    2861   2.1296   4.2509  16.1597   0.0000   0.0000   0.0000
    2862   2.6501   3.5535  15.8399   0.0000   0.0000   0.0000
    2863   2.4727   3.1159  15.6812   0.0000   0.0000   0.0000
    2864   3.1394   3.4345  16.0948   0.0000   0.0000   0.0000
    2865   2.1542   2.6824  17.0624   0.0000   0.0000   0.0000
    2866   1.3474   2.6734  16.9825   0.0000   0.0000   0.0000
    2867   1.7075   2.5246  16.9329   0.0000   0.0000   0.0000
    2868   1.0089   2.5641  16.8750   0.0000   0.0000   0.0000
    2869   0.9240   2.1998  16.3873   0.0000   0.0000   0.0000
    2870   1.4416   2.8087  15.8208   0.0000   0.0000   0.0000
    2871   2.2460   2.9979  16.1280   0.0000   0.0000   0.0000
    2872   2.3751   2.6206  16.3512   0.0000   0.0000   0.0000
    2873   2.4351   2.0299  16.2620   0.0000   0.0000   0.0000
    2874   2.2081   2.1503  15.7951   0.0000   0.0000   0.0000
    2875   1.8809   2.9116  15.9621   0.0000   0.0000   0.0000
    2876   1.7123   3.3521  15.6829   0.0000   0.0000   0.0000
    2877   2.3316   2.9184  15.1401   0.0000   0.0000   0.0000
    2878   2.1127   2.9490  15.4030   0.0000   0.0000   0.0000
    2879   1.5195   2.8944  16.0191   0.0000   0.0000   0.0000
    2880   1.8217   2.3821  16.1833   0.0000   0.0000   0.0000
    2881   1.7966   3.0326  16.2241   0.0000   0.0000   0.0000
    2882   1.4379   3.2154  16.4335   0.0000   0.0000   0.0000
    2883   1.7327   2.8139  15.9119   0.0000   0.0000   0.0000
    2884   1.4373   2.4337  15.7580   0.0000   0.0000   0.0000
    2885   1.0875   3.6902  15.2466   0.0000   0.0000   0.0000
    2886   0.9013   3.6811  15.0861   0.0000   0.0000   0.0000
    2887   1.2856   3.5302  14.8761   0.0000   0.0000   0.0000
    2888   1.3421   3.6533  15.7147   0.0000   0.0000   0.0000
    2889   0.6580   3.6346  15.3386   0.0000   0.0000   0.0000
    2890   0.6925   4.1685  14.8703   0.0000   0.0000   0.0000
    2891   0.1885   3.8481  15.0427   0.0000   0.0000   0.0000
    2892   0.5977   3.6042  15.2661   0.0000   0.0000   0.0000
    2893   0.2570   3.6955  14.8999   0.0000   0.0000   0.0000
    2894   1.7083   3.4288  15.4655   0.0000   0.0000   0.0000
    2895   1.1838   3.6155  15.9439   0.0000   0.0000   0.0000
    2896  -0.0306   3.2032  15.3809   0.0000   0.0000   0.0000
    2897  -0.4535   3.6655  16.0666   0.0000   0.0000   0.0000
    2898   0.6286   3.0212  15.6862   0.0000   0.0000   0.0000
    2899   1.1409   3.0964  15.7540   0.0000   0.0000   0.0000
    2900  -0.6783   3.3712  16.5015   0.0000   0.0000   0.0000
    2901  -0.6087   3.6376  15.5802   0.0000   0.0000   0.0000
    2902   0.2960   2.9492  14.5382   0.0000   0.0000   0.0000
    2903  -0.6618   3.7939  14.9362   0.0000   0.0000   0.0000
    2904  -1.1152   4.2070  15.3262   0.0000   0.0000   0.0000
    2905  -1.1527   3.6314  15.2125   0.0000   0.0000   0.0000
    2906  -0.7634   4.6971  15.7644   0.0000   0.0000   0.0000
    2907  -0.4803   4.9145  15.3737   0.0000   0.0000   0.0000
    2908  -0.3037   4.7604  15.5175   0.0000   0.0000   0.0000
    2909   0.5715   3.9809  15.4886   0.0000   0.0000   0.0000
    2910  -0.1417   3.8504  15.1979   0.0000   0.0000   0.0000
    2911  -0.3586   4.3198  15.5856   0.0000   0.0000   0.0000
    2912   0.4759   4.3665  14.9956   0.0000   0.0000   0.0000
    2913   0.0347   4.3157  14.4333   0.0000   0.0000   0.0000
    2914   0.3995   4.2590  14.4776   0.0000   0.0000   0.0000
    2915   0.6601   3.8425  14.3793   0.0000   0.0000   0.0000
    2916  -0.1693   4.3416  13.7538   0.0000   0.0000   0.0000
    2917   0.1491   4.3537  13.2845   0.0000   0.0000   0.0000
    2918   0.4906   4.1011  13.8086   0.0000   0.0000   0.0000
    2919   0.1923   4.4910  13.7553   0.0000   0.0000   0.0000
    2920   0.4000   4.1745  13.5413   0.0000   0.0000   0.0000
    2921   0.6255   4.0366  13.6504   0.0000   0.0000   0.0000
    2922   0.7961   4.3792  14.6012   0.0000   0.0000   0.0000
    2923   0.8604   3.6595  14.2706   0.0000   0.0000   0.0000
    2924   1.4932   4.3057  14.9044   0.0000   0.0000   0.0000
    2925   0.4916   4.1801  15.4795   0.0000   0.0000   0.0000
    2926   0.7080   3.4099  15.5797   0.0000   0.0000   0.0000
    2927   0.0151   4.4171  16.0696   0.0000   0.0000   0.0000
    2928   0.8951   4.2586  15.3604   0.0000   0.0000   0.0000
    2929   1.3405   4.3157  15.6537   0.0000   0.0000   0.0000
    2930   1.7044   3.9542  15.9684   0.0000   0.0000   0.0000
    2931   0.8861   3.5964  15.1572   0.0000   0.0000   0.0000
    2932   0.0541   2.9765  14.9872   0.0000   0.0000   0.0000
    2933   0.3049   3.2257  15.2364   0.0000   0.0000   0.0000
    2934   0.3681   3.9074  15.4530   0.0000   0.0000   0.0000
    2935   1.1021   3.9469  15.3197   0.0000   0.0000   0.0000
    2936   1.2262   4.3674  14.7146   0.0000   0.0000   0.0000
    2937   0.9057   3.7464  15.3677   0.0000   0.0000   0.0000
    2938   0.9985   3.3712  15.1870   0.0000   0.0000   0.0000
    2939   0.3647   3.5612  14.3911   0.0000   0.0000   0.0000
    2940   1.6411   3.4901  14.3455   0.0000   0.0000   0.0000
    2941   1.5464   3.4345  15.3370   0.0000   0.0000   0.0000
    2942   1.1713   3.0014  15.5628   0.0000   0.0000   0.0000
    2943   1.6298   3.3362  15.1279   0.0000   0.0000   0.0000
    2944   1.6572   2.5993  15.6493   0.0000   0.0000   0.0000
    2945   0.1425   3.2692  15.6893   0.0000   0.0000   0.0000
    2946   1.4731   2.6327  16.0955   0.0000   0.0000   0.0000
    2947   0.4787   2.6756  16.1053   0.0000   0.0000   0.0000
    2948   0.1428   2.9456  15.7838   0.0000   0.0000   0.0000
    2949   0.4628   3.0086  15.8407   0.0000   0.0000   0.0000
    2950   0.8843   3.3171  15.3846   0.0000   0.0000   0.0000
    2951   0.3626   3.4306  15.6962   0.0000   0.0000   0.0000
    2952   0.3331   3.3083  15.0812   0.0000   0.0000   0.0000
    2953  -0.2421   4.2543  15.1186   0.0000   0.0000   0.0000
    2954  -0.2169   3.9416  15.1856   0.0000   0.0000   0.0000
    2955  -0.2427   3.6665  14.7783   0.0000   0.0000   0.0000
    2956   0.1400   4.1931  14.5725   0.0000   0.0000   0.0000
    2957   0.8617   3.4908  15.4743   0.0000   0.0000   0.0000
    2958   0.2123   3.3432  14.8457   0.0000   0.0000   0.0000
    2959   0.5424   3.8008  14.6065   0.0000   0.0000   0.0000
    2960  -0.9210   3.8540  14.1870   0.0000   0.0000   0.0000
    2961  -0.3749   4.4495  14.9712   0.0000   0.0000   0.0000
    2962   0.1299   3.7722  14.9391   0.0000   0.0000   0.0000
    2963  -0.1603   3.9820  15.6271   0.0000   0.0000   0.0000
    2964  -0.2288   4.0896  15.9545   0.0000   0.0000   0.0000
    2965   0.0773   4.2021  15.5851   0.0000   0.0000   0.0000
    2966   0.0226   3.7063  15.4626   0.0000   0.0000   0.0000
    2967  -0.7780   3.5169  15.5029   0.0000   0.0000   0.0000
    2968  -0.4168   2.9538  15.0139   0.0000   0.0000   0.0000
    2969  -0.7114   3.8352  15.2665   0.0000   0.0000   0.0000
    2970  -0.6746   3.6095  15.4569   0.0000   0.0000   0.0000
    2971  -1.4092   3.0024  14.8286   0.0000   0.0000   0.0000
    2972  -1.0327   3.5559  14.7153   0.0000   0.0000   0.0000
    2973  -0.8813   3.3990  14.6888   0.0000   0.0000   0.0000
    2974  -1.0177   3.0032  14.7469   0.0000   0.0000   0.0000
    2975  -0.6503   3.5409  14.6800   0.0000   0.0000   0.0000
    2976  -0.3946   2.8827  14.8414   0.0000   0.0000   0.0000
    2977  -0.7975   3.2326  14.5849   0.0000   0.0000   0.0000
    2978   0.3884   3.4775  15.5741   0.0000   0.0000   0.0000
    2979   0.2880   3.7054  15.4382   0.0000   0.0000   0.0000
    2980  -0.4392   2.6030  15.0169   0.0000   0.0000   0.0000
    2981  -0.9149   3.4827  14.4155   0.0000   0.0000   0.0000
    2982   0.0239   2.5609  15.1730   0.0000   0.0000   0.0000
    2983   0.5463   3.2308  14.8452   0.0000   0.0000   0.0000
    2984   0.1459   3.0901  14.5568   0.0000   0.0000   0.0000
    2985  -0.1556   3.4515  14.3818   0.0000   0.0000   0.0000
    2986   0.0789   2.7944  13.7613   0.0000   0.0000   0.0000
    2987   0.2789   2.8782  13.5573   0.0000   0.0000   0.0000
    2988  -0.6666   2.5936  14.2585   0.0000   0.0000   0.0000
    2989  -0.5244   3.0341  14.7657   0.0000   0.0000   0.0000
    2990  -0.1598   3.6077  13.5529   0.0000   0.0000   0.0000
    2991   0.0157   2.0782  14.6044   0.0000   0.0000   0.0000
    2992   0.4939   1.8991  14.9587   0.0000   0.0000   0.0000
    2993   0.0619   3.2008  14.7272   0.0000   0.0000   0.0000
    2994   0.8227   3.2559  13.8554   0.0000   0.0000   0.0000
    2995   0.0684   3.0836  14.1413   0.0000   0.0000   0.0000
    2996   0.6825   2.8041  14.6585   0.0000   0.0000   0.0000
    2997   0.3613   3.1187  14.7520   0.0000   0.0000   0.0000
    2998  -0.5028   3.9296  14.9164   0.0000   0.0000   0.0000
    2999   0.8941   4.3947  15.5606   0.0000   0.0000   0.0000
    3000   0.5827   3.9780  14.8105   0.0000   0.0000   0.0000
    3001  -0.7492   4.1320  15.3553   0.0000   0.0000   0.0000
    3002  -0.4612   3.6107  14.8325   0.0000   0.0000   0.0000
    3003  -0.4102   4.1959  15.0467   0.0000   0.0000   0.0000
    3004  -0.3274   3.7696  14.8414   0.0000   0.0000   0.0000
    3005  -0.7953   3.8167  15.3654   0.0000   0.0000   0.0000
    3006  -0.2803   3.4846  14.1442   0.0000   0.0000   0.0000
    3007  -1.2784   3.0232  13.9035   0.0000   0.0000   0.0000
    3008  -0.5305   3.8640  14.3111   0.0000   0.0000   0.0000
    3009  -1.1112   3.0475  14.8715   0.0000   0.0000   0.0000
    3010  -0.7965   4.4998  14.1654   0.0000   0.0000   0.0000
    3011  -0.3024   3.9021  15.2583   0.0000   0.0000   0.0000
    3012  -0.6852   2.6748  14.8926   0.0000   0.0000   0.0000
    3013  -0.3738   2.5964  15.1352   0.0000   0.0000   0.0000
    3014  -0.4646   3.3781  14.9401   0.0000   0.0000   0.0000
    3015  -0.1911   2.5879  15.9975   0.0000   0.0000   0.0000
    3016  -1.0909   3.1994  15.5202   0.0000   0.0000   0.0000
    3017  -0.3444   3.1752  15.0598   0.0000   0.0000   0.0000
    3018  -0.3445   2.7451  15.2159   0.0000   0.0000   0.0000
    3019  -0.6589   2.5124  15.3619   0.0000   0.0000   0.0000
    3020  -0.6589   3.5864  15.0439   0.0000   0.0000   0.0000
    3021  -0.4216   2.9364  15.4689   0.0000   0.0000   0.0000
    3022  -0.2844   3.1646  14.6684   0.0000   0.0000   0.0000
    3023  -0.8720   2.5256  15.3044   0.0000   0.0000   0.0000
    3024  -0.6005   1.9618  14.7343   0.0000   0.0000   0.0000
    3025  -1.8869   2.5593  15.5392   0.0000   0.0000   0.0000
    3026  -0.4434   3.6094  14.8606   0.0000   0.0000   0.0000
    3027  -1.5140   3.0479  16.0614   0.0000   0.0000   0.0000
    3028  -1.2149   3.6219  14.9046   0.0000   0.0000   0.0000
    3029  -1.5815   3.9611  14.3397   0.0000   0.0000   0.0000
    3030  -1.5530   3.1396  14.2599   0.0000   0.0000   0.0000
    3031  -0.9509   2.9963  15.0076   0.0000   0.0000   0.0000
    3032  -0.6417   4.2050  14.8434   0.0000   0.0000   0.0000
    3033  -0.4467   4.6272  14.8009   0.0000   0.0000   0.0000
    3034  -0.8860   4.2367  14.9843   0.0000   0.0000   0.0000
    3035  -0.2998   4.1067  14.9513   0.0000   0.0000   0.0000
    3036  -1.1598   4.4322  15.1832   0.0000   0.0000   0.0000
    3037  -1.6624   4.0520  14.4747   0.0000   0.0000   0.0000
    3038  -1.3248   3.5156  14.1242   0.0000   0.0000   0.0000
    3039  -2.3226   3.2024  13.6927   0.0000   0.0000   0.0000
    3040  -1.1409   3.0510  14.7509   0.0000   0.0000   0.0000
    3041  -1.1427   3.5669  14.3603   0.0000   0.0000   0.0000
    3042  -0.6951   3.3926  14.4549   0.0000   0.0000   0.0000
    3043  -1.6089   4.0320  14.5256   0.0000   0.0000   0.0000
    3044  -0.9188   2.7769  15.2104   0.0000   0.0000   0.0000
    3045  -0.6003   3.3245  15.3508   0.0000   0.0000   0.0000
    3046  -1.5354   3.7266  15.5655   0.0000   0.0000   0.0000
    3047  -0.9678   3.7774  15.5703   0.0000   0.0000   0.0000
    3048  -1.5809   3.4924  15.1945   0.0000   0.0000   0.0000
    3049  -0.7606   4.1629  14.5598   0.0000   0.0000   0.0000
    3050  -0.7548   3.7422  15.6720   0.0000   0.0000   0.0000
    3051  -0.6335   3.4251  15.2542   0.0000   0.0000   0.0000
    3052   0.1475   3.8511  15.7311   0.0000   0.0000   0.0000
    3053  -0.4299   4.3731  15.8226   0.0000   0.0000   0.0000
    3054  -0.6031   2.9520  14.6731   0.0000   0.0000   0.0000
    3055  -0.2650   2.6559  15.3043   0.0000   0.0000   0.0000
    3056  -1.0132   4.7600  15.3492   0.0000   0.0000   0.0000
    3057  -0.4370   3.6505  15.1007   0.0000   0.0000   0.0000
    3058  -0.6581   3.0677  14.8528   0.0000   0.0000   0.0000
    3059  -0.7192   2.9675  15.4575   0.0000   0.0000   0.0000
    3060   0.0999   3.1239  15.2310   0.0000   0.0000   0.0000
    3061  -0.2299   3.5397  15.7471   0.0000   0.0000   0.0000
    3062  -0.0739   3.3015  15.7376   0.0000   0.0000   0.0000
    3063  -1.0460   2.7503  16.0720   0.0000   0.0000   0.0000
    3064  -0.7434   2.7369  15.8523   0.0000   0.0000   0.0000
    3065  -0.9495   2.7369  15.0104   0.0000   0.0000   0.0000
    3066  -0.8882   3.0416  15.8484   0.0000   0.0000   0.0000
    3067  -0.5649   2.2532  15.3923   0.0000   0.0000   0.0000
    3068  -0.3957   2.4959  15.8288   0.0000   0.0000   0.0000
    3069  -0.9927   1.6373  15.8290   0.0000   0.0000   0.0000
    3070  -0.6122   2.2301  16.0445   0.0000   0.0000   0.0000
    3071  -0.9113   2.9193  15.4283   0.0000   0.0000   0.0000
    3072  -0.7444   3.0668  16.3206   0.0000   0.0000   0.0000
    3073  -0.9163   2.4748  14.9077   0.0000   0.0000   0.0000
    3074  -1.4571   3.1930  14.8025   0.0000   0.0000   0.0000
    3075  -0.4434   3.3167  15.1132   0.0000   0.0000   0.0000
    3076  -0.5022   3.2069  14.7989   0.0000   0.0000   0.0000
    3077  -1.5965   3.2216  15.3541   0.0000   0.0000   0.0000
    3078  -1.5224   2.9460  15.1159   0.0000   0.0000   0.0000
    3079  -1.1001   3.6741  14.7188   0.0000   0.0000   0.0000
    3080  -0.6072   3.4411  15.2448   0.0000   0.0000   0.0000
    3081  -0.9706   3.4044  15.3030   0.0000   0.0000   0.0000
    3082  -0.8025   3.0413  15.1746   0.0000   0.0000   0.0000
    3083  -0.5000   3.2609  15.5409   0.0000   0.0000   0.0000
    3084  -0.7084   2.8698  15.6445   0.0000   0.0000   0.0000
    3085  -0.9644   3.2243  15.3370   0.0000   0.0000   0.0000
    3086  -0.4543   3.6151  15.7398   0.0000   0.0000   0.0000
    3087  -0.2679   4.0252  15.9226   0.0000   0.0000   0.0000
    3088  -0.4445   3.5493  16.0552   0.0000   0.0000   0.0000
    3089  -0.9936   3.9344  15.2323   0.0000   0.0000   0.0000
    3090  -0.9100   3.3439  15.1142   0.0000   0.0000   0.0000
    3091  -1.4241   3.6227  15.2041   0.0000   0.0000   0.0000
    3092  -0.8130   2.8301  14.8629   0.0000   0.0000   0.0000
    3093  -0.6516   2.5821  15.1813   0.0000   0.0000   0.0000
    3094  -1.3337   2.6196  15.0498   0.0000   0.0000   0.0000
    3095  -1.6358   2.3900  15.7089   0.0000   0.0000   0.0000
    3096  -1.5348   2.7992  15.9341   0.0000   0.0000   0.0000
    3097  -2.0416   2.4814  15.7316   0.0000   0.0000   0.0000
    3098  -1.6031   3.2946  15.8768   0.0000   0.0000   0.0000
    3099  -1.7760   2.8001  16.0360   0.0000   0.0000   0.0000
    3100  -0.5804   2.1313  16.5113   0.0000   0.0000   0.0000
    3101  -1.5853   2.9804  16.1996   0.0000   0.0000   0.0000
    3102  -1.7163   2.3383  16.2463   0.0000   0.0000   0.0000
    3103  -1.6341   2.3992  16.0306   0.0000   0.0000   0.0000
    3104  -0.9270   2.7939  16.0175   0.0000   0.0000   0.0000
    3105  -0.9418   2.7695  15.7594   0.0000   0.0000   0.0000
    3106  -0.9638   3.4725  15.5276   0.0000   0.0000   0.0000
    3107  -1.2115   3.5956  16.0431   0.0000   0.0000   0.0000
    3108  -1.8450   3.1129  15.8051   0.0000   0.0000   0.0000
    3109  -0.7891   3.4095  15.4289   0.0000   0.0000   0.0000
    3110  -1.4015   3.2889  16.7624   0.0000   0.0000   0.0000
    3111   0.0216   2.1985  16.1112   0.0000   0.0000   0.0000
    3112  -0.4875   3.6401  15.5243   0.0000   0.0000   0.0000
    3113  -1.3779   3.2273  15.8137   0.0000   0.0000   0.0000
    3114  -1.7354   2.8019  15.7281   0.0000   0.0000   0.0000
    3115  -1.0650   2.5957  15.5632   0.0000   0.0000   0.0000
    3116  -1.0316   3.2457  15.4253   0.0000   0.0000   0.0000
    3117  -1.1178   3.5277  15.2663   0.0000   0.0000   0.0000
    3118  -1.3476   3.3907  14.8258   0.0000   0.0000   0.0000
    3119  -1.4384   3.2846  15.0233   0.0000   0.0000   0.0000
    3120  -1.1380   3.5723  14.6850   0.0000   0.0000   0.0000
    3121  -1.6398   3.1761  14.9877   0.0000   0.0000   0.0000
    3122  -1.0137   3.5259  15.2974   0.0000   0.0000   0.0000
    3123  -1.2511   3.0758  15.4893   0.0000   0.0000   0.0000
    3124  -1.4064   2.1423  15.7399   0.0000   0.0000   0.0000
    3125  -1.7757   3.5328  15.5652   0.0000   0.0000   0.0000
    3126  -1.1022   3.3563  16.2910   0.0000   0.0000   0.0000
    3127  -0.4711   2.6711  15.9072   0.0000   0.0000   0.0000
    3128  -1.0825   3.3033  15.7104   0.0000   0.0000   0.0000
    3129  -1.0961   3.4914  15.9021   0.0000   0.0000   0.0000
    3130  -1.0275   2.9624  15.7031   0.0000   0.0000   0.0000
    3131  -1.5950   3.5558  15.4925   0.0000   0.0000   0.0000
    3132  -1.4675   3.7311  16.1804   0.0000   0.0000   0.0000
    3133  -1.5615   3.2331  16.8535   0.0000   0.0000   0.0000
    3134  -0.7549   3.5357  16.7667   0.0000   0.0000   0.0000
    3135  -2.8597   4.2715  16.1763   0.0000   0.0000   0.0000
    3136  -2.2731   2.8597  17.2914   0.0000   0.0000   0.0000
    3137  -1.5470   4.3061  16.6904   0.0000   0.0000   0.0000
    3138  -2.0488   4.0402  16.8979   0.0000   0.0000   0.0000
    3139  -2.0740   4.0124  16.5775   0.0000   0.0000   0.0000
    3140  -1.3818   4.2241  16.5094   0.0000   0.0000   0.0000
    3141  -1.4267   3.2025  16.6047   0.0000   0.0000   0.0000
    3142  -1.1666   2.2138  15.9315   0.0000   0.0000   0.0000
    3143  -1.7511   2.0490  16.6546   0.0000   0.0000   0.0000
    3144  -1.5223   1.6544  15.7778   0.0000   0.0000   0.0000
    3145  -0.7668   1.9344  15.9231   0.0000   0.0000   0.0000
    3146  -1.0247   1.7493  15.5445   0.0000   0.0000   0.0000
    3147  -0.4082   1.8165  15.6160   0.0000   0.0000   0.0000
    3148  -0.7794   2.1564  15.7035   0.0000   0.0000   0.0000
    3149  -1.3082   2.6548  16.2733   0.0000   0.0000   0.0000
    3150  -0.6324   2.7597  16.4965   0.0000   0.0000   0.0000
    3151  -1.6356   2.2411  16.4076   0.0000   0.0000   0.0000
    3152  -1.8279   3.0303  16.4641   0.0000   0.0000   0.0000
    3153  -1.2453   3.3092  16.8847   0.0000   0.0000   0.0000
    3154  -1.8703   3.5031  16.5833   0.0000   0.0000   0.0000
    3155  -1.7138   3.1949  15.5113   0.0000   0.0000   0.0000
    3156  -1.3341   3.3503  16.6154   0.0000   0.0000   0.0000
    3157  -1.1747   2.8457  17.2807   0.0000   0.0000   0.0000
    3158  -1.0391   2.8242  16.8187   0.0000   0.0000   0.0000
    3159  -1.4320   1.9489  17.1027   0.0000   0.0000   0.0000
    3160  -0.9472   2.0027  16.4820   0.0000   0.0000   0.0000
    3161  -1.3321   2.6848  16.0050   0.0000   0.0000   0.0000
    3162  -1.6374   1.6442  16.2962   0.0000   0.0000   0.0000
    3163  -1.5890   2.5604  16.5845   0.0000   0.0000   0.0000
    3164  -1.1146   1.4633  16.7039   0.0000   0.0000   0.0000
    3165  -1.2098   0.8651  16.9060   0.0000   0.0000   0.0000
    3166  -1.0129   2.0130  16.8487   0.0000   0.0000   0.0000
    3167  -0.9294   1.7471  16.5869   0.0000   0.0000   0.0000
    3168  -0.6218   1.6347  16.4904   0.0000   0.0000   0.0000
    3169  -1.0478   0.9047  15.6863   0.0000   0.0000   0.0000
    3170  -1.4730   2.2398  16.0098   0.0000   0.0000   0.0000
    3171  -1.5477   1.2597  15.9311   0.0000   0.0000   0.0000
    3172  -1.6000   1.4441  15.9394   0.0000   0.0000   0.0000
    3173  -1.2833   1.8117  16.0212   0.0000   0.0000   0.0000
    3174  -1.2180   1.8141  15.3991   0.0000   0.0000   0.0000
    3175  -0.6291   1.7281  16.2254   0.0000   0.0000   0.0000
    3176  -1.2398   2.2628  15.0551   0.0000   0.0000   0.0000
    3177  -1.4235   2.8763  15.0191   0.0000   0.0000   0.0000
    3178  -0.8436   2.4584  14.0862   0.0000   0.0000   0.0000
    3179  -0.3952   1.8162  15.5833   0.0000   0.0000   0.0000
    3180  -0.9311   2.7245  15.9751   0.0000   0.0000   0.0000
    3181  -0.7187   1.9957  14.9497   0.0000   0.0000   0.0000
    3182  -0.8399   1.8116  15.2900   0.0000   0.0000   0.0000
    3183  -0.1137   1.9596  16.0685   0.0000   0.0000   0.0000
    3184  -1.2541   1.5556  15.6567   0.0000   0.0000   0.0000
    3185  -0.5890   1.5841  15.8644   0.0000   0.0000   0.0000
    3186  -1.6106   1.4965  15.8344   0.0000   0.0000   0.0000
    3187  -1.8108   1.4599  16.0102   0.0000   0.0000   0.0000
    3188  -1.6534   1.9206  15.5143   0.0000   0.0000   0.0000
    3189  -1.4563   1.2303  15.8107   0.0000   0.0000   0.0000
    3190  -1.5150   1.8781  16.1823   0.0000   0.0000   0.0000
    3191  -2.1488   2.2604  16.1554   0.0000   0.0000   0.0000
    3192  -1.7800   2.3886  15.6790   0.0000   0.0000   0.0000
    3193  -1.1702   1.7342  16.0495   0.0000   0.0000   0.0000
    3194  -2.0671   1.9663  16.0323   0.0000   0.0000   0.0000
    3195  -2.0832   1.3810  16.2034   0.0000   0.0000   0.0000
    3196  -0.9541   2.3760  14.7619   0.0000   0.0000   0.0000
    3197  -1.0021   1.7173  15.5602   0.0000   0.0000   0.0000
    3198  -1.6131   1.7037  15.8687   0.0000   0.0000   0.0000
    3199  -1.2875   1.3621  15.7893   0.0000   0.0000   0.0000
    3200  -0.9746   1.6942  16.4812   0.0000   0.0000   0.0000
    3201  -0.8458   1.5759  16.2144   0.0000   0.0000   0.0000
    3202  -0.8832   1.7351  15.6159   0.0000   0.0000   0.0000
    3203  -1.6882   2.7028  15.4161   0.0000   0.0000   0.0000
    3204  -2.4118   1.8127  15.8835   0.0000   0.0000   0.0000
    3205  -0.4977   2.2587  16.0629   0.0000   0.0000   0.0000
    3206  -0.6918   1.6676  15.4116   0.0000   0.0000   0.0000
    3207  -1.4053   1.7669  15.7452   0.0000   0.0000   0.0000
    3208  -1.3879   1.7983  15.5545   0.0000   0.0000   0.0000
    3209  -1.5744   2.6369  16.4332   0.0000   0.0000   0.0000
    3210  -1.6475   1.7458  16.8632   0.0000   0.0000   0.0000
    3211  -1.4428   1.7713  17.2047   0.0000   0.0000   0.0000
    3212  -0.6892   1.0441  17.6712   0.0000   0.0000   0.0000
    3213  -0.7900   2.1001  17.0168   0.0000   0.0000   0.0000
    3214  -0.0594   1.4821  17.5225   0.0000   0.0000   0.0000
    3215  -0.5738   2.0162  16.6662   0.0000   0.0000   0.0000
    3216  -1.4290   1.2890  16.5373   0.0000   0.0000   0.0000
    3217  -1.6690   1.6742  16.2603   0.0000   0.0000   0.0000
    3218  -1.7647   1.3648  16.0661   0.0000   0.0000   0.0000
    3219  -1.8312   1.7402  16.8421   0.0000   0.0000   0.0000
    3220  -1.9025   1.4996  16.9279   0.0000   0.0000   0.0000
    3221  -1.6129   2.1059  16.6633   0.0000   0.0000   0.0000
    3222  -1.6528   1.5627  16.9138   0.0000   0.0000   0.0000
    3223  -1.9156   1.6777  16.5561   0.0000   0.0000   0.0000
    3224  -0.9521   1.4941  16.7825   0.0000   0.0000   0.0000
    3225  -1.1735   1.3841  16.5026   0.0000   0.0000   0.0000
    3226  -1.9377   1.0892  16.8153   0.0000   0.0000   0.0000
    3227  -1.8796   1.9956  16.7829   0.0000   0.0000   0.0000
    3228  -1.5157   1.8023  16.7185   0.0000   0.0000   0.0000
    3229  -1.1682   2.3751  16.8840   0.0000   0.0000   0.0000
    3230  -1.3917   1.4113  16.7573   0.0000   0.0000   0.0000
    3231  -0.5917   2.1799  16.3594   0.0000   0.0000   0.0000
    3232  -2.3721   1.5735  16.1849   0.0000   0.0000   0.0000
    3233  -3.0572   1.9155  15.9924   0.0000   0.0000   0.0000
    3234  -1.7486   1.8117  15.6495   0.0000   0.0000   0.0000
    3235  -1.5574   2.2373  16.2567   0.0000   0.0000   0.0000
    3236  -1.3637   2.1491  16.2296   0.0000   0.0000   0.0000
    3237  -1.7998   0.9857  16.0629   0.0000   0.0000   0.0000
    3238  -2.2421   1.3051  16.1705   0.0000   0.0000   0.0000
    3239  -1.6017   1.8506  16.3510   0.0000   0.0000   0.0000
    3240  -1.5711   2.1817  16.7354   0.0000   0.0000   0.0000
    3241  -0.5617   2.0710  16.4283   0.0000   0.0000   0.0000
    3242  -0.4227   2.0589  16.0097   0.0000   0.0000   0.0000
    3243  -1.2732   1.6101  15.1784   0.0000   0.0000   0.0000
    3244  -0.7553   2.3828  15.5553   0.0000   0.0000   0.0000
    3245  -0.5848   3.5368  15.0376   0.0000   0.0000   0.0000
    3246  -0.6469   2.4900  15.5309   0.0000   0.0000   0.0000
    3247  -0.3283   2.8523  15.5047   0.0000   0.0000   0.0000
    3248  -0.4254   2.8967  16.1288   0.0000   0.0000   0.0000
    3249  -0.4802   2.6739  16.4605   0.0000   0.0000   0.0000
    3250  -0.6407   1.6030  16.7335   0.0000   0.0000   0.0000
    3251  -0.6333   1.9744  16.6859   0.0000   0.0000   0.0000
    3252  -0.7110   1.6053  17.5832   0.0000   0.0000   0.0000
    3253  -1.6278   1.5127  17.0761   0.0000   0.0000   0.0000
    3254  -0.5685   1.9677  17.4542   0.0000   0.0000   0.0000
    3255  -0.7578   2.6726  17.2820   0.0000   0.0000   0.0000
    3256  -0.4922   2.7877  17.3105   0.0000   0.0000   0.0000
    3257  -0.1196   2.6028  17.6608   0.0000   0.0000   0.0000
    3258  -0.1995   2.2581  18.3615   0.0000   0.0000   0.0000
    3259  -0.7095   2.6629  17.9569   0.0000   0.0000   0.0000
    3260  -1.7486   2.3158  18.0173   0.0000   0.0000   0.0000
    3261  -1.2029   3.3591  17.4241   0.0000   0.0000   0.0000
    3262  -1.2034   2.9200  17.8314   0.0000   0.0000   0.0000
    3263  -1.6091   2.3439  17.4857   0.0000   0.0000   0.0000
    3264  -0.5788   2.4097  16.4258   0.0000   0.0000   0.0000
    3265  -1.4191   2.5755  17.0233   0.0000   0.0000   0.0000
    3266  -0.6621   2.2649  17.7798   0.0000   0.0000   0.0000
    3267  -0.8214   3.0816  17.2538   0.0000   0.0000   0.0000
    3268  -0.9269   2.2447  17.0467   0.0000   0.0000   0.0000
    3269  -0.8837   1.9411  16.8381   0.0000   0.0000   0.0000
    3270  -0.9138   2.3990  16.9946   0.0000   0.0000   0.0000
    3271  -0.8564   2.9941  16.7074   0.0000   0.0000   0.0000
    3272  -1.8466   3.3956  17.3471   0.0000   0.0000   0.0000
    3273  -1.9416   3.3062  16.7948   0.0000   0.0000   0.0000
    3274  -2.1092   3.3301  16.1331   0.0000   0.0000   0.0000
    3275  -1.1029   2.8180  16.5959   0.0000   0.0000   0.0000
    3276  -1.0015   2.9061  16.4039   0.0000   0.0000   0.0000
    3277  -1.3580   3.3978  16.7928   0.0000   0.0000   0.0000
    3278  -1.5223   3.0284  16.4401   0.0000   0.0000   0.0000
    3279  -1.5505   3.1004  16.3604   0.0000   0.0000   0.0000
    3280  -1.7474   2.6733  16.2565   0.0000   0.0000   0.0000
    3281  -1.5657   2.8855  17.2062   0.0000   0.0000   0.0000
    3282  -1.4018   3.1748  16.4228   0.0000   0.0000   0.0000
    3283  -0.7429   2.5554  16.7899   0.0000   0.0000   0.0000
    3284  -0.9839   3.1343  17.5462   0.0000   0.0000   0.0000
    3285  -0.8512   2.1441  17.2756   0.0000   0.0000   0.0000
    3286  -1.7040   1.6258  17.4910   0.0000   0.0000   0.0000
    3287  -1.5423   1.3463  17.8797   0.0000   0.0000   0.0000
    3288  -1.4450   1.5431  17.1623   0.0000   0.0000   0.0000
    3289  -1.9582   1.9385  17.1886   0.0000   0.0000   0.0000
    3290  -1.4133   1.6910  18.3721   0.0000   0.0000   0.0000
    3291  -1.4139   1.2307  17.4928   0.0000   0.0000   0.0000
    3292  -0.8271   1.0086  17.1872   0.0000   0.0000   0.0000
    3293  -1.2543   0.6467  17.3600   0.0000   0.0000   0.0000
    3294  -0.9454   1.5241  17.6472   0.0000   0.0000   0.0000
    3295  -1.4661   1.8129  16.6944   0.0000   0.0000   0.0000
    3296  -0.9602   1.7831  17.2520   0.0000   0.0000   0.0000
    3297   0.1947   2.2065  16.7874   0.0000   0.0000   0.0000
    3298  -0.5446   2.3318  16.3652   0.0000   0.0000   0.0000
    3299  -0.0545   2.2921  16.7590   0.0000   0.0000   0.0000
    3300  -1.0724   2.4102  17.0175   0.0000   0.0000   0.0000
    3301  -0.9822   2.1752  16.9361   0.0000   0.0000   0.0000
    3302  -1.3787   1.4609  16.4790   0.0000   0.0000   0.0000
    3303  -1.4956   2.2615  15.4571   0.0000   0.0000   0.0000
    3304  -1.7644   2.6196  16.2948   0.0000   0.0000   0.0000
    3305  -1.4759   1.5665  16.6726   0.0000   0.0000   0.0000
    3306  -2.1771   2.7152  16.2733   0.0000   0.0000   0.0000
    3307  -2.2601   2.4468  16.4586   0.0000   0.0000   0.0000
    3308  -0.5568   1.6538  17.1441   0.0000   0.0000   0.0000
    3309  -1.1959   1.8522  17.3702   0.0000   0.0000   0.0000
    3310  -1.8997   0.9564  16.6917   0.0000   0.0000   0.0000
    3311  -0.6015   1.3649  17.0255   0.0000   0.0000   0.0000
    3312  -0.2449   0.4023  17.0690   0.0000   0.0000   0.0000
    3313  -0.0428   0.5973  17.5737   0.0000   0.0000   0.0000
    3314  -1.4428   1.0909  17.2071   0.0000   0.0000   0.0000
    3315  -0.8734   0.9525  17.4903   0.0000   0.0000   0.0000
    3316  -1.0985   0.3471  17.1049   0.0000   0.0000   0.0000
    3317  -0.6105   0.6215  16.5836   0.0000   0.0000   0.0000
    3318  -1.3727   1.0681  16.6499   0.0000   0.0000   0.0000
    3319  -0.7500   0.8081  16.6907   0.0000   0.0000   0.0000
    3320  -0.2849   1.8737  16.6611   0.0000   0.0000   0.0000
    3321  -0.3521   1.9883  17.5685   0.0000   0.0000   0.0000
    3322  -0.3515   1.8668  17.3409   0.0000   0.0000   0.0000
    3323   0.1040   1.9440  17.1934   0.0000   0.0000   0.0000
    3324  -0.4620   1.7747  17.3326   0.0000   0.0000   0.0000
    3325  -0.5148   2.3390  16.7287   0.0000   0.0000   0.0000
    3326  -1.0969   1.3534  17.6988   0.0000   0.0000   0.0000
    3327  -0.6220   2.0145  17.5122   0.0000   0.0000   0.0000
    3328  -0.2436   2.0934  17.3373   0.0000   0.0000   0.0000
    3329  -0.3572   2.1590  16.7727   0.0000   0.0000   0.0000
    3330  -0.4814   2.5131  17.2217   0.0000   0.0000   0.0000
    3331  -0.7876   2.6415  17.1032   0.0000   0.0000   0.0000
    3332  -0.7684   2.6904  17.5807   0.0000   0.0000   0.0000
    3333  -1.3592   3.2319  17.3949   0.0000   0.0000   0.0000
    3334  -1.3796   2.6017  16.8650   0.0000   0.0000   0.0000
    3335  -1.4591   2.1747  17.0910   0.0000   0.0000   0.0000
    3336  -2.0030   1.8476  17.5679   0.0000   0.0000   0.0000
    3337  -2.5281   1.7958  17.0726   0.0000   0.0000   0.0000
    3338  -1.9233   2.2112  17.1592   0.0000   0.0000   0.0000
    3339  -1.9682   2.3792  17.1178   0.0000   0.0000   0.0000
    3340  -1.4775   2.5742  17.0828   0.0000   0.0000   0.0000
    3341  -1.9573   1.7310  16.8968   0.0000   0.0000   0.0000
    3342  -1.4558   2.5923  16.9035   0.0000   0.0000   0.0000
    3343  -2.5486   2.7442  17.8418   0.0000   0.0000   0.0000
    3344  -3.0227   2.8529  17.2185   0.0000   0.0000   0.0000
    3345  -1.9504   2.8666  17.1955   0.0000   0.0000   0.0000
    3346  -2.4634   3.0266  17.2157   0.0000   0.0000   0.0000
    3347  -2.3554   2.4995  16.8526   0.0000   0.0000   0.0000
    3348  -2.5942   2.7288  17.2823   0.0000   0.0000   0.0000
    3349  -1.8596   2.8536  17.3965   0.0000   0.0000   0.0000
    3350  -1.9227   3.0450  17.7402   0.0000   0.0000   0.0000
    3351  -1.9613   3.9145  17.8317   0.0000   0.0000   0.0000
    3352  -1.4957   3.0446  17.4377   0.0000   0.0000   0.0000
    3353  -2.1129   3.0781  17.4603   0.0000   0.0000   0.0000
    3354  -1.8206   3.5248  16.7010   0.0000   0.0000   0.0000
    3355  -2.8100   2.5415  16.4391   0.0000   0.0000   0.0000
    3356  -3.0995   3.0353  16.3614   0.0000   0.0000   0.0000
    3357  -2.4848   4.0453  16.7706   0.0000   0.0000   0.0000
    3358  -3.4061   2.5929  16.9092   0.0000   0.0000   0.0000
    3359  -2.9227   3.0371  16.8270   0.0000   0.0000   0.0000
    3360  -3.2679   4.0776  16.8783   0.0000   0.0000   0.0000
    3361  -3.0719   3.2918  16.4291   0.0000   0.0000   0.0000
    3362  -3.9298   2.8548  17.0136   0.0000   0.0000   0.0000
    3363  -3.5455   2.7354  16.5209   0.0000   0.0000   0.0000
    3364  -3.6653   2.4331  17.1524   0.0000   0.0000   0.0000
    3365  -4.1432   3.5006  16.4988   0.0000   0.0000   0.0000
    3366  -3.4687   3.4289  16.6605   0.0000   0.0000   0.0000
    3367  -3.4390   2.8199  16.2557   0.0000   0.0000   0.0000
    3368  -4.1130   3.0733  15.9617   0.0000   0.0000   0.0000
    3369  -3.2475   2.5541  16.2469   0.0000   0.0000   0.0000
    3370  -3.6245   2.7595  15.8542   0.0000   0.0000   0.0000
    3371  -3.0268   3.1651  16.5326   0.0000   0.0000   0.0000
    3372  -2.5290   2.2699  16.6240   0.0000   0.0000   0.0000
    3373  -1.8720   3.2454  16.5478   0.0000   0.0000   0.0000
    3374  -2.2348   2.3960  16.0832   0.0000   0.0000   0.0000
    3375  -2.7807   2.8075  16.5311   0.0000   0.0000   0.0000
    3376  -3.6208   2.7142  16.2646   0.0000   0.0000   0.0000
    3377  -2.9739   3.0288  15.8968   0.0000   0.0000   0.0000
    3378  -1.7581   3.5789  15.8345   0.0000   0.0000   0.0000
    3379  -2.7558   2.3120  16.0414   0.0000   0.0000   0.0000
    3380  -2.1429   1.6096  15.9604   0.0000   0.0000   0.0000
    3381  -1.9630   2.0812  15.1877   0.0000   0.0000   0.0000
    3382  -1.6590   1.5083  15.4626   0.0000   0.0000   0.0000
    3383  -1.5747   2.7227  15.5222   0.0000   0.0000   0.0000
    3384  -2.7062   1.9404  15.5963   0.0000   0.0000   0.0000
    3385  -2.7505   1.5802  15.4861   0.0000   0.0000   0.0000
    3386  -2.3094   1.3611  15.0939   0.0000   0.0000   0.0000
    3387  -1.3662   1.2659  15.4313   0.0000   0.0000   0.0000
    3388  -2.0656   0.8685  15.8163   0.0000   0.0000   0.0000
    3389  -1.6794   1.7050  15.8142   0.0000   0.0000   0.0000
    3390  -1.9026   0.9257  15.0844   0.0000   0.0000   0.0000
    3391  -2.2046   2.4451  15.1823   0.0000   0.0000   0.0000
    3392  -1.9306   2.2209  15.3556   0.0000   0.0000   0.0000
    3393  -2.3453   0.5656  15.7788   0.0000   0.0000   0.0000
    3394  -1.9461   1.2229  15.3294   0.0000   0.0000   0.0000
    3395  -2.2400   2.4941  14.9826   0.0000   0.0000   0.0000
    3396  -1.7057   1.8184  15.6036   0.0000   0.0000   0.0000
    3397  -2.4208   1.5498  15.2996   0.0000   0.0000   0.0000
    3398  -2.3133   1.5391  16.0411   0.0000   0.0000   0.0000
    3399  -2.3446   1.8678  15.7096   0.0000   0.0000   0.0000
    3400  -2.8585   1.8703  16.1676   0.0000   0.0000   0.0000
    3401  -1.7176   2.0414  15.5732   0.0000   0.0000   0.0000
    3402  -1.9063   1.2822  15.9187   0.0000   0.0000   0.0000
    3403  -2.2814   1.7241  14.9933   0.0000   0.0000   0.0000
    3404  -3.1479   1.6317  15.7300   0.0000   0.0000   0.0000
    3405  -2.5945   1.7428  14.9893   0.0000   0.0000   0.0000
    3406  -2.2936   2.1939  15.1226   0.0000   0.0000   0.0000
    3407  -2.1311   2.1534  14.9573   0.0000   0.0000   0.0000
    3408  -1.8491   2.0940  14.7376   0.0000   0.0000   0.0000
    3409  -1.9243   1.3602  14.3295   0.0000   0.0000   0.0000
    3410  -1.7810   1.9183  15.0898   0.0000   0.0000   0.0000
    3411  -2.2834   2.5123  14.4559   0.0000   0.0000   0.0000
    3412  -1.5725   2.2410  14.1040   0.0000   0.0000   0.0000
    3413  -2.6036   2.6596  13.8820   0.0000   0.0000   0.0000
    3414  -2.9910   3.0487  14.2167   0.0000   0.0000   0.0000
    3415  -3.6941   2.1930  14.8700   0.0000   0.0000   0.0000
    3416  -2.8382   1.9782  14.5262   0.0000   0.0000   0.0000
    3417  -2.6442   2.3797  14.5438   0.0000   0.0000   0.0000
    3418  -3.2214   2.6892  14.6307   0.0000   0.0000   0.0000
    3419  -3.2670   2.3273  14.3612   0.0000   0.0000   0.0000
    3420  -3.7295   3.3174  13.8537   0.0000   0.0000   0.0000
    3421  -3.2770   2.4472  13.9223   0.0000   0.0000   0.0000
    3422  -3.8457   2.8846  13.7559   0.0000   0.0000   0.0000
    3423  -3.9363   3.5021  14.0289   0.0000   0.0000   0.0000
    3424  -4.5320   2.4322  14.2459   0.0000   0.0000   0.0000
    3425  -3.9057   2.8757  13.7667   0.0000   0.0000   0.0000
    3426  -3.7733   1.9634  13.7027   0.0000   0.0000   0.0000
    3427  -3.5995   2.6266  13.7042   0.0000   0.0000   0.0000
    3428  -3.5580   2.1784  14.1954   0.0000   0.0000   0.0000
    3429  -3.9843   2.2428  14.2512   0.0000   0.0000   0.0000
    3430  -4.3516   2.5570  14.7716   0.0000   0.0000   0.0000
    3431  -3.5238   2.6465  15.0872   0.0000   0.0000   0.0000
    3432  -4.5577   1.7721  15.6021   0.0000   0.0000   0.0000
    3433  -4.7597   2.6091  14.6106   0.0000   0.0000   0.0000
    3434  -5.1394   1.8151  14.0685   0.0000   0.0000   0.0000
    3435  -4.3939   2.6052  14.1861   0.0000   0.0000   0.0000
    3436  -4.5253   1.7287  14.5043   0.0000   0.0000   0.0000
    3437  -4.3874   1.6533  15.4751   0.0000   0.0000   0.0000
    3438  -3.5789   2.2442  15.6445   0.0000   0.0000   0.0000
    3439  -4.4286   2.5501  14.5438   0.0000   0.0000   0.0000
    3440  -3.9135   1.8198  15.7386   0.0000   0.0000   0.0000
    3441  -4.3997   2.3992  15.3096   0.0000   0.0000   0.0000
    3442  -4.5810   2.2081  15.3042   0.0000   0.0000   0.0000
    3443  -5.1006   2.4144  14.6524   0.0000   0.0000   0.0000
    3444  -5.2037   2.2924  14.9535   0.0000   0.0000   0.0000
    3445  -4.9980   2.4413  14.6290   0.0000   0.0000   0.0000
    3446  -5.6615   1.0820  15.1429   0.0000   0.0000   0.0000
    3447  -4.2808   1.3089  15.5233   0.0000   0.0000   0.0000
    3448  -3.7658   1.7210  15.0210   0.0000   0.0000   0.0000
    3449  -4.1576   1.6630  14.6038   0.0000   0.0000   0.0000
    3450  -4.9294   1.6311  14.7563   0.0000   0.0000   0.0000
    3451  -4.2785   1.7042  14.6042   0.0000   0.0000   0.0000
    3452  -4.8952   1.3547  15.4766   0.0000   0.0000   0.0000
    3453  -4.3677   1.0804  15.6188   0.0000   0.0000   0.0000
    3454  -5.5085   2.0341  15.8263   0.0000   0.0000   0.0000
    3455  -4.1419   0.9907  16.2917   0.0000   0.0000   0.0000
    3456  -5.2532   0.5811  16.4462   0.0000   0.0000   0.0000
    3457  -5.3041   0.9487  15.5410   0.0000   0.0000   0.0000
    3458  -5.0000   1.6533  15.3995   0.0000   0.0000   0.0000
    3459  -5.4964   1.3418  15.9361   0.0000   0.0000   0.0000
    3460  -5.2780   1.3481  15.8977   0.0000   0.0000   0.0000
    3461  -4.5301   1.3153  15.7226   0.0000   0.0000   0.0000
    3462  -4.9623   0.6013  15.7303   0.0000   0.0000   0.0000
    3463  -4.4784   0.7817  15.9945   0.0000   0.0000   0.0000
    3464  -5.4309   0.6129  16.2620   0.0000   0.0000   0.0000
    3465  -5.3634   0.2954  16.3328   0.0000   0.0000   0.0000
    3466  -4.7698   0.8099  15.9529   0.0000   0.0000   0.0000
    3467  -4.3198   1.0046  16.1813   0.0000   0.0000   0.0000
    3468  -4.0932   0.6037  16.7463   0.0000   0.0000   0.0000
    3469  -5.0228   0.0370  16.4098   0.0000   0.0000   0.0000
    3470  -5.2749   0.8325  16.0560   0.0000   0.0000   0.0000
    3471  -3.7522   0.8514  15.4681   0.0000   0.0000   0.0000
    3472  -5.4942   1.3155  16.1755   0.0000   0.0000   0.0000
    3473  -4.8967   0.7636  15.6728   0.0000   0.0000   0.0000
    3474  -4.5653   1.9752  15.8318   0.0000   0.0000   0.0000
    3475  -3.9654   1.3290  15.6585   0.0000   0.0000   0.0000
    3476  -4.8240   2.5764  16.6707   0.0000   0.0000   0.0000
    3477  -5.1654   2.4678  16.4544   0.0000   0.0000   0.0000
    3478  -5.0106   1.1151  16.5272   0.0000   0.0000   0.0000
    3479  -4.1868   1.0938  16.8602   0.0000   0.0000   0.0000
    3480  -4.4842   1.3146  16.3658   0.0000   0.0000   0.0000
    3481  -3.9866   1.7330  16.2148   0.0000   0.0000   0.0000
    3482  -4.1382   1.1515  16.1351   0.0000   0.0000   0.0000
    3483  -4.2264   0.5427  16.4705   0.0000   0.0000   0.0000
    3484  -4.6160   1.1526  16.9695   0.0000   0.0000   0.0000
    3485  -4.4272   1.0408  17.0610   0.0000   0.0000   0.0000
    3486  -4.4095   0.7256  17.3248   0.0000   0.0000   0.0000
    3487  -5.0304   0.6578  17.0794   0.0000   0.0000   0.0000
    3488  -4.2478   0.6189  17.6626   0.0000   0.0000   0.0000
    3489  -4.4953   0.4350  16.8933   0.0000   0.0000   0.0000
    3490  -3.6547   0.2292  16.0217   0.0000   0.0000   0.0000
    3491  -3.4439   0.4478  16.8034   0.0000   0.0000   0.0000
    3492  -3.6834   0.8581  15.9501   0.0000   0.0000   0.0000
    3493  -3.6724   1.2938  16.3790   0.0000   0.0000   0.0000
    3494  -4.4920   1.3625  16.1191   0.0000   0.0000   0.0000
    3495  -3.9711   0.9395  16.7561   0.0000   0.0000   0.0000
    3496  -3.8984   0.7339  16.3497   0.0000   0.0000   0.0000
    3497  -3.4143   0.4288  16.6801   0.0000   0.0000   0.0000
    3498  -3.5401   0.5882  16.2714   0.0000   0.0000   0.0000
    3499  -3.1554   0.6086  16.3069   0.0000   0.0000   0.0000
    3500  -2.8744   0.7039  16.3024   0.0000   0.0000   0.0000
    3501  -2.8498   0.8819  16.1358   0.0000   0.0000   0.0000
    3502  -3.3758   0.9846  15.5134   0.0000   0.0000   0.0000
    3503  -2.6332   0.9998  16.3820   0.0000   0.0000   0.0000
    3504  -2.0310   1.1202  16.1861   0.0000   0.0000   0.0000
    3505  -2.7491   1.4641  16.5158   0.0000   0.0000   0.0000
    3506  -2.8289   0.8702  15.7463   0.0000   0.0000   0.0000
    3507  -2.8119   0.7549  15.7945   0.0000   0.0000   0.0000
    3508  -3.0395   0.3198  15.6830   0.0000   0.0000   0.0000
    3509  -3.5343   0.8546  15.6078   0.0000   0.0000   0.0000
    3510  -5.4876   1.1542  15.9166   0.0000   0.0000   0.0000
    3511  -4.4938   0.7940  15.9357   0.0000   0.0000   0.0000
    3512  -3.6341   0.0954  16.0721   0.0000   0.0000   0.0000
    3513  -3.3575   0.4585  15.7229   0.0000   0.0000   0.0000
    3514  -3.7098   0.5692  15.6207   0.0000   0.0000   0.0000
    3515  -3.8129   0.9458  15.4260   0.0000   0.0000   0.0000
    3516  -3.4230   0.5636  15.2732   0.0000   0.0000   0.0000
    3517  -3.1608   1.6698  16.2248   0.0000   0.0000   0.0000
    3518  -3.6265   0.7438  15.4614   0.0000   0.0000   0.0000
    3519  -4.0921   1.2162  15.2363   0.0000   0.0000   0.0000
    3520  -3.7166   1.0772  15.1420   0.0000   0.0000   0.0000
    3521  -3.7152   1.2000  15.6819   0.0000   0.0000   0.0000
    3522  -4.1207   0.1857  15.7079   0.0000   0.0000   0.0000
    3523  -3.3405  -0.9066  16.2297   0.0000   0.0000   0.0000
    3524  -4.3304   0.5103  16.5843   0.0000   0.0000   0.0000
    3525  -3.1738   0.6239  16.8044   0.0000   0.0000   0.0000
    3526  -2.7407   0.1233  16.0162   0.0000   0.0000   0.0000
    3527  -3.1704  -0.4416  15.8681   0.0000   0.0000   0.0000
    3528  -3.3267   0.7398  16.5192   0.0000   0.0000   0.0000
    3529  -2.5831  -0.1053  15.7835   0.0000   0.0000   0.0000
    3530  -3.0858  -0.1699  16.4932   0.0000   0.0000   0.0000
    3531  -2.6653  -0.2015  16.9936   0.0000   0.0000   0.0000
    3532  -2.3231   0.6029  16.0552   0.0000   0.0000   0.0000
    3533  -2.4608   1.2380  16.6448   0.0000   0.0000   0.0000
    3534  -2.1323   1.0343  16.5570   0.0000   0.0000   0.0000
    3535  -2.9494   0.8182  16.2458   0.0000   0.0000   0.0000
    3536  -2.8187   1.1916  16.9255   0.0000   0.0000   0.0000
    3537  -3.0797   0.8607  16.3799   0.0000   0.0000   0.0000
    3538  -3.0138   1.7578  16.3479   0.0000   0.0000   0.0000
    3539  -3.4237   1.7827  15.9882   0.0000   0.0000   0.0000
    3540  -3.6363   1.7595  16.5045   0.0000   0.0000   0.0000
    3541  -3.7507   1.1158  16.5935   0.0000   0.0000   0.0000
    3542  -4.3478   1.1190  15.9157   0.0000   0.0000   0.0000
    3543  -4.0301   0.2386  16.4808   0.0000   0.0000   0.0000
    3544  -3.7314   0.4749  16.8131   0.0000   0.0000   0.0000
    3545  -3.1392  -0.4337  16.3924   0.0000   0.0000   0.0000
    3546  -2.6050   0.3871  16.1959   0.0000   0.0000   0.0000
    3547  -3.6450   0.5409  15.5055   0.0000   0.0000   0.0000
    3548  -3.2193   1.2107  15.7922   0.0000   0.0000   0.0000
    3549  -3.6437  -0.3714  15.2493   0.0000   0.0000   0.0000
    3550  -1.4930   0.4213  15.2674   0.0000   0.0000   0.0000
    3551  -2.3117   0.3661  15.2887   0.0000   0.0000   0.0000
    3552  -2.5614   0.5952  15.1322   0.0000   0.0000   0.0000
    3553  -1.8811   0.4630  14.5138   0.0000   0.0000   0.0000
    3554  -1.7113   0.3268  14.8175   0.0000   0.0000   0.0000
    3555  -2.1109   0.6487  14.8903   0.0000   0.0000   0.0000
    3556  -2.4811   0.3813  14.1670   0.0000   0.0000   0.0000
    3557  -3.5395   0.7442  14.9975   0.0000   0.0000   0.0000
    3558  -2.9590   1.1524  15.3046   0.0000   0.0000   0.0000
    3559  -3.3184   0.6101  15.0198   0.0000   0.0000   0.0000
    3560  -2.7135   0.5097  14.9564   0.0000   0.0000   0.0000
    3561  -2.9042   0.7585  14.6689   0.0000   0.0000   0.0000
    3562  -3.5949   1.2950  15.2681   0.0000   0.0000   0.0000
    3563  -3.6666   0.0932  15.0394   0.0000   0.0000   0.0000
    3564  -3.5171  -0.1431  15.0042   0.0000   0.0000   0.0000
    3565  -3.0955   0.8118  14.5435   0.0000   0.0000   0.0000
    3566  -2.8803   0.6385  15.4517   0.0000   0.0000   0.0000
    3567  -2.9443   1.1916  14.6513   0.0000   0.0000   0.0000
    3568  -3.1558   0.9907  14.2055   0.0000   0.0000   0.0000
    3569  -3.0294   1.3128  14.4272   0.0000   0.0000   0.0000
    3570  -4.3264   0.3989  14.4231   0.0000   0.0000   0.0000
    3571  -4.3381   1.4446  14.3419   0.0000   0.0000   0.0000
    3572  -4.2601   1.5930  14.4334   0.0000   0.0000   0.0000
    3573  -4.3640   1.8750  14.6288   0.0000   0.0000   0.0000
    3574  -3.4786   1.4401  14.1529   0.0000   0.0000   0.0000
    3575  -4.8279   1.5410  14.5312   0.0000   0.0000   0.0000
    3576  -3.6705   1.5765  14.7477   0.0000   0.0000   0.0000
    3577  -4.6280   1.8869  14.6887   0.0000   0.0000   0.0000
    3578  -4.7109   1.9567  15.1265   0.0000   0.0000   0.0000
    3579  -4.3851   1.9770  15.3541   0.0000   0.0000   0.0000
    3580  -4.7761   1.9534  15.5402   0.0000   0.0000   0.0000
    3581  -4.2284   1.9036  14.9093   0.0000   0.0000   0.0000
    3582  -4.5042   0.8954  15.1116   0.0000   0.0000   0.0000
    3583  -5.1830   1.4072  14.6096   0.0000   0.0000   0.0000
    3584  -5.6608   1.0902  14.6343   0.0000   0.0000   0.0000
    3585  -5.2328   0.3811  14.0703   0.0000   0.0000   0.0000
    3586  -5.0864   1.1663  14.4043   0.0000   0.0000   0.0000
    3587  -5.1456   0.9019  14.9897   0.0000   0.0000   0.0000
    3588  -4.5160   0.5422  15.6770   0.0000   0.0000   0.0000
    3589  -3.9085   0.0373  15.3400   0.0000   0.0000   0.0000
    3590  -4.2890   0.3899  15.5223   0.0000   0.0000   0.0000
    3591  -4.2861  -0.3520  14.5379   0.0000   0.0000   0.0000
    3592  -3.8296  -0.2933  14.5751   0.0000   0.0000   0.0000
    3593  -3.3584  -0.4223  15.0148   0.0000   0.0000   0.0000
    3594  -3.0816  -0.2873  14.6958   0.0000   0.0000   0.0000
    3595  -3.4278  -0.3195  13.9374   0.0000   0.0000   0.0000
    3596  -3.0121   0.4478  14.7313   0.0000   0.0000   0.0000
    3597  -3.3253   0.1091  15.4234   0.0000   0.0000   0.0000
    3598  -3.3760   0.3483  15.7993   0.0000   0.0000   0.0000
    3599  -3.5868   0.4558  14.8047   0.0000   0.0000   0.0000
    3600  -2.5143   1.1482  15.4095   0.0000   0.0000   0.0000
    3601  -2.1221   0.8258  15.6834   0.0000   0.0000   0.0000
    3602  -3.4611   1.1098  14.9745   0.0000   0.0000   0.0000
    3603  -3.0511   1.0842  15.5839   0.0000   0.0000   0.0000
    3604  -2.8059   1.8801  15.5148   0.0000   0.0000   0.0000
    3605  -3.0147   2.0004  15.0849   0.0000   0.0000   0.0000
    3606  -2.3619   2.5761  14.8378   0.0000   0.0000   0.0000
    3607  -3.3059   1.1849  14.9251   0.0000   0.0000   0.0000
    3608  -2.6042   1.0949  16.1716   0.0000   0.0000   0.0000
    3609  -3.4515   1.2417  16.1671   0.0000   0.0000   0.0000
    3610  -3.0705   1.8781  15.4806   0.0000   0.0000   0.0000
    3611  -2.4652   2.1837  15.1168   0.0000   0.0000   0.0000
    3612  -3.5421   1.5687  15.7932   0.0000   0.0000   0.0000
    3613  -3.0691   1.2821  15.6714   0.0000   0.0000   0.0000
    3614  -3.7254   1.7286  15.4318   0.0000   0.0000   0.0000
    3615  -2.2688   0.5532  14.8614   0.0000   0.0000   0.0000
    3616  -2.8120   1.2254  14.8161   0.0000   0.0000   0.0000
    3617  -2.8107   0.7162  14.8074   0.0000   0.0000   0.0000
    3618  -3.7704   1.2819  15.0219   0.0000   0.0000   0.0000
    3619  -3.8697   1.8938  15.5819   0.0000   0.0000   0.0000
    3620  -3.6391   0.9024  15.4293   0.0000   0.0000   0.0000
    3621  -4.0506   1.1965  15.8287   0.0000   0.0000   0.0000
    3622  -3.4981   1.4569  15.1078   0.0000   0.0000   0.0000
    3623  -3.4873   0.9324  15.8699   0.0000   0.0000   0.0000
    3624  -3.4811   1.3969  16.1476   0.0000   0.0000   0.0000
    3625  -3.6946   1.9465  15.3976   0.0000   0.0000   0.0000
    3626  -3.9758   0.6945  15.5154   0.0000   0.0000   0.0000
    3627  -3.0792   1.1316  15.2851   0.0000   0.0000   0.0000
    3628  -3.0982  -0.3731  15.6378   0.0000   0.0000   0.0000
    3629  -3.0156   0.4313  15.7304   0.0000   0.0000   0.0000
    3630  -3.5952   0.5321  15.0358   0.0000   0.0000   0.0000
    3631  -3.7160   0.7194  15.2673   0.0000   0.0000   0.0000
    3632  -3.7266   0.7629  15.0386   0.0000   0.0000   0.0000
    3633  -3.9572   1.0045  14.6394   0.0000   0.0000   0.0000
    3634  -3.7339   0.5066  15.5792   0.0000   0.0000   0.0000
    3635  -3.9317   0.6598  15.6170   0.0000   0.0000   0.0000
    3636  -3.3362   0.5432  14.9073   0.0000   0.0000   0.0000
    3637  -3.5856   1.2995  15.0148   0.0000   0.0000   0.0000
    3638  -3.5826   1.4126  14.6846   0.0000   0.0000   0.0000
    3639  -2.9874   0.7642  14.2799   0.0000   0.0000   0.0000
    3640  -2.9788   0.7313  15.4212   0.0000   0.0000   0.0000
    3641  -3.3129   0.8770  15.0606   0.0000   0.0000   0.0000
    3642  -3.8235   0.7446  15.0480   0.0000   0.0000   0.0000
    3643  -3.5164   1.1176  13.9517   0.0000   0.0000   0.0000
    3644  -4.4372   1.7756  14.6649   0.0000   0.0000   0.0000
    3645  -3.3057   0.6091  14.4880   0.0000   0.0000   0.0000
    3646  -3.4264   1.2909  14.1297   0.0000   0.0000   0.0000
    3647  -3.9333   1.7493  14.2395   0.0000   0.0000   0.0000
    3648  -3.6493   0.4131  14.6241   0.0000   0.0000   0.0000
    3649  -3.8505   0.3951  14.7820   0.0000   0.0000   0.0000
    3650  -3.7285  -0.5595  15.1083   0.0000   0.0000   0.0000
    3651  -4.0910   1.1591  14.9217   0.0000   0.0000   0.0000
    3652  -4.5663   0.4444  15.1217   0.0000   0.0000   0.0000
    3653  -3.8339   0.4878  15.7729   0.0000   0.0000   0.0000
    3654  -3.2572   1.5008  15.0194   0.0000   0.0000   0.0000
    3655  -3.4981   1.2097  14.8529   0.0000   0.0000   0.0000
    3656  -3.5662   0.5713  14.9014   0.0000   0.0000   0.0000
    3657  -3.4351   1.3857  14.8290   0.0000   0.0000   0.0000
    3658  -4.2400   1.2210  14.7015   0.0000   0.0000   0.0000
    3659  -3.4287   1.1019  14.9662   0.0000   0.0000   0.0000
    3660  -3.1355   0.3914  15.4688   0.0000   0.0000   0.0000
    3661  -3.5298   1.0699  15.5457   0.0000   0.0000   0.0000
    3662  -3.4440   0.4070  15.5669   0.0000   0.0000   0.0000
    3663  -3.5550   1.1488  16.0065   0.0000   0.0000   0.0000
    3664  -3.9618   0.6073  15.1305   0.0000   0.0000   0.0000
    3665  -4.2412   0.8158  15.4670   0.0000   0.0000   0.0000
    3666  -3.9396   0.3996  14.7862   0.0000   0.0000   0.0000
    3667  -3.6533   1.0308  14.6483   0.0000   0.0000   0.0000
    3668  -4.3017   0.4813  15.1019   0.0000   0.0000   0.0000
    3669  -4.5102   1.0943  15.0595   0.0000   0.0000   0.0000
    3670  -4.5149   0.3236  15.0895   0.0000   0.0000   0.0000
    3671  -4.0473   0.3980  14.9011   0.0000   0.0000   0.0000
    3672  -3.6896   0.6452  15.6966   0.0000   0.0000   0.0000
    3673  -4.2551   1.3964  16.7870   0.0000   0.0000   0.0000
    3674  -3.6257   1.0370  16.0405   0.0000   0.0000   0.0000
    3675  -3.6014   1.2145  15.9295   0.0000   0.0000   0.0000
    3676  -3.7909   0.6832  16.1692   0.0000   0.0000   0.0000
    3677  -3.8189   1.0372  15.9795   0.0000   0.0000   0.0000
    3678  -4.6609   0.8870  15.6623   0.0000   0.0000   0.0000
    3679  -4.5401   0.9989  16.3988   0.0000   0.0000   0.0000
    3680  -3.2100   0.0024  16.3660   0.0000   0.0000   0.0000
    3681  -4.3381   0.8809  15.8912   0.0000   0.0000   0.0000
    3682  -4.4645   1.1301  14.8352   0.0000   0.0000   0.0000
    3683  -3.1720   0.5771  15.5299   0.0000   0.0000   0.0000
    3684  -3.3776   1.2731  14.5487   0.0000   0.0000   0.0000
    3685  -3.9012   0.7869  14.0612   0.0000   0.0000   0.0000
    3686  -3.3968   1.5398  13.9109   0.0000   0.0000   0.0000
    3687  -3.9229   1.2671  13.9911   0.0000   0.0000   0.0000
    3688  -3.5256   0.2142  14.1686   0.0000   0.0000   0.0000
    3689  -3.3678   0.4316  14.6721   0.0000   0.0000   0.0000
    3690  -3.1548   0.2930  14.4946   0.0000   0.0000   0.0000
    3691  -3.4802   0.1132  14.7701   0.0000   0.0000   0.0000
    3692  -3.8916   1.4520  14.7159   0.0000   0.0000   0.0000
    3693  -4.4986   0.9981  15.2980   0.0000   0.0000   0.0000
    3694  -3.7960   1.5507  14.8266   0.0000   0.0000   0.0000
    3695  -3.3586   1.5631  14.8428   0.0000   0.0000   0.0000
    3696  -4.4260   0.8303  13.9492   0.0000   0.0000   0.0000
    3697  -3.5750   0.6405  14.5646   0.0000   0.0000   0.0000
    3698  -4.4278   0.2920  14.6284   0.0000   0.0000   0.0000
    3699  -4.2655   0.4876  14.6077   0.0000   0.0000   0.0000
    3700  -4.8381   0.0554  14.3708   0.0000   0.0000   0.0000
    3701  -4.4796   0.8940  14.2075   0.0000   0.0000   0.0000
    3702  -5.0319  -0.1210  13.8203   0.0000   0.0000   0.0000
    3703  -4.3528   0.6192  14.1540   0.0000   0.0000   0.0000
    3704  -4.5166   0.0784  14.1136   0.0000   0.0000   0.0000
    3705  -4.2330   0.3678  15.0510   0.0000   0.0000   0.0000
    3706  -4.2953   0.4539  14.9177   0.0000   0.0000   0.0000
    3707  -3.5613   0.4411  15.2352   0.0000   0.0000   0.0000
    3708  -3.5489  -0.5154  15.6557   0.0000   0.0000   0.0000
    3709  -2.9049  -0.0297  14.8142   0.0000   0.0000   0.0000
    3710  -2.9974  -0.9239  15.0036   0.0000   0.0000   0.0000
    3711  -3.8820  -0.2979  15.0537   0.0000   0.0000   0.0000
    3712  -3.8988   0.7004  15.2417   0.0000   0.0000   0.0000
    3713  -4.3181   0.2925  15.6872   0.0000   0.0000   0.0000
    3714  -3.8989  -0.7041  15.7706   0.0000   0.0000   0.0000
    3715  -3.5158   0.8822  15.6903   0.0000   0.0000   0.0000
    3716  -3.5666  -0.5651  15.9862   0.0000   0.0000   0.0000
    3717  -3.2324   0.0368  16.2928   0.0000   0.0000   0.0000
    3718  -2.3560   0.0285  16.4193   0.0000   0.0000   0.0000
    3719  -2.5565  -1.1560  16.9590   0.0000   0.0000   0.0000
    3720  -2.4160   0.3761  15.9938   0.0000   0.0000   0.0000
    3721  -2.3864   0.1003  16.1953   0.0000   0.0000   0.0000
    3722  -1.8206   0.5580  17.0003   0.0000   0.0000   0.0000
    3723  -1.7635   0.1416  16.8949   0.0000   0.0000   0.0000
    3724  -1.9455   1.0134  16.7325   0.0000   0.0000   0.0000
    3725  -1.9831  -0.3335  16.6736   0.0000   0.0000   0.0000
    3726  -3.0093   0.0408  16.2611   0.0000   0.0000   0.0000
    3727  -2.4359   0.4068  17.2999   0.0000   0.0000   0.0000
    3728  -3.3745   0.5789  17.0045   0.0000   0.0000   0.0000
    3729  -2.1235   0.1433  17.2837   0.0000   0.0000   0.0000
    3730  -2.6572   0.4933  18.0680   0.0000   0.0000   0.0000
    3731  -1.9194  -0.0956  17.5646   0.0000   0.0000   0.0000
    3732  -2.0605  -0.5364  17.2052   0.0000   0.0000   0.0000
    3733  -2.3633  -0.9384  17.1159   0.0000   0.0000   0.0000
    3734  -2.5647   0.0406  17.6228   0.0000   0.0000   0.0000
    3735  -2.7604  -0.3410  16.3661   0.0000   0.0000   0.0000
    3736  -1.7115  -0.6509  16.3881   0.0000   0.0000   0.0000
    3737  -1.7338  -0.7175  16.3859   0.0000   0.0000   0.0000
    3738  -1.9155  -1.5630  16.1927   0.0000   0.0000   0.0000
    3739  -2.2196   0.1645  16.0940   0.0000   0.0000   0.0000
    3740  -2.6481  -0.4737  15.9366   0.0000   0.0000   0.0000
    3741  -2.2904  -0.7691  16.1339   0.0000   0.0000   0.0000
    3742  -1.5484  -1.1690  16.5786   0.0000   0.0000   0.0000
    3743  -2.1808   0.6345  16.5921   0.0000   0.0000   0.0000
    3744  -2.7108  -0.2594  16.1230   0.0000   0.0000   0.0000
    3745  -2.6214  -0.0123  16.2006   0.0000   0.0000   0.0000
    3746  -1.4419  -0.2313  15.5189   0.0000   0.0000   0.0000
    3747  -2.0526   0.4278  15.8395   0.0000   0.0000   0.0000
    3748  -2.1431  -0.2887  15.1757   0.0000   0.0000   0.0000
    3749  -1.6377   0.1533  14.9020   0.0000   0.0000   0.0000
    3750  -2.0233   1.0015  14.9508   0.0000   0.0000   0.0000
    3751  -1.8943   0.8080  15.2731   0.0000   0.0000   0.0000
    3752  -2.5747   1.2824  15.4835   0.0000   0.0000   0.0000
    3753  -1.7690   0.4446  15.3579   0.0000   0.0000   0.0000
    3754  -1.7805   0.7482  15.4249   0.0000   0.0000   0.0000
    3755  -1.6593   0.8148  15.3648   0.0000   0.0000   0.0000
    3756  -1.8966  -0.2152  15.6470   0.0000   0.0000   0.0000
    3757  -2.6625  -0.2543  14.3283   0.0000   0.0000   0.0000
    3758  -1.9394  -0.1455  14.9929   0.0000   0.0000   0.0000
    3759  -2.0919   0.2949  14.6869   0.0000   0.0000   0.0000
    3760  -2.7237   0.0782  14.4934   0.0000   0.0000   0.0000
    3761  -2.2563   0.1455  15.1354   0.0000   0.0000   0.0000
    3762  -1.2284   0.3171  15.6041   0.0000   0.0000   0.0000
    3763  -1.6262  -0.1473  15.4718   0.0000   0.0000   0.0000
    3764  -1.4207  -0.1873  14.4383   0.0000   0.0000   0.0000
    3765  -2.5371  -0.3967  15.0632   0.0000   0.0000   0.0000
    3766  -0.9134   0.4238  14.3791   0.0000   0.0000   0.0000
    3767  -1.2138  -0.8200  13.9093   0.0000   0.0000   0.0000
    3768  -1.2786  -0.7716  14.1430   0.0000   0.0000   0.0000
    3769  -2.0839  -0.2072  14.1636   0.0000   0.0000   0.0000
    3770  -2.3872   0.6546  14.6970   0.0000   0.0000   0.0000
    3771  -2.6252  -0.6894  14.4862   0.0000   0.0000   0.0000
    3772  -3.2555  -0.9323  15.0476   0.0000   0.0000   0.0000
    3773  -3.5925   0.1680  13.9892   0.0000   0.0000   0.0000
    3774  -3.8019  -0.5370  13.9320   0.0000   0.0000   0.0000
    3775  -3.7461  -0.4459  14.1979   0.0000   0.0000   0.0000
    3776  -2.9040   0.1671  14.5290   0.0000   0.0000   0.0000
    3777  -3.2987   0.2967  13.6068   0.0000   0.0000   0.0000
    3778  -3.5083   0.1839  14.0155   0.0000   0.0000   0.0000
    3779  -3.5759   0.1321  14.7129   0.0000   0.0000   0.0000
    3780  -4.1729  -0.1324  14.3330   0.0000   0.0000   0.0000
    3781  -3.3313  -0.2632  14.8075   0.0000   0.0000   0.0000
    3782  -2.9613  -0.4832  14.6874   0.0000   0.0000   0.0000
    3783  -2.7332  -1.2166  14.3797   0.0000   0.0000   0.0000
    3784  -2.6950  -0.6695  13.9551   0.0000   0.0000   0.0000
    3785  -2.9779  -0.6652  14.5713   0.0000   0.0000   0.0000
    3786  -2.4453  -1.1039  14.9715   0.0000   0.0000   0.0000
    3787  -2.9466  -1.2072  14.2410   0.0000   0.0000   0.0000
    3788  -3.6138  -0.8488  14.5835   0.0000   0.0000   0.0000
    3789  -3.7335  -0.6329  14.2060   0.0000   0.0000   0.0000
    3790  -2.5932  -0.3671  13.8915   0.0000   0.0000   0.0000
    3791  -4.3504  -0.0785  13.2283   0.0000   0.0000   0.0000
    3792  -3.7754  -0.3446  14.9042   0.0000   0.0000   0.0000
    3793  -4.1109  -0.0133  14.4170   0.0000   0.0000   0.0000
    3794  -2.9409   0.5531  14.5166   0.0000   0.0000   0.0000
    3795  -3.1450   0.5997  14.0685   0.0000   0.0000   0.0000
    3796  -3.4907   0.7653  13.8562   0.0000   0.0000   0.0000
    3797  -3.9150   0.8693  14.2390   0.0000   0.0000   0.0000
    3798  -3.1758   0.2209  15.0357   0.0000   0.0000   0.0000
    3799  -3.3179   0.3663  14.4153   0.0000   0.0000   0.0000
    3800  -4.0289   0.6066  14.0396   0.0000   0.0000   0.0000
    3801  -3.5226   1.1093  14.1234   0.0000   0.0000   0.0000
    3802  -3.4287   0.6206  13.8189   0.0000   0.0000   0.0000
    3803  -4.0362   0.3550  14.7976   0.0000   0.0000   0.0000
    3804  -4.2579   0.7878  14.7381   0.0000   0.0000   0.0000
    3805  -3.9878   1.7245  14.1965   0.0000   0.0000   0.0000
    3806  -4.6475   1.1783  15.2458   0.0000   0.0000   0.0000
    3807  -4.3347   0.7432  14.6648   0.0000   0.0000   0.0000
    3808  -4.0138   1.3347  14.3757   0.0000   0.0000   0.0000
    3809  -3.2530   0.8729  14.5823   0.0000   0.0000   0.0000
    3810  -3.4815   0.8519  14.3733   0.0000   0.0000   0.0000
    3811  -3.5980   0.3749  14.7118   0.0000   0.0000   0.0000
    3812  -3.3772   0.6796  13.8021   0.0000   0.0000   0.0000
    3813  -3.0557   0.6293  13.0688   0.0000   0.0000   0.0000
    3814  -3.0230   1.8739  13.5291   0.0000   0.0000   0.0000
    3815  -2.7154   1.5416  13.0614   0.0000   0.0000   0.0000
    3816  -2.9233   0.5041  13.9494   0.0000   0.0000   0.0000
    3817  -2.1932   1.3854  13.8748   0.0000   0.0000   0.0000
    3818  -2.7079   1.6993  14.2618   0.0000   0.0000   0.0000
    3819  -2.6037   1.8910  14.4988   0.0000   0.0000   0.0000
    3820  -3.2537   1.2692  15.2192   0.0000   0.0000   0.0000
    3821  -3.0221   0.7773  15.4941   0.0000   0.0000   0.0000
    3822  -3.3989   0.6569  15.3185   0.0000   0.0000   0.0000
    3823  -3.1593   1.5410  15.0921   0.0000   0.0000   0.0000
    3824  -2.9252   1.5808  15.0046   0.0000   0.0000   0.0000
    3825  -2.7682   1.0991  15.2053   0.0000   0.0000   0.0000
    3826  -4.0939   2.1505  15.4620   0.0000   0.0000   0.0000
    3827  -3.5805   1.5972  15.6138   0.0000   0.0000   0.0000
    3828  -3.5431   1.3345  15.0373   0.0000   0.0000   0.0000
    3829  -4.3125   0.7490  15.0904   0.0000   0.0000   0.0000
    3830  -3.4097   0.8620  15.2975   0.0000   0.0000   0.0000
    3831  -3.5515   0.9242  15.1385   0.0000   0.0000   0.0000
    3832  -3.2648   0.3480  15.3176   0.0000   0.0000   0.0000
    3833  -3.3781   0.8527  14.7343   0.0000   0.0000   0.0000
    3834  -3.7203   1.1931  14.5084   0.0000   0.0000   0.0000
    3835  -4.2570   1.0415  14.4637   0.0000   0.0000   0.0000
    3836  -3.5107   0.7964  14.9876   0.0000   0.0000   0.0000
    3837  -2.7025   0.5137  14.8490   0.0000   0.0000   0.0000
    3838  -2.9288  -0.1735  14.7525   0.0000   0.0000   0.0000
    3839  -3.1727   1.0030  14.5591   0.0000   0.0000   0.0000
    3840  -3.1529   1.2505  13.5657   0.0000   0.0000   0.0000
    3841  -2.9339   1.0632  13.2674   0.0000   0.0000   0.0000
    3842  -3.2350   0.8334  13.1759   0.0000   0.0000   0.0000
    3843  -3.2395   1.2878  13.9543   0.0000   0.0000   0.0000
    3844  -3.2434   0.9206  14.3718   0.0000   0.0000   0.0000
    3845  -3.1185   1.0235  14.0866   0.0000   0.0000   0.0000
    3846  -3.0275   1.0667  14.7218   0.0000   0.0000   0.0000
    3847  -3.7032   1.3480  13.9853   0.0000   0.0000   0.0000
    3848  -3.2795   1.5793  13.4402   0.0000   0.0000   0.0000
    3849  -4.3826   0.8502  14.1560   0.0000   0.0000   0.0000
    3850  -3.3930   0.1334  13.8576   0.0000   0.0000   0.0000
    3851  -3.7778  -0.1631  13.7031   0.0000   0.0000   0.0000
    3852  -4.1107   0.3288  14.1578   0.0000   0.0000   0.0000
    3853  -3.9753   0.1510  14.2535   0.0000   0.0000   0.0000
    3854  -4.5244   0.9384  14.0855   0.0000   0.0000   0.0000
    3855  -4.8424   0.0534  13.4775   0.0000   0.0000   0.0000
    3856  -4.7680  -0.0250  13.8263   0.0000   0.0000   0.0000
    3857  -5.1597   0.6629  13.8089   0.0000   0.0000   0.0000
    3858  -4.8126   0.1955  13.9791   0.0000   0.0000   0.0000
    3859  -4.6383   0.1213  14.2926   0.0000   0.0000   0.0000
    3860  -3.9936  -0.6247  14.8486   0.0000   0.0000   0.0000
    3861  -3.9606  -0.9480  14.8010   0.0000   0.0000   0.0000
    3862  -3.3601   0.2711  14.7482   0.0000   0.0000   0.0000
    3863  -4.4874   0.3089  14.3082   0.0000   0.0000   0.0000
    3864  -4.2539   1.4425  14.0149   0.0000   0.0000   0.0000
    3865  -4.2945   0.7527  15.3469   0.0000   0.0000   0.0000
    3866  -4.2110  -0.4672  14.7564   0.0000   0.0000   0.0000
    3867  -5.3892   0.0003  14.6616   0.0000   0.0000   0.0000
    3868  -4.7520  -0.1504  15.4211   0.0000   0.0000   0.0000
    3869  -5.0417  -0.3588  15.5858   0.0000   0.0000   0.0000
    3870  -4.6115  -0.6299  15.3309   0.0000   0.0000   0.0000
    3871  -4.1532   0.1491  15.4446   0.0000   0.0000   0.0000
    3872  -4.3959  -0.0840  15.4918   0.0000   0.0000   0.0000
    3873  -3.5876   0.5731  15.0305   0.0000   0.0000   0.0000
    3874  -4.0590   0.5634  15.8223   0.0000   0.0000   0.0000
    3875  -4.1216   0.2786  15.3214   0.0000   0.0000   0.0000
    3876  -3.9780   0.1670  15.1307   0.0000   0.0000   0.0000
    3877  -3.6910   0.2155  15.3742   0.0000   0.0000   0.0000
    3878  -3.5487  -0.4585  15.3794   0.0000   0.0000   0.0000
    3879  -3.6409   0.5685  15.3539   0.0000   0.0000   0.0000
    3880  -4.3353   0.4673  15.3825   0.0000   0.0000   0.0000
    3881  -4.0020   0.2925  15.1224   0.0000   0.0000   0.0000
    3882  -4.7143  -0.1194  15.3169   0.0000   0.0000   0.0000
    3883  -4.5504   0.8682  15.3729   0.0000   0.0000   0.0000
    3884  -4.2791  -0.5252  14.8390   0.0000   0.0000   0.0000
    3885  -4.4423  -0.1065  16.1141   0.0000   0.0000   0.0000
    3886  -4.5789  -0.1973  15.6278   0.0000   0.0000   0.0000
    3887  -4.3576   0.0647  15.1462   0.0000   0.0000   0.0000
    3888  -4.6270  -0.9322  15.4989   0.0000   0.0000   0.0000
    3889  -4.3388  -0.7416  15.4727   0.0000   0.0000   0.0000
    3890  -4.6449  -0.3389  15.9073   0.0000   0.0000   0.0000
    3891  -4.4048  -0.6572  15.5342   0.0000   0.0000   0.0000
    3892  -3.8971  -0.8006  15.6979   0.0000   0.0000   0.0000
    3893  -4.0617  -1.0522  16.4599   0.0000   0.0000   0.0000
    3894  -4.9004  -0.5086  16.5292   0.0000   0.0000   0.0000
    3895  -3.8506  -1.0331  16.5945   0.0000   0.0000   0.0000
    3896  -3.5392  -0.9432  16.7622   0.0000   0.0000   0.0000
    3897  -3.0673  -0.0502  16.5088   0.0000   0.0000   0.0000
    3898  -3.8590  -1.1602  16.2720   0.0000   0.0000   0.0000
    3899  -3.5769  -1.0144  16.1687   0.0000   0.0000   0.0000
    3900  -4.0306  -0.9877  15.7331   0.0000   0.0000   0.0000
    3901  -4.2121  -0.4550  16.0448   0.0000   0.0000   0.0000
    3902  -4.0355  -0.0423  16.2511   0.0000   0.0000   0.0000
    3903  -3.7045  -0.9861  16.3287   0.0000   0.0000   0.0000
    3904  -5.3129  -0.3121  15.8915   0.0000   0.0000   0.0000
    3905  -4.7582  -0.4546  15.3790   0.0000   0.0000   0.0000
    3906  -5.2324  -0.3811  15.1628   0.0000   0.0000   0.0000
    3907  -4.8037  -0.4507  15.9587   0.0000   0.0000   0.0000
    3908  -4.0935  -0.4270  15.6469   0.0000   0.0000   0.0000
    3909  -4.4123  -0.6266  16.4113   0.0000   0.0000   0.0000
    3910  -4.4576  -0.3928  15.9224   0.0000   0.0000   0.0000
    3911  -4.2528   0.6143  16.3374   0.0000   0.0000   0.0000
    3912  -4.6597   0.2762  17.0648   0.0000   0.0000   0.0000
    3913  -4.5684   0.0091  15.6972   0.0000   0.0000   0.0000
    3914  -5.2559   0.0076  15.6113   0.0000   0.0000   0.0000
    3915  -5.1840  -0.2886  15.7355   0.0000   0.0000   0.0000
    3916  -5.4924  -0.1137  15.8824   0.0000   0.0000   0.0000
    3917  -5.0851   0.6374  15.4317   0.0000   0.0000   0.0000
    3918  -4.6941  -0.6568  16.1131   0.0000   0.0000   0.0000
    3919  -4.7999  -1.0722  16.1272   0.0000   0.0000   0.0000
    3920  -3.7589  -0.0986  16.6215   0.0000   0.0000   0.0000
    3921  -3.5007  -1.0320  16.0707   0.0000   0.0000   0.0000
    3922  -4.2518  -1.7607  15.9615   0.0000   0.0000   0.0000
    3923  -4.1583  -1.0786  16.1202   0.0000   0.0000   0.0000
    3924  -3.1376  -1.0735  16.6168   0.0000   0.0000   0.0000
    3925  -3.4187  -0.3723  15.8973   0.0000   0.0000   0.0000
    3926  -4.6875  -1.1811  16.1176   0.0000   0.0000   0.0000
    3927  -4.4301  -0.6513  16.5267   0.0000   0.0000   0.0000
    3928  -4.4108  -0.8789  17.5003   0.0000   0.0000   0.0000
    3929  -3.7752  -0.5919  17.0889   0.0000   0.0000   0.0000
    3930  -3.4295   0.2716  16.6363   0.0000   0.0000   0.0000
    3931  -3.5875  -0.4301  16.1550   0.0000   0.0000   0.0000
    3932  -2.9907   0.1364  16.0446   0.0000   0.0000   0.0000
    3933  -3.5410   0.0673  16.8113   0.0000   0.0000   0.0000
    3934  -3.0304  -0.8291  16.3670   0.0000   0.0000   0.0000
    3935  -2.8028  -0.0276  16.9825   0.0000   0.0000   0.0000
    3936  -3.6899  -0.9926  16.6456   0.0000   0.0000   0.0000
    3937  -3.2128  -0.9739  16.4015   0.0000   0.0000   0.0000
    3938  -2.7541  -0.9844  16.9711   0.0000   0.0000   0.0000
    3939  -4.0530  -0.7177  17.1171   0.0000   0.0000   0.0000
    3940  -3.9999  -0.9392  16.5985   0.0000   0.0000   0.0000
    3941  -4.0834  -1.6675  16.5664   0.0000   0.0000   0.0000
    3942  -2.7912  -1.0488  16.5094   0.0000   0.0000   0.0000
    3943  -4.0318  -1.4744  16.8139   0.0000   0.0000   0.0000
    3944  -3.9917  -1.4783  16.0578   0.0000   0.0000   0.0000
    3945  -4.0569  -0.5129  15.6120   0.0000   0.0000   0.0000
    3946  -3.7096  -0.9945  15.9929   0.0000   0.0000   0.0000
    3947  -3.5897  -1.5564  16.1531   0.0000   0.0000   0.0000
    3948  -3.9429  -0.7184  16.0989   0.0000   0.0000   0.0000
    3949  -3.6721  -1.3089  17.5364   0.0000   0.0000   0.0000
    3950  -3.8257  -0.9780  16.1354   0.0000   0.0000   0.0000
    3951  -3.0726  -0.1932  16.0003   0.0000   0.0000   0.0000
    3952  -3.4766  -0.9449  15.9848   0.0000   0.0000   0.0000
    3953  -3.4021  -0.4572  16.7844   0.0000   0.0000   0.0000
    3954  -2.9292  -0.3167  16.1897   0.0000   0.0000   0.0000
    3955  -4.3726   0.3833  15.7739   0.0000   0.0000   0.0000
    3956  -4.5932  -0.0646  16.3062   0.0000   0.0000   0.0000
    3957  -4.0334  -0.0412  16.4362   0.0000   0.0000   0.0000
    3958  -4.1194  -0.4733  16.2863   0.0000   0.0000   0.0000
    3959  -3.8371  -1.0142  16.1773   0.0000   0.0000   0.0000
    3960  -2.8386  -1.4874  16.0895   0.0000   0.0000   0.0000
    3961  -3.5660  -0.9224  16.8994   0.0000   0.0000   0.0000
    3962  -3.6471  -0.7210  16.1762   0.0000   0.0000   0.0000
    3963  -3.8578  -0.7065  16.0544   0.0000   0.0000   0.0000
    3964  -3.8246  -0.5599  16.3705   0.0000   0.0000   0.0000
    3965  -3.5408  -0.0404  16.2076   0.0000   0.0000   0.0000
    3966  -3.7269  -0.1689  15.9738   0.0000   0.0000   0.0000
    3967  -4.0071  -0.2792  16.2604   0.0000   0.0000   0.0000
    3968  -4.1009   0.3466  16.1227   0.0000   0.0000   0.0000
    3969  -4.1087   0.1092  17.0750   0.0000   0.0000   0.0000
    3970  -4.2304  -0.1588  17.2931   0.0000   0.0000   0.0000
    3971  -3.6801  -0.2529  16.8041   0.0000   0.0000   0.0000
    3972  -3.2712   0.7874  16.2773   0.0000   0.0000   0.0000
    3973  -2.9519  -0.2664  16.6897   0.0000   0.0000   0.0000
    3974  -3.9967   0.3739  16.3711   0.0000   0.0000   0.0000
    3975  -3.4231   0.0026  16.8381   0.0000   0.0000   0.0000
    3976  -3.0739  -0.1571  16.5892   0.0000   0.0000   0.0000
    3977  -3.9081   0.8347  17.3957   0.0000   0.0000   0.0000
    3978  -3.9829  -0.3245  16.8641   0.0000   0.0000   0.0000
    3979  -3.4903  -0.5931  16.9568   0.0000   0.0000   0.0000
    3980  -3.7160  -0.7194  16.7493   0.0000   0.0000   0.0000
    3981  -4.7734   0.0934  16.9119   0.0000   0.0000   0.0000
    3982  -4.5121   1.0138  17.1513   0.0000   0.0000   0.0000
    3983  -3.9100   1.0862  16.4728   0.0000   0.0000   0.0000
    3984  -4.0136   0.5389  16.3919   0.0000   0.0000   0.0000
    3985  -3.7181   1.3111  16.9432   0.0000   0.0000   0.0000
    3986  -4.0026   0.2262  16.6067   0.0000   0.0000   0.0000
    3987  -3.9470   0.2535  15.3006   0.0000   0.0000   0.0000
    3988  -3.3470   0.4281  15.4545   0.0000   0.0000   0.0000
    3989  -3.9748   0.2359  16.3536   0.0000   0.0000   0.0000
    3990  -3.1312   0.4551  16.3554   0.0000   0.0000   0.0000
    3991  -2.9621  -0.1566  16.2195   0.0000   0.0000   0.0000
    3992  -2.6585   1.3971  15.7891   0.0000   0.0000   0.0000
    3993  -2.3358   1.6947  15.8413   0.0000   0.0000   0.0000
    3994  -3.4041   1.6781  15.7648   0.0000   0.0000   0.0000
    3995  -3.1930   0.7666  15.7485   0.0000   0.0000   0.0000
    3996  -3.3597  -0.0619  15.7451   0.0000   0.0000   0.0000
    3997  -3.1104   0.4911  15.9637   0.0000   0.0000   0.0000
    3998  -3.1594   0.4500  15.5377   0.0000   0.0000   0.0000
    3999  -3.0936   0.7218  15.9634   0.0000   0.0000   0.0000
    4000  -3.0464   0.5996  16.2860   0.0000   0.0000   0.0000
    4001  -3.3251   0.1156  17.0143   0.0000   0.0000   0.0000
    4002  -2.9841   1.3309  16.6902   0.0000   0.0000   0.0000
    4003  -2.7913   1.6083  17.4662   0.0000   0.0000   0.0000
    4004  -2.4212   2.4367  18.0379   0.0000   0.0000   0.0000
    4005  -3.3386   1.8535  17.3057   0.0000   0.0000   0.0000
    4006  -2.9014   1.6776  17.0929   0.0000   0.0000   0.0000
    4007  -3.1270   2.1074  17.1142   0.0000   0.0000   0.0000
    4008  -3.8439   2.0242  16.6719   0.0000   0.0000   0.0000
    4009  -3.0280   1.2258  16.8803   0.0000   0.0000   0.0000
    4010  -2.6061   1.7217  17.0106   0.0000   0.0000   0.0000
    4011  -3.4857   1.3174  17.5484   0.0000   0.0000   0.0000
    4012  -2.9608   0.3848  17.1726   0.0000   0.0000   0.0000
    4013  -2.7874   2.0910  16.5108   0.0000   0.0000   0.0000
    4014  -2.6798   0.8274  17.0145   0.0000   0.0000   0.0000
    4015  -3.4715   0.7068  16.3832   0.0000   0.0000   0.0000
    4016  -3.6133   1.5463  16.7335   0.0000   0.0000   0.0000
    4017  -3.2320   1.1539  16.6705   0.0000   0.0000   0.0000
    4018  -3.9503   0.7756  16.8926   0.0000   0.0000   0.0000
    4019  -4.3321  -0.0733  16.8651   0.0000   0.0000   0.0000
    4020  -4.2503   1.1267  16.3455   0.0000   0.0000   0.0000
    4021  -3.8026   0.6660  17.0906   0.0000   0.0000   0.0000
    4022  -3.3385   1.5891  17.0666   0.0000   0.0000   0.0000
    4023  -3.2695   0.3808  16.6559   0.0000   0.0000   0.0000
    4024  -3.1631   1.5312  17.3724   0.0000   0.0000   0.0000
    4025  -3.0526   1.0322  17.0951   0.0000   0.0000   0.0000
    4026  -3.2980   0.3607  16.8197   0.0000   0.0000   0.0000
    4027  -3.9232   0.3698  16.6523   0.0000   0.0000   0.0000
    4028  -4.5008  -0.0294  16.2888   0.0000   0.0000   0.0000
    4029  -3.7132   0.0787  16.4535   0.0000   0.0000   0.0000
    4030  -4.3186   0.0879  16.5516   0.0000   0.0000   0.0000
    4031  -4.2730  -0.0120  16.7759   0.0000   0.0000   0.0000
    4032  -5.1112   0.6959  16.4580   0.0000   0.0000   0.0000
    4033  -5.3178   1.3521  15.9466   0.0000   0.0000   0.0000
    4034  -5.3002   1.0287  15.7046   0.0000   0.0000   0.0000
    4035  -4.7135   0.4163  15.4527   0.0000   0.0000   0.0000
    4036  -4.1869   0.6301  14.9225   0.0000   0.0000   0.0000
    4037  -4.2028   0.3205  14.5615   0.0000   0.0000   0.0000
    4038  -4.4444   0.8961  14.9478   0.0000   0.0000   0.0000
    4039  -4.6982   0.4907  15.0809   0.0000   0.0000   0.0000
    4040  -4.5922   0.7285  14.7150   0.0000   0.0000   0.0000
    4041  -5.4605   1.5131  16.1322   0.0000   0.0000   0.0000
    4042  -4.6937   0.8891  15.7046   0.0000   0.0000   0.0000
    4043  -4.5086   0.7003  15.2892   0.0000   0.0000   0.0000
    4044  -4.8112   0.3661  14.9910   0.0000   0.0000   0.0000
    4045  -5.3233  -0.0288  15.6794   0.0000   0.0000   0.0000
    4046  -5.0291   0.2923  15.5470   0.0000   0.0000   0.0000
    4047  -4.9345   0.9623  15.3787   0.0000   0.0000   0.0000
    4048  -4.8552   0.4124  14.9297   0.0000   0.0000   0.0000
    4049  -5.3371   0.6338  15.0826   0.0000   0.0000   0.0000
    4050  -5.3026   0.5588  15.5456   0.0000   0.0000   0.0000
    4051  -5.1384   0.0750  15.3403   0.0000   0.0000   0.0000
    4052  -4.6653  -0.0468  15.7922   0.0000   0.0000   0.0000
    4053  -4.3842  -0.1515  15.2605   0.0000   0.0000   0.0000
    4054  -4.7840  -0.2275  15.7745   0.0000   0.0000   0.0000
    4055  -3.9745  -0.2858  15.3619   0.0000   0.0000   0.0000
    4056  -3.9552   0.7426  15.5987   0.0000   0.0000   0.0000
    4057  -4.6218   0.5577  14.7258   0.0000   0.0000   0.0000
    4058  -4.1983   0.0847  14.8286   0.0000   0.0000   0.0000
    4059  -3.8712  -0.4309  15.2760   0.0000   0.0000   0.0000
    4060  -3.4493  -0.2208  14.7319   0.0000   0.0000   0.0000
    4061  -3.6153  -0.0538  14.5465   0.0000   0.0000   0.0000
    4062  -3.7194   0.3944  14.5782   0.0000   0.0000   0.0000
    4063  -3.4937   0.7613  14.8240   0.0000   0.0000   0.0000
    4064  -3.3611   0.2570  15.2760   0.0000   0.0000   0.0000
    4065  -3.1259   1.0881  15.5294   0.0000   0.0000   0.0000
    4066  -3.6123   0.3331  15.0682   0.0000   0.0000   0.0000
    4067  -3.1845   0.0604  14.3131   0.0000   0.0000   0.0000
    4068  -2.9815  -0.5002  14.7754   0.0000   0.0000   0.0000
    4069  -3.2147  -0.2276  15.2643   0.0000   0.0000   0.0000
    4070  -3.3971   0.9915  15.1963   0.0000   0.0000   0.0000
    4071  -2.6470   0.2865  14.8195   0.0000   0.0000   0.0000
    4072  -2.7147   0.2608  15.8655   0.0000   0.0000   0.0000
    4073  -2.2134   0.3363  15.2525   0.0000   0.0000   0.0000
    4074  -2.0538   0.9656  15.3280   0.0000   0.0000   0.0000
    4075  -2.2090  -0.1434  15.1521   0.0000   0.0000   0.0000
    4076  -2.1208  -0.4434  15.9549   0.0000   0.0000   0.0000
    4077  -2.2209   1.3050  15.5398   0.0000   0.0000   0.0000
    4078  -3.1229   1.3618  16.0626   0.0000   0.0000   0.0000
    4079  -2.9020   1.5421  16.1520   0.0000   0.0000   0.0000
    4080  -2.3872   1.1188  16.0615   0.0000   0.0000   0.0000
    4081  -2.4829   0.5850  16.4183   0.0000   0.0000   0.0000
    4082  -2.5231   0.8314  15.5332   0.0000   0.0000   0.0000
    4083  -3.4069   0.9638  15.1177   0.0000   0.0000   0.0000
    4084  -2.8461   0.8269  15.8619   0.0000   0.0000   0.0000
    4085  -2.5656   0.4018  16.2375   0.0000   0.0000   0.0000
    4086  -2.3029   1.0055  15.7871   0.0000   0.0000   0.0000
    4087  -3.0958   0.7106  15.7393   0.0000   0.0000   0.0000
    4088  -2.3080   0.0786  15.4191   0.0000   0.0000   0.0000
    4089  -3.1020   0.6138  15.7604   0.0000   0.0000   0.0000
    4090  -2.8432   0.1116  15.2216   0.0000   0.0000   0.0000
    4091  -2.1400  -0.0450  16.6512   0.0000   0.0000   0.0000
    4092  -2.6994  -0.1543  15.5623   0.0000   0.0000   0.0000
    4093  -2.7354   0.9051  15.4250   0.0000   0.0000   0.0000
    4094  -3.0864   0.3994  15.5122   0.0000   0.0000   0.0000
    4095  -2.4938   0.4291  15.1769   0.0000   0.0000   0.0000
    4096  -1.9493   0.8684  14.9114   0.0000   0.0000   0.0000
    4097  -2.5836   1.1633  14.7778   0.0000   0.0000   0.0000
    4098  -1.6641   1.0028  14.4553   0.0000   0.0000   0.0000
    4099  -1.3171   0.9469  15.2612   0.0000   0.0000   0.0000
    4100  -1.3548   1.6089  15.0234   0.0000   0.0000   0.0000
    4101  -2.0082   0.7388  15.3700   0.0000   0.0000   0.0000
    4102  -1.8472   0.0953  14.6840   0.0000   0.0000   0.0000
    4103  -1.5127  -0.6648  15.5620   0.0000   0.0000   0.0000
    4104  -2.3629   0.3112  15.5472   0.0000   0.0000   0.0000
    4105  -2.7578   0.6959  15.0837   0.0000   0.0000   0.0000
    4106  -2.8429   0.3728  14.7015   0.0000   0.0000   0.0000
    4107  -2.7411   0.1141  15.6134   0.0000   0.0000   0.0000
    4108  -2.0064   0.1817  14.7059   0.0000   0.0000   0.0000
    4109  -1.6571   1.3156  14.3130   0.0000   0.0000   0.0000
    4110  -2.0915   0.9552  14.4035   0.0000   0.0000   0.0000
    4111  -2.8107   1.0649  14.7421   0.0000   0.0000   0.0000
    4112  -2.4894   0.5240  14.6818   0.0000   0.0000   0.0000
    4113  -2.9037   0.1812  14.6462   0.0000   0.0000   0.0000
    4114  -3.2360   1.9477  14.0038   0.0000   0.0000   0.0000
    4115  -3.2239   0.6233  15.4177   0.0000   0.0000   0.0000
    4116  -3.4851   0.4930  14.9306   0.0000   0.0000   0.0000
    4117  -3.0033   0.6619  14.9438   0.0000   0.0000   0.0000
    4118  -3.4750   0.2442  14.8609   0.0000   0.0000   0.0000
    4119  -3.2035   0.0543  15.6670   0.0000   0.0000   0.0000
    4120  -4.0976   0.1066  15.3374   0.0000   0.0000   0.0000
    4121  -2.5694  -0.3702  15.7768   0.0000   0.0000   0.0000
    4122  -3.1056   0.2825  15.0983   0.0000   0.0000   0.0000
    4123  -2.3906   1.2637  14.7890   0.0000   0.0000   0.0000
    4124  -2.8236   1.0570  14.1633   0.0000   0.0000   0.0000
    4125  -3.2061   0.7694  14.5775   0.0000   0.0000   0.0000
    4126  -2.9980   0.8952  14.7843   0.0000   0.0000   0.0000
    4127  -3.3797   0.5063  13.7137   0.0000   0.0000   0.0000
    4128  -3.1099   1.1163  14.3171   0.0000   0.0000   0.0000
    4129  -2.8723   1.7047  15.0041   0.0000   0.0000   0.0000
    4130  -2.7701   0.1209  14.6726   0.0000   0.0000   0.0000
    4131  -3.4174   0.2858  14.5680   0.0000   0.0000   0.0000
    4132  -3.1012   0.3500  14.1185   0.0000   0.0000   0.0000
    4133  -3.2986   0.6499  13.9882   0.0000   0.0000   0.0000
    4134  -3.5362   0.8481  14.1831   0.0000   0.0000   0.0000
    4135  -3.8671   1.2221  14.1873   0.0000   0.0000   0.0000
    4136  -3.3273   0.7767  14.6283   0.0000   0.0000   0.0000
    4137  -3.6126   1.1065  14.5062   0.0000   0.0000   0.0000
    4138  -3.3364   0.0907  14.4379   0.0000   0.0000   0.0000
    4139  -3.3496   0.5515  14.9741   0.0000   0.0000   0.0000
    4140  -3.6094   0.9596  14.9652   0.0000   0.0000   0.0000
    4141  -3.9048   0.5799  14.1888   0.0000   0.0000   0.0000
    4142  -3.8020   0.9044  14.6077   0.0000   0.0000   0.0000
    4143  -3.2759   0.8685  14.8727   0.0000   0.0000   0.0000
    4144  -2.6723   1.0229  14.8238   0.0000   0.0000   0.0000
    4145  -3.2325   1.0077  14.7984   0.0000   0.0000   0.0000
    4146  -3.3223   0.3269  15.4172   0.0000   0.0000   0.0000
    4147  -4.0223   0.9358  14.7860   0.0000   0.0000   0.0000
    4148  -3.5816  -0.3408  15.3718   0.0000   0.0000   0.0000
    4149  -2.9176  -0.4042  14.7435   0.0000   0.0000   0.0000
    4150  -3.8523   0.9622  15.5372   0.0000   0.0000   0.0000
    4151  -3.4723   0.6420  15.5686   0.0000   0.0000   0.0000
    4152  -3.5961   1.3490  15.2763   0.0000   0.0000   0.0000
    4153  -3.6230   1.3330  15.3995   0.0000   0.0000   0.0000
    4154  -3.8273   2.1099  15.7270   0.0000   0.0000   0.0000
    4155  -3.8647   2.1781  15.2899   0.0000   0.0000   0.0000
    4156  -3.2083   0.8435  15.0129   0.0000   0.0000   0.0000
    4157  -3.3069   1.9808  14.7697   0.0000   0.0000   0.0000
    4158  -3.9054   1.5061  14.8423   0.0000   0.0000   0.0000
    4159  -3.2810   0.3559  14.5227   0.0000   0.0000   0.0000
    4160  -3.5096   0.6001  14.3228   0.0000   0.0000   0.0000
    4161  -3.3331   0.7256  14.3640   0.0000   0.0000   0.0000
    4162  -2.8512   0.8632  14.2777   0.0000   0.0000   0.0000
    4163  -3.5199   1.2692  14.4678   0.0000   0.0000   0.0000
    4164  -3.2594   1.8951  13.8972   0.0000   0.0000   0.0000
    4165  -2.8705   1.6373  13.3021   0.0000   0.0000   0.0000
    4166  -2.9745   2.1638  13.5495   0.0000   0.0000   0.0000
    4167  -2.4726   2.3331  14.0496   0.0000   0.0000   0.0000
    4168  -2.5936   1.5669  14.8393   0.0000   0.0000   0.0000
    4169  -3.8394   1.8697  14.5321   0.0000   0.0000   0.0000
    4170  -3.5279   1.3445  14.1972   0.0000   0.0000   0.0000
    4171  -4.6548   1.4353  14.0209   0.0000   0.0000   0.0000
    4172  -4.4508   0.9730  15.0182   0.0000   0.0000   0.0000
    4173  -3.9225   0.8522  14.0901   0.0000   0.0000   0.0000
    4174  -3.6853   0.9373  14.9933   0.0000   0.0000   0.0000
    4175  -4.2808   1.1069  15.3737   0.0000   0.0000   0.0000
    4176  -4.8327   1.0973  15.2594   0.0000   0.0000   0.0000
    4177  -3.6355   1.5719  15.3409   0.0000   0.0000   0.0000
    4178  -3.7149   1.0307  14.4018   0.0000   0.0000   0.0000
    4179  -3.7979   0.0058  15.7244   0.0000   0.0000   0.0000
    4180  -3.7245   1.1208  14.7919   0.0000   0.0000   0.0000
    4181  -3.6093   1.1300  14.8853   0.0000   0.0000   0.0000
    4182  -4.7289   1.3305  14.4496   0.0000   0.0000   0.0000
    4183  -3.7465   1.5659  14.4106   0.0000   0.0000   0.0000
    4184  -3.3609   0.0490  14.1949   0.0000   0.0000   0.0000
    4185  -2.9924   0.7967  13.8592   0.0000   0.0000   0.0000
    4186  -3.1403   0.8048  13.6315   0.0000   0.0000   0.0000
    4187  -3.3832   0.6422  14.1572   0.0000   0.0000   0.0000
    4188  -3.3674   0.5860  14.0005   0.0000   0.0000   0.0000
    4189  -3.1409   0.5581  14.8621   0.0000   0.0000   0.0000
    4190  -3.3954   0.2136  14.2418   0.0000   0.0000   0.0000
    4191  -3.0772   0.4152  13.7552   0.0000   0.0000   0.0000
    4192  -3.2042   0.7050  13.1770   0.0000   0.0000   0.0000
    4193  -2.1283   0.8640  13.8402   0.0000   0.0000   0.0000
    4194  -2.1133   0.8780  14.6854   0.0000   0.0000   0.0000
    4195  -3.2650  -0.1213  14.3823   0.0000   0.0000   0.0000
    4196  -3.6817   1.0198  13.0877   0.0000   0.0000   0.0000
    4197  -3.5723   0.4142  13.2243   0.0000   0.0000   0.0000
    4198  -3.2454   1.4633  13.9465   0.0000   0.0000   0.0000
    4199  -3.2735   0.8272  14.0994   0.0000   0.0000   0.0000
    4200  -3.2691   0.4600  13.7338   0.0000   0.0000   0.0000
    4201  -3.9113   0.6059  14.1345   0.0000   0.0000   0.0000
    4202  -4.2400   0.3098  13.2365   0.0000   0.0000   0.0000
    4203  -3.7008   0.5359  13.2841   0.0000   0.0000   0.0000
    4204  -2.3707   0.3565  12.5681   0.0000   0.0000   0.0000
    4205  -2.5643   0.3923  12.5243   0.0000   0.0000   0.0000
    4206  -2.1625   0.1315  13.7755   0.0000   0.0000   0.0000
    4207  -2.2282   1.6236  13.6205   0.0000   0.0000   0.0000
    4208  -3.0344   1.1518  13.7998   0.0000   0.0000   0.0000
    4209  -2.5749   0.8877  13.1144   0.0000   0.0000   0.0000
    4210  -3.3265   0.3125  12.5402   0.0000   0.0000   0.0000
    4211  -3.4929   0.4841  13.1595   0.0000   0.0000   0.0000
    4212  -3.0513  -0.3355  12.8801   0.0000   0.0000   0.0000
    4213  -3.3824  -0.6465  13.0122   0.0000   0.0000   0.0000
    4214  -3.9135   0.0488  13.3382   0.0000   0.0000   0.0000
    4215  -3.0471   1.0179  11.9263   0.0000   0.0000   0.0000
    4216  -3.3824   0.2971  12.0248   0.0000   0.0000   0.0000
    4217  -3.6402   0.2128  12.7334   0.0000   0.0000   0.0000
    4218  -4.1304   0.5022  12.4927   0.0000   0.0000   0.0000
    4219  -3.2034   0.9258  12.8274   0.0000   0.0000   0.0000
    4220  -3.3256   0.4961  13.3960   0.0000   0.0000   0.0000
    4221  -3.5741   0.6030  13.5713   0.0000   0.0000   0.0000
    4222  -3.4599   1.1492  13.9173   0.0000   0.0000   0.0000
    4223  -3.1336   0.5937  13.8375   0.0000   0.0000   0.0000
    4224  -4.2922   0.7866  15.3340   0.0000   0.0000   0.0000
    4225  -4.3620   0.6794  14.4137   0.0000   0.0000   0.0000
    4226  -4.2842   0.3340  14.4779   0.0000   0.0000   0.0000
    4227  -4.3020   0.2770  14.3560   0.0000   0.0000   0.0000
    4228  -3.8456   0.7322  13.5178   0.0000   0.0000   0.0000
    4229  -5.0709   0.5787  13.3057   0.0000   0.0000   0.0000
    4230  -3.9074   0.8216  13.5189   0.0000   0.0000   0.0000
    4231  -4.6361   1.3406  14.1160   0.0000   0.0000   0.0000
    4232  -4.3181   0.9802  13.4282   0.0000   0.0000   0.0000
    4233  -4.0942   0.4693  13.9976   0.0000   0.0000   0.0000
    4234  -4.5476   1.5553  13.8987   0.0000   0.0000   0.0000
    4235  -4.7452   0.2191  14.3158   0.0000   0.0000   0.0000
    4236  -4.8720   1.3782  13.6877   0.0000   0.0000   0.0000
    4237  -4.5397   0.6907  13.3969   0.0000   0.0000   0.0000
    4238  -4.7637  -0.1222  13.7248   0.0000   0.0000   0.0000
    4239  -4.4081   1.5535  13.5441   0.0000   0.0000   0.0000
    4240  -5.0967   0.3825  13.2962   0.0000   0.0000   0.0000
    4241  -5.2777   1.4398  13.7753   0.0000   0.0000   0.0000
    4242  -4.8360   0.9374  13.7745   0.0000   0.0000   0.0000
    4243  -4.6889   0.2390  13.7149   0.0000   0.0000   0.0000
    4244  -3.7686   0.2501  13.4930   0.0000   0.0000   0.0000
    4245  -4.4690   0.2119  13.9783   0.0000   0.0000   0.0000
    4246  -4.0447  -0.2631  14.7177   0.0000   0.0000   0.0000
    4247  -4.9252  -0.4914  15.1769   0.0000   0.0000   0.0000
    4248  -4.3078   0.1149  14.5919   0.0000   0.0000   0.0000
    4249  -3.8951   0.5148  14.4124   0.0000   0.0000   0.0000
    4250  -2.9258  -0.1935  15.3058   0.0000   0.0000   0.0000
    4251  -3.6645   0.2300  15.2554   0.0000   0.0000   0.0000
    4252  -3.9220   0.7730  14.7418   0.0000   0.0000   0.0000
    4253  -4.5049   0.6591  14.9507   0.0000   0.0000   0.0000
    4254  -4.3374   0.6386  14.6308   0.0000   0.0000   0.0000
    4255  -3.9788   0.0977  14.2258   0.0000   0.0000   0.0000
    4256  -3.6222  -0.2433  14.5298   0.0000   0.0000   0.0000
    4257  -3.1569  -0.5198  15.0015   0.0000   0.0000   0.0000
    4258  -3.5326  -0.2633  14.7352   0.0000   0.0000   0.0000
    4259  -2.9775  -0.4429  15.1728   0.0000   0.0000   0.0000
    4260  -3.3075  -0.2226  14.2442   0.0000   0.0000   0.0000
    4261  -3.1115   0.7659  14.4078   0.0000   0.0000   0.0000
    4262  -4.3186   0.5823  14.8582   0.0000   0.0000   0.0000
    4263  -3.3570   0.5338  14.8351   0.0000   0.0000   0.0000
    4264  -3.1440   1.0362  15.0177   0.0000   0.0000   0.0000
    4265  -2.6275   0.3182  14.9438   0.0000   0.0000   0.0000
    4266  -2.8286   0.1774  14.9930   0.0000   0.0000   0.0000
    4267  -3.3920  -0.2550  14.9671   0.0000   0.0000   0.0000
    4268  -3.1969  -0.2413  15.1580   0.0000   0.0000   0.0000
    4269  -3.1522   0.0568  14.3179   0.0000   0.0000   0.0000
    4270  -3.4630   0.6219  14.4854   0.0000   0.0000   0.0000
    4271  -2.8043   0.2023  14.4310   0.0000   0.0000   0.0000
    4272  -2.4382   0.1573  14.4554   0.0000   0.0000   0.0000
    4273  -2.6296   0.1244  13.7253   0.0000   0.0000   0.0000
    4274  -2.8467   1.2354  14.2941   0.0000   0.0000   0.0000
    4275  -3.3598   0.5883  13.8484   0.0000   0.0000   0.0000
    4276  -3.1683   0.6316  14.3417   0.0000   0.0000   0.0000
    4277  -2.5285   0.9001  14.0102   0.0000   0.0000   0.0000
    4278  -2.9835   1.0759  13.6754   0.0000   0.0000   0.0000
    4279  -3.7518   1.3323  13.8351   0.0000   0.0000   0.0000
    4280  -3.1678   1.4212  14.6574   0.0000   0.0000   0.0000
    4281  -3.5268   1.3750  14.9837   0.0000   0.0000   0.0000
    4282  -3.6761   1.6610  13.8848   0.0000   0.0000   0.0000
    4283  -3.8333   1.4374  14.2589   0.0000   0.0000   0.0000
    4284  -3.9487   1.7257  14.3404   0.0000   0.0000   0.0000
    4285  -2.9210   1.0522  13.5893   0.0000   0.0000   0.0000
    4286  -2.8743   1.4281  12.9097   0.0000   0.0000   0.0000
    4287  -3.4297   0.8874  13.1501   0.0000   0.0000   0.0000
    4288  -2.9677   0.1264  13.1961   0.0000   0.0000   0.0000
    4289  -2.8269   0.2387  13.0119   0.0000   0.0000   0.0000
    4290  -2.6230   0.1963  13.3060   0.0000   0.0000   0.0000
    4291  -2.2736   0.4003  13.3680   0.0000   0.0000   0.0000
    4292  -2.7319   0.5560  13.5131   0.0000   0.0000   0.0000
    4293  -2.1941   0.7033  12.6540   0.0000   0.0000   0.0000
    4294  -2.4148   0.3334  13.0235   0.0000   0.0000   0.0000
    4295  -2.5566   0.5638  13.5994   0.0000   0.0000   0.0000
    4296  -1.5178   0.2808  13.6320   0.0000   0.0000   0.0000
    4297  -1.0145   0.4039  12.9059   0.0000   0.0000   0.0000
    4298  -2.1022   0.8648  12.7791   0.0000   0.0000   0.0000
    4299  -1.7650   1.1067  13.3884   0.0000   0.0000   0.0000
    4300  -1.8299   0.1615  13.5843   0.0000   0.0000   0.0000
    4301  -3.0730   1.4163  12.9302   0.0000   0.0000   0.0000
    4302  -2.4363   1.1439  12.8545   0.0000   0.0000   0.0000
    4303  -2.1161   0.9496  12.8814   0.0000   0.0000   0.0000
    4304  -3.0490   1.4126  13.2325   0.0000   0.0000   0.0000
    4305  -3.0756   1.0174  13.6072   0.0000   0.0000   0.0000
    4306  -3.0949   0.7408  13.8443   0.0000   0.0000   0.0000
    4307  -2.8042   0.9820  14.1418   0.0000   0.0000   0.0000
    4308  -2.4781   0.0141  14.4998   0.0000   0.0000   0.0000
    4309  -2.3027  -0.1372  13.8133   0.0000   0.0000   0.0000
    4310  -2.2533  -0.2686  14.9085   0.0000   0.0000   0.0000
    4311  -2.2157   0.8382  13.8849   0.0000   0.0000   0.0000
    4312  -2.2728  -0.7496  14.0836   0.0000   0.0000   0.0000
    4313  -2.4611   0.4865  13.9373   0.0000   0.0000   0.0000
    4314  -2.8415   1.1324  14.2722   0.0000   0.0000   0.0000
    4315  -2.2768  -0.1636  15.2486   0.0000   0.0000   0.0000
    4316  -3.5839   0.1892  14.7608   0.0000   0.0000   0.0000
    4317  -2.7156   0.6851  14.6930   0.0000   0.0000   0.0000
    4318  -2.4508   0.3889  14.7098   0.0000   0.0000   0.0000
    4319  -2.9269  -0.0737  14.9616   0.0000   0.0000   0.0000
    4320  -3.0927   0.4344  15.0502   0.0000   0.0000   0.0000
    4321  -2.6514  -0.0382  14.9322   0.0000   0.0000   0.0000
    4322  -3.3214   0.3013  14.7949   0.0000   0.0000   0.0000
    4323  -4.2770   1.5853  14.6732   0.0000   0.0000   0.0000
    4324  -2.6758   0.3433  14.4223   0.0000   0.0000   0.0000
    4325  -2.7884   0.6430  14.7680   0.0000   0.0000   0.0000
    4326  -3.4237   0.6827  14.4287   0.0000   0.0000   0.0000
    4327  -3.2030  -0.3443  15.5867   0.0000   0.0000   0.0000
    4328  -2.6849  -0.3997  15.7013   0.0000   0.0000   0.0000
    4329  -3.1169  -0.4220  15.7898   0.0000   0.0000   0.0000
    4330  -2.6984   0.1185  15.7474   0.0000   0.0000   0.0000
    4331  -2.3173  -0.6884  16.1741   0.0000   0.0000   0.0000
    4332  -3.2758   0.4938  15.7064   0.0000   0.0000   0.0000
    4333  -3.7627   0.6880  15.0199   0.0000   0.0000   0.0000
    4334  -3.4203   0.3725  14.8369   0.0000   0.0000   0.0000
    4335  -3.6108  -0.0977  14.9079   0.0000   0.0000   0.0000
    4336  -3.6897   0.5767  15.2895   0.0000   0.0000   0.0000
    4337  -4.0696   0.5431  15.1416   0.0000   0.0000   0.0000
    4338  -4.0891   1.2356  15.3948   0.0000   0.0000   0.0000
    4339  -3.7117   0.7154  14.9912   0.0000   0.0000   0.0000
    4340  -2.4520   0.4273  14.5343   0.0000   0.0000   0.0000
    4341  -3.1614   0.2128  15.1248   0.0000   0.0000   0.0000
    4342  -2.9511   0.9512  14.6689   0.0000   0.0000   0.0000
    4343  -3.6924  -0.1003  14.8336   0.0000   0.0000   0.0000
    4344  -3.0424   0.2728  15.0540   0.0000   0.0000   0.0000
    4345  -3.0765   0.7613  14.3462   0.0000   0.0000   0.0000
    4346  -2.9938   0.4895  15.4951   0.0000   0.0000   0.0000
    4347  -3.1515   0.5387  15.2894   0.0000   0.0000   0.0000
    4348  -3.3263   0.3384  15.1567   0.0000   0.0000   0.0000
    4349  -3.9385   0.1508  15.0394   0.0000   0.0000   0.0000
    4350  -3.1405   1.2361  14.1110   0.0000   0.0000   0.0000
    4351  -3.3352   1.0079  14.5753   0.0000   0.0000   0.0000
    4352  -3.6441   0.5027  14.5111   0.0000   0.0000   0.0000
    4353  -3.0432   1.0379  14.1249   0.0000   0.0000   0.0000
    4354  -2.6976   1.9333  14.5472   0.0000   0.0000   0.0000
    4355  -2.9661   1.7291  14.3978   0.0000   0.0000   0.0000
    4356  -2.9845   0.8049  14.8276   0.0000   0.0000   0.0000
    4357  -2.9355   1.3189  14.1296   0.0000   0.0000   0.0000
    4358  -3.2069   0.4539  14.9311   0.0000   0.0000   0.0000
    4359  -3.4160   0.3700  14.9272   0.0000   0.0000   0.0000
    4360  -3.4239   1.4749  14.6617   0.0000   0.0000   0.0000
    4361  -3.5589   0.8367  14.3978   0.0000   0.0000   0.0000
    4362  -4.2341   1.2016  14.0851   0.0000   0.0000   0.0000
    4363  -3.5235   1.3687  14.8690   0.0000   0.0000   0.0000
    4364  -3.4726   0.9049  15.2056   0.0000   0.0000   0.0000
    4365  -2.6934   0.2269  14.4268   0.0000   0.0000   0.0000
    4366  -3.5934   0.8454  14.0546   0.0000   0.0000   0.0000
    4367  -2.8903   2.3073  14.2289   0.0000   0.0000   0.0000
    4368  -2.9266   2.4179  13.8305   0.0000   0.0000   0.0000
    4369  -3.7046   1.6337  13.6415   0.0000   0.0000   0.0000
    4370  -3.9366   2.2617  13.7063   0.0000   0.0000   0.0000
    4371  -4.0211   1.4252  13.5274   0.0000   0.0000   0.0000
    4372  -4.2026   1.0815  13.3577   0.0000   0.0000   0.0000
    4373  -3.6472   2.2210  13.3778   0.0000   0.0000   0.0000
    4374  -3.7027   1.9283  14.4318   0.0000   0.0000   0.0000
    4375  -3.5937   1.5845  14.2289   0.0000   0.0000   0.0000
    4376  -3.5070   1.7954  13.5920   0.0000   0.0000   0.0000
    4377  -4.0475   1.4131  14.1707   0.0000   0.0000   0.0000
    4378  -4.2551   0.8499  13.3242   0.0000   0.0000   0.0000
    4379  -4.0587   1.6184  13.6516   0.0000   0.0000   0.0000
    4380  -3.2836   1.4220  13.2357   0.0000   0.0000   0.0000
    4381  -2.5365   1.1532  14.3392   0.0000   0.0000   0.0000
    4382  -3.4619   1.4611  14.5945   0.0000   0.0000   0.0000
    4383  -2.7456   1.1576  14.4849   0.0000   0.0000   0.0000
    4384  -2.7818   0.5785  14.2384   0.0000   0.0000   0.0000
    4385  -3.1970   0.5523  14.4776   0.0000   0.0000   0.0000
    4386  -3.3163   0.6350  14.2059   0.0000   0.0000   0.0000
    4387  -3.1073   0.5407  13.7798   0.0000   0.0000   0.0000
    4388  -2.8810   0.9974  14.2053   0.0000   0.0000   0.0000
    4389  -2.5026   0.2099  14.2621   0.0000   0.0000   0.0000
    4390  -3.2497  -0.3180  13.6322   0.0000   0.0000   0.0000
    4391  -2.3697   0.3023  14.2158   0.0000   0.0000   0.0000
    4392  -2.5920  -0.4848  14.1085   0.0000   0.0000   0.0000
    4393  -2.7759  -0.5873  13.9679   0.0000   0.0000   0.0000
    4394  -2.5628   0.4776  14.0419   0.0000   0.0000   0.0000
    4395  -2.4143  -0.6444  13.9376   0.0000   0.0000   0.0000
    4396  -2.4262  -0.2738  13.6581   0.0000   0.0000   0.0000
    4397  -2.2704   0.3032  13.8721   0.0000   0.0000   0.0000
    4398  -1.4088   0.0238  14.3049   0.0000   0.0000   0.0000
    4399  -1.9237   0.2429  13.9046   0.0000   0.0000   0.0000
    4400  -2.2319   1.0118  14.0808   0.0000   0.0000   0.0000
    4401  -2.4809   0.3772  14.5424   0.0000   0.0000   0.0000
    4402  -2.7206   0.4657  14.8790   0.0000   0.0000   0.0000
    4403  -1.4144  -0.3814  14.2373   0.0000   0.0000   0.0000
    4404  -1.5649   0.0829  14.1515   0.0000   0.0000   0.0000
    4405  -1.7396  -0.3177  14.9365   0.0000   0.0000   0.0000
    4406  -2.8310  -0.5330  14.3749   0.0000   0.0000   0.0000
    4407  -2.7595   0.3167  14.7620   0.0000   0.0000   0.0000
    4408  -3.5681   0.5250  14.7132   0.0000   0.0000   0.0000
    4409  -3.8736   0.0559  14.2826   0.0000   0.0000   0.0000
    4410  -3.5404   0.4259  14.6601   0.0000   0.0000   0.0000
    4411  -2.4290   0.3134  15.2027   0.0000   0.0000   0.0000
    4412  -2.5993   0.4334  14.4093   0.0000   0.0000   0.0000
    4413  -3.2032   0.7921  15.3627   0.0000   0.0000   0.0000
    4414  -2.8088  -0.1133  15.0870   0.0000   0.0000   0.0000
    4415  -2.8084  -0.1634  14.7426   0.0000   0.0000   0.0000
    4416  -3.1008   1.0017  15.6807   0.0000   0.0000   0.0000
    4417  -3.7104   0.2118  14.8066   0.0000   0.0000   0.0000
    4418  -3.2651   0.4553  15.1264   0.0000   0.0000   0.0000
    4419  -3.3059  -0.1460  14.5776   0.0000   0.0000   0.0000
    4420  -3.2018   0.8210  14.4202   0.0000   0.0000   0.0000
    4421  -3.0623   0.5556  14.0626   0.0000   0.0000   0.0000
    4422  -1.8923   0.2394  13.4320   0.0000   0.0000   0.0000
    4423  -3.3247   0.3911  13.2785   0.0000   0.0000   0.0000
    4424  -3.2756  -0.0767  13.7227   0.0000   0.0000   0.0000
    4425  -3.6854   0.2711  13.3982   0.0000   0.0000   0.0000
    4426  -4.4436   0.8397  13.5263   0.0000   0.0000   0.0000
    4427  -3.7932   0.4440  13.8590   0.0000   0.0000   0.0000
    4428  -3.4505   0.7115  14.0025   0.0000   0.0000   0.0000
    4429  -3.7998  -0.2697  14.0297   0.0000   0.0000   0.0000
    4430  -3.8975  -0.0140  13.3577   0.0000   0.0000   0.0000
    4431  -3.6407   0.4720  14.9013   0.0000   0.0000   0.0000
    4432  -3.7751  -0.2460  14.5791   0.0000   0.0000   0.0000
    4433  -3.5850   0.4065  14.2412   0.0000   0.0000   0.0000
    4434  -2.7489   0.5664  14.9923   0.0000   0.0000   0.0000
    4435  -4.0063   0.1266  14.1385   0.0000   0.0000   0.0000
    4436  -4.0816  -0.1677  14.9010   0.0000   0.0000   0.0000
    4437  -4.1839   0.1133  14.0655   0.0000   0.0000   0.0000
    4438  -3.6793   0.1817  14.4107   0.0000   0.0000   0.0000
    4439  -3.4785  -0.2752  14.0379   0.0000   0.0000   0.0000
    4440  -3.9709   0.5597  14.1692   0.0000   0.0000   0.0000
    4441  -3.9651   0.3064  13.8186   0.0000   0.0000   0.0000
    4442  -2.9695   0.5817  13.9662   0.0000   0.0000   0.0000
    4443  -3.1806  -0.1494  13.0400   0.0000   0.0000   0.0000
    4444  -2.3660   0.9551  13.3348   0.0000   0.0000   0.0000
    4445  -3.1059   1.0131  13.2368   0.0000   0.0000   0.0000
    4446  -2.8859   0.2967  13.9674   0.0000   0.0000   0.0000
    4447  -3.3485   0.2193  13.7804   0.0000   0.0000   0.0000
    4448  -2.8649   0.9577  13.8874   0.0000   0.0000   0.0000
    4449  -2.3047   0.5934  13.7242   0.0000   0.0000   0.0000
    4450  -3.7948  -0.3497  14.3815   0.0000   0.0000   0.0000
    4451  -3.4544   0.3495  14.2259   0.0000   0.0000   0.0000
    4452  -2.2643   0.1842  13.7435   0.0000   0.0000   0.0000
    4453  -2.8105   0.1705  14.1167   0.0000   0.0000   0.0000
    4454  -3.3706   0.1901  14.3706   0.0000   0.0000   0.0000
    4455  -4.0585   0.0904  14.3802   0.0000   0.0000   0.0000
    4456  -2.7492   0.1965  13.6434   0.0000   0.0000   0.0000
    4457  -4.0646  -0.0146  14.4483   0.0000   0.0000   0.0000
    4458  -3.1878   0.4449  14.6191   0.0000   0.0000   0.0000
    4459  -4.0489  -0.3099  14.7681   0.0000   0.0000   0.0000
    4460  -4.5142   0.2079  14.1055   0.0000   0.0000   0.0000
    4461  -3.2102  -0.7275  14.6149   0.0000   0.0000   0.0000
    4462  -3.5921  -0.7823  14.5542   0.0000   0.0000   0.0000
    4463  -4.6974  -0.3168  14.7547   0.0000   0.0000   0.0000
    4464  -4.2671  -0.6738  15.0148   0.0000   0.0000   0.0000
    4465  -3.6867  -0.3767  15.3376   0.0000   0.0000   0.0000
    4466  -4.2641   0.0934  15.1595   0.0000   0.0000   0.0000
    4467  -4.1012  -0.3768  15.4921   0.0000   0.0000   0.0000
    4468  -4.0250  -2.2545  15.1899   0.0000   0.0000   0.0000
    4469  -3.8325  -0.9818  15.4117   0.0000   0.0000   0.0000
    4470  -3.9268  -0.6314  14.8321   0.0000   0.0000   0.0000
    4471  -3.6646  -0.5590  15.0420   0.0000   0.0000   0.0000
    4472  -3.7877  -0.3076  14.7864   0.0000   0.0000   0.0000
    4473  -4.3105   0.1660  14.7808   0.0000   0.0000   0.0000
    4474  -4.0354  -0.5241  15.0839   0.0000   0.0000   0.0000
    4475  -4.3035  -1.0028  14.8517   0.0000   0.0000   0.0000
    4476  -3.5454  -1.0838  14.9169   0.0000   0.0000   0.0000
    4477  -3.7728   0.0060  14.8812   0.0000   0.0000   0.0000
    4478  -3.1828  -0.4662  15.6338   0.0000   0.0000   0.0000
    4479  -3.4570  -0.7233  15.1274   0.0000   0.0000   0.0000
    4480  -3.0744  -0.9687  14.9680   0.0000   0.0000   0.0000
    4481  -3.6115  -1.1389  15.5146   0.0000   0.0000   0.0000
    4482  -3.5213  -0.9665  16.1656   0.0000   0.0000   0.0000
    4483  -3.2829  -0.5117  15.7464   0.0000   0.0000   0.0000
    4484  -3.4713  -0.7936  15.1907   0.0000   0.0000   0.0000
    4485  -3.1144   0.5677  15.1220   0.0000   0.0000   0.0000
    4486  -3.6392   0.8797  14.7518   0.0000   0.0000   0.0000
    4487  -4.1285   0.0336  14.7381   0.0000   0.0000   0.0000
    4488  -3.4916   0.3312  15.0397   0.0000   0.0000   0.0000
    4489  -4.3916  -0.1414  15.3034   0.0000   0.0000   0.0000
    4490  -4.2031  -0.0732  15.5846   0.0000   0.0000   0.0000
    4491  -3.8874  -0.0310  15.4644   0.0000   0.0000   0.0000
    4492  -3.6059  -0.1563  15.0844   0.0000   0.0000   0.0000
    4493  -3.0311  -0.1564  14.6677   0.0000   0.0000   0.0000
    4494  -3.6514  -0.7705  14.4390   0.0000   0.0000   0.0000
    4495  -3.6024  -0.3601  15.0398   0.0000   0.0000   0.0000
    4496  -2.3008  -0.1015  13.5447   0.0000   0.0000   0.0000
    4497  -2.7742   0.6041  13.8000   0.0000   0.0000   0.0000
    4498  -2.9707  -0.1639  13.9288   0.0000   0.0000   0.0000
    4499  -3.1401   0.2459  13.0919   0.0000   0.0000   0.0000
    4500  -3.5024   0.1052  13.6472   0.0000   0.0000   0.0000
    4501  -3.5580  -0.5334  13.7598   0.0000   0.0000   0.0000
    4502  -3.7487  -0.5155  13.7829   0.0000   0.0000   0.0000
    4503  -3.9094  -0.8783  14.3285   0.0000   0.0000   0.0000
    4504  -4.1979  -0.1916  13.4437   0.0000   0.0000   0.0000
    4505  -3.8585  -0.0344  14.0651   0.0000   0.0000   0.0000
    4506  -3.2646  -0.8468  14.0363   0.0000   0.0000   0.0000
    4507  -2.6974  -0.4967  13.5801   0.0000   0.0000   0.0000
    4508  -2.9779  -0.7972  13.9253   0.0000   0.0000   0.0000
    4509  -2.3704  -0.6375  14.4783   0.0000   0.0000   0.0000
    4510  -2.2013  -0.7086  15.0045   0.0000   0.0000   0.0000
    4511  -2.5302  -0.9691  15.0094   0.0000   0.0000   0.0000
    4512  -3.2863  -0.7813  15.3009   0.0000   0.0000   0.0000
    4513  -3.2230  -1.1172  15.2268   0.0000   0.0000   0.0000
    4514  -3.9209  -0.6031  15.2504   0.0000   0.0000   0.0000
    4515  -3.4723   0.2593  15.0013   0.0000   0.0000   0.0000
    4516  -3.2263  -0.8057  14.4084   0.0000   0.0000   0.0000
    4517  -3.4001   0.2160  14.3529   0.0000   0.0000   0.0000
    4518  -3.1990  -0.0268  14.5373   0.0000   0.0000   0.0000
    4519  -3.3943   0.2718  14.0336   0.0000   0.0000   0.0000
    4520  -3.9113   0.0838  13.5678   0.0000   0.0000   0.0000
    4521  -4.0973  -0.2379  13.2707   0.0000   0.0000   0.0000
    4522  -3.6177  -0.1432  13.5979   0.0000   0.0000   0.0000
    4523  -4.4850   0.4104  13.8269   0.0000   0.0000   0.0000
    4524  -3.1017  -0.6210  13.5203   0.0000   0.0000   0.0000
    4525  -2.8492  -0.0942  13.0537   0.0000   0.0000   0.0000
    4526  -3.1877  -0.5437  14.3428   0.0000   0.0000   0.0000
    4527  -3.3955  -0.1708  13.4891   0.0000   0.0000   0.0000
    4528  -4.0937  -1.1668  14.6310   0.0000   0.0000   0.0000
    4529  -3.7306   0.5945  13.1825   0.0000   0.0000   0.0000
    4530  -3.1367  -0.9612  13.5235   0.0000   0.0000   0.0000
    4531  -3.3361  -1.1131  13.7971   0.0000   0.0000   0.0000
    4532  -3.0976  -0.6983  14.2769   0.0000   0.0000   0.0000
    4533  -2.4827  -1.1726  13.9609   0.0000   0.0000   0.0000
    4534  -3.1539  -0.6281  13.3909   0.0000   0.0000   0.0000
    4535  -2.6592  -0.5594  13.9027   0.0000   0.0000   0.0000
    4536  -2.8716  -0.6206  13.4417   0.0000   0.0000   0.0000
    4537  -2.1289  -0.4707  13.5569   0.0000   0.0000   0.0000
    4538  -2.7878  -0.7525  13.6346   0.0000   0.0000   0.0000
    4539  -3.2505   0.0948  13.5441   0.0000   0.0000   0.0000
    4540  -2.6085  -1.0496  13.7526   0.0000   0.0000   0.0000
    4541  -2.9958  -0.2946  13.2294   0.0000   0.0000   0.0000
    4542  -3.2776   0.7976  13.3492   0.0000   0.0000   0.0000
    4543  -3.5361   1.3525  12.9869   0.0000   0.0000   0.0000
    4544  -3.4749   1.3532  14.1961   0.0000   0.0000   0.0000
    4545  -2.8669   0.5220  13.2718   0.0000   0.0000   0.0000
    4546  -4.1808   0.8628  14.4847   0.0000   0.0000   0.0000
    4547  -4.3470   0.8257  13.5438   0.0000   0.0000   0.0000
    4548  -3.0740   1.3235  13.7032   0.0000   0.0000   0.0000
    4549  -3.0095   1.6820  13.0856   0.0000   0.0000   0.0000
    4550  -3.7455   1.4535  13.3826   0.0000   0.0000   0.0000
    4551  -3.3136   1.0148  13.3639   0.0000   0.0000   0.0000
    4552  -3.2894   1.1140  13.4935   0.0000   0.0000   0.0000
    4553  -4.0930   1.5787  13.0947   0.0000   0.0000   0.0000
    4554  -4.5946   1.1062  12.7923   0.0000   0.0000   0.0000
    4555  -3.5746   1.4236  12.3821   0.0000   0.0000   0.0000
    4556  -3.6013   1.5437  13.4059   0.0000   0.0000   0.0000
    4557  -3.8210   0.4188  13.9848   0.0000   0.0000   0.0000
    4558  -4.5757   0.6425  14.0246   0.0000   0.0000   0.0000
    4559  -4.6615   1.3524  13.4071   0.0000   0.0000   0.0000
    4560  -4.4233   0.3086  13.1806   0.0000   0.0000   0.0000
    4561  -4.6053   1.1959  13.5132   0.0000   0.0000   0.0000
    4562  -4.8005   1.5236  13.2425   0.0000   0.0000   0.0000
    4563  -5.1038   1.2899  13.3179   0.0000   0.0000   0.0000
    4564  -4.8024   0.2549  13.3473   0.0000   0.0000   0.0000
    4565  -4.4719   0.6648  13.0502   0.0000   0.0000   0.0000
    4566  -4.6976   1.6924  12.8917   0.0000   0.0000   0.0000
    4567  -5.2234   1.3527  12.9193   0.0000   0.0000   0.0000
    4568  -4.7257   1.0366  13.5650   0.0000   0.0000   0.0000
    4569  -5.3282   1.0064  13.3768   0.0000   0.0000   0.0000
    4570  -4.3740   2.0098  13.7648   0.0000   0.0000   0.0000
    4571  -4.5330   1.2767  14.1205   0.0000   0.0000   0.0000
    4572  -4.2105   0.7927  13.6192   0.0000   0.0000   0.0000
    4573  -4.8921   0.9510  13.3141   0.0000   0.0000   0.0000
    4574  -5.2281   1.9900  13.6185   0.0000   0.0000   0.0000
    4575  -5.4511   1.2620  14.2186   0.0000   0.0000   0.0000
    4576  -5.3501   1.1726  14.5911   0.0000   0.0000   0.0000
    4577  -4.6568   1.0080  14.0380   0.0000   0.0000   0.0000
    4578  -4.6942   0.6591  13.4305   0.0000   0.0000   0.0000
    4579  -4.9924  -0.0054  13.9309   0.0000   0.0000   0.0000
    4580  -5.2375   1.9828  13.5554   0.0000   0.0000   0.0000
    4581  -5.2577   1.2013  14.0104   0.0000   0.0000   0.0000
    4582  -5.4638   1.9999  14.0392   0.0000   0.0000   0.0000
    4583  -4.4101   0.8462  14.5709   0.0000   0.0000   0.0000
    4584  -4.3332   0.9474  15.0275   0.0000   0.0000   0.0000
    4585  -4.7146   0.7745  14.3955   0.0000   0.0000   0.0000
    4586  -5.1089   1.0147  15.4425   0.0000   0.0000   0.0000
    4587  -5.1563   0.2682  14.4361   0.0000   0.0000   0.0000
    4588  -5.9826   1.0132  14.4615   0.0000   0.0000   0.0000
    4589  -5.5469   0.7773  13.9297   0.0000   0.0000   0.0000
    4590  -5.4729   0.4560  13.9726   0.0000   0.0000   0.0000
    4591  -5.2862   0.1219  13.6912   0.0000   0.0000   0.0000
    4592  -5.9999  -0.1808  13.7557   0.0000   0.0000   0.0000
    4593  -5.5046  -0.4793  13.2957   0.0000   0.0000   0.0000
    4594  -5.0806  -0.7379  14.5923   0.0000   0.0000   0.0000
    4595  -6.2207  -1.1221  14.3428   0.0000   0.0000   0.0000
    4596  -5.0835  -1.3596  15.0044   0.0000   0.0000   0.0000
    4597  -5.2398  -1.7528  14.9789   0.0000   0.0000   0.0000
    4598  -5.3503  -1.4507  14.3014   0.0000   0.0000   0.0000
    4599  -5.1163  -0.8132  13.7941   0.0000   0.0000   0.0000
    4600  -5.1290  -0.5955  14.9486   0.0000   0.0000   0.0000
    4601  -5.7990   0.0396  14.1753   0.0000   0.0000   0.0000
    4602  -6.2806  -0.7672  13.9258   0.0000   0.0000   0.0000
    4603  -7.0372   0.1790  13.7858   0.0000   0.0000   0.0000
    4604  -6.6593  -0.3152  13.7007   0.0000   0.0000   0.0000
    4605  -6.6494  -0.1230  13.5494   0.0000   0.0000   0.0000
    4606  -6.6684  -0.8340  13.8045   0.0000   0.0000   0.0000
    4607  -6.1193  -1.1502  14.1843   0.0000   0.0000   0.0000
    4608  -6.1004  -0.8343  14.3164   0.0000   0.0000   0.0000
    4609  -5.5885  -0.8485  14.8089   0.0000   0.0000   0.0000
    4610  -6.4179  -0.0922  14.9763   0.0000   0.0000   0.0000
    4611  -5.5325   0.1713  14.3499   0.0000   0.0000   0.0000
    4612  -6.2984  -0.0794  14.0310   0.0000   0.0000   0.0000
    4613  -5.6719  -1.0218  13.8474   0.0000   0.0000   0.0000
    4614  -5.7132  -1.1484  14.6347   0.0000   0.0000   0.0000
    4615  -6.3444  -0.9957  13.6248   0.0000   0.0000   0.0000
    4616  -6.4753   0.2946  13.3131   0.0000   0.0000   0.0000
    4617  -6.0975  -0.2824  13.5588   0.0000   0.0000   0.0000
    4618  -7.1942  -0.4849  13.4623   0.0000   0.0000   0.0000
    4619  -6.0714  -0.5923  13.8635   0.0000   0.0000   0.0000
    4620  -5.7150  -0.6864  13.0210   0.0000   0.0000   0.0000
    4621  -5.4322  -0.4493  13.3211   0.0000   0.0000   0.0000
    4622  -5.7693  -0.2577  14.3903   0.0000   0.0000   0.0000
    4623  -5.4580  -0.3556  14.1564   0.0000   0.0000   0.0000
    4624  -5.7165  -1.2298  13.7220   0.0000   0.0000   0.0000
    4625  -5.2702  -1.2931  13.5009   0.0000   0.0000   0.0000
    4626  -5.2052  -0.6662  13.7705   0.0000   0.0000   0.0000
    4627  -5.6602  -0.5918  13.9926   0.0000   0.0000   0.0000
    4628  -6.0451  -0.6238  13.9954   0.0000   0.0000   0.0000
    4629  -6.4879   0.6912  13.9679   0.0000   0.0000   0.0000
    4630  -5.8120   0.8976  13.3659   0.0000   0.0000   0.0000
    4631  -6.5522   0.8243  13.8516   0.0000   0.0000   0.0000
    4632  -6.0669  -0.1948  13.6320   0.0000   0.0000   0.0000
    4633  -5.9608  -0.0251  13.7653   0.0000   0.0000   0.0000
    4634  -5.4686   1.2427  13.5090   0.0000   0.0000   0.0000
    4635  -5.5605   0.7272  13.1819   0.0000   0.0000   0.0000
    4636  -5.5214   0.1815  13.3588   0.0000   0.0000   0.0000
    4637  -5.9847   0.6117  13.9436   0.0000   0.0000   0.0000
    4638  -5.2090   0.6021  14.0901   0.0000   0.0000   0.0000
    4639  -5.5292   0.2956  14.3623   0.0000   0.0000   0.0000
    4640  -5.6275   0.0986  13.7589   0.0000   0.0000   0.0000
    4641  -6.0270  -0.4218  13.9825   0.0000   0.0000   0.0000
    4642  -5.2931   0.2675  14.0750   0.0000   0.0000   0.0000
    4643  -5.8683   0.5637  13.8759   0.0000   0.0000   0.0000
    4644  -5.5176  -0.3900  13.4541   0.0000   0.0000   0.0000
    4645  -5.5018   0.0872  14.0248   0.0000   0.0000   0.0000
    4646  -5.8595   0.5389  13.1138   0.0000   0.0000   0.0000
    4647  -6.3173   0.4075  13.9440   0.0000   0.0000   0.0000
    4648  -6.7560   0.1781  14.4187   0.0000   0.0000   0.0000
    4649  -6.2930   0.5880  13.8031   0.0000   0.0000   0.0000
    4650  -5.9043   0.2687  14.0584   0.0000   0.0000   0.0000
    4651  -4.9545   0.5738  13.8722   0.0000   0.0000   0.0000
    4652  -5.0610   0.0743  13.2432   0.0000   0.0000   0.0000
    4653  -4.3678  -0.6592  14.5026   0.0000   0.0000   0.0000
    4654  -4.4410   0.3192  14.4754   0.0000   0.0000   0.0000
    4655  -4.1252  -0.0205  14.4963   0.0000   0.0000   0.0000
    4656  -3.8103   0.1936  14.8724   0.0000   0.0000   0.0000
    4657  -3.4871  -0.2504  14.4456   0.0000   0.0000   0.0000
    4658  -4.4655  -0.0625  14.0912   0.0000   0.0000   0.0000
    4659  -4.2595  -1.1393  14.7158   0.0000   0.0000   0.0000
    4660  -5.2103  -0.3209  14.2776   0.0000   0.0000   0.0000
    4661  -5.1976  -0.5495  14.7734   0.0000   0.0000   0.0000
    4662  -5.0339  -0.0896  14.7173   0.0000   0.0000   0.0000
    4663  -5.9708  -0.9671  14.8560   0.0000   0.0000   0.0000
    4664  -3.8204  -0.1799  13.9561   0.0000   0.0000   0.0000
    4665  -5.3439  -0.4881  13.9956   0.0000   0.0000   0.0000
    4666  -4.7398  -0.7039  14.8327   0.0000   0.0000   0.0000
    4667  -4.3117  -0.5648  14.3035   0.0000   0.0000   0.0000
    4668  -4.7404  -0.4701  14.6495   0.0000   0.0000   0.0000
    4669  -4.4895  -0.5315  14.0069   0.0000   0.0000   0.0000
    4670  -5.4427  -0.3754  14.3365   0.0000   0.0000   0.0000
    4671  -5.2769  -0.0867  14.2067   0.0000   0.0000   0.0000
    4672  -5.9372  -0.3588  14.6582   0.0000   0.0000   0.0000
    4673  -5.7123  -0.5253  14.5823   0.0000   0.0000   0.0000
    4674  -6.2747  -0.2912  14.5086   0.0000   0.0000   0.0000
    4675  -5.6489  -0.8741  14.0329   0.0000   0.0000   0.0000
    4676  -5.4644  -1.1799  14.2179   0.0000   0.0000   0.0000
    4677  -5.2836  -0.7664  14.9075   0.0000   0.0000   0.0000
    4678  -5.8592  -1.2084  14.0042   0.0000   0.0000   0.0000
    4679  -5.3936  -0.7186  13.9536   0.0000   0.0000   0.0000
    4680  -5.1322  -0.6667  14.1951   0.0000   0.0000   0.0000
    4681  -4.5362  -0.9352  14.5843   0.0000   0.0000   0.0000
    4682  -4.6666  -0.8772  13.9911   0.0000   0.0000   0.0000
    4683  -4.2211  -1.0882  13.7414   0.0000   0.0000   0.0000
    4684  -5.0718  -0.1543  13.2602   0.0000   0.0000   0.0000
    4685  -5.1797  -0.4876  13.7906   0.0000   0.0000   0.0000
    4686  -5.4339  -1.3745  13.8635   0.0000   0.0000   0.0000
    4687  -4.7042  -0.8880  14.4817   0.0000   0.0000   0.0000
    4688  -4.6980  -0.4444  14.2445   0.0000   0.0000   0.0000
    4689  -5.5497  -0.7784  13.4098   0.0000   0.0000   0.0000
    4690  -4.3072  -0.3302  13.6614   0.0000   0.0000   0.0000
    4691  -4.9894  -0.8455  13.5890   0.0000   0.0000   0.0000
    4692  -4.5765  -1.6403  13.0154   0.0000   0.0000   0.0000
    4693  -4.9403  -0.7564  12.9472   0.0000   0.0000   0.0000
    4694  -4.9189  -1.2653  13.2423   0.0000   0.0000   0.0000
    4695  -4.6164  -1.2093  13.1027   0.0000   0.0000   0.0000
    4696  -3.9968  -0.4598  13.3768   0.0000   0.0000   0.0000
    4697  -4.1060  -1.1320  13.9921   0.0000   0.0000   0.0000
    4698  -4.5059  -1.7621  13.1754   0.0000   0.0000   0.0000
    4699  -4.8601  -0.7083  13.0635   0.0000   0.0000   0.0000
    4700  -4.5248  -2.3884  13.3819   0.0000   0.0000   0.0000
    4701  -4.8009  -0.9535  12.9433   0.0000   0.0000   0.0000
    4702  -3.7469  -1.3589  13.4813   0.0000   0.0000   0.0000
    4703  -4.2206  -0.9906  13.8323   0.0000   0.0000   0.0000
    4704  -4.2926   0.0978  13.5583   0.0000   0.0000   0.0000
    4705  -4.4093  -1.4227  14.0734   0.0000   0.0000   0.0000
    4706  -3.9480  -1.0398  13.3086   0.0000   0.0000   0.0000
    4707  -4.7129  -0.5393  13.2620   0.0000   0.0000   0.0000
    4708  -4.4570  -1.3005  12.6764   0.0000   0.0000   0.0000
    4709  -4.4718  -1.4504  13.6619   0.0000   0.0000   0.0000
    4710  -5.0515  -1.5713  13.0140   0.0000   0.0000   0.0000
    4711  -4.6199  -1.4298  13.0889   0.0000   0.0000   0.0000
    4712  -4.8549  -0.8010  12.6287   0.0000   0.0000   0.0000
    4713  -4.7236  -0.5613  12.7758   0.0000   0.0000   0.0000
    4714  -4.7970  -0.3460  12.2522   0.0000   0.0000   0.0000
    4715  -5.5771  -1.0521  12.0858   0.0000   0.0000   0.0000
    4716  -5.0368  -0.8128  12.8356   0.0000   0.0000   0.0000
    4717  -5.1674  -1.3229  13.4535   0.0000   0.0000   0.0000
    4718  -4.6302  -0.5267  13.1838   0.0000   0.0000   0.0000
    4719  -4.1718  -0.8138  12.9470   0.0000   0.0000   0.0000
    4720  -3.6068  -0.8947  12.9285   0.0000   0.0000   0.0000
    4721  -3.8056  -0.8717  12.8988   0.0000   0.0000   0.0000
    4722  -3.3915  -0.1142  13.7477   0.0000   0.0000   0.0000
    4723  -3.9935  -1.3534  13.0950   0.0000   0.0000   0.0000
    4724  -4.7553  -0.1847  12.2692   0.0000   0.0000   0.0000
    4725  -4.1217  -0.7890  13.0538   0.0000   0.0000   0.0000
    4726  -5.0412  -0.5484  13.2450   0.0000   0.0000   0.0000
    4727  -4.9601  -0.9937  13.2518   0.0000   0.0000   0.0000
    4728  -5.6513  -0.8368  12.7745   0.0000   0.0000   0.0000
    4729  -4.8621  -0.6253  13.2420   0.0000   0.0000   0.0000
    4730  -5.2225  -0.1016  13.4316   0.0000   0.0000   0.0000
    4731  -6.0175   0.0835  12.4245   0.0000   0.0000   0.0000
    4732  -5.0531  -0.4291  11.9063   0.0000   0.0000   0.0000
    4733  -5.7244  -1.0852  12.7538   0.0000   0.0000   0.0000
    4734  -5.6950  -0.9940  12.3657   0.0000   0.0000   0.0000
    4735  -5.4179  -0.2272  12.0192   0.0000   0.0000   0.0000
    4736  -4.8173  -0.4345  12.0321   0.0000   0.0000   0.0000
    4737  -3.7916  -0.8888  12.6813   0.0000   0.0000   0.0000
    4738  -4.4700  -0.2618  12.7171   0.0000   0.0000   0.0000
    4739  -5.4251  -0.8826  12.5975   0.0000   0.0000   0.0000
    4740  -5.8514  -0.7663  12.8737   0.0000   0.0000   0.0000
    4741  -6.1481  -0.9606  12.3467   0.0000   0.0000   0.0000
    4742  -5.0332  -1.0117  12.6941   0.0000   0.0000   0.0000
    4743  -5.3864  -0.8544  12.0241   0.0000   0.0000   0.0000
    4744  -5.7977  -0.1163  12.7038   0.0000   0.0000   0.0000
    4745  -6.5132  -0.5952  12.2745   0.0000   0.0000   0.0000
    4746  -5.8481  -0.9408  12.7022   0.0000   0.0000   0.0000
    4747  -6.7315  -1.0826  12.0660   0.0000   0.0000   0.0000
    4748  -6.3786  -1.2639  12.1489   0.0000   0.0000   0.0000
    4749  -5.9553  -1.2373  12.3126   0.0000   0.0000   0.0000
    4750  -5.3270  -1.1381  12.7177   0.0000   0.0000   0.0000
    4751  -5.7310  -1.2378  13.2164   0.0000   0.0000   0.0000
    4752  -5.8846  -1.3416  13.2232   0.0000   0.0000   0.0000
    4753  -6.1124  -1.0615  13.1060   0.0000   0.0000   0.0000
    4754  -5.5344  -1.0172  12.8838   0.0000   0.0000   0.0000
    4755  -5.9432  -1.4465  12.0479   0.0000   0.0000   0.0000
    4756  -6.1198  -0.9305  12.0233   0.0000   0.0000   0.0000
    4757  -6.1326  -1.2463  12.8554   0.0000   0.0000   0.0000
    4758  -5.7599   0.1047  12.8056   0.0000   0.0000   0.0000
    4759  -5.5909   0.3185  12.7787   0.0000   0.0000   0.0000
    4760  -6.3476  -0.0402  12.2870   0.0000   0.0000   0.0000
    4761  -5.5117  -0.8461  12.4058   0.0000   0.0000   0.0000
    4762  -6.4039  -0.4893  12.5670   0.0000   0.0000   0.0000
    4763  -6.2952  -0.8777  12.1641   0.0000   0.0000   0.0000
    4764  -6.2311  -1.6086  11.6901   0.0000   0.0000   0.0000
    4765  -6.9645  -1.2400  12.8919   0.0000   0.0000   0.0000
    4766  -7.4499  -0.5240  13.6023   0.0000   0.0000   0.0000
    4767  -6.8820   0.1510  13.6449   0.0000   0.0000   0.0000
    4768  -6.5654  -0.5128  14.2657   0.0000   0.0000   0.0000
    4769  -7.0424  -0.5181  14.6979   0.0000   0.0000   0.0000
    4770  -6.3936  -0.7193  14.7891   0.0000   0.0000   0.0000
    4771  -7.8626  -1.2069  14.1821   0.0000   0.0000   0.0000
    4772  -7.7507   0.1053  13.8546   0.0000   0.0000   0.0000
    4773  -7.6397   0.1800  13.8728   0.0000   0.0000   0.0000
    4774  -6.6327   0.2410  13.7537   0.0000   0.0000   0.0000
    4775  -7.3382  -0.3512  13.4052   0.0000   0.0000   0.0000
    4776  -7.4184  -0.6711  14.1070   0.0000   0.0000   0.0000
    4777  -7.7180  -1.6975  13.1117   0.0000   0.0000   0.0000
    4778  -7.7196  -0.5717  13.1623   0.0000   0.0000   0.0000
    4779  -7.7578  -0.5368  13.1537   0.0000   0.0000   0.0000
    4780  -7.6048  -0.5763  13.1326   0.0000   0.0000   0.0000
    4781  -7.5273  -1.1585  13.3081   0.0000   0.0000   0.0000
    4782  -6.8509  -0.3137  13.6532   0.0000   0.0000   0.0000
    4783  -6.7479  -0.1540  14.0862   0.0000   0.0000   0.0000
    4784  -8.1202   0.0314  13.6453   0.0000   0.0000   0.0000
    4785  -7.1769  -0.2115  13.7547   0.0000   0.0000   0.0000
    4786  -6.8417   0.3370  13.6441   0.0000   0.0000   0.0000
    4787  -7.6430  -0.5314  13.7575   0.0000   0.0000   0.0000
    4788  -8.5439   0.0375  13.8503   0.0000   0.0000   0.0000
    4789  -7.5045   0.2181  13.7836   0.0000   0.0000   0.0000
    4790  -7.8404   0.0599  13.4504   0.0000   0.0000   0.0000
    4791  -7.8219  -0.5047  14.0324   0.0000   0.0000   0.0000
    4792  -7.6552   0.0595  13.8853   0.0000   0.0000   0.0000
    4793  -7.3262   0.1752  14.4807   0.0000   0.0000   0.0000
    4794  -7.3134   0.5858  13.6493   0.0000   0.0000   0.0000
    4795  -7.2030  -1.0207  13.5704   0.0000   0.0000   0.0000
    4796  -6.9716  -0.5014  13.3551   0.0000   0.0000   0.0000
    4797  -6.3186   0.4120  13.8811   0.0000   0.0000   0.0000
    4798  -6.9672   0.2432  12.9063   0.0000   0.0000   0.0000
    4799  -6.8448   0.8489  12.8419   0.0000   0.0000   0.0000
    4800  -7.1464  -0.1039  13.3310   0.0000   0.0000   0.0000
    4801  -6.6964   0.5073  13.4640   0.0000   0.0000   0.0000
    4802  -7.0881   0.9506  14.1198   0.0000   0.0000   0.0000
    4803  -6.8070   0.5170  13.8679   0.0000   0.0000   0.0000
    4804  -6.8416  -0.3626  14.2835   0.0000   0.0000   0.0000
    4805  -6.7222  -0.9085  14.6811   0.0000   0.0000   0.0000
    4806  -6.4524  -0.7914  14.2507   0.0000   0.0000   0.0000
    4807  -6.3533   0.5110  13.9245   0.0000   0.0000   0.0000
    4808  -6.3694   0.0218  13.9729   0.0000   0.0000   0.0000
    4809  -6.6138   0.5247  13.5588   0.0000   0.0000   0.0000
    4810  -6.0897   1.6032  13.7011   0.0000   0.0000   0.0000
    4811  -6.6223   1.7821  13.9421   0.0000   0.0000   0.0000
    4812  -6.6865   0.5824  13.6176   0.0000   0.0000   0.0000
    4813  -6.4927   1.1822  14.2651   0.0000   0.0000   0.0000
    4814  -5.6679   1.0091  13.9182   0.0000   0.0000   0.0000
    4815  -6.0760   0.5046  13.8168   0.0000   0.0000   0.0000
    4816  -5.6172  -0.2477  14.3130   0.0000   0.0000   0.0000
    4817  -5.5342   0.0495  14.1968   0.0000   0.0000   0.0000
    4818  -5.5314  -1.0139  14.4861   0.0000   0.0000   0.0000
    4819  -5.8909  -0.7227  14.9246   0.0000   0.0000   0.0000
    4820  -6.3299   0.3108  14.7064   0.0000   0.0000   0.0000
    4821  -5.8896  -0.2203  14.9416   0.0000   0.0000   0.0000
    4822  -5.7029  -0.5549  14.4565   0.0000   0.0000   0.0000
    4823  -6.3936   0.9514  14.7187   0.0000   0.0000   0.0000
    4824  -5.8923   0.3971  14.3039   0.0000   0.0000   0.0000
    4825  -5.9695  -0.2902  15.3850   0.0000   0.0000   0.0000
    4826  -6.3564   0.6048  14.7948   0.0000   0.0000   0.0000
    4827  -6.6006   1.1850  14.2346   0.0000   0.0000   0.0000
    4828  -6.0456   1.7464  14.0113   0.0000   0.0000   0.0000
    4829  -5.7430   1.1820  14.0407   0.0000   0.0000   0.0000
    4830  -5.0766   1.4805  14.1338   0.0000   0.0000   0.0000
    4831  -7.1638   1.5050  13.4876   0.0000   0.0000   0.0000
    4832  -5.3113   0.5145  13.4308   0.0000   0.0000   0.0000
    4833  -6.0441   0.3000  13.4487   0.0000   0.0000   0.0000
    4834  -5.9410   0.0320  12.9433   0.0000   0.0000   0.0000
    4835  -5.9417   0.4699  11.9935   0.0000   0.0000   0.0000
    4836  -5.5394   0.7221  12.8673   0.0000   0.0000   0.0000
    4837  -5.5065   0.6596  12.5244   0.0000   0.0000   0.0000
    4838  -5.4514   0.8998  12.6633   0.0000   0.0000   0.0000
    4839  -5.2282   0.8908  13.2835   0.0000   0.0000   0.0000
    4840  -5.2931  -0.2516  13.7145   0.0000   0.0000   0.0000
    4841  -5.2860   0.8921  13.5976   0.0000   0.0000   0.0000
    4842  -5.2451   0.9004  12.6795   0.0000   0.0000   0.0000
    4843  -5.1345   0.3192  13.3081   0.0000   0.0000   0.0000
    4844  -4.5515  -0.5920  13.3033   0.0000   0.0000   0.0000
    4845  -4.3704  -0.1796  12.6883   0.0000   0.0000   0.0000
    4846  -4.3932  -0.1828  13.0118   0.0000   0.0000   0.0000
    4847  -4.8419  -0.3564  12.8500   0.0000   0.0000   0.0000
    4848  -4.8128  -0.8684  13.0207   0.0000   0.0000   0.0000
    4849  -4.6823  -0.1286  12.2280   0.0000   0.0000   0.0000
    4850  -4.2473   0.1895  13.1749   0.0000   0.0000   0.0000
    4851  -5.0156  -0.6604  12.9018   0.0000   0.0000   0.0000
    4852  -4.9375   0.2578  12.7427   0.0000   0.0000   0.0000
    4853  -5.4177   0.4700  12.8812   0.0000   0.0000   0.0000
    4854  -4.6377   0.3767  12.9641   0.0000   0.0000   0.0000
    4855  -4.5084   1.2434  12.9181   0.0000   0.0000   0.0000
    4856  -4.4989   1.1935  12.5733   0.0000   0.0000   0.0000
    4857  -3.9248   0.6861  13.1407   0.0000   0.0000   0.0000
    4858  -4.8908   0.5963  12.9438   0.0000   0.0000   0.0000
    4859  -4.5200   0.0856  13.0855   0.0000   0.0000   0.0000
    4860  -4.8840   0.1013  12.8684   0.0000   0.0000   0.0000
    4861  -5.2975   0.2553  12.5212   0.0000   0.0000   0.0000
    4862  -4.8129  -0.0998  13.2233   0.0000   0.0000   0.0000
    4863  -5.2324   0.1420  11.9944   0.0000   0.0000   0.0000
    4864  -4.9312   0.3280  12.6799   0.0000   0.0000   0.0000
    4865  -4.8817   0.1724  12.0817   0.0000   0.0000   0.0000
    4866  -4.1850   0.1611  12.7392   0.0000   0.0000   0.0000
    4867  -4.7910   0.4932  12.3620   0.0000   0.0000   0.0000
    4868  -4.3584   0.9043  12.9827   0.0000   0.0000   0.0000
    4869  -4.9895   0.5451  12.6117   0.0000   0.0000   0.0000
    4870  -4.9942  -0.2313  12.9384   0.0000   0.0000   0.0000
    4871  -6.0848   0.1238  12.2786   0.0000   0.0000   0.0000
    4872  -5.9763   0.0001  12.0660   0.0000   0.0000   0.0000
    4873  -5.1756   0.1062  12.0494   0.0000   0.0000   0.0000
    4874  -5.3953   0.2901  11.4200   0.0000   0.0000   0.0000
    4875  -5.2495  -0.1466  12.3397   0.0000   0.0000   0.0000
    4876  -4.6547   0.7306  12.4029   0.0000   0.0000   0.0000
    4877  -4.2104   0.1240  12.0404   0.0000   0.0000   0.0000
    4878  -4.4669   0.8209  12.3933   0.0000   0.0000   0.0000
    4879  -4.7271   0.8607  12.3210   0.0000   0.0000   0.0000
    4880  -4.2145   1.1619  12.2434   0.0000   0.0000   0.0000
    4881  -4.8971   0.3903  11.8470   0.0000   0.0000   0.0000
    4882  -5.0790   1.2112  10.7380   0.0000   0.0000   0.0000
    4883  -4.6598  -0.2203  11.4370   0.0000   0.0000   0.0000
    4884  -5.1085  -0.3009  11.1248   0.0000   0.0000   0.0000
    4885  -4.5056   0.7832  10.8393   0.0000   0.0000   0.0000
    4886  -5.2834   0.8869  11.7704   0.0000   0.0000   0.0000
    4887  -5.4768   1.4528  11.9759   0.0000   0.0000   0.0000
    4888  -5.1517   0.6699  11.9850   0.0000   0.0000   0.0000
    4889  -4.7773   1.3858  11.8602   0.0000   0.0000   0.0000
    4890  -4.1890   1.8026  11.9480   0.0000   0.0000   0.0000
    4891  -5.0971   1.2169  11.3382   0.0000   0.0000   0.0000
    4892  -4.9561   1.0198  11.5222   0.0000   0.0000   0.0000
    4893  -5.2883   1.2746  10.9554   0.0000   0.0000   0.0000
    4894  -5.9836   1.7982   9.9559   0.0000   0.0000   0.0000
    4895  -6.5457   1.3921   9.5428   0.0000   0.0000   0.0000
    4896  -5.3496   1.8981  10.4171   0.0000   0.0000   0.0000
    4897  -5.4284   1.5754  10.1892   0.0000   0.0000   0.0000
    4898  -5.5343   1.2499  10.3063   0.0000   0.0000   0.0000
    4899  -5.0029   1.3222  10.1989   0.0000   0.0000   0.0000
    4900  -4.8245   1.3607  10.2467   0.0000   0.0000   0.0000
    4901  -4.7279   2.2526  10.5075   0.0000   0.0000   0.0000
    4902  -5.5818   1.3206   9.8291   0.0000   0.0000   0.0000
    4903  -4.9270   1.0773  10.1169   0.0000   0.0000   0.0000
    4904  -5.2888   0.8970   9.6948   0.0000   0.0000   0.0000
    4905  -5.0997   1.3748   9.6289   0.0000   0.0000   0.0000
    4906  -4.4098   2.1649   9.4039   0.0000   0.0000   0.0000
    4907  -5.8778   2.1694   9.4007   0.0000   0.0000   0.0000
    4908  -5.0435   2.6514   9.6563   0.0000   0.0000   0.0000
    4909  -5.8439   1.9916   9.5592   0.0000   0.0000   0.0000
    4910  -6.0681   2.6214  10.7603   0.0000   0.0000   0.0000
    4911  -6.1828   2.8851   9.9512   0.0000   0.0000   0.0000
    4912  -5.1879   2.2585   9.5928   0.0000   0.0000   0.0000
    4913  -5.8130   2.4865   9.7175   0.0000   0.0000   0.0000
    4914  -5.9210   2.0189   9.7273   0.0000   0.0000   0.0000
    4915  -5.8964   1.5709   9.4579   0.0000   0.0000   0.0000
    4916  -5.3473   2.1147   9.2817   0.0000   0.0000   0.0000
    4917  -5.6612   1.9661   9.4807   0.0000   0.0000   0.0000
    4918  -5.4492   2.1997   9.2385   0.0000   0.0000   0.0000
    4919  -5.0974   2.3497   9.7962   0.0000   0.0000   0.0000
    4920  -6.0993   2.6133  10.4085   0.0000   0.0000   0.0000
    4921  -6.5252   3.3237   9.9936   0.0000   0.0000   0.0000
    4922  -6.0089   2.8001  10.7347   0.0000   0.0000   0.0000
    4923  -6.2121   2.4882  10.7638   0.0000   0.0000   0.0000
    4924  -5.9928   2.4617  10.4499   0.0000   0.0000   0.0000
    4925  -5.8778   2.7603  10.1389   0.0000   0.0000   0.0000
    4926  -6.4502   2.9511  10.5969   0.0000   0.0000   0.0000
    4927  -6.1806   2.0521  11.3273   0.0000   0.0000   0.0000
    4928  -5.2643   2.8938  10.9561   0.0000   0.0000   0.0000
    4929  -6.0063   2.3681  10.9771   0.0000   0.0000   0.0000
    4930  -6.6129   1.8508  10.9683   0.0000   0.0000   0.0000
    4931  -6.4884   1.6909  10.6410   0.0000   0.0000   0.0000
    4932  -6.4689   2.7549  10.7629   0.0000   0.0000   0.0000
    4933  -6.5571   1.7032  10.8152   0.0000   0.0000   0.0000
    4934  -5.9159   1.9989  10.2528   0.0000   0.0000   0.0000
    4935  -5.9634   2.6716  10.9597   0.0000   0.0000   0.0000
    4936  -6.6822   2.7915  10.4040   0.0000   0.0000   0.0000
    4937  -6.1468   2.6975  10.1929   0.0000   0.0000   0.0000
    4938  -6.5734   2.5517  10.0425   0.0000   0.0000   0.0000
    4939  -6.7998   2.9033   9.3833   0.0000   0.0000   0.0000
    4940  -6.7678   4.0884  10.3914   0.0000   0.0000   0.0000
    4941  -6.8168   3.7867  10.3796   0.0000   0.0000   0.0000
    4942  -6.8105   3.5549  10.8875   0.0000   0.0000   0.0000
    4943  -6.8301   4.1528  10.9695   0.0000   0.0000   0.0000
    4944  -6.8601   3.5517  10.9024   0.0000   0.0000   0.0000
    4945  -7.0003   2.8828  10.6988   0.0000   0.0000   0.0000
    4946  -7.3412   2.4494  10.5979   0.0000   0.0000   0.0000
    4947  -7.1089   2.9834  10.7040   0.0000   0.0000   0.0000
    4948  -6.9331   3.2765  10.8599   0.0000   0.0000   0.0000
    4949  -7.6548   3.2735  10.6993   0.0000   0.0000   0.0000
    4950  -7.1493   2.8848  11.7678   0.0000   0.0000   0.0000
    4951  -6.5373   3.2855  11.1367   0.0000   0.0000   0.0000
    4952  -6.7072   3.6074  11.7912   0.0000   0.0000   0.0000
    4953  -7.0122   1.8975  11.8818   0.0000   0.0000   0.0000
    4954  -6.2247   2.1776  11.6904   0.0000   0.0000   0.0000
    4955  -7.2668   2.6800  12.1408   0.0000   0.0000   0.0000
    4956  -7.0589   2.8789  12.7041   0.0000   0.0000   0.0000
    4957  -6.5737   3.1490  12.5253   0.0000   0.0000   0.0000
    4958  -6.3734   2.9927  12.3123   0.0000   0.0000   0.0000
    4959  -6.7274   3.1499  12.2777   0.0000   0.0000   0.0000
    4960  -6.6943   3.0988  12.0611   0.0000   0.0000   0.0000
    4961  -6.2365   2.8406  12.0240   0.0000   0.0000   0.0000
    4962  -6.1993   3.0336  11.2125   0.0000   0.0000   0.0000
    4963  -6.9958   3.4983  11.2534   0.0000   0.0000   0.0000
    4964  -6.3329   2.3956  12.4074   0.0000   0.0000   0.0000
    4965  -5.3264   2.0363  12.2348   0.0000   0.0000   0.0000
    4966  -6.5984   2.7810  13.1553   0.0000   0.0000   0.0000
    4967  -6.1813   2.3637  12.8829   0.0000   0.0000   0.0000
    4968  -5.8268   2.8333  12.7582   0.0000   0.0000   0.0000
    4969  -7.1595   1.3766  12.8312   0.0000   0.0000   0.0000
    4970  -6.9611   2.7619  12.1174   0.0000   0.0000   0.0000
    4971  -7.0776   1.3375  12.4202   0.0000   0.0000   0.0000
    4972  -5.7534   2.1618  12.8582   0.0000   0.0000   0.0000
    4973  -6.1375   2.2607  13.0202   0.0000   0.0000   0.0000
    4974  -6.6191   2.4930  12.8872   0.0000   0.0000   0.0000
    4975  -6.4019   2.2602  12.5684   0.0000   0.0000   0.0000
    4976  -6.5743   2.2090  12.1528   0.0000   0.0000   0.0000
    4977  -6.2383   1.9830  12.8042   0.0000   0.0000   0.0000
    4978  -6.1414   3.2459  12.8146   0.0000   0.0000   0.0000
    4979  -6.5716   3.1084  12.9445   0.0000   0.0000   0.0000
    4980  -6.0268   3.5744  12.5480   0.0000   0.0000   0.0000
    4981  -6.0986   2.7246  13.1605   0.0000   0.0000   0.0000
    4982  -5.6326   2.3765  13.7983   0.0000   0.0000   0.0000
    4983  -5.2650   3.1382  13.1494   0.0000   0.0000   0.0000
    4984  -5.6772   1.9638  13.0314   0.0000   0.0000   0.0000
    4985  -5.5860   3.2013  12.3649   0.0000   0.0000   0.0000
    4986  -6.1465   1.8385  12.9728   0.0000   0.0000   0.0000
    4987  -6.3765   2.2329  13.3414   0.0000   0.0000   0.0000
    4988  -7.0357   3.0685  12.7235   0.0000   0.0000   0.0000
    4989  -6.5959   3.3372  11.6237   0.0000   0.0000   0.0000
    4990  -6.4270   2.9600  11.6055   0.0000   0.0000   0.0000
    4991  -6.6251   2.8534  11.5747   0.0000   0.0000   0.0000
    4992  -6.4862   2.0370  11.7587   0.0000   0.0000   0.0000
    4993  -6.2398   2.6060  12.6093   0.0000   0.0000   0.0000
    4994  -5.8573   3.1048  12.8987   0.0000   0.0000   0.0000
    4995  -5.8582   3.5983  12.4633   0.0000   0.0000   0.0000
    4996  -5.9723   3.8654  12.3971   0.0000   0.0000   0.0000
    4997  -6.0282   2.9658  12.5871   0.0000   0.0000   0.0000
    4998  -5.7239   2.0287  12.5764   0.0000   0.0000   0.0000
    4999  -5.3605   2.5092  12.5826   0.0000   0.0000   0.0000
    5000  -5.3082   3.3623  12.0227   0.0000   0.0000   0.0000
    5001  -5.1091   3.2562  12.1482   0.0000   0.0000   0.0000
    5002  -5.7893   2.9822  11.7817   0.0000   0.0000   0.0000
    5003  -5.3039   2.6762  12.2605   0.0000   0.0000   0.0000
    5004  -4.9155   3.3788  11.7561   0.0000   0.0000   0.0000
    5005  -5.4115   2.5569  12.4377   0.0000   0.0000   0.0000
    5006  -5.9546   2.9627  12.6119   0.0000   0.0000   0.0000
    5007  -5.5408   2.4770  12.6014   0.0000   0.0000   0.0000
    5008  -6.6104   2.8228  12.9633   0.0000   0.0000   0.0000
    5009  -5.9231   2.1011  12.7264   0.0000   0.0000   0.0000
    5010  -6.2035   2.1453  12.8088   0.0000   0.0000   0.0000
    5011  -4.9916   2.1604  12.8873   0.0000   0.0000   0.0000
    5012  -5.3482   2.6590  12.2283   0.0000   0.0000   0.0000
    5013  -6.0383   2.8656  12.6964   0.0000   0.0000   0.0000
    5014  -6.3545   2.4379  12.4640   0.0000   0.0000   0.0000
    5015  -6.2049   2.4262  12.1938   0.0000   0.0000   0.0000
    5016  -5.7295   1.9407  12.5759   0.0000   0.0000   0.0000
    5017  -5.5872   1.4680  12.8023   0.0000   0.0000   0.0000
    5018  -5.5506   2.0141  12.7555   0.0000   0.0000   0.0000
    5019  -5.3848   1.7500  12.6558   0.0000   0.0000   0.0000
    5020  -5.2420   1.1595  12.4449   0.0000   0.0000   0.0000
    5021  -5.4920   1.0025  12.9388   0.0000   0.0000   0.0000
    5022  -5.2335   2.9063  12.2559   0.0000   0.0000   0.0000
    5023  -4.9056   1.8109  12.4505   0.0000   0.0000   0.0000
    5024  -5.4506   2.4543  13.1489   0.0000   0.0000   0.0000
    5025  -5.3012   2.3719  13.1143   0.0000   0.0000   0.0000
    5026  -4.6571   2.3979  12.6558   0.0000   0.0000   0.0000
    5027  -5.8941   2.3254  13.1139   0.0000   0.0000   0.0000
    5028  -5.3419   2.7891  13.2392   0.0000   0.0000   0.0000
    5029  -5.4830   1.5056  13.3058   0.0000   0.0000   0.0000
    5030  -5.9913   2.1007  13.6860   0.0000   0.0000   0.0000
    5031  -7.1912   1.7609  14.0816   0.0000   0.0000   0.0000
    5032  -6.6028   1.7004  13.6681   0.0000   0.0000   0.0000
    5033  -6.5841   1.4983  14.1064   0.0000   0.0000   0.0000
    5034  -5.6894   2.1470  13.7202   0.0000   0.0000   0.0000
    5035  -5.5472   1.9511  13.7301   0.0000   0.0000   0.0000
    5036  -5.8737   1.6808  13.4942   0.0000   0.0000   0.0000
    5037  -5.9152   1.9417  13.6493   0.0000   0.0000   0.0000
    5038  -5.0121   2.1170  13.9147   0.0000   0.0000   0.0000
    5039  -5.2760   1.5442  13.0200   0.0000   0.0000   0.0000
    5040  -5.3893   2.0365  13.8551   0.0000   0.0000   0.0000
    5041  -5.0667   1.5265  13.1642   0.0000   0.0000   0.0000
    5042  -4.8218   2.1162  13.5828   0.0000   0.0000   0.0000
    5043  -5.3712   1.9495  13.2965   0.0000   0.0000   0.0000
    5044  -5.2849   2.3245  11.9214   0.0000   0.0000   0.0000
    5045  -5.5860   2.0990  12.2317   0.0000   0.0000   0.0000
    5046  -5.7921   2.5290  12.1038   0.0000   0.0000   0.0000
    5047  -5.1052   1.9261  12.1124   0.0000   0.0000   0.0000
    5048  -5.3858   2.2498  12.4309   0.0000   0.0000   0.0000
    5049  -5.0850   2.7325  12.0621   0.0000   0.0000   0.0000
    5050  -4.6723   2.6524  11.9991   0.0000   0.0000   0.0000
    5051  -5.0087   3.4557  12.3097   0.0000   0.0000   0.0000
    5052  -4.3133   2.9217  12.1110   0.0000   0.0000   0.0000
    5053  -4.1731   2.5576  12.2707   0.0000   0.0000   0.0000
    5054  -3.8985   2.8264  12.6386   0.0000   0.0000   0.0000
    5055  -4.6730   2.4588  12.9951   0.0000   0.0000   0.0000
    5056  -5.4088   2.7644  12.9423   0.0000   0.0000   0.0000
    5057  -4.6222   2.7793  12.2931   0.0000   0.0000   0.0000
    5058  -5.3885   2.1182  12.2182   0.0000   0.0000   0.0000
    5059  -5.4959   2.1977  12.7652   0.0000   0.0000   0.0000
    5060  -5.8587   3.3525  13.0149   0.0000   0.0000   0.0000
    5061  -5.7481   2.4829  13.4621   0.0000   0.0000   0.0000
    5062  -6.3915   2.8157  13.1169   0.0000   0.0000   0.0000
    5063  -5.7768   2.8467  12.8949   0.0000   0.0000   0.0000
    5064  -5.5512   2.6406  12.5048   0.0000   0.0000   0.0000
    5065  -4.9864   2.8674  12.6165   0.0000   0.0000   0.0000
    5066  -5.6223   2.9005  12.3635   0.0000   0.0000   0.0000
    5067  -5.1246   2.3861  12.2636   0.0000   0.0000   0.0000
    5068  -5.1136   1.7321  12.7378   0.0000   0.0000   0.0000
    5069  -5.1535   2.5590  12.1459   0.0000   0.0000   0.0000
    5070  -5.5454   1.9230  13.1913   0.0000   0.0000   0.0000
    5071  -4.9810   1.7226  12.8618   0.0000   0.0000   0.0000
    5072  -5.0886   2.0094  13.2876   0.0000   0.0000   0.0000
    5073  -4.3605   1.8530  13.2402   0.0000   0.0000   0.0000
    5074  -4.9750   2.2129  13.2335   0.0000   0.0000   0.0000
    5075  -5.0320   2.0930  12.7547   0.0000   0.0000   0.0000
    5076  -4.6242   2.3618  12.4389   0.0000   0.0000   0.0000
    5077  -5.2749   2.0935  12.0857   0.0000   0.0000   0.0000
    5078  -3.9610   2.5231  11.5311   0.0000   0.0000   0.0000
    5079  -4.0730   2.3502  12.6395   0.0000   0.0000   0.0000
    5080  -3.6194   2.7798  12.6264   0.0000   0.0000   0.0000
    5081  -3.8618   2.4448  12.8694   0.0000   0.0000   0.0000
    5082  -4.2559   2.2000  12.4278   0.0000   0.0000   0.0000
    5083  -4.3145   2.6316  12.3512   0.0000   0.0000   0.0000
    5084  -4.9398   2.5962  12.0374   0.0000   0.0000   0.0000
    5085  -3.7067   2.8983  12.0321   0.0000   0.0000   0.0000
    5086  -3.1239   3.0965  13.1837   0.0000   0.0000   0.0000
    5087  -3.8295   2.8396  12.9895   0.0000   0.0000   0.0000
    5088  -3.2506   3.5385  13.6063   0.0000   0.0000   0.0000
    5089  -4.0081   3.3108  13.0002   0.0000   0.0000   0.0000
    5090  -3.9572   2.6297  12.4578   0.0000   0.0000   0.0000
    5091  -3.5215   2.8327  11.9570   0.0000   0.0000   0.0000
    5092  -3.8151   3.1454  12.2926   0.0000   0.0000   0.0000
    5093  -3.8793   2.9156  12.8079   0.0000   0.0000   0.0000
    5094  -3.8991   2.7959  12.7829   0.0000   0.0000   0.0000
    5095  -4.1001   3.6654  12.7936   0.0000   0.0000   0.0000
    5096  -4.2303   3.6872  12.8022   0.0000   0.0000   0.0000
    5097  -5.1417   3.2045  12.3791   0.0000   0.0000   0.0000
    5098  -3.8577   2.8880  12.5118   0.0000   0.0000   0.0000
    5099  -4.1509   2.1866  12.2196   0.0000   0.0000   0.0000
    5100  -3.9027   2.3056  12.5546   0.0000   0.0000   0.0000
    5101  -4.0080   2.2679  12.0910   0.0000   0.0000   0.0000
    5102  -4.1469   2.5606  12.4904   0.0000   0.0000   0.0000
    5103  -5.1650   2.3595  12.3054   0.0000   0.0000   0.0000
    5104  -4.8444   1.3963  12.1907   0.0000   0.0000   0.0000
    5105  -4.4231   2.0378  13.0140   0.0000   0.0000   0.0000
    5106  -4.0696   1.4198  13.2027   0.0000   0.0000   0.0000
    5107  -4.4800   1.1146  13.1777   0.0000   0.0000   0.0000
    5108  -4.0167   1.1482  12.9337   0.0000   0.0000   0.0000
    5109  -4.8606   0.9138  13.2358   0.0000   0.0000   0.0000
    5110  -4.3457   1.2501  13.6392   0.0000   0.0000   0.0000
    5111  -4.1677   1.2048  13.7919   0.0000   0.0000   0.0000
    5112  -4.3267   2.0365  13.5985   0.0000   0.0000   0.0000
    5113  -4.5235   1.2906  13.6342   0.0000   0.0000   0.0000
    5114  -4.3320   1.9223  14.6165   0.0000   0.0000   0.0000
    5115  -4.3508   1.6046  14.4807   0.0000   0.0000   0.0000
    5116  -4.8200   1.6920  14.2001   0.0000   0.0000   0.0000
    5117  -4.9451   2.3005  14.4459   0.0000   0.0000   0.0000
    5118  -4.5722   1.6343  13.9634   0.0000   0.0000   0.0000
    5119  -4.4004   1.3798  13.9196   0.0000   0.0000   0.0000
    5120  -4.7822   1.3478  13.6109   0.0000   0.0000   0.0000
    5121  -5.2049   2.3481  12.8824   0.0000   0.0000   0.0000
    5122  -3.9552   2.4070  13.6401   0.0000   0.0000   0.0000
    5123  -4.4190   2.0770  13.6573   0.0000   0.0000   0.0000
    5124  -4.7898   2.0454  13.2661   0.0000   0.0000   0.0000
    5125  -4.7392   2.3035  13.2264   0.0000   0.0000   0.0000
    5126  -4.6528   2.4899  13.8580   0.0000   0.0000   0.0000
    5127  -4.7950   2.8885  13.6272   0.0000   0.0000   0.0000
    5128  -3.8524   1.7956  13.5012   0.0000   0.0000   0.0000
    5129  -4.0916   2.7030  13.8096   0.0000   0.0000   0.0000
    5130  -4.5367   2.3691  13.4628   0.0000   0.0000   0.0000
    5131  -3.9044   2.1077  13.7052   0.0000   0.0000   0.0000
    5132  -4.2993   2.1121  14.1039   0.0000   0.0000   0.0000
    5133  -3.8022   1.5998  13.7829   0.0000   0.0000   0.0000
    5134  -3.7397   1.1525  13.0871   0.0000   0.0000   0.0000
    5135  -3.1376   1.8591  13.8199   0.0000   0.0000   0.0000
    5136  -4.0199   1.8744  13.9829   0.0000   0.0000   0.0000
    5137  -5.0163   2.0541  13.0884   0.0000   0.0000   0.0000
    5138  -3.8330   2.7273  13.6940   0.0000   0.0000   0.0000
    5139  -4.1900   1.9226  13.6288   0.0000   0.0000   0.0000
    5140  -4.1215   2.8880  13.8000   0.0000   0.0000   0.0000
    5141  -4.7940   3.0139  13.6294   0.0000   0.0000   0.0000
    5142  -4.3435   3.3989  13.4389   0.0000   0.0000   0.0000
    5143  -3.5346   2.4953  13.8456   0.0000   0.0000   0.0000
    5144  -4.0502   3.6514  13.5343   0.0000   0.0000   0.0000
    5145  -3.8887   3.8209  14.0065   0.0000   0.0000   0.0000
    5146  -4.0301   3.7550  14.3129   0.0000   0.0000   0.0000
    5147  -3.3977   4.0394  14.6638   0.0000   0.0000   0.0000
    5148  -4.1553   3.7351  14.0688   0.0000   0.0000   0.0000
    5149  -3.9320   3.9181  14.2696   0.0000   0.0000   0.0000
    5150  -4.5133   3.3129  13.7427   0.0000   0.0000   0.0000
    5151  -3.6940   3.6676  14.2655   0.0000   0.0000   0.0000
    5152  -2.5615   3.7502  14.4281   0.0000   0.0000   0.0000
    5153  -3.5307   3.6004  14.0244   0.0000   0.0000   0.0000
    5154  -3.4630   3.8558  14.2960   0.0000   0.0000   0.0000
    5155  -2.9503   3.5775  13.5939   0.0000   0.0000   0.0000
    5156  -3.6889   3.8174  14.2696   0.0000   0.0000   0.0000
    5157  -4.3532   2.9187  14.4626   0.0000   0.0000   0.0000
    5158  -4.4774   4.1106  14.2805   0.0000   0.0000   0.0000
    5159  -4.3565   4.4189  13.6404   0.0000   0.0000   0.0000
    5160  -4.2566   4.5078  14.0353   0.0000   0.0000   0.0000
    5161  -2.8989   4.4035  13.6610   0.0000   0.0000   0.0000
    5162  -3.1159   3.9921  14.1493   0.0000   0.0000   0.0000
    5163  -3.3057   2.2373  14.2166   0.0000   0.0000   0.0000
    5164  -2.8557   3.3503  13.5589   0.0000   0.0000   0.0000
    5165  -3.5862   3.3258  14.1766   0.0000   0.0000   0.0000
    5166  -2.7547   1.9006  14.8529   0.0000   0.0000   0.0000
    5167  -2.8752   2.6325  13.6841   0.0000   0.0000   0.0000
    5168  -2.6671   2.1312  13.1471   0.0000   0.0000   0.0000
    5169  -2.2973   2.8704  13.8832   0.0000   0.0000   0.0000
    5170  -2.3785   2.8852  14.2292   0.0000   0.0000   0.0000
    5171  -2.3784   2.6974  14.0697   0.0000   0.0000   0.0000
    5172  -2.2351   2.9638  14.5740   0.0000   0.0000   0.0000
    5173  -2.2945   3.7058  13.8559   0.0000   0.0000   0.0000
    5174  -2.4379   2.2090  13.6764   0.0000   0.0000   0.0000
    5175  -1.6190   1.8980  13.8860   0.0000   0.0000   0.0000
    5176  -2.0539   1.8218  13.7094   0.0000   0.0000   0.0000
    5177  -2.3350   1.6901  14.2198   0.0000   0.0000   0.0000
    5178  -3.4285   1.0559  14.1061   0.0000   0.0000   0.0000
    5179  -2.9009   1.7828  14.2126   0.0000   0.0000   0.0000
    5180  -2.6564   1.1577  14.2123   0.0000   0.0000   0.0000
    5181  -2.7120   1.0796  14.7861   0.0000   0.0000   0.0000
    5182  -2.8458   1.5145  14.4581   0.0000   0.0000   0.0000
    5183  -2.6486   1.1669  14.4862   0.0000   0.0000   0.0000
    5184  -2.6170   1.9172  14.1054   0.0000   0.0000   0.0000
    5185  -3.0400   2.0039  14.4960   0.0000   0.0000   0.0000
    5186  -3.1503   1.9668  14.9185   0.0000   0.0000   0.0000
    5187  -3.4589   2.0286  14.7123   0.0000   0.0000   0.0000
    5188  -3.6174   2.7286  14.7962   0.0000   0.0000   0.0000
    5189  -2.8771   2.3711  14.8992   0.0000   0.0000   0.0000
    5190  -3.8623   1.9542  15.0752   0.0000   0.0000   0.0000
    5191  -3.5884   1.4723  15.5927   0.0000   0.0000   0.0000
    5192  -4.1733   1.5595  15.3929   0.0000   0.0000   0.0000
    5193  -2.3586   1.5811  14.9651   0.0000   0.0000   0.0000
    5194  -3.3841   2.4724  14.4333   0.0000   0.0000   0.0000
    5195  -2.8066   1.5324  14.0518   0.0000   0.0000   0.0000
    5196  -2.4531   2.1099  13.7928   0.0000   0.0000   0.0000
    5197  -2.1562   2.1433  13.7041   0.0000   0.0000   0.0000
    5198  -2.1923   2.1262  14.0314   0.0000   0.0000   0.0000
    5199  -1.7724   1.9181  14.4177   0.0000   0.0000   0.0000
    5200  -2.6878   2.5913  14.1579   0.0000   0.0000   0.0000
    5201  -2.6894   2.5641  14.1572   0.0000   0.0000   0.0000
    5202  -3.3568   2.3882  14.7494   0.0000   0.0000   0.0000
    5203  -2.3244   1.7773  14.6334   0.0000   0.0000   0.0000
    5204  -2.1594   1.9226  14.9318   0.0000   0.0000   0.0000
    5205  -3.5062   3.1203  15.0689   0.0000   0.0000   0.0000
    5206  -2.8047   3.0280  14.9980   0.0000   0.0000   0.0000
    5207  -3.6361   3.1039  15.0913   0.0000   0.0000   0.0000
    5208  -3.1341   3.2698  14.4499   0.0000   0.0000   0.0000
    5209  -3.6067   3.4922  14.5277   0.0000   0.0000   0.0000
    5210  -3.0505   3.5474  15.0344   0.0000   0.0000   0.0000
    5211  -2.3728   3.7014  15.0661   0.0000   0.0000   0.0000
    5212  -1.4979   2.9916  14.3080   0.0000   0.0000   0.0000
    5213  -2.2697   2.2166  14.9590   0.0000   0.0000   0.0000
    5214  -2.4000   2.0319  15.2342   0.0000   0.0000   0.0000
    5215  -2.4252   2.8354  14.6661   0.0000   0.0000   0.0000
    5216  -1.8334   2.8806  14.3697   0.0000   0.0000   0.0000
    5217  -3.0009   2.3496  14.9292   0.0000   0.0000   0.0000
    5218  -1.9481   2.1533  14.2614   0.0000   0.0000   0.0000
    5219  -1.7465   3.2476  14.7679   0.0000   0.0000   0.0000
    5220  -2.3030   2.3648  14.9598   0.0000   0.0000   0.0000
    5221  -2.7192   2.9642  15.2855   0.0000   0.0000   0.0000
    5222  -2.0090   2.3863  15.4613   0.0000   0.0000   0.0000
    5223  -2.2171   2.7856  14.7833   0.0000   0.0000   0.0000
    5224  -1.4814   3.0550  14.6117   0.0000   0.0000   0.0000
    5225  -2.8884   3.0072  15.0453   0.0000   0.0000   0.0000
    5226  -2.9807   2.6295  14.3329   0.0000   0.0000   0.0000
    5227  -3.1011   2.4046  14.4047   0.0000   0.0000   0.0000
    5228  -3.1100   2.4637  14.8183   0.0000   0.0000   0.0000
    5229  -2.5229   3.0178  14.1899   0.0000   0.0000   0.0000
    5230  -3.0262   3.6270  14.3842   0.0000   0.0000   0.0000
    5231  -3.5881   3.3392  14.5859   0.0000   0.0000   0.0000
    5232  -2.2312   2.9196  14.5696   0.0000   0.0000   0.0000
    5233  -2.3783   2.9672  14.4704   0.0000   0.0000   0.0000
    5234  -3.2661   2.7641  14.1924   0.0000   0.0000   0.0000
    5235  -3.2057   2.6636  14.2444   0.0000   0.0000   0.0000
    5236  -2.2181   2.4926  14.4110   0.0000   0.0000   0.0000
    5237  -2.2428   2.7366  14.2688   0.0000   0.0000   0.0000
    5238  -1.6534   2.9978  15.8948   0.0000   0.0000   0.0000
    5239  -1.9692   3.4557  15.2861   0.0000   0.0000   0.0000
    5240  -1.9231   3.1055  15.4446   0.0000   0.0000   0.0000
    5241  -2.7266   2.6336  15.2634   0.0000   0.0000   0.0000
    5242  -2.1144   2.7033  14.2403   0.0000   0.0000   0.0000
    5243  -3.4242   2.8221  13.8013   0.0000   0.0000   0.0000
    5244  -3.4171   3.0521  13.9339   0.0000   0.0000   0.0000
    5245  -2.5589   3.2439  14.1252   0.0000   0.0000   0.0000
    5246  -3.0804   2.7605  13.9666   0.0000   0.0000   0.0000
    5247  -2.6594   2.4529  13.7065   0.0000   0.0000   0.0000
    5248  -3.4795   2.2104  14.0679   0.0000   0.0000   0.0000
    5249  -3.5202   2.8428  13.7925   0.0000   0.0000   0.0000
    5250  -3.2434   2.3928  13.9972   0.0000   0.0000   0.0000
    5251  -1.8268   2.2198  14.8335   0.0000   0.0000   0.0000
    5252  -1.7574   2.0216  14.2776   0.0000   0.0000   0.0000
    5253  -2.0245   2.3611  14.7029   0.0000   0.0000   0.0000
    5254  -1.2972   1.3999  14.8849   0.0000   0.0000   0.0000
    5255  -2.6693   2.8976  14.3374   0.0000   0.0000   0.0000
    5256  -2.7903   2.0068  14.0015   0.0000   0.0000   0.0000
    5257  -1.7443   2.2518  14.4545   0.0000   0.0000   0.0000
    5258  -2.6628   1.8583  14.7372   0.0000   0.0000   0.0000
    5259  -2.8570   1.6293  14.4052   0.0000   0.0000   0.0000
    5260  -2.6795   2.1645  15.1931   0.0000   0.0000   0.0000
    5261  -3.1256   2.0644  14.8104   0.0000   0.0000   0.0000
    5262  -2.7121   1.8339  15.0652   0.0000   0.0000   0.0000
    5263  -2.8686   1.2847  14.1178   0.0000   0.0000   0.0000
    5264  -2.6242   2.3290  14.1146   0.0000   0.0000   0.0000
    5265  -2.1577   1.8759  13.7428   0.0000   0.0000   0.0000
    5266  -2.3081   1.5506  13.8578   0.0000   0.0000   0.0000
    5267  -2.2019   1.0791  13.8400   0.0000   0.0000   0.0000
    5268  -2.5083   1.0571  14.8887   0.0000   0.0000   0.0000
    5269  -2.1092   1.1998  14.5738   0.0000   0.0000   0.0000
    5270  -2.1362   1.2897  13.8781   0.0000   0.0000   0.0000
    5271  -1.8931   1.8059  14.0750   0.0000   0.0000   0.0000
    5272  -1.8498   1.8544  13.1868   0.0000   0.0000   0.0000
    5273  -2.2291   1.6678  14.2316   0.0000   0.0000   0.0000
    5274  -2.3977   1.8580  13.9476   0.0000   0.0000   0.0000
    5275  -1.8408   1.7829  14.2994   0.0000   0.0000   0.0000
    5276  -1.7595   1.1774  13.4891   0.0000   0.0000   0.0000
    5277  -1.9015   1.8752  12.8471   0.0000   0.0000   0.0000
    5278  -2.9585   1.7864  12.5474   0.0000   0.0000   0.0000
    5279  -2.5013   2.5101  12.7804   0.0000   0.0000   0.0000
    5280  -2.0425   1.7436  12.5238   0.0000   0.0000   0.0000
    5281  -2.6437   1.5078  12.4341   0.0000   0.0000   0.0000
    5282  -2.5355   1.4420  13.8339   0.0000   0.0000   0.0000
    5283  -2.5354   1.6053  13.6669   0.0000   0.0000   0.0000
    5284  -3.2455   1.7171  13.9718   0.0000   0.0000   0.0000
    5285  -2.4242   1.9517  13.4412   0.0000   0.0000   0.0000
    5286  -1.5870   1.8432  13.4759   0.0000   0.0000   0.0000
    5287  -2.2215   1.5905  13.3225   0.0000   0.0000   0.0000
    5288  -3.1757   0.7741  13.0395   0.0000   0.0000   0.0000
    5289  -2.6897   1.1533  13.7608   0.0000   0.0000   0.0000
    5290  -2.4958   1.0967  13.2815   0.0000   0.0000   0.0000
    5291  -2.5310   1.7530  13.7695   0.0000   0.0000   0.0000
    5292  -2.7028   1.3436  13.5679   0.0000   0.0000   0.0000
    5293  -2.6335   1.7651  13.6502   0.0000   0.0000   0.0000
    5294  -1.6963   1.4152  14.1900   0.0000   0.0000   0.0000
    5295  -3.3618   1.8778  13.7454   0.0000   0.0000   0.0000
    5296  -2.4093   0.6423  13.5085   0.0000   0.0000   0.0000
    5297  -2.3431   1.2826  14.1915   0.0000   0.0000   0.0000
    5298  -2.0983   1.6362  13.5703   0.0000   0.0000   0.0000
    5299  -3.2257   1.6896  12.9892   0.0000   0.0000   0.0000
    5300  -2.3196   1.4162  13.3971   0.0000   0.0000   0.0000
    5301  -2.0255   1.4949  13.2401   0.0000   0.0000   0.0000
    5302  -1.8332   1.2873  13.2973   0.0000   0.0000   0.0000
    5303  -2.2924   1.6365  12.3619   0.0000   0.0000   0.0000
    5304  -1.3041   0.1252  13.8654   0.0000   0.0000   0.0000
    5305  -2.5330   0.3287  12.9406   0.0000   0.0000   0.0000
    5306  -2.6723   0.8372  12.2909   0.0000   0.0000   0.0000
    5307  -2.1432   0.6213  12.7705   0.0000   0.0000   0.0000
    5308  -1.6746   0.3546  12.2197   0.0000   0.0000   0.0000
    5309  -2.2490   0.8117  12.5904   0.0000   0.0000   0.0000
    5310  -2.7168   0.4982  12.1578   0.0000   0.0000   0.0000
    5311  -2.7755   0.3337  12.6873   0.0000   0.0000   0.0000
    5312  -2.9162  -0.0471  13.4517   0.0000   0.0000   0.0000
    5313  -2.1908  -0.4477  13.7324   0.0000   0.0000   0.0000
    5314  -3.1136  -0.8459  13.6424   0.0000   0.0000   0.0000
    5315  -3.7822   0.2122  13.4416   0.0000   0.0000   0.0000
    5316  -3.2003   0.5071  13.4093   0.0000   0.0000   0.0000
    5317  -3.0909   0.5085  13.4960   0.0000   0.0000   0.0000
    5318  -3.3281   1.3553  14.2398   0.0000   0.0000   0.0000
    5319  -4.1501   1.5169  13.8387   0.0000   0.0000   0.0000
    5320  -3.0886   0.8644  14.3094   0.0000   0.0000   0.0000
    5321  -2.8276   1.4923  14.3002   0.0000   0.0000   0.0000
    5322  -2.9449   1.1584  13.8064   0.0000   0.0000   0.0000
    5323  -3.3023   1.0162  14.8548   0.0000   0.0000   0.0000
    5324  -2.3815   0.9979  14.1822   0.0000   0.0000   0.0000
    5325  -3.0658   1.5793  14.0202   0.0000   0.0000   0.0000
    5326  -2.7050   1.3156  14.4816   0.0000   0.0000   0.0000
    5327  -3.4276   0.8544  14.1768   0.0000   0.0000   0.0000
    5328  -3.0115   1.1857  14.1251   0.0000   0.0000   0.0000
    5329  -2.5797   1.0229  14.3546   0.0000   0.0000   0.0000
    5330  -3.4911   2.0628  14.8514   0.0000   0.0000   0.0000
    5331  -2.6929   1.2227  14.8806   0.0000   0.0000   0.0000
    5332  -2.4266   1.2260  15.3849   0.0000   0.0000   0.0000
    5333  -1.9255   0.7180  15.2440   0.0000   0.0000   0.0000
    5334  -1.9519   1.4160  15.4003   0.0000   0.0000   0.0000
    5335  -1.8640   1.1535  14.8070   0.0000   0.0000   0.0000
    5336  -2.0334   0.9054  14.4611   0.0000   0.0000   0.0000
    5337  -1.9609   0.8873  14.4658   0.0000   0.0000   0.0000
    5338  -2.1153   0.7392  14.2044   0.0000   0.0000   0.0000
    5339  -2.1561   0.5310  14.7389   0.0000   0.0000   0.0000
    5340  -2.4718   1.0116  14.5838   0.0000   0.0000   0.0000
    5341  -2.2378   1.5723  15.2319   0.0000   0.0000   0.0000
    5342  -2.6230   0.4872  15.2748   0.0000   0.0000   0.0000
    5343  -2.2297   1.6338  15.0123   0.0000   0.0000   0.0000
    5344  -2.2748   1.6274  16.1066   0.0000   0.0000   0.0000
    5345  -1.4020   0.5709  15.9735   0.0000   0.0000   0.0000
    5346  -2.2983   0.5278  16.0471   0.0000   0.0000   0.0000
    5347  -2.1183   0.5736  15.4360   0.0000   0.0000   0.0000
    5348  -1.6030   0.6811  15.9239   0.0000   0.0000   0.0000
    5349  -1.7921   1.0007  15.9713   0.0000   0.0000   0.0000
    5350  -2.3060   0.5786  15.5973   0.0000   0.0000   0.0000
    5351  -2.0400   0.0858  14.8828   0.0000   0.0000   0.0000
    5352  -2.2650   0.2319  14.6526   0.0000   0.0000   0.0000
    5353  -2.4357  -0.0161  15.3124   0.0000   0.0000   0.0000
    5354  -2.1226   0.1302  15.1308   0.0000   0.0000   0.0000
    5355  -2.4748  -0.0147  15.4577   0.0000   0.0000   0.0000
    5356  -1.3016   0.1382  15.3178   0.0000   0.0000   0.0000
    5357  -1.5007   0.0662  16.3675   0.0000   0.0000   0.0000
    5358  -1.8389  -0.3099  15.6887   0.0000   0.0000   0.0000
    5359  -1.9797   0.8999  16.3706   0.0000   0.0000   0.0000
    5360  -2.3445   0.8887  15.7873   0.0000   0.0000   0.0000
    5361  -2.4816   0.5535  15.9917   0.0000   0.0000   0.0000
    5362  -2.0932  -0.0911  15.9924   0.0000   0.0000   0.0000
    5363  -1.8015   0.6232  14.9545   0.0000   0.0000   0.0000
    5364  -2.3504   0.9126  15.9154   0.0000   0.0000   0.0000
    5365  -2.2915   2.1584  15.6696   0.0000   0.0000   0.0000
    5366  -2.8197   1.0038  15.9117   0.0000   0.0000   0.0000
    5367  -2.7806   1.7383  15.0243   0.0000   0.0000   0.0000
    5368  -2.0588   2.0942  14.9835   0.0000   0.0000   0.0000
    5369  -2.6808   1.2948  14.9698   0.0000   0.0000   0.0000
    5370  -2.4911   1.6120  15.0754   0.0000   0.0000   0.0000
    5371  -2.0792   2.5436  14.9119   0.0000   0.0000   0.0000
    5372  -2.5802   1.6212  15.3221   0.0000   0.0000   0.0000
    5373  -2.6238   1.0649  15.1522   0.0000   0.0000   0.0000
    5374  -2.2965   1.3442  15.1093   0.0000   0.0000   0.0000
    5375  -1.8756   1.1823  14.6984   0.0000   0.0000   0.0000
    5376  -2.4997   1.4134  15.2619   0.0000   0.0000   0.0000
    5377  -2.2598   0.9047  15.6094   0.0000   0.0000   0.0000
    5378  -2.3656   1.6999  15.6647   0.0000   0.0000   0.0000
    5379  -2.2333   2.2252  15.5677   0.0000   0.0000   0.0000
    5380  -2.0634   1.2122  14.8530   0.0000   0.0000   0.0000
    5381  -2.3831   0.6025  14.6835   0.0000   0.0000   0.0000
    5382  -3.1963   0.9359  14.5466   0.0000   0.0000   0.0000
    5383  -3.4616   1.0370  14.0604   0.0000   0.0000   0.0000
    5384  -2.7948   0.9893  14.2168   0.0000   0.0000   0.0000
    5385  -3.2386   0.3179  14.7812   0.0000   0.0000   0.0000
    5386  -3.8960  -0.0501  14.9448   0.0000   0.0000   0.0000
    5387  -4.4254   0.1215  13.7355   0.0000   0.0000   0.0000
    5388  -2.3345   1.1328  14.2883   0.0000   0.0000   0.0000
    5389  -2.4946   0.9757  14.5862   0.0000   0.0000   0.0000
    5390  -2.6448   1.5984  14.2048   0.0000   0.0000   0.0000
    5391  -1.8418   1.6072  14.3749   0.0000   0.0000   0.0000
    5392  -2.8746   1.3752  13.9864   0.0000   0.0000   0.0000
    5393  -2.8908   1.1508  14.2869   0.0000   0.0000   0.0000
    5394  -2.4126   0.7263  13.8132   0.0000   0.0000   0.0000
    5395  -2.5563   1.9109  13.7287   0.0000   0.0000   0.0000
    5396  -2.8828   0.5559  14.0563   0.0000   0.0000   0.0000
    5397  -2.9364   1.0074  14.1289   0.0000   0.0000   0.0000
    5398  -2.4805   1.5421  13.6228   0.0000   0.0000   0.0000
    5399  -2.9202   1.1431  12.8722   0.0000   0.0000   0.0000
    5400  -2.8173   1.2749  12.9000   0.0000   0.0000   0.0000
    5401  -2.5804   1.3487  13.5442   0.0000   0.0000   0.0000
    5402  -3.4804   0.3405  13.0677   0.0000   0.0000   0.0000
    5403  -3.0896   1.3886  13.6134   0.0000   0.0000   0.0000
    5404  -3.0723   0.7406  14.2005   0.0000   0.0000   0.0000
    5405  -3.7439   0.8003  13.9723   0.0000   0.0000   0.0000
    5406  -3.3642   0.3056  14.3739   0.0000   0.0000   0.0000
    5407  -3.8834   0.6498  13.5576   0.0000   0.0000   0.0000
    5408  -2.8587   0.6706  14.0835   0.0000   0.0000   0.0000
    5409  -3.9076   0.1413  13.9885   0.0000   0.0000   0.0000
    5410  -3.6554   0.8313  14.1156   0.0000   0.0000   0.0000
    5411  -4.5077   0.9262  14.6181   0.0000   0.0000   0.0000
    5412  -3.8018   0.8172  13.5104   0.0000   0.0000   0.0000
    5413  -3.5493   0.3985  13.3836   0.0000   0.0000   0.0000
    5414  -3.3138  -0.5976  13.3565   0.0000   0.0000   0.0000
    5415  -2.9688   0.0567  13.1727   0.0000   0.0000   0.0000
    5416  -3.0723   0.2811  13.7891   0.0000   0.0000   0.0000
    5417  -3.0426  -0.7769  13.7302   0.0000   0.0000   0.0000
    5418  -3.8557  -1.0419  14.1728   0.0000   0.0000   0.0000
    5419  -3.5353  -1.5514  13.2757   0.0000   0.0000   0.0000
    5420  -2.7284  -1.2063  13.4064   0.0000   0.0000   0.0000
    5421  -2.3969  -0.7955  13.6819   0.0000   0.0000   0.0000
    5422  -2.4289  -0.7477  14.3972   0.0000   0.0000   0.0000
    5423  -3.7153   0.1026  14.3173   0.0000   0.0000   0.0000
    5424  -2.1679  -0.3549  14.1465   0.0000   0.0000   0.0000
    5425  -2.2409  -0.3933  14.3051   0.0000   0.0000   0.0000
    5426  -2.9461  -0.2658  13.9266   0.0000   0.0000   0.0000
    5427  -3.0143  -0.1288  14.2763   0.0000   0.0000   0.0000
    5428  -3.0096  -0.3303  14.3305   0.0000   0.0000   0.0000
    5429  -3.0919  -0.1697  13.7584   0.0000   0.0000   0.0000
    5430  -3.0680   0.2489  14.5578   0.0000   0.0000   0.0000
    5431  -3.2282  -0.8851  14.4611   0.0000   0.0000   0.0000
    5432  -2.7718  -1.7121  14.5115   0.0000   0.0000   0.0000
    5433  -2.7833  -0.5403  14.4326   0.0000   0.0000   0.0000
    5434  -2.5986  -0.9294  14.4303   0.0000   0.0000   0.0000
    5435  -3.3548  -1.4693  13.5267   0.0000   0.0000   0.0000
    5436  -4.1900  -1.2585  13.2284   0.0000   0.0000   0.0000
    5437  -3.3295  -1.7869  13.4314   0.0000   0.0000   0.0000
    5438  -4.0145  -2.0457  13.1881   0.0000   0.0000   0.0000
    5439  -4.1322  -1.7730  12.5315   0.0000   0.0000   0.0000
    5440  -4.1260  -1.7234  13.0994   0.0000   0.0000   0.0000
    5441  -3.7373  -0.7908  12.9448   0.0000   0.0000   0.0000
    5442  -3.4671  -0.6915  13.2005   0.0000   0.0000   0.0000
    5443  -3.9391  -0.9331  13.0439   0.0000   0.0000   0.0000
    5444  -4.2219  -1.4452  13.5148   0.0000   0.0000   0.0000
    5445  -4.6196  -1.3902  12.6122   0.0000   0.0000   0.0000
    5446  -5.1821  -0.2336  13.4494   0.0000   0.0000   0.0000
    5447  -4.2493  -1.5748  13.5479   0.0000   0.0000   0.0000
    5448  -4.7972  -0.8004  13.0139   0.0000   0.0000   0.0000
    5449  -4.3211  -0.9419  12.0636   0.0000   0.0000   0.0000
    5450  -4.3962  -0.6250  12.6772   0.0000   0.0000   0.0000
    5451  -4.8331  -1.3122  12.6455   0.0000   0.0000   0.0000
    5452  -4.0484  -1.1830  14.1196   0.0000   0.0000   0.0000
    5453  -3.7386  -0.4616  13.7331   0.0000   0.0000   0.0000
    5454  -4.8733  -1.4185  12.8369   0.0000   0.0000   0.0000
    5455  -4.6370  -0.3351  13.3479   0.0000   0.0000   0.0000
    5456  -4.6457  -0.9815  14.3556   0.0000   0.0000   0.0000
    5457  -4.0667  -1.2483  14.2865   0.0000   0.0000   0.0000
    5458  -4.8816  -0.9788  14.1801   0.0000   0.0000   0.0000
    5459  -3.9110  -0.4402  14.4715   0.0000   0.0000   0.0000
    5460  -4.3127  -0.5862  14.7446   0.0000   0.0000   0.0000
    5461  -3.9357  -0.2142  14.6670   0.0000   0.0000   0.0000
    5462  -3.8668  -0.8534  15.1666   0.0000   0.0000   0.0000
    5463  -3.4711  -0.5485  15.3277   0.0000   0.0000   0.0000
    5464  -3.3759  -0.6398  15.8094   0.0000   0.0000   0.0000
    5465  -4.3616  -0.2950  15.5677   0.0000   0.0000   0.0000
    5466  -3.5229  -0.9189  14.9379   0.0000   0.0000   0.0000
    5467  -4.1034  -1.0393  14.3378   0.0000   0.0000   0.0000
    5468  -3.9764  -1.0423  14.4394   0.0000   0.0000   0.0000
    5469  -3.8902  -1.0438  14.5634   0.0000   0.0000   0.0000
    5470  -5.3476   0.1546  14.7137   0.0000   0.0000   0.0000
    5471  -3.3429  -0.5781  14.6400   0.0000   0.0000   0.0000
    5472  -4.5046   0.0732  14.3567   0.0000   0.0000   0.0000
    5473  -3.7746   0.3070  14.2968   0.0000   0.0000   0.0000
    5474  -5.4351   0.9596  14.3769   0.0000   0.0000   0.0000
    5475  -4.9756   0.7542  14.2377   0.0000   0.0000   0.0000
    5476  -5.3359   0.1660  14.9714   0.0000   0.0000   0.0000
    5477  -5.3334   0.1168  14.5541   0.0000   0.0000   0.0000
    5478  -4.9978  -0.2256  14.4789   0.0000   0.0000   0.0000
    5479  -4.4755  -0.5124  14.5710   0.0000   0.0000   0.0000
    5480  -4.6593   0.4531  14.9335   0.0000   0.0000   0.0000
    5481  -4.8062  -0.2715  15.0038   0.0000   0.0000   0.0000
    5482  -5.0390   1.0035  14.2979   0.0000   0.0000   0.0000
    5483  -5.4664   0.0285  15.1541   0.0000   0.0000   0.0000
    5484  -4.5512  -0.2230  14.7241   0.0000   0.0000   0.0000
    5485  -4.0352   0.6696  14.7191   0.0000   0.0000   0.0000
    5486  -4.6490   0.6361  14.4475   0.0000   0.0000   0.0000
    5487  -4.8919  -0.0148  15.0875   0.0000   0.0000   0.0000
    5488  -4.5294  -0.8888  14.9428   0.0000   0.0000   0.0000
    5489  -4.7405   0.2598  15.3072   0.0000   0.0000   0.0000
    5490  -4.8512   1.5891  14.8726   0.0000   0.0000   0.0000
    5491  -5.1730   0.5910  15.6794   0.0000   0.0000   0.0000
    5492  -3.9295   0.8273  15.2996   0.0000   0.0000   0.0000
    5493  -4.4257   0.6883  14.9278   0.0000   0.0000   0.0000
    5494  -4.9439   0.1722  15.5135   0.0000   0.0000   0.0000
    5495  -5.0638   0.4107  15.0598   0.0000   0.0000   0.0000
    5496  -4.6781   0.4603  15.0523   0.0000   0.0000   0.0000
    5497  -5.3203   0.7017  14.5801   0.0000   0.0000   0.0000
    5498  -5.0277   0.1057  14.9216   0.0000   0.0000   0.0000
    5499  -4.7792  -0.1921  15.5330   0.0000   0.0000   0.0000
    5500  -5.0798   0.4535  15.2043   0.0000   0.0000   0.0000
    5501  -4.9356   0.1162  16.0464   0.0000   0.0000   0.0000
    5502  -4.7599  -0.1494  16.7509   0.0000   0.0000   0.0000
    5503  -3.9014   0.1240  16.8325   0.0000   0.0000   0.0000
    5504  -4.9958   0.5017  16.8139   0.0000   0.0000   0.0000
    5505  -4.2367   0.6153  16.2249   0.0000   0.0000   0.0000
    5506  -4.6045   0.6124  17.0446   0.0000   0.0000   0.0000
    5507  -4.9753   0.8237  16.3083   0.0000   0.0000   0.0000
    5508  -4.8433   0.5964  15.8163   0.0000   0.0000   0.0000
    5509  -3.7559   0.6501  15.1268   0.0000   0.0000   0.0000
    5510  -4.5063   0.6803  15.3556   0.0000   0.0000   0.0000
    5511  -4.5856  -0.4791  15.7687   0.0000   0.0000   0.0000
    5512  -3.5738  -0.0014  16.2100   0.0000   0.0000   0.0000
    5513  -3.7756  -0.0608  15.7106   0.0000   0.0000   0.0000
    5514  -3.1510  -0.2961  16.5698   0.0000   0.0000   0.0000
    5515  -4.0225  -0.0176  15.9306   0.0000   0.0000   0.0000
    5516  -3.9866   0.5585  16.1464   0.0000   0.0000   0.0000
    5517  -4.3930   0.2067  14.5282   0.0000   0.0000   0.0000
    5518  -3.9361   0.7662  14.6089   0.0000   0.0000   0.0000
    5519  -4.2938   1.3848  14.6763   0.0000   0.0000   0.0000
    5520  -4.3693   0.4315  15.0583   0.0000   0.0000   0.0000
    5521  -4.3212   0.5550  15.7777   0.0000   0.0000   0.0000
    5522  -4.8272  -0.2481  16.3843   0.0000   0.0000   0.0000
    5523  -4.0752  -0.0358  15.3597   0.0000   0.0000   0.0000
    5524  -5.4604  -0.1693  16.0222   0.0000   0.0000   0.0000
    5525  -4.7621  -1.1218  15.5923   0.0000   0.0000   0.0000
    5526  -4.6337  -0.9844  16.4466   0.0000   0.0000   0.0000
    5527  -4.7477  -1.1306  16.6202   0.0000   0.0000   0.0000
    5528  -4.6584  -1.2639  16.0024   0.0000   0.0000   0.0000
    5529  -4.7630  -0.9721  15.5167   0.0000   0.0000   0.0000
    5530  -4.5723  -0.9315  16.4620   0.0000   0.0000   0.0000
    5531  -4.7716  -0.3233  15.8159   0.0000   0.0000   0.0000
    5532  -4.2026  -1.2233  15.7359   0.0000   0.0000   0.0000
    5533  -4.5120  -0.7758  15.9740   0.0000   0.0000   0.0000
    5534  -4.3583  -0.9829  15.7056   0.0000   0.0000   0.0000
    5535  -5.1437  -0.9254  15.5016   0.0000   0.0000   0.0000
    5536  -6.0085  -1.0828  15.6339   0.0000   0.0000   0.0000
    5537  -4.3434  -0.2515  16.2025   0.0000   0.0000   0.0000
    5538  -5.1870   0.6962  15.9486   0.0000   0.0000   0.0000
    5539  -5.5239  -0.3093  16.1739   0.0000   0.0000   0.0000
    5540  -5.5440   0.0780  17.0689   0.0000   0.0000   0.0000
    5541  -5.3578   0.1731  15.8155   0.0000   0.0000   0.0000
    5542  -5.3961   1.0352  16.1115   0.0000   0.0000   0.0000
    5543  -4.2770   1.2008  15.6785   0.0000   0.0000   0.0000
    5544  -4.6484  -0.3433  15.5697   0.0000   0.0000   0.0000
    5545  -4.4684   0.7532  14.6910   0.0000   0.0000   0.0000
    5546  -4.1710   0.4312  14.8080   0.0000   0.0000   0.0000
    5547  -4.4595   0.7056  14.4097   0.0000   0.0000   0.0000
    5548  -4.5428   0.9020  14.4643   0.0000   0.0000   0.0000
    5549  -4.3919   1.0498  14.5071   0.0000   0.0000   0.0000
    5550  -3.6384   0.8694  14.9211   0.0000   0.0000   0.0000
    5551  -4.2049   1.2318  14.2954   0.0000   0.0000   0.0000
    5552  -4.6969   1.2728  16.1950   0.0000   0.0000   0.0000
    5553  -4.3686   1.3193  15.8444   0.0000   0.0000   0.0000
    5554  -3.3260   1.1582  15.6737   0.0000   0.0000   0.0000
    5555  -3.3105   0.1724  15.6902   0.0000   0.0000   0.0000
    5556  -3.6210   0.1814  15.9752   0.0000   0.0000   0.0000
    5557  -3.6717   0.9198  15.7166   0.0000   0.0000   0.0000
    5558  -3.6616   1.0759  15.1333   0.0000   0.0000   0.0000
    5559  -2.8756   0.0934  16.2193   0.0000   0.0000   0.0000
    5560  -3.9043   1.4241  15.3672   0.0000   0.0000   0.0000
    5561  -4.8657   1.0249  14.7175   0.0000   0.0000   0.0000
    5562  -4.2559   0.7241  15.7920   0.0000   0.0000   0.0000
    5563  -4.1465   0.5062  15.4510   0.0000   0.0000   0.0000
    5564  -4.4163   0.5933  15.2031   0.0000   0.0000   0.0000
    5565  -3.8302   0.3935  15.9441   0.0000   0.0000   0.0000
    5566  -3.3657   0.9070  15.8051   0.0000   0.0000   0.0000
    5567  -3.6584   0.4201  16.3428   0.0000   0.0000   0.0000
    5568  -3.5307   0.5851  16.6559   0.0000   0.0000   0.0000
    5569  -3.4280   1.4411  16.4709   0.0000   0.0000   0.0000
    5570  -3.8809   0.9482  16.3696   0.0000   0.0000   0.0000
    5571  -3.9954   1.0721  15.6955   0.0000   0.0000   0.0000
    5572  -4.0761   2.5543  15.6889   0.0000   0.0000   0.0000
    5573  -5.4537   1.4043  16.2421   0.0000   0.0000   0.0000
    5574  -4.7104   2.4199  15.0102   0.0000   0.0000   0.0000
    5575  -3.8685   1.0706  14.7139   0.0000   0.0000   0.0000
    5576  -4.0177   1.7444  15.3078   0.0000   0.0000   0.0000
    5577  -5.2697   1.9922  15.3278   0.0000   0.0000   0.0000
    5578  -4.9010   1.4735  15.0485   0.0000   0.0000   0.0000
    5579  -4.9917   1.0352  15.7276   0.0000   0.0000   0.0000
    5580  -4.6454   1.5488  15.4896   0.0000   0.0000   0.0000
    5581  -5.4884   1.8717  15.4101   0.0000   0.0000   0.0000
    5582  -5.6755   1.8898  15.4562   0.0000   0.0000   0.0000
    5583  -5.3510   0.8249  15.0637   0.0000   0.0000   0.0000
    5584  -5.4562   1.2053  15.2110   0.0000   0.0000   0.0000
    5585  -5.2038   1.2036  15.5665   0.0000   0.0000   0.0000
    5586  -5.7117   1.7283  14.9080   0.0000   0.0000   0.0000
    5587  -6.2708   2.5241  14.8197   0.0000   0.0000   0.0000
    5588  -5.3750   2.1851  14.3345   0.0000   0.0000   0.0000
    5589  -6.2800   2.5022  15.3095   0.0000   0.0000   0.0000
    5590  -6.4384   2.3634  15.0491   0.0000   0.0000   0.0000
    5591  -6.6849   1.9402  15.2660   0.0000   0.0000   0.0000
    5592  -6.7717   1.8798  15.5501   0.0000   0.0000   0.0000
    5593  -5.5674   1.0058  15.7090   0.0000   0.0000   0.0000
    5594  -6.3375   1.9629  15.2990   0.0000   0.0000   0.0000
    5595  -6.4168   1.9018  15.6459   0.0000   0.0000   0.0000
    5596  -6.4347   1.9647  15.4459   0.0000   0.0000   0.0000
    5597  -6.1738   2.7504  15.3435   0.0000   0.0000   0.0000
    5598  -5.9452   1.6919  15.8244   0.0000   0.0000   0.0000
    5599  -5.1676   1.9147  15.3208   0.0000   0.0000   0.0000
    5600  -5.2167   1.5515  15.8142   0.0000   0.0000   0.0000
    5601  -5.1920   1.8747  15.6956   0.0000   0.0000   0.0000
    5602  -5.9351   0.7842  16.4375   0.0000   0.0000   0.0000
    5603  -5.6868   0.4971  16.4714   0.0000   0.0000   0.0000
    5604  -5.2280   0.7431  16.8789   0.0000   0.0000   0.0000
    5605  -5.0155   0.7058  16.9374   0.0000   0.0000   0.0000
    5606  -5.6093   1.1140  15.8111   0.0000   0.0000   0.0000
    5607  -4.9920   1.5148  15.8822   0.0000   0.0000   0.0000
    5608  -4.7751   1.4934  16.0945   0.0000   0.0000   0.0000
    5609  -5.2659   1.1238  16.2437   0.0000   0.0000   0.0000
    5610  -4.4672   0.3941  16.0893   0.0000   0.0000   0.0000
    5611  -4.4778   1.0289  15.5484   0.0000   0.0000   0.0000
    5612  -4.4897   0.6020  15.9288   0.0000   0.0000   0.0000
    5613  -4.8115   1.7367  14.8781   0.0000   0.0000   0.0000
    5614  -4.4016   0.8443  14.8457   0.0000   0.0000   0.0000
    5615  -4.1546   1.2449  15.0331   0.0000   0.0000   0.0000
    5616  -3.7143   1.4489  15.0890   0.0000   0.0000   0.0000
    5617  -3.9424   1.2549  15.4064   0.0000   0.0000   0.0000
    5618  -3.9034   0.5173  14.9453   0.0000   0.0000   0.0000
    5619  -4.7110   0.7116  15.1458   0.0000   0.0000   0.0000
    5620  -4.4123   1.1012  15.3272   0.0000   0.0000   0.0000
    5621  -4.6729   1.3709  15.0949   0.0000   0.0000   0.0000
    5622  -4.3961   1.3135  15.7667   0.0000   0.0000   0.0000
    5623  -4.8146   0.5481  15.4777   0.0000   0.0000   0.0000
    5624  -4.8606   0.3551  16.1810   0.0000   0.0000   0.0000
    5625  -5.4882   1.7230  16.6901   0.0000   0.0000   0.0000
    5626  -5.4448  -0.2948  15.8749   0.0000   0.0000   0.0000
    5627  -5.2207   0.4704  14.7641   0.0000   0.0000   0.0000
    5628  -5.0374   0.7458  14.8378   0.0000   0.0000   0.0000
    5629  -4.8867   1.0915  14.8787   0.0000   0.0000   0.0000
    5630  -5.6844   0.9362  15.0488   0.0000   0.0000   0.0000
    5631  -4.7484   2.0605  15.0856   0.0000   0.0000   0.0000
    5632  -4.4254   0.5630  15.8385   0.0000   0.0000   0.0000
    5633  -3.9026   0.7171  15.3267   0.0000   0.0000   0.0000
    5634  -5.2305   1.1777  15.4153   0.0000   0.0000   0.0000
    5635  -5.0062   0.8574  15.3843   0.0000   0.0000   0.0000
    5636  -5.2331   1.5838  15.2512   0.0000   0.0000   0.0000
    5637  -4.6075   2.0178  15.2596   0.0000   0.0000   0.0000
    5638  -4.0170   1.7352  13.9228   0.0000   0.0000   0.0000
    5639  -4.8121   1.9242  15.3247   0.0000   0.0000   0.0000
    5640  -3.6706   1.7098  14.9009   0.0000   0.0000   0.0000
    5641  -4.1082   1.4569  14.7864   0.0000   0.0000   0.0000
    5642  -4.6350   1.4262  15.4055   0.0000   0.0000   0.0000
    5643  -4.4872   2.0434  14.5114   0.0000   0.0000   0.0000
    5644  -4.2541   2.4991  15.4936   0.0000   0.0000   0.0000
    5645  -5.0438   1.7531  15.6969   0.0000   0.0000   0.0000
    5646  -4.0059   1.9900  15.6705   0.0000   0.0000   0.0000
    5647  -4.0099   1.9326  15.6353   0.0000   0.0000   0.0000
    5648  -4.5370   1.1924  15.2043   0.0000   0.0000   0.0000
    5649  -5.3502   1.6693  15.7240   0.0000   0.0000   0.0000
    5650  -4.9538   0.9723  15.4314   0.0000   0.0000   0.0000
    5651  -4.2586   2.1444  14.5077   0.0000   0.0000   0.0000
    5652  -4.8310   2.0905  14.6670   0.0000   0.0000   0.0000
    5653  -5.0155   1.7251  15.4920   0.0000   0.0000   0.0000
    5654  -4.2252   0.9616  14.9359   0.0000   0.0000   0.0000
    5655  -4.8137   1.0523  15.9328   0.0000   0.0000   0.0000
    5656  -4.0556   1.5701  15.5392   0.0000   0.0000   0.0000
    5657  -3.7751   1.7068  15.5302   0.0000   0.0000   0.0000
    5658  -4.1366   1.1628  15.7445   0.0000   0.0000   0.0000
    5659  -3.7716   1.9275  15.4616   0.0000   0.0000   0.0000
    5660  -3.7156   0.3658  15.1780   0.0000   0.0000   0.0000
    5661  -3.6809   0.7397  15.5002   0.0000   0.0000   0.0000
    5662  -3.6939   0.3876  15.2031   0.0000   0.0000   0.0000
    5663  -3.8185   0.4979  15.6855   0.0000   0.0000   0.0000
    5664  -3.7265   0.2207  16.0506   0.0000   0.0000   0.0000
    5665  -4.4308   0.3118  15.2837   0.0000   0.0000   0.0000
    5666  -5.5880  -0.0193  15.7862   0.0000   0.0000   0.0000
    5667  -4.7236  -0.2645  15.6292   0.0000   0.0000   0.0000
    5668  -5.3040   0.7005  16.9299   0.0000   0.0000   0.0000
    5669  -4.7341   0.7874  16.1463   0.0000   0.0000   0.0000
    5670  -4.2072   0.6485  15.6063   0.0000   0.0000   0.0000
    5671  -4.1241   0.4719  15.7778   0.0000   0.0000   0.0000
    5672  -4.6698   0.8733  15.3227   0.0000   0.0000   0.0000
    5673  -4.0285   0.8105  15.7250   0.0000   0.0000   0.0000
    5674  -3.4516  -0.2043  16.0322   0.0000   0.0000   0.0000
    5675  -3.7979   0.4419  15.5872   0.0000   0.0000   0.0000
    5676  -3.8173  -0.7734  15.0898   0.0000   0.0000   0.0000
    5677  -3.7028  -0.4424  14.7000   0.0000   0.0000   0.0000
    5678  -3.5635   0.4064  16.3063   0.0000   0.0000   0.0000
    5679  -4.6091   0.8325  14.9166   0.0000   0.0000   0.0000
    5680  -3.2841  -0.3063  15.1290   0.0000   0.0000   0.0000
    5681  -3.6433   0.8635  15.3483   0.0000   0.0000   0.0000
    5682  -3.2917  -0.0270  14.8948   0.0000   0.0000   0.0000
    5683  -3.7173  -0.1457  15.1557   0.0000   0.0000   0.0000
    5684  -4.3447  -0.2640  14.9902   0.0000   0.0000   0.0000
    5685  -4.0942  -0.0559  14.0596   0.0000   0.0000   0.0000
    5686  -3.4201  -0.4410  14.5109   0.0000   0.0000   0.0000
    5687  -3.9626  -1.1743  14.3246   0.0000   0.0000   0.0000
    5688  -4.2282  -0.6855  14.0534   0.0000   0.0000   0.0000
    5689  -4.2996   0.1383  14.4337   0.0000   0.0000   0.0000
    5690  -2.8160  -0.3292  14.3399   0.0000   0.0000   0.0000
    5691  -3.6611  -0.3212  14.5893   0.0000   0.0000   0.0000
    5692  -3.6316  -0.0044  15.0012   0.0000   0.0000   0.0000
    5693  -2.0670  -0.5468  14.6867   0.0000   0.0000   0.0000
    5694  -2.2148  -1.2868  14.7566   0.0000   0.0000   0.0000
    5695  -2.1384  -0.2988  14.4691   0.0000   0.0000   0.0000
    5696  -2.9889  -0.9174  15.3242   0.0000   0.0000   0.0000
    5697  -3.0829   0.6268  14.8327   0.0000   0.0000   0.0000
    5698  -3.0043  -0.2999  14.6257   0.0000   0.0000   0.0000
    5699  -3.3541  -1.0176  14.5374   0.0000   0.0000   0.0000
    5700  -3.5474  -0.4424  14.1942   0.0000   0.0000   0.0000
    5701  -3.2262  -0.5156  14.5409   0.0000   0.0000   0.0000
    5702  -3.0660   0.6309  15.0370   0.0000   0.0000   0.0000
    5703  -3.0440   0.0109  15.8979   0.0000   0.0000   0.0000
    5704  -2.8792  -0.2042  16.4660   0.0000   0.0000   0.0000
    5705  -4.0552   0.2226  15.7520   0.0000   0.0000   0.0000
    5706  -5.4226  -0.2418  15.5876   0.0000   0.0000   0.0000
    5707  -4.7273   0.1933  16.4571   0.0000   0.0000   0.0000
    5708  -3.5941   0.1139  16.4075   0.0000   0.0000   0.0000
    5709  -3.7295  -0.7500  16.0628   0.0000   0.0000   0.0000
    5710  -3.3301  -0.7787  16.0307   0.0000   0.0000   0.0000
    5711  -3.0612  -1.6810  15.6451   0.0000   0.0000   0.0000
    5712  -3.2640  -1.8212  15.7659   0.0000   0.0000   0.0000
    5713  -2.6632  -1.4098  15.7090   0.0000   0.0000   0.0000
    5714  -3.6327  -1.0763  15.1291   0.0000   0.0000   0.0000
    5715  -4.1097  -1.1655  15.9025   0.0000   0.0000   0.0000
    5716  -3.4264  -0.6977  15.3901   0.0000   0.0000   0.0000
    5717  -2.7485  -0.5799  15.6518   0.0000   0.0000   0.0000
    5718  -3.9392  -1.3687  15.1840   0.0000   0.0000   0.0000
    5719  -3.0161  -0.2961  16.1361   0.0000   0.0000   0.0000
    5720  -2.6860  -0.0881  15.6523   0.0000   0.0000   0.0000
    5721  -3.0938  -0.3201  15.8869   0.0000   0.0000   0.0000
    5722  -2.9728  -1.5480  15.4752   0.0000   0.0000   0.0000
    5723  -3.6647  -0.2605  15.4537   0.0000   0.0000   0.0000
    5724  -3.1198   0.4186  14.6713   0.0000   0.0000   0.0000
    5725  -3.5539   0.2530  14.8035   0.0000   0.0000   0.0000
    5726  -3.6917  -0.3249  15.0693   0.0000   0.0000   0.0000
    5727  -4.0066  -0.2594  14.9421   0.0000   0.0000   0.0000
    5728  -3.5162   0.2404  15.7627   0.0000   0.0000   0.0000
    5729  -3.0797   0.5503  15.2379   0.0000   0.0000   0.0000
    5730  -3.9076  -0.4579  15.1731   0.0000   0.0000   0.0000
    5731  -3.9351  -0.9663  15.7133   0.0000   0.0000   0.0000
    5732  -3.8317  -0.6126  15.0427   0.0000   0.0000   0.0000
    5733  -3.6331   0.0750  15.2975   0.0000   0.0000   0.0000
    5734  -3.7358  -0.1097  15.8691   0.0000   0.0000   0.0000
    5735  -4.3479  -0.0972  15.5809   0.0000   0.0000   0.0000
    5736  -4.3338   0.2957  15.2431   0.0000   0.0000   0.0000
    5737  -4.2673   0.4571  15.5684   0.0000   0.0000   0.0000
    5738  -4.0521  -0.0980  15.2650   0.0000   0.0000   0.0000
    5739  -3.0584  -0.1923  16.1565   0.0000   0.0000   0.0000
    5740  -2.7748  -0.5731  15.9747   0.0000   0.0000   0.0000
    5741  -3.8632  -0.8693  15.2877   0.0000   0.0000   0.0000
    5742  -4.3229  -1.0857  15.0002   0.0000   0.0000   0.0000
    5743  -4.0315  -1.1800  15.8209   0.0000   0.0000   0.0000
    5744  -4.9430  -0.6903  15.2959   0.0000   0.0000   0.0000
    5745  -4.0095  -0.1225  15.7548   0.0000   0.0000   0.0000
    5746  -4.8169  -0.0440  14.9561   0.0000   0.0000   0.0000
    5747  -4.7674  -0.7925  15.4602   0.0000   0.0000   0.0000
    5748  -4.6987  -0.1740  15.2647   0.0000   0.0000   0.0000
    5749  -4.7150  -0.7226  15.0529   0.0000   0.0000   0.0000
    5750  -4.2118  -0.5494  14.9103   0.0000   0.0000   0.0000
    5751  -4.5744  -1.1535  14.7604   0.0000   0.0000   0.0000
    5752  -4.7178  -0.7227  15.4075   0.0000   0.0000   0.0000
    5753  -3.8369  -1.5068  15.4236   0.0000   0.0000   0.0000
    5754  -4.1292  -1.2950  15.0065   0.0000   0.0000   0.0000
    5755  -4.0821  -0.9048  14.9140   0.0000   0.0000   0.0000
    5756  -4.6099  -0.3392  15.5144   0.0000   0.0000   0.0000
    5757  -5.3847   0.5176  15.6814   0.0000   0.0000   0.0000
    5758  -4.3717  -0.4796  15.2349   0.0000   0.0000   0.0000
    5759  -4.3419  -1.1079  16.0822   0.0000   0.0000   0.0000
    5760  -4.5587  -0.6747  15.0136   0.0000   0.0000   0.0000
    5761  -3.3157  -0.5565  15.5283   0.0000   0.0000   0.0000
    5762  -3.0704  -0.8405  15.1520   0.0000   0.0000   0.0000
    5763  -3.7567  -1.1634  15.4721   0.0000   0.0000   0.0000
    5764  -3.5912  -0.7566  15.2332   0.0000   0.0000   0.0000
    5765  -3.9840  -0.2781  16.3538   0.0000   0.0000   0.0000
    5766  -3.4204  -0.4512  16.2943   0.0000   0.0000   0.0000
    5767  -4.0610  -0.4320  16.3215   0.0000   0.0000   0.0000
    5768  -3.6859  -1.0586  16.0268   0.0000   0.0000   0.0000
    5769  -3.8479  -1.0855  15.3796   0.0000   0.0000   0.0000
    5770  -3.5222  -0.5631  15.0795   0.0000   0.0000   0.0000
    5771  -3.9179  -0.8955  15.9955   0.0000   0.0000   0.0000
    5772  -3.7515  -1.5015  16.0020   0.0000   0.0000   0.0000
    5773  -3.7319  -1.7573  15.7090   0.0000   0.0000   0.0000
    5774  -3.3336  -1.4863  16.3037   0.0000   0.0000   0.0000
    5775  -2.9604  -1.7833  16.0423   0.0000   0.0000   0.0000
    5776  -3.8032  -0.7776  16.3602   0.0000   0.0000   0.0000
    5777  -3.0188  -1.4977  16.4316   0.0000   0.0000   0.0000
    5778  -2.8711  -0.3822  16.8814   0.0000   0.0000   0.0000
    5779  -2.4275  -1.6936  16.8181   0.0000   0.0000   0.0000
    5780  -3.2323  -1.3112  16.3051   0.0000   0.0000   0.0000
    5781  -2.7598  -1.5927  17.0401   0.0000   0.0000   0.0000
    5782  -3.0976  -0.9342  16.5268   0.0000   0.0000   0.0000
    5783  -3.6794  -0.9382  16.2357   0.0000   0.0000   0.0000
    5784  -3.6927  -1.8222  15.7096   0.0000   0.0000   0.0000
    5785  -3.7303  -1.4411  15.1793   0.0000   0.0000   0.0000
    5786  -3.6847  -0.5766  14.9342   0.0000   0.0000   0.0000
    5787  -3.4700   0.0512  15.7177   0.0000   0.0000   0.0000
    5788  -3.4916  -0.0246  15.8982   0.0000   0.0000   0.0000
    5789  -3.4548  -1.3536  15.5981   0.0000   0.0000   0.0000
    5790  -3.0254  -0.5379  16.1657   0.0000   0.0000   0.0000
    5791  -3.7909  -0.4824  15.2742   0.0000   0.0000   0.0000
    5792  -3.7082  -0.5611  15.9315   0.0000   0.0000   0.0000
    5793  -4.7959  -0.3103  16.3885   0.0000   0.0000   0.0000
    5794  -4.6574  -0.7271  16.1987   0.0000   0.0000   0.0000
    5795  -3.8398  -0.9879  16.3819   0.0000   0.0000   0.0000
    5796  -4.1875  -0.7137  15.4061   0.0000   0.0000   0.0000
    5797  -4.3916  -1.1683  15.0446   0.0000   0.0000   0.0000
    5798  -4.5281  -1.2945  14.8381   0.0000   0.0000   0.0000
    5799  -5.3231  -1.2436  14.9939   0.0000   0.0000   0.0000
    5800  -4.4094  -1.9432  14.8718   0.0000   0.0000   0.0000
    5801  -3.8437  -1.2538  15.2292   0.0000   0.0000   0.0000
    5802  -4.3711  -1.6170  15.0180   0.0000   0.0000   0.0000
    5803  -4.0051  -0.8652  15.6898   0.0000   0.0000   0.0000
    5804  -4.8679  -0.3680  15.3291   0.0000   0.0000   0.0000
    5805  -5.3487  -0.3701  14.6475   0.0000   0.0000   0.0000
    5806  -5.3098  -0.8107  15.3205   0.0000   0.0000   0.0000
    5807  -4.3691  -0.8651  15.1604   0.0000   0.0000   0.0000
    5808  -4.4844  -0.6805  15.4247   0.0000   0.0000   0.0000
    5809  -4.4395  -0.3752  15.4190   0.0000   0.0000   0.0000
    5810  -4.2581  -0.8380  15.7542   0.0000   0.0000   0.0000
    5811  -5.1411  -0.5045  15.4390   0.0000   0.0000   0.0000
    5812  -4.3166  -0.2597  15.9680   0.0000   0.0000   0.0000
    5813  -4.9955  -0.1872  15.5964   0.0000   0.0000   0.0000
    5814  -4.7023  -0.7039  15.2472   0.0000   0.0000   0.0000
    5815  -4.0037  -1.4153  15.2920   0.0000   0.0000   0.0000
    5816  -3.7870  -1.0303  15.1981   0.0000   0.0000   0.0000
    5817  -3.9911  -0.7982  15.4117   0.0000   0.0000   0.0000
    5818  -3.8944  -0.4113  15.3262   0.0000   0.0000   0.0000
    5819  -3.8705  -0.5116  14.7894   0.0000   0.0000   0.0000
    5820  -3.6054  -0.0149  14.6827   0.0000   0.0000   0.0000
    5821  -3.7242   0.5384  14.7026   0.0000   0.0000   0.0000
    5822  -3.1523  -0.0101  14.8122   0.0000   0.0000   0.0000
    5823  -3.9562  -0.3304  15.7049   0.0000   0.0000   0.0000
    5824  -4.6283   0.0877  15.0671   0.0000   0.0000   0.0000
    5825  -4.0926  -1.0961  14.1607   0.0000   0.0000   0.0000
    5826  -3.6821  -0.5555  15.2359   0.0000   0.0000   0.0000
    5827  -3.8094   0.1899  14.8790   0.0000   0.0000   0.0000
    5828  -4.0821   0.3568  15.1400   0.0000   0.0000   0.0000
    5829  -4.3409  -0.0389  15.3119   0.0000   0.0000   0.0000
    5830  -4.5828   0.9172  15.8421   0.0000   0.0000   0.0000
    5831  -4.1156  -0.0676  15.2975   0.0000   0.0000   0.0000
    5832  -4.8051  -0.2544  14.6726   0.0000   0.0000   0.0000
    5833  -4.4791  -0.5194  14.4538   0.0000   0.0000   0.0000
    5834  -3.3866  -0.4170  14.5964   0.0000   0.0000   0.0000
    5835  -3.5917  -0.0118  15.4081   0.0000   0.0000   0.0000
    5836  -3.4250   0.0097  15.3697   0.0000   0.0000   0.0000
    5837  -3.5418   0.0149  15.2177   0.0000   0.0000   0.0000
    5838  -4.3922  -0.1276  15.6804   0.0000   0.0000   0.0000
    5839  -4.2459   0.5589  15.5928   0.0000   0.0000   0.0000
    5840  -4.1072  -0.3179  16.2165   0.0000   0.0000   0.0000
    5841  -4.0285  -0.4212  15.8756   0.0000   0.0000   0.0000
    5842  -4.1410  -0.0882  15.4701   0.0000   0.0000   0.0000
    5843  -3.6498  -0.2941  15.7613   0.0000   0.0000   0.0000
    5844  -3.6566   0.3941  15.5823   0.0000   0.0000   0.0000
    5845  -3.9600  -0.4577  17.1203   0.0000   0.0000   0.0000
    5846  -3.7474   0.3165  16.1397   0.0000   0.0000   0.0000
    5847  -3.6007   0.2207  15.6604   0.0000   0.0000   0.0000
    5848  -3.5575   0.0686  15.8916   0.0000   0.0000   0.0000
    5849  -4.3042   0.3235  16.1821   0.0000   0.0000   0.0000
    5850  -3.7016  -0.1126  16.3165   0.0000   0.0000   0.0000
    5851  -4.2469  -0.5216  16.3984   0.0000   0.0000   0.0000
    5852  -5.1376  -0.4221  15.6701   0.0000   0.0000   0.0000
    5853  -4.2270   0.2533  15.3741   0.0000   0.0000   0.0000
    5854  -5.2868  -0.5567  15.5314   0.0000   0.0000   0.0000
    5855  -3.2841  -0.9560  15.5508   0.0000   0.0000   0.0000
    5856  -3.3962   0.3715  14.9382   0.0000   0.0000   0.0000
    5857  -3.9439   0.1598  16.2228   0.0000   0.0000   0.0000
    5858  -4.7532  -0.0911  16.3899   0.0000   0.0000   0.0000
    5859  -4.3303   0.0881  16.5694   0.0000   0.0000   0.0000
    5860  -4.1322  -0.1865  16.2360   0.0000   0.0000   0.0000
    5861  -4.0791   0.8971  16.3362   0.0000   0.0000   0.0000
    5862  -4.2427   0.0130  16.5621   0.0000   0.0000   0.0000
    5863  -4.4634  -0.2292  16.2229   0.0000   0.0000   0.0000
    5864  -4.8124   0.1523  15.8954   0.0000   0.0000   0.0000
    5865  -4.3216  -0.3101  16.3521   0.0000   0.0000   0.0000
    5866  -4.3342   0.0021  16.4168   0.0000   0.0000   0.0000
    5867  -4.6341  -0.5704  16.6379   0.0000   0.0000   0.0000
    5868  -4.7040  -0.4889  16.4818   0.0000   0.0000   0.0000
    5869  -4.0533   0.8742  16.8021   0.0000   0.0000   0.0000
    5870  -4.4160  -0.4201  17.7544   0.0000   0.0000   0.0000
    5871  -5.5468   0.6022  16.6919   0.0000   0.0000   0.0000
    5872  -5.2484   0.4104  16.9198   0.0000   0.0000   0.0000
    5873  -5.8442   0.4620  17.0184   0.0000   0.0000   0.0000
    5874  -6.6445   0.1267  16.8174   0.0000   0.0000   0.0000
    5875  -5.8028   0.4218  15.3208   0.0000   0.0000   0.0000
    5876  -6.2501   0.4252  16.1434   0.0000   0.0000   0.0000
    5877  -6.7298   0.5105  16.2582   0.0000   0.0000   0.0000
    5878  -5.1205   0.3005  15.5886   0.0000   0.0000   0.0000
    5879  -5.1091   0.7184  15.7392   0.0000   0.0000   0.0000
    5880  -5.2619   0.1542  15.1094   0.0000   0.0000   0.0000
    5881  -4.9384   0.7650  15.9616   0.0000   0.0000   0.0000
    5882  -4.5466   0.4593  15.8761   0.0000   0.0000   0.0000
    5883  -4.4234   0.4233  16.0247   0.0000   0.0000   0.0000
    5884  -4.5604   0.3901  16.3399   0.0000   0.0000   0.0000
    5885  -5.6579   0.1113  15.4274   0.0000   0.0000   0.0000
    5886  -5.7710   0.3748  15.7219   0.0000   0.0000   0.0000
    5887  -6.0339   0.1045  16.2120   0.0000   0.0000   0.0000
    5888  -5.7272  -0.2960  15.9072   0.0000   0.0000   0.0000
    5889  -6.0971  -0.2929  15.9920   0.0000   0.0000   0.0000
    5890  -5.6628  -0.5004  15.7703   0.0000   0.0000   0.0000
    5891  -6.1451  -1.4586  16.8000   0.0000   0.0000   0.0000
    5892  -6.2162  -0.9084  15.8375   0.0000   0.0000   0.0000
    5893  -6.2157  -0.2494  15.1214   0.0000   0.0000   0.0000
    5894  -6.4582  -0.5716  15.1258   0.0000   0.0000   0.0000
    5895  -6.3450  -0.3934  15.1203   0.0000   0.0000   0.0000
    5896  -5.8547  -1.3340  14.5114   0.0000   0.0000   0.0000
    5897  -6.3125  -1.1447  15.2697   0.0000   0.0000   0.0000
    5898  -6.1237  -0.7738  14.5236   0.0000   0.0000   0.0000
    5899  -6.3804  -1.2305  15.7775   0.0000   0.0000   0.0000
    5900  -5.8444  -1.1192  15.5339   0.0000   0.0000   0.0000
    5901  -6.2692  -0.7191  15.2367   0.0000   0.0000   0.0000
    5902  -7.0417  -1.5104  15.4293   0.0000   0.0000   0.0000
    5903  -6.4855  -1.4107  15.3723   0.0000   0.0000   0.0000
    5904  -6.4244  -0.1780  15.1796   0.0000   0.0000   0.0000
    5905  -6.2377  -0.7231  15.6230   0.0000   0.0000   0.0000
    5906  -5.9635  -0.7720  15.2842   0.0000   0.0000   0.0000
    5907  -6.1953  -1.9356  15.0359   0.0000   0.0000   0.0000
    5908  -5.5175  -1.4816  15.6226   0.0000   0.0000   0.0000
    5909  -4.9973  -1.2827  15.3174   0.0000   0.0000   0.0000
    5910  -5.9748  -0.4701  15.4471   0.0000   0.0000   0.0000
    5911  -5.9025  -0.6889  14.6303   0.0000   0.0000   0.0000
    5912  -5.4457  -1.1047  14.8560   0.0000   0.0000   0.0000
    5913  -5.4127  -0.8750  14.8991   0.0000   0.0000   0.0000
    5914  -5.9575  -1.3419  14.7283   0.0000   0.0000   0.0000
    5915  -6.4562  -0.1805  15.0540   0.0000   0.0000   0.0000
    5916  -5.4611  -0.4574  15.2145   0.0000   0.0000   0.0000
    5917  -5.7410   0.6655  14.9638   0.0000   0.0000   0.0000
    5918  -5.7196  -1.2414  15.0457   0.0000   0.0000   0.0000
    5919  -6.2152  -1.8797  15.2480   0.0000   0.0000   0.0000
    5920  -6.0118  -1.5746  14.5502   0.0000   0.0000   0.0000
    5921  -5.3737  -0.6200  15.1213   0.0000   0.0000   0.0000
    5922  -5.8416  -0.1516  15.4474   0.0000   0.0000   0.0000
    5923  -6.2157  -0.5631  14.7303   0.0000   0.0000   0.0000
    5924  -5.9706  -0.4352  14.5081   0.0000   0.0000   0.0000
    5925  -5.9640  -0.0893  14.3523   0.0000   0.0000   0.0000
    5926  -4.9352  -1.5422  14.8926   0.0000   0.0000   0.0000
    5927  -5.9304  -1.3998  15.6375   0.0000   0.0000   0.0000
    5928  -5.7260  -0.9871  14.9889   0.0000   0.0000   0.0000
    5929  -5.8830  -1.6708  15.6655   0.0000   0.0000   0.0000
    5930  -4.7440  -0.4761  15.7149   0.0000   0.0000   0.0000
    5931  -4.9340  -0.7788  14.9730   0.0000   0.0000   0.0000
    5932  -5.3111  -0.8129  14.5716   0.0000   0.0000   0.0000
    5933  -4.7561  -0.5108  14.2079   0.0000   0.0000   0.0000
    5934  -4.5577  -0.9035  14.4458   0.0000   0.0000   0.0000
    5935  -5.3773  -1.3647  14.4125   0.0000   0.0000   0.0000
    5936  -4.9270  -1.2224  14.1871   0.0000   0.0000   0.0000
    5937  -5.9455  -1.3676  13.6131   0.0000   0.0000   0.0000
    5938  -6.1066  -0.7466  13.2472   0.0000   0.0000   0.0000
    5939  -5.6437  -1.2819  12.9396   0.0000   0.0000   0.0000
    5940  -6.1299  -1.0684  13.0806   0.0000   0.0000   0.0000
    5941  -6.1707   0.1021  13.1842   0.0000   0.0000   0.0000
    5942  -5.9323  -1.1083  12.9418   0.0000   0.0000   0.0000
    5943  -5.4919  -0.8503  13.7783   0.0000   0.0000   0.0000
    5944  -4.6517  -1.1291  13.7936   0.0000   0.0000   0.0000
    5945  -4.8168  -1.4908  13.2224   0.0000   0.0000   0.0000
    5946  -4.3963  -1.4666  13.5043   0.0000   0.0000   0.0000
    5947  -5.1965  -0.6496  13.5211   0.0000   0.0000   0.0000
    5948  -4.8919  -0.5456  14.2359   0.0000   0.0000   0.0000
    5949  -4.1188  -0.0470  13.8071   0.0000   0.0000   0.0000
    5950  -4.5222  -0.1794  13.0464   0.0000   0.0000   0.0000
    5951  -3.9527  -0.7639  13.6113   0.0000   0.0000   0.0000
    5952  -4.2774  -0.0789  12.6653   0.0000   0.0000   0.0000
    5953  -5.0729   0.6491  12.5502   0.0000   0.0000   0.0000
    5954  -5.5524   0.5299  13.0147   0.0000   0.0000   0.0000
    5955  -5.0232  -0.4689  12.4986   0.0000   0.0000   0.0000
    5956  -3.4786  -0.0858  12.6862   0.0000   0.0000   0.0000
    5957  -4.8591   0.5417  12.3963   0.0000   0.0000   0.0000
    5958  -4.2709   1.1130  12.8868   0.0000   0.0000   0.0000
    5959  -4.5852   1.1031  12.1900   0.0000   0.0000   0.0000
    5960  -4.5013   1.3246  12.4605   0.0000   0.0000   0.0000
    5961  -3.9073   1.3387  12.7685   0.0000   0.0000   0.0000
    5962  -3.6885   1.1048  11.9052   0.0000   0.0000   0.0000
    5963  -4.6837   1.1696  12.2143   0.0000   0.0000   0.0000
    5964  -4.8578   0.7772  13.0596   0.0000   0.0000   0.0000
    5965  -5.1735   0.9433  13.2844   0.0000   0.0000   0.0000
    5966  -3.4855   1.0017  13.4153   0.0000   0.0000   0.0000
    5967  -4.8412   1.2537  13.6175   0.0000   0.0000   0.0000
    5968  -4.3761   1.9314  13.6113   0.0000   0.0000   0.0000
    5969  -4.9728   2.0372  13.1675   0.0000   0.0000   0.0000
    5970  -3.7797   1.0907  13.0015   0.0000   0.0000   0.0000
    5971  -3.2719   0.3854  13.2442   0.0000   0.0000   0.0000
    5972  -3.1296   0.6939  12.4882   0.0000   0.0000   0.0000
    5973  -3.3989   2.0407  13.2705   0.0000   0.0000   0.0000
    5974  -3.0383   1.5248  12.9599   0.0000   0.0000   0.0000
    5975  -3.4027   1.7435  12.9952   0.0000   0.0000   0.0000
    5976  -3.7073   2.5411  13.0293   0.0000   0.0000   0.0000
    5977  -3.2975   2.1883  13.0671   0.0000   0.0000   0.0000
    5978  -2.4169   2.3005  12.9461   0.0000   0.0000   0.0000
    5979  -3.2057   1.8227  13.0305   0.0000   0.0000   0.0000
    5980  -3.6482   1.0037  11.6711   0.0000   0.0000   0.0000
    5981  -3.8638   1.1029  12.2567   0.0000   0.0000   0.0000
    5982  -4.2570   0.0853  11.7868   0.0000   0.0000   0.0000
    5983  -3.5229   0.2769  12.3998   0.0000   0.0000   0.0000
    5984  -3.4766   0.5420  12.3547   0.0000   0.0000   0.0000
    5985  -3.0002  -0.0773  12.3458   0.0000   0.0000   0.0000
    5986  -4.3794  -0.5898  12.9121   0.0000   0.0000   0.0000
    5987  -4.7804   1.2986  12.9139   0.0000   0.0000   0.0000
    5988  -4.0206   0.7078  13.2927   0.0000   0.0000   0.0000
    5989  -4.5764   0.5717  13.6062   0.0000   0.0000   0.0000
    5990  -3.5611   0.3093  12.1804   0.0000   0.0000   0.0000
    5991  -3.1310   0.8411  12.5490   0.0000   0.0000   0.0000
    5992  -3.5898   1.0537  12.6828   0.0000   0.0000   0.0000
    5993  -4.5616   1.0637  13.3365   0.0000   0.0000   0.0000
    5994  -4.2219   0.8356  12.9543   0.0000   0.0000   0.0000
    5995  -3.9005   1.3146  12.2375   0.0000   0.0000   0.0000
    5996  -3.3172   0.7925  13.6272   0.0000   0.0000   0.0000
    5997  -4.0309   1.3321  13.5727   0.0000   0.0000   0.0000
    5998  -3.7544   1.8726  13.5626   0.0000   0.0000   0.0000
    5999  -4.6243   1.2858  13.5309   0.0000   0.0000   0.0000
    6000  -4.1765   1.5868  13.4284   0.0000   0.0000   0.0000
