#Frame                                                     D36
       1  -1.1778   4.1275  12.1285   0.0000   0.0000   0.0000
       2  -2.5963   3.8553  12.1333   0.0000   0.0000   0.0000
       3  -1.0436   3.9629  12.3717   0.0000   0.0000   0.0000
       4  -1.8109   4.6060  12.5426   0.0000   0.0000   0.0000
       5  -1.7183   3.8409  13.1817   0.0000   0.0000   0.0000
       6  -1.8173   3.5386  13.6481   0.0000   0.0000   0.0000
       7  -1.4739   3.1132  13.8216   0.0000   0.0000   0.0000
       8  -0.7916   4.0897  12.9332   0.0000   0.0000   0.0000
       9  -0.6909   3.9970  13.6750   0.0000   0.0000   0.0000
      10  -1.3545   3.9814  13.4474   0.0000   0.0000   0.0000
      11  -1.5885   3.9286  13.1437   0.0000   0.0000   0.0000
      12  -0.7196   3.8341  13.8788   0.0000   0.0000   0.0000
      13  -1.8107   4.4303  13.5984   0.0000   0.0000   0.0000
      14  -1.6470   4.4493  14.2571   0.0000   0.0000   0.0000
      15  -1.1977   4.0969  14.6047   0.0000   0.0000   0.0000
      16  -1.5081   3.0912  14.0211   0.0000   0.0000   0.0000
      17  -1.9546   3.7378  14.2972   0.0000   0.0000   0.0000
      18  -1.3117   3.3771  13.8507   0.0000   0.0000   0.0000
      19  -1.4786   3.3781  13.8728   0.0000   0.0000   0.0000
      20  -2.4779   2.2756  13.5660   0.0000   0.0000   0.0000
      21  -3.8245   2.8097  13.4048   0.0000   0.0000   0.0000
      22  -3.1348   2.9692  14.0782   0.0000   0.0000   0.0000
      23  -1.9286   2.7799  13.6309   0.0000   0.0000   0.0000
      24  -2.2074   3.4903  13.8460   0.0000   0.0000   0.0000
      25  -2.1428   3.5712  14.0539   0.0000   0.0000   0.0000
      26  -1.4935   2.7186  13.8431   0.0000   0.0000   0.0000
      27  -1.5859   3.3365  12.7382   0.0000   0.0000   0.0000
      28  -2.4665   3.2871  13.3754   0.0000   0.0000   0.0000
      29  -2.0398   3.6626  12.9052   0.0000   0.0000   0.0000
      30  -1.8526   3.7766  13.3137   0.0000   0.0000   0.0000
      31  -2.5470   3.3750  13.0507   0.0000   0.0000   0.0000
      32  -1.8540   3.5573  13.6679   0.0000   0.0000   0.0000
      33  -1.6359   2.5165  13.6089   0.0000   0.0000   0.0000
      34  -1.2576   3.2343  13.7262   0.0000   0.0000   0.0000
      35  -1.8130   2.8513  14.2636   0.0000   0.0000   0.0000
      36  -2.2797   2.7699  14.0495   0.0000   0.0000   0.0000
      37  -2.2313   2.3288  14.0790   0.0000   0.0000   0.0000
      38  -2.8033   3.4507  14.0729   0.0000   0.0000   0.0000
      39  -2.1232   2.9078  13.9155   0.0000   0.0000   0.0000
      40  -2.7880   3.4369  13.5906   0.0000   0.0000   0.0000
      41  -3.5160   2.9468  14.3073   0.0000   0.0000   0.0000
      42  -3.2681   2.5092  14.5519   0.0000   0.0000   0.0000
      43  -2.6345   2.6820  14.3556   0.0000   0.0000   0.0000
      44  -2.3145   3.3256  14.3720   0.0000   0.0000   0.0000
      45  -2.9802   3.2741  14.0578   0.0000   0.0000   0.0000
      46  -2.7556   2.9331  14.1908   0.0000   0.0000   0.0000
      47  -3.4688   2.8068  13.5599   0.0000   0.0000   0.0000
      48  -2.7530   2.7223  13.7280   0.0000   0.0000   0.0000
      49  -2.8645   3.9707  14.0490   0.0000   0.0000   0.0000
      50  -3.4234   3.2584  14.0169   0.0000   0.0000   0.0000
      51  -2.2054   2.6662  13.5093   0.0000   0.0000   0.0000
      52  -1.6537   1.8845  13.4948   0.0000   0.0000   0.0000
      53  -1.7309   2.4254  13.7793   0.0000   0.0000   0.0000
      54  -2.3496   2.4517  13.1392   0.0000   0.0000   0.0000
      55  -1.9785   2.2906  12.7798   0.0000   0.0000   0.0000
      56  -1.9629   2.7919  12.7957   0.0000   0.0000   0.0000
      57  -1.4223   2.2526  12.3277   0.0000   0.0000   0.0000
      58  -1.7228   2.3960  12.9739   0.0000   0.0000   0.0000
      59  -2.7995   1.8513  13.5699   0.0000   0.0000   0.0000
      60  -2.0005   2.0311  13.1044   0.0000   0.0000   0.0000
      61  -0.7752   2.1745  13.1024   0.0000   0.0000   0.0000
      62  -1.0832   0.8408  12.7919   0.0000   0.0000   0.0000
      63  -0.7204   1.7016  13.1553   0.0000   0.0000   0.0000
      64  -2.0876   2.0886  12.6982   0.0000   0.0000   0.0000
      65  -1.6720   1.6261  12.4720   0.0000   0.0000   0.0000
      66  -1.2773   1.7071  12.7360   0.0000   0.0000   0.0000
      67  -1.5051   1.4507  12.6892   0.0000   0.0000   0.0000
      68  -1.9642   2.5614  12.4577   0.0000   0.0000   0.0000
      69  -2.0100   2.8445  11.6841   0.0000   0.0000   0.0000
      70  -1.3302   2.9097  11.3933   0.0000   0.0000   0.0000
      71  -1.8872   2.5854  11.3538   0.0000   0.0000   0.0000
      72  -2.1697   3.0638  12.1730   0.0000   0.0000   0.0000
      73  -2.0147   2.9454  12.1810   0.0000   0.0000   0.0000
      74  -1.6373   2.6075  12.3942   0.0000   0.0000   0.0000
      75  -1.7489   3.0501  12.4058   0.0000   0.0000   0.0000
      76  -2.0327   2.3153  12.6655   0.0000   0.0000   0.0000
      77  -1.9973   2.0493  12.6758   0.0000   0.0000   0.0000
      78  -1.2371   2.2593  11.8220   0.0000   0.0000   0.0000
      79  -0.9540   2.4104  12.4496   0.0000   0.0000   0.0000
      80  -0.8763   2.4043  12.7715   0.0000   0.0000   0.0000
      81  -1.6868   2.7171  13.3325   0.0000   0.0000   0.0000
      82  -1.9916   2.3075  13.3253   0.0000   0.0000   0.0000
      83  -1.1571   2.3387  13.5226   0.0000   0.0000   0.0000
      84  -1.1364   2.4066  13.4108   0.0000   0.0000   0.0000
      85  -1.6231   2.5562  13.8396   0.0000   0.0000   0.0000
      86  -2.0572   2.4534  13.8694   0.0000   0.0000   0.0000
      87  -1.3744   1.5455  13.6409   0.0000   0.0000   0.0000
      88  -0.3951   2.6488  14.1083   0.0000   0.0000   0.0000
      89  -1.8372   3.3357  14.1407   0.0000   0.0000   0.0000
      90  -2.2618   2.6246  14.4087   0.0000   0.0000   0.0000
      91  -0.6890   2.5152  14.8798   0.0000   0.0000   0.0000
      92  -0.7754   3.2139  14.7454   0.0000   0.0000   0.0000
      93  -1.2439   2.6327  15.2662   0.0000   0.0000   0.0000
      94  -1.2072   2.4964  15.5396   0.0000   0.0000   0.0000
      95  -0.3675   2.1608  14.8237   0.0000   0.0000   0.0000
      96  -0.4027   1.5044  15.8629   0.0000   0.0000   0.0000
      97   0.6455   0.6656  16.0898   0.0000   0.0000   0.0000
      98  -0.2078   0.7133  15.7641   0.0000   0.0000   0.0000
      99  -0.2837   1.6753  15.7999   0.0000   0.0000   0.0000
     100  -0.3425   2.3939  15.6027   0.0000   0.0000   0.0000
     101  -1.4455   1.9326  15.4122   0.0000   0.0000   0.0000
     102  -0.7247   2.3971  14.6831   0.0000   0.0000   0.0000
     103  -0.4266   1.8715  15.4831   0.0000   0.0000   0.0000
     104  -0.3211   1.4157  15.8981   0.0000   0.0000   0.0000
     105   0.0175   1.7230  15.7373   0.0000   0.0000   0.0000
     106  -0.0486   2.1887  16.0697   0.0000   0.0000   0.0000
     107   0.0761   2.8146  16.2314   0.0000   0.0000   0.0000
     108   0.3253   2.8252  15.9850   0.0000   0.0000   0.0000
     109  -0.5530   3.8697  15.3102   0.0000   0.0000   0.0000
     110  -0.2732   1.9715  15.1249   0.0000   0.0000   0.0000
     111  -0.8616   2.6936  15.2287   0.0000   0.0000   0.0000
     112  -1.4067   2.8630  14.3038   0.0000   0.0000   0.0000
     113  -1.0831   1.9163  15.4000   0.0000   0.0000   0.0000
     114  -0.9312   2.0513  15.4544   0.0000   0.0000   0.0000
     115  -1.7526   3.0790  14.5151   0.0000   0.0000   0.0000
     116  -0.8605   2.7189  15.4477   0.0000   0.0000   0.0000
     117  -1.2578   2.8306  15.3949   0.0000   0.0000   0.0000
     118  -1.9554   3.1091  15.6889   0.0000   0.0000   0.0000
     119  -1.7223   2.0061  14.9768   0.0000   0.0000   0.0000
     120  -0.9192   1.4599  15.1428   0.0000   0.0000   0.0000
     121  -0.9202   1.5886  15.0862   0.0000   0.0000   0.0000
     122  -1.1549   0.5263  15.8969   0.0000   0.0000   0.0000
     123  -0.6827   1.9263  15.4232   0.0000   0.0000   0.0000
     124  -1.8398   2.1010  15.6855   0.0000   0.0000   0.0000
     125  -1.3946   2.3943  15.0164   0.0000   0.0000   0.0000
     126  -2.0301   2.1211  16.3326   0.0000   0.0000   0.0000
     127  -1.8496   2.3497  15.8471   0.0000   0.0000   0.0000
     128  -1.5912   2.0700  16.5653   0.0000   0.0000   0.0000
     129  -1.4902   1.6057  15.8499   0.0000   0.0000   0.0000
     130  -1.3835   3.0278  16.0922   0.0000   0.0000   0.0000
     131  -0.9890   2.5434  16.4739   0.0000   0.0000   0.0000
     132  -1.3500   3.0664  16.5920   0.0000   0.0000   0.0000
     133  -0.5544   2.7019  16.0620   0.0000   0.0000   0.0000
     134  -1.0258   1.6862  15.9687   0.0000   0.0000   0.0000
     135  -1.4168   2.9404  16.2690   0.0000   0.0000   0.0000
     136  -1.0276   3.5693  16.3698   0.0000   0.0000   0.0000
     137  -1.7315   3.2627  15.4613   0.0000   0.0000   0.0000
     138  -2.3647   3.5553  16.0747   0.0000   0.0000   0.0000
     139  -2.0060   3.2932  15.8492   0.0000   0.0000   0.0000
     140  -1.5822   3.9429  15.9825   0.0000   0.0000   0.0000
     141  -1.9270   2.9684  15.6512   0.0000   0.0000   0.0000
     142  -1.1552   3.9074  15.4534   0.0000   0.0000   0.0000
     143  -0.6664   3.8163  15.9855   0.0000   0.0000   0.0000
     144  -1.4326   4.0389  15.9272   0.0000   0.0000   0.0000
     145  -1.6139   3.7253  15.8207   0.0000   0.0000   0.0000
     146  -2.4530   3.2515  15.8038   0.0000   0.0000   0.0000
     147  -1.8229   3.5443  15.7002   0.0000   0.0000   0.0000
     148  -2.1424   4.3957  14.9863   0.0000   0.0000   0.0000
     149  -2.8553   3.7600  15.6276   0.0000   0.0000   0.0000
     150  -4.0879   3.3194  15.7384   0.0000   0.0000   0.0000
     151  -3.5580   3.4771  16.1808   0.0000   0.0000   0.0000
     152  -2.9359   3.8287  15.1975   0.0000   0.0000   0.0000
     153  -3.9593   3.8635  15.4827   0.0000   0.0000   0.0000
     154  -4.2523   3.6243  15.5544   0.0000   0.0000   0.0000
     155  -2.4712   4.1152  15.8943   0.0000   0.0000   0.0000
     156  -2.4118   3.7672  15.7969   0.0000   0.0000   0.0000
     157  -2.6266   3.6771  15.8599   0.0000   0.0000   0.0000
     158  -3.5005   3.5332  15.4500   0.0000   0.0000   0.0000
     159  -3.2493   4.1445  14.5027   0.0000   0.0000   0.0000
     160  -3.2297   3.5747  14.8184   0.0000   0.0000   0.0000
     161  -2.8593   3.3937  15.6208   0.0000   0.0000   0.0000
     162  -2.8935   4.2913  16.5389   0.0000   0.0000   0.0000
     163  -3.2709   2.7174  16.1193   0.0000   0.0000   0.0000
     164  -2.3869   2.4289  16.2583   0.0000   0.0000   0.0000
     165  -2.8999   3.2322  15.8922   0.0000   0.0000   0.0000
     166  -2.6521   2.6559  16.3660   0.0000   0.0000   0.0000
     167  -2.5534   2.8384  15.6038   0.0000   0.0000   0.0000
     168  -2.3570   2.1538  15.7596   0.0000   0.0000   0.0000
     169  -2.2543   2.4762  15.7973   0.0000   0.0000   0.0000
     170  -1.2403   2.4460  17.0163   0.0000   0.0000   0.0000
     171  -1.7991   2.1553  16.1397   0.0000   0.0000   0.0000
     172  -0.8737   2.1389  16.3842   0.0000   0.0000   0.0000
     173  -0.8402   3.9771  15.9404   0.0000   0.0000   0.0000
     174  -1.5469   2.6836  15.1417   0.0000   0.0000   0.0000
     175  -1.6815   2.9702  14.3471   0.0000   0.0000   0.0000
     176  -1.8501   3.2320  15.3398   0.0000   0.0000   0.0000
     177  -2.2354   2.7576  15.3293   0.0000   0.0000   0.0000
     178  -2.1731   2.7783  15.1233   0.0000   0.0000   0.0000
     179  -0.6302   3.0117  14.0349   0.0000   0.0000   0.0000
     180  -0.6578   2.5572  14.5477   0.0000   0.0000   0.0000
     181  -1.4278   2.5899  14.3273   0.0000   0.0000   0.0000
     182  -1.0386   2.3572  14.7495   0.0000   0.0000   0.0000
     183  -0.8430   1.7331  14.8294   0.0000   0.0000   0.0000
     184  -0.9125   1.9583  14.6013   0.0000   0.0000   0.0000
     185  -1.4430   2.7091  15.0958   0.0000   0.0000   0.0000
     186  -0.2984   1.8515  14.8901   0.0000   0.0000   0.0000
     187  -0.3116   2.5227  14.4705   0.0000   0.0000   0.0000
     188  -0.0242   3.0998  15.0533   0.0000   0.0000   0.0000
     189  -0.6010   2.4842  15.8016   0.0000   0.0000   0.0000
     190  -0.3832   2.7325  15.4639   0.0000   0.0000   0.0000
     191  -0.2747   2.5071  15.2222   0.0000   0.0000   0.0000
     192  -0.9593   2.1660  15.6643   0.0000   0.0000   0.0000
     193  -0.3586   2.0671  15.4321   0.0000   0.0000   0.0000
     194  -0.0783   2.5204  15.3528   0.0000   0.0000   0.0000
     195  -0.3642   2.1823  15.1545   0.0000   0.0000   0.0000
     196  -0.2555   2.8415  16.0068   0.0000   0.0000   0.0000
     197  -0.2675   3.0456  15.7340   0.0000   0.0000   0.0000
     198  -0.5795   2.1749  14.8794   0.0000   0.0000   0.0000
     199  -0.4157   2.1909  16.3125   0.0000   0.0000   0.0000
     200  -0.7163   2.2161  15.5757   0.0000   0.0000   0.0000
     201  -0.6057   1.7567  15.8603   0.0000   0.0000   0.0000
     202  -0.8941   2.4246  15.6881   0.0000   0.0000   0.0000
     203  -0.1366   2.2736  15.1440   0.0000   0.0000   0.0000
     204   0.0617   3.0458  15.5264   0.0000   0.0000   0.0000
     205   0.6299   2.8302  15.7308   0.0000   0.0000   0.0000
     206   0.0692   2.8328  15.0869   0.0000   0.0000   0.0000
     207   0.6762   3.7694  15.2962   0.0000   0.0000   0.0000
     208  -0.4820   2.9861  15.1873   0.0000   0.0000   0.0000
     209  -1.3215   2.5540  15.4902   0.0000   0.0000   0.0000
     210  -1.0159   3.2157  16.3781   0.0000   0.0000   0.0000
     211  -0.2516   3.7925  16.2094   0.0000   0.0000   0.0000
     212  -0.6272   2.8530  16.6426   0.0000   0.0000   0.0000
     213  -0.1967   2.8388  15.9618   0.0000   0.0000   0.0000
     214  -0.0069   2.9513  16.0157   0.0000   0.0000   0.0000
     215  -0.3544   2.6580  15.4168   0.0000   0.0000   0.0000
     216   0.3427   3.6511  15.4255   0.0000   0.0000   0.0000
     217   0.0128   3.5699  15.5247   0.0000   0.0000   0.0000
     218   0.1832   3.2639  15.3737   0.0000   0.0000   0.0000
     219   0.4023   3.3794  17.0092   0.0000   0.0000   0.0000
     220  -0.3038   3.3147  16.2485   0.0000   0.0000   0.0000
     221   0.1868   3.8031  15.9371   0.0000   0.0000   0.0000
     222  -0.9588   3.4735  15.5714   0.0000   0.0000   0.0000
     223   0.2005   3.7272  16.0443   0.0000   0.0000   0.0000
     224  -0.6582   3.2677  15.5070   0.0000   0.0000   0.0000
     225  -0.3255   3.0600  14.6663   0.0000   0.0000   0.0000
     226   0.1826   2.9831  14.9181   0.0000   0.0000   0.0000
     227  -0.4775   2.3928  14.9938   0.0000   0.0000   0.0000
     228  -1.3912   3.4146  14.6323   0.0000   0.0000   0.0000
     229  -0.9195   3.5849  14.4167   0.0000   0.0000   0.0000
     230  -0.5947   3.4274  14.9372   0.0000   0.0000   0.0000
     231  -0.2021   3.0598  15.1326   0.0000   0.0000   0.0000
     232  -0.7067   2.6079  14.4453   0.0000   0.0000   0.0000
     233  -0.2589   2.8303  13.8579   0.0000   0.0000   0.0000
     234   0.2414   3.6863  13.3873   0.0000   0.0000   0.0000
     235  -1.0970   2.4370  13.9648   0.0000   0.0000   0.0000
     236   0.1133   2.9134  14.0445   0.0000   0.0000   0.0000
     237  -1.7457   2.6299  14.2134   0.0000   0.0000   0.0000
     238  -0.7876   3.3870  13.6103   0.0000   0.0000   0.0000
     239  -1.1673   3.0850  13.7130   0.0000   0.0000   0.0000
     240  -0.3151   2.3536  13.4954   0.0000   0.0000   0.0000
     241  -0.8733   2.9209  14.4477   0.0000   0.0000   0.0000
     242   0.3359   2.7217  14.7460   0.0000   0.0000   0.0000
     243  -0.7414   3.0629  14.9447   0.0000   0.0000   0.0000
     244  -1.4533   3.5700  14.9209   0.0000   0.0000   0.0000
     245  -0.9517   2.8586  15.5039   0.0000   0.0000   0.0000
     246  -1.2638   3.5760  15.7890   0.0000   0.0000   0.0000
     247  -0.7913   2.9777  15.3909   0.0000   0.0000   0.0000
     248  -1.2353   2.9518  15.3848   0.0000   0.0000   0.0000
     249  -1.1511   2.3933  14.8145   0.0000   0.0000   0.0000
     250  -0.9350   2.1481  15.3086   0.0000   0.0000   0.0000
     251  -2.3561   3.8831  11.7951   0.0000   0.0000   0.0000
     252  -2.6964   4.5483  12.1863   0.0000   0.0000   0.0000
     253  -3.2634   4.7317  12.0320   0.0000   0.0000   0.0000
     254  -2.6883   4.3449  11.3104   0.0000   0.0000   0.0000
     255  -2.7606   4.6917  12.8841   0.0000   0.0000   0.0000
     256  -1.5937   4.1447  12.6742   0.0000   0.0000   0.0000
     257  -3.8009   4.5787  13.2894   0.0000   0.0000   0.0000
     258  -3.0493   5.5820  13.3055   0.0000   0.0000   0.0000
     259  -2.6189   4.9287  13.5927   0.0000   0.0000   0.0000
     260  -2.4592   5.2004  13.3813   0.0000   0.0000   0.0000
     261  -2.7723   5.1671  13.7165   0.0000   0.0000   0.0000
     262  -2.6239   4.7499  12.6684   0.0000   0.0000   0.0000
     263  -2.5421   4.5897  12.9952   0.0000   0.0000   0.0000
     264  -2.9280   4.1230  13.3500   0.0000   0.0000   0.0000
     265  -3.3678   3.7508  13.7861   0.0000   0.0000   0.0000
     266  -2.9896   4.9679  13.2708   0.0000   0.0000   0.0000
     267  -2.5191   4.7453  13.1005   0.0000   0.0000   0.0000
     268  -1.1960   4.5698  12.6501   0.0000   0.0000   0.0000
     269  -2.0261   4.3430  12.8279   0.0000   0.0000   0.0000
     270  -2.2283   4.3898  12.7536   0.0000   0.0000   0.0000
     271  -3.0165   4.5553  12.2063   0.0000   0.0000   0.0000
     272  -2.1849   4.6014  12.2735   0.0000   0.0000   0.0000
     273  -1.7304   4.9260  11.3431   0.0000   0.0000   0.0000
     274  -2.3322   5.3968  12.1393   0.0000   0.0000   0.0000
     275  -2.7642   5.2103  11.5860   0.0000   0.0000   0.0000
     276  -2.6601   5.1547  11.9699   0.0000   0.0000   0.0000
     277  -2.4321   5.0965  11.6657   0.0000   0.0000   0.0000
     278  -2.9999   4.6946  11.8292   0.0000   0.0000   0.0000
     279  -3.2487   5.7239  11.9180   0.0000   0.0000   0.0000
     280  -2.7736   5.7771  11.4157   0.0000   0.0000   0.0000
     281  -2.7495   5.2219  11.7986   0.0000   0.0000   0.0000
     282  -2.2676   5.2838  11.6422   0.0000   0.0000   0.0000
     283  -2.7861   4.5425  11.1238   0.0000   0.0000   0.0000
     284  -3.8916   4.6385  12.2755   0.0000   0.0000   0.0000
     285  -3.4836   5.2497  12.4513   0.0000   0.0000   0.0000
     286  -3.0737   6.1818  12.3343   0.0000   0.0000   0.0000
     287  -2.7914   5.5079  11.4623   0.0000   0.0000   0.0000
     288  -3.4806   5.0762  11.2221   0.0000   0.0000   0.0000
     289  -2.9250   5.0231  12.0089   0.0000   0.0000   0.0000
     290  -2.7709   5.1939  12.3492   0.0000   0.0000   0.0000
     291  -3.1748   5.0127  12.2161   0.0000   0.0000   0.0000
     292  -3.2394   4.5854  12.5126   0.0000   0.0000   0.0000
     293  -2.2694   4.6930  12.3436   0.0000   0.0000   0.0000
     294  -2.3534   5.6401  12.6038   0.0000   0.0000   0.0000
     295  -1.9777   4.7073  12.8214   0.0000   0.0000   0.0000
     296  -2.0608   4.6930  12.7867   0.0000   0.0000   0.0000
     297  -1.8911   4.4530  12.7109   0.0000   0.0000   0.0000
     298  -2.2668   5.1099  12.5142   0.0000   0.0000   0.0000
     299  -2.3131   4.4142  12.5540   0.0000   0.0000   0.0000
     300  -2.2814   4.2159  11.8237   0.0000   0.0000   0.0000
     301  -2.2981   4.3528  11.7154   0.0000   0.0000   0.0000
     302  -2.2920   4.2572  12.3153   0.0000   0.0000   0.0000
     303  -2.4857   4.7699  12.9274   0.0000   0.0000   0.0000
     304  -2.3765   3.9518  13.1868   0.0000   0.0000   0.0000
     305  -2.1501   4.4699  13.1771   0.0000   0.0000   0.0000
     306  -2.2968   3.7465  12.6440   0.0000   0.0000   0.0000
     307  -1.9526   3.9898  12.2360   0.0000   0.0000   0.0000
     308  -2.2164   4.6515  12.2008   0.0000   0.0000   0.0000
     309  -2.2884   4.4313  13.2093   0.0000   0.0000   0.0000
     310  -3.1830   4.5396  14.2583   0.0000   0.0000   0.0000
     311  -2.0345   4.7412  13.3212   0.0000   0.0000   0.0000
     312  -3.3648   4.6730  12.8239   0.0000   0.0000   0.0000
     313  -2.9549   3.8582  13.2868   0.0000   0.0000   0.0000
     314  -3.6083   4.9802  13.1984   0.0000   0.0000   0.0000
     315  -3.2760   4.5915  12.9847   0.0000   0.0000   0.0000
     316  -2.2418   4.0989  13.0641   0.0000   0.0000   0.0000
     317  -2.7824   5.0075  13.8081   0.0000   0.0000   0.0000
     318  -2.5389   4.4365  13.8293   0.0000   0.0000   0.0000
     319  -2.4972   5.7149  12.6798   0.0000   0.0000   0.0000
     320  -2.8447   5.2500  13.4621   0.0000   0.0000   0.0000
     321  -2.5802   5.0096  12.5325   0.0000   0.0000   0.0000
     322  -2.5769   4.8234  12.7356   0.0000   0.0000   0.0000
     323  -1.9299   5.0506  13.4733   0.0000   0.0000   0.0000
     324  -1.7995   4.3811  13.0637   0.0000   0.0000   0.0000
     325  -1.6663   4.6259  14.0325   0.0000   0.0000   0.0000
     326  -3.3157   4.6138  13.1749   0.0000   0.0000   0.0000
     327  -2.6985   5.0914  12.9927   0.0000   0.0000   0.0000
     328  -2.3392   4.9711  13.8378   0.0000   0.0000   0.0000
     329  -2.6363   5.4855  13.6813   0.0000   0.0000   0.0000
     330  -2.8575   4.7455  14.0004   0.0000   0.0000   0.0000
     331  -2.3238   4.9766  13.2026   0.0000   0.0000   0.0000
     332  -3.0011   5.5473  14.1748   0.0000   0.0000   0.0000
     333  -3.1854   4.6954  14.1895   0.0000   0.0000   0.0000
     334  -2.2715   5.5687  13.8111   0.0000   0.0000   0.0000
     335  -2.9710   5.4391  14.0574   0.0000   0.0000   0.0000
     336  -3.2064   5.1984  13.7576   0.0000   0.0000   0.0000
     337  -3.5305   4.4926  13.4438   0.0000   0.0000   0.0000
     338  -2.8190   4.8366  13.4090   0.0000   0.0000   0.0000
     339  -2.8563   4.3476  13.9734   0.0000   0.0000   0.0000
     340  -3.1541   3.9873  14.4517   0.0000   0.0000   0.0000
     341  -2.9989   3.9487  14.6527   0.0000   0.0000   0.0000
     342  -2.5694   3.9142  14.5574   0.0000   0.0000   0.0000
     343  -2.7648   4.5900  13.6311   0.0000   0.0000   0.0000
     344  -2.6617   5.1432  14.0616   0.0000   0.0000   0.0000
     345  -2.9411   4.8518  13.4266   0.0000   0.0000   0.0000
     346  -2.5401   4.7132  13.6883   0.0000   0.0000   0.0000
     347  -2.3532   4.2454  13.9827   0.0000   0.0000   0.0000
     348  -1.8414   5.6128  14.1379   0.0000   0.0000   0.0000
     349  -1.9223   5.2086  13.1527   0.0000   0.0000   0.0000
     350  -2.1641   5.1228  13.1302   0.0000   0.0000   0.0000
     351  -1.8494   4.4210  13.3774   0.0000   0.0000   0.0000
     352  -1.4813   4.7958  13.4883   0.0000   0.0000   0.0000
     353  -2.0110   4.8264  13.2925   0.0000   0.0000   0.0000
     354  -2.1025   4.8546  13.7567   0.0000   0.0000   0.0000
     355  -0.8027   4.9115  14.3238   0.0000   0.0000   0.0000
     356  -0.6848   5.1125  13.2249   0.0000   0.0000   0.0000
     357  -1.4450   5.7590  13.9453   0.0000   0.0000   0.0000
     358  -1.3929   5.9778  14.1274   0.0000   0.0000   0.0000
     359  -1.0563   5.8487  13.8956   0.0000   0.0000   0.0000
     360  -1.7424   5.5899  12.8896   0.0000   0.0000   0.0000
     361  -1.8457   5.3753  12.7025   0.0000   0.0000   0.0000
     362  -1.5268   5.2411  13.4406   0.0000   0.0000   0.0000
     363  -1.2370   5.1234  13.5951   0.0000   0.0000   0.0000
     364  -1.0333   4.8371  13.2973   0.0000   0.0000   0.0000
     365  -1.3174   4.7920  13.4023   0.0000   0.0000   0.0000
     366  -1.9981   4.4901  12.1186   0.0000   0.0000   0.0000
     367  -1.2437   4.7696  13.0957   0.0000   0.0000   0.0000
     368  -2.4291   5.8475  12.8638   0.0000   0.0000   0.0000
     369  -2.2913   4.3397  13.3582   0.0000   0.0000   0.0000
     370  -2.0541   4.5385  13.0134   0.0000   0.0000   0.0000
     371  -1.0422   4.3672  13.0629   0.0000   0.0000   0.0000
     372  -1.7586   3.8095  13.5937   0.0000   0.0000   0.0000
     373  -2.1232   4.3094  13.7899   0.0000   0.0000   0.0000
     374  -1.0379   4.0387  14.4188   0.0000   0.0000   0.0000
     375  -1.4791   4.0121  14.1414   0.0000   0.0000   0.0000
     376  -0.7939   4.8992  13.6973   0.0000   0.0000   0.0000
     377  -0.7878   4.8035  13.6985   0.0000   0.0000   0.0000
     378  -0.0857   4.4673  14.1839   0.0000   0.0000   0.0000
     379  -1.4177   4.5649  14.0892   0.0000   0.0000   0.0000
     380  -1.3250   5.0435  14.1778   0.0000   0.0000   0.0000
     381  -1.0901   4.5532  14.7778   0.0000   0.0000   0.0000
     382  -1.8831   4.4720  14.9740   0.0000   0.0000   0.0000
     383  -1.2366   4.6566  14.4712   0.0000   0.0000   0.0000
     384  -1.6567   4.2053  15.0590   0.0000   0.0000   0.0000
     385  -0.6734   5.3765  14.7088   0.0000   0.0000   0.0000
     386  -1.4140   4.8144  14.7191   0.0000   0.0000   0.0000
     387  -1.8160   4.7691  13.9400   0.0000   0.0000   0.0000
     388  -1.1852   4.7725  14.2565   0.0000   0.0000   0.0000
     389  -1.2844   5.5962  14.1968   0.0000   0.0000   0.0000
     390  -1.4602   5.2189  14.1477   0.0000   0.0000   0.0000
     391  -1.2562   5.4217  14.8438   0.0000   0.0000   0.0000
     392  -1.1944   5.3446  14.5632   0.0000   0.0000   0.0000
     393  -1.3907   5.1120  15.2131   0.0000   0.0000   0.0000
     394  -1.5628   4.6183  15.2270   0.0000   0.0000   0.0000
     395  -0.8878   4.6109  15.2501   0.0000   0.0000   0.0000
     396  -0.5278   5.3595  15.0490   0.0000   0.0000   0.0000
     397  -1.6256   6.2301  14.4878   0.0000   0.0000   0.0000
     398  -0.3805   5.5225  14.7184   0.0000   0.0000   0.0000
     399  -1.0924   5.1104  14.5732   0.0000   0.0000   0.0000
     400  -1.5105   6.0847  14.7025   0.0000   0.0000   0.0000
     401  -1.1832   5.7662  14.8187   0.0000   0.0000   0.0000
     402  -1.4103   5.0713  15.2443   0.0000   0.0000   0.0000
     403  -1.4969   6.4198  14.8865   0.0000   0.0000   0.0000
     404  -1.3727   6.5257  14.5244   0.0000   0.0000   0.0000
     405  -1.9341   7.2048  13.9226   0.0000   0.0000   0.0000
     406  -1.2726   6.0594  14.3621   0.0000   0.0000   0.0000
     407  -1.7367   5.2001  14.9144   0.0000   0.0000   0.0000
     408  -2.3198   5.8162  14.5422   0.0000   0.0000   0.0000
     409  -2.0497   6.1290  14.8301   0.0000   0.0000   0.0000
     410  -1.2517   5.4446  14.8829   0.0000   0.0000   0.0000
     411  -0.9840   4.5749  15.2010   0.0000   0.0000   0.0000
     412  -0.8389   5.0377  15.4103   0.0000   0.0000   0.0000
     413  -1.9880   4.9280  15.2042   0.0000   0.0000   0.0000
     414  -1.1753   4.7674  15.5636   0.0000   0.0000   0.0000
     415  -1.0131   4.6239  14.8962   0.0000   0.0000   0.0000
     416  -1.1679   4.3318  14.8012   0.0000   0.0000   0.0000
     417  -0.5910   5.7664  14.5293   0.0000   0.0000   0.0000
     418  -0.1844   4.8062  13.9862   0.0000   0.0000   0.0000
     419  -0.4181   4.7050  13.7877   0.0000   0.0000   0.0000
     420   0.2972   4.2074  14.4099   0.0000   0.0000   0.0000
     421  -0.5016   4.2516  14.2857   0.0000   0.0000   0.0000
     422   0.4012   4.7340  14.5550   0.0000   0.0000   0.0000
     423  -0.5702   4.8313  13.4038   0.0000   0.0000   0.0000
     424  -0.1147   4.9715  13.2474   0.0000   0.0000   0.0000
     425  -0.5910   4.9049  13.4726   0.0000   0.0000   0.0000
     426   0.1638   4.7293  13.8658   0.0000   0.0000   0.0000
     427  -0.7650   4.5454  13.4177   0.0000   0.0000   0.0000
     428  -0.0345   4.4661  13.4558   0.0000   0.0000   0.0000
     429  -0.1616   4.5410  12.7611   0.0000   0.0000   0.0000
     430  -0.0743   4.9058  13.2662   0.0000   0.0000   0.0000
     431  -0.4750   4.7053  13.7703   0.0000   0.0000   0.0000
     432  -0.1568   5.8962  13.1315   0.0000   0.0000   0.0000
     433  -1.0369   6.8218  13.7335   0.0000   0.0000   0.0000
     434  -0.0493   6.6652  13.4477   0.0000   0.0000   0.0000
     435  -1.2297   5.8928  13.1980   0.0000   0.0000   0.0000
     436  -0.1966   5.8116  13.4644   0.0000   0.0000   0.0000
     437  -1.0458   5.1787  12.9240   0.0000   0.0000   0.0000
     438  -0.8444   4.9299  13.5213   0.0000   0.0000   0.0000
     439  -2.2494   5.2721  13.3128   0.0000   0.0000   0.0000
     440  -1.4417   5.8124  13.1884   0.0000   0.0000   0.0000
     441  -1.7387   5.4514  13.7842   0.0000   0.0000   0.0000
     442  -0.8744   5.8491  13.6749   0.0000   0.0000   0.0000
     443  -1.3442   5.1794  13.9259   0.0000   0.0000   0.0000
     444  -1.1451   4.9809  14.4067   0.0000   0.0000   0.0000
     445  -1.2550   4.7012  14.3543   0.0000   0.0000   0.0000
     446  -0.1021   5.4265  14.3724   0.0000   0.0000   0.0000
     447  -1.0028   5.8701  13.2800   0.0000   0.0000   0.0000
     448   0.2106   4.9026  13.3707   0.0000   0.0000   0.0000
     449   0.5136   5.4250  13.9697   0.0000   0.0000   0.0000
     450  -0.6965   5.5765  13.5113   0.0000   0.0000   0.0000
     451  -1.2141   5.3356  14.0181   0.0000   0.0000   0.0000
     452  -1.0909   4.8670  13.9497   0.0000   0.0000   0.0000
     453  -0.7912   4.3950  13.8318   0.0000   0.0000   0.0000
     454  -1.5074   5.3841  14.4945   0.0000   0.0000   0.0000
     455  -1.9227   4.7554  13.7463   0.0000   0.0000   0.0000
     456  -1.7101   4.2744  14.5651   0.0000   0.0000   0.0000
     457  -2.0191   5.1293  13.8122   0.0000   0.0000   0.0000
     458  -1.4092   5.1988  13.7127   0.0000   0.0000   0.0000
     459  -0.7169   5.2169  13.9716   0.0000   0.0000   0.0000
     460  -0.6323   5.3243  14.4365   0.0000   0.0000   0.0000
     461  -1.0347   4.9681  14.1283   0.0000   0.0000   0.0000
     462  -1.2950   4.5130  15.0365   0.0000   0.0000   0.0000
     463  -1.4856   4.7231  15.1826   0.0000   0.0000   0.0000
     464  -1.7824   5.0542  14.5206   0.0000   0.0000   0.0000
     465  -1.3251   4.9403  13.9713   0.0000   0.0000   0.0000
     466  -1.0765   5.0958  13.5276   0.0000   0.0000   0.0000
     467  -1.4469   4.9367  14.1161   0.0000   0.0000   0.0000
     468  -0.6001   6.0333  14.4906   0.0000   0.0000   0.0000
     469  -1.2750   4.2192  14.6848   0.0000   0.0000   0.0000
     470  -1.0029   4.9742  14.9174   0.0000   0.0000   0.0000
     471  -0.9410   4.7964  14.9886   0.0000   0.0000   0.0000
     472  -0.7217   4.4862  14.3881   0.0000   0.0000   0.0000
     473  -0.6813   4.8257  14.5296   0.0000   0.0000   0.0000
     474  -0.7835   4.1871  14.2908   0.0000   0.0000   0.0000
     475  -1.1187   4.5612  14.8330   0.0000   0.0000   0.0000
     476  -1.4327   4.6359  14.0869   0.0000   0.0000   0.0000
     477  -0.3150   4.7324  14.8443   0.0000   0.0000   0.0000
     478  -0.4019   4.6150  15.4815   0.0000   0.0000   0.0000
     479  -0.8773   5.0606  14.9582   0.0000   0.0000   0.0000
     480   0.0263   4.4999  15.5762   0.0000   0.0000   0.0000
     481  -1.2189   4.7560  15.0414   0.0000   0.0000   0.0000
     482  -1.1929   4.4035  16.2168   0.0000   0.0000   0.0000
     483  -1.4138   4.5717  15.2483   0.0000   0.0000   0.0000
     484  -0.4988   5.0369  15.7874   0.0000   0.0000   0.0000
     485  -1.3220   5.5032  15.1681   0.0000   0.0000   0.0000
     486  -0.7133   4.8392  14.6954   0.0000   0.0000   0.0000
     487  -1.5557   4.3734  14.6708   0.0000   0.0000   0.0000
     488  -1.0363   4.6768  14.3999   0.0000   0.0000   0.0000
     489  -0.2184   4.9716  15.1927   0.0000   0.0000   0.0000
     490  -0.5076   5.6221  15.0062   0.0000   0.0000   0.0000
     491  -0.7211   5.0030  15.2658   0.0000   0.0000   0.0000
     492  -0.6649   4.5968  15.1558   0.0000   0.0000   0.0000
     493  -0.1682   4.9128  15.2251   0.0000   0.0000   0.0000
     494  -1.2275   5.1789  15.4068   0.0000   0.0000   0.0000
     495  -1.1227   5.3402  14.7004   0.0000   0.0000   0.0000
     496  -0.9419   4.4669  14.8503   0.0000   0.0000   0.0000
     497  -0.7545   5.3701  14.7373   0.0000   0.0000   0.0000
     498  -1.8683   5.5295  14.9619   0.0000   0.0000   0.0000
     499  -1.9979   5.9014  14.8315   0.0000   0.0000   0.0000
     500  -0.8462   5.5932  14.9652   0.0000   0.0000   0.0000
     501  -1.2014   5.9847  15.3344   0.0000   0.0000   0.0000
     502  -1.1265   5.4006  15.4841   0.0000   0.0000   0.0000
     503  -0.2733   5.6630  15.0695   0.0000   0.0000   0.0000
     504  -0.0569   6.1569  14.9489   0.0000   0.0000   0.0000
     505  -0.1170   5.8220  15.3770   0.0000   0.0000   0.0000
     506  -0.5053   5.8856  16.5130   0.0000   0.0000   0.0000
     507  -0.3917   5.7072  16.4882   0.0000   0.0000   0.0000
     508   0.5226   5.9416  16.7400   0.0000   0.0000   0.0000
     509  -0.2779   5.9822  16.2037   0.0000   0.0000   0.0000
     510  -0.4909   5.5404  15.5113   0.0000   0.0000   0.0000
     511  -1.0444   5.7742  15.4789   0.0000   0.0000   0.0000
     512  -0.3956   5.4028  16.1095   0.0000   0.0000   0.0000
     513  -0.6049   5.7583  16.7270   0.0000   0.0000   0.0000
     514  -0.5046   5.7308  16.1371   0.0000   0.0000   0.0000
     515  -0.7262   5.5503  15.6679   0.0000   0.0000   0.0000
     516  -1.4405   5.9149  15.7561   0.0000   0.0000   0.0000
     517  -0.8270   5.4160  15.8656   0.0000   0.0000   0.0000
     518  -0.9300   5.1135  16.3501   0.0000   0.0000   0.0000
     519  -0.2614   5.5010  16.5101   0.0000   0.0000   0.0000
     520  -0.9827   4.6413  16.0442   0.0000   0.0000   0.0000
     521  -0.4901   4.9190  16.0563   0.0000   0.0000   0.0000
     522  -0.9087   5.5205  16.0373   0.0000   0.0000   0.0000
     523  -1.6162   5.3384  15.8619   0.0000   0.0000   0.0000
     524  -1.9918   5.6419  15.6531   0.0000   0.0000   0.0000
     525  -1.2360   4.7073  15.7559   0.0000   0.0000   0.0000
     526  -0.7843   5.4992  16.1650   0.0000   0.0000   0.0000
     527  -1.1375   5.6425  16.8542   0.0000   0.0000   0.0000
     528  -1.2972   6.7207  17.0181   0.0000   0.0000   0.0000
     529  -1.6053   6.6304  15.9488   0.0000   0.0000   0.0000
     530  -1.6962   6.9501  15.8001   0.0000   0.0000   0.0000
     531  -1.2614   6.6958  16.1490   0.0000   0.0000   0.0000
     532  -1.4436   6.8649  16.1440   0.0000   0.0000   0.0000
     533  -2.1785   7.0754  16.4038   0.0000   0.0000   0.0000
     534  -2.0804   6.8886  16.0097   0.0000   0.0000   0.0000
     535  -2.3492   6.9423  16.0996   0.0000   0.0000   0.0000
     536  -1.4017   6.8857  16.1971   0.0000   0.0000   0.0000
     537  -1.6085   6.1286  16.0421   0.0000   0.0000   0.0000
     538  -1.4015   6.1549  16.4241   0.0000   0.0000   0.0000
     539  -1.9538   6.0896  15.6648   0.0000   0.0000   0.0000
     540  -1.7770   6.3787  15.7664   0.0000   0.0000   0.0000
     541  -1.7480   6.8914  15.6686   0.0000   0.0000   0.0000
     542  -0.9994   6.2601  15.3262   0.0000   0.0000   0.0000
     543  -1.4820   5.9986  15.4861   0.0000   0.0000   0.0000
     544  -1.8375   5.7231  15.6003   0.0000   0.0000   0.0000
     545  -1.7367   5.9115  15.8954   0.0000   0.0000   0.0000
     546  -1.8643   6.4582  15.6451   0.0000   0.0000   0.0000
     547  -1.2652   5.8315  16.1412   0.0000   0.0000   0.0000
     548  -0.2333   6.7306  16.8226   0.0000   0.0000   0.0000
     549  -0.4135   6.2829  16.6137   0.0000   0.0000   0.0000
     550  -0.1742   5.5441  16.5426   0.0000   0.0000   0.0000
     551  -0.4682   5.5174  16.8468   0.0000   0.0000   0.0000
     552  -0.5458   6.9320  15.6020   0.0000   0.0000   0.0000
     553  -0.5850   6.8733  16.1582   0.0000   0.0000   0.0000
     554  -1.2879   6.4252  15.8243   0.0000   0.0000   0.0000
     555  -0.1100   7.3021  16.2984   0.0000   0.0000   0.0000
     556   0.1180   7.1297  16.2509   0.0000   0.0000   0.0000
     557  -0.1106   6.2634  16.4922   0.0000   0.0000   0.0000
     558   0.3243   7.2542  15.7086   0.0000   0.0000   0.0000
     559  -0.6873   6.9378  15.9232   0.0000   0.0000   0.0000
     560   0.3226   7.4883  15.5796   0.0000   0.0000   0.0000
     561   0.8357   7.0366  15.8160   0.0000   0.0000   0.0000
     562   0.8075   7.1438  15.8959   0.0000   0.0000   0.0000
     563   0.8422   6.9662  15.0013   0.0000   0.0000   0.0000
     564   0.4200   7.5334  15.3189   0.0000   0.0000   0.0000
     565  -0.0833   7.4535  15.7407   0.0000   0.0000   0.0000
     566   0.2284   7.4854  16.0199   0.0000   0.0000   0.0000
     567   0.3770   6.5743  15.5902   0.0000   0.0000   0.0000
     568   1.1100   6.6478  15.8809   0.0000   0.0000   0.0000
     569   1.0994   7.4601  16.2313   0.0000   0.0000   0.0000
     570   0.0974   6.9870  16.2202   0.0000   0.0000   0.0000
     571   1.0799   6.7824  16.0175   0.0000   0.0000   0.0000
     572  -0.1789   6.7841  15.7316   0.0000   0.0000   0.0000
     573  -0.1542   7.3317  15.8349   0.0000   0.0000   0.0000
     574  -1.1811   6.9591  15.5769   0.0000   0.0000   0.0000
     575  -0.0200   7.0114  14.9922   0.0000   0.0000   0.0000
     576   0.0565   6.5298  15.0022   0.0000   0.0000   0.0000
     577  -0.3095   6.6811  14.6660   0.0000   0.0000   0.0000
     578  -1.0463   6.6694  14.7277   0.0000   0.0000   0.0000
     579  -0.1344   6.3984  14.3264   0.0000   0.0000   0.0000
     580  -0.3894   6.8647  13.7403   0.0000   0.0000   0.0000
     581  -0.0044   6.6693  14.0126   0.0000   0.0000   0.0000
     582  -0.2908   6.6642  14.5481   0.0000   0.0000   0.0000
     583  -0.4859   6.4106  14.3168   0.0000   0.0000   0.0000
     584   0.2599   7.1744  13.8254   0.0000   0.0000   0.0000
     585   0.3481   6.0211  13.5314   0.0000   0.0000   0.0000
     586   0.2403   6.3621  13.7251   0.0000   0.0000   0.0000
     587   0.6869   6.2296  13.1328   0.0000   0.0000   0.0000
     588   0.1920   6.0447  14.0882   0.0000   0.0000   0.0000
     589   0.1136   6.4601  13.2210   0.0000   0.0000   0.0000
     590   0.7371   6.2516  13.7181   0.0000   0.0000   0.0000
     591   0.3621   6.3129  13.5748   0.0000   0.0000   0.0000
     592   0.2936   6.3546  13.7978   0.0000   0.0000   0.0000
     593   0.9800   5.9015  14.5199   0.0000   0.0000   0.0000
     594   0.9145   5.8266  13.0790   0.0000   0.0000   0.0000
     595   0.6354   5.9664  13.4294   0.0000   0.0000   0.0000
     596   0.4530   5.7297  14.0236   0.0000   0.0000   0.0000
     597   0.2495   5.0335  14.6233   0.0000   0.0000   0.0000
     598   0.8109   5.0606  14.7996   0.0000   0.0000   0.0000
     599   0.5127   4.6872  13.8581   0.0000   0.0000   0.0000
     600   0.9413   4.2683  14.0662   0.0000   0.0000   0.0000
     601   0.2515   4.2192  13.7351   0.0000   0.0000   0.0000
     602   0.0243   4.2216  14.8610   0.0000   0.0000   0.0000
     603   0.9346   3.9725  13.9289   0.0000   0.0000   0.0000
     604   0.9463   5.5298  14.2278   0.0000   0.0000   0.0000
     605   0.6617   4.6308  14.6740   0.0000   0.0000   0.0000
     606   0.6759   4.6346  14.6336   0.0000   0.0000   0.0000
     607   0.8983   4.0163  14.9558   0.0000   0.0000   0.0000
     608   0.6167   4.6523  15.1699   0.0000   0.0000   0.0000
     609   1.8309   5.0900  14.7242   0.0000   0.0000   0.0000
     610   1.1423   5.5401  13.4941   0.0000   0.0000   0.0000
     611   1.8735   6.0831  14.2627   0.0000   0.0000   0.0000
     612   2.0195   5.8517  13.9901   0.0000   0.0000   0.0000
     613   1.4745   5.7883  14.7194   0.0000   0.0000   0.0000
     614   1.1306   6.2855  13.9191   0.0000   0.0000   0.0000
     615   0.5628   5.3349  13.5955   0.0000   0.0000   0.0000
     616   1.0467   4.7489  14.3024   0.0000   0.0000   0.0000
     617   0.5194   5.2559  13.9591   0.0000   0.0000   0.0000
     618   0.4111   5.1861  14.7009   0.0000   0.0000   0.0000
     619   0.3874   4.2875  14.9608   0.0000   0.0000   0.0000
     620  -0.1108   4.2888  14.2973   0.0000   0.0000   0.0000
     621  -0.0514   4.9799  14.3102   0.0000   0.0000   0.0000
     622   0.7534   4.9618  14.0596   0.0000   0.0000   0.0000
     623   0.3601   5.1894  14.4183   0.0000   0.0000   0.0000
     624   0.6864   4.2346  15.1458   0.0000   0.0000   0.0000
     625   0.9471   4.3417  14.9086   0.0000   0.0000   0.0000
     626   1.0699   4.3833  14.5666   0.0000   0.0000   0.0000
     627   1.2073   5.6223  14.9631   0.0000   0.0000   0.0000
     628   1.0631   5.8007  15.5067   0.0000   0.0000   0.0000
     629   0.7913   4.8901  14.9695   0.0000   0.0000   0.0000
     630   1.8118   4.8219  14.3545   0.0000   0.0000   0.0000
     631   1.1642   5.0588  14.4119   0.0000   0.0000   0.0000
     632   1.9366   4.9700  14.7711   0.0000   0.0000   0.0000
     633   1.7987   3.8777  14.6871   0.0000   0.0000   0.0000
     634   1.5856   4.5572  15.2498   0.0000   0.0000   0.0000
     635   1.2793   4.9618  14.9918   0.0000   0.0000   0.0000
     636   1.4431   5.1072  14.8204   0.0000   0.0000   0.0000
     637   0.9734   4.1265  14.9271   0.0000   0.0000   0.0000
     638   0.6238   4.3817  15.1737   0.0000   0.0000   0.0000
     639  -0.3324   4.4338  15.3580   0.0000   0.0000   0.0000
     640   0.3754   4.1729  15.4741   0.0000   0.0000   0.0000
     641   0.3024   5.1789  15.2865   0.0000   0.0000   0.0000
     642   0.8442   5.5466  15.4241   0.0000   0.0000   0.0000
     643   0.6086   5.7685  14.9122   0.0000   0.0000   0.0000
     644   1.0098   4.9978  15.1881   0.0000   0.0000   0.0000
     645   1.2220   4.5372  15.6849   0.0000   0.0000   0.0000
     646   0.5354   4.7869  15.2017   0.0000   0.0000   0.0000
     647  -0.0405   4.2788  14.9045   0.0000   0.0000   0.0000
     648  -0.0559   5.0895  14.6476   0.0000   0.0000   0.0000
     649   0.9137   5.2168  14.7999   0.0000   0.0000   0.0000
     650   0.3737   5.4680  14.6135   0.0000   0.0000   0.0000
     651   0.0462   4.8325  14.2365   0.0000   0.0000   0.0000
     652  -0.1873   5.3158  14.8750   0.0000   0.0000   0.0000
     653  -0.0027   4.9328  14.8485   0.0000   0.0000   0.0000
     654  -0.2839   5.0114  14.3830   0.0000   0.0000   0.0000
     655  -0.4218   4.4396  14.4273   0.0000   0.0000   0.0000
     656  -0.3306   4.6844  14.4596   0.0000   0.0000   0.0000
     657   0.0823   4.2612  13.9002   0.0000   0.0000   0.0000
     658   0.0179   4.0964  15.1530   0.0000   0.0000   0.0000
     659   0.6294   5.0652  15.0367   0.0000   0.0000   0.0000
     660   0.7975   5.1072  14.7691   0.0000   0.0000   0.0000
     661   0.5600   4.3716  14.2721   0.0000   0.0000   0.0000
     662   1.6249   3.9048  14.1432   0.0000   0.0000   0.0000
     663   0.9140   3.6905  14.4753   0.0000   0.0000   0.0000
     664   1.2827   4.8859  13.9979   0.0000   0.0000   0.0000
     665   1.0453   4.0553  14.5242   0.0000   0.0000   0.0000
     666   0.8719   4.5913  14.2258   0.0000   0.0000   0.0000
     667   0.7616   4.6282  14.3278   0.0000   0.0000   0.0000
     668   0.8855   4.0018  15.1962   0.0000   0.0000   0.0000
     669   1.0687   3.2754  14.5377   0.0000   0.0000   0.0000
     670   0.7596   4.3012  14.4575   0.0000   0.0000   0.0000
     671   1.6419   3.7568  13.7316   0.0000   0.0000   0.0000
     672   1.7418   3.7563  14.1679   0.0000   0.0000   0.0000
     673   1.2915   3.4176  13.6711   0.0000   0.0000   0.0000
     674   0.7631   4.2324  13.5549   0.0000   0.0000   0.0000
     675   1.6715   4.5220  14.2468   0.0000   0.0000   0.0000
     676   1.6903   4.3067  14.1599   0.0000   0.0000   0.0000
     677   2.1452   3.5272  13.9504   0.0000   0.0000   0.0000
     678   1.9266   4.4084  13.9795   0.0000   0.0000   0.0000
     679   2.4403   4.8219  14.4008   0.0000   0.0000   0.0000
     680   1.8491   3.5529  13.8138   0.0000   0.0000   0.0000
     681   1.0886   3.7398  13.5463   0.0000   0.0000   0.0000
     682   1.5645   4.1409  13.5109   0.0000   0.0000   0.0000
     683   1.4457   4.7315  13.8614   0.0000   0.0000   0.0000
     684   0.8071   4.8274  13.6961   0.0000   0.0000   0.0000
     685   1.0939   4.9627  13.8623   0.0000   0.0000   0.0000
     686   1.1103   4.7543  13.6410   0.0000   0.0000   0.0000
     687   0.7102   4.9319  13.2424   0.0000   0.0000   0.0000
     688   0.9386   4.3938  13.1739   0.0000   0.0000   0.0000
     689   2.2654   4.4412  13.2307   0.0000   0.0000   0.0000
     690   0.5914   3.9713  13.3058   0.0000   0.0000   0.0000
     691   1.0614   3.0399  13.5309   0.0000   0.0000   0.0000
     692   0.8968   3.9940  12.7790   0.0000   0.0000   0.0000
     693   0.4533   4.2140  12.9647   0.0000   0.0000   0.0000
     694   1.4171   4.7138  13.3638   0.0000   0.0000   0.0000
     695   1.3530   3.7419  13.7782   0.0000   0.0000   0.0000
     696   1.1744   3.9441  13.7231   0.0000   0.0000   0.0000
     697   1.7956   4.4660  13.6640   0.0000   0.0000   0.0000
     698   1.7840   4.2921  13.8989   0.0000   0.0000   0.0000
     699   1.3801   4.4866  13.8546   0.0000   0.0000   0.0000
     700   1.3877   3.9331  13.8553   0.0000   0.0000   0.0000
     701   1.5764   4.4608  13.4308   0.0000   0.0000   0.0000
     702   1.5526   4.4956  12.9826   0.0000   0.0000   0.0000
     703   1.8033   4.1269  13.6301   0.0000   0.0000   0.0000
     704   2.2989   4.7386  13.9556   0.0000   0.0000   0.0000
     705   1.4344   4.1062  13.9124   0.0000   0.0000   0.0000
     706   0.8971   4.4167  14.1596   0.0000   0.0000   0.0000
     707   1.5987   4.2116  14.1909   0.0000   0.0000   0.0000
     708   0.8463   4.6121  13.8465   0.0000   0.0000   0.0000
     709   1.5842   3.4722  14.7185   0.0000   0.0000   0.0000
     710   0.9953   3.7340  14.9062   0.0000   0.0000   0.0000
     711   1.4928   3.6726  13.8910   0.0000   0.0000   0.0000
     712   1.8602   4.3723  14.5573   0.0000   0.0000   0.0000
     713   1.2894   4.2509  15.0163   0.0000   0.0000   0.0000
     714   0.3270   4.2209  15.0620   0.0000   0.0000   0.0000
     715   0.8293   4.1268  14.1611   0.0000   0.0000   0.0000
     716   1.7756   4.4118  14.6064   0.0000   0.0000   0.0000
     717   1.5841   4.4909  14.9210   0.0000   0.0000   0.0000
     718   0.8088   4.4377  14.5570   0.0000   0.0000   0.0000
     719   1.1793   4.1779  14.5532   0.0000   0.0000   0.0000
     720   1.3048   4.1495  14.9022   0.0000   0.0000   0.0000
     721   1.9210   4.6581  14.6703   0.0000   0.0000   0.0000
     722   1.6208   4.8204  14.0834   0.0000   0.0000   0.0000
     723   1.1150   4.5934  14.1893   0.0000   0.0000   0.0000
     724   1.8515   4.6081  13.5772   0.0000   0.0000   0.0000
     725   1.5966   4.4676  13.3480   0.0000   0.0000   0.0000
     726   1.3913   5.0527  13.6576   0.0000   0.0000   0.0000
     727   1.2180   4.4254  14.1629   0.0000   0.0000   0.0000
     728   1.6239   4.2101  14.1846   0.0000   0.0000   0.0000
     729   1.3503   4.6926  14.0237   0.0000   0.0000   0.0000
     730   1.4590   3.8369  14.1790   0.0000   0.0000   0.0000
     731   2.2358   5.0127  13.9291   0.0000   0.0000   0.0000
     732   1.1030   4.8646  13.6926   0.0000   0.0000   0.0000
     733   0.8197   5.0344  13.3194   0.0000   0.0000   0.0000
     734   1.7575   5.6263  13.8804   0.0000   0.0000   0.0000
     735   1.0915   5.8444  14.2182   0.0000   0.0000   0.0000
     736   1.6153   4.4758  13.9904   0.0000   0.0000   0.0000
     737   1.0059   4.3352  14.7009   0.0000   0.0000   0.0000
     738   2.1032   4.9958  15.1047   0.0000   0.0000   0.0000
     739   1.4575   4.9954  14.6399   0.0000   0.0000   0.0000
     740   1.7677   4.7898  14.7352   0.0000   0.0000   0.0000
     741   2.3900   5.6272  13.5993   0.0000   0.0000   0.0000
     742   0.8988   5.9673  14.2535   0.0000   0.0000   0.0000
     743   1.1955   5.9685  14.5145   0.0000   0.0000   0.0000
     744   1.9689   5.7443  15.2943   0.0000   0.0000   0.0000
     745   2.2532   5.1839  15.0398   0.0000   0.0000   0.0000
     746   1.7059   5.2735  14.5029   0.0000   0.0000   0.0000
     747   2.6493   4.6244  14.9459   0.0000   0.0000   0.0000
     748   1.1942   6.3188  15.0267   0.0000   0.0000   0.0000
     749   1.6065   6.2476  14.6997   0.0000   0.0000   0.0000
     750   0.7908   5.4787  14.8472   0.0000   0.0000   0.0000
     751   1.3838   5.0353  14.6830   0.0000   0.0000   0.0000
     752   0.9401   5.2417  14.6072   0.0000   0.0000   0.0000
     753   0.9339   6.9694  14.9312   0.0000   0.0000   0.0000
     754   1.1559   6.4992  15.2586   0.0000   0.0000   0.0000
     755   0.0811   6.0738  15.3317   0.0000   0.0000   0.0000
     756   0.1653   6.1197  15.7904   0.0000   0.0000   0.0000
     757   0.5196   6.0237  15.8462   0.0000   0.0000   0.0000
     758   0.4440   5.4508  15.2202   0.0000   0.0000   0.0000
     759   0.3230   6.4710  14.7186   0.0000   0.0000   0.0000
     760   0.4189   6.0796  15.4446   0.0000   0.0000   0.0000
     761   0.5437   6.6217  16.1301   0.0000   0.0000   0.0000
     762   0.7885   6.6332  15.6563   0.0000   0.0000   0.0000
     763   1.5295   6.0957  15.9510   0.0000   0.0000   0.0000
     764   0.5711   6.0087  16.4520   0.0000   0.0000   0.0000
     765   1.4091   6.2336  15.6675   0.0000   0.0000   0.0000
     766   2.0869   6.7993  16.3682   0.0000   0.0000   0.0000
     767   0.9223   5.7745  15.1899   0.0000   0.0000   0.0000
     768  -0.5374   5.8195  16.1760   0.0000   0.0000   0.0000
     769   0.7577   5.5769  15.6664   0.0000   0.0000   0.0000
     770   0.4138   5.8650  14.9567   0.0000   0.0000   0.0000
     771   1.2671   5.8278  15.3880   0.0000   0.0000   0.0000
     772   0.2283   6.0214  13.9655   0.0000   0.0000   0.0000
     773   0.3782   6.1395  14.3817   0.0000   0.0000   0.0000
     774   0.7656   6.2591  14.6953   0.0000   0.0000   0.0000
     775   0.7167   6.5218  15.5823   0.0000   0.0000   0.0000
     776   0.4933   6.4474  15.1439   0.0000   0.0000   0.0000
     777   1.0467   6.2648  15.5724   0.0000   0.0000   0.0000
     778  -0.3634   6.7813  16.5480   0.0000   0.0000   0.0000
     779  -0.0292   6.4610  16.2346   0.0000   0.0000   0.0000
     780   0.6271   7.0746  15.8919   0.0000   0.0000   0.0000
     781   1.1998   6.4233  15.9712   0.0000   0.0000   0.0000
     782   0.2704   6.2237  15.1594   0.0000   0.0000   0.0000
     783  -0.4504   7.2745  14.5032   0.0000   0.0000   0.0000
     784  -0.0399   7.3892  14.0459   0.0000   0.0000   0.0000
     785  -0.6461   6.8813  13.3931   0.0000   0.0000   0.0000
     786  -0.4857   6.7930  14.5182   0.0000   0.0000   0.0000
     787  -0.3938   6.8291  13.6748   0.0000   0.0000   0.0000
     788  -0.2879   6.8895  14.7055   0.0000   0.0000   0.0000
     789  -0.4517   7.1495  15.1504   0.0000   0.0000   0.0000
     790  -0.7654   6.4266  14.7359   0.0000   0.0000   0.0000
     791  -0.6221   6.7085  13.9559   0.0000   0.0000   0.0000
     792  -0.9628   6.6487  14.4074   0.0000   0.0000   0.0000
     793  -0.2979   6.1664  14.7288   0.0000   0.0000   0.0000
     794  -1.0513   6.5424  15.6444   0.0000   0.0000   0.0000
     795  -1.2311   5.0089  15.1033   0.0000   0.0000   0.0000
     796  -0.0926   5.4227  15.2864   0.0000   0.0000   0.0000
     797  -0.4937   5.1264  15.2272   0.0000   0.0000   0.0000
     798  -0.6227   4.6394  15.0388   0.0000   0.0000   0.0000
     799  -0.6981   5.4094  14.4467   0.0000   0.0000   0.0000
     800  -0.4279   5.7303  15.1219   0.0000   0.0000   0.0000
     801  -0.5662   5.1445  14.5643   0.0000   0.0000   0.0000
     802  -0.5361   5.3945  14.3518   0.0000   0.0000   0.0000
     803   0.5435   4.6302  15.6803   0.0000   0.0000   0.0000
     804   0.5378   4.0407  15.0341   0.0000   0.0000   0.0000
     805  -0.3026   4.9689  15.5054   0.0000   0.0000   0.0000
     806   0.0928   4.4179  15.6052   0.0000   0.0000   0.0000
     807  -1.1480   5.4398  15.9261   0.0000   0.0000   0.0000
     808  -0.5730   5.4699  15.4930   0.0000   0.0000   0.0000
     809  -0.5283   6.3223  15.4338   0.0000   0.0000   0.0000
     810  -0.5244   6.2373  16.0028   0.0000   0.0000   0.0000
     811  -0.7801   5.1807  15.8229   0.0000   0.0000   0.0000
     812   0.0910   5.5015  16.5100   0.0000   0.0000   0.0000
     813  -0.4634   4.7049  16.3752   0.0000   0.0000   0.0000
     814  -0.0696   5.2794  15.9223   0.0000   0.0000   0.0000
     815  -0.3905   6.2985  15.2724   0.0000   0.0000   0.0000
     816  -0.5152   6.0089  15.0375   0.0000   0.0000   0.0000
     817  -0.8431   5.4933  15.6244   0.0000   0.0000   0.0000
     818  -1.2894   5.0288  15.5781   0.0000   0.0000   0.0000
     819  -1.2796   4.5391  15.7706   0.0000   0.0000   0.0000
     820  -0.8288   5.0192  15.8128   0.0000   0.0000   0.0000
     821  -1.4054   4.7845  16.1282   0.0000   0.0000   0.0000
     822  -1.3554   4.9124  16.2477   0.0000   0.0000   0.0000
     823  -1.4612   4.4805  16.7844   0.0000   0.0000   0.0000
     824  -1.6050   4.6758  15.8936   0.0000   0.0000   0.0000
     825  -1.5172   4.0676  16.5924   0.0000   0.0000   0.0000
     826  -1.4303   4.2162  15.0476   0.0000   0.0000   0.0000
     827  -1.0953   4.1128  15.8041   0.0000   0.0000   0.0000
     828  -0.8227   4.2861  15.7945   0.0000   0.0000   0.0000
     829  -0.4764   3.9749  15.7817   0.0000   0.0000   0.0000
     830  -0.4900   4.4070  15.5879   0.0000   0.0000   0.0000
     831  -0.6084   4.3372  15.8345   0.0000   0.0000   0.0000
     832   0.3149   4.2764  15.7374   0.0000   0.0000   0.0000
     833   0.0849   4.6749  15.7810   0.0000   0.0000   0.0000
     834   0.3407   5.3386  16.0166   0.0000   0.0000   0.0000
     835   0.2670   5.0641  15.9680   0.0000   0.0000   0.0000
     836   0.6934   4.4553  16.0515   0.0000   0.0000   0.0000
     837   0.5473   5.0345  15.1594   0.0000   0.0000   0.0000
     838   0.2034   5.5318  15.4666   0.0000   0.0000   0.0000
     839   0.6273   6.5462  15.4843   0.0000   0.0000   0.0000
     840   0.8126   5.9139  15.3069   0.0000   0.0000   0.0000
     841   0.9659   5.4178  14.4441   0.0000   0.0000   0.0000
     842   0.6485   5.9234  15.1103   0.0000   0.0000   0.0000
     843   1.6081   5.4866  15.2645   0.0000   0.0000   0.0000
     844   2.4111   5.4281  14.7395   0.0000   0.0000   0.0000
     845   1.5620   5.9393  15.0574   0.0000   0.0000   0.0000
     846   2.1148   5.0753  15.3080   0.0000   0.0000   0.0000
     847   1.4021   5.7409  15.4193   0.0000   0.0000   0.0000
     848   0.9836   5.0821  15.8587   0.0000   0.0000   0.0000
     849   1.1204   5.7949  14.9181   0.0000   0.0000   0.0000
     850   0.3228   4.8957  15.6763   0.0000   0.0000   0.0000
     851   1.0874   5.6530  16.0475   0.0000   0.0000   0.0000
     852   1.6164   6.0278  15.4227   0.0000   0.0000   0.0000
     853   1.8182   5.4547  16.0600   0.0000   0.0000   0.0000
     854   1.1493   5.5247  15.7014   0.0000   0.0000   0.0000
     855   0.6759   6.2172  15.6133   0.0000   0.0000   0.0000
     856  -0.2050   6.3387  15.4193   0.0000   0.0000   0.0000
     857  -0.4291   5.7913  15.1457   0.0000   0.0000   0.0000
     858  -0.9609   5.9553  15.2097   0.0000   0.0000   0.0000
     859   0.1295   6.8320  15.2168   0.0000   0.0000   0.0000
     860  -0.2920   6.3365  15.2525   0.0000   0.0000   0.0000
     861  -0.2575   6.6427  16.3764   0.0000   0.0000   0.0000
     862  -0.1421   5.8997  15.0745   0.0000   0.0000   0.0000
     863   0.2089   5.5963  14.6781   0.0000   0.0000   0.0000
     864   0.4264   6.1127  15.0457   0.0000   0.0000   0.0000
     865   1.0201   6.0996  15.7394   0.0000   0.0000   0.0000
     866   0.7855   6.0655  15.1511   0.0000   0.0000   0.0000
     867   1.1141   6.1423  15.5495   0.0000   0.0000   0.0000
     868   0.2757   5.4784  15.7301   0.0000   0.0000   0.0000
     869   0.6145   5.4865  16.0084   0.0000   0.0000   0.0000
     870   1.0865   6.4815  16.0580   0.0000   0.0000   0.0000
     871   0.1183   6.4595  15.6318   0.0000   0.0000   0.0000
     872   1.4515   5.6616  15.4576   0.0000   0.0000   0.0000
     873   0.5673   6.6815  15.8039   0.0000   0.0000   0.0000
     874  -0.2446   6.5111  15.4530   0.0000   0.0000   0.0000
     875  -0.0301   6.4323  15.6475   0.0000   0.0000   0.0000
     876   0.9614   6.1977  15.8363   0.0000   0.0000   0.0000
     877   0.1744   5.3670  15.7480   0.0000   0.0000   0.0000
     878   0.4160   5.8757  16.2342   0.0000   0.0000   0.0000
     879   1.2978   5.7391  15.9878   0.0000   0.0000   0.0000
     880   1.4772   5.7864  16.2593   0.0000   0.0000   0.0000
     881   0.8929   6.1144  16.5711   0.0000   0.0000   0.0000
     882   1.9584   6.4134  16.7143   0.0000   0.0000   0.0000
     883   1.5025   5.8448  16.2920   0.0000   0.0000   0.0000
     884   2.0751   5.5713  16.8933   0.0000   0.0000   0.0000
     885   1.8165   5.4270  17.1193   0.0000   0.0000   0.0000
     886   1.8011   5.2584  16.7396   0.0000   0.0000   0.0000
     887   1.2707   4.4041  16.9402   0.0000   0.0000   0.0000
     888   1.3882   5.5980  17.1736   0.0000   0.0000   0.0000
     889   1.3136   6.1028  16.8013   0.0000   0.0000   0.0000
     890   1.8787   4.7291  16.5196   0.0000   0.0000   0.0000
     891   2.1906   5.7777  17.2468   0.0000   0.0000   0.0000
     892   2.4770   6.1449  16.9233   0.0000   0.0000   0.0000
     893   2.7650   6.0662  16.9762   0.0000   0.0000   0.0000
     894   2.5492   6.6657  16.3985   0.0000   0.0000   0.0000
     895   2.4919   6.4619  17.0323   0.0000   0.0000   0.0000
     896   2.3779   6.1798  16.8257   0.0000   0.0000   0.0000
     897   1.9716   6.2480  16.3812   0.0000   0.0000   0.0000
     898   1.9927   6.1881  17.0342   0.0000   0.0000   0.0000
     899   2.8944   6.8594  16.7345   0.0000   0.0000   0.0000
     900   2.2256   5.9121  16.7693   0.0000   0.0000   0.0000
     901   1.5121   5.4281  17.4329   0.0000   0.0000   0.0000
     902   2.4557   6.1090  17.1066   0.0000   0.0000   0.0000
     903   2.7020   6.1094  17.2232   0.0000   0.0000   0.0000
     904   2.0882   6.6141  16.6888   0.0000   0.0000   0.0000
     905   1.7740   5.5781  16.3830   0.0000   0.0000   0.0000
     906   1.8939   6.8760  17.1681   0.0000   0.0000   0.0000
     907   1.8446   5.8403  17.3978   0.0000   0.0000   0.0000
     908   1.8130   6.2984  17.1036   0.0000   0.0000   0.0000
     909   2.0139   6.2484  17.3138   0.0000   0.0000   0.0000
     910   2.2942   6.7439  17.0350   0.0000   0.0000   0.0000
     911   2.3145   6.3301  17.1777   0.0000   0.0000   0.0000
     912   2.2177   5.7354  17.0690   0.0000   0.0000   0.0000
     913   2.1433   5.9441  16.2482   0.0000   0.0000   0.0000
     914   1.6209   6.1586  15.7859   0.0000   0.0000   0.0000
     915   2.6075   5.7154  16.2071   0.0000   0.0000   0.0000
     916   1.1596   6.1667  16.3327   0.0000   0.0000   0.0000
     917   2.5283   6.2504  15.8399   0.0000   0.0000   0.0000
     918   2.5205   5.2952  16.1247   0.0000   0.0000   0.0000
     919   2.0938   5.6898  16.1117   0.0000   0.0000   0.0000
     920   2.2817   5.8146  15.5205   0.0000   0.0000   0.0000
     921   1.5532   5.2464  16.1331   0.0000   0.0000   0.0000
     922   1.9763   6.2102  16.6404   0.0000   0.0000   0.0000
     923   2.0285   6.0160  16.2024   0.0000   0.0000   0.0000
     924   2.4629   6.2245  16.8623   0.0000   0.0000   0.0000
     925   2.0835   6.0951  16.3656   0.0000   0.0000   0.0000
     926   1.7632   5.7787  16.2304   0.0000   0.0000   0.0000
     927   2.1360   6.0472  16.4515   0.0000   0.0000   0.0000
     928   2.1520   6.4498  15.8691   0.0000   0.0000   0.0000
     929   1.8020   6.3964  16.6407   0.0000   0.0000   0.0000
     930   2.2994   6.8197  15.9083   0.0000   0.0000   0.0000
     931   2.4192   6.5482  17.1544   0.0000   0.0000   0.0000
     932   2.2255   7.2566  16.6200   0.0000   0.0000   0.0000
     933   2.0277   6.4038  16.6922   0.0000   0.0000   0.0000
     934   1.4807   7.2347  15.8057   0.0000   0.0000   0.0000
     935   1.3472   7.2511  15.6380   0.0000   0.0000   0.0000
     936   2.2474   7.4790  16.5353   0.0000   0.0000   0.0000
     937   1.4483   6.2856  16.8121   0.0000   0.0000   0.0000
     938   0.6563   6.3784  15.8806   0.0000   0.0000   0.0000
     939   1.1685   6.4342  16.1966   0.0000   0.0000   0.0000
     940   1.6497   7.2470  16.7756   0.0000   0.0000   0.0000
     941   1.9243   7.4543  16.1385   0.0000   0.0000   0.0000
     942   1.7911   6.8097  16.2292   0.0000   0.0000   0.0000
     943   2.1652   7.7067  15.8962   0.0000   0.0000   0.0000
     944   2.3901   7.0536  16.6696   0.0000   0.0000   0.0000
     945   1.4290   7.5693  16.4490   0.0000   0.0000   0.0000
     946   2.3085   8.1882  16.7103   0.0000   0.0000   0.0000
     947   1.9259   7.7506  17.2854   0.0000   0.0000   0.0000
     948   3.0967   7.4495  16.2038   0.0000   0.0000   0.0000
     949   2.8988   7.4728  16.7200   0.0000   0.0000   0.0000
     950   2.2111   7.1024  16.5899   0.0000   0.0000   0.0000
     951   2.1530   7.3669  16.4530   0.0000   0.0000   0.0000
     952   1.4561   7.4044  16.2893   0.0000   0.0000   0.0000
     953   2.1482   7.0744  16.6511   0.0000   0.0000   0.0000
     954   2.0485   7.2650  16.7428   0.0000   0.0000   0.0000
     955   3.1408   7.1007  16.6167   0.0000   0.0000   0.0000
     956   2.3991   6.6875  16.6994   0.0000   0.0000   0.0000
     957   2.2244   6.9907  16.5165   0.0000   0.0000   0.0000
     958   2.6322   6.6494  16.7682   0.0000   0.0000   0.0000
     959   2.4594   6.8386  16.6017   0.0000   0.0000   0.0000
     960   2.0785   6.9997  15.6111   0.0000   0.0000   0.0000
     961   2.4424   6.4996  15.3253   0.0000   0.0000   0.0000
     962   2.3067   6.8718  15.9116   0.0000   0.0000   0.0000
     963   1.0439   6.4072  16.1977   0.0000   0.0000   0.0000
     964   2.1145   6.5159  15.9278   0.0000   0.0000   0.0000
     965   1.2201   6.8632  15.8090   0.0000   0.0000   0.0000
     966   1.5749   6.7743  16.1538   0.0000   0.0000   0.0000
     967   2.0043   7.2680  15.8655   0.0000   0.0000   0.0000
     968   1.1237   7.3335  16.2856   0.0000   0.0000   0.0000
     969   1.9651   6.6725  16.3512   0.0000   0.0000   0.0000
     970   0.7827   6.7715  15.6179   0.0000   0.0000   0.0000
     971   0.4758   6.2887  16.1398   0.0000   0.0000   0.0000
     972   0.5305   7.1447  16.5314   0.0000   0.0000   0.0000
     973   0.3521   7.2243  16.2720   0.0000   0.0000   0.0000
     974   0.3334   6.3807  15.7741   0.0000   0.0000   0.0000
     975   0.4470   7.0444  16.1955   0.0000   0.0000   0.0000
     976   1.6823   7.3378  15.9665   0.0000   0.0000   0.0000
     977   1.5338   7.6934  16.0765   0.0000   0.0000   0.0000
     978   0.9708   6.6665  15.9557   0.0000   0.0000   0.0000
     979   1.3163   6.8523  15.6606   0.0000   0.0000   0.0000
     980   0.6939   5.8376  16.5471   0.0000   0.0000   0.0000
     981   1.6159   6.8658  16.3106   0.0000   0.0000   0.0000
     982   0.9055   7.2501  15.5634   0.0000   0.0000   0.0000
     983   1.5117   6.5093  16.1420   0.0000   0.0000   0.0000
     984   1.5212   7.0343  15.9436   0.0000   0.0000   0.0000
     985   0.4676   7.8420  16.8318   0.0000   0.0000   0.0000
     986   1.4329   7.1868  16.8053   0.0000   0.0000   0.0000
     987   0.8381   7.1138  16.8292   0.0000   0.0000   0.0000
     988   1.9809   7.0638  16.6232   0.0000   0.0000   0.0000
     989   2.8413   8.0788  16.5100   0.0000   0.0000   0.0000
     990   2.1366   6.5040  16.8174   0.0000   0.0000   0.0000
     991   2.7113   6.3370  16.2087   0.0000   0.0000   0.0000
     992   3.0094   7.1071  16.1961   0.0000   0.0000   0.0000
     993   2.6865   6.5895  16.6090   0.0000   0.0000   0.0000
     994   2.5897   7.4420  16.0364   0.0000   0.0000   0.0000
     995   1.6256   7.1606  16.2303   0.0000   0.0000   0.0000
     996   2.4263   6.5139  16.5832   0.0000   0.0000   0.0000
     997   1.6940   6.4673  16.2476   0.0000   0.0000   0.0000
     998   1.4365   6.9852  15.9586   0.0000   0.0000   0.0000
     999   1.9246   7.4874  17.0718   0.0000   0.0000   0.0000
    1000   2.0466   7.1691  16.6622   0.0000   0.0000   0.0000
    1001   1.8586   7.3313  16.2082   0.0000   0.0000   0.0000
    1002   2.3847   6.7879  16.3798   0.0000   0.0000   0.0000
    1003   1.6609   6.9936  15.8314   0.0000   0.0000   0.0000
    1004   1.7368   6.6958  15.6735   0.0000   0.0000   0.0000
    1005   1.8241   6.4461  15.1229   0.0000   0.0000   0.0000
    1006   1.9399   6.2696  15.4387   0.0000   0.0000   0.0000
    1007   1.9269   6.5232  15.4047   0.0000   0.0000   0.0000
    1008   1.1675   6.0007  15.4215   0.0000   0.0000   0.0000
    1009   1.8187   6.3910  15.9328   0.0000   0.0000   0.0000
    1010   0.8230   6.6584  15.1812   0.0000   0.0000   0.0000
    1011   0.8177   7.0282  15.2042   0.0000   0.0000   0.0000
    1012   1.2319   6.5194  16.0859   0.0000   0.0000   0.0000
    1013   0.8466   6.8824  15.3755   0.0000   0.0000   0.0000
    1014   1.1782   6.1366  15.3285   0.0000   0.0000   0.0000
    1015   2.1464   6.2540  15.1304   0.0000   0.0000   0.0000
    1016   2.5966   6.4034  15.8869   0.0000   0.0000   0.0000
    1017   1.6756   6.7550  15.5367   0.0000   0.0000   0.0000
    1018   1.3220   6.6785  16.0332   0.0000   0.0000   0.0000
    1019   0.4407   5.9953  16.5375   0.0000   0.0000   0.0000
    1020   1.7242   5.7921  15.8870   0.0000   0.0000   0.0000
    1021   0.7574   5.2995  15.9388   0.0000   0.0000   0.0000
    1022   1.0153   5.7744  15.4638   0.0000   0.0000   0.0000
    1023   1.3176   6.3177  16.2100   0.0000   0.0000   0.0000
    1024   1.6378   6.0349  15.8968   0.0000   0.0000   0.0000
    1025   1.5906   6.1784  15.3268   0.0000   0.0000   0.0000
    1026   1.7806   6.5278  15.8281   0.0000   0.0000   0.0000
    1027   1.2404   6.0880  15.6380   0.0000   0.0000   0.0000
    1028   0.7605   6.3584  16.0290   0.0000   0.0000   0.0000
    1029   1.2072   5.9557  16.3685   0.0000   0.0000   0.0000
    1030   0.8931   6.1196  15.6272   0.0000   0.0000   0.0000
    1031   0.5976   6.2747  15.1325   0.0000   0.0000   0.0000
    1032   1.2622   5.2043  15.0398   0.0000   0.0000   0.0000
    1033   1.7407   4.8223  15.1834   0.0000   0.0000   0.0000
    1034   2.0069   5.1812  15.9171   0.0000   0.0000   0.0000
    1035   1.4321   5.4577  16.0610   0.0000   0.0000   0.0000
    1036   2.4054   6.4686  15.6220   0.0000   0.0000   0.0000
    1037   1.9978   6.4371  16.8771   0.0000   0.0000   0.0000
    1038   1.2004   6.5078  16.6682   0.0000   0.0000   0.0000
    1039   2.2559   7.1343  16.6395   0.0000   0.0000   0.0000
    1040   1.4201   7.2132  16.9626   0.0000   0.0000   0.0000
    1041   1.5341   6.9933  16.1881   0.0000   0.0000   0.0000
    1042   0.9842   6.1846  16.1586   0.0000   0.0000   0.0000
    1043   1.4055   5.5572  16.7920   0.0000   0.0000   0.0000
    1044   0.9926   5.8353  16.1868   0.0000   0.0000   0.0000
    1045   0.8533   5.5547  16.4242   0.0000   0.0000   0.0000
    1046   0.5487   5.7000  16.7520   0.0000   0.0000   0.0000
    1047   0.3684   5.4879  15.8062   0.0000   0.0000   0.0000
    1048   0.7896   6.5090  16.8887   0.0000   0.0000   0.0000
    1049   1.3656   6.6211  16.6017   0.0000   0.0000   0.0000
    1050   0.8694   5.7483  16.2211   0.0000   0.0000   0.0000
    1051   1.2762   6.3331  15.2078   0.0000   0.0000   0.0000
    1052   1.2994   5.6129  14.7800   0.0000   0.0000   0.0000
    1053   1.4160   5.2883  16.3238   0.0000   0.0000   0.0000
    1054   1.3879   5.8943  15.6716   0.0000   0.0000   0.0000
    1055   1.3594   6.1374  16.4071   0.0000   0.0000   0.0000
    1056   1.4054   5.9998  16.5968   0.0000   0.0000   0.0000
    1057   0.8894   6.4056  16.2559   0.0000   0.0000   0.0000
    1058   1.2951   6.5616  16.5246   0.0000   0.0000   0.0000
    1059   2.2472   7.1468  15.9555   0.0000   0.0000   0.0000
    1060   1.1542   6.6545  15.8678   0.0000   0.0000   0.0000
    1061   1.4946   6.7044  15.9308   0.0000   0.0000   0.0000
    1062   1.8083   6.0100  16.4185   0.0000   0.0000   0.0000
    1063   1.7149   6.6111  15.8099   0.0000   0.0000   0.0000
    1064   1.1350   6.2983  16.8218   0.0000   0.0000   0.0000
    1065   1.7260   7.0849  17.2946   0.0000   0.0000   0.0000
    1066   2.1060   7.0017  17.3428   0.0000   0.0000   0.0000
    1067   2.2367   6.7139  17.4420   0.0000   0.0000   0.0000
    1068   2.6490   7.0493  16.9640   0.0000   0.0000   0.0000
    1069   1.8865   6.6258  16.7707   0.0000   0.0000   0.0000
    1070   2.4211   6.0775  16.3630   0.0000   0.0000   0.0000
    1071   2.3847   6.0967  15.8710   0.0000   0.0000   0.0000
    1072   1.8524   5.7080  16.2577   0.0000   0.0000   0.0000
    1073   2.5036   5.8595  15.8765   0.0000   0.0000   0.0000
    1074   1.7123   6.0442  15.9872   0.0000   0.0000   0.0000
    1075   2.1136   5.5365  15.9606   0.0000   0.0000   0.0000
    1076   2.3133   6.0704  16.5178   0.0000   0.0000   0.0000
    1077   1.7756   6.3843  16.7971   0.0000   0.0000   0.0000
    1078   1.4080   5.1345  16.6318   0.0000   0.0000   0.0000
    1079   2.6858   5.2261  16.1753   0.0000   0.0000   0.0000
    1080   2.2112   5.9761  17.1158   0.0000   0.0000   0.0000
    1081   2.5131   6.0630  16.6303   0.0000   0.0000   0.0000
    1082   2.1327   6.1459  15.7267   0.0000   0.0000   0.0000
    1083   1.8553   7.6802  15.9783   0.0000   0.0000   0.0000
    1084   1.6038   7.0335  16.3596   0.0000   0.0000   0.0000
    1085   1.4581   7.8794  16.6412   0.0000   0.0000   0.0000
    1086   1.7090   8.1763  15.3609   0.0000   0.0000   0.0000
    1087   1.9261   7.9745  15.6241   0.0000   0.0000   0.0000
    1088   2.3044   7.1738  15.6206   0.0000   0.0000   0.0000
    1089   2.4830   7.4566  16.1821   0.0000   0.0000   0.0000
    1090   3.0240   7.1131  15.1694   0.0000   0.0000   0.0000
    1091   2.6851   6.0904  15.4861   0.0000   0.0000   0.0000
    1092   2.1598   6.9635  15.8136   0.0000   0.0000   0.0000
    1093   3.3193   6.5385  15.4592   0.0000   0.0000   0.0000
    1094   3.4163   7.1105  16.2891   0.0000   0.0000   0.0000
    1095   2.7960   6.2524  16.1232   0.0000   0.0000   0.0000
    1096   3.4731   6.2670  15.7382   0.0000   0.0000   0.0000
    1097   3.3128   5.3584  15.6693   0.0000   0.0000   0.0000
    1098   3.3657   5.9118  15.3152   0.0000   0.0000   0.0000
    1099   3.1991   5.3426  15.1305   0.0000   0.0000   0.0000
    1100   2.0918   5.8062  15.0844   0.0000   0.0000   0.0000
    1101   2.8430   5.1847  15.2397   0.0000   0.0000   0.0000
    1102   2.9868   5.4180  14.6131   0.0000   0.0000   0.0000
    1103   2.5763   5.8433  14.3585   0.0000   0.0000   0.0000
    1104   3.2774   6.1291  15.0019   0.0000   0.0000   0.0000
    1105   3.1950   5.1640  14.9712   0.0000   0.0000   0.0000
    1106   3.2415   5.4569  14.7851   0.0000   0.0000   0.0000
    1107   2.8351   5.6641  15.2480   0.0000   0.0000   0.0000
    1108   2.2903   5.2255  14.8017   0.0000   0.0000   0.0000
    1109   2.4617   5.4333  14.5489   0.0000   0.0000   0.0000
    1110   1.9981   5.8144  14.3452   0.0000   0.0000   0.0000
    1111   1.9008   6.2515  14.9163   0.0000   0.0000   0.0000
    1112   1.7552   5.8589  14.7249   0.0000   0.0000   0.0000
    1113   1.8207   5.7144  14.3931   0.0000   0.0000   0.0000
    1114   2.7580   5.6277  14.9395   0.0000   0.0000   0.0000
    1115   2.3561   6.5015  14.7021   0.0000   0.0000   0.0000
    1116   2.3637   6.3512  15.5334   0.0000   0.0000   0.0000
    1117   3.0774   6.5201  14.8612   0.0000   0.0000   0.0000
    1118   2.8396   7.1732  14.5326   0.0000   0.0000   0.0000
    1119   2.4879   6.5282  14.2374   0.0000   0.0000   0.0000
    1120   2.2534   6.6156  13.4353   0.0000   0.0000   0.0000
    1121   2.1438   6.2459  14.3321   0.0000   0.0000   0.0000
    1122   3.0918   5.5905  14.1327   0.0000   0.0000   0.0000
    1123   2.7083   5.7599  14.8144   0.0000   0.0000   0.0000
    1124   3.2567   6.2556  14.6703   0.0000   0.0000   0.0000
    1125   3.0697   6.1203  15.2797   0.0000   0.0000   0.0000
    1126   3.5696   6.1039  14.1829   0.0000   0.0000   0.0000
    1127   2.8912   6.2881  14.1963   0.0000   0.0000   0.0000
    1128   2.3462   6.6254  14.6296   0.0000   0.0000   0.0000
    1129   2.3978   6.0257  14.4126   0.0000   0.0000   0.0000
    1130   2.6774   5.8752  14.1889   0.0000   0.0000   0.0000
    1131   2.4882   6.1152  15.1042   0.0000   0.0000   0.0000
    1132   1.1990   6.6422  15.1639   0.0000   0.0000   0.0000
    1133   2.0189   6.8440  15.1673   0.0000   0.0000   0.0000
    1134   2.3178   5.3849  14.6142   0.0000   0.0000   0.0000
    1135   2.6541   6.4601  14.3186   0.0000   0.0000   0.0000
    1136   1.6171   4.6579  15.5322   0.0000   0.0000   0.0000
    1137   1.9870   6.6116  16.3289   0.0000   0.0000   0.0000
    1138   2.6239   4.9501  16.0920   0.0000   0.0000   0.0000
    1139   2.8545   6.0655  16.6001   0.0000   0.0000   0.0000
    1140   2.4748   6.1574  16.7717   0.0000   0.0000   0.0000
    1141   2.1465   5.6775  16.4958   0.0000   0.0000   0.0000
    1142   2.8521   6.4523  15.4508   0.0000   0.0000   0.0000
    1143   2.5043   6.1641  15.7271   0.0000   0.0000   0.0000
    1144   2.3043   6.8982  15.4154   0.0000   0.0000   0.0000
    1145   2.9898   6.0354  15.1214   0.0000   0.0000   0.0000
    1146   2.3703   6.7463  15.6556   0.0000   0.0000   0.0000
    1147   1.9774   6.9193  16.2773   0.0000   0.0000   0.0000
    1148   2.4107   6.6074  15.2842   0.0000   0.0000   0.0000
    1149   2.1217   6.6619  14.9927   0.0000   0.0000   0.0000
    1150   1.9419   6.9101  15.5761   0.0000   0.0000   0.0000
    1151   2.4208   7.0147  15.9605   0.0000   0.0000   0.0000
    1152   2.5544   6.5477  14.8423   0.0000   0.0000   0.0000
    1153   1.9157   6.5706  14.8616   0.0000   0.0000   0.0000
    1154   2.0031   6.4471  14.7218   0.0000   0.0000   0.0000
    1155   2.7350   6.0934  15.4261   0.0000   0.0000   0.0000
    1156   2.0976   6.5801  14.9853   0.0000   0.0000   0.0000
    1157   2.0426   6.8263  15.1455   0.0000   0.0000   0.0000
    1158   3.1001   7.0935  15.0507   0.0000   0.0000   0.0000
    1159   2.6719   6.7483  14.9672   0.0000   0.0000   0.0000
    1160   2.7304   5.8397  15.1936   0.0000   0.0000   0.0000
    1161   3.1072   6.4430  15.2379   0.0000   0.0000   0.0000
    1162   2.0439   6.0416  14.3010   0.0000   0.0000   0.0000
    1163   1.6316   6.2486  14.8277   0.0000   0.0000   0.0000
    1164   1.6905   6.4965  14.6467   0.0000   0.0000   0.0000
    1165   2.1672   6.6826  14.3626   0.0000   0.0000   0.0000
    1166   2.7607   6.7624  14.9029   0.0000   0.0000   0.0000
    1167   2.5108   6.6244  15.2388   0.0000   0.0000   0.0000
    1168   1.6241   6.1203  15.2537   0.0000   0.0000   0.0000
    1169   2.7702   6.3073  15.9995   0.0000   0.0000   0.0000
    1170   1.5478   5.8562  16.2309   0.0000   0.0000   0.0000
    1171   1.8408   6.9772  15.8614   0.0000   0.0000   0.0000
    1172   1.6706   6.9166  16.2744   0.0000   0.0000   0.0000
    1173   1.2511   7.1004  15.8875   0.0000   0.0000   0.0000
    1174   1.4885   6.6847  15.2091   0.0000   0.0000   0.0000
    1175   1.0166   6.8289  15.9414   0.0000   0.0000   0.0000
    1176   0.3695   6.9839  15.8504   0.0000   0.0000   0.0000
    1177   0.8973   6.6252  15.7776   0.0000   0.0000   0.0000
    1178   1.6898   6.3087  15.3840   0.0000   0.0000   0.0000
    1179   2.0478   6.9803  15.1854   0.0000   0.0000   0.0000
    1180   2.2044   6.7802  16.5205   0.0000   0.0000   0.0000
    1181   2.0874   6.9768  16.7481   0.0000   0.0000   0.0000
    1182   2.3218   7.2106  16.4549   0.0000   0.0000   0.0000
    1183   2.7179   6.8638  15.4182   0.0000   0.0000   0.0000
    1184   2.7173   6.3094  14.9891   0.0000   0.0000   0.0000
    1185   2.3556   7.6595  15.4913   0.0000   0.0000   0.0000
    1186   2.1525   7.8178  15.3494   0.0000   0.0000   0.0000
    1187   2.0713   7.0421  15.7741   0.0000   0.0000   0.0000
    1188   2.5463   6.9120  16.1155   0.0000   0.0000   0.0000
    1189   2.5857   7.6256  15.9012   0.0000   0.0000   0.0000
    1190   2.1846   7.9091  16.5869   0.0000   0.0000   0.0000
    1191   1.9119   8.2209  15.7614   0.0000   0.0000   0.0000
    1192   2.2501   7.3309  15.7139   0.0000   0.0000   0.0000
    1193   3.3580   7.3150  15.7614   0.0000   0.0000   0.0000
    1194   2.3775   7.7410  15.8495   0.0000   0.0000   0.0000
    1195   2.5925   7.1989  15.0774   0.0000   0.0000   0.0000
    1196   1.7894   6.8228  15.9279   0.0000   0.0000   0.0000
    1197   1.8894   7.2471  15.4465   0.0000   0.0000   0.0000
    1198   2.9193   6.5875  15.2593   0.0000   0.0000   0.0000
    1199   1.8945   7.0196  15.3532   0.0000   0.0000   0.0000
    1200   1.5305   6.6678  14.8559   0.0000   0.0000   0.0000
    1201   1.4641   6.6687  15.1565   0.0000   0.0000   0.0000
    1202   2.0237   6.7664  15.2934   0.0000   0.0000   0.0000
    1203   1.3708   6.7264  14.6567   0.0000   0.0000   0.0000
    1204   1.5067   7.2381  15.0180   0.0000   0.0000   0.0000
    1205   1.9345   7.6693  15.2905   0.0000   0.0000   0.0000
    1206   1.3599   7.5013  15.1623   0.0000   0.0000   0.0000
    1207   1.5660   7.9647  15.4649   0.0000   0.0000   0.0000
    1208   1.7995   8.1657  15.1835   0.0000   0.0000   0.0000
    1209   2.2984   8.2546  15.4259   0.0000   0.0000   0.0000
    1210   1.7289   8.1139  15.1894   0.0000   0.0000   0.0000
    1211   3.4562   8.0957  15.3962   0.0000   0.0000   0.0000
    1212   3.3647   8.8746  15.0890   0.0000   0.0000   0.0000
    1213   3.0400   8.8225  15.4207   0.0000   0.0000   0.0000
    1214   2.4334   8.4483  15.3359   0.0000   0.0000   0.0000
    1215   2.4459   8.7110  14.7742   0.0000   0.0000   0.0000
    1216   2.1330   8.0194  15.1991   0.0000   0.0000   0.0000
    1217   2.3791   8.0404  14.9726   0.0000   0.0000   0.0000
    1218   2.6713   8.3099  15.3308   0.0000   0.0000   0.0000
    1219   2.9735   8.6688  14.8454   0.0000   0.0000   0.0000
    1220   2.8286   9.3104  15.3255   0.0000   0.0000   0.0000
    1221   2.1713   8.5131  15.0609   0.0000   0.0000   0.0000
    1222   2.6612   8.3064  14.8689   0.0000   0.0000   0.0000
    1223   1.5944   7.9812  15.2240   0.0000   0.0000   0.0000
    1224   1.4502   7.5044  15.4386   0.0000   0.0000   0.0000
    1225   1.4221   7.2025  15.7608   0.0000   0.0000   0.0000
    1226   1.4608   7.6409  15.6280   0.0000   0.0000   0.0000
    1227   1.2364   7.8853  14.8550   0.0000   0.0000   0.0000
    1228   1.4792   7.8252  15.5576   0.0000   0.0000   0.0000
    1229   1.7953   7.5070  16.6477   0.0000   0.0000   0.0000
    1230   1.5606   6.9591  16.5244   0.0000   0.0000   0.0000
    1231   1.6481   7.9609  16.2699   0.0000   0.0000   0.0000
    1232   1.7975   8.1631  16.0236   0.0000   0.0000   0.0000
    1233   2.5743   7.8075  16.4443   0.0000   0.0000   0.0000
    1234   1.8682   8.1046  16.9594   0.0000   0.0000   0.0000
    1235   2.7856   7.5613  16.9729   0.0000   0.0000   0.0000
    1236   3.0504   7.6556  17.7201   0.0000   0.0000   0.0000
    1237   2.8810   7.6617  16.4449   0.0000   0.0000   0.0000
    1238   2.6476   8.0358  17.2039   0.0000   0.0000   0.0000
    1239   3.0544   7.4787  16.8592   0.0000   0.0000   0.0000
    1240   2.1363   7.5690  16.7027   0.0000   0.0000   0.0000
    1241   2.8558   6.8701  16.3651   0.0000   0.0000   0.0000
    1242   2.0468   8.0695  15.8908   0.0000   0.0000   0.0000
    1243   2.8630   8.2273  16.1035   0.0000   0.0000   0.0000
    1244   2.9170   7.9913  16.3406   0.0000   0.0000   0.0000
    1245   3.4171   8.1263  16.8002   0.0000   0.0000   0.0000
    1246   2.5052   8.3849  16.8173   0.0000   0.0000   0.0000
    1247   2.4070   8.0248  16.3759   0.0000   0.0000   0.0000
    1248   2.4978   8.3212  16.3251   0.0000   0.0000   0.0000
    1249   2.9670   7.9750  17.3987   0.0000   0.0000   0.0000
    1250   2.8273   8.1136  16.5186   0.0000   0.0000   0.0000
    1251   2.7894   7.7351  16.3033   0.0000   0.0000   0.0000
    1252   2.5118   8.0089  16.9044   0.0000   0.0000   0.0000
    1253   2.0137   8.7725  16.6661   0.0000   0.0000   0.0000
    1254   2.5093   8.7175  16.2439   0.0000   0.0000   0.0000
    1255   2.7876   8.4515  16.0843   0.0000   0.0000   0.0000
    1256   3.6642   8.2663  16.2137   0.0000   0.0000   0.0000
    1257   3.2610   8.2037  16.2530   0.0000   0.0000   0.0000
    1258   2.7227   8.0637  16.0124   0.0000   0.0000   0.0000
    1259   3.3139   8.1411  16.4923   0.0000   0.0000   0.0000
    1260   2.4695   8.5699  16.6971   0.0000   0.0000   0.0000
    1261   3.7656   7.6511  16.6064   0.0000   0.0000   0.0000
    1262   2.3866   7.7250  16.5604   0.0000   0.0000   0.0000
    1263   3.1917   7.9791  16.3439   0.0000   0.0000   0.0000
    1264   3.4834   7.4290  16.6019   0.0000   0.0000   0.0000
    1265   3.4417   7.7499  16.1303   0.0000   0.0000   0.0000
    1266   3.3337   8.0136  17.1321   0.0000   0.0000   0.0000
    1267   3.2594   7.8432  16.1693   0.0000   0.0000   0.0000
    1268   2.7391   8.5572  16.6053   0.0000   0.0000   0.0000
    1269   2.7780   8.0239  16.9259   0.0000   0.0000   0.0000
    1270   3.7970   8.5587  16.0547   0.0000   0.0000   0.0000
    1271   3.3647   8.0655  16.8764   0.0000   0.0000   0.0000
    1272   3.9291   8.2050  16.0548   0.0000   0.0000   0.0000
    1273   3.3405   8.0680  16.1686   0.0000   0.0000   0.0000
    1274   3.9274   7.7319  15.6840   0.0000   0.0000   0.0000
    1275   3.6120   8.1958  15.9091   0.0000   0.0000   0.0000
    1276   3.4650   8.5220  16.3061   0.0000   0.0000   0.0000
    1277   4.0010   7.9976  15.5001   0.0000   0.0000   0.0000
    1278   3.8262   7.7432  16.0409   0.0000   0.0000   0.0000
    1279   4.1594   7.4776  15.5314   0.0000   0.0000   0.0000
    1280   3.9602   7.9892  15.5171   0.0000   0.0000   0.0000
    1281   2.9228   7.5867  16.1029   0.0000   0.0000   0.0000
    1282   3.6668   6.9537  15.7060   0.0000   0.0000   0.0000
    1283   2.8735   8.2956  15.6581   0.0000   0.0000   0.0000
    1284   2.8573   7.6410  15.4691   0.0000   0.0000   0.0000
    1285   3.3156   7.6276  15.7365   0.0000   0.0000   0.0000
    1286   3.1802   7.4663  15.8264   0.0000   0.0000   0.0000
    1287   3.4154   8.0084  16.2628   0.0000   0.0000   0.0000
    1288   3.4950   7.1228  16.0929   0.0000   0.0000   0.0000
    1289   3.4026   7.6134  15.9220   0.0000   0.0000   0.0000
    1290   2.9297   7.5389  15.7059   0.0000   0.0000   0.0000
    1291   3.5663   6.8057  16.1156   0.0000   0.0000   0.0000
    1292   3.5234   6.6352  15.9903   0.0000   0.0000   0.0000
    1293   3.2654   7.4335  16.4528   0.0000   0.0000   0.0000
    1294   2.7417   7.1200  15.9725   0.0000   0.0000   0.0000
    1295   3.5207   7.7143  16.6189   0.0000   0.0000   0.0000
    1296   3.8133   7.0132  16.3718   0.0000   0.0000   0.0000
    1297   4.1657   7.1295  16.3385   0.0000   0.0000   0.0000
    1298   4.3560   6.5120  15.3686   0.0000   0.0000   0.0000
    1299   5.1028   6.8639  15.2026   0.0000   0.0000   0.0000
    1300   4.3182   5.8568  15.3151   0.0000   0.0000   0.0000
    1301   4.1855   6.7795  15.7294   0.0000   0.0000   0.0000
    1302   3.8942   6.4237  15.7686   0.0000   0.0000   0.0000
    1303   4.6206   5.8254  15.7251   0.0000   0.0000   0.0000
    1304   4.5738   6.8933  16.0654   0.0000   0.0000   0.0000
    1305   5.1596   6.6910  15.9598   0.0000   0.0000   0.0000
    1306   5.0562   6.2173  15.6736   0.0000   0.0000   0.0000
    1307   4.6759   6.9066  15.0341   0.0000   0.0000   0.0000
    1308   4.8253   6.7896  16.7519   0.0000   0.0000   0.0000
    1309   3.9226   6.6800  16.1656   0.0000   0.0000   0.0000
    1310   3.8541   6.9290  16.4765   0.0000   0.0000   0.0000
    1311   4.4617   6.5722  15.6453   0.0000   0.0000   0.0000
    1312   3.9530   7.1325  15.6601   0.0000   0.0000   0.0000
    1313   4.5439   6.6080  15.6855   0.0000   0.0000   0.0000
    1314   3.5517   6.2894  16.3022   0.0000   0.0000   0.0000
    1315   3.7222   6.5737  16.0206   0.0000   0.0000   0.0000
    1316   2.8807   6.2517  16.2629   0.0000   0.0000   0.0000
    1317   2.9543   6.2687  16.1591   0.0000   0.0000   0.0000
    1318   3.0407   5.7476  16.3651   0.0000   0.0000   0.0000
    1319   2.2871   6.6414  16.7655   0.0000   0.0000   0.0000
    1320   1.9483   6.3415  16.8399   0.0000   0.0000   0.0000
    1321   2.0581   5.9703  16.2391   0.0000   0.0000   0.0000
    1322   1.3829   5.9547  16.2237   0.0000   0.0000   0.0000
    1323   2.4861   6.0667  16.2438   0.0000   0.0000   0.0000
    1324   1.5320   6.3597  16.8213   0.0000   0.0000   0.0000
    1325   1.5154   7.4235  16.5384   0.0000   0.0000   0.0000
    1326   2.3928   6.2567  16.3396   0.0000   0.0000   0.0000
    1327   1.6741   7.3551  16.0544   0.0000   0.0000   0.0000
    1328   1.8265   6.6632  15.9762   0.0000   0.0000   0.0000
    1329   0.6853   7.0250  17.0155   0.0000   0.0000   0.0000
    1330   1.5936   6.6806  17.2851   0.0000   0.0000   0.0000
    1331   2.6533   7.1843  16.5089   0.0000   0.0000   0.0000
    1332   1.2105   6.5042  16.6621   0.0000   0.0000   0.0000
    1333   0.9472   7.0438  16.9023   0.0000   0.0000   0.0000
    1334   1.5688   6.3722  16.8025   0.0000   0.0000   0.0000
    1335   2.2452   6.1778  17.0221   0.0000   0.0000   0.0000
    1336   2.0643   6.8723  16.7395   0.0000   0.0000   0.0000
    1337   1.3385   6.8254  16.7352   0.0000   0.0000   0.0000
    1338   2.4067   7.3401  16.4586   0.0000   0.0000   0.0000
    1339   1.7337   6.6088  16.4121   0.0000   0.0000   0.0000
    1340   2.1983   6.6961  16.5116   0.0000   0.0000   0.0000
    1341   1.8914   6.8074  16.1202   0.0000   0.0000   0.0000
    1342   2.0846   7.0975  16.0087   0.0000   0.0000   0.0000
    1343   2.1184   7.3779  15.3676   0.0000   0.0000   0.0000
    1344   1.1224   6.3324  15.0120   0.0000   0.0000   0.0000
    1345   1.8824   6.9906  15.0917   0.0000   0.0000   0.0000
    1346   2.1113   6.4055  15.5293   0.0000   0.0000   0.0000
    1347   1.9711   5.7676  15.2057   0.0000   0.0000   0.0000
    1348   1.8283   5.9042  15.4577   0.0000   0.0000   0.0000
    1349   1.5859   5.6107  14.6242   0.0000   0.0000   0.0000
    1350   2.0342   6.1562  15.3749   0.0000   0.0000   0.0000
    1351   2.2759   6.3843  15.4014   0.0000   0.0000   0.0000
    1352   1.6723   6.7313  15.6007   0.0000   0.0000   0.0000
    1353   2.6717   6.2711  15.2294   0.0000   0.0000   0.0000
    1354   2.9712   7.4293  15.2843   0.0000   0.0000   0.0000
    1355   2.3820   7.9480  14.9011   0.0000   0.0000   0.0000
    1356   1.0494   8.5508  15.2774   0.0000   0.0000   0.0000
    1357   1.8790   9.0124  15.6186   0.0000   0.0000   0.0000
    1358   2.0379   8.6752  15.4304   0.0000   0.0000   0.0000
    1359   1.7810   8.5272  15.4350   0.0000   0.0000   0.0000
    1360   2.9794   9.4063  14.1173   0.0000   0.0000   0.0000
    1361   3.5826   9.0735  14.5919   0.0000   0.0000   0.0000
    1362   1.7173   9.7822  14.9071   0.0000   0.0000   0.0000
    1363   1.7386   9.0561  14.2462   0.0000   0.0000   0.0000
    1364   1.1752   9.2657  14.9528   0.0000   0.0000   0.0000
    1365   0.6934   9.2764  15.2323   0.0000   0.0000   0.0000
    1366   0.9692   9.2553  14.8114   0.0000   0.0000   0.0000
    1367   1.0309   9.7391  14.7954   0.0000   0.0000   0.0000
    1368   1.5895   9.0472  14.1015   0.0000   0.0000   0.0000
    1369   2.5891   8.8845  13.8671   0.0000   0.0000   0.0000
    1370   1.9153   9.3718  14.0155   0.0000   0.0000   0.0000
    1371   2.4852   9.3921  14.6361   0.0000   0.0000   0.0000
    1372   2.4054   9.0382  15.4681   0.0000   0.0000   0.0000
    1373   2.3922   9.7627  15.0043   0.0000   0.0000   0.0000
    1374   2.6786   9.7312  15.4542   0.0000   0.0000   0.0000
    1375   1.8330  10.2579  15.1425   0.0000   0.0000   0.0000
    1376   2.0244   8.9662  15.3646   0.0000   0.0000   0.0000
    1377   2.3116   9.0385  14.7217   0.0000   0.0000   0.0000
    1378   2.0794  10.0415  14.4259   0.0000   0.0000   0.0000
    1379   2.4371   9.8547  14.3538   0.0000   0.0000   0.0000
    1380   2.2397  10.1990  14.4108   0.0000   0.0000   0.0000
    1381   2.2779  10.2915  14.7164   0.0000   0.0000   0.0000
    1382   2.3987  10.1973  14.8521   0.0000   0.0000   0.0000
    1383   1.9452  10.0280  15.0590   0.0000   0.0000   0.0000
    1384   2.2621   9.8167  15.8192   0.0000   0.0000   0.0000
    1385   2.7622  10.2728  13.9703   0.0000   0.0000   0.0000
    1386   2.6642   9.3295  14.6317   0.0000   0.0000   0.0000
    1387   3.0395   9.5142  14.6378   0.0000   0.0000   0.0000
    1388   3.4414   9.6681  15.4400   0.0000   0.0000   0.0000
    1389   3.1334  10.0255  15.4095   0.0000   0.0000   0.0000
    1390   2.4385   9.6802  15.2617   0.0000   0.0000   0.0000
    1391   3.2042   9.3885  15.3490   0.0000   0.0000   0.0000
    1392   3.0854   9.4038  15.5761   0.0000   0.0000   0.0000
    1393   3.3724   9.9269  15.0856   0.0000   0.0000   0.0000
    1394   3.0465   8.5826  15.1194   0.0000   0.0000   0.0000
    1395   3.9220   9.8107  15.0362   0.0000   0.0000   0.0000
    1396   3.8157   9.7997  15.4672   0.0000   0.0000   0.0000
    1397   4.2856   8.6984  15.5567   0.0000   0.0000   0.0000
    1398   4.5138   9.4134  15.9763   0.0000   0.0000   0.0000
    1399   4.3992   9.1135  16.1737   0.0000   0.0000   0.0000
    1400   4.5093   8.7401  16.2174   0.0000   0.0000   0.0000
    1401   3.6647   8.7717  16.1426   0.0000   0.0000   0.0000
    1402   3.1235   8.7160  15.6107   0.0000   0.0000   0.0000
    1403   3.5334   9.2335  15.7965   0.0000   0.0000   0.0000
    1404   3.4758   9.2222  15.6241   0.0000   0.0000   0.0000
    1405   3.7998   8.8456  15.8962   0.0000   0.0000   0.0000
    1406   3.4436   9.0959  15.9777   0.0000   0.0000   0.0000
    1407   2.4199   9.5090  14.8509   0.0000   0.0000   0.0000
    1408   2.9751   9.7150  14.4979   0.0000   0.0000   0.0000
    1409   2.6968   8.8775  14.0003   0.0000   0.0000   0.0000
    1410   3.1395   9.0956  14.8071   0.0000   0.0000   0.0000
    1411   3.2101   9.2095  14.3957   0.0000   0.0000   0.0000
    1412   3.8666   9.3730  14.4558   0.0000   0.0000   0.0000
    1413   3.2505   9.0185  15.4667   0.0000   0.0000   0.0000
    1414   3.8486   9.7300  14.7189   0.0000   0.0000   0.0000
    1415   3.3698   8.9617  15.7664   0.0000   0.0000   0.0000
    1416   2.9568   9.2567  15.9577   0.0000   0.0000   0.0000
    1417   2.1615   9.2717  15.2378   0.0000   0.0000   0.0000
    1418   3.0298   8.8537  15.1641   0.0000   0.0000   0.0000
    1419   2.4972   8.9302  15.2847   0.0000   0.0000   0.0000
    1420   3.3320   8.7908  15.8144   0.0000   0.0000   0.0000
    1421   3.1270   9.5088  15.5803   0.0000   0.0000   0.0000
    1422   2.7923   9.8993  15.7374   0.0000   0.0000   0.0000
    1423   3.2133   7.9460  14.7257   0.0000   0.0000   0.0000
    1424   3.6391   8.1104  14.9663   0.0000   0.0000   0.0000
    1425   3.2786   8.5220  15.4497   0.0000   0.0000   0.0000
    1426   2.9882   9.0351  15.8488   0.0000   0.0000   0.0000
    1427   2.8541   8.8306  15.7712   0.0000   0.0000   0.0000
    1428   2.5085   9.6365  15.7186   0.0000   0.0000   0.0000
    1429   2.4250   9.7405  15.3395   0.0000   0.0000   0.0000
    1430   2.2252   8.7992  15.2896   0.0000   0.0000   0.0000
    1431   2.9725   9.2433  16.0091   0.0000   0.0000   0.0000
    1432   3.3393   9.6188  15.0751   0.0000   0.0000   0.0000
    1433   3.7230   8.7661  15.5130   0.0000   0.0000   0.0000
    1434   2.4144  10.2686  15.4786   0.0000   0.0000   0.0000
    1435   3.8163   9.5207  15.2873   0.0000   0.0000   0.0000
    1436   3.3483   9.6273  15.0519   0.0000   0.0000   0.0000
    1437   3.5039   8.5909  15.4888   0.0000   0.0000   0.0000
    1438   2.7853   8.2573  15.3110   0.0000   0.0000   0.0000
    1439   2.9914   9.2482  15.4357   0.0000   0.0000   0.0000
    1440   3.0800   9.5959  15.6387   0.0000   0.0000   0.0000
    1441   3.3167   9.4696  15.1313   0.0000   0.0000   0.0000
    1442   3.5650   9.2630  15.7237   0.0000   0.0000   0.0000
    1443   3.1528   9.6942  15.0415   0.0000   0.0000   0.0000
    1444   3.9611   8.9178  15.0039   0.0000   0.0000   0.0000
    1445   2.2499   9.8422  15.0241   0.0000   0.0000   0.0000
    1446   2.6442   9.2254  15.0062   0.0000   0.0000   0.0000
    1447   3.5093   8.9363  14.7991   0.0000   0.0000   0.0000
    1448   3.2657   8.7682  15.6034   0.0000   0.0000   0.0000
    1449   3.0666   8.0708  15.3293   0.0000   0.0000   0.0000
    1450   3.4817   8.2982  16.0126   0.0000   0.0000   0.0000
    1451   3.3309   9.5851  15.4102   0.0000   0.0000   0.0000
    1452   3.4765   9.4054  16.4423   0.0000   0.0000   0.0000
    1453   3.4805   9.4778  16.0718   0.0000   0.0000   0.0000
    1454   3.0190   9.5466  16.3088   0.0000   0.0000   0.0000
    1455   3.3261   9.5467  15.9397   0.0000   0.0000   0.0000
    1456   3.7174   8.6281  16.4422   0.0000   0.0000   0.0000
    1457   3.2967   8.8481  15.6735   0.0000   0.0000   0.0000
    1458   3.3576   9.0275  16.9636   0.0000   0.0000   0.0000
    1459   3.8478   9.4257  15.9297   0.0000   0.0000   0.0000
    1460   4.5234   9.2726  15.7974   0.0000   0.0000   0.0000
    1461   4.3362   9.3245  15.8980   0.0000   0.0000   0.0000
    1462   3.9541   9.4771  16.2547   0.0000   0.0000   0.0000
    1463   3.4910   8.8417  16.4086   0.0000   0.0000   0.0000
    1464   4.3485   8.3938  15.9039   0.0000   0.0000   0.0000
    1465   3.9998   8.1305  16.1272   0.0000   0.0000   0.0000
    1466   3.0315   8.6762  16.0433   0.0000   0.0000   0.0000
    1467   3.3801   7.8173  16.3785   0.0000   0.0000   0.0000
    1468   3.6553   8.0828  15.6822   0.0000   0.0000   0.0000
    1469   3.9459   8.3560  15.7444   0.0000   0.0000   0.0000
    1470   3.3124   8.1251  15.3460   0.0000   0.0000   0.0000
    1471   2.9736   8.2877  15.8594   0.0000   0.0000   0.0000
    1472   3.1463   8.8690  15.3626   0.0000   0.0000   0.0000
    1473   3.4528   9.4158  15.1900   0.0000   0.0000   0.0000
    1474   3.2360   8.6646  15.9179   0.0000   0.0000   0.0000
    1475   3.4843   8.5981  15.9149   0.0000   0.0000   0.0000
    1476   3.0239   8.0980  16.5764   0.0000   0.0000   0.0000
    1477   2.2503   9.2612  15.6078   0.0000   0.0000   0.0000
    1478   3.0149   8.2608  14.9220   0.0000   0.0000   0.0000
    1479   3.5671   8.1604  16.0695   0.0000   0.0000   0.0000
    1480   3.7265   8.1860  16.8065   0.0000   0.0000   0.0000
    1481   4.0220   8.9106  16.0517   0.0000   0.0000   0.0000
    1482   4.1788   9.5883  15.9305   0.0000   0.0000   0.0000
    1483   3.3445   9.7077  15.1455   0.0000   0.0000   0.0000
    1484   2.7754   8.9696  15.7200   0.0000   0.0000   0.0000
    1485   3.1250   8.9118  16.4149   0.0000   0.0000   0.0000
    1486   2.9890   9.4290  15.5046   0.0000   0.0000   0.0000
    1487   4.1828   9.8675  16.3505   0.0000   0.0000   0.0000
    1488   3.7342  10.0079  15.6770   0.0000   0.0000   0.0000
    1489   3.8810   9.3101  16.3629   0.0000   0.0000   0.0000
    1490   3.1184   8.6122  15.6465   0.0000   0.0000   0.0000
    1491   3.3429   9.5066  15.6656   0.0000   0.0000   0.0000
    1492   2.2956   9.2582  15.4978   0.0000   0.0000   0.0000
    1493   3.0523  10.3994  16.0302   0.0000   0.0000   0.0000
    1494   3.7413  10.1726  16.0475   0.0000   0.0000   0.0000
    1495   3.7976   9.1063  16.1816   0.0000   0.0000   0.0000
    1496   3.3132   9.6982  16.6236   0.0000   0.0000   0.0000
    1497   4.0256  10.0750  16.6252   0.0000   0.0000   0.0000
    1498   3.8657  10.8371  15.8478   0.0000   0.0000   0.0000
    1499   4.0063  10.3104  15.9385   0.0000   0.0000   0.0000
    1500   4.8322   9.4772  16.7299   0.0000   0.0000   0.0000
    1501   4.7874   9.5358  17.4427   0.0000   0.0000   0.0000
    1502   4.4096  10.5742  16.7302   0.0000   0.0000   0.0000
    1503   5.1101  10.8946  17.0164   0.0000   0.0000   0.0000
    1504   4.5294  10.5041  16.4736   0.0000   0.0000   0.0000
    1505   5.6316  10.5306  16.4204   0.0000   0.0000   0.0000
    1506   4.2798  10.3800  16.3044   0.0000   0.0000   0.0000
    1507   4.0048  10.3170  16.9713   0.0000   0.0000   0.0000
    1508   4.8025   9.8641  17.3269   0.0000   0.0000   0.0000
    1509   4.0972   9.4041  17.3022   0.0000   0.0000   0.0000
    1510   3.3666   9.4063  17.3223   0.0000   0.0000   0.0000
    1511   3.6402   9.7861  16.5115   0.0000   0.0000   0.0000
    1512   3.4939   9.4981  16.9712   0.0000   0.0000   0.0000
    1513   3.3727   9.9569  16.8396   0.0000   0.0000   0.0000
    1514   2.8400  10.3784  16.4373   0.0000   0.0000   0.0000
    1515   2.7081   9.6371  17.5251   0.0000   0.0000   0.0000
    1516   2.4784  10.3221  17.4421   0.0000   0.0000   0.0000
    1517   2.1556   9.7796  16.8048   0.0000   0.0000   0.0000
    1518   2.6183   8.8726  17.3379   0.0000   0.0000   0.0000
    1519   3.1522   9.6208  17.0084   0.0000   0.0000   0.0000
    1520   3.6174   8.7628  16.7473   0.0000   0.0000   0.0000
    1521   3.3289   8.9005  17.0487   0.0000   0.0000   0.0000
    1522   3.4765   9.0352  16.5965   0.0000   0.0000   0.0000
    1523   2.4377   8.5498  16.3630   0.0000   0.0000   0.0000
    1524   2.4326   9.1120  17.2065   0.0000   0.0000   0.0000
    1525   1.8653   8.6547  17.3284   0.0000   0.0000   0.0000
    1526   2.2878   9.0192  16.3033   0.0000   0.0000   0.0000
    1527   3.0938   9.3303  16.7511   0.0000   0.0000   0.0000
    1528   3.9096   8.7721  16.3428   0.0000   0.0000   0.0000
    1529   3.0003   9.1060  16.2244   0.0000   0.0000   0.0000
    1530   2.2440   8.6707  16.6222   0.0000   0.0000   0.0000
    1531   2.8651   9.1519  15.5180   0.0000   0.0000   0.0000
    1532   2.5366   9.2732  15.1192   0.0000   0.0000   0.0000
    1533   3.1729   9.4968  15.0771   0.0000   0.0000   0.0000
    1534   2.9350   9.1522  15.4522   0.0000   0.0000   0.0000
    1535   2.1361   9.0445  15.6744   0.0000   0.0000   0.0000
    1536   1.3193   9.1060  15.2970   0.0000   0.0000   0.0000
    1537   2.5545   9.5850  15.4880   0.0000   0.0000   0.0000
    1538   2.4607   9.7387  15.0511   0.0000   0.0000   0.0000
    1539   1.8492   9.8585  14.7279   0.0000   0.0000   0.0000
    1540   2.0545  10.3981  14.8543   0.0000   0.0000   0.0000
    1541   1.6239  10.0869  15.1984   0.0000   0.0000   0.0000
    1542   2.0208  10.0080  14.6015   0.0000   0.0000   0.0000
    1543   1.7208  10.4215  15.1744   0.0000   0.0000   0.0000
    1544   2.2097  10.1754  15.2470   0.0000   0.0000   0.0000
    1545   2.7614  10.4454  14.6696   0.0000   0.0000   0.0000
    1546   3.8260  10.1071  14.3287   0.0000   0.0000   0.0000
    1547   2.7435  10.1590  15.0764   0.0000   0.0000   0.0000
    1548   3.6560   9.3193  16.0679   0.0000   0.0000   0.0000
    1549   3.4127   9.3395  15.6522   0.0000   0.0000   0.0000
    1550   3.5736  10.2576  15.0526   0.0000   0.0000   0.0000
    1551   3.0580   9.0675  15.0173   0.0000   0.0000   0.0000
    1552   3.0926   9.1433  15.2625   0.0000   0.0000   0.0000
    1553   2.4866   9.8556  14.6506   0.0000   0.0000   0.0000
    1554   2.4087   9.3870  14.4367   0.0000   0.0000   0.0000
    1555   2.8007  10.6774  15.2107   0.0000   0.0000   0.0000
    1556   3.0842   9.8614  15.5111   0.0000   0.0000   0.0000
    1557   3.3361  10.0626  15.4249   0.0000   0.0000   0.0000
    1558   2.6319  10.0868  15.2225   0.0000   0.0000   0.0000
    1559   1.9818  10.6804  14.9654   0.0000   0.0000   0.0000
    1560   1.9817   9.8763  14.5153   0.0000   0.0000   0.0000
    1561   2.1807   9.2754  14.3654   0.0000   0.0000   0.0000
    1562   2.2453   9.6477  14.2073   0.0000   0.0000   0.0000
    1563   1.5253  10.3816  14.9348   0.0000   0.0000   0.0000
    1564   1.4155  10.3049  14.5927   0.0000   0.0000   0.0000
    1565   2.4889  10.6070  14.0046   0.0000   0.0000   0.0000
    1566   2.7616  10.9164  14.2597   0.0000   0.0000   0.0000
    1567   2.9034  11.1527  13.5242   0.0000   0.0000   0.0000
    1568   2.5586  10.7364  14.4502   0.0000   0.0000   0.0000
    1569   3.2643  10.7873  14.1972   0.0000   0.0000   0.0000
    1570   2.8642  10.2595  14.4922   0.0000   0.0000   0.0000
    1571   3.4327  10.4699  14.0283   0.0000   0.0000   0.0000
    1572   2.7258  10.6509  14.4716   0.0000   0.0000   0.0000
    1573   1.6578  11.2258  14.5763   0.0000   0.0000   0.0000
    1574   2.8228  10.7152  14.0462   0.0000   0.0000   0.0000
    1575   2.7982   9.6605  13.7403   0.0000   0.0000   0.0000
    1576   2.7865  11.0235  13.6826   0.0000   0.0000   0.0000
    1577   2.1065  10.6031  14.3171   0.0000   0.0000   0.0000
    1578   1.7756   9.8744  14.3011   0.0000   0.0000   0.0000
    1579   2.3019  10.9314  14.7291   0.0000   0.0000   0.0000
    1580   2.4667  11.7711  14.6261   0.0000   0.0000   0.0000
    1581   2.2462  11.3198  14.0283   0.0000   0.0000   0.0000
    1582   2.5972  10.8191  13.9998   0.0000   0.0000   0.0000
    1583   2.3534   9.7621  14.6521   0.0000   0.0000   0.0000
    1584   2.6593  10.2256  15.1323   0.0000   0.0000   0.0000
    1585   2.2626  10.5522  14.4588   0.0000   0.0000   0.0000
    1586   2.2553   9.6771  14.9985   0.0000   0.0000   0.0000
    1587   2.0875   9.1331  14.8576   0.0000   0.0000   0.0000
    1588   2.3314  10.1183  14.9149   0.0000   0.0000   0.0000
    1589   1.7223   8.8223  14.6331   0.0000   0.0000   0.0000
    1590   2.2194  10.1932  15.2863   0.0000   0.0000   0.0000
    1591   2.0274   9.4868  15.1759   0.0000   0.0000   0.0000
    1592   2.1366  10.6489  16.1358   0.0000   0.0000   0.0000
    1593   2.5462  10.6495  15.5598   0.0000   0.0000   0.0000
    1594   2.7094   8.7278  15.9172   0.0000   0.0000   0.0000
    1595   3.3563   9.6428  15.8022   0.0000   0.0000   0.0000
    1596   2.8511   8.9290  15.8818   0.0000   0.0000   0.0000
    1597   3.2856  10.3944  15.6484   0.0000   0.0000   0.0000
    1598   2.6474   9.5054  16.3005   0.0000   0.0000   0.0000
    1599   2.1124  10.4590  16.0178   0.0000   0.0000   0.0000
    1600   2.2371   9.4141  15.8746   0.0000   0.0000   0.0000
    1601   1.7853   9.7469  16.7230   0.0000   0.0000   0.0000
    1602   2.0128   9.5500  16.4911   0.0000   0.0000   0.0000
    1603   2.6965   8.7490  16.3383   0.0000   0.0000   0.0000
    1604   3.2468   8.7053  15.5563   0.0000   0.0000   0.0000
    1605   2.1942   8.5089  16.0287   0.0000   0.0000   0.0000
    1606   2.9347   8.5064  16.5614   0.0000   0.0000   0.0000
    1607   2.7824   9.0186  16.6806   0.0000   0.0000   0.0000
    1608   2.0873   8.0672  16.1171   0.0000   0.0000   0.0000
    1609   2.7757   9.1491  15.8800   0.0000   0.0000   0.0000
    1610   2.0330   9.3905  15.6998   0.0000   0.0000   0.0000
    1611   2.3532   9.4720  15.3742   0.0000   0.0000   0.0000
    1612   2.8333   9.2763  15.3386   0.0000   0.0000   0.0000
    1613   2.7477   8.6194  15.1909   0.0000   0.0000   0.0000
    1614   1.8904   9.1530  15.2322   0.0000   0.0000   0.0000
    1615   2.1594   9.2705  14.8943   0.0000   0.0000   0.0000
    1616   1.6890   8.5505  15.5321   0.0000   0.0000   0.0000
    1617   3.1501   8.2263  16.0743   0.0000   0.0000   0.0000
    1618   1.6659   8.7774  15.9934   0.0000   0.0000   0.0000
    1619   1.7356   8.2870  16.0753   0.0000   0.0000   0.0000
    1620   0.8841   9.1696  14.8033   0.0000   0.0000   0.0000
    1621   0.5567   8.4357  15.2095   0.0000   0.0000   0.0000
    1622   0.8122   8.2989  15.5377   0.0000   0.0000   0.0000
    1623   0.6144   8.1187  15.7309   0.0000   0.0000   0.0000
    1624   0.8378   8.7607  14.9287   0.0000   0.0000   0.0000
    1625   1.3853   9.0727  14.5200   0.0000   0.0000   0.0000
    1626   1.8515   8.2718  14.2063   0.0000   0.0000   0.0000
    1627   1.8238   8.2040  14.8305   0.0000   0.0000   0.0000
    1628   1.6003   7.8926  14.6506   0.0000   0.0000   0.0000
    1629   1.1749   8.7335  14.5174   0.0000   0.0000   0.0000
    1630   0.9347   8.1960  14.6214   0.0000   0.0000   0.0000
    1631   0.5764   8.1538  14.8078   0.0000   0.0000   0.0000
    1632  -0.1989   7.9831  15.1817   0.0000   0.0000   0.0000
    1633   1.4131   8.1866  14.8564   0.0000   0.0000   0.0000
    1634   1.0135   6.7947  15.1778   0.0000   0.0000   0.0000
    1635   1.1927   8.0173  15.4622   0.0000   0.0000   0.0000
    1636   0.7652   8.1018  14.4367   0.0000   0.0000   0.0000
    1637   0.9559   8.3671  15.4909   0.0000   0.0000   0.0000
    1638   1.8860   7.0832  15.4547   0.0000   0.0000   0.0000
    1639   0.9167   7.0778  15.6177   0.0000   0.0000   0.0000
    1640  -0.1893   7.4958  15.0252   0.0000   0.0000   0.0000
    1641   1.4609   7.7211  14.2094   0.0000   0.0000   0.0000
    1642   0.9423   7.8712  14.6281   0.0000   0.0000   0.0000
    1643   1.5207   7.4828  14.7244   0.0000   0.0000   0.0000
    1644   1.0871   7.1274  14.7237   0.0000   0.0000   0.0000
    1645   0.8155   7.2987  15.2951   0.0000   0.0000   0.0000
    1646   1.1305   7.5172  14.7942   0.0000   0.0000   0.0000
    1647   1.7788   7.6960  14.7373   0.0000   0.0000   0.0000
    1648   1.8728   7.2741  14.6432   0.0000   0.0000   0.0000
    1649   0.9608   7.2709  14.6132   0.0000   0.0000   0.0000
    1650   0.7711   7.9511  14.4521   0.0000   0.0000   0.0000
    1651   0.6265   8.3870  15.1768   0.0000   0.0000   0.0000
    1652   0.9248   8.1636  13.9518   0.0000   0.0000   0.0000
    1653   1.0505   8.5121  14.7235   0.0000   0.0000   0.0000
    1654   0.9340   8.6349  14.9266   0.0000   0.0000   0.0000
    1655   1.1108   8.2475  14.9246   0.0000   0.0000   0.0000
    1656   0.0054   7.9324  15.5454   0.0000   0.0000   0.0000
    1657   1.1756   7.7038  15.6284   0.0000   0.0000   0.0000
    1658   1.0580   8.0224  15.7016   0.0000   0.0000   0.0000
    1659   0.9142   8.4814  15.9606   0.0000   0.0000   0.0000
    1660   1.0550   8.4693  16.1666   0.0000   0.0000   0.0000
    1661   1.6483   7.9830  15.3332   0.0000   0.0000   0.0000
    1662   1.5101   7.4719  15.4511   0.0000   0.0000   0.0000
    1663   1.1164   8.1613  15.0795   0.0000   0.0000   0.0000
    1664   1.2929   8.1818  15.2571   0.0000   0.0000   0.0000
    1665   0.9179   7.6797  15.5155   0.0000   0.0000   0.0000
    1666   1.8626   8.4659  15.7670   0.0000   0.0000   0.0000
    1667   1.9096   8.7668  15.7257   0.0000   0.0000   0.0000
    1668   2.3287   9.1126  15.4023   0.0000   0.0000   0.0000
    1669   2.3930   7.7937  15.4808   0.0000   0.0000   0.0000
    1670   1.9720   7.9198  15.6518   0.0000   0.0000   0.0000
    1671   3.1584   8.3332  15.5467   0.0000   0.0000   0.0000
    1672   2.5827   8.5072  15.7718   0.0000   0.0000   0.0000
    1673   3.1644   8.3467  15.8945   0.0000   0.0000   0.0000
    1674   2.3805   8.2219  14.7544   0.0000   0.0000   0.0000
    1675   3.0713   7.2994  14.6788   0.0000   0.0000   0.0000
    1676   2.3147   7.2001  14.7737   0.0000   0.0000   0.0000
    1677   2.6381   7.0996  15.2739   0.0000   0.0000   0.0000
    1678   2.0866   7.8413  14.8846   0.0000   0.0000   0.0000
    1679   1.8981   7.4235  14.9081   0.0000   0.0000   0.0000
    1680   1.6509   7.3276  13.7629   0.0000   0.0000   0.0000
    1681   2.4143   7.8993  14.4580   0.0000   0.0000   0.0000
    1682   1.2955   7.3422  14.8487   0.0000   0.0000   0.0000
    1683   1.3321   7.3617  14.9355   0.0000   0.0000   0.0000
    1684   1.4936   8.3132  14.8245   0.0000   0.0000   0.0000
    1685   2.2865   7.9241  14.8494   0.0000   0.0000   0.0000
    1686   1.4485   7.9176  15.2426   0.0000   0.0000   0.0000
    1687   2.3772   7.7204  15.6693   0.0000   0.0000   0.0000
    1688   1.3977   7.5657  15.6071   0.0000   0.0000   0.0000
    1689   1.2979   8.0711  16.0358   0.0000   0.0000   0.0000
    1690   2.2466   8.2517  15.9820   0.0000   0.0000   0.0000
    1691   1.5888   7.3502  15.7672   0.0000   0.0000   0.0000
    1692   1.6308   8.2160  15.2935   0.0000   0.0000   0.0000
    1693   1.8356   7.9215  15.9183   0.0000   0.0000   0.0000
    1694   0.8049   7.6845  16.1919   0.0000   0.0000   0.0000
    1695   1.1061   8.0555  15.7162   0.0000   0.0000   0.0000
    1696   1.0922   7.9401  16.2669   0.0000   0.0000   0.0000
    1697   0.4051   7.2750  15.9648   0.0000   0.0000   0.0000
    1698   1.1144   8.0133  15.4923   0.0000   0.0000   0.0000
    1699   0.3824   8.1920  15.3876   0.0000   0.0000   0.0000
    1700   0.7199   7.6728  15.8898   0.0000   0.0000   0.0000
    1701   0.9445   7.9600  15.4988   0.0000   0.0000   0.0000
    1702   1.3578   7.7668  15.2182   0.0000   0.0000   0.0000
    1703   1.1060   8.0298  16.0666   0.0000   0.0000   0.0000
    1704   1.9887   7.8602  16.2833   0.0000   0.0000   0.0000
    1705   1.3282   7.5069  17.0470   0.0000   0.0000   0.0000
    1706   2.2169   7.6347  16.2334   0.0000   0.0000   0.0000
    1707   1.7403   7.6805  16.3542   0.0000   0.0000   0.0000
    1708   1.5825   8.0935  16.3153   0.0000   0.0000   0.0000
    1709   1.0184   7.1784  16.6676   0.0000   0.0000   0.0000
    1710   1.8735   7.7225  16.4238   0.0000   0.0000   0.0000
    1711   2.0016   7.4918  16.0662   0.0000   0.0000   0.0000
    1712   1.9626   8.0337  15.7863   0.0000   0.0000   0.0000
    1713   1.7007   8.2207  15.8424   0.0000   0.0000   0.0000
    1714   1.7275   7.9617  16.6539   0.0000   0.0000   0.0000
    1715   1.5143   7.9743  17.0651   0.0000   0.0000   0.0000
    1716   1.7750   8.9880  16.3096   0.0000   0.0000   0.0000
    1717   1.1598   8.2597  16.6588   0.0000   0.0000   0.0000
    1718   1.7286   9.2165  16.0453   0.0000   0.0000   0.0000
    1719   1.6246   7.8097  16.1993   0.0000   0.0000   0.0000
    1720   2.0216   9.5224  15.5194   0.0000   0.0000   0.0000
    1721   2.2327   9.1532  15.4696   0.0000   0.0000   0.0000
    1722   2.1933   8.4977  15.2819   0.0000   0.0000   0.0000
    1723   2.3611   9.1115  15.5239   0.0000   0.0000   0.0000
    1724   1.3266   8.8357  15.4386   0.0000   0.0000   0.0000
    1725   1.8916   9.2280  15.8550   0.0000   0.0000   0.0000
    1726   1.8782   8.9746  15.8193   0.0000   0.0000   0.0000
    1727   1.8561   9.4470  16.3117   0.0000   0.0000   0.0000
    1728   2.3512   8.4048  16.9167   0.0000   0.0000   0.0000
    1729   2.0321   8.5621  16.0868   0.0000   0.0000   0.0000
    1730   2.1912   9.2198  16.2280   0.0000   0.0000   0.0000
    1731   1.5134   9.7127  16.6967   0.0000   0.0000   0.0000
    1732   1.3526   9.8719  16.6664   0.0000   0.0000   0.0000
    1733   1.2233   9.3413  17.1625   0.0000   0.0000   0.0000
    1734   0.6927   9.1203  16.8169   0.0000   0.0000   0.0000
    1735   1.2210  10.5159  16.4428   0.0000   0.0000   0.0000
    1736   1.0718   9.2286  17.2785   0.0000   0.0000   0.0000
    1737   1.5741  10.0693  16.8635   0.0000   0.0000   0.0000
    1738   1.5540   9.5898  16.9230   0.0000   0.0000   0.0000
    1739   1.9076   9.5339  16.9594   0.0000   0.0000   0.0000
    1740   1.9745  10.2031  17.8379   0.0000   0.0000   0.0000
    1741   2.7064   9.5739  17.7229   0.0000   0.0000   0.0000
    1742   2.1311   9.7158  17.1601   0.0000   0.0000   0.0000
    1743   1.9450   9.7610  17.1491   0.0000   0.0000   0.0000
    1744   1.8724   9.4215  17.1286   0.0000   0.0000   0.0000
    1745   1.6773   8.9634  16.7804   0.0000   0.0000   0.0000
    1746   2.3895   8.6762  17.2483   0.0000   0.0000   0.0000
    1747   1.5260   8.7104  16.5168   0.0000   0.0000   0.0000
    1748   1.2147   9.1011  16.8423   0.0000   0.0000   0.0000
    1749   1.8326   9.0956  16.8841   0.0000   0.0000   0.0000
    1750   1.3128   8.7189  16.6753   0.0000   0.0000   0.0000
    1751   1.4683   7.8225  16.5214   0.0000   0.0000   0.0000
    1752   1.6100   8.3798  17.0052   0.0000   0.0000   0.0000
    1753   1.8722   9.0844  16.9956   0.0000   0.0000   0.0000
    1754   2.3189   9.5601  16.3653   0.0000   0.0000   0.0000
    1755   1.8967   9.3135  16.8066   0.0000   0.0000   0.0000
    1756   2.1643   9.0919  17.0436   0.0000   0.0000   0.0000
    1757   1.6658   8.8677  17.9314   0.0000   0.0000   0.0000
    1758   1.0740   7.9888  17.3945   0.0000   0.0000   0.0000
    1759   1.5302   8.1474  17.4168   0.0000   0.0000   0.0000
    1760   1.4003   8.2682  17.2102   0.0000   0.0000   0.0000
    1761   0.7110   8.2243  17.1045   0.0000   0.0000   0.0000
    1762   0.8032   8.2881  17.2646   0.0000   0.0000   0.0000
    1763   0.7945   7.7658  17.0732   0.0000   0.0000   0.0000
    1764   1.3236   8.9902  16.4921   0.0000   0.0000   0.0000
    1765   1.0227   8.4487  17.2707   0.0000   0.0000   0.0000
    1766   1.4980   8.8634  16.7690   0.0000   0.0000   0.0000
    1767   1.7945   7.9367  16.3663   0.0000   0.0000   0.0000
    1768   1.5891   7.9321  16.5565   0.0000   0.0000   0.0000
    1769   1.5480   6.9497  16.4417   0.0000   0.0000   0.0000
    1770   1.5333   8.0738  16.8269   0.0000   0.0000   0.0000
    1771   0.0849   7.9578  16.3802   0.0000   0.0000   0.0000
    1772  -0.8484   8.1890  17.0106   0.0000   0.0000   0.0000
    1773  -0.0290   7.4738  16.9345   0.0000   0.0000   0.0000
    1774   1.5897   7.9092  16.7717   0.0000   0.0000   0.0000
    1775   0.0865   8.4684  16.2066   0.0000   0.0000   0.0000
    1776   0.3535   7.9594  17.2151   0.0000   0.0000   0.0000
    1777   0.2816   8.7531  17.0570   0.0000   0.0000   0.0000
    1778   0.7860   8.7298  17.2304   0.0000   0.0000   0.0000
    1779   1.1294   8.3312  17.0605   0.0000   0.0000   0.0000
    1780   0.6315   8.5706  17.7045   0.0000   0.0000   0.0000
    1781   1.4436   8.1567  17.2705   0.0000   0.0000   0.0000
    1782   1.7678   8.4856  16.4242   0.0000   0.0000   0.0000
    1783   1.1724   9.6542  16.0105   0.0000   0.0000   0.0000
    1784   0.9791   9.7938  15.9606   0.0000   0.0000   0.0000
    1785   1.6828   9.3736  16.1578   0.0000   0.0000   0.0000
    1786   1.7133   9.3482  16.3799   0.0000   0.0000   0.0000
    1787   0.6117  10.0361  16.0997   0.0000   0.0000   0.0000
    1788   0.9312  10.2481  16.0086   0.0000   0.0000   0.0000
    1789   1.3229  10.0796  15.7371   0.0000   0.0000   0.0000
    1790   1.0958   9.2712  16.1976   0.0000   0.0000   0.0000
    1791   1.3562   9.2280  16.2410   0.0000   0.0000   0.0000
    1792   1.9027   9.0802  15.8137   0.0000   0.0000   0.0000
    1793   1.7478   9.8268  15.8090   0.0000   0.0000   0.0000
    1794   2.6432   8.9638  14.8974   0.0000   0.0000   0.0000
    1795   1.9161   8.6568  15.8336   0.0000   0.0000   0.0000
    1796   3.1944   8.7606  15.6469   0.0000   0.0000   0.0000
    1797   2.5321   8.9719  15.2583   0.0000   0.0000   0.0000
    1798   2.1751   9.2651  15.6076   0.0000   0.0000   0.0000
    1799   2.0743   8.5195  15.8477   0.0000   0.0000   0.0000
    1800   2.7609   8.0063  14.9331   0.0000   0.0000   0.0000
    1801   2.7894   7.9784  14.7194   0.0000   0.0000   0.0000
    1802   2.7585   8.8699  15.0606   0.0000   0.0000   0.0000
    1803   2.6410   8.9555  15.0258   0.0000   0.0000   0.0000
    1804   2.7438   8.3602  14.6398   0.0000   0.0000   0.0000
    1805   2.2098   8.0007  14.1097   0.0000   0.0000   0.0000
    1806   2.1853   8.9094  14.7392   0.0000   0.0000   0.0000
    1807   1.1772   8.3220  15.3586   0.0000   0.0000   0.0000
    1808   2.4761   8.4279  15.1897   0.0000   0.0000   0.0000
    1809   2.1462   9.0042  14.6213   0.0000   0.0000   0.0000
    1810   2.6214   8.2164  14.7996   0.0000   0.0000   0.0000
    1811   2.8942   8.4406  15.4671   0.0000   0.0000   0.0000
    1812   1.7738   8.5610  15.3492   0.0000   0.0000   0.0000
    1813   2.2139   8.6944  15.3744   0.0000   0.0000   0.0000
    1814   2.1095   9.6359  14.7139   0.0000   0.0000   0.0000
    1815   2.1532   9.1435  14.9196   0.0000   0.0000   0.0000
    1816   2.9615   8.2120  15.5482   0.0000   0.0000   0.0000
    1817   2.3282   9.6178  15.4650   0.0000   0.0000   0.0000
    1818   1.9851   9.5108  14.7152   0.0000   0.0000   0.0000
    1819   1.5074   9.6408  15.0156   0.0000   0.0000   0.0000
    1820   2.1349   9.6167  14.5113   0.0000   0.0000   0.0000
    1821   1.8701   9.4545  14.9807   0.0000   0.0000   0.0000
    1822   2.7711  10.0417  15.4994   0.0000   0.0000   0.0000
    1823   2.2838   9.1973  15.1752   0.0000   0.0000   0.0000
    1824   2.1244   9.4681  15.0078   0.0000   0.0000   0.0000
    1825   4.2635  10.7757  15.1520   0.0000   0.0000   0.0000
    1826   3.9254  10.5114  15.2567   0.0000   0.0000   0.0000
    1827   2.9918   9.3038  15.1963   0.0000   0.0000   0.0000
    1828   2.5403   9.3621  14.9848   0.0000   0.0000   0.0000
    1829   3.4163   9.1959  15.4515   0.0000   0.0000   0.0000
    1830   3.7428   9.4392  16.2479   0.0000   0.0000   0.0000
    1831   2.8809   9.9088  15.2862   0.0000   0.0000   0.0000
    1832   2.9891   9.5433  16.2907   0.0000   0.0000   0.0000
    1833   2.3644  10.3098  16.0048   0.0000   0.0000   0.0000
    1834   2.5603   9.2324  16.4319   0.0000   0.0000   0.0000
    1835   2.1765   9.9751  15.7301   0.0000   0.0000   0.0000
    1836   2.6119   9.8773  16.0136   0.0000   0.0000   0.0000
    1837   2.9939   9.5849  15.6067   0.0000   0.0000   0.0000
    1838   3.1073  10.4347  16.0787   0.0000   0.0000   0.0000
    1839   3.1123   9.9851  15.7575   0.0000   0.0000   0.0000
    1840   2.8644   9.6171  16.0165   0.0000   0.0000   0.0000
    1841   3.0989  10.3843  15.6547   0.0000   0.0000   0.0000
    1842   3.1424  10.3288  14.2902   0.0000   0.0000   0.0000
    1843   3.3798   9.6872  14.5632   0.0000   0.0000   0.0000
    1844   3.2336   9.3524  14.1453   0.0000   0.0000   0.0000
    1845   3.8113   8.9937  14.5301   0.0000   0.0000   0.0000
    1846   3.8481   9.5697  13.7195   0.0000   0.0000   0.0000
    1847   3.9578  10.5332  13.7769   0.0000   0.0000   0.0000
    1848   3.8775   9.9951  14.9605   0.0000   0.0000   0.0000
    1849   4.0035   9.4259  15.0108   0.0000   0.0000   0.0000
    1850   3.0684   9.7327  14.2684   0.0000   0.0000   0.0000
    1851   1.7633  10.1780  14.9784   0.0000   0.0000   0.0000
    1852   3.1506  10.5236  14.6196   0.0000   0.0000   0.0000
    1853   3.4251   9.9790  14.5061   0.0000   0.0000   0.0000
    1854   3.1140   9.5209  14.6200   0.0000   0.0000   0.0000
    1855   3.0503   8.8238  14.6810   0.0000   0.0000   0.0000
    1856   2.4076   9.5378  15.5919   0.0000   0.0000   0.0000
    1857   3.3100   9.5045  15.2195   0.0000   0.0000   0.0000
    1858   2.1967  10.6370  15.1617   0.0000   0.0000   0.0000
    1859   2.5154   9.8531  15.6077   0.0000   0.0000   0.0000
    1860   3.2596   9.7241  15.2527   0.0000   0.0000   0.0000
    1861   2.4280   9.3352  15.7584   0.0000   0.0000   0.0000
    1862   1.7184   8.8711  15.2252   0.0000   0.0000   0.0000
    1863   2.0227   9.1055  15.2321   0.0000   0.0000   0.0000
    1864   2.0162   9.5748  14.8918   0.0000   0.0000   0.0000
    1865   2.7076  10.1937  15.3377   0.0000   0.0000   0.0000
    1866   2.7135  10.1402  15.2720   0.0000   0.0000   0.0000
    1867   2.2712   9.9830  15.0691   0.0000   0.0000   0.0000
    1868   2.6141   9.4962  15.0634   0.0000   0.0000   0.0000
    1869   2.5926   8.3834  15.9136   0.0000   0.0000   0.0000
    1870   3.4506   9.5590  15.4959   0.0000   0.0000   0.0000
    1871   2.9396   9.3012  14.7294   0.0000   0.0000   0.0000
    1872   3.1839   8.7021  14.8269   0.0000   0.0000   0.0000
    1873   3.2693   8.5479  14.8668   0.0000   0.0000   0.0000
    1874   2.6724   9.5186  15.0712   0.0000   0.0000   0.0000
    1875   2.8994   9.5961  14.8859   0.0000   0.0000   0.0000
    1876   2.0774   8.5918  15.5462   0.0000   0.0000   0.0000
    1877   2.4474   8.8453  15.3950   0.0000   0.0000   0.0000
    1878   2.1918   9.1462  15.6835   0.0000   0.0000   0.0000
    1879   2.2876   8.6235  15.4492   0.0000   0.0000   0.0000
    1880   2.3438   9.3874  15.5329   0.0000   0.0000   0.0000
    1881   3.0339   8.9593  15.7051   0.0000   0.0000   0.0000
    1882   2.0789   9.6052  15.7907   0.0000   0.0000   0.0000
    1883   2.2921   9.5330  15.2994   0.0000   0.0000   0.0000
    1884   2.6530   9.2245  15.3641   0.0000   0.0000   0.0000
    1885   2.7174   9.8132  14.7407   0.0000   0.0000   0.0000
    1886   2.6381   9.7634  14.1856   0.0000   0.0000   0.0000
    1887   2.4373  10.2726  15.0470   0.0000   0.0000   0.0000
    1888   2.9903   9.7984  14.6743   0.0000   0.0000   0.0000
    1889   3.7075  10.3330  16.1445   0.0000   0.0000   0.0000
    1890   3.2553  10.2824  16.4904   0.0000   0.0000   0.0000
    1891   3.3280  10.9183  16.1158   0.0000   0.0000   0.0000
    1892   3.9109  10.9223  16.8081   0.0000   0.0000   0.0000
    1893   4.0025  10.5629  16.8318   0.0000   0.0000   0.0000
    1894   4.0336  10.5330  17.0197   0.0000   0.0000   0.0000
    1895   3.2205  10.2481  16.5862   0.0000   0.0000   0.0000
    1896   4.0745  10.5306  16.9208   0.0000   0.0000   0.0000
    1897   4.2924  10.6341  16.5248   0.0000   0.0000   0.0000
    1898   4.0953  11.1727  16.8462   0.0000   0.0000   0.0000
    1899   3.7973  11.2388  17.2853   0.0000   0.0000   0.0000
    1900   3.4636  10.5809  17.0384   0.0000   0.0000   0.0000
    1901   3.7406  11.3266  16.9612   0.0000   0.0000   0.0000
    1902   3.0178   9.2820  17.6079   0.0000   0.0000   0.0000
    1903   4.1104   9.3085  17.2639   0.0000   0.0000   0.0000
    1904   3.8825   9.9665  17.4061   0.0000   0.0000   0.0000
    1905   4.1272  10.3946  16.9717   0.0000   0.0000   0.0000
    1906   4.2658  10.9027  17.2012   0.0000   0.0000   0.0000
    1907   3.8644  10.4508  17.7993   0.0000   0.0000   0.0000
    1908   3.9194  10.2200  17.4968   0.0000   0.0000   0.0000
    1909   3.3179   9.9889  16.5934   0.0000   0.0000   0.0000
    1910   3.6464  10.5904  16.7522   0.0000   0.0000   0.0000
    1911   3.0877   8.9949  16.9003   0.0000   0.0000   0.0000
    1912   4.1807   9.4192  16.7361   0.0000   0.0000   0.0000
    1913   2.8951   9.0668  16.9523   0.0000   0.0000   0.0000
    1914   1.9668   9.1687  17.7568   0.0000   0.0000   0.0000
    1915   1.8034   9.9662  17.6275   0.0000   0.0000   0.0000
    1916   2.2764   9.7251  17.3894   0.0000   0.0000   0.0000
    1917   2.7475   9.7825  17.3440   0.0000   0.0000   0.0000
    1918   2.8815  10.5347  17.9889   0.0000   0.0000   0.0000
    1919   2.5384   9.7898  17.6910   0.0000   0.0000   0.0000
    1920   3.2234  10.0594  17.5660   0.0000   0.0000   0.0000
    1921   3.0173   9.5720  17.6225   0.0000   0.0000   0.0000
    1922   2.8187   9.2892  17.5079   0.0000   0.0000   0.0000
    1923   3.2775   9.7825  17.4444   0.0000   0.0000   0.0000
    1924   2.8525   9.2049  17.0488   0.0000   0.0000   0.0000
    1925   3.6306   9.2267  16.9139   0.0000   0.0000   0.0000
    1926   2.9234   9.5010  16.9592   0.0000   0.0000   0.0000
    1927   2.3138   9.2543  16.9492   0.0000   0.0000   0.0000
    1928   3.0507  10.0651  16.9099   0.0000   0.0000   0.0000
    1929   2.8453   9.8836  17.4254   0.0000   0.0000   0.0000
    1930   3.4130   9.4206  17.1519   0.0000   0.0000   0.0000
    1931   3.4224   9.6978  17.4931   0.0000   0.0000   0.0000
    1932   3.3519   9.8500  16.7536   0.0000   0.0000   0.0000
    1933   2.8017  10.1036  17.0626   0.0000   0.0000   0.0000
    1934   3.2880  10.2436  17.5861   0.0000   0.0000   0.0000
    1935   3.4972   9.8888  17.5505   0.0000   0.0000   0.0000
    1936   2.4880   8.5653  17.4245   0.0000   0.0000   0.0000
    1937   2.7942   9.9506  17.5463   0.0000   0.0000   0.0000
    1938   3.1018  10.1677  17.5314   0.0000   0.0000   0.0000
    1939   3.2686  10.2973  17.1389   0.0000   0.0000   0.0000
    1940   3.4847   9.4595  17.1739   0.0000   0.0000   0.0000
    1941   3.4946  10.1017  17.1268   0.0000   0.0000   0.0000
    1942   4.5331   9.5955  17.6672   0.0000   0.0000   0.0000
    1943   4.2257   9.7061  17.0048   0.0000   0.0000   0.0000
    1944   4.4835  10.0478  17.4905   0.0000   0.0000   0.0000
    1945   3.5848  10.2506  16.9382   0.0000   0.0000   0.0000
    1946   3.1410  10.6433  17.4708   0.0000   0.0000   0.0000
    1947   2.9230   9.5127  16.8666   0.0000   0.0000   0.0000
    1948   3.6003   9.6465  17.2722   0.0000   0.0000   0.0000
    1949   3.0971  10.4288  17.6238   0.0000   0.0000   0.0000
    1950   3.3813   9.7819  17.2821   0.0000   0.0000   0.0000
    1951   3.1728   9.6569  17.0300   0.0000   0.0000   0.0000
    1952   3.3880   9.6955  17.3851   0.0000   0.0000   0.0000
    1953   2.7175   9.6257  17.6349   0.0000   0.0000   0.0000
    1954   3.1808   9.5249  17.1161   0.0000   0.0000   0.0000
    1955   2.6474  10.2700  17.2296   0.0000   0.0000   0.0000
    1956   2.8742   9.4803  17.3634   0.0000   0.0000   0.0000
    1957   3.7886   8.9892  17.7768   0.0000   0.0000   0.0000
    1958   3.0916   9.7350  18.1172   0.0000   0.0000   0.0000
    1959   3.0454   8.8782  18.3053   0.0000   0.0000   0.0000
    1960   2.5083  10.0491  17.8451   0.0000   0.0000   0.0000
    1961   2.4086  10.2151  17.7351   0.0000   0.0000   0.0000
    1962   2.6334   9.4055  17.5415   0.0000   0.0000   0.0000
    1963   2.2854   9.1848  17.9879   0.0000   0.0000   0.0000
    1964   2.2120   9.9741  18.1262   0.0000   0.0000   0.0000
    1965   2.3922   9.6561  17.3383   0.0000   0.0000   0.0000
    1966   2.0441   9.3724  17.6360   0.0000   0.0000   0.0000
    1967   2.8402   9.5027  18.0591   0.0000   0.0000   0.0000
    1968   2.2391   9.0998  17.4348   0.0000   0.0000   0.0000
    1969   2.5900   8.2685  17.0612   0.0000   0.0000   0.0000
    1970   2.8013   8.5339  16.4376   0.0000   0.0000   0.0000
    1971   2.6277   8.9516  17.3516   0.0000   0.0000   0.0000
    1972   1.7959   8.6361  16.8969   0.0000   0.0000   0.0000
    1973   1.8574   8.4946  17.0116   0.0000   0.0000   0.0000
    1974   2.9904   9.0670  16.9438   0.0000   0.0000   0.0000
    1975   2.2152   9.9261  16.6442   0.0000   0.0000   0.0000
    1976   2.3361   9.8960  16.7671   0.0000   0.0000   0.0000
    1977   2.4293   9.7683  17.7953   0.0000   0.0000   0.0000
    1978   2.8423   9.2045  17.1956   0.0000   0.0000   0.0000
    1979   2.7393   9.6445  16.1839   0.0000   0.0000   0.0000
    1980   2.8496  10.0199  17.1852   0.0000   0.0000   0.0000
    1981   3.4999   9.8423  17.0460   0.0000   0.0000   0.0000
    1982   2.7486   9.1764  16.9239   0.0000   0.0000   0.0000
    1983   3.5464   9.4143  16.7517   0.0000   0.0000   0.0000
    1984   3.1762   9.4032  16.2504   0.0000   0.0000   0.0000
    1985   3.2676   9.7804  17.0755   0.0000   0.0000   0.0000
    1986   2.7799   9.4931  16.2859   0.0000   0.0000   0.0000
    1987   3.4589  10.0662  17.1841   0.0000   0.0000   0.0000
    1988   3.4624   9.3224  16.8378   0.0000   0.0000   0.0000
    1989   2.9718   9.7291  16.5647   0.0000   0.0000   0.0000
    1990   3.1736   9.1520  16.2844   0.0000   0.0000   0.0000
    1991   3.2732   9.7464  16.4710   0.0000   0.0000   0.0000
    1992   3.3041   9.5268  16.9788   0.0000   0.0000   0.0000
    1993   2.7614   9.4687  16.6789   0.0000   0.0000   0.0000
    1994   2.5638   9.7278  17.9342   0.0000   0.0000   0.0000
    1995   2.9769   9.0797  16.9020   0.0000   0.0000   0.0000
    1996   3.0134   9.4937  17.4481   0.0000   0.0000   0.0000
    1997   3.1097  10.4902  17.3789   0.0000   0.0000   0.0000
    1998   3.0807  10.1163  16.7116   0.0000   0.0000   0.0000
    1999   1.5312  10.7445  15.4224   0.0000   0.0000   0.0000
    2000   2.3337   9.8284  16.3301   0.0000   0.0000   0.0000
    2001   2.4234  10.1575  16.1686   0.0000   0.0000   0.0000
    2002   2.9513  10.2801  15.6645   0.0000   0.0000   0.0000
    2003   2.9846  10.4788  14.8565   0.0000   0.0000   0.0000
    2004   3.2587  10.8184  15.9396   0.0000   0.0000   0.0000
    2005   2.6835  10.2133  15.7285   0.0000   0.0000   0.0000
    2006   2.4091   9.7200  16.0495   0.0000   0.0000   0.0000
    2007   2.3528   9.8694  16.3334   0.0000   0.0000   0.0000
    2008   2.4466  11.3204  16.2226   0.0000   0.0000   0.0000
    2009   2.7492  10.3747  16.3895   0.0000   0.0000   0.0000
    2010   2.6683  10.7869  16.6865   0.0000   0.0000   0.0000
    2011   2.3597   9.8144  16.8491   0.0000   0.0000   0.0000
    2012   1.6806  10.0202  16.0557   0.0000   0.0000   0.0000
    2013   2.1710   9.6416  15.8304   0.0000   0.0000   0.0000
    2014   1.4653   9.6097  15.7198   0.0000   0.0000   0.0000
    2015   2.9665  10.5849  16.7880   0.0000   0.0000   0.0000
    2016   2.3371  11.0263  15.4589   0.0000   0.0000   0.0000
    2017   3.2906  10.3585  16.1291   0.0000   0.0000   0.0000
    2018   3.4237  10.5548  15.6402   0.0000   0.0000   0.0000
    2019   3.4864  10.4164  15.6746   0.0000   0.0000   0.0000
    2020   4.1341  10.3456  15.4149   0.0000   0.0000   0.0000
    2021   4.1925  10.9302  15.8018   0.0000   0.0000   0.0000
    2022   3.8181  11.4660  15.3664   0.0000   0.0000   0.0000
    2023   3.4618  11.1770  15.9207   0.0000   0.0000   0.0000
    2024   3.6263  10.3807  15.8860   0.0000   0.0000   0.0000
    2025   3.9882  10.4379  15.7437   0.0000   0.0000   0.0000
    2026   4.8969  11.0087  15.8420   0.0000   0.0000   0.0000
    2027   4.7183  10.0406  17.1200   0.0000   0.0000   0.0000
    2028   5.0486  10.8967  15.9066   0.0000   0.0000   0.0000
    2029   4.8832  10.3707  16.6319   0.0000   0.0000   0.0000
    2030   4.2952  10.9088  16.4694   0.0000   0.0000   0.0000
    2031   5.3288  11.2562  15.9266   0.0000   0.0000   0.0000
    2032   4.2117  10.6709  16.2295   0.0000   0.0000   0.0000
    2033   4.4608  11.5178  16.3428   0.0000   0.0000   0.0000
    2034   4.5096   9.9629  16.3919   0.0000   0.0000   0.0000
    2035   3.7311  10.2469  16.1541   0.0000   0.0000   0.0000
    2036   4.1054   9.9127  16.5140   0.0000   0.0000   0.0000
    2037   3.3789   9.9673  16.3311   0.0000   0.0000   0.0000
    2038   4.2489   9.8169  16.1265   0.0000   0.0000   0.0000
    2039   3.4471   9.9224  15.7814   0.0000   0.0000   0.0000
    2040   3.3411   9.3619  16.3674   0.0000   0.0000   0.0000
    2041   2.2999   9.7325  16.6820   0.0000   0.0000   0.0000
    2042   3.0685   9.1935  16.7172   0.0000   0.0000   0.0000
    2043   2.6289  10.0230  16.3124   0.0000   0.0000   0.0000
    2044   3.4255  11.3154  16.7304   0.0000   0.0000   0.0000
    2045   3.5344   9.3215  16.3972   0.0000   0.0000   0.0000
    2046   4.0752   9.8404  16.0297   0.0000   0.0000   0.0000
    2047   4.6860  10.1618  16.1543   0.0000   0.0000   0.0000
    2048   4.8731  10.1649  16.2127   0.0000   0.0000   0.0000
    2049   4.2737  11.1409  16.7703   0.0000   0.0000   0.0000
    2050   3.2509   9.7655  15.1347   0.0000   0.0000   0.0000
    2051   3.8032  10.0001  15.6101   0.0000   0.0000   0.0000
    2052   3.8968  10.5849  15.5278   0.0000   0.0000   0.0000
    2053   3.9324  10.3262  15.7729   0.0000   0.0000   0.0000
    2054   4.6151  11.1509  15.1279   0.0000   0.0000   0.0000
    2055   4.3295  10.6619  15.5898   0.0000   0.0000   0.0000
    2056   3.4933  10.7556  15.3863   0.0000   0.0000   0.0000
    2057   3.6899   9.8281  15.9400   0.0000   0.0000   0.0000
    2058   3.4786  11.0980  15.7084   0.0000   0.0000   0.0000
    2059   4.9660  10.0368  15.8368   0.0000   0.0000   0.0000
    2060   3.9277  10.0202  16.0306   0.0000   0.0000   0.0000
    2061   4.5820  10.0316  16.1326   0.0000   0.0000   0.0000
    2062   4.4103   9.9166  15.6705   0.0000   0.0000   0.0000
    2063   4.5257  11.1271  15.9421   0.0000   0.0000   0.0000
    2064   3.4315   9.6144  16.3505   0.0000   0.0000   0.0000
    2065   4.3580  10.3864  16.2065   0.0000   0.0000   0.0000
    2066   4.3120  10.9919  16.4799   0.0000   0.0000   0.0000
    2067   4.7709   9.7930  16.4363   0.0000   0.0000   0.0000
    2068   4.1219  10.3895  16.3242   0.0000   0.0000   0.0000
    2069   4.9280  10.4976  16.0909   0.0000   0.0000   0.0000
    2070   5.1009  10.5799  15.6540   0.0000   0.0000   0.0000
    2071   4.8648  11.4398  15.9776   0.0000   0.0000   0.0000
    2072   4.9349  11.0934  15.6172   0.0000   0.0000   0.0000
    2073   4.7569  11.0349  16.5362   0.0000   0.0000   0.0000
    2074   4.7788  11.1855  16.3930   0.0000   0.0000   0.0000
    2075   4.1931  10.2237  16.6865   0.0000   0.0000   0.0000
    2076   4.6082  11.0475  16.9907   0.0000   0.0000   0.0000
    2077   4.8785  11.4187  16.7010   0.0000   0.0000   0.0000
    2078   4.4396  10.8655  17.2261   0.0000   0.0000   0.0000
    2079   4.6401  10.7406  17.7192   0.0000   0.0000   0.0000
    2080   4.6026  11.1868  17.5617   0.0000   0.0000   0.0000
    2081   5.0091  11.1332  16.6594   0.0000   0.0000   0.0000
    2082   5.9505  11.0496  16.5890   0.0000   0.0000   0.0000
    2083   5.7115  11.1903  16.7598   0.0000   0.0000   0.0000
    2084   5.7196  11.2924  15.9167   0.0000   0.0000   0.0000
    2085   5.0355  10.4494  16.4055   0.0000   0.0000   0.0000
    2086   4.7019  11.7390  15.5652   0.0000   0.0000   0.0000
    2087   4.7675  11.6843  15.9794   0.0000   0.0000   0.0000
    2088   4.7850  11.7035  16.0232   0.0000   0.0000   0.0000
    2089   5.3373  12.3076  16.7193   0.0000   0.0000   0.0000
    2090   4.9753  11.4075  17.2035   0.0000   0.0000   0.0000
    2091   6.0601  11.1950  17.4448   0.0000   0.0000   0.0000
    2092   5.4686  11.7890  16.7041   0.0000   0.0000   0.0000
    2093   6.4686  11.5186  17.3575   0.0000   0.0000   0.0000
    2094   5.3346  11.9788  18.0750   0.0000   0.0000   0.0000
    2095   6.1754  10.8632  18.1107   0.0000   0.0000   0.0000
    2096   5.7740  11.3379  17.9635   0.0000   0.0000   0.0000
    2097   6.5248  10.9185  17.7320   0.0000   0.0000   0.0000
    2098   6.0881  11.7564  18.6137   0.0000   0.0000   0.0000
    2099   5.0470  10.1978  18.8906   0.0000   0.0000   0.0000
    2100   6.1030  11.5166  18.3721   0.0000   0.0000   0.0000
    2101   6.0947  11.6439  18.6658   0.0000   0.0000   0.0000
    2102   5.4937  11.3219  19.2979   0.0000   0.0000   0.0000
    2103   4.9928  11.2560  18.8989   0.0000   0.0000   0.0000
    2104   5.8711  11.0341  18.8262   0.0000   0.0000   0.0000
    2105   5.8883  11.5058  19.0700   0.0000   0.0000   0.0000
    2106   5.9075  11.8282  18.5403   0.0000   0.0000   0.0000
    2107   4.8922  11.7957  17.9636   0.0000   0.0000   0.0000
    2108   4.6276  11.1669  18.1274   0.0000   0.0000   0.0000
    2109   5.2491  12.2387  18.6839   0.0000   0.0000   0.0000
    2110   4.4242  11.8892  19.3238   0.0000   0.0000   0.0000
    2111   4.4996  13.2113  18.3176   0.0000   0.0000   0.0000
    2112   4.1524  12.5931  18.9022   0.0000   0.0000   0.0000
    2113   4.2219  12.1083  19.0475   0.0000   0.0000   0.0000
    2114   4.3279  13.1318  18.3657   0.0000   0.0000   0.0000
    2115   3.3072  12.6509  18.5618   0.0000   0.0000   0.0000
    2116   3.9668  12.8283  18.7329   0.0000   0.0000   0.0000
    2117   4.2320  12.7516  18.5601   0.0000   0.0000   0.0000
    2118   3.9415  11.7877  18.3832   0.0000   0.0000   0.0000
    2119   3.9508  11.9272  18.5340   0.0000   0.0000   0.0000
    2120   3.4146  12.0689  18.8405   0.0000   0.0000   0.0000
    2121   3.1097  12.4522  18.7457   0.0000   0.0000   0.0000
    2122   3.0969  11.4388  18.4488   0.0000   0.0000   0.0000
    2123   3.2413  12.2187  18.4669   0.0000   0.0000   0.0000
    2124   2.9512  11.8841  18.6993   0.0000   0.0000   0.0000
    2125   3.5266  12.2057  18.4842   0.0000   0.0000   0.0000
    2126   3.6230  11.5400  18.2338   0.0000   0.0000   0.0000
    2127   3.7483  11.6853  17.8257   0.0000   0.0000   0.0000
    2128   3.3697  11.7873  18.2380   0.0000   0.0000   0.0000
    2129   3.4027  11.4388  18.5191   0.0000   0.0000   0.0000
    2130   3.1422  12.1582  18.1863   0.0000   0.0000   0.0000
    2131   3.5024  10.9598  18.0497   0.0000   0.0000   0.0000
    2132   2.9893  11.2429  18.5288   0.0000   0.0000   0.0000
    2133   2.6994  11.3104  17.9922   0.0000   0.0000   0.0000
    2134   3.1082  10.7884  18.4920   0.0000   0.0000   0.0000
    2135   2.5171  11.5092  18.1727   0.0000   0.0000   0.0000
    2136   3.1454  10.7178  18.7687   0.0000   0.0000   0.0000
    2137   2.1723  11.3481  18.2280   0.0000   0.0000   0.0000
    2138   3.7174  11.0555  19.3027   0.0000   0.0000   0.0000
    2139   2.6184  11.9024  17.8815   0.0000   0.0000   0.0000
    2140   3.4947  11.0171  18.6152   0.0000   0.0000   0.0000
    2141   3.7495  11.3137  18.5754   0.0000   0.0000   0.0000
    2142   3.4311  11.0579  17.6146   0.0000   0.0000   0.0000
    2143   2.9491  11.3228  18.4377   0.0000   0.0000   0.0000
    2144   3.9200  10.5910  18.1413   0.0000   0.0000   0.0000
    2145   3.8625  10.9700  17.9245   0.0000   0.0000   0.0000
    2146   2.9523  10.4414  18.0556   0.0000   0.0000   0.0000
    2147   4.4599  10.4818  17.6534   0.0000   0.0000   0.0000
    2148   3.4147  10.9973  18.2181   0.0000   0.0000   0.0000
    2149   3.2117  11.9399  18.8791   0.0000   0.0000   0.0000
    2150   3.1482  11.0658  17.9694   0.0000   0.0000   0.0000
    2151   3.2435  11.1613  17.6619   0.0000   0.0000   0.0000
    2152   4.3634  10.6829  17.2452   0.0000   0.0000   0.0000
    2153   4.3818   9.9222  17.3435   0.0000   0.0000   0.0000
    2154   4.2877  12.4766  16.6247   0.0000   0.0000   0.0000
    2155   4.0435  11.3082  16.5213   0.0000   0.0000   0.0000
    2156   3.3872  11.7442  16.5838   0.0000   0.0000   0.0000
    2157   3.0981  12.3009  16.3927   0.0000   0.0000   0.0000
    2158   3.1729  12.9061  16.3007   0.0000   0.0000   0.0000
    2159   2.9886  12.9926  16.3318   0.0000   0.0000   0.0000
    2160   3.6062  12.6883  16.7384   0.0000   0.0000   0.0000
    2161   3.1358  12.9054  16.6818   0.0000   0.0000   0.0000
    2162   2.5058  13.3247  16.2359   0.0000   0.0000   0.0000
    2163   2.5479  13.0908  16.8950   0.0000   0.0000   0.0000
    2164   2.7999  13.3354  16.4325   0.0000   0.0000   0.0000
    2165   3.9109  12.3037  16.4049   0.0000   0.0000   0.0000
    2166   3.4779  12.5236  17.0699   0.0000   0.0000   0.0000
    2167   3.3323  12.4751  16.1960   0.0000   0.0000   0.0000
    2168   3.5933  11.5665  16.0094   0.0000   0.0000   0.0000
    2169   3.4136  12.1227  15.0842   0.0000   0.0000   0.0000
    2170   4.2304  12.5289  16.1661   0.0000   0.0000   0.0000
    2171   3.8520  11.9902  15.6673   0.0000   0.0000   0.0000
    2172   3.9306  11.8108  15.3543   0.0000   0.0000   0.0000
    2173   4.5141  12.4360  15.0151   0.0000   0.0000   0.0000
    2174   4.3563  12.0608  15.2925   0.0000   0.0000   0.0000
    2175   4.2914  11.8617  15.3831   0.0000   0.0000   0.0000
    2176   4.0951  13.5475  15.9994   0.0000   0.0000   0.0000
    2177   3.8440  12.0387  15.8532   0.0000   0.0000   0.0000
    2178   4.0071  12.4933  15.3581   0.0000   0.0000   0.0000
    2179   3.4516  12.6237  16.0050   0.0000   0.0000   0.0000
    2180   3.2156  12.1214  15.4017   0.0000   0.0000   0.0000
    2181   2.8031  12.7148  15.4656   0.0000   0.0000   0.0000
    2182   3.9047  12.5376  15.6079   0.0000   0.0000   0.0000
    2183   4.5249  12.3641  14.2323   0.0000   0.0000   0.0000
    2184   4.7575  12.5847  14.6390   0.0000   0.0000   0.0000
    2185   3.9952  12.1310  15.0285   0.0000   0.0000   0.0000
    2186   3.9527  11.4675  15.3379   0.0000   0.0000   0.0000
    2187   3.9746  12.4993  14.9625   0.0000   0.0000   0.0000
    2188   3.6286  11.9696  14.9069   0.0000   0.0000   0.0000
    2189   3.7853  12.6237  14.2628   0.0000   0.0000   0.0000
    2190   3.5578  11.9170  14.5044   0.0000   0.0000   0.0000
    2191   4.4881  12.6080  14.5399   0.0000   0.0000   0.0000
    2192   4.9262  12.2951  14.2491   0.0000   0.0000   0.0000
    2193   5.4243  12.1990  14.1689   0.0000   0.0000   0.0000
    2194   3.9240  11.7330  14.1540   0.0000   0.0000   0.0000
    2195   4.1764  12.1011  13.7700   0.0000   0.0000   0.0000
    2196   3.9272  11.8821  14.3809   0.0000   0.0000   0.0000
    2197   4.0889  12.3699  14.3985   0.0000   0.0000   0.0000
    2198   3.5393  12.1887  15.2175   0.0000   0.0000   0.0000
    2199   4.2527  12.9335  14.4702   0.0000   0.0000   0.0000
    2200   3.9620  12.7174  14.5890   0.0000   0.0000   0.0000
    2201   3.3472  11.9692  14.5640   0.0000   0.0000   0.0000
    2202   4.3391  12.9185  14.2205   0.0000   0.0000   0.0000
    2203   4.5187  11.3686  14.3876   0.0000   0.0000   0.0000
    2204   4.0504  11.4838  14.8457   0.0000   0.0000   0.0000
    2205   3.9393  11.6281  14.8343   0.0000   0.0000   0.0000
    2206   4.3202  11.2610  15.2177   0.0000   0.0000   0.0000
    2207   3.3963  11.1416  14.3481   0.0000   0.0000   0.0000
    2208   4.1778  11.0831  14.1353   0.0000   0.0000   0.0000
    2209   4.6102  10.8258  14.5410   0.0000   0.0000   0.0000
    2210   4.2301  10.3254  14.4445   0.0000   0.0000   0.0000
    2211   3.9493  10.5925  14.3643   0.0000   0.0000   0.0000
    2212   3.7161  10.6102  14.6790   0.0000   0.0000   0.0000
    2213   3.1746  10.6629  14.8714   0.0000   0.0000   0.0000
    2214   3.5574  10.3446  14.7375   0.0000   0.0000   0.0000
    2215   3.5153  10.2154  14.2595   0.0000   0.0000   0.0000
    2216   3.6717  10.6003  14.7710   0.0000   0.0000   0.0000
    2217   3.9513  10.1881  14.0433   0.0000   0.0000   0.0000
    2218   3.7977  10.4083  14.2427   0.0000   0.0000   0.0000
    2219   3.2015  10.1996  13.9888   0.0000   0.0000   0.0000
    2220   3.3757  10.0995  13.9045   0.0000   0.0000   0.0000
    2221   3.5851   9.8336  13.8584   0.0000   0.0000   0.0000
    2222   4.0426  10.7056  13.9487   0.0000   0.0000   0.0000
    2223   3.3525  10.6611  13.8495   0.0000   0.0000   0.0000
    2224   3.1931  10.7310  14.6856   0.0000   0.0000   0.0000
    2225   3.6397  10.9762  14.7271   0.0000   0.0000   0.0000
    2226   3.4742  10.9368  14.5460   0.0000   0.0000   0.0000
    2227   4.0532  11.5644  14.1007   0.0000   0.0000   0.0000
    2228   3.2147  11.3293  13.8080   0.0000   0.0000   0.0000
    2229   2.6501  12.0952  14.0272   0.0000   0.0000   0.0000
    2230   3.1999  13.1349  13.3194   0.0000   0.0000   0.0000
    2231   2.3282  13.1634  14.3858   0.0000   0.0000   0.0000
    2232   2.7157  12.7081  14.2769   0.0000   0.0000   0.0000
    2233   3.4883  12.2670  14.7786   0.0000   0.0000   0.0000
    2234   2.3064  11.3991  14.7840   0.0000   0.0000   0.0000
    2235   2.7307  11.2750  14.4538   0.0000   0.0000   0.0000
    2236   2.7887  11.1451  14.6178   0.0000   0.0000   0.0000
    2237   2.3871  11.0258  14.4812   0.0000   0.0000   0.0000
    2238   3.2854  10.4207  14.4503   0.0000   0.0000   0.0000
    2239   3.0659  10.6121  14.6170   0.0000   0.0000   0.0000
    2240   3.3887  11.2791  14.6850   0.0000   0.0000   0.0000
    2241   3.2179  11.3952  15.7544   0.0000   0.0000   0.0000
    2242   2.1234  10.6025  15.6295   0.0000   0.0000   0.0000
    2243   3.6829  11.0165  15.6735   0.0000   0.0000   0.0000
    2244   3.7812  11.5006  15.5837   0.0000   0.0000   0.0000
    2245   3.4650  11.4845  14.9302   0.0000   0.0000   0.0000
    2246   3.8649  12.4552  15.7798   0.0000   0.0000   0.0000
    2247   3.3724  11.8465  15.0231   0.0000   0.0000   0.0000
    2248   4.9881  11.4783  14.6037   0.0000   0.0000   0.0000
    2249   4.1372  11.7323  15.2665   0.0000   0.0000   0.0000
    2250   5.8446  11.2505  14.8081   0.0000   0.0000   0.0000
    2251   4.6085  11.3362  15.7890   0.0000   0.0000   0.0000
    2252   4.6922  11.3867  15.1355   0.0000   0.0000   0.0000
    2253   5.0139  10.4802  14.9017   0.0000   0.0000   0.0000
    2254   4.4269  10.7794  14.6165   0.0000   0.0000   0.0000
    2255   5.4062  10.9270  15.3446   0.0000   0.0000   0.0000
    2256   4.2229  11.2178  14.9110   0.0000   0.0000   0.0000
    2257   4.8932  11.6213  16.3312   0.0000   0.0000   0.0000
    2258   4.9543  12.1871  15.7024   0.0000   0.0000   0.0000
    2259   5.6323  11.3331  15.6715   0.0000   0.0000   0.0000
    2260   5.3866  11.0691  15.3057   0.0000   0.0000   0.0000
    2261   5.4076  10.8783  15.1474   0.0000   0.0000   0.0000
    2262   6.1155  11.2473  15.3346   0.0000   0.0000   0.0000
    2263   5.0703  10.7805  15.4262   0.0000   0.0000   0.0000
    2264   4.6772  10.2146  15.2907   0.0000   0.0000   0.0000
    2265   5.3416  10.5586  15.1419   0.0000   0.0000   0.0000
    2266   4.6266  10.7381  15.4100   0.0000   0.0000   0.0000
    2267   5.4077  10.1941  15.7608   0.0000   0.0000   0.0000
    2268   5.1929  10.0979  15.2412   0.0000   0.0000   0.0000
    2269   4.8920  10.3323  15.2460   0.0000   0.0000   0.0000
    2270   4.8740  11.1504  15.2242   0.0000   0.0000   0.0000
    2271   4.9143  10.4056  15.7899   0.0000   0.0000   0.0000
    2272   5.0137  10.5358  15.1866   0.0000   0.0000   0.0000
    2273   4.9841  11.7517  14.6910   0.0000   0.0000   0.0000
    2274   5.6242  11.9366  15.0452   0.0000   0.0000   0.0000
    2275   5.4053  11.5787  15.0746   0.0000   0.0000   0.0000
    2276   6.0672  11.2737  14.7651   0.0000   0.0000   0.0000
    2277   5.9810  11.4175  15.0490   0.0000   0.0000   0.0000
    2278   5.5959  11.4940  15.6678   0.0000   0.0000   0.0000
    2279   5.5571  11.9188  15.4410   0.0000   0.0000   0.0000
    2280   5.2840  11.2570  14.6399   0.0000   0.0000   0.0000
    2281   5.6772  11.0603  14.7936   0.0000   0.0000   0.0000
    2282   5.6353  11.6529  15.1228   0.0000   0.0000   0.0000
    2283   5.3421  11.7917  15.2308   0.0000   0.0000   0.0000
    2284   5.2817  11.4001  15.3734   0.0000   0.0000   0.0000
    2285   5.8219  10.9930  15.3049   0.0000   0.0000   0.0000
    2286   5.3978  10.9873  15.4239   0.0000   0.0000   0.0000
    2287   4.8922  11.9892  15.7741   0.0000   0.0000   0.0000
    2288   4.2535  10.3483  15.4998   0.0000   0.0000   0.0000
    2289   4.7769  10.8190  15.6484   0.0000   0.0000   0.0000
    2290   4.7832  12.3455  15.6362   0.0000   0.0000   0.0000
    2291   4.2622  11.1057  15.7247   0.0000   0.0000   0.0000
    2292   5.2046  11.4299  15.1859   0.0000   0.0000   0.0000
    2293   5.7823  11.8915  14.2856   0.0000   0.0000   0.0000
    2294   4.7931  11.5887  14.4098   0.0000   0.0000   0.0000
    2295   5.5564  12.3081  14.1365   0.0000   0.0000   0.0000
    2296   5.2184  12.7058  13.8070   0.0000   0.0000   0.0000
    2297   6.3367  12.1445  14.7276   0.0000   0.0000   0.0000
    2298   5.8981  12.5700  13.8901   0.0000   0.0000   0.0000
    2299   6.2774  11.6995  13.8439   0.0000   0.0000   0.0000
    2300   4.6684  11.8212  13.4388   0.0000   0.0000   0.0000
    2301   4.3959  12.6789  12.9042   0.0000   0.0000   0.0000
    2302   4.4060  11.9886  13.5943   0.0000   0.0000   0.0000
    2303   4.1287  12.5291  13.6414   0.0000   0.0000   0.0000
    2304   3.5713  12.7116  14.3136   0.0000   0.0000   0.0000
    2305   4.4285  12.1792  13.5479   0.0000   0.0000   0.0000
    2306   3.9915  12.4875  13.7498   0.0000   0.0000   0.0000
    2307   4.0184  12.5353  13.3118   0.0000   0.0000   0.0000
    2308   3.8756  13.1117  13.5908   0.0000   0.0000   0.0000
    2309   4.0597  12.5675  12.8488   0.0000   0.0000   0.0000
    2310   4.1027  12.5186  12.4392   0.0000   0.0000   0.0000
    2311   3.3725  12.7566  12.5007   0.0000   0.0000   0.0000
    2312   3.3994  12.7864  12.6070   0.0000   0.0000   0.0000
    2313   3.5647  12.6298  13.2089   0.0000   0.0000   0.0000
    2314   3.3298  12.9607  13.0672   0.0000   0.0000   0.0000
    2315   3.4318  12.4243  13.0370   0.0000   0.0000   0.0000
    2316   3.2672  12.6256  13.2411   0.0000   0.0000   0.0000
    2317   3.1566  12.4104  12.4621   0.0000   0.0000   0.0000
    2318   2.3315  11.7865  12.4735   0.0000   0.0000   0.0000
    2319   2.5561  11.2805  12.5100   0.0000   0.0000   0.0000
    2320   1.8839  11.7760  12.7992   0.0000   0.0000   0.0000
    2321   2.1491  11.4951  13.2831   0.0000   0.0000   0.0000
    2322   2.7902  11.3505  12.9612   0.0000   0.0000   0.0000
    2323   2.7722  11.7856  12.8702   0.0000   0.0000   0.0000
    2324   3.1011  11.5989  13.1694   0.0000   0.0000   0.0000
    2325   2.9785  11.8301  13.3841   0.0000   0.0000   0.0000
    2326   3.1557  11.2285  13.5771   0.0000   0.0000   0.0000
    2327   2.8550  11.4963  13.4658   0.0000   0.0000   0.0000
    2328   2.8230  11.9597  13.5018   0.0000   0.0000   0.0000
    2329   2.4122  11.9330  13.8250   0.0000   0.0000   0.0000
    2330   3.4583  12.9989  13.8746   0.0000   0.0000   0.0000
    2331   3.1878  12.4252  14.0173   0.0000   0.0000   0.0000
    2332   3.3500  12.2109  14.8145   0.0000   0.0000   0.0000
    2333   4.8898  12.2756  14.1547   0.0000   0.0000   0.0000
    2334   4.2221  12.5954  13.7466   0.0000   0.0000   0.0000
    2335   3.7389  10.8047  14.0846   0.0000   0.0000   0.0000
    2336   4.2435  11.9000  14.2037   0.0000   0.0000   0.0000
    2337   4.2865  11.7077  13.3432   0.0000   0.0000   0.0000
    2338   3.5892  11.7412  13.3273   0.0000   0.0000   0.0000
    2339   3.4937  11.4360  13.5638   0.0000   0.0000   0.0000
    2340   4.9632  11.2060  13.4299   0.0000   0.0000   0.0000
    2341   4.5235  10.0238  13.9457   0.0000   0.0000   0.0000
    2342   5.1884  11.2829  13.9637   0.0000   0.0000   0.0000
    2343   3.9214  10.9773  13.6439   0.0000   0.0000   0.0000
    2344   4.3146  10.4557  14.8993   0.0000   0.0000   0.0000
    2345   4.2037  10.7008  14.7286   0.0000   0.0000   0.0000
    2346   3.8427  11.6213  15.3512   0.0000   0.0000   0.0000
    2347   4.7676  11.1456  14.2771   0.0000   0.0000   0.0000
    2348   4.5902  10.8137  14.9073   0.0000   0.0000   0.0000
    2349   4.9521  11.1014  14.9142   0.0000   0.0000   0.0000
    2350   4.4116   9.7884  14.6660   0.0000   0.0000   0.0000
    2351   4.0305  10.7614  15.6335   0.0000   0.0000   0.0000
    2352   4.4383  11.1871  14.9404   0.0000   0.0000   0.0000
    2353   4.6589  10.5582  15.3831   0.0000   0.0000   0.0000
    2354   3.5697  10.7335  15.3611   0.0000   0.0000   0.0000
    2355   4.2189  12.1716  15.6713   0.0000   0.0000   0.0000
    2356   4.5806  11.6149  14.7895   0.0000   0.0000   0.0000
    2357   4.2683  10.8826  15.1479   0.0000   0.0000   0.0000
    2358   4.0573  11.6505  15.1512   0.0000   0.0000   0.0000
    2359   4.3364  11.2661  15.9763   0.0000   0.0000   0.0000
    2360   4.6989  10.9757  15.8060   0.0000   0.0000   0.0000
    2361   4.5996  11.5528  15.5115   0.0000   0.0000   0.0000
    2362   5.2652  10.1620  15.8595   0.0000   0.0000   0.0000
    2363   5.1573  10.6533  15.9854   0.0000   0.0000   0.0000
    2364   5.6395  11.5890  15.7241   0.0000   0.0000   0.0000
    2365   5.0651  11.0388  15.9938   0.0000   0.0000   0.0000
    2366   5.4893  11.3987  15.4571   0.0000   0.0000   0.0000
    2367   5.0834  10.9885  16.1553   0.0000   0.0000   0.0000
    2368   5.2889  11.3846  16.2886   0.0000   0.0000   0.0000
    2369   5.9373  10.8008  15.7488   0.0000   0.0000   0.0000
    2370   5.8027  12.3514  15.2127   0.0000   0.0000   0.0000
    2371   6.2817  11.1390  15.7098   0.0000   0.0000   0.0000
    2372   5.3684  12.3520  15.7792   0.0000   0.0000   0.0000
    2373   5.6435  11.5836  15.9640   0.0000   0.0000   0.0000
    2374   4.7618  11.9480  15.7630   0.0000   0.0000   0.0000
    2375   4.1823  10.9625  16.1928   0.0000   0.0000   0.0000
    2376   4.8703  11.5879  15.5973   0.0000   0.0000   0.0000
    2377   5.2063  10.9307  15.9150   0.0000   0.0000   0.0000
    2378   5.5164  10.9420  15.4538   0.0000   0.0000   0.0000
    2379   5.3735  10.8760  15.2743   0.0000   0.0000   0.0000
    2380   5.3965  10.6856  16.5889   0.0000   0.0000   0.0000
    2381   5.1744  10.9352  15.9800   0.0000   0.0000   0.0000
    2382   4.5628  10.7926  15.8361   0.0000   0.0000   0.0000
    2383   5.4332  11.0184  16.3776   0.0000   0.0000   0.0000
    2384   6.2898   9.9638  16.5188   0.0000   0.0000   0.0000
    2385   4.6477  10.7983  15.8398   0.0000   0.0000   0.0000
    2386   5.4553  11.3446  15.5387   0.0000   0.0000   0.0000
    2387   5.7459  11.1682  16.2546   0.0000   0.0000   0.0000
    2388   5.1186  11.6642  15.8834   0.0000   0.0000   0.0000
    2389   5.2093  11.5076  15.9686   0.0000   0.0000   0.0000
    2390   6.0059  12.0581  16.2489   0.0000   0.0000   0.0000
    2391   5.7006  11.4262  15.8560   0.0000   0.0000   0.0000
    2392   5.7436  11.6221  15.3834   0.0000   0.0000   0.0000
    2393   5.3119  11.0813  15.5446   0.0000   0.0000   0.0000
    2394   4.9841  11.8704  16.0956   0.0000   0.0000   0.0000
    2395   5.7888  11.9957  15.8991   0.0000   0.0000   0.0000
    2396   4.8711  11.8502  16.3318   0.0000   0.0000   0.0000
    2397   5.6863  11.8541  15.8281   0.0000   0.0000   0.0000
    2398   4.9139  12.1376  15.6943   0.0000   0.0000   0.0000
    2399   5.2671  12.0908  16.6268   0.0000   0.0000   0.0000
    2400   4.5870  11.6978  15.6844   0.0000   0.0000   0.0000
    2401   4.7099  12.4133  15.8301   0.0000   0.0000   0.0000
    2402   5.5179  11.9225  15.8684   0.0000   0.0000   0.0000
    2403   5.8062  11.5493  17.1139   0.0000   0.0000   0.0000
    2404   5.8404  12.0976  16.4510   0.0000   0.0000   0.0000
    2405   5.6326  12.2804  16.6113   0.0000   0.0000   0.0000
    2406   5.3286  11.7799  16.1438   0.0000   0.0000   0.0000
    2407   5.3322  11.5264  16.3072   0.0000   0.0000   0.0000
    2408   5.2125  12.6086  16.3051   0.0000   0.0000   0.0000
    2409   5.2788  12.6906  16.3315   0.0000   0.0000   0.0000
    2410   5.7306  11.2990  15.9735   0.0000   0.0000   0.0000
    2411   6.1405  12.6494  15.9902   0.0000   0.0000   0.0000
    2412   6.6212  12.2815  15.3653   0.0000   0.0000   0.0000
    2413   5.7757  11.2599  15.7592   0.0000   0.0000   0.0000
    2414   6.2366  11.3963  15.3381   0.0000   0.0000   0.0000
    2415   5.9520  10.0166  16.1008   0.0000   0.0000   0.0000
    2416   6.0306  10.5825  16.1545   0.0000   0.0000   0.0000
    2417   6.2072  10.5341  16.3310   0.0000   0.0000   0.0000
    2418   6.6856  11.1926  15.6507   0.0000   0.0000   0.0000
    2419   6.9426  10.6411  15.7962   0.0000   0.0000   0.0000
    2420   7.0410   9.5044  16.3783   0.0000   0.0000   0.0000
    2421   7.4333  10.4352  16.1663   0.0000   0.0000   0.0000
    2422   7.0410  10.6600  16.4278   0.0000   0.0000   0.0000
    2423   7.5594  10.8448  17.3548   0.0000   0.0000   0.0000
    2424   6.9851  11.1135  16.9641   0.0000   0.0000   0.0000
    2425   7.6607  10.6233  17.1683   0.0000   0.0000   0.0000
    2426   7.2946  10.9164  16.4877   0.0000   0.0000   0.0000
    2427   7.1408  10.9069  16.6555   0.0000   0.0000   0.0000
    2428   8.0631  10.1247  17.0286   0.0000   0.0000   0.0000
    2429   7.5359  10.3716  16.6079   0.0000   0.0000   0.0000
    2430   8.5035  10.4273  17.8625   0.0000   0.0000   0.0000
    2431   8.3311  10.1431  17.7775   0.0000   0.0000   0.0000
    2432   7.8400   8.7037  17.9242   0.0000   0.0000   0.0000
    2433   8.0710   9.6750  17.9437   0.0000   0.0000   0.0000
    2434   8.0956   9.8942  17.7616   0.0000   0.0000   0.0000
    2435   7.7205  10.6681  17.4975   0.0000   0.0000   0.0000
    2436   7.2005  10.1590  17.4129   0.0000   0.0000   0.0000
    2437   6.6168   9.4314  17.2892   0.0000   0.0000   0.0000
    2438   6.8935  10.1502  17.7768   0.0000   0.0000   0.0000
    2439   6.4763   9.5403  18.3650   0.0000   0.0000   0.0000
    2440   6.4112   9.6621  18.6526   0.0000   0.0000   0.0000
    2441   6.4223   9.9661  17.2831   0.0000   0.0000   0.0000
    2442   5.7741  10.1437  17.9874   0.0000   0.0000   0.0000
    2443   5.8514  10.8531  17.8304   0.0000   0.0000   0.0000
    2444   5.4046  10.2817  18.1019   0.0000   0.0000   0.0000
    2445   5.3816  10.8447  18.2409   0.0000   0.0000   0.0000
    2446   6.2630   9.9245  18.3519   0.0000   0.0000   0.0000
    2447   6.2257  10.0354  18.2765   0.0000   0.0000   0.0000
    2448   6.0676  10.7181  17.6574   0.0000   0.0000   0.0000
    2449   5.3441  11.7098  17.9020   0.0000   0.0000   0.0000
    2450   5.7185  11.1422  18.2754   0.0000   0.0000   0.0000
    2451   5.4325  11.1528  18.2754   0.0000   0.0000   0.0000
    2452   5.4806  10.5497  17.9020   0.0000   0.0000   0.0000
    2453   5.2781  10.4086  18.8120   0.0000   0.0000   0.0000
    2454   5.2213  10.8355  18.6346   0.0000   0.0000   0.0000
    2455   5.3489  10.5964  18.5941   0.0000   0.0000   0.0000
    2456   5.1416  10.5544  18.8434   0.0000   0.0000   0.0000
    2457   5.3374  10.8523  18.5122   0.0000   0.0000   0.0000
    2458   5.2341  11.7325  18.1918   0.0000   0.0000   0.0000
    2459   5.0882  11.2289  17.6798   0.0000   0.0000   0.0000
    2460   5.2794  11.1632  17.3993   0.0000   0.0000   0.0000
    2461   5.7549  10.9098  17.5035   0.0000   0.0000   0.0000
    2462   6.1923  11.4727  17.9430   0.0000   0.0000   0.0000
    2463   6.3249  12.0732  17.3900   0.0000   0.0000   0.0000
    2464   6.6961  12.5681  17.2165   0.0000   0.0000   0.0000
    2465   5.9462  11.9699  16.8529   0.0000   0.0000   0.0000
    2466   6.4250  11.5877  16.6422   0.0000   0.0000   0.0000
    2467   6.6402  11.7972  16.2065   0.0000   0.0000   0.0000
    2468   5.8802  11.8177  17.4053   0.0000   0.0000   0.0000
    2469   6.0317  11.3795  17.9540   0.0000   0.0000   0.0000
    2470   6.3316  11.8158  18.6165   0.0000   0.0000   0.0000
    2471   6.1239  11.4874  17.9616   0.0000   0.0000   0.0000
    2472   6.2128  11.3052  18.0840   0.0000   0.0000   0.0000
    2473   5.8756  10.7104  18.7351   0.0000   0.0000   0.0000
    2474   6.5574  11.6183  18.7076   0.0000   0.0000   0.0000
    2475   5.7927  10.7163  18.8019   0.0000   0.0000   0.0000
    2476   6.0605  10.4328  18.4515   0.0000   0.0000   0.0000
    2477   6.4106   9.8718  18.0797   0.0000   0.0000   0.0000
    2478   6.0032   9.4674  18.5786   0.0000   0.0000   0.0000
    2479   6.7048   9.4771  18.3385   0.0000   0.0000   0.0000
    2480   6.4991  10.1651  18.7693   0.0000   0.0000   0.0000
    2481   7.2314  10.4392  18.7215   0.0000   0.0000   0.0000
    2482   6.0331  11.2029  18.3957   0.0000   0.0000   0.0000
    2483   6.8396  10.4247  18.3033   0.0000   0.0000   0.0000
    2484   7.3994   9.9019  18.1800   0.0000   0.0000   0.0000
    2485   5.9665   9.9405  17.5299   0.0000   0.0000   0.0000
    2486   7.3265  10.0610  17.9447   0.0000   0.0000   0.0000
    2487   7.1212  10.1545  18.5457   0.0000   0.0000   0.0000
    2488   6.8896  10.3047  17.9998   0.0000   0.0000   0.0000
    2489   6.8154   9.7976  18.1855   0.0000   0.0000   0.0000
    2490   6.0715   9.6661  17.8846   0.0000   0.0000   0.0000
    2491   6.0071  10.8854  17.6702   0.0000   0.0000   0.0000
    2492   6.3292  10.9130  18.0644   0.0000   0.0000   0.0000
    2493   6.7215  10.9661  17.9924   0.0000   0.0000   0.0000
    2494   6.6116   9.7675  18.0066   0.0000   0.0000   0.0000
    2495   6.8814   9.0461  19.1090   0.0000   0.0000   0.0000
    2496   6.1853   9.6173  18.4298   0.0000   0.0000   0.0000
    2497   6.4109  10.4154  18.1780   0.0000   0.0000   0.0000
    2498   6.7577  10.1277  18.6413   0.0000   0.0000   0.0000
    2499   6.1333  10.3610  18.3549   0.0000   0.0000   0.0000
    2500   6.8818  10.1369  19.0092   0.0000   0.0000   0.0000
    2501   7.1679  10.1980  18.8039   0.0000   0.0000   0.0000
    2502   6.7851  11.6706  17.8913   0.0000   0.0000   0.0000
    2503   7.0328  11.2768  17.1677   0.0000   0.0000   0.0000
    2504   7.0321  11.9462  18.1260   0.0000   0.0000   0.0000
    2505   7.4848  11.8575  18.1918   0.0000   0.0000   0.0000
    2506   7.4179  11.4513  17.6098   0.0000   0.0000   0.0000
    2507   7.0352  10.9876  18.1414   0.0000   0.0000   0.0000
    2508   6.6650  10.4770  18.5730   0.0000   0.0000   0.0000
    2509   7.9468  10.4822  18.1515   0.0000   0.0000   0.0000
    2510   7.9359  11.1399  18.2467   0.0000   0.0000   0.0000
    2511   7.2195  11.6883  17.5949   0.0000   0.0000   0.0000
    2512   7.5518  11.4693  17.7071   0.0000   0.0000   0.0000
    2513   7.3357  12.2571  17.7376   0.0000   0.0000   0.0000
    2514   7.6016  11.7119  17.5759   0.0000   0.0000   0.0000
    2515   7.1730  11.5570  16.9774   0.0000   0.0000   0.0000
    2516   7.0158  11.3918  17.9214   0.0000   0.0000   0.0000
    2517   6.7617  11.4524  18.5501   0.0000   0.0000   0.0000
    2518   8.0173  11.3117  17.5647   0.0000   0.0000   0.0000
    2519   6.9859  11.5894  18.8286   0.0000   0.0000   0.0000
    2520   8.4551  12.0043  18.3092   0.0000   0.0000   0.0000
    2521   7.9415  11.4310  17.8643   0.0000   0.0000   0.0000
    2522   7.5515  12.2097  18.6236   0.0000   0.0000   0.0000
    2523   7.2182  11.3235  18.8822   0.0000   0.0000   0.0000
    2524   7.2283  10.7804  18.3472   0.0000   0.0000   0.0000
    2525   7.5258  10.7346  17.3556   0.0000   0.0000   0.0000
    2526   7.4208  11.5648  17.1581   0.0000   0.0000   0.0000
    2527   7.4209  12.3474  16.9304   0.0000   0.0000   0.0000
    2528   7.3000  10.7261  17.6223   0.0000   0.0000   0.0000
    2529   7.0565  10.4935  17.1571   0.0000   0.0000   0.0000
    2530   6.4769   9.9887  17.5328   0.0000   0.0000   0.0000
    2531   6.1596  10.4447  17.8390   0.0000   0.0000   0.0000
    2532   6.2823  11.1280  16.9984   0.0000   0.0000   0.0000
    2533   6.5229  11.5894  17.5917   0.0000   0.0000   0.0000
    2534   6.2509  11.2579  17.6496   0.0000   0.0000   0.0000
    2535   6.6057  11.5504  16.9797   0.0000   0.0000   0.0000
    2536   7.0073  12.2016  17.4317   0.0000   0.0000   0.0000
    2537   7.1858  11.3681  17.3319   0.0000   0.0000   0.0000
    2538   7.1327  12.0970  16.5772   0.0000   0.0000   0.0000
    2539   6.8715  11.4510  17.4009   0.0000   0.0000   0.0000
    2540   7.6409  11.3685  17.5756   0.0000   0.0000   0.0000
    2541   7.6921  11.0021  17.0144   0.0000   0.0000   0.0000
    2542   6.9443  11.6262  16.8272   0.0000   0.0000   0.0000
    2543   6.6195  11.8038  17.7021   0.0000   0.0000   0.0000
    2544   7.3164  11.3594  17.1861   0.0000   0.0000   0.0000
    2545   7.6155  11.4532  16.7221   0.0000   0.0000   0.0000
    2546   7.7576  11.3022  16.6260   0.0000   0.0000   0.0000
    2547   8.0659  12.1937  17.0284   0.0000   0.0000   0.0000
    2548   7.2068  12.7560  17.2442   0.0000   0.0000   0.0000
    2549   6.7842  12.3529  17.0126   0.0000   0.0000   0.0000
    2550   7.0781  12.0840  17.3168   0.0000   0.0000   0.0000
    2551   6.6792  12.0656  16.3943   0.0000   0.0000   0.0000
    2552   7.9605  11.7279  16.7118   0.0000   0.0000   0.0000
    2553   7.0553  12.0908  16.1423   0.0000   0.0000   0.0000
    2554   6.6056  11.6653  15.8778   0.0000   0.0000   0.0000
    2555   6.0210  11.3419  15.8145   0.0000   0.0000   0.0000
    2556   5.7049  10.9996  16.7489   0.0000   0.0000   0.0000
    2557   5.8310  11.2453  16.1489   0.0000   0.0000   0.0000
    2558   6.1430  12.0117  16.7935   0.0000   0.0000   0.0000
    2559   6.7609  12.1377  16.3948   0.0000   0.0000   0.0000
    2560   6.7700  12.4963  16.5736   0.0000   0.0000   0.0000
    2561   6.3372  11.9975  16.3874   0.0000   0.0000   0.0000
    2562   6.1611  12.2596  16.4592   0.0000   0.0000   0.0000
    2563   6.4400  12.5416  15.6018   0.0000   0.0000   0.0000
    2564   6.5891  11.6733  16.6761   0.0000   0.0000   0.0000
    2565   7.1074  12.2286  16.9334   0.0000   0.0000   0.0000
    2566   7.1872  11.4728  16.8273   0.0000   0.0000   0.0000
    2567   5.6140  11.8046  16.8121   0.0000   0.0000   0.0000
    2568   7.2424  11.8060  17.2552   0.0000   0.0000   0.0000
    2569   7.0925  12.4720  16.8673   0.0000   0.0000   0.0000
    2570   6.5882  12.4135  16.5883   0.0000   0.0000   0.0000
    2571   6.2830  11.5979  16.8592   0.0000   0.0000   0.0000
    2572   6.3271  11.8428  16.4634   0.0000   0.0000   0.0000
    2573   6.9433  11.1258  16.5816   0.0000   0.0000   0.0000
    2574   7.4399  11.8994  16.8718   0.0000   0.0000   0.0000
    2575   6.7205  11.9153  16.7082   0.0000   0.0000   0.0000
    2576   7.0299  11.3627  16.2008   0.0000   0.0000   0.0000
    2577   6.5982  11.4649  16.2141   0.0000   0.0000   0.0000
    2578   5.8309  10.9370  15.3003   0.0000   0.0000   0.0000
    2579   6.3997  11.8923  14.8110   0.0000   0.0000   0.0000
    2580   6.2816  11.1477  16.7409   0.0000   0.0000   0.0000
    2581   6.1525  12.3555  16.9725   0.0000   0.0000   0.0000
    2582   5.7439  12.0761  16.2303   0.0000   0.0000   0.0000
    2583   5.7037  11.5443  16.8470   0.0000   0.0000   0.0000
    2584   6.1175  11.2162  16.8179   0.0000   0.0000   0.0000
    2585   6.1715  11.1196  17.0105   0.0000   0.0000   0.0000
    2586   6.5542  12.3419  16.2010   0.0000   0.0000   0.0000
    2587   6.7351  12.5663  17.1239   0.0000   0.0000   0.0000
    2588   6.6612  12.1671  17.0519   0.0000   0.0000   0.0000
    2589   6.9962  12.4268  16.8712   0.0000   0.0000   0.0000
    2590   5.1611  11.9523  16.5444   0.0000   0.0000   0.0000
    2591   6.4342  11.9350  16.6548   0.0000   0.0000   0.0000
    2592   7.1757  11.2461  17.1927   0.0000   0.0000   0.0000
    2593   6.5370  11.4279  17.3515   0.0000   0.0000   0.0000
    2594   6.2509  11.8151  16.8796   0.0000   0.0000   0.0000
    2595   6.6444  11.3034  16.6101   0.0000   0.0000   0.0000
    2596   6.6409  10.2213  17.6628   0.0000   0.0000   0.0000
    2597   6.5133  10.9973  17.4388   0.0000   0.0000   0.0000
    2598   6.3859  10.5814  17.2878   0.0000   0.0000   0.0000
    2599   7.3893  11.0638  18.0528   0.0000   0.0000   0.0000
    2600   6.1149  11.4306  18.0963   0.0000   0.0000   0.0000
    2601   6.7098  11.2514  18.1501   0.0000   0.0000   0.0000
    2602   6.3062  10.9902  18.5383   0.0000   0.0000   0.0000
    2603   6.5083  11.2131  17.9315   0.0000   0.0000   0.0000
    2604   6.3546  11.3318  17.8278   0.0000   0.0000   0.0000
    2605   6.3893  10.8405  17.5814   0.0000   0.0000   0.0000
    2606   5.6387  10.7353  17.4602   0.0000   0.0000   0.0000
    2607   6.1050  11.0433  17.5367   0.0000   0.0000   0.0000
    2608   5.8731  10.9662  16.1906   0.0000   0.0000   0.0000
    2609   5.8274  10.8584  17.3074   0.0000   0.0000   0.0000
    2610   6.0825  10.4339  17.6244   0.0000   0.0000   0.0000
    2611   6.1133  10.8851  17.9022   0.0000   0.0000   0.0000
    2612   5.8660  10.7078  18.0972   0.0000   0.0000   0.0000
    2613   6.1339  11.2098  18.1023   0.0000   0.0000   0.0000
    2614   6.3463  10.4391  18.9379   0.0000   0.0000   0.0000
    2615   6.5683  10.4407  18.7399   0.0000   0.0000   0.0000
    2616   6.0143  11.4530  18.1993   0.0000   0.0000   0.0000
    2617   6.1718  11.1260  18.1210   0.0000   0.0000   0.0000
    2618   5.9833  10.7322  18.9551   0.0000   0.0000   0.0000
    2619   5.4261  11.2356  18.9653   0.0000   0.0000   0.0000
    2620   5.8602  11.7739  18.4683   0.0000   0.0000   0.0000
    2621   5.9395  10.8039  17.9625   0.0000   0.0000   0.0000
    2622   4.6829  11.7709  18.9932   0.0000   0.0000   0.0000
    2623   4.5561  11.6964  17.6326   0.0000   0.0000   0.0000
    2624   5.3022  11.0287  18.2893   0.0000   0.0000   0.0000
    2625   4.3805  10.8782  17.4695   0.0000   0.0000   0.0000
    2626   4.4497  11.0710  17.6813   0.0000   0.0000   0.0000
    2627   4.4754  10.8025  17.4030   0.0000   0.0000   0.0000
    2628   4.5335  11.0877  18.4141   0.0000   0.0000   0.0000
    2629   4.0897  11.5219  18.3193   0.0000   0.0000   0.0000
    2630   4.6015  11.1892  18.1527   0.0000   0.0000   0.0000
    2631   4.6593  10.5853  18.8361   0.0000   0.0000   0.0000
    2632   4.4314  11.8276  18.8478   0.0000   0.0000   0.0000
    2633   4.6872  10.2440  18.4717   0.0000   0.0000   0.0000
    2634   5.0797  11.6001  17.8399   0.0000   0.0000   0.0000
    2635   5.1879  12.0544  17.9341   0.0000   0.0000   0.0000
    2636   5.4312  11.5065  17.4134   0.0000   0.0000   0.0000
    2637   5.2034  11.8182  17.7253   0.0000   0.0000   0.0000
    2638   5.1039  10.9859  16.7938   0.0000   0.0000   0.0000
    2639   5.7184  11.0199  17.2283   0.0000   0.0000   0.0000
    2640   5.8989  11.6360  17.2654   0.0000   0.0000   0.0000
    2641   5.5429  10.8721  16.4682   0.0000   0.0000   0.0000
    2642   5.5265  11.5287  17.0351   0.0000   0.0000   0.0000
    2643   4.6958  11.1307  16.9224   0.0000   0.0000   0.0000
    2644   5.0851  11.2980  15.9894   0.0000   0.0000   0.0000
    2645   5.2019  10.9257  17.1181   0.0000   0.0000   0.0000
    2646   4.9651  11.2319  16.0785   0.0000   0.0000   0.0000
    2647   5.6204  11.3757  16.7286   0.0000   0.0000   0.0000
    2648   5.2482  12.0531  17.1275   0.0000   0.0000   0.0000
    2649   5.3445  11.7198  17.7454   0.0000   0.0000   0.0000
    2650   5.4145  11.6833  17.1386   0.0000   0.0000   0.0000
    2651   5.1933  11.6857  16.8742   0.0000   0.0000   0.0000
    2652   6.0960  12.2231  17.0196   0.0000   0.0000   0.0000
    2653   5.8514  12.5266  16.9615   0.0000   0.0000   0.0000
    2654   5.0109  12.5205  17.6694   0.0000   0.0000   0.0000
    2655   5.9775  11.9138  16.9813   0.0000   0.0000   0.0000
    2656   4.8105  11.2245  17.1846   0.0000   0.0000   0.0000
    2657   5.0450  12.0999  17.8270   0.0000   0.0000   0.0000
    2658   4.6696  11.7701  17.9471   0.0000   0.0000   0.0000
    2659   5.1195  11.9921  17.3654   0.0000   0.0000   0.0000
    2660   6.3658  12.0266  17.3214   0.0000   0.0000   0.0000
    2661   5.4261  11.8809  17.4310   0.0000   0.0000   0.0000
    2662   5.4177  11.2142  16.4768   0.0000   0.0000   0.0000
    2663   6.3525  11.0955  16.0902   0.0000   0.0000   0.0000
    2664   5.5020  11.6241  16.5958   0.0000   0.0000   0.0000
    2665   5.5518  11.5901  15.9344   0.0000   0.0000   0.0000
    2666   5.7501  12.1106  15.6333   0.0000   0.0000   0.0000
    2667   5.4921  11.6930  16.0598   0.0000   0.0000   0.0000
    2668   5.9890  10.5975  16.4179   0.0000   0.0000   0.0000
    2669   6.1477  11.0519  16.7533   0.0000   0.0000   0.0000
    2670   5.9153  10.6875  17.2725   0.0000   0.0000   0.0000
    2671   6.1358  10.9445  17.6152   0.0000   0.0000   0.0000
    2672   5.9059  11.4044  17.4770   0.0000   0.0000   0.0000
    2673   5.5004  11.3163  18.1128   0.0000   0.0000   0.0000
    2674   5.1703  10.8898  17.5866   0.0000   0.0000   0.0000
    2675   5.5077  11.1364  17.8763   0.0000   0.0000   0.0000
    2676   5.1711  10.6224  18.0001   0.0000   0.0000   0.0000
    2677   5.4974  10.0324  18.4140   0.0000   0.0000   0.0000
    2678   4.9544  10.4290  18.3645   0.0000   0.0000   0.0000
    2679   4.9248  11.2731  18.6158   0.0000   0.0000   0.0000
    2680   4.5968   9.7123  18.6922   0.0000   0.0000   0.0000
    2681   4.4241  10.9404  18.0920   0.0000   0.0000   0.0000
    2682   4.9862  10.7542  18.9583   0.0000   0.0000   0.0000
    2683   4.8043  10.5274  18.8011   0.0000   0.0000   0.0000
    2684   4.8606  10.5564  18.3361   0.0000   0.0000   0.0000
    2685   5.5615  10.6894  17.9976   0.0000   0.0000   0.0000
    2686   5.3267  10.7333  17.9971   0.0000   0.0000   0.0000
    2687   5.4465  11.0570  17.3771   0.0000   0.0000   0.0000
    2688   5.8354  12.6478  17.7705   0.0000   0.0000   0.0000
    2689   5.5862  11.4999  17.9430   0.0000   0.0000   0.0000
    2690   5.0355  11.7411  18.2570   0.0000   0.0000   0.0000
    2691   5.2274  11.6417  18.5576   0.0000   0.0000   0.0000
    2692   5.4682  10.6255  17.6967   0.0000   0.0000   0.0000
    2693   5.1378  10.7640  18.1416   0.0000   0.0000   0.0000
    2694   6.1517  10.9349  17.5045   0.0000   0.0000   0.0000
    2695   5.1275  10.6682  17.8309   0.0000   0.0000   0.0000
    2696   5.9533  11.2142  17.8806   0.0000   0.0000   0.0000
    2697   5.4085  10.4215  18.0980   0.0000   0.0000   0.0000
    2698   6.5761  11.0742  18.2898   0.0000   0.0000   0.0000
    2699   6.0422  10.2718  18.9229   0.0000   0.0000   0.0000
    2700   5.8144  10.6021  18.1435   0.0000   0.0000   0.0000
    2701   5.6169  10.6332  17.5104   0.0000   0.0000   0.0000
    2702   5.5695  10.5033  17.5500   0.0000   0.0000   0.0000
    2703   5.4058  10.5489  17.1787   0.0000   0.0000   0.0000
    2704   5.2275  10.9609  17.6247   0.0000   0.0000   0.0000
    2705   5.5629  11.0800  17.1192   0.0000   0.0000   0.0000
    2706   5.6189  11.2278  17.3960   0.0000   0.0000   0.0000
    2707   5.0316  10.4849  17.2800   0.0000   0.0000   0.0000
    2708   5.5944  11.1798  17.2111   0.0000   0.0000   0.0000
    2709   5.2709  11.7684  16.7272   0.0000   0.0000   0.0000
    2710   5.6968  12.1783  17.1278   0.0000   0.0000   0.0000
    2711   5.7961  11.4410  17.4566   0.0000   0.0000   0.0000
    2712   5.7633  11.9435  17.0542   0.0000   0.0000   0.0000
    2713   5.5316  12.0230  17.2738   0.0000   0.0000   0.0000
    2714   5.8181  11.9567  18.1865   0.0000   0.0000   0.0000
    2715   6.0114  11.3428  17.3117   0.0000   0.0000   0.0000
    2716   5.6379  12.1809  16.8707   0.0000   0.0000   0.0000
    2717   5.5859  11.3233  17.7546   0.0000   0.0000   0.0000
    2718   6.2520  11.3226  17.6340   0.0000   0.0000   0.0000
    2719   4.9849  11.7197  18.0010   0.0000   0.0000   0.0000
    2720   5.8957  11.2801  17.9797   0.0000   0.0000   0.0000
    2721   6.1089  10.5211  17.7493   0.0000   0.0000   0.0000
    2722   5.5143   9.9762  17.4140   0.0000   0.0000   0.0000
    2723   5.9335  10.6959  18.3473   0.0000   0.0000   0.0000
    2724   4.8502  11.2810  18.0830   0.0000   0.0000   0.0000
    2725   5.5926  10.5106  18.2781   0.0000   0.0000   0.0000
    2726   5.1306   9.9636  17.6515   0.0000   0.0000   0.0000
    2727   4.6333  10.4680  17.9082   0.0000   0.0000   0.0000
    2728   4.5296  11.2019  18.0604   0.0000   0.0000   0.0000
    2729   4.7336  10.6206  17.4963   0.0000   0.0000   0.0000
    2730   5.0114   9.7278  18.1238   0.0000   0.0000   0.0000
    2731   4.8430  10.6642  17.7323   0.0000   0.0000   0.0000
    2732   4.9734  10.5395  17.4792   0.0000   0.0000   0.0000
    2733   5.3914   9.7507  16.6177   0.0000   0.0000   0.0000
    2734   6.4230  10.6798  16.1477   0.0000   0.0000   0.0000
    2735   6.2490  10.4874  16.6119   0.0000   0.0000   0.0000
    2736   5.2172  10.2405  16.1021   0.0000   0.0000   0.0000
    2737   5.6906  10.7467  16.4908   0.0000   0.0000   0.0000
    2738   5.2811  10.4728  16.3225   0.0000   0.0000   0.0000
    2739   5.5046  10.9800  16.2944   0.0000   0.0000   0.0000
    2740   5.4067  10.9075  16.5368   0.0000   0.0000   0.0000
    2741   5.6398   9.9625  16.1304   0.0000   0.0000   0.0000
    2742   5.7064  10.6139  16.1924   0.0000   0.0000   0.0000
    2743   5.4180  10.0248  16.3431   0.0000   0.0000   0.0000
    2744   5.0228  10.0826  15.7471   0.0000   0.0000   0.0000
    2745   4.9631  10.7455  15.6729   0.0000   0.0000   0.0000
    2746   4.9679  10.3342  15.9630   0.0000   0.0000   0.0000
    2747   5.4007  10.7694  15.5659   0.0000   0.0000   0.0000
    2748   3.9871  10.3631  15.6982   0.0000   0.0000   0.0000
    2749   4.6332  10.5793  15.4430   0.0000   0.0000   0.0000
    2750   5.1262  10.9012  15.3864   0.0000   0.0000   0.0000
    2751   5.3405  10.6385  15.8184   0.0000   0.0000   0.0000
    2752   5.4399   9.9474  15.7289   0.0000   0.0000   0.0000
    2753   5.0327  10.1873  15.8242   0.0000   0.0000   0.0000
    2754   3.9231  11.0975  15.4472   0.0000   0.0000   0.0000
    2755   4.9825  10.3215  15.6019   0.0000   0.0000   0.0000
    2756   5.1358   9.7830  14.7737   0.0000   0.0000   0.0000
    2757   4.8587  10.0976  14.7526   0.0000   0.0000   0.0000
    2758   4.9012  10.1124  14.5831   0.0000   0.0000   0.0000
    2759   5.1690  10.7904  14.2716   0.0000   0.0000   0.0000
    2760   4.9808  10.2681  15.0730   0.0000   0.0000   0.0000
    2761   4.7776  10.3340  14.5857   0.0000   0.0000   0.0000
    2762   5.2149  10.6611  14.1050   0.0000   0.0000   0.0000
    2763   5.0033  10.1056  14.8615   0.0000   0.0000   0.0000
    2764   4.7427   9.6668  14.4764   0.0000   0.0000   0.0000
    2765   4.4411   9.3394  14.9227   0.0000   0.0000   0.0000
    2766   5.2245   9.6888  15.0755   0.0000   0.0000   0.0000
    2767   6.2357   9.4853  14.9140   0.0000   0.0000   0.0000
    2768   5.6219  10.0584  15.4776   0.0000   0.0000   0.0000
    2769   5.7542   9.6318  14.1374   0.0000   0.0000   0.0000
    2770   6.3528   9.6681  14.1299   0.0000   0.0000   0.0000
    2771   5.9671  10.5030  14.3124   0.0000   0.0000   0.0000
    2772   6.2853  10.6113  14.2869   0.0000   0.0000   0.0000
    2773   7.4444  10.6738  13.8845   0.0000   0.0000   0.0000
    2774   6.7965  10.0363  14.4530   0.0000   0.0000   0.0000
    2775   6.2847   9.8947  15.2002   0.0000   0.0000   0.0000
    2776   5.0553  10.4950  14.4941   0.0000   0.0000   0.0000
    2777   5.9902  10.5508  14.2743   0.0000   0.0000   0.0000
    2778   6.3148  10.5045  14.2451   0.0000   0.0000   0.0000
    2779   5.9830  10.5627  14.2198   0.0000   0.0000   0.0000
    2780   5.6163  10.8061  14.1837   0.0000   0.0000   0.0000
    2781   6.2316  10.5972  14.8050   0.0000   0.0000   0.0000
    2782   5.6959  10.5382  13.4704   0.0000   0.0000   0.0000
    2783   6.5821  10.7335  13.6961   0.0000   0.0000   0.0000
    2784   6.1231  10.5675  13.1338   0.0000   0.0000   0.0000
    2785   5.9034   9.6325  13.4143   0.0000   0.0000   0.0000
    2786   6.2880   9.5736  13.9085   0.0000   0.0000   0.0000
    2787   5.7438   9.6433  14.5157   0.0000   0.0000   0.0000
    2788   5.9326  10.1668  14.6498   0.0000   0.0000   0.0000
    2789   6.2682   9.4821  13.9932   0.0000   0.0000   0.0000
    2790   6.7186   9.5783  13.9917   0.0000   0.0000   0.0000
    2791   5.6326   9.6356  14.5326   0.0000   0.0000   0.0000
    2792   5.8323  10.1075  13.9501   0.0000   0.0000   0.0000
    2793   5.9218   9.1208  15.1930   0.0000   0.0000   0.0000
    2794   5.7233   8.9151  15.3885   0.0000   0.0000   0.0000
    2795   6.7512  10.6417  15.1595   0.0000   0.0000   0.0000
    2796   5.8556   9.7123  14.5168   0.0000   0.0000   0.0000
    2797   5.1690  10.4965  14.1696   0.0000   0.0000   0.0000
    2798   5.5657  10.3230  14.1350   0.0000   0.0000   0.0000
    2799   5.4295  10.3963  14.1368   0.0000   0.0000   0.0000
    2800   5.7289  10.3956  14.5894   0.0000   0.0000   0.0000
    2801   5.3119  10.6971  14.3142   0.0000   0.0000   0.0000
    2802   4.9021   9.9219  14.4174   0.0000   0.0000   0.0000
    2803   6.0582  10.4931  13.7696   0.0000   0.0000   0.0000
    2804   5.8666  10.9945  14.2604   0.0000   0.0000   0.0000
    2805   4.8660  10.9172  14.2964   0.0000   0.0000   0.0000
    2806   5.5394  10.5486  14.5338   0.0000   0.0000   0.0000
    2807   5.4247  11.3621  15.1565   0.0000   0.0000   0.0000
    2808   5.2685  11.0369  14.9403   0.0000   0.0000   0.0000
    2809   5.3981  10.8634  14.4636   0.0000   0.0000   0.0000
    2810   6.0062  11.5701  14.5466   0.0000   0.0000   0.0000
    2811   4.9628  11.6240  14.6744   0.0000   0.0000   0.0000
    2812   6.1045  11.2732  14.7302   0.0000   0.0000   0.0000
    2813   5.7027  10.8982  14.4064   0.0000   0.0000   0.0000
    2814   6.2464  11.0530  14.2557   0.0000   0.0000   0.0000
    2815   6.4994  10.8123  14.7947   0.0000   0.0000   0.0000
    2816   5.6643  11.4211  14.8050   0.0000   0.0000   0.0000
    2817   5.5802  11.6255  15.2993   0.0000   0.0000   0.0000
    2818   5.5983  11.4984  15.1452   0.0000   0.0000   0.0000
    2819   6.3575  11.1922  15.1747   0.0000   0.0000   0.0000
    2820   6.1676  11.3079  14.2850   0.0000   0.0000   0.0000
    2821   6.3962  11.5447  14.5040   0.0000   0.0000   0.0000
    2822   6.0842  11.6223  14.3345   0.0000   0.0000   0.0000
    2823   5.8808  10.8621  14.8850   0.0000   0.0000   0.0000
    2824   5.6367  11.4757  15.0302   0.0000   0.0000   0.0000
    2825   6.3348  11.1647  14.9974   0.0000   0.0000   0.0000
    2826   5.6366  10.9020  13.9829   0.0000   0.0000   0.0000
    2827   5.2241  10.7299  13.5156   0.0000   0.0000   0.0000
    2828   5.8054  11.2189  14.0495   0.0000   0.0000   0.0000
    2829   6.3509  10.8699  14.4146   0.0000   0.0000   0.0000
    2830   6.8403  11.2388  14.7265   0.0000   0.0000   0.0000
    2831   5.8585  10.8767  14.4535   0.0000   0.0000   0.0000
    2832   6.2550  11.0171  13.9637   0.0000   0.0000   0.0000
    2833   5.7626  10.0678  14.7735   0.0000   0.0000   0.0000
    2834   6.0996  11.1097  14.5298   0.0000   0.0000   0.0000
    2835   6.1281  11.2080  14.7864   0.0000   0.0000   0.0000
    2836   6.0174  10.7987  14.4477   0.0000   0.0000   0.0000
    2837   6.6414  11.4252  14.7382   0.0000   0.0000   0.0000
    2838   5.6972  11.0258  14.4179   0.0000   0.0000   0.0000
    2839   6.6162  11.9180  13.8047   0.0000   0.0000   0.0000
    2840   5.7680  10.8409  14.1854   0.0000   0.0000   0.0000
    2841   6.0355  10.6392  14.1856   0.0000   0.0000   0.0000
    2842   5.9990  11.0085  14.4156   0.0000   0.0000   0.0000
    2843   5.2871  10.2737  13.7243   0.0000   0.0000   0.0000
    2844   5.5607  10.5282  14.4385   0.0000   0.0000   0.0000
    2845   6.4847   9.9427  13.3655   0.0000   0.0000   0.0000
    2846   5.5926  10.2958  14.4520   0.0000   0.0000   0.0000
    2847   5.7017  10.6180  14.1766   0.0000   0.0000   0.0000
    2848   5.9301   9.8632  14.2384   0.0000   0.0000   0.0000
    2849   6.4227   9.2373  14.6879   0.0000   0.0000   0.0000
    2850   6.0282   9.7578  14.7087   0.0000   0.0000   0.0000
    2851   5.3906   9.5537  13.5007   0.0000   0.0000   0.0000
    2852   5.4057   9.3547  13.3925   0.0000   0.0000   0.0000
    2853   6.1872   9.7595  13.6338   0.0000   0.0000   0.0000
    2854   6.0233   9.2233  14.4518   0.0000   0.0000   0.0000
    2855   5.6627   9.7862  14.6889   0.0000   0.0000   0.0000
    2856   5.9327  10.6512  14.1055   0.0000   0.0000   0.0000
    2857   5.2768  10.0297  13.9440   0.0000   0.0000   0.0000
    2858   5.9368  10.4309  13.5666   0.0000   0.0000   0.0000
    2859   5.4773   9.2709  13.9312   0.0000   0.0000   0.0000
    2860   5.4348   9.6226  14.0029   0.0000   0.0000   0.0000
    2861   5.3248  10.2259  13.7227   0.0000   0.0000   0.0000
    2862   6.2570   9.6717  14.2653   0.0000   0.0000   0.0000
    2863   5.5621   9.8844  14.2956   0.0000   0.0000   0.0000
    2864   5.3742  10.3048  14.5258   0.0000   0.0000   0.0000
    2865   6.1470  10.5330  14.5433   0.0000   0.0000   0.0000
    2866   6.2231   9.4172  14.6594   0.0000   0.0000   0.0000
    2867   5.8683   9.4487  14.9981   0.0000   0.0000   0.0000
    2868   5.8345   9.7245  14.7993   0.0000   0.0000   0.0000
    2869   5.8139   9.7632  15.0357   0.0000   0.0000   0.0000
    2870   6.0585   9.6436  14.3796   0.0000   0.0000   0.0000
    2871   5.3246   9.9075  13.7874   0.0000   0.0000   0.0000
    2872   4.3713  10.8071  14.2179   0.0000   0.0000   0.0000
    2873   6.6829  10.8740  14.7570   0.0000   0.0000   0.0000
    2874   5.7602  10.2806  14.7324   0.0000   0.0000   0.0000
    2875   6.0757  10.1275  14.9326   0.0000   0.0000   0.0000
    2876   5.8827  10.1787  14.8352   0.0000   0.0000   0.0000
    2877   5.4733  10.8064  14.9330   0.0000   0.0000   0.0000
    2878   4.9898  10.9071  15.6312   0.0000   0.0000   0.0000
    2879   5.9322  10.4693  15.8550   0.0000   0.0000   0.0000
    2880   6.0781  11.1770  15.5032   0.0000   0.0000   0.0000
    2881   6.1962  10.5500  15.1475   0.0000   0.0000   0.0000
    2882   6.3171  10.9868  15.5730   0.0000   0.0000   0.0000
    2883   6.3520  11.5770  15.8939   0.0000   0.0000   0.0000
    2884   6.0870  10.7212  16.5066   0.0000   0.0000   0.0000
    2885   6.1973  11.1088  16.8735   0.0000   0.0000   0.0000
    2886   6.1677  11.6183  16.3059   0.0000   0.0000   0.0000
    2887   5.2914  11.3274  16.1106   0.0000   0.0000   0.0000
    2888   5.6486  11.2285  15.2034   0.0000   0.0000   0.0000
    2889   5.8316  10.6128  16.0101   0.0000   0.0000   0.0000
    2890   6.2046  11.4879  15.9449   0.0000   0.0000   0.0000
    2891   5.5486  11.9394  16.6644   0.0000   0.0000   0.0000
    2892   6.7462  11.4441  16.8838   0.0000   0.0000   0.0000
    2893   6.1138  11.5593  16.4212   0.0000   0.0000   0.0000
    2894   7.0829  11.8581  15.6707   0.0000   0.0000   0.0000
    2895   6.8976  11.0329  15.9394   0.0000   0.0000   0.0000
    2896   6.7651  11.1825  15.9898   0.0000   0.0000   0.0000
    2897   6.8045  11.3949  15.7384   0.0000   0.0000   0.0000
    2898   7.1581  11.4503  14.8673   0.0000   0.0000   0.0000
    2899   7.0929  11.1510  15.7892   0.0000   0.0000   0.0000
    2900   6.2075  11.8800  15.8106   0.0000   0.0000   0.0000
    2901   6.4332  11.3850  15.7688   0.0000   0.0000   0.0000
    2902   6.7054  10.8402  15.5575   0.0000   0.0000   0.0000
    2903   7.0082  10.4405  16.7270   0.0000   0.0000   0.0000
    2904   7.1347  10.8821  16.1950   0.0000   0.0000   0.0000
    2905   7.4290  10.6673  15.5984   0.0000   0.0000   0.0000
    2906   7.6441  10.4628  15.1527   0.0000   0.0000   0.0000
    2907   6.6241   9.8957  15.9336   0.0000   0.0000   0.0000
    2908   7.5223  10.6077  15.5965   0.0000   0.0000   0.0000
    2909   6.2768  10.7422  14.6220   0.0000   0.0000   0.0000
    2910   7.0794  10.6646  15.0482   0.0000   0.0000   0.0000
    2911   8.0623  10.2746  15.1806   0.0000   0.0000   0.0000
    2912   7.6375  11.1707  15.4707   0.0000   0.0000   0.0000
    2913   7.2497  11.0024  16.0329   0.0000   0.0000   0.0000
    2914   7.3714  11.1952  15.6776   0.0000   0.0000   0.0000
    2915   7.9499  11.4467  15.2625   0.0000   0.0000   0.0000
    2916   8.3444  10.5510  15.2701   0.0000   0.0000   0.0000
    2917   7.9965   9.8863  15.6471   0.0000   0.0000   0.0000
    2918   8.1558  10.6319  16.1136   0.0000   0.0000   0.0000
    2919   7.2421  10.0244  16.2643   0.0000   0.0000   0.0000
    2920   6.9294   9.2351  15.5546   0.0000   0.0000   0.0000
    2921   7.9845   9.5273  15.6319   0.0000   0.0000   0.0000
    2922   7.4807  10.0277  16.6131   0.0000   0.0000   0.0000
    2923   7.0655  10.4710  17.3885   0.0000   0.0000   0.0000
    2924   7.3091  10.6007  16.3173   0.0000   0.0000   0.0000
    2925   7.2082  10.2149  16.5343   0.0000   0.0000   0.0000
    2926   7.6791  10.0262  16.8891   0.0000   0.0000   0.0000
    2927   6.9743   9.8905  16.6646   0.0000   0.0000   0.0000
    2928   7.4579  10.9641  16.0690   0.0000   0.0000   0.0000
    2929   6.9109  11.0039  16.9311   0.0000   0.0000   0.0000
    2930   6.3782  10.3333  17.0982   0.0000   0.0000   0.0000
    2931   5.6374  10.6441  16.6115   0.0000   0.0000   0.0000
    2932   6.6898   9.6603  17.3405   0.0000   0.0000   0.0000
    2933   6.0145  10.5183  17.1321   0.0000   0.0000   0.0000
    2934   6.8397  10.2828  16.7961   0.0000   0.0000   0.0000
    2935   6.1133  10.9129  16.2509   0.0000   0.0000   0.0000
    2936   6.2319   9.8411  15.8438   0.0000   0.0000   0.0000
    2937   6.3226  11.3055  15.7553   0.0000   0.0000   0.0000
    2938   6.1698  10.3037  16.4038   0.0000   0.0000   0.0000
    2939   6.1453  10.6532  15.8061   0.0000   0.0000   0.0000
    2940   6.1966  10.3918  14.8351   0.0000   0.0000   0.0000
    2941   6.5706  10.9979  15.0958   0.0000   0.0000   0.0000
    2942   7.1151  10.2533  15.1945   0.0000   0.0000   0.0000
    2943   6.5549  10.6967  14.6433   0.0000   0.0000   0.0000
    2944   6.1874   9.7772  14.7828   0.0000   0.0000   0.0000
    2945   5.7018  10.4802  14.3334   0.0000   0.0000   0.0000
    2946   6.0190   8.9380  14.5457   0.0000   0.0000   0.0000
    2947   6.0475   9.8694  14.4046   0.0000   0.0000   0.0000
    2948   5.9590  10.1102  14.3869   0.0000   0.0000   0.0000
    2949   6.4410  10.0563  13.7484   0.0000   0.0000   0.0000
    2950   6.9355   9.3594  14.0869   0.0000   0.0000   0.0000
    2951   6.9338  10.7828  13.5769   0.0000   0.0000   0.0000
    2952   6.9118  10.1482  13.9611   0.0000   0.0000   0.0000
    2953   6.8850  10.4988  14.2688   0.0000   0.0000   0.0000
    2954   6.8370  10.3834  14.6870   0.0000   0.0000   0.0000
    2955   7.4973   9.0521  15.1512   0.0000   0.0000   0.0000
    2956   6.8744   9.3004  15.9002   0.0000   0.0000   0.0000
    2957   7.2094   9.4949  15.6258   0.0000   0.0000   0.0000
    2958   6.0177   9.6570  15.6376   0.0000   0.0000   0.0000
    2959   5.7515   8.8689  16.3189   0.0000   0.0000   0.0000
    2960   6.2008   9.8836  15.5656   0.0000   0.0000   0.0000
    2961   5.3562   8.9452  15.7384   0.0000   0.0000   0.0000
    2962   5.1735   8.5668  15.4776   0.0000   0.0000   0.0000
    2963   5.5724   9.4842  14.9598   0.0000   0.0000   0.0000
    2964   5.7099   9.3330  15.9569   0.0000   0.0000   0.0000
    2965   6.5622   9.4317  15.7826   0.0000   0.0000   0.0000
    2966   5.7970   8.3670  16.1365   0.0000   0.0000   0.0000
    2967   5.7976   9.4390  16.3202   0.0000   0.0000   0.0000
    2968   6.6689   8.3628  15.9688   0.0000   0.0000   0.0000
    2969   5.8521   8.1694  16.4096   0.0000   0.0000   0.0000
    2970   6.3817   8.4672  16.3373   0.0000   0.0000   0.0000
    2971   6.2524   9.2575  17.0879   0.0000   0.0000   0.0000
    2972   6.7545   8.1815  16.8017   0.0000   0.0000   0.0000
    2973   6.2568   8.0123  17.0238   0.0000   0.0000   0.0000
    2974   6.9974   7.7010  17.2204   0.0000   0.0000   0.0000
    2975   6.7288   7.6462  16.9862   0.0000   0.0000   0.0000
    2976   6.1872   7.9190  16.3987   0.0000   0.0000   0.0000
    2977   6.4837   8.2776  15.9870   0.0000   0.0000   0.0000
    2978   5.8019   8.0847  15.3981   0.0000   0.0000   0.0000
    2979   5.8004   8.5436  15.5833   0.0000   0.0000   0.0000
    2980   6.2132   9.3251  15.4260   0.0000   0.0000   0.0000
    2981   5.8938   8.0109  16.1410   0.0000   0.0000   0.0000
    2982   5.6895   8.5867  16.5971   0.0000   0.0000   0.0000
    2983   5.2686   8.1604  16.8668   0.0000   0.0000   0.0000
    2984   5.9151   8.6360  17.4663   0.0000   0.0000   0.0000
    2985   5.4583   9.3415  17.4515   0.0000   0.0000   0.0000
    2986   5.7506   7.3880  17.6674   0.0000   0.0000   0.0000
    2987   5.6357   7.3974  17.1430   0.0000   0.0000   0.0000
    2988   5.6634   7.3557  17.4570   0.0000   0.0000   0.0000
    2989   5.6544   7.8994  17.4141   0.0000   0.0000   0.0000
    2990   7.1562   6.9351  17.0362   0.0000   0.0000   0.0000
    2991   6.5371   8.4096  16.3457   0.0000   0.0000   0.0000
    2992   6.1176   8.3168  17.2698   0.0000   0.0000   0.0000
    2993   6.6911   7.6498  17.5243   0.0000   0.0000   0.0000
    2994   5.6338   7.3559  17.4941   0.0000   0.0000   0.0000
    2995   5.9734   7.2671  16.8465   0.0000   0.0000   0.0000
    2996   6.1029   7.9794  17.1198   0.0000   0.0000   0.0000
    2997   6.1603   7.3012  17.3473   0.0000   0.0000   0.0000
    2998   6.5846   7.8015  17.3636   0.0000   0.0000   0.0000
    2999   6.6360   8.1317  17.5667   0.0000   0.0000   0.0000
    3000   7.1824   8.4918  16.8484   0.0000   0.0000   0.0000
    3001   6.7611   7.8686  17.1163   0.0000   0.0000   0.0000
    3002   6.7408   8.3503  16.9752   0.0000   0.0000   0.0000
    3003   7.2301   8.2968  17.5765   0.0000   0.0000   0.0000
    3004   6.7352   8.1486  17.3482   0.0000   0.0000   0.0000
    3005   6.8420   8.6940  17.0820   0.0000   0.0000   0.0000
    3006   6.1442   8.8948  17.2373   0.0000   0.0000   0.0000
    3007   6.3279   8.4863  16.7121   0.0000   0.0000   0.0000
    3008   5.7403   8.7644  16.8008   0.0000   0.0000   0.0000
    3009   6.7616   7.7845  15.9613   0.0000   0.0000   0.0000
    3010   6.2417   9.1094  16.2139   0.0000   0.0000   0.0000
    3011   6.3796   9.6106  16.2917   0.0000   0.0000   0.0000
    3012   6.8014   9.6933  16.3187   0.0000   0.0000   0.0000
    3013   6.4047   9.5526  16.2919   0.0000   0.0000   0.0000
    3014   6.1877   9.7921  16.1586   0.0000   0.0000   0.0000
    3015   5.3154  10.2755  16.9195   0.0000   0.0000   0.0000
    3016   5.4639   9.7486  16.6482   0.0000   0.0000   0.0000
    3017   5.4348   8.9907  16.3069   0.0000   0.0000   0.0000
    3018   5.9672   9.9164  16.9943   0.0000   0.0000   0.0000
    3019   6.4423  10.9279  16.7215   0.0000   0.0000   0.0000
    3020   5.8795  11.7779  17.3546   0.0000   0.0000   0.0000
    3021   6.1457  10.1526  17.0495   0.0000   0.0000   0.0000
    3022   5.5561   9.8009  17.1913   0.0000   0.0000   0.0000
    3023   5.8549  10.4931  16.6954   0.0000   0.0000   0.0000
    3024   5.6893  10.8415  15.7648   0.0000   0.0000   0.0000
    3025   5.5408  10.8628  15.9798   0.0000   0.0000   0.0000
    3026   5.2519  11.1740  15.9174   0.0000   0.0000   0.0000
    3027   5.5228  10.7217  15.6865   0.0000   0.0000   0.0000
    3028   6.2509  11.3096  15.7511   0.0000   0.0000   0.0000
    3029   6.5691  10.5887  16.0738   0.0000   0.0000   0.0000
    3030   6.2755  10.5659  15.7260   0.0000   0.0000   0.0000
    3031   7.0900   9.9432  15.7855   0.0000   0.0000   0.0000
    3032   6.1356  10.6407  16.1557   0.0000   0.0000   0.0000
    3033   5.8940  11.0483  16.6012   0.0000   0.0000   0.0000
    3034   5.7447  10.9084  15.8655   0.0000   0.0000   0.0000
    3035   6.2639  10.0373  15.6315   0.0000   0.0000   0.0000
    3036   6.3178  10.1832  16.3784   0.0000   0.0000   0.0000
    3037   6.2883   9.3074  16.6258   0.0000   0.0000   0.0000
    3038   5.6944   9.5499  16.4895   0.0000   0.0000   0.0000
    3039   6.4841  10.4755  16.4220   0.0000   0.0000   0.0000
    3040   6.3191   9.6939  16.5154   0.0000   0.0000   0.0000
    3041   5.5699   9.9123  16.6729   0.0000   0.0000   0.0000
    3042   5.9993   9.8139  16.8524   0.0000   0.0000   0.0000
    3043   5.3474   9.8423  16.8152   0.0000   0.0000   0.0000
    3044   5.2385  11.0397  17.0280   0.0000   0.0000   0.0000
    3045   5.2917  11.3255  16.1385   0.0000   0.0000   0.0000
    3046   7.0106  10.1417  16.1627   0.0000   0.0000   0.0000
    3047   6.1785  10.7039  15.8015   0.0000   0.0000   0.0000
    3048   6.6870   9.9577  15.5711   0.0000   0.0000   0.0000
    3049   6.0632   9.7610  15.3114   0.0000   0.0000   0.0000
    3050   6.7743  10.9731  15.9077   0.0000   0.0000   0.0000
    3051   6.9983  10.4093  16.0384   0.0000   0.0000   0.0000
    3052   7.3340   9.7784  16.6167   0.0000   0.0000   0.0000
    3053   6.8295  10.8887  16.4037   0.0000   0.0000   0.0000
    3054   6.4923  10.4672  17.1074   0.0000   0.0000   0.0000
    3055   8.0499  11.1084  16.3781   0.0000   0.0000   0.0000
    3056   7.0734  10.9722  16.4727   0.0000   0.0000   0.0000
    3057   7.4491  10.8120  16.3125   0.0000   0.0000   0.0000
    3058   6.6462  10.2485  16.2653   0.0000   0.0000   0.0000
    3059   7.9816  10.6332  16.6877   0.0000   0.0000   0.0000
    3060   7.0515  11.7346  16.2535   0.0000   0.0000   0.0000
    3061   5.7249  12.1204  16.6282   0.0000   0.0000   0.0000
    3062   6.3688  11.2174  17.8024   0.0000   0.0000   0.0000
    3063   6.2988  11.3052  17.8877   0.0000   0.0000   0.0000
    3064   6.1184  11.8329  16.9677   0.0000   0.0000   0.0000
    3065   7.3005  11.3110  16.7479   0.0000   0.0000   0.0000
    3066   7.1063  11.8033  16.7911   0.0000   0.0000   0.0000
    3067   6.6440  10.7899  17.2039   0.0000   0.0000   0.0000
    3068   6.8992  10.3366  17.6752   0.0000   0.0000   0.0000
    3069   6.6152  10.5830  17.0820   0.0000   0.0000   0.0000
    3070   6.3579  10.6849  16.1568   0.0000   0.0000   0.0000
    3071   6.6810  11.6254  16.0955   0.0000   0.0000   0.0000
    3072   5.6811  11.4729  16.1802   0.0000   0.0000   0.0000
    3073   6.5955  10.9240  16.0191   0.0000   0.0000   0.0000
    3074   6.2617  11.1775  16.8356   0.0000   0.0000   0.0000
    3075   6.6565  11.2452  16.3363   0.0000   0.0000   0.0000
    3076   7.5928  10.8843  16.7465   0.0000   0.0000   0.0000
    3077   7.3167  10.3716  15.9707   0.0000   0.0000   0.0000
    3078   7.3211  10.9428  15.9713   0.0000   0.0000   0.0000
    3079   7.6768  10.9550  16.1970   0.0000   0.0000   0.0000
    3080   6.1622  10.7044  16.2119   0.0000   0.0000   0.0000
    3081   6.3016  10.2752  15.8634   0.0000   0.0000   0.0000
    3082   7.6031   9.6179  15.7182   0.0000   0.0000   0.0000
    3083   6.9659   9.9766  16.3071   0.0000   0.0000   0.0000
    3084   7.3270  10.2762  15.9774   0.0000   0.0000   0.0000
    3085   7.5651  10.8355  16.0208   0.0000   0.0000   0.0000
    3086   6.9846  10.1304  16.2294   0.0000   0.0000   0.0000
    3087   7.4180  10.2768  16.2248   0.0000   0.0000   0.0000
    3088   6.6404  10.9861  15.8319   0.0000   0.0000   0.0000
    3089   6.7646  10.9077  16.3819   0.0000   0.0000   0.0000
    3090   6.4975   9.9374  16.6333   0.0000   0.0000   0.0000
    3091   6.9339   9.9314  17.0125   0.0000   0.0000   0.0000
    3092   6.3819  10.2903  16.6156   0.0000   0.0000   0.0000
    3093   7.4095  10.8179  16.8157   0.0000   0.0000   0.0000
    3094   7.7411  10.6445  16.9436   0.0000   0.0000   0.0000
    3095   7.6314  10.1743  16.3327   0.0000   0.0000   0.0000
    3096   7.2400  10.2520  16.7509   0.0000   0.0000   0.0000
    3097   7.7225  10.4244  16.2692   0.0000   0.0000   0.0000
    3098   7.0245  10.2880  17.5065   0.0000   0.0000   0.0000
    3099   7.2213   9.8060  17.4447   0.0000   0.0000   0.0000
    3100   7.5109  10.1163  17.0523   0.0000   0.0000   0.0000
    3101   6.8530  10.2779  16.6865   0.0000   0.0000   0.0000
    3102   7.3292  11.1707  16.6642   0.0000   0.0000   0.0000
    3103   7.7296  11.5854  16.2413   0.0000   0.0000   0.0000
    3104   7.9596  11.2167  16.0665   0.0000   0.0000   0.0000
    3105   7.0330  10.3087  17.0606   0.0000   0.0000   0.0000
    3106   7.5118  11.0972  16.9241   0.0000   0.0000   0.0000
    3107   7.8655  10.4960  17.5950   0.0000   0.0000   0.0000
    3108   7.8932  11.3166  16.9621   0.0000   0.0000   0.0000
    3109   7.8311  10.3057  17.0582   0.0000   0.0000   0.0000
    3110   8.0518  10.3713  17.1283   0.0000   0.0000   0.0000
    3111   8.0177  11.0464  16.5577   0.0000   0.0000   0.0000
    3112   7.8152  11.0383  17.0241   0.0000   0.0000   0.0000
    3113   8.8528  10.2469  17.1210   0.0000   0.0000   0.0000
    3114   8.3936  10.6650  17.1953   0.0000   0.0000   0.0000
    3115   8.0879  10.7027  17.1823   0.0000   0.0000   0.0000
    3116   7.9785  10.5563  17.6402   0.0000   0.0000   0.0000
    3117   9.0513  10.6597  16.9450   0.0000   0.0000   0.0000
    3118   7.9421  10.6885  17.0937   0.0000   0.0000   0.0000
    3119   7.5836  10.7059  17.5072   0.0000   0.0000   0.0000
    3120   7.7951  10.3814  17.3967   0.0000   0.0000   0.0000
    3121   7.8565  10.5694  16.5250   0.0000   0.0000   0.0000
    3122   7.2455  10.6985  17.1475   0.0000   0.0000   0.0000
    3123   7.3784  10.4831  17.4569   0.0000   0.0000   0.0000
    3124   7.7864  10.4733  16.9068   0.0000   0.0000   0.0000
    3125   7.1761  10.8941  17.0484   0.0000   0.0000   0.0000
    3126   7.7521  11.1670  16.7343   0.0000   0.0000   0.0000
    3127   7.8651  10.2337  16.4723   0.0000   0.0000   0.0000
    3128   7.7331  10.5971  16.9950   0.0000   0.0000   0.0000
    3129   7.7763  10.8351  16.8182   0.0000   0.0000   0.0000
    3130   6.9365  10.7740  17.2554   0.0000   0.0000   0.0000
    3131   7.0847  10.2403  17.2086   0.0000   0.0000   0.0000
    3132   6.7553  10.3564  16.6287   0.0000   0.0000   0.0000
    3133   7.2273   9.7445  17.0646   0.0000   0.0000   0.0000
    3134   7.2087   9.8200  17.0969   0.0000   0.0000   0.0000
    3135   6.7922   9.6839  16.5338   0.0000   0.0000   0.0000
    3136   7.3412   9.7875  17.5700   0.0000   0.0000   0.0000
    3137   7.7893   9.8200  17.2801   0.0000   0.0000   0.0000
    3138   6.8583   9.8136  16.7660   0.0000   0.0000   0.0000
    3139   7.6079  10.1843  17.0318   0.0000   0.0000   0.0000
    3140   7.2975   9.6090  16.5615   0.0000   0.0000   0.0000
    3141   7.1389   8.7351  16.6345   0.0000   0.0000   0.0000
    3142   7.6706  10.0766  16.0354   0.0000   0.0000   0.0000
    3143   7.4980   9.4385  16.1953   0.0000   0.0000   0.0000
    3144   7.6437   8.9497  16.6736   0.0000   0.0000   0.0000
    3145   7.8306   8.9502  16.6177   0.0000   0.0000   0.0000
    3146   7.3792   8.8802  16.2316   0.0000   0.0000   0.0000
    3147   7.4069   8.5755  16.4928   0.0000   0.0000   0.0000
    3148   6.2591   9.1126  16.7496   0.0000   0.0000   0.0000
    3149   6.7014   9.2650  16.5372   0.0000   0.0000   0.0000
    3150   6.3607   9.0236  17.2347   0.0000   0.0000   0.0000
    3151   6.7357   9.1989  16.6502   0.0000   0.0000   0.0000
    3152   6.5080   9.0696  16.5839   0.0000   0.0000   0.0000
    3153   7.2103   8.8531  16.6463   0.0000   0.0000   0.0000
    3154   6.5665   8.7561  16.6531   0.0000   0.0000   0.0000
    3155   6.4113   9.1065  16.5466   0.0000   0.0000   0.0000
    3156   6.2155   8.1811  16.7883   0.0000   0.0000   0.0000
    3157   6.5340   7.9327  16.8208   0.0000   0.0000   0.0000
    3158   6.5379   8.8536  16.2995   0.0000   0.0000   0.0000
    3159   7.4071   8.0139  16.3943   0.0000   0.0000   0.0000
    3160   7.4476   7.5495  16.6803   0.0000   0.0000   0.0000
    3161   7.6651   8.2445  16.4654   0.0000   0.0000   0.0000
    3162   7.9222   7.7830  16.7320   0.0000   0.0000   0.0000
    3163   8.1188   7.9915  16.7776   0.0000   0.0000   0.0000
    3164   7.1428   9.5710  16.6535   0.0000   0.0000   0.0000
    3165   7.2876   9.2848  16.2426   0.0000   0.0000   0.0000
    3166   7.4434   9.0832  15.5901   0.0000   0.0000   0.0000
    3167   7.5463   9.8237  15.8717   0.0000   0.0000   0.0000
    3168   7.5809   9.0961  16.0927   0.0000   0.0000   0.0000
    3169   7.5576   8.4491  15.8494   0.0000   0.0000   0.0000
    3170   8.0639   8.7428  15.5302   0.0000   0.0000   0.0000
    3171   7.6109   8.8457  16.3487   0.0000   0.0000   0.0000
    3172   7.8094   8.0779  16.0080   0.0000   0.0000   0.0000
    3173   6.9601   7.8261  16.3454   0.0000   0.0000   0.0000
    3174   7.2700   8.1237  15.8313   0.0000   0.0000   0.0000
    3175   6.2293   8.8732  15.9892   0.0000   0.0000   0.0000
    3176   7.5345   8.2329  16.0926   0.0000   0.0000   0.0000
    3177   7.7578   7.9534  16.4920   0.0000   0.0000   0.0000
    3178   7.5835   7.7143  15.5818   0.0000   0.0000   0.0000
    3179   7.4633   7.7811  16.4258   0.0000   0.0000   0.0000
    3180   6.6116   8.3101  16.3715   0.0000   0.0000   0.0000
    3181   7.4522   7.9248  15.4219   0.0000   0.0000   0.0000
    3182   7.0528   8.7556  15.6585   0.0000   0.0000   0.0000
    3183   7.5853   8.7360  16.7872   0.0000   0.0000   0.0000
    3184   7.3709   8.9866  16.3095   0.0000   0.0000   0.0000
    3185   8.2700   9.2700  16.9442   0.0000   0.0000   0.0000
    3186   7.9830   8.3797  17.8193   0.0000   0.0000   0.0000
    3187   8.2339   8.9256  17.3000   0.0000   0.0000   0.0000
    3188   7.7640   8.6676  17.1410   0.0000   0.0000   0.0000
    3189   7.7352   9.2658  17.7085   0.0000   0.0000   0.0000
    3190   8.4436   8.3300  17.5190   0.0000   0.0000   0.0000
    3191   8.3288   9.0111  17.3670   0.0000   0.0000   0.0000
    3192   8.2416   8.2076  17.4223   0.0000   0.0000   0.0000
    3193   8.0449   8.7546  17.2197   0.0000   0.0000   0.0000
    3194   8.6118   8.3183  17.1955   0.0000   0.0000   0.0000
    3195   8.0481   8.7199  16.4649   0.0000   0.0000   0.0000
    3196   6.9547   8.7344  17.1850   0.0000   0.0000   0.0000
    3197   7.3872   9.5341  17.0107   0.0000   0.0000   0.0000
    3198   7.1347   8.8956  16.4431   0.0000   0.0000   0.0000
    3199   8.0435   8.8247  16.9042   0.0000   0.0000   0.0000
    3200   7.6285   8.9682  17.1615   0.0000   0.0000   0.0000
    3201   8.6636   9.4992  17.5293   0.0000   0.0000   0.0000
    3202   8.1018   8.6836  16.9258   0.0000   0.0000   0.0000
    3203   7.8838   9.1854  17.8177   0.0000   0.0000   0.0000
    3204   8.2136   9.0150  16.8965   0.0000   0.0000   0.0000
    3205   7.6948   9.6723  17.8258   0.0000   0.0000   0.0000
    3206   7.5762   9.8061  16.9466   0.0000   0.0000   0.0000
    3207   7.9848   9.8394  17.2903   0.0000   0.0000   0.0000
    3208   7.9660  10.6421  16.7014   0.0000   0.0000   0.0000
    3209   7.3696   9.7709  18.2476   0.0000   0.0000   0.0000
    3210   7.2091  10.7456  17.3224   0.0000   0.0000   0.0000
    3211   7.4258  10.7436  17.7759   0.0000   0.0000   0.0000
    3212   7.2991  10.2988  17.9268   0.0000   0.0000   0.0000
    3213   7.9051  10.2550  18.6128   0.0000   0.0000   0.0000
    3214   7.6704  10.1461  18.5167   0.0000   0.0000   0.0000
    3215   7.7214   9.9948  18.4714   0.0000   0.0000   0.0000
    3216   7.5939  10.8201  18.4817   0.0000   0.0000   0.0000
    3217   8.8635  10.8350  17.7734   0.0000   0.0000   0.0000
    3218   7.9343  11.5553  17.6031   0.0000   0.0000   0.0000
    3219   6.7303   9.8441  17.3996   0.0000   0.0000   0.0000
    3220   7.4148   9.8624  16.9882   0.0000   0.0000   0.0000
    3221   7.5018   9.2540  16.6807   0.0000   0.0000   0.0000
    3222   8.5960  10.3759  16.7371   0.0000   0.0000   0.0000
    3223   7.4652   9.6330  17.0841   0.0000   0.0000   0.0000
    3224   6.8880   9.7307  16.1663   0.0000   0.0000   0.0000
    3225   8.0834   8.6548  16.3771   0.0000   0.0000   0.0000
    3226   7.2769   9.3219  16.3750   0.0000   0.0000   0.0000
    3227   6.9952   9.3208  16.7191   0.0000   0.0000   0.0000
    3228   6.9368   8.4012  16.2864   0.0000   0.0000   0.0000
    3229   6.9172   9.1749  16.3162   0.0000   0.0000   0.0000
    3230   7.4458   9.3859  17.0056   0.0000   0.0000   0.0000
    3231   7.1796   9.0278  17.2970   0.0000   0.0000   0.0000
    3232   7.2706   9.3041  17.1082   0.0000   0.0000   0.0000
    3233   6.7443   9.3084  16.6213   0.0000   0.0000   0.0000
    3234   6.4273   8.9400  16.8064   0.0000   0.0000   0.0000
    3235   6.8195   9.5233  17.2596   0.0000   0.0000   0.0000
    3236   7.0103   9.8843  16.7466   0.0000   0.0000   0.0000
    3237   6.6053   9.2785  17.0165   0.0000   0.0000   0.0000
    3238   6.5572   9.4170  17.0661   0.0000   0.0000   0.0000
    3239   7.1250  10.0843  16.4585   0.0000   0.0000   0.0000
    3240   6.8045   9.7913  16.3967   0.0000   0.0000   0.0000
    3241   7.4655   9.0741  16.9487   0.0000   0.0000   0.0000
    3242   6.9424   9.3211  16.8862   0.0000   0.0000   0.0000
    3243   7.3113   9.4688  16.6550   0.0000   0.0000   0.0000
    3244   7.5032   9.4433  16.5664   0.0000   0.0000   0.0000
    3245   7.8969   8.7614  16.6294   0.0000   0.0000   0.0000
    3246   7.1472   8.2154  16.4834   0.0000   0.0000   0.0000
    3247   7.9756   9.3374  16.8358   0.0000   0.0000   0.0000
    3248   7.2367   9.0795  16.8441   0.0000   0.0000   0.0000
    3249   7.3556   8.4475  17.2276   0.0000   0.0000   0.0000
    3250   8.4143   9.1563  18.4581   0.0000   0.0000   0.0000
    3251   8.0319   8.9196  17.7240   0.0000   0.0000   0.0000
    3252   7.5623   9.3227  18.1008   0.0000   0.0000   0.0000
    3253   8.1042   9.8158  17.8951   0.0000   0.0000   0.0000
    3254   7.8802  10.1186  19.1103   0.0000   0.0000   0.0000
    3255   7.8003  10.2686  18.2415   0.0000   0.0000   0.0000
    3256   7.0550  10.2080  17.6182   0.0000   0.0000   0.0000
    3257   7.1435  10.1784  16.8261   0.0000   0.0000   0.0000
    3258   7.4221  10.2683  16.7157   0.0000   0.0000   0.0000
    3259   7.8826  10.6906  17.0251   0.0000   0.0000   0.0000
    3260   8.2201  10.3182  17.6061   0.0000   0.0000   0.0000
    3261   8.1390  10.1719  17.7801   0.0000   0.0000   0.0000
    3262   7.9214  10.4867  17.6213   0.0000   0.0000   0.0000
    3263   7.8688   9.7343  17.1474   0.0000   0.0000   0.0000
    3264   7.9363  10.6043  17.3816   0.0000   0.0000   0.0000
    3265   7.8509  10.4177  16.5012   0.0000   0.0000   0.0000
    3266   8.4349   9.9669  17.2907   0.0000   0.0000   0.0000
    3267   7.7858  10.3573  17.0026   0.0000   0.0000   0.0000
    3268   7.7031  10.3288  16.9103   0.0000   0.0000   0.0000
    3269   8.0317  10.0716  16.3799   0.0000   0.0000   0.0000
    3270   7.3599   8.6573  17.1629   0.0000   0.0000   0.0000
    3271   6.6086   8.9424  17.2947   0.0000   0.0000   0.0000
    3272   7.7142   9.6210  17.0315   0.0000   0.0000   0.0000
    3273   6.9628   7.7141  16.7959   0.0000   0.0000   0.0000
    3274   7.2243   8.1662  15.8243   0.0000   0.0000   0.0000
    3275   6.7249   8.2805  16.0478   0.0000   0.0000   0.0000
    3276   7.2418   8.9175  17.1983   0.0000   0.0000   0.0000
    3277   6.8833   9.1678  17.2422   0.0000   0.0000   0.0000
    3278   6.8436   9.2528  16.0712   0.0000   0.0000   0.0000
    3279   6.3364   8.1161  15.9670   0.0000   0.0000   0.0000
    3280   5.6808   8.7096  16.8037   0.0000   0.0000   0.0000
    3281   6.0301   8.5202  16.6817   0.0000   0.0000   0.0000
    3282   6.2892   8.8158  16.2286   0.0000   0.0000   0.0000
    3283   6.4376   9.0146  16.1531   0.0000   0.0000   0.0000
    3284   6.8493   8.4318  16.3890   0.0000   0.0000   0.0000
    3285   6.2434   8.2988  16.4440   0.0000   0.0000   0.0000
    3286   7.0592   8.5577  16.8438   0.0000   0.0000   0.0000
    3287   7.1097   8.8802  16.2938   0.0000   0.0000   0.0000
    3288   6.8795   9.1473  16.3049   0.0000   0.0000   0.0000
    3289   7.1568   9.0646  16.2497   0.0000   0.0000   0.0000
    3290   6.7394   8.4395  16.3175   0.0000   0.0000   0.0000
    3291   6.8731   7.9061  16.3233   0.0000   0.0000   0.0000
    3292   6.4260   7.8876  16.3924   0.0000   0.0000   0.0000
    3293   6.1610   8.7458  16.2190   0.0000   0.0000   0.0000
    3294   6.5100   8.8906  16.3808   0.0000   0.0000   0.0000
    3295   6.6928   9.4053  16.0979   0.0000   0.0000   0.0000
    3296   7.0891   8.7057  16.1103   0.0000   0.0000   0.0000
    3297   7.2586   9.0327  16.4995   0.0000   0.0000   0.0000
    3298   6.8270   8.3543  15.6361   0.0000   0.0000   0.0000
    3299   6.5723   9.4710  16.0255   0.0000   0.0000   0.0000
    3300   6.7497   9.5097  16.3718   0.0000   0.0000   0.0000
    3301   6.4207   9.1095  16.4873   0.0000   0.0000   0.0000
    3302   6.3060   8.9970  16.4419   0.0000   0.0000   0.0000
    3303   5.7617   8.0978  15.8461   0.0000   0.0000   0.0000
    3304   5.2428   9.5035  15.6453   0.0000   0.0000   0.0000
    3305   5.2377   9.4178  15.7870   0.0000   0.0000   0.0000
    3306   5.8142   9.2160  16.0477   0.0000   0.0000   0.0000
    3307   5.4321   8.9319  15.5486   0.0000   0.0000   0.0000
    3308   6.1832   8.4307  16.7067   0.0000   0.0000   0.0000
    3309   5.7757   9.4694  15.5233   0.0000   0.0000   0.0000
    3310   5.3986   9.1042  16.4488   0.0000   0.0000   0.0000
    3311   6.2257   8.9886  16.1552   0.0000   0.0000   0.0000
    3312   6.4059   8.5073  15.4815   0.0000   0.0000   0.0000
    3313   6.2832   8.7916  15.4189   0.0000   0.0000   0.0000
    3314   6.4292   8.9142  14.9098   0.0000   0.0000   0.0000
    3315   6.0518   8.4971  15.9321   0.0000   0.0000   0.0000
    3316   5.5709   8.3573  15.7315   0.0000   0.0000   0.0000
    3317   5.9865   8.0922  15.8729   0.0000   0.0000   0.0000
    3318   6.0378   8.1295  15.6039   0.0000   0.0000   0.0000
    3319   6.3464   7.7737  16.1068   0.0000   0.0000   0.0000
    3320   5.2774   7.9385  15.9764   0.0000   0.0000   0.0000
    3321   4.9302   8.2495  16.4874   0.0000   0.0000   0.0000
    3322   6.3101   7.9994  16.0981   0.0000   0.0000   0.0000
    3323   6.0052   7.7092  16.3016   0.0000   0.0000   0.0000
    3324   6.6928   8.8088  15.9991   0.0000   0.0000   0.0000
    3325   6.0996   8.8086  15.5727   0.0000   0.0000   0.0000
    3326   6.3262   8.8288  16.2543   0.0000   0.0000   0.0000
    3327   6.3306   8.5504  16.3582   0.0000   0.0000   0.0000
    3328   6.7310   9.2785  17.2487   0.0000   0.0000   0.0000
    3329   5.9402   9.4633  16.4979   0.0000   0.0000   0.0000
    3330   6.1717   9.2485  16.0564   0.0000   0.0000   0.0000
    3331   5.9630   8.9838  16.3520   0.0000   0.0000   0.0000
    3332   5.0511   9.7663  16.0668   0.0000   0.0000   0.0000
    3333   5.4742   9.7804  15.6913   0.0000   0.0000   0.0000
    3334   5.0682   9.9204  15.3916   0.0000   0.0000   0.0000
    3335   5.6020   9.3789  15.3370   0.0000   0.0000   0.0000
    3336   5.5131   9.7384  14.9436   0.0000   0.0000   0.0000
    3337   5.8311   9.7806  14.7849   0.0000   0.0000   0.0000
    3338   5.3474   9.3844  13.8282   0.0000   0.0000   0.0000
    3339   5.4445   9.1861  14.6502   0.0000   0.0000   0.0000
    3340   5.2175   9.4999  14.7554   0.0000   0.0000   0.0000
    3341   5.8940   9.9140  14.4924   0.0000   0.0000   0.0000
    3342   6.0009   9.4945  13.8484   0.0000   0.0000   0.0000
    3343   5.1290   8.9923  15.4018   0.0000   0.0000   0.0000
    3344   5.2135   9.2635  15.0384   0.0000   0.0000   0.0000
    3345   5.2692  10.0722  14.9163   0.0000   0.0000   0.0000
    3346   5.5365   9.2625  14.9665   0.0000   0.0000   0.0000
    3347   5.4505   8.7522  15.0266   0.0000   0.0000   0.0000
    3348   5.0453   9.0726  15.3313   0.0000   0.0000   0.0000
    3349   5.4159   8.9817  14.8965   0.0000   0.0000   0.0000
    3350   5.4603   9.3899  15.6185   0.0000   0.0000   0.0000
    3351   5.9888   9.0652  15.9680   0.0000   0.0000   0.0000
    3352   5.4731   8.9309  15.7772   0.0000   0.0000   0.0000
    3353   5.4699   8.9872  15.6276   0.0000   0.0000   0.0000
    3354   6.1941   9.2719  16.2491   0.0000   0.0000   0.0000
    3355   5.7887  10.1083  15.8398   0.0000   0.0000   0.0000
    3356   5.0644  10.1987  15.3497   0.0000   0.0000   0.0000
    3357   4.5768   9.9127  15.2718   0.0000   0.0000   0.0000
    3358   5.1693   9.7275  15.0637   0.0000   0.0000   0.0000
    3359   5.8701   9.1071  15.1780   0.0000   0.0000   0.0000
    3360   5.8651   9.5204  15.4782   0.0000   0.0000   0.0000
    3361   5.6127   8.2911  15.3860   0.0000   0.0000   0.0000
    3362   5.7344   8.8686  15.5295   0.0000   0.0000   0.0000
    3363   5.7444   8.5239  15.5177   0.0000   0.0000   0.0000
    3364   6.0654   8.4923  15.7039   0.0000   0.0000   0.0000
    3365   5.5169   8.2439  15.9775   0.0000   0.0000   0.0000
    3366   6.2969   8.5159  15.9082   0.0000   0.0000   0.0000
    3367   6.4214   9.0434  16.1180   0.0000   0.0000   0.0000
    3368   6.2342   7.3066  15.9135   0.0000   0.0000   0.0000
    3369   5.1921   8.5537  15.5730   0.0000   0.0000   0.0000
    3370   5.5451   7.3565  15.8145   0.0000   0.0000   0.0000
    3371   5.5944   7.2907  15.2695   0.0000   0.0000   0.0000
    3372   5.4683   7.5679  15.2079   0.0000   0.0000   0.0000
    3373   5.0624   7.7861  15.3088   0.0000   0.0000   0.0000
    3374   5.2225   6.9666  16.0077   0.0000   0.0000   0.0000
    3375   4.9394   7.7342  15.9136   0.0000   0.0000   0.0000
    3376   5.1331   7.4775  15.2442   0.0000   0.0000   0.0000
    3377   5.2606   8.0653  15.7281   0.0000   0.0000   0.0000
    3378   6.0232   7.8952  16.2182   0.0000   0.0000   0.0000
    3379   5.8358   8.0827  15.2978   0.0000   0.0000   0.0000
    3380   5.7237   7.6481  16.1223   0.0000   0.0000   0.0000
    3381   5.0844   8.0981  16.1169   0.0000   0.0000   0.0000
    3382   5.2889   6.9783  15.5209   0.0000   0.0000   0.0000
    3383   5.9973   8.1709  15.5689   0.0000   0.0000   0.0000
    3384   5.7321   8.1120  15.8132   0.0000   0.0000   0.0000
    3385   5.2643   7.9044  15.6485   0.0000   0.0000   0.0000
    3386   6.0011   7.8919  15.0791   0.0000   0.0000   0.0000
    3387   5.5202   8.0876  15.9901   0.0000   0.0000   0.0000
    3388   5.4725   8.2808  16.1648   0.0000   0.0000   0.0000
    3389   6.7578   8.5082  16.2513   0.0000   0.0000   0.0000
    3390   6.3700   9.3574  15.3005   0.0000   0.0000   0.0000
    3391   6.0757   8.2395  15.1178   0.0000   0.0000   0.0000
    3392   6.5683   8.1668  15.7002   0.0000   0.0000   0.0000
    3393   5.9871   8.2270  15.0248   0.0000   0.0000   0.0000
    3394   5.2610   9.2988  14.3292   0.0000   0.0000   0.0000
    3395   4.4381   8.5984  14.0628   0.0000   0.0000   0.0000
    3396   4.7998   9.1860  13.9073   0.0000   0.0000   0.0000
    3397   4.7586   9.2154  14.7725   0.0000   0.0000   0.0000
    3398   4.7879   8.3903  14.9699   0.0000   0.0000   0.0000
    3399   5.8297   8.5159  15.6125   0.0000   0.0000   0.0000
    3400   5.7276   8.2299  14.8873   0.0000   0.0000   0.0000
    3401   5.2775   8.7166  15.4652   0.0000   0.0000   0.0000
    3402   5.2622   8.6291  14.6770   0.0000   0.0000   0.0000
    3403   6.0829   8.5784  14.6339   0.0000   0.0000   0.0000
    3404   5.0146   8.8185  15.4973   0.0000   0.0000   0.0000
    3405   4.9223   8.8685  14.8766   0.0000   0.0000   0.0000
    3406   5.2831   8.3644  15.5356   0.0000   0.0000   0.0000
    3407   5.2917   8.2341  15.0710   0.0000   0.0000   0.0000
    3408   5.0945   9.0241  16.1544   0.0000   0.0000   0.0000
    3409   5.1899   8.4361  15.7055   0.0000   0.0000   0.0000
    3410   5.5654   8.5989  15.7545   0.0000   0.0000   0.0000
    3411   5.6671   8.4409  15.5027   0.0000   0.0000   0.0000
    3412   6.0477   9.0257  15.5061   0.0000   0.0000   0.0000
    3413   5.5211   7.2979  15.4805   0.0000   0.0000   0.0000
    3414   5.7083   7.6241  15.1330   0.0000   0.0000   0.0000
    3415   5.3526   7.8311  15.3355   0.0000   0.0000   0.0000
    3416   4.4608   7.6029  15.2010   0.0000   0.0000   0.0000
    3417   4.6304   7.1676  15.6535   0.0000   0.0000   0.0000
    3418   4.9794   8.3630  15.8761   0.0000   0.0000   0.0000
    3419   4.3362   7.8781  15.0934   0.0000   0.0000   0.0000
    3420   4.9739   8.9326  15.9236   0.0000   0.0000   0.0000
    3421   5.4239   8.1225  14.8477   0.0000   0.0000   0.0000
    3422   5.6791   8.3465  16.0899   0.0000   0.0000   0.0000
    3423   5.9888   8.4134  15.1848   0.0000   0.0000   0.0000
    3424   5.4628   8.2016  15.9853   0.0000   0.0000   0.0000
    3425   5.5050   8.3532  15.2175   0.0000   0.0000   0.0000
    3426   5.7187   7.8223  15.2939   0.0000   0.0000   0.0000
    3427   5.4788   7.0692  15.3519   0.0000   0.0000   0.0000
    3428   5.2965   7.8723  15.3218   0.0000   0.0000   0.0000
    3429   5.8022   7.7472  15.7265   0.0000   0.0000   0.0000
    3430   6.4492   8.4064  15.9498   0.0000   0.0000   0.0000
    3431   5.8517   7.8612  15.4929   0.0000   0.0000   0.0000
    3432   6.7454   7.5878  15.6927   0.0000   0.0000   0.0000
    3433   6.8491   7.9529  15.9949   0.0000   0.0000   0.0000
    3434   6.5598   7.8020  16.1573   0.0000   0.0000   0.0000
    3435   6.1493   7.5070  16.4168   0.0000   0.0000   0.0000
    3436   6.8937   7.6030  15.7492   0.0000   0.0000   0.0000
    3437   6.5075   7.9241  16.1470   0.0000   0.0000   0.0000
    3438   6.9135   8.1332  16.8662   0.0000   0.0000   0.0000
    3439   6.0804   7.8168  16.6266   0.0000   0.0000   0.0000
    3440   6.1079   8.3149  16.2183   0.0000   0.0000   0.0000
    3441   6.7554   8.3356  16.0660   0.0000   0.0000   0.0000
    3442   6.2802   8.4758  16.2148   0.0000   0.0000   0.0000
    3443   7.0288   8.7246  16.0422   0.0000   0.0000   0.0000
    3444   7.4304   8.9952  15.2140   0.0000   0.0000   0.0000
    3445   7.0482   9.2469  15.6127   0.0000   0.0000   0.0000
    3446   6.7976   9.2429  15.3322   0.0000   0.0000   0.0000
    3447   7.3869   8.7976  15.6455   0.0000   0.0000   0.0000
    3448   6.5315   9.2675  15.7071   0.0000   0.0000   0.0000
    3449   5.2749   9.9484  15.6460   0.0000   0.0000   0.0000
    3450   6.1317   9.4150  15.5462   0.0000   0.0000   0.0000
    3451   6.6170   9.8865  15.6563   0.0000   0.0000   0.0000
    3452   6.3312   9.6850  15.1621   0.0000   0.0000   0.0000
    3453   6.0870   9.8295  15.3712   0.0000   0.0000   0.0000
    3454   6.6888   9.6925  16.1876   0.0000   0.0000   0.0000
    3455   6.5830   9.6457  16.1251   0.0000   0.0000   0.0000
    3456   6.8580   9.7513  16.0959   0.0000   0.0000   0.0000
    3457   6.3671   9.7431  16.8845   0.0000   0.0000   0.0000
    3458   5.9060   9.4306  15.9990   0.0000   0.0000   0.0000
    3459   6.0713   9.3634  15.7261   0.0000   0.0000   0.0000
    3460   6.6221   9.4337  16.5076   0.0000   0.0000   0.0000
    3461   6.3618   9.4371  15.3720   0.0000   0.0000   0.0000
    3462   5.4379   8.8868  14.5519   0.0000   0.0000   0.0000
    3463   5.4762   9.6139  15.2773   0.0000   0.0000   0.0000
    3464   5.7731   9.9719  14.6243   0.0000   0.0000   0.0000
    3465   5.2690   9.7100  15.5080   0.0000   0.0000   0.0000
    3466   6.0221   9.4446  15.0422   0.0000   0.0000   0.0000
    3467   6.1683   9.6307  15.5051   0.0000   0.0000   0.0000
    3468   4.5910  10.3491  15.5662   0.0000   0.0000   0.0000
    3469   4.8061   9.6642  15.1431   0.0000   0.0000   0.0000
    3470   6.1346   9.7153  15.3414   0.0000   0.0000   0.0000
    3471   5.9261   9.7510  14.8180   0.0000   0.0000   0.0000
    3472   6.1973  10.1184  15.3143   0.0000   0.0000   0.0000
    3473   6.1550   9.8339  15.3397   0.0000   0.0000   0.0000
    3474   5.9181   9.8316  15.4365   0.0000   0.0000   0.0000
    3475   5.7604   9.6466  15.6683   0.0000   0.0000   0.0000
    3476   5.2773   9.5625  15.3354   0.0000   0.0000   0.0000
    3477   6.0633  10.3558  16.0039   0.0000   0.0000   0.0000
    3478   6.6521   9.8322  15.9297   0.0000   0.0000   0.0000
    3479   6.4984   9.9631  16.0363   0.0000   0.0000   0.0000
    3480   6.0689  10.2214  15.2948   0.0000   0.0000   0.0000
    3481   5.9099  10.3573  14.6054   0.0000   0.0000   0.0000
    3482   6.0479  10.3518  15.2591   0.0000   0.0000   0.0000
    3483   5.7590  10.2062  15.0345   0.0000   0.0000   0.0000
    3484   6.0713  10.0520  14.9256   0.0000   0.0000   0.0000
    3485   6.2531  10.1074  14.6523   0.0000   0.0000   0.0000
    3486   6.6327  10.7455  14.8310   0.0000   0.0000   0.0000
    3487   5.8390  10.2436  14.7293   0.0000   0.0000   0.0000
    3488   5.6922  10.5809  14.0699   0.0000   0.0000   0.0000
    3489   6.0206  10.1705  13.8462   0.0000   0.0000   0.0000
    3490   6.4091  10.2833  14.2966   0.0000   0.0000   0.0000
    3491   5.8455  10.4505  13.4690   0.0000   0.0000   0.0000
    3492   6.0487  11.4218  13.8879   0.0000   0.0000   0.0000
    3493   6.2444  10.4118  13.9227   0.0000   0.0000   0.0000
    3494   5.4268  10.5843  14.0403   0.0000   0.0000   0.0000
    3495   5.8209  10.1514  14.2759   0.0000   0.0000   0.0000
    3496   6.1986   9.5030  14.3383   0.0000   0.0000   0.0000
    3497   5.7261   9.5714  14.4741   0.0000   0.0000   0.0000
    3498   5.4333   9.7323  14.6732   0.0000   0.0000   0.0000
    3499   6.2107  10.7903  14.6255   0.0000   0.0000   0.0000
    3500   5.4931  10.7052  14.0260   0.0000   0.0000   0.0000
    3501   5.5718  10.5898  14.8378   0.0000   0.0000   0.0000
    3502   5.6502  10.3881  14.9850   0.0000   0.0000   0.0000
    3503   5.5000  11.5636  14.7776   0.0000   0.0000   0.0000
    3504   5.6605  10.7368  15.0455   0.0000   0.0000   0.0000
    3505   6.0274  10.3840  15.2184   0.0000   0.0000   0.0000
    3506   6.0119  10.0733  15.4969   0.0000   0.0000   0.0000
    3507   6.1807   9.7635  15.4113   0.0000   0.0000   0.0000
    3508   6.5081  10.7647  15.7540   0.0000   0.0000   0.0000
    3509   6.4550  10.4179  15.9771   0.0000   0.0000   0.0000
    3510   5.6562  10.9528  16.0747   0.0000   0.0000   0.0000
    3511   6.1134  10.4971  16.1386   0.0000   0.0000   0.0000
    3512   6.5345  10.8219  15.4382   0.0000   0.0000   0.0000
    3513   5.7738  10.4466  14.9166   0.0000   0.0000   0.0000
    3514   5.5200  11.0718  14.6547   0.0000   0.0000   0.0000
    3515   5.5402  11.1677  15.2161   0.0000   0.0000   0.0000
    3516   7.0049  11.1425  14.7225   0.0000   0.0000   0.0000
    3517   5.9925  10.9298  14.9400   0.0000   0.0000   0.0000
    3518   5.9453  11.3698  15.4419   0.0000   0.0000   0.0000
    3519   5.3910  11.8798  14.8942   0.0000   0.0000   0.0000
    3520   5.5959  11.9761  15.5995   0.0000   0.0000   0.0000
    3521   5.7672  10.8017  16.2171   0.0000   0.0000   0.0000
    3522   5.2575  11.3572  15.7851   0.0000   0.0000   0.0000
    3523   6.1928  10.9652  15.3616   0.0000   0.0000   0.0000
    3524   5.7499  11.2915  15.7819   0.0000   0.0000   0.0000
    3525   5.3516  11.1915  14.9021   0.0000   0.0000   0.0000
    3526   5.7222  12.1511  15.7120   0.0000   0.0000   0.0000
    3527   5.9398  12.0230  15.7051   0.0000   0.0000   0.0000
    3528   5.0962  11.9332  15.4392   0.0000   0.0000   0.0000
    3529   4.9340  11.1866  15.6579   0.0000   0.0000   0.0000
    3530   5.5906  10.9950  15.0314   0.0000   0.0000   0.0000
    3531   5.1681  10.4419  15.5037   0.0000   0.0000   0.0000
    3532   5.9251  10.7672  16.0558   0.0000   0.0000   0.0000
    3533   6.1174  10.6059  16.0751   0.0000   0.0000   0.0000
    3534   5.7878  11.6767  17.0174   0.0000   0.0000   0.0000
    3535   6.0482  10.7785  16.5149   0.0000   0.0000   0.0000
    3536   5.8898  11.5794  15.0200   0.0000   0.0000   0.0000
    3537   5.0855  11.9539  15.7834   0.0000   0.0000   0.0000
    3538   4.9460  10.8584  15.7532   0.0000   0.0000   0.0000
    3539   5.5329  10.4853  16.3429   0.0000   0.0000   0.0000
    3540   5.2291  11.2890  16.2823   0.0000   0.0000   0.0000
    3541   5.6961  11.8774  15.3827   0.0000   0.0000   0.0000
    3542   5.9669  10.9215  15.7763   0.0000   0.0000   0.0000
    3543   6.6254  11.4648  15.0277   0.0000   0.0000   0.0000
    3544   7.1526  11.6525  15.0648   0.0000   0.0000   0.0000
    3545   6.5333  11.2181  14.8594   0.0000   0.0000   0.0000
    3546   5.2496  12.2714  14.4465   0.0000   0.0000   0.0000
    3547   5.9343  11.2999  13.8631   0.0000   0.0000   0.0000
    3548   5.4289  11.0264  14.4934   0.0000   0.0000   0.0000
    3549   5.6561  11.3983  14.7945   0.0000   0.0000   0.0000
    3550   5.5306  11.1323  14.7160   0.0000   0.0000   0.0000
    3551   5.8221  11.4471  14.3970   0.0000   0.0000   0.0000
    3552   5.7938  11.2976  15.4937   0.0000   0.0000   0.0000
    3553   5.8776  11.7981  15.0163   0.0000   0.0000   0.0000
    3554   4.9441  11.3262  15.4820   0.0000   0.0000   0.0000
    3555   5.4917  12.4804  15.3576   0.0000   0.0000   0.0000
    3556   6.5834  12.0687  14.5832   0.0000   0.0000   0.0000
    3557   6.1389  12.4556  14.5736   0.0000   0.0000   0.0000
    3558   5.4321  12.1987  14.8877   0.0000   0.0000   0.0000
    3559   6.9171  12.1014  14.3880   0.0000   0.0000   0.0000
    3560   6.9579  11.7701  15.2095   0.0000   0.0000   0.0000
    3561   6.1078  12.6238  15.3712   0.0000   0.0000   0.0000
    3562   5.8623  12.0387  15.0120   0.0000   0.0000   0.0000
    3563   5.5083  11.7874  15.0554   0.0000   0.0000   0.0000
    3564   6.4132  11.8872  14.7701   0.0000   0.0000   0.0000
    3565   6.9574  11.6092  14.5566   0.0000   0.0000   0.0000
    3566   7.1279  12.3589  14.4688   0.0000   0.0000   0.0000
    3567   7.0976  11.5564  15.3598   0.0000   0.0000   0.0000
    3568   6.6386  11.8795  14.2487   0.0000   0.0000   0.0000
    3569   6.9833  10.7256  14.1243   0.0000   0.0000   0.0000
    3570   7.0640  11.1419  14.3918   0.0000   0.0000   0.0000
    3571   6.5396  11.7104  13.9371   0.0000   0.0000   0.0000
    3572   6.7034  11.9109  14.1606   0.0000   0.0000   0.0000
    3573   6.4195  11.7737  14.0791   0.0000   0.0000   0.0000
    3574   5.5726  11.1460  14.1783   0.0000   0.0000   0.0000
    3575   5.9427  11.3700  14.4549   0.0000   0.0000   0.0000
    3576   5.4345  11.2137  14.0921   0.0000   0.0000   0.0000
    3577   5.0232  11.1601  14.9988   0.0000   0.0000   0.0000
    3578   6.0102  11.3728  15.2348   0.0000   0.0000   0.0000
    3579   5.3216  11.6004  14.8788   0.0000   0.0000   0.0000
    3580   5.7908  10.8649  15.6037   0.0000   0.0000   0.0000
    3581   5.2273  11.0402  15.4375   0.0000   0.0000   0.0000
    3582   6.4946  11.5300  16.2880   0.0000   0.0000   0.0000
    3583   6.8524  11.7015  15.7078   0.0000   0.0000   0.0000
    3584   7.0101  11.5523  15.6671   0.0000   0.0000   0.0000
    3585   7.1907  12.6241  15.9143   0.0000   0.0000   0.0000
    3586   7.1224  11.3311  15.5185   0.0000   0.0000   0.0000
    3587   7.3276  12.0517  15.2489   0.0000   0.0000   0.0000
    3588   8.1152  12.3933  15.3947   0.0000   0.0000   0.0000
    3589   7.9695  12.3584  15.3199   0.0000   0.0000   0.0000
    3590   7.7051  11.6768  15.7967   0.0000   0.0000   0.0000
    3591   7.4351  10.9829  15.4912   0.0000   0.0000   0.0000
    3592   8.0170  11.5013  15.8824   0.0000   0.0000   0.0000
    3593   8.0561  11.5394  15.3138   0.0000   0.0000   0.0000
    3594   6.8844  11.5296  15.8239   0.0000   0.0000   0.0000
    3595   7.2161  11.5764  16.1770   0.0000   0.0000   0.0000
    3596   8.0295  11.7100  16.1882   0.0000   0.0000   0.0000
    3597   7.5883  11.2311  17.1108   0.0000   0.0000   0.0000
    3598   7.0699  10.8655  16.3964   0.0000   0.0000   0.0000
    3599   6.5930  11.0510  16.6745   0.0000   0.0000   0.0000
    3600   6.7042  10.4286  16.2738   0.0000   0.0000   0.0000
    3601   6.1754  10.2641  16.1498   0.0000   0.0000   0.0000
    3602   7.1610  10.7624  16.8651   0.0000   0.0000   0.0000
    3603   5.5469  11.2546  17.1087   0.0000   0.0000   0.0000
    3604   7.5600  11.7685  16.3640   0.0000   0.0000   0.0000
    3605   7.5579  10.3867  16.0639   0.0000   0.0000   0.0000
    3606   7.2212  11.4659  15.5876   0.0000   0.0000   0.0000
    3607   7.3274  11.6561  15.5005   0.0000   0.0000   0.0000
    3608   7.2386  10.6697  15.7479   0.0000   0.0000   0.0000
    3609   7.0963  11.1058  16.6444   0.0000   0.0000   0.0000
    3610   6.2112  10.3623  17.2807   0.0000   0.0000   0.0000
    3611   6.7658  10.7054  16.0204   0.0000   0.0000   0.0000
    3612   7.6293  10.3007  16.5142   0.0000   0.0000   0.0000
    3613   7.0051   9.2413  16.5223   0.0000   0.0000   0.0000
    3614   6.5970   9.5537  15.8056   0.0000   0.0000   0.0000
    3615   6.5498   8.8741  16.3440   0.0000   0.0000   0.0000
    3616   6.6917  10.3285  16.0924   0.0000   0.0000   0.0000
    3617   6.0613  10.1311  15.9530   0.0000   0.0000   0.0000
    3618   6.7960   9.8038  16.1597   0.0000   0.0000   0.0000
    3619   6.7887   9.7008  16.4533   0.0000   0.0000   0.0000
    3620   7.8220  10.2231  15.9774   0.0000   0.0000   0.0000
    3621   7.1543   9.7638  16.3943   0.0000   0.0000   0.0000
    3622   7.1757   9.7429  16.4069   0.0000   0.0000   0.0000
    3623   7.9928   8.7756  16.6342   0.0000   0.0000   0.0000
    3624   7.6556   9.4208  15.8715   0.0000   0.0000   0.0000
    3625   7.4000   9.0253  16.5320   0.0000   0.0000   0.0000
    3626   6.9827   8.9088  16.5301   0.0000   0.0000   0.0000
    3627   7.4360   9.3307  16.3261   0.0000   0.0000   0.0000
    3628   6.4796   9.0981  16.0741   0.0000   0.0000   0.0000
    3629   6.5027   8.8815  17.4003   0.0000   0.0000   0.0000
    3630   6.4379   9.7490  16.4775   0.0000   0.0000   0.0000
    3631   7.4508  10.2811  17.1768   0.0000   0.0000   0.0000
    3632   6.9522  10.1712  17.1653   0.0000   0.0000   0.0000
    3633   6.8980   9.6337  17.3189   0.0000   0.0000   0.0000
    3634   7.3563   9.8750  16.6036   0.0000   0.0000   0.0000
    3635   7.5203  10.5362  17.0759   0.0000   0.0000   0.0000
    3636   7.9365   8.9827  16.6766   0.0000   0.0000   0.0000
    3637   7.2151   9.0696  15.8692   0.0000   0.0000   0.0000
    3638   7.9530   9.1306  15.9727   0.0000   0.0000   0.0000
    3639   7.8241   9.7818  16.1752   0.0000   0.0000   0.0000
    3640   7.1925   9.8402  15.6562   0.0000   0.0000   0.0000
    3641   6.7831   9.0697  16.0909   0.0000   0.0000   0.0000
    3642   6.2348   9.8437  16.0911   0.0000   0.0000   0.0000
    3643   6.9028   8.6535  15.8572   0.0000   0.0000   0.0000
    3644   6.2909   8.7161  15.8264   0.0000   0.0000   0.0000
    3645   6.1204   9.7637  15.6829   0.0000   0.0000   0.0000
    3646   6.7081   9.9657  16.2137   0.0000   0.0000   0.0000
    3647   7.1086  10.1082  15.9990   0.0000   0.0000   0.0000
    3648   7.4885   9.6538  16.0250   0.0000   0.0000   0.0000
    3649   6.8624   8.9435  16.3237   0.0000   0.0000   0.0000
    3650   8.7519   9.2655  16.3058   0.0000   0.0000   0.0000
    3651   7.0956   9.7604  15.8435   0.0000   0.0000   0.0000
    3652   6.4746   9.5684  16.5583   0.0000   0.0000   0.0000
    3653   7.4502   9.1819  16.8138   0.0000   0.0000   0.0000
    3654   6.6127   8.8980  16.8351   0.0000   0.0000   0.0000
    3655   6.4417   9.3419  17.0197   0.0000   0.0000   0.0000
    3656   7.4978   8.5589  17.1670   0.0000   0.0000   0.0000
    3657   6.8693   9.2239  17.0798   0.0000   0.0000   0.0000
    3658   7.0529   8.2973  17.0448   0.0000   0.0000   0.0000
    3659   6.0315   8.4436  16.9085   0.0000   0.0000   0.0000
    3660   5.8728   8.6461  16.4821   0.0000   0.0000   0.0000
    3661   5.3184   8.5869  16.8897   0.0000   0.0000   0.0000
    3662   5.4963   9.0165  16.3544   0.0000   0.0000   0.0000
    3663   5.8758   8.4087  17.0172   0.0000   0.0000   0.0000
    3664   5.8813   8.2703  16.5980   0.0000   0.0000   0.0000
    3665   6.5463   8.4476  16.2550   0.0000   0.0000   0.0000
    3666   6.4130   8.5052  15.9149   0.0000   0.0000   0.0000
    3667   5.6136   9.0864  16.5048   0.0000   0.0000   0.0000
    3668   6.4710   8.4343  16.4484   0.0000   0.0000   0.0000
    3669   6.4185   9.5643  16.6511   0.0000   0.0000   0.0000
    3670   6.4642   9.4235  16.4052   0.0000   0.0000   0.0000
    3671   7.5497   9.9370  16.4975   0.0000   0.0000   0.0000
    3672   6.7003   9.0627  16.4919   0.0000   0.0000   0.0000
    3673   7.2421   9.8485  16.6829   0.0000   0.0000   0.0000
    3674   6.5150   9.5077  16.7022   0.0000   0.0000   0.0000
    3675   7.1106   8.8938  16.8204   0.0000   0.0000   0.0000
    3676   7.6301   9.1775  16.6488   0.0000   0.0000   0.0000
    3677   7.2217   9.9558  16.9690   0.0000   0.0000   0.0000
    3678   7.2184   9.8472  16.9056   0.0000   0.0000   0.0000
    3679   7.1706   8.1588  16.3772   0.0000   0.0000   0.0000
    3680   6.9126   9.5080  16.6881   0.0000   0.0000   0.0000
    3681   7.1991   9.1972  17.3377   0.0000   0.0000   0.0000
    3682   6.4085   9.5957  15.4658   0.0000   0.0000   0.0000
    3683   6.9602   9.1058  16.1495   0.0000   0.0000   0.0000
    3684   6.6820   8.5672  16.9528   0.0000   0.0000   0.0000
    3685   6.9913   8.8703  17.5574   0.0000   0.0000   0.0000
    3686   8.4137   9.3015  17.3805   0.0000   0.0000   0.0000
    3687   7.0669   8.5010  17.3586   0.0000   0.0000   0.0000
    3688   7.1942   8.1933  17.1680   0.0000   0.0000   0.0000
    3689   7.3113   8.7682  17.4759   0.0000   0.0000   0.0000
    3690   7.2998   9.2718  17.1647   0.0000   0.0000   0.0000
    3691   6.0932   8.9986  17.8972   0.0000   0.0000   0.0000
    3692   7.0858   8.9860  17.3443   0.0000   0.0000   0.0000
    3693   6.9551   9.2809  17.0885   0.0000   0.0000   0.0000
    3694   7.2312   8.3901  17.4703   0.0000   0.0000   0.0000
    3695   6.8474   8.4308  16.4934   0.0000   0.0000   0.0000
    3696   6.6678   9.2467  16.6347   0.0000   0.0000   0.0000
    3697   6.2402   9.1566  17.2939   0.0000   0.0000   0.0000
    3698   6.0590   9.7029  17.0931   0.0000   0.0000   0.0000
    3699   6.0920  10.4154  17.3190   0.0000   0.0000   0.0000
    3700   7.1124  10.5783  16.8552   0.0000   0.0000   0.0000
    3701   6.2431  10.1763  16.8832   0.0000   0.0000   0.0000
    3702   6.5696  10.5263  17.1709   0.0000   0.0000   0.0000
    3703   6.6838  10.0940  17.1365   0.0000   0.0000   0.0000
    3704   6.2437  10.4803  17.3433   0.0000   0.0000   0.0000
    3705   6.5619  10.0011  17.8377   0.0000   0.0000   0.0000
    3706   5.5337   8.8752  17.6551   0.0000   0.0000   0.0000
    3707   7.1610  10.3011  17.8963   0.0000   0.0000   0.0000
    3708   5.7302  10.0431  17.7040   0.0000   0.0000   0.0000
    3709   5.8207   9.3523  17.9863   0.0000   0.0000   0.0000
    3710   6.0936   9.8937  17.8882   0.0000   0.0000   0.0000
    3711   6.0467  10.8072  17.8408   0.0000   0.0000   0.0000
    3712   6.2406  10.6725  17.3787   0.0000   0.0000   0.0000
    3713   6.4886  10.1490  18.0377   0.0000   0.0000   0.0000
    3714   7.7802  10.3566  18.3514   0.0000   0.0000   0.0000
    3715   6.9216  10.8514  18.1501   0.0000   0.0000   0.0000
    3716   7.1722  10.8764  18.1285   0.0000   0.0000   0.0000
    3717   7.2904  10.9386  17.7212   0.0000   0.0000   0.0000
    3718   7.5337  10.7123  17.6156   0.0000   0.0000   0.0000
    3719   7.8526  10.2984  17.8688   0.0000   0.0000   0.0000
    3720   7.3384   9.8071  17.9246   0.0000   0.0000   0.0000
    3721   7.3426  10.2362  17.8557   0.0000   0.0000   0.0000
    3722   7.0248  11.1542  17.9680   0.0000   0.0000   0.0000
    3723   6.5948  10.8759  17.3905   0.0000   0.0000   0.0000
    3724   6.6023  11.5615  17.6760   0.0000   0.0000   0.0000
    3725   6.6885  10.9727  17.2184   0.0000   0.0000   0.0000
    3726   7.0354  10.4633  17.5001   0.0000   0.0000   0.0000
    3727   6.5321   9.8663  17.3793   0.0000   0.0000   0.0000
    3728   6.4739   9.6555  17.2534   0.0000   0.0000   0.0000
    3729   5.9547  10.8206  18.1016   0.0000   0.0000   0.0000
    3730   5.5031   9.9189  17.7646   0.0000   0.0000   0.0000
    3731   6.7589   9.6492  18.2645   0.0000   0.0000   0.0000
    3732   6.9726  10.2676  17.9702   0.0000   0.0000   0.0000
    3733   6.2678  10.1031  18.0136   0.0000   0.0000   0.0000
    3734   6.0023   9.9868  18.5512   0.0000   0.0000   0.0000
    3735   6.9351   9.6169  19.1280   0.0000   0.0000   0.0000
    3736   7.1995  10.1608  18.1239   0.0000   0.0000   0.0000
    3737   6.7733  10.6892  18.7036   0.0000   0.0000   0.0000
    3738   5.7903  10.3900  18.8927   0.0000   0.0000   0.0000
    3739   6.1655  10.6428  18.5905   0.0000   0.0000   0.0000
    3740   5.0485  11.2373  18.4843   0.0000   0.0000   0.0000
    3741   5.2503  10.4860  18.8438   0.0000   0.0000   0.0000
    3742   5.8807  10.0729  19.0159   0.0000   0.0000   0.0000
    3743   6.3324  10.3663  19.3170   0.0000   0.0000   0.0000
    3744   6.3519  10.2321  19.0972   0.0000   0.0000   0.0000
    3745   6.2099  10.1117  19.4426   0.0000   0.0000   0.0000
    3746   6.3219   9.8596  18.8795   0.0000   0.0000   0.0000
    3747   7.0825  10.3551  18.7778   0.0000   0.0000   0.0000
    3748   6.0986   9.1836  19.3862   0.0000   0.0000   0.0000
    3749   5.1621  10.0857  19.6968   0.0000   0.0000   0.0000
    3750   6.3223   9.8918  18.8072   0.0000   0.0000   0.0000
    3751   5.5423  10.5340  18.7413   0.0000   0.0000   0.0000
    3752   5.6886  11.1094  18.4578   0.0000   0.0000   0.0000
    3753   5.5509   9.8670  18.3338   0.0000   0.0000   0.0000
    3754   5.0386   9.3948  17.9031   0.0000   0.0000   0.0000
    3755   5.6295   9.9452  18.4249   0.0000   0.0000   0.0000
    3756   4.9329   9.6666  18.5337   0.0000   0.0000   0.0000
    3757   5.4750  10.9335  18.7732   0.0000   0.0000   0.0000
    3758   4.6997  10.0014  18.6700   0.0000   0.0000   0.0000
    3759   5.0977  10.3177  18.7102   0.0000   0.0000   0.0000
    3760   5.6504   9.9127  18.6756   0.0000   0.0000   0.0000
    3761   5.1824  10.7544  19.0483   0.0000   0.0000   0.0000
    3762   4.9672   9.2997  18.6603   0.0000   0.0000   0.0000
    3763   4.9999  10.6735  18.5865   0.0000   0.0000   0.0000
    3764   5.9787   9.8221  18.3575   0.0000   0.0000   0.0000
    3765   5.3823   9.6788  18.2087   0.0000   0.0000   0.0000
    3766   5.0516   9.2903  18.3869   0.0000   0.0000   0.0000
    3767   5.4649   9.3160  17.9425   0.0000   0.0000   0.0000
    3768   4.8579   8.9091  18.4709   0.0000   0.0000   0.0000
    3769   5.4981   9.5578  18.4605   0.0000   0.0000   0.0000
    3770   4.5242   9.5426  18.9064   0.0000   0.0000   0.0000
    3771   5.1194   9.2653  19.1042   0.0000   0.0000   0.0000
    3772   5.0424   9.4430  19.5199   0.0000   0.0000   0.0000
    3773   6.1248   9.5726  18.9659   0.0000   0.0000   0.0000
    3774   5.3941  10.5856  18.6382   0.0000   0.0000   0.0000
    3775   6.1056   9.4617  18.4021   0.0000   0.0000   0.0000
    3776   5.1659   8.7971  18.7616   0.0000   0.0000   0.0000
    3777   5.2072   9.2126  18.4361   0.0000   0.0000   0.0000
    3778   5.3883   9.4077  18.3226   0.0000   0.0000   0.0000
    3779   4.5110   9.3691  18.2203   0.0000   0.0000   0.0000
    3780   5.2424   9.1441  18.0369   0.0000   0.0000   0.0000
    3781   5.5710   9.1034  18.7068   0.0000   0.0000   0.0000
    3782   6.3893   8.7606  18.5081   0.0000   0.0000   0.0000
    3783   6.0795   8.9181  18.0486   0.0000   0.0000   0.0000
    3784   5.8071   8.7032  17.8980   0.0000   0.0000   0.0000
    3785   6.0654   8.9964  17.1180   0.0000   0.0000   0.0000
    3786   5.7544   9.2597  17.5085   0.0000   0.0000   0.0000
    3787   5.9739   9.8438  17.1258   0.0000   0.0000   0.0000
    3788   6.0242   9.1451  17.7144   0.0000   0.0000   0.0000
    3789   5.7248   9.3543  16.8272   0.0000   0.0000   0.0000
    3790   5.4193   9.0613  16.3293   0.0000   0.0000   0.0000
    3791   5.9006   9.1396  17.3593   0.0000   0.0000   0.0000
    3792   5.1538   9.2096  17.7406   0.0000   0.0000   0.0000
    3793   6.0667   9.3084  16.9350   0.0000   0.0000   0.0000
    3794   5.5818   9.5698  16.7979   0.0000   0.0000   0.0000
    3795   6.0828   9.6235  16.6754   0.0000   0.0000   0.0000
    3796   6.3720   9.1589  16.3215   0.0000   0.0000   0.0000
    3797   6.1871   9.8289  17.1264   0.0000   0.0000   0.0000
    3798   5.8460  10.1101  17.1692   0.0000   0.0000   0.0000
    3799   6.3240  10.1234  17.0379   0.0000   0.0000   0.0000
    3800   5.9266  10.3226  16.8577   0.0000   0.0000   0.0000
    3801   5.8010   9.9147  17.5373   0.0000   0.0000   0.0000
    3802   6.6430  10.3925  17.6010   0.0000   0.0000   0.0000
    3803   6.2647  10.8782  18.5510   0.0000   0.0000   0.0000
    3804   6.4347  10.8460  18.2492   0.0000   0.0000   0.0000
    3805   6.5631   9.1446  18.2765   0.0000   0.0000   0.0000
    3806   7.1564   9.5911  17.3527   0.0000   0.0000   0.0000
    3807   7.0793  10.9132  17.8384   0.0000   0.0000   0.0000
    3808   6.5441  11.1418  18.2446   0.0000   0.0000   0.0000
    3809   5.7439  11.2567  17.7529   0.0000   0.0000   0.0000
    3810   6.8139  10.2038  18.2145   0.0000   0.0000   0.0000
    3811   6.5785  10.2962  18.0523   0.0000   0.0000   0.0000
    3812   6.7394   9.5346  17.7160   0.0000   0.0000   0.0000
    3813   5.9759   9.1658  17.4648   0.0000   0.0000   0.0000
    3814   6.7362   9.5359  18.3642   0.0000   0.0000   0.0000
    3815   6.9405   9.1890  18.6120   0.0000   0.0000   0.0000
    3816   6.2193  10.3202  18.5083   0.0000   0.0000   0.0000
    3817   5.9412  10.5184  18.5617   0.0000   0.0000   0.0000
    3818   5.8608  10.2253  18.1360   0.0000   0.0000   0.0000
    3819   6.5745   9.6946  17.9841   0.0000   0.0000   0.0000
    3820   7.1156   9.9848  18.0233   0.0000   0.0000   0.0000
    3821   6.2608   9.8805  17.2857   0.0000   0.0000   0.0000
    3822   6.4612  10.1832  18.2219   0.0000   0.0000   0.0000
    3823   5.0191   9.6912  18.4374   0.0000   0.0000   0.0000
    3824   4.6787  10.0505  18.4628   0.0000   0.0000   0.0000
    3825   4.5727  10.3291  17.8497   0.0000   0.0000   0.0000
    3826   6.0517   9.6738  17.3692   0.0000   0.0000   0.0000
    3827   5.6910  10.0907  17.6258   0.0000   0.0000   0.0000
    3828   5.4412   9.7018  18.7946   0.0000   0.0000   0.0000
    3829   4.8479  10.2504  17.1661   0.0000   0.0000   0.0000
    3830   6.4916   8.8590  18.1775   0.0000   0.0000   0.0000
    3831   6.6296  10.1240  18.4735   0.0000   0.0000   0.0000
    3832   6.7046   9.4990  18.3068   0.0000   0.0000   0.0000
    3833   6.0047   9.4072  18.7452   0.0000   0.0000   0.0000
    3834   5.7693   9.1037  19.0900   0.0000   0.0000   0.0000
    3835   6.3212  10.0949  18.8352   0.0000   0.0000   0.0000
    3836   5.5728   9.6830  18.7200   0.0000   0.0000   0.0000
    3837   5.6294  10.5274  18.5385   0.0000   0.0000   0.0000
    3838   5.3427   8.7051  18.6036   0.0000   0.0000   0.0000
    3839   6.3011   9.1443  18.6713   0.0000   0.0000   0.0000
    3840   5.2222   9.9798  18.8436   0.0000   0.0000   0.0000
    3841   5.7764  10.0068  19.7401   0.0000   0.0000   0.0000
    3842   5.6518   9.7028  19.3403   0.0000   0.0000   0.0000
    3843   5.5035   8.8277  19.8627   0.0000   0.0000   0.0000
    3844   5.6686   8.9614  20.2100   0.0000   0.0000   0.0000
    3845   6.3609   8.9592  19.9863   0.0000   0.0000   0.0000
    3846   6.5647  10.4600  20.2006   0.0000   0.0000   0.0000
    3847   6.1122   9.2883  19.9612   0.0000   0.0000   0.0000
    3848   5.7790  10.6688  19.5190   0.0000   0.0000   0.0000
    3849   6.2132  11.0533  19.8444   0.0000   0.0000   0.0000
    3850   5.4948  10.4741  20.0278   0.0000   0.0000   0.0000
    3851   6.5765  10.6738  20.1192   0.0000   0.0000   0.0000
    3852   5.7542  11.1349  19.7973   0.0000   0.0000   0.0000
    3853   5.9653  10.4369  20.0487   0.0000   0.0000   0.0000
    3854   5.7058  10.4374  19.4285   0.0000   0.0000   0.0000
    3855   6.3510  10.6362  19.9500   0.0000   0.0000   0.0000
    3856   5.5368  10.4255  18.7727   0.0000   0.0000   0.0000
    3857   5.0229  11.2481  19.1064   0.0000   0.0000   0.0000
    3858   6.9017  10.8700  18.7710   0.0000   0.0000   0.0000
    3859   5.9535  11.5083  19.1589   0.0000   0.0000   0.0000
    3860   5.6274  10.6536  18.8115   0.0000   0.0000   0.0000
    3861   6.3524  10.0111  18.8012   0.0000   0.0000   0.0000
    3862   5.3114  10.1080  18.2911   0.0000   0.0000   0.0000
    3863   6.0856  10.2783  18.8885   0.0000   0.0000   0.0000
    3864   5.8366  10.3612  19.7012   0.0000   0.0000   0.0000
    3865   5.6517  10.6760  19.6243   0.0000   0.0000   0.0000
    3866   5.9433  10.7269  19.3368   0.0000   0.0000   0.0000
    3867   4.9356  10.6124  19.2954   0.0000   0.0000   0.0000
    3868   5.0994  10.7304  18.9168   0.0000   0.0000   0.0000
    3869   4.9870  11.9024  18.3455   0.0000   0.0000   0.0000
    3870   4.9794  10.6810  18.3135   0.0000   0.0000   0.0000
    3871   4.7786  10.7082  19.0022   0.0000   0.0000   0.0000
    3872   5.3786  11.1039  18.7076   0.0000   0.0000   0.0000
    3873   5.4343  10.9329  18.5792   0.0000   0.0000   0.0000
    3874   5.4142  10.6169  18.7439   0.0000   0.0000   0.0000
    3875   5.9079   9.9625  18.9211   0.0000   0.0000   0.0000
    3876   4.9540  10.5297  19.0185   0.0000   0.0000   0.0000
    3877   5.4481  10.0397  19.3836   0.0000   0.0000   0.0000
    3878   5.6003   9.7788  19.8644   0.0000   0.0000   0.0000
    3879   4.7558  10.2035  19.3489   0.0000   0.0000   0.0000
    3880   5.4115   9.4688  19.4374   0.0000   0.0000   0.0000
    3881   5.2772  10.2850  19.1166   0.0000   0.0000   0.0000
    3882   4.9316   8.8996  19.3927   0.0000   0.0000   0.0000
    3883   5.2165   9.4904  19.7261   0.0000   0.0000   0.0000
    3884   5.5717   9.8738  19.4660   0.0000   0.0000   0.0000
    3885   5.9073   8.9175  19.1865   0.0000   0.0000   0.0000
    3886   5.9614   9.7906  19.1931   0.0000   0.0000   0.0000
    3887   6.8163  10.1172  19.1533   0.0000   0.0000   0.0000
    3888   5.4610  11.1574  19.2584   0.0000   0.0000   0.0000
    3889   5.1864  11.2957  18.7901   0.0000   0.0000   0.0000
    3890   5.1042  10.9378  18.3614   0.0000   0.0000   0.0000
    3891   4.8839  10.0979  18.7087   0.0000   0.0000   0.0000
    3892   5.0264  10.4961  18.3449   0.0000   0.0000   0.0000
    3893   4.9033  10.5988  18.2387   0.0000   0.0000   0.0000
    3894   5.0161  10.7981  18.7771   0.0000   0.0000   0.0000
    3895   5.1413  10.8499  18.5170   0.0000   0.0000   0.0000
    3896   5.6857  10.9718  18.3559   0.0000   0.0000   0.0000
    3897   5.5990   9.8891  18.0195   0.0000   0.0000   0.0000
    3898   5.3063  10.0018  18.3110   0.0000   0.0000   0.0000
    3899   5.4724   9.7281  18.5328   0.0000   0.0000   0.0000
    3900   5.5536  10.4655  18.9582   0.0000   0.0000   0.0000
    3901   5.2135  10.0879  18.8301   0.0000   0.0000   0.0000
    3902   5.8971   9.7397  19.0658   0.0000   0.0000   0.0000
    3903   6.3324  10.5805  18.7996   0.0000   0.0000   0.0000
    3904   5.1558  10.8474  17.8603   0.0000   0.0000   0.0000
    3905   6.2759  11.2115  18.2362   0.0000   0.0000   0.0000
    3906   6.5212  10.8123  18.3696   0.0000   0.0000   0.0000
    3907   6.2982  10.7879  18.3843   0.0000   0.0000   0.0000
    3908   6.7919  11.5078  18.8278   0.0000   0.0000   0.0000
    3909   6.8556  12.2428  18.1314   0.0000   0.0000   0.0000
    3910   6.8437  10.8126  18.4860   0.0000   0.0000   0.0000
    3911   6.4279  11.2195  18.1945   0.0000   0.0000   0.0000
    3912   5.6509  11.8588  18.2495   0.0000   0.0000   0.0000
    3913   5.1915  11.2316  18.0968   0.0000   0.0000   0.0000
    3914   5.8708  11.1564  18.2849   0.0000   0.0000   0.0000
    3915   5.0897  10.6061  17.9842   0.0000   0.0000   0.0000
    3916   5.0853  10.4113  18.1970   0.0000   0.0000   0.0000
    3917   5.2408  10.3656  18.4815   0.0000   0.0000   0.0000
    3918   5.4659   9.6216  19.1713   0.0000   0.0000   0.0000
    3919   5.1868   9.8709  18.9585   0.0000   0.0000   0.0000
    3920   5.9570  10.6115  18.5356   0.0000   0.0000   0.0000
    3921   6.0355  10.3179  18.2233   0.0000   0.0000   0.0000
    3922   5.9825  10.2362  18.8845   0.0000   0.0000   0.0000
    3923   5.2025  10.4177  18.4916   0.0000   0.0000   0.0000
    3924   5.4523  10.6154  18.5624   0.0000   0.0000   0.0000
    3925   5.5669  10.6642  18.9724   0.0000   0.0000   0.0000
    3926   5.0044  10.8686  18.9933   0.0000   0.0000   0.0000
    3927   4.6491  10.6876  18.9032   0.0000   0.0000   0.0000
    3928   4.8389  10.8956  19.4165   0.0000   0.0000   0.0000
    3929   5.0094  10.9290  18.5965   0.0000   0.0000   0.0000
    3930   4.9487  10.7809  18.9603   0.0000   0.0000   0.0000
    3931   4.3788  11.4588  19.1735   0.0000   0.0000   0.0000
    3932   4.8889  10.9434  18.4793   0.0000   0.0000   0.0000
    3933   4.8304  10.6429  18.5320   0.0000   0.0000   0.0000
    3934   4.7879  10.0284  18.2632   0.0000   0.0000   0.0000
    3935   5.1318  10.5664  18.2601   0.0000   0.0000   0.0000
    3936   4.6173  11.3639  18.5563   0.0000   0.0000   0.0000
    3937   5.1234  10.9059  18.6472   0.0000   0.0000   0.0000
    3938   4.9690  11.4769  18.5700   0.0000   0.0000   0.0000
    3939   4.6376  11.4605  19.2401   0.0000   0.0000   0.0000
    3940   4.6067  11.2228  18.6824   0.0000   0.0000   0.0000
    3941   5.5704  11.6604  18.3705   0.0000   0.0000   0.0000
    3942   5.2099  11.7145  17.4741   0.0000   0.0000   0.0000
    3943   4.9249  11.3643  18.2963   0.0000   0.0000   0.0000
    3944   5.4315  11.7109  18.1502   0.0000   0.0000   0.0000
    3945   4.3911  11.2667  18.5108   0.0000   0.0000   0.0000
    3946   5.1761  11.5898  18.4724   0.0000   0.0000   0.0000
    3947   5.1083  11.8468  18.9883   0.0000   0.0000   0.0000
    3948   5.7133  11.5740  19.4395   0.0000   0.0000   0.0000
    3949   6.1771  10.7170  18.6394   0.0000   0.0000   0.0000
    3950   5.6441  11.0224  19.6984   0.0000   0.0000   0.0000
    3951   5.7190  10.9174  19.4076   0.0000   0.0000   0.0000
    3952   6.0300  11.3411  20.1309   0.0000   0.0000   0.0000
    3953   5.0846  12.4178  20.2564   0.0000   0.0000   0.0000
    3954   5.4108  11.3602  20.1752   0.0000   0.0000   0.0000
    3955   5.8486  12.0810  20.1738   0.0000   0.0000   0.0000
    3956   6.4028  10.9984  19.9536   0.0000   0.0000   0.0000
    3957   5.7477  10.7991  19.8268   0.0000   0.0000   0.0000
    3958   5.5520  11.3980  19.7392   0.0000   0.0000   0.0000
    3959   6.0931  10.3931  19.9978   0.0000   0.0000   0.0000
    3960   5.5490  10.7053  19.5516   0.0000   0.0000   0.0000
    3961   5.6993  10.9514  19.2966   0.0000   0.0000   0.0000
    3962   5.9018  10.2790  20.0660   0.0000   0.0000   0.0000
    3963   5.8437  11.0455  19.6493   0.0000   0.0000   0.0000
    3964   6.0862   9.8491  20.0443   0.0000   0.0000   0.0000
    3965   5.4700  10.8877  20.0806   0.0000   0.0000   0.0000
    3966   5.7896  10.9443  20.0604   0.0000   0.0000   0.0000
    3967   6.5053  11.2467  19.9648   0.0000   0.0000   0.0000
    3968   5.4994  12.1735  20.0749   0.0000   0.0000   0.0000
    3969   5.8181  11.3906  20.0474   0.0000   0.0000   0.0000
    3970   5.8101  11.6781  20.0139   0.0000   0.0000   0.0000
    3971   5.4767  11.2993  20.2074   0.0000   0.0000   0.0000
    3972   5.1140  10.8797  19.8062   0.0000   0.0000   0.0000
    3973   5.1751  10.7494  19.7011   0.0000   0.0000   0.0000
    3974   5.7602  11.6181  19.6907   0.0000   0.0000   0.0000
    3975   5.8857  12.3629  20.4105   0.0000   0.0000   0.0000
    3976   5.4716  12.6477  19.4448   0.0000   0.0000   0.0000
    3977   4.7093  12.1192  20.0935   0.0000   0.0000   0.0000
    3978   5.6744  11.5245  19.7477   0.0000   0.0000   0.0000
    3979   5.3150  12.5604  20.3134   0.0000   0.0000   0.0000
    3980   5.3264  11.8786  19.7145   0.0000   0.0000   0.0000
    3981   4.7949  11.2341  19.8884   0.0000   0.0000   0.0000
    3982   4.8084  11.0689  19.6469   0.0000   0.0000   0.0000
    3983   4.3143  10.1650  19.2833   0.0000   0.0000   0.0000
    3984   5.6673  10.4950  19.5730   0.0000   0.0000   0.0000
    3985   5.8768  11.2582  19.4681   0.0000   0.0000   0.0000
    3986   5.0735  11.0231  19.5327   0.0000   0.0000   0.0000
    3987   4.9604  11.3435  19.2665   0.0000   0.0000   0.0000
    3988   5.2533  10.5464  19.4198   0.0000   0.0000   0.0000
    3989   5.0609  11.0094  19.0501   0.0000   0.0000   0.0000
    3990   5.9508  11.0568  19.0189   0.0000   0.0000   0.0000
    3991   5.5784  10.7690  19.6247   0.0000   0.0000   0.0000
    3992   6.2568  10.2033  18.8237   0.0000   0.0000   0.0000
    3993   6.1052  10.5479  18.7996   0.0000   0.0000   0.0000
    3994   6.3910  10.1913  19.8005   0.0000   0.0000   0.0000
    3995   5.7710  10.4197  19.4079   0.0000   0.0000   0.0000
    3996   5.6366  10.2452  19.6199   0.0000   0.0000   0.0000
    3997   5.8166  11.7483  19.1260   0.0000   0.0000   0.0000
    3998   5.0153  10.3890  19.2419   0.0000   0.0000   0.0000
    3999   5.1602  10.5264  19.6254   0.0000   0.0000   0.0000
    4000   5.4697  10.4766  19.9410   0.0000   0.0000   0.0000
    4001   5.6350   9.9038  19.8650   0.0000   0.0000   0.0000
    4002   5.5357  10.8119  19.8517   0.0000   0.0000   0.0000
    4003   5.7488  11.1021  19.9659   0.0000   0.0000   0.0000
    4004   6.3066  10.7385  19.1457   0.0000   0.0000   0.0000
    4005   7.0610  10.7121  19.4612   0.0000   0.0000   0.0000
    4006   6.0766   9.9949  19.6778   0.0000   0.0000   0.0000
    4007   5.5962  10.1176  19.8975   0.0000   0.0000   0.0000
    4008   6.2537  10.3333  18.9028   0.0000   0.0000   0.0000
    4009   5.9109  10.6459  18.9320   0.0000   0.0000   0.0000
    4010   5.4106  10.6219  18.0859   0.0000   0.0000   0.0000
    4011   5.1459  10.4250  18.8201   0.0000   0.0000   0.0000
    4012   5.3899  10.8099  19.0190   0.0000   0.0000   0.0000
    4013   5.0207   9.8532  18.7256   0.0000   0.0000   0.0000
    4014   4.6424  10.0718  18.9614   0.0000   0.0000   0.0000
    4015   5.2257  10.9250  19.2559   0.0000   0.0000   0.0000
    4016   4.4515   9.8450  18.5447   0.0000   0.0000   0.0000
    4017   5.3475   9.8553  18.5670   0.0000   0.0000   0.0000
    4018   5.1387  10.0879  18.4337   0.0000   0.0000   0.0000
    4019   4.7907  10.0127  18.5055   0.0000   0.0000   0.0000
    4020   4.7956   9.8661  18.9474   0.0000   0.0000   0.0000
    4021   6.3882  10.3635  19.2089   0.0000   0.0000   0.0000
    4022   4.6392  10.0229  19.3300   0.0000   0.0000   0.0000
    4023   4.6986   9.8819  18.8382   0.0000   0.0000   0.0000
    4024   4.3760   9.5484  18.8118   0.0000   0.0000   0.0000
    4025   4.8335  10.5895  18.8789   0.0000   0.0000   0.0000
    4026   4.4283   9.7336  18.9741   0.0000   0.0000   0.0000
    4027   5.2196  10.5610  18.8089   0.0000   0.0000   0.0000
    4028   4.6272   9.7888  18.2886   0.0000   0.0000   0.0000
    4029   5.8055  10.5449  18.2704   0.0000   0.0000   0.0000
    4030   6.0837  10.7070  18.5215   0.0000   0.0000   0.0000
    4031   5.9214   9.6499  17.8535   0.0000   0.0000   0.0000
    4032   5.8118  10.0613  17.5952   0.0000   0.0000   0.0000
    4033   6.7896  10.0966  17.6328   0.0000   0.0000   0.0000
    4034   6.1245   9.3775  17.4535   0.0000   0.0000   0.0000
    4035   6.0436  10.4949  17.0178   0.0000   0.0000   0.0000
    4036   5.9082   9.9523  17.3272   0.0000   0.0000   0.0000
    4037   6.6973   9.5590  17.9510   0.0000   0.0000   0.0000
    4038   6.5074   9.3436  17.9910   0.0000   0.0000   0.0000
    4039   6.5657   9.2912  18.0288   0.0000   0.0000   0.0000
    4040   6.4582   9.0971  17.5460   0.0000   0.0000   0.0000
    4041   5.8748   9.0015  16.7946   0.0000   0.0000   0.0000
    4042   5.9112   9.0815  17.0784   0.0000   0.0000   0.0000
    4043   6.0195   8.3449  17.6711   0.0000   0.0000   0.0000
    4044   5.7418   8.1396  17.5816   0.0000   0.0000   0.0000
    4045   5.2053   8.9150  18.1192   0.0000   0.0000   0.0000
    4046   5.8086   9.1023  17.5786   0.0000   0.0000   0.0000
    4047   5.7787   8.8417  18.6291   0.0000   0.0000   0.0000
    4048   5.8143   9.0668  18.6103   0.0000   0.0000   0.0000
    4049   6.4871   8.5096  18.3172   0.0000   0.0000   0.0000
    4050   6.5873   8.4134  18.1674   0.0000   0.0000   0.0000
    4051   6.5908   8.5685  18.4577   0.0000   0.0000   0.0000
    4052   7.4328   8.0418  18.6315   0.0000   0.0000   0.0000
    4053   6.5238   8.2831  17.6656   0.0000   0.0000   0.0000
    4054   6.8415   7.6018  18.0128   0.0000   0.0000   0.0000
    4055   7.0409   8.0992  17.8975   0.0000   0.0000   0.0000
    4056   6.3334   8.8517  17.6154   0.0000   0.0000   0.0000
    4057   5.9010   9.2707  17.3804   0.0000   0.0000   0.0000
    4058   5.9015   9.1349  17.6329   0.0000   0.0000   0.0000
    4059   6.1461   9.2058  17.3859   0.0000   0.0000   0.0000
    4060   6.6343   9.5401  16.9227   0.0000   0.0000   0.0000
    4061   6.4410  10.3358  17.0759   0.0000   0.0000   0.0000
    4062   6.2450   9.5234  17.6181   0.0000   0.0000   0.0000
    4063   6.9914  10.0742  17.0186   0.0000   0.0000   0.0000
    4064   6.5844   9.2422  17.0959   0.0000   0.0000   0.0000
    4065   6.1944   8.9182  17.3697   0.0000   0.0000   0.0000
    4066   5.7068   9.5810  17.6193   0.0000   0.0000   0.0000
    4067   5.2056   9.2045  18.0137   0.0000   0.0000   0.0000
    4068   5.9249   9.9239  18.5753   0.0000   0.0000   0.0000
    4069   6.2845  10.6523  18.0660   0.0000   0.0000   0.0000
    4070   6.5249   9.4677  18.7868   0.0000   0.0000   0.0000
    4071   5.6937   9.4421  18.5856   0.0000   0.0000   0.0000
    4072   6.6497   9.6463  18.4322   0.0000   0.0000   0.0000
    4073   6.4843  10.0477  18.2327   0.0000   0.0000   0.0000
    4074   6.7151   9.8907  17.9178   0.0000   0.0000   0.0000
    4075   5.8349  10.2446  17.8441   0.0000   0.0000   0.0000
    4076   6.5772  10.4851  18.6480   0.0000   0.0000   0.0000
    4077   6.9172  10.0404  17.9672   0.0000   0.0000   0.0000
    4078   7.0424  10.8534  18.4617   0.0000   0.0000   0.0000
    4079   7.0975  10.3554  18.2176   0.0000   0.0000   0.0000
    4080   7.3935  11.0429  18.5027   0.0000   0.0000   0.0000
    4081   7.6113  10.9559  17.7302   0.0000   0.0000   0.0000
    4082   7.0660  11.0926  17.6963   0.0000   0.0000   0.0000
    4083   7.5198  11.1733  17.9421   0.0000   0.0000   0.0000
    4084   7.9990  11.4378  17.1368   0.0000   0.0000   0.0000
    4085   7.3831  11.6761  16.6901   0.0000   0.0000   0.0000
    4086   7.2753  11.6083  16.9211   0.0000   0.0000   0.0000
    4087   7.1944  10.9397  17.0445   0.0000   0.0000   0.0000
    4088   7.4668  11.0951  16.9780   0.0000   0.0000   0.0000
    4089   7.8432  11.5968  17.0468   0.0000   0.0000   0.0000
    4090   7.2992  10.8036  16.3916   0.0000   0.0000   0.0000
    4091   7.2581  10.8726  15.9659   0.0000   0.0000   0.0000
    4092   6.6921  10.6371  16.9734   0.0000   0.0000   0.0000
    4093   7.0525  11.1887  16.4154   0.0000   0.0000   0.0000
    4094   6.7154  11.2230  16.6704   0.0000   0.0000   0.0000
    4095   7.0818  11.2082  16.1583   0.0000   0.0000   0.0000
    4096   7.1024  11.3061  16.8564   0.0000   0.0000   0.0000
    4097   6.6165  10.8588  16.8894   0.0000   0.0000   0.0000
    4098   7.1638  11.4906  16.4239   0.0000   0.0000   0.0000
    4099   6.9631  10.6977  16.5805   0.0000   0.0000   0.0000
    4100   6.8028  10.9918  16.8448   0.0000   0.0000   0.0000
    4101   6.2346  10.8501  16.7240   0.0000   0.0000   0.0000
    4102   7.1148  10.1865  16.8007   0.0000   0.0000   0.0000
    4103   6.9486  11.3429  16.8740   0.0000   0.0000   0.0000
    4104   7.1495  11.8195  16.7533   0.0000   0.0000   0.0000
    4105   6.7802  11.5911  16.8219   0.0000   0.0000   0.0000
    4106   6.8140  11.5182  16.8359   0.0000   0.0000   0.0000
    4107   7.0895  11.6245  16.7581   0.0000   0.0000   0.0000
    4108   6.7580  11.4336  16.2382   0.0000   0.0000   0.0000
    4109   6.2705  11.0922  17.0198   0.0000   0.0000   0.0000
    4110   7.1653  11.5010  16.5972   0.0000   0.0000   0.0000
    4111   7.9308  12.6111  16.9267   0.0000   0.0000   0.0000
    4112   6.9959  12.5058  16.4277   0.0000   0.0000   0.0000
    4113   7.6416  12.3787  16.4938   0.0000   0.0000   0.0000
    4114   7.7959  12.3741  17.1681   0.0000   0.0000   0.0000
    4115   7.6893  10.6242  16.7607   0.0000   0.0000   0.0000
    4116   8.1633  11.0160  17.1521   0.0000   0.0000   0.0000
    4117   8.2594  11.5779  17.4033   0.0000   0.0000   0.0000
    4118   8.1072  11.7186  17.8665   0.0000   0.0000   0.0000
    4119   8.2733  11.5605  17.5612   0.0000   0.0000   0.0000
    4120   8.3358  11.2874  17.5538   0.0000   0.0000   0.0000
    4121   8.4649  11.5078  17.2322   0.0000   0.0000   0.0000
    4122   8.5325  11.1855  16.6623   0.0000   0.0000   0.0000
    4123   7.9801  11.4266  16.8527   0.0000   0.0000   0.0000
    4124   8.2922  10.9331  16.6818   0.0000   0.0000   0.0000
    4125   7.7007  11.4600  16.6786   0.0000   0.0000   0.0000
    4126   7.8334  11.4694  16.9399   0.0000   0.0000   0.0000
    4127   8.0625  11.9473  17.3629   0.0000   0.0000   0.0000
    4128   8.3582  11.5830  17.4097   0.0000   0.0000   0.0000
    4129   8.4695  11.6252  16.7627   0.0000   0.0000   0.0000
    4130   8.0582  11.5103  16.8733   0.0000   0.0000   0.0000
    4131   8.2305  11.4977  16.1766   0.0000   0.0000   0.0000
    4132   8.3740  10.7397  16.2123   0.0000   0.0000   0.0000
    4133   7.8800  11.5685  16.6617   0.0000   0.0000   0.0000
    4134   7.8562  10.2732  16.1914   0.0000   0.0000   0.0000
    4135   7.7512   9.6891  15.9795   0.0000   0.0000   0.0000
    4136   8.1805  10.6777  16.2208   0.0000   0.0000   0.0000
    4137   8.4676   9.9817  15.9331   0.0000   0.0000   0.0000
    4138   8.4016  10.4623  16.1290   0.0000   0.0000   0.0000
    4139   9.4815   9.5584  15.8781   0.0000   0.0000   0.0000
    4140   9.0394  10.5381  16.3060   0.0000   0.0000   0.0000
    4141   9.4534  11.0052  16.5236   0.0000   0.0000   0.0000
    4142   8.8861  11.3194  16.3085   0.0000   0.0000   0.0000
    4143   8.9855  11.4545  16.6490   0.0000   0.0000   0.0000
    4144   8.0145  11.1605  17.2502   0.0000   0.0000   0.0000
    4145   9.0520  10.9568  17.9506   0.0000   0.0000   0.0000
    4146   8.1228  11.1424  17.3079   0.0000   0.0000   0.0000
    4147   8.8388  11.7181  17.4158   0.0000   0.0000   0.0000
    4148   9.0179  11.0957  17.7435   0.0000   0.0000   0.0000
    4149   8.8817  10.9275  17.1698   0.0000   0.0000   0.0000
    4150   8.8628  10.6958  16.5732   0.0000   0.0000   0.0000
    4151   9.7277   9.3342  17.0435   0.0000   0.0000   0.0000
    4152   8.8610   9.5271  17.5286   0.0000   0.0000   0.0000
    4153   8.5853   9.9702  17.1829   0.0000   0.0000   0.0000
    4154   8.7964   9.9650  17.6437   0.0000   0.0000   0.0000
    4155   9.2707  10.3479  16.8176   0.0000   0.0000   0.0000
    4156   8.7226  10.4593  15.9820   0.0000   0.0000   0.0000
    4157   8.9107  10.9025  16.3130   0.0000   0.0000   0.0000
    4158   9.5143  10.7339  16.4777   0.0000   0.0000   0.0000
    4159   9.6850  10.4968  16.9491   0.0000   0.0000   0.0000
    4160   9.0308  11.1133  16.6643   0.0000   0.0000   0.0000
    4161   9.9598  11.2570  16.5484   0.0000   0.0000   0.0000
    4162  10.0671  11.5642  16.8121   0.0000   0.0000   0.0000
    4163   9.9293  11.8920  16.8735   0.0000   0.0000   0.0000
    4164   8.9392  11.1696  16.9537   0.0000   0.0000   0.0000
    4165   8.0891  11.4412  16.5253   0.0000   0.0000   0.0000
    4166   8.5620  11.1899  16.4920   0.0000   0.0000   0.0000
    4167   8.4818  11.0618  16.3694   0.0000   0.0000   0.0000
    4168   9.4138  11.2629  16.4375   0.0000   0.0000   0.0000
    4169   9.1646  11.2472  16.4649   0.0000   0.0000   0.0000
    4170   8.6749  11.1601  16.8133   0.0000   0.0000   0.0000
    4171   9.2336  10.4106  16.8572   0.0000   0.0000   0.0000
    4172   9.6577  10.5857  17.2800   0.0000   0.0000   0.0000
    4173   9.3821   9.8539  17.7118   0.0000   0.0000   0.0000
    4174   9.4627  10.4780  16.7343   0.0000   0.0000   0.0000
    4175   7.3606  10.0590  16.5096   0.0000   0.0000   0.0000
    4176   8.3757  10.5294  16.8207   0.0000   0.0000   0.0000
    4177   7.7141  10.3324  16.9823   0.0000   0.0000   0.0000
    4178   8.2459  10.9954  15.9506   0.0000   0.0000   0.0000
    4179   9.0301  10.5281  16.7764   0.0000   0.0000   0.0000
    4180   7.8257  11.2225  16.7926   0.0000   0.0000   0.0000
    4181   8.3496  10.6038  16.7804   0.0000   0.0000   0.0000
    4182   8.7907  10.7114  17.3384   0.0000   0.0000   0.0000
    4183   8.6864  10.8074  17.3812   0.0000   0.0000   0.0000
    4184   8.9816  10.3294  17.1113   0.0000   0.0000   0.0000
    4185   8.2003  10.2401  16.9466   0.0000   0.0000   0.0000
    4186   7.3015  11.0025  17.6134   0.0000   0.0000   0.0000
    4187   6.9318  10.4655  17.0014   0.0000   0.0000   0.0000
    4188   7.5114   9.8786  17.4990   0.0000   0.0000   0.0000
    4189   7.7767  10.9056  17.4393   0.0000   0.0000   0.0000
    4190   7.5957  10.1351  17.8867   0.0000   0.0000   0.0000
    4191   7.8600  10.0941  17.8502   0.0000   0.0000   0.0000
    4192   7.7686  10.9742  17.5472   0.0000   0.0000   0.0000
    4193   7.4387  11.2601  17.0963   0.0000   0.0000   0.0000
    4194   7.4648  10.7654  17.1649   0.0000   0.0000   0.0000
    4195   7.6003   9.9693  16.8275   0.0000   0.0000   0.0000
    4196   7.7050  10.6977  16.6897   0.0000   0.0000   0.0000
    4197   7.7752  10.6651  16.9842   0.0000   0.0000   0.0000
    4198   9.3842  10.7304  16.9561   0.0000   0.0000   0.0000
    4199   8.7830  10.5965  17.2899   0.0000   0.0000   0.0000
    4200   7.7858  10.6919  17.7939   0.0000   0.0000   0.0000
    4201   7.9567   9.9068  17.5995   0.0000   0.0000   0.0000
    4202   8.7519  10.2519  17.7309   0.0000   0.0000   0.0000
    4203   7.7482  10.3835  17.3281   0.0000   0.0000   0.0000
    4204   7.9766  10.8964  16.9323   0.0000   0.0000   0.0000
    4205   7.1460  10.8849  17.0158   0.0000   0.0000   0.0000
    4206   7.6813  10.4691  17.1438   0.0000   0.0000   0.0000
    4207   7.6183  10.8068  17.6602   0.0000   0.0000   0.0000
    4208   8.0579  10.3834  17.5476   0.0000   0.0000   0.0000
    4209   8.0506  10.9506  17.7605   0.0000   0.0000   0.0000
    4210   7.6101  11.4872  16.9523   0.0000   0.0000   0.0000
    4211   7.8120  10.9617  17.1579   0.0000   0.0000   0.0000
    4212   7.7253  11.3950  16.9558   0.0000   0.0000   0.0000
    4213   8.8576  11.4322  16.5994   0.0000   0.0000   0.0000
    4214   7.7895  10.6703  17.4648   0.0000   0.0000   0.0000
    4215   8.4898  11.0124  17.7411   0.0000   0.0000   0.0000
    4216   8.0432  10.8157  17.6269   0.0000   0.0000   0.0000
    4217   8.5648   9.9744  18.6482   0.0000   0.0000   0.0000
    4218   7.5430   9.9828  18.0291   0.0000   0.0000   0.0000
    4219   8.2559  10.1343  17.6681   0.0000   0.0000   0.0000
    4220   7.9884   9.9212  17.9076   0.0000   0.0000   0.0000
    4221   8.0878  10.0885  17.9537   0.0000   0.0000   0.0000
    4222   7.8130  10.7461  18.4114   0.0000   0.0000   0.0000
    4223   7.9706   9.2060  18.2519   0.0000   0.0000   0.0000
    4224   8.2310   9.8319  18.1771   0.0000   0.0000   0.0000
    4225   8.7135   9.6437  18.4002   0.0000   0.0000   0.0000
    4226   9.1191   9.5727  17.5369   0.0000   0.0000   0.0000
    4227   8.4050   9.5182  17.5830   0.0000   0.0000   0.0000
    4228   7.2794   9.6784  17.6911   0.0000   0.0000   0.0000
    4229   7.3820   9.7032  18.2203   0.0000   0.0000   0.0000
    4230   8.0133   9.6148  18.3570   0.0000   0.0000   0.0000
    4231   8.2326   9.5538  18.4650   0.0000   0.0000   0.0000
    4232   7.6448   9.3347  17.9779   0.0000   0.0000   0.0000
    4233   7.9735   8.6175  18.1778   0.0000   0.0000   0.0000
    4234   8.9327   8.6218  17.7561   0.0000   0.0000   0.0000
    4235   8.0916   8.4761  18.1984   0.0000   0.0000   0.0000
    4236   7.9163   9.3397  18.9650   0.0000   0.0000   0.0000
    4237   8.0767   9.0941  18.8049   0.0000   0.0000   0.0000
    4238   8.4180   8.2659  18.4435   0.0000   0.0000   0.0000
    4239   7.8389   8.6352  18.6129   0.0000   0.0000   0.0000
    4240   8.6256   9.6171  19.1088   0.0000   0.0000   0.0000
    4241   8.8850   8.7540  18.8406   0.0000   0.0000   0.0000
    4242   8.7711   8.5180  18.8055   0.0000   0.0000   0.0000
    4243   8.6704   8.8698  18.8954   0.0000   0.0000   0.0000
    4244   8.6145  10.1305  19.1958   0.0000   0.0000   0.0000
    4245   8.4953   9.1108  18.6023   0.0000   0.0000   0.0000
    4246   8.2545   8.3770  19.0734   0.0000   0.0000   0.0000
    4247   9.1213   9.3825  18.6799   0.0000   0.0000   0.0000
    4248   8.1799   8.8169  18.3634   0.0000   0.0000   0.0000
    4249   8.7449   9.9404  18.3690   0.0000   0.0000   0.0000
    4250   8.3623   8.9945  18.1513   0.0000   0.0000   0.0000
    4251   9.5044   9.4052  18.2610   0.0000   0.0000   0.0000
    4252   8.7937   9.5540  18.1437   0.0000   0.0000   0.0000
    4253   8.3751   9.1726  18.1869   0.0000   0.0000   0.0000
    4254   8.4154   9.5312  18.6707   0.0000   0.0000   0.0000
    4255   8.7571   9.8549  18.6174   0.0000   0.0000   0.0000
    4256   7.9985   9.8452  18.3165   0.0000   0.0000   0.0000
    4257   6.3723   9.9212  17.3399   0.0000   0.0000   0.0000
    4258   7.4896   9.0336  17.3124   0.0000   0.0000   0.0000
    4259   7.5127   9.7640  17.5699   0.0000   0.0000   0.0000
    4260   6.8328   9.7666  16.8216   0.0000   0.0000   0.0000
    4261   7.3668   9.0250  17.9681   0.0000   0.0000   0.0000
    4262   7.3307   9.1305  17.7781   0.0000   0.0000   0.0000
    4263   6.6679   8.8049  17.5875   0.0000   0.0000   0.0000
    4264   7.9952   8.9043  17.6379   0.0000   0.0000   0.0000
    4265   8.1712   8.4183  17.7530   0.0000   0.0000   0.0000
    4266   8.0993   7.9004  17.3178   0.0000   0.0000   0.0000
    4267   7.4444   8.3113  16.5990   0.0000   0.0000   0.0000
    4268   6.6622   8.3996  17.2991   0.0000   0.0000   0.0000
    4269   7.4386   9.0498  17.6128   0.0000   0.0000   0.0000
    4270   7.6878   9.6935  17.8616   0.0000   0.0000   0.0000
    4271   7.9630   9.6028  17.4158   0.0000   0.0000   0.0000
    4272   7.8161   9.2273  17.4234   0.0000   0.0000   0.0000
    4273   7.6059   9.6159  18.0149   0.0000   0.0000   0.0000
    4274   7.3377   9.2609  17.9714   0.0000   0.0000   0.0000
    4275   7.5823   9.4030  17.4505   0.0000   0.0000   0.0000
    4276   7.1646   9.1020  17.5906   0.0000   0.0000   0.0000
    4277   6.7221   7.8366  16.7433   0.0000   0.0000   0.0000
    4278   7.0243   8.8273  16.7057   0.0000   0.0000   0.0000
    4279   7.4685   9.5478  17.1390   0.0000   0.0000   0.0000
    4280   6.9026   8.9574  16.9366   0.0000   0.0000   0.0000
    4281   7.0556   9.1857  17.0974   0.0000   0.0000   0.0000
    4282   7.7462   9.4113  16.6356   0.0000   0.0000   0.0000
    4283   7.8205   7.8839  16.6027   0.0000   0.0000   0.0000
    4284   7.0387   7.1848  17.4131   0.0000   0.0000   0.0000
    4285   7.2283   7.8519  16.9106   0.0000   0.0000   0.0000
    4286   7.2463   8.5100  17.1042   0.0000   0.0000   0.0000
    4287   7.9929   8.0766  15.8145   0.0000   0.0000   0.0000
    4288   7.7865   7.8931  16.5710   0.0000   0.0000   0.0000
    4289   7.5188   8.6119  16.6886   0.0000   0.0000   0.0000
    4290   8.0353   7.6024  16.7702   0.0000   0.0000   0.0000
    4291   7.0787   7.7919  16.5694   0.0000   0.0000   0.0000
    4292   7.0595   8.1273  16.1987   0.0000   0.0000   0.0000
    4293   6.9781   8.7233  16.7956   0.0000   0.0000   0.0000
    4294   7.1319   8.6875  16.8754   0.0000   0.0000   0.0000
    4295   8.4404   8.9212  16.8886   0.0000   0.0000   0.0000
    4296   7.9377   8.4425  16.7429   0.0000   0.0000   0.0000
    4297   8.2580   8.6234  16.8652   0.0000   0.0000   0.0000
    4298   8.0231   9.5234  17.1671   0.0000   0.0000   0.0000
    4299   7.7087   8.3121  16.2637   0.0000   0.0000   0.0000
    4300   7.7712   9.2892  15.8067   0.0000   0.0000   0.0000
    4301   7.3890   8.4461  15.9050   0.0000   0.0000   0.0000
    4302   7.9891   8.6926  16.1012   0.0000   0.0000   0.0000
    4303   7.8263   7.9873  15.4889   0.0000   0.0000   0.0000
    4304   7.7836   8.6548  16.3679   0.0000   0.0000   0.0000
    4305   8.4444   8.5786  16.4131   0.0000   0.0000   0.0000
    4306   6.7362   9.2999  16.3362   0.0000   0.0000   0.0000
    4307   6.7129   8.9017  16.2552   0.0000   0.0000   0.0000
    4308   7.6399   9.5034  16.1037   0.0000   0.0000   0.0000
    4309   7.4074   9.6387  16.0606   0.0000   0.0000   0.0000
    4310   8.5191   9.6654  16.5607   0.0000   0.0000   0.0000
    4311   8.4795   9.5090  16.2543   0.0000   0.0000   0.0000
    4312   8.7918   9.4216  16.0979   0.0000   0.0000   0.0000
    4313   8.1266   9.0862  16.6609   0.0000   0.0000   0.0000
    4314   8.5762   8.8534  16.4839   0.0000   0.0000   0.0000
    4315   8.3116   8.0961  17.1837   0.0000   0.0000   0.0000
    4316   7.9148   8.0587  16.7252   0.0000   0.0000   0.0000
    4317   8.0861   7.8830  16.8278   0.0000   0.0000   0.0000
    4318   7.2862   8.0306  17.1546   0.0000   0.0000   0.0000
    4319   7.1379   8.5507  17.2360   0.0000   0.0000   0.0000
    4320   6.9739   8.0685  16.6787   0.0000   0.0000   0.0000
    4321   6.6677   8.6515  16.7041   0.0000   0.0000   0.0000
    4322   7.7186   7.8830  17.6695   0.0000   0.0000   0.0000
    4323   7.3423   8.3744  16.8139   0.0000   0.0000   0.0000
    4324   7.2387   8.6523  17.2950   0.0000   0.0000   0.0000
    4325   7.6677   8.7602  16.7310   0.0000   0.0000   0.0000
    4326   8.0400   8.4257  16.9389   0.0000   0.0000   0.0000
    4327   8.8092   7.7676  17.0695   0.0000   0.0000   0.0000
    4328   7.6209   8.3015  16.9437   0.0000   0.0000   0.0000
    4329   7.1620   8.9929  17.3746   0.0000   0.0000   0.0000
    4330   7.2530   8.8447  16.6814   0.0000   0.0000   0.0000
    4331   7.9049   9.2496  15.9188   0.0000   0.0000   0.0000
    4332   7.7053   9.3677  16.2254   0.0000   0.0000   0.0000
    4333   6.7609   9.5328  15.9785   0.0000   0.0000   0.0000
    4334   6.8930   9.4593  15.7461   0.0000   0.0000   0.0000
    4335   6.7573   9.5877  16.5566   0.0000   0.0000   0.0000
    4336   7.2546   9.9279  16.6824   0.0000   0.0000   0.0000
    4337   7.3652   8.9385  16.9945   0.0000   0.0000   0.0000
    4338   6.8572   9.9415  16.6489   0.0000   0.0000   0.0000
    4339   8.1695  10.7026  16.9737   0.0000   0.0000   0.0000
    4340   8.1515   8.8833  16.4923   0.0000   0.0000   0.0000
    4341   8.5417   9.0070  15.9811   0.0000   0.0000   0.0000
    4342   8.4687   8.9973  16.9793   0.0000   0.0000   0.0000
    4343   8.0178   8.8366  16.9185   0.0000   0.0000   0.0000
    4344   7.4519   9.5737  16.6135   0.0000   0.0000   0.0000
    4345   7.6577   9.7618  16.9466   0.0000   0.0000   0.0000
    4346   7.9884   9.5927  16.3785   0.0000   0.0000   0.0000
    4347   7.5208   9.4259  16.6142   0.0000   0.0000   0.0000
    4348   7.7665   9.7170  16.4636   0.0000   0.0000   0.0000
    4349   7.1289   9.9115  16.2855   0.0000   0.0000   0.0000
    4350   7.0977  10.3015  16.5253   0.0000   0.0000   0.0000
    4351   6.8494   9.9258  16.5846   0.0000   0.0000   0.0000
    4352   7.4419   9.3600  15.8890   0.0000   0.0000   0.0000
    4353   7.6897   9.8332  15.3931   0.0000   0.0000   0.0000
    4354   7.4454  10.1691  15.6924   0.0000   0.0000   0.0000
    4355   8.2646   9.4438  16.0938   0.0000   0.0000   0.0000
    4356   8.1193   9.5705  16.6038   0.0000   0.0000   0.0000
    4357   8.3806   9.9647  16.7640   0.0000   0.0000   0.0000
    4358   8.7695   9.9470  17.0699   0.0000   0.0000   0.0000
    4359   8.8712   8.7110  17.4680   0.0000   0.0000   0.0000
    4360   8.8725   9.5256  17.6450   0.0000   0.0000   0.0000
    4361   8.4989   9.1491  17.1113   0.0000   0.0000   0.0000
    4362   8.1277   9.9176  17.2706   0.0000   0.0000   0.0000
    4363   9.1046   9.2892  17.4105   0.0000   0.0000   0.0000
    4364   7.8026   9.3865  16.9047   0.0000   0.0000   0.0000
    4365   9.3299   8.7250  18.1350   0.0000   0.0000   0.0000
    4366   9.0152   9.6341  17.8775   0.0000   0.0000   0.0000
    4367  10.0863   9.6872  17.7519   0.0000   0.0000   0.0000
    4368   8.8213   9.4573  18.0035   0.0000   0.0000   0.0000
    4369   8.7264  10.2787  17.9212   0.0000   0.0000   0.0000
    4370   8.4305   9.7013  17.6399   0.0000   0.0000   0.0000
    4371   7.9176   9.7858  17.2514   0.0000   0.0000   0.0000
    4372   8.9680   9.2702  17.6304   0.0000   0.0000   0.0000
    4373   8.9607   8.9587  17.1323   0.0000   0.0000   0.0000
    4374   8.0735   8.5675  17.1020   0.0000   0.0000   0.0000
    4375   8.6317   8.6292  17.5112   0.0000   0.0000   0.0000
    4376   7.8693   7.8295  17.6971   0.0000   0.0000   0.0000
    4377   7.7544   8.5912  18.2548   0.0000   0.0000   0.0000
    4378   8.3735   9.0849  17.6659   0.0000   0.0000   0.0000
    4379   8.6155   8.9318  17.5327   0.0000   0.0000   0.0000
    4380   7.8535   8.7450  15.8784   0.0000   0.0000   0.0000
    4381   7.4152   8.5783  17.2565   0.0000   0.0000   0.0000
    4382   7.4446   8.6199  16.3669   0.0000   0.0000   0.0000
    4383   7.5242   9.1897  17.0387   0.0000   0.0000   0.0000
    4384   8.0714   9.4629  16.5153   0.0000   0.0000   0.0000
    4385   8.3383   9.7370  16.1813   0.0000   0.0000   0.0000
    4386   8.2854   9.6962  16.6697   0.0000   0.0000   0.0000
    4387   7.9335   9.4266  17.3036   0.0000   0.0000   0.0000
    4388   8.6739   9.2733  17.6973   0.0000   0.0000   0.0000
    4389   8.8601   9.6397  17.7238   0.0000   0.0000   0.0000
    4390   8.8784   9.9095  16.5909   0.0000   0.0000   0.0000
    4391   8.3645   9.0719  16.5134   0.0000   0.0000   0.0000
    4392   7.9536  10.8020  16.5459   0.0000   0.0000   0.0000
    4393   8.9966   9.4275  16.0826   0.0000   0.0000   0.0000
    4394   8.5322   9.3909  16.5324   0.0000   0.0000   0.0000
    4395   8.2586   9.6907  15.7400   0.0000   0.0000   0.0000
    4396   8.6119   9.9213  15.7008   0.0000   0.0000   0.0000
    4397   7.6017   9.0735  15.9820   0.0000   0.0000   0.0000
    4398   8.1788   9.2057  16.5737   0.0000   0.0000   0.0000
    4399   8.9405   9.7760  16.5183   0.0000   0.0000   0.0000
    4400   9.2736   9.3677  16.0929   0.0000   0.0000   0.0000
    4401   9.4961   9.7373  16.2851   0.0000   0.0000   0.0000
    4402   9.6240   9.6934  16.3181   0.0000   0.0000   0.0000
    4403   9.2919   9.1067  17.0090   0.0000   0.0000   0.0000
    4404   9.1106   9.5823  16.6787   0.0000   0.0000   0.0000
    4405   9.0298   9.8951  16.6489   0.0000   0.0000   0.0000
    4406   8.8148  10.6540  16.2925   0.0000   0.0000   0.0000
    4407   8.3103   9.5772  16.2425   0.0000   0.0000   0.0000
    4408   8.6418  10.1883  17.3901   0.0000   0.0000   0.0000
    4409   8.2120  10.0582  16.2364   0.0000   0.0000   0.0000
    4410   8.6336  10.4361  16.5692   0.0000   0.0000   0.0000
    4411   8.6854  11.2825  16.7282   0.0000   0.0000   0.0000
    4412   8.2241  10.5542  16.0131   0.0000   0.0000   0.0000
    4413   7.8312  10.1021  16.2068   0.0000   0.0000   0.0000
    4414   7.4093  10.5258  16.4172   0.0000   0.0000   0.0000
    4415   8.0780   9.6339  15.9616   0.0000   0.0000   0.0000
    4416   7.2482  10.1489  15.9654   0.0000   0.0000   0.0000
    4417   7.4262  11.1064  16.0252   0.0000   0.0000   0.0000
    4418   8.0869  10.8296  15.4672   0.0000   0.0000   0.0000
    4419   7.9304  10.6571  15.6958   0.0000   0.0000   0.0000
    4420   8.0502  10.9376  15.3991   0.0000   0.0000   0.0000
    4421   7.9624   9.2419  16.2527   0.0000   0.0000   0.0000
    4422   8.1356   9.5607  15.8610   0.0000   0.0000   0.0000
    4423   7.7034  10.0725  15.8206   0.0000   0.0000   0.0000
    4424   7.3983   9.9609  15.7263   0.0000   0.0000   0.0000
    4425   7.5712  10.0811  15.8005   0.0000   0.0000   0.0000
    4426   7.3436  10.7932  14.9535   0.0000   0.0000   0.0000
    4427   8.5257  10.4440  15.7880   0.0000   0.0000   0.0000
    4428   8.7426   9.9247  16.3474   0.0000   0.0000   0.0000
    4429   8.1499   9.7259  16.3867   0.0000   0.0000   0.0000
    4430   7.7908  10.0170  15.1584   0.0000   0.0000   0.0000
    4431   7.4245   9.2521  15.2910   0.0000   0.0000   0.0000
    4432   9.0044   9.6566  15.8954   0.0000   0.0000   0.0000
    4433   8.4421  10.2021  15.7897   0.0000   0.0000   0.0000
    4434   7.7699  10.5955  15.3928   0.0000   0.0000   0.0000
    4435   9.2204  10.3122  15.3162   0.0000   0.0000   0.0000
    4436   8.6986  10.1352  14.8625   0.0000   0.0000   0.0000
    4437   8.5821  10.0968  15.1889   0.0000   0.0000   0.0000
    4438   8.2018   9.4121  14.8847   0.0000   0.0000   0.0000
    4439   7.6511  10.7352  15.0679   0.0000   0.0000   0.0000
    4440   7.6513  10.9517  14.7828   0.0000   0.0000   0.0000
    4441   7.4486  10.0663  15.3064   0.0000   0.0000   0.0000
    4442   8.0660   9.5281  15.3214   0.0000   0.0000   0.0000
    4443   7.1029  10.4855  16.0210   0.0000   0.0000   0.0000
    4444   7.3833  10.7982  15.3721   0.0000   0.0000   0.0000
    4445   7.3450  10.8127  16.0437   0.0000   0.0000   0.0000
    4446   6.8869  10.3797  15.9397   0.0000   0.0000   0.0000
    4447   6.9098  10.5299  15.6717   0.0000   0.0000   0.0000
    4448   7.2513  10.0974  16.1933   0.0000   0.0000   0.0000
    4449   6.8805  10.6178  15.6980   0.0000   0.0000   0.0000
    4450   7.4402  10.8378  16.3047   0.0000   0.0000   0.0000
    4451   7.8309   9.8075  16.8633   0.0000   0.0000   0.0000
    4452   7.0542  10.9073  16.9492   0.0000   0.0000   0.0000
    4453   7.0977  10.8501  16.1152   0.0000   0.0000   0.0000
    4454   7.2956  10.1517  15.6649   0.0000   0.0000   0.0000
    4455   6.9344  10.4691  16.5645   0.0000   0.0000   0.0000
    4456   7.0882  10.2767  16.1374   0.0000   0.0000   0.0000
    4457   7.5255  10.6778  16.3883   0.0000   0.0000   0.0000
    4458   7.2098   9.5085  16.4869   0.0000   0.0000   0.0000
    4459   7.1678   9.4799  16.1314   0.0000   0.0000   0.0000
    4460   7.5795   9.5719  15.5510   0.0000   0.0000   0.0000
    4461   8.0703   9.4748  15.4910   0.0000   0.0000   0.0000
    4462   7.3483   9.9173  16.1685   0.0000   0.0000   0.0000
    4463   7.4486   9.8448  15.8572   0.0000   0.0000   0.0000
    4464   7.9415   9.2498  15.9746   0.0000   0.0000   0.0000
    4465   7.5108  10.2390  15.5221   0.0000   0.0000   0.0000
    4466   7.4926   9.8526  15.9462   0.0000   0.0000   0.0000
    4467   7.6739   9.4481  16.4319   0.0000   0.0000   0.0000
    4468   8.1128  10.4971  16.1124   0.0000   0.0000   0.0000
    4469   7.2732   9.7638  16.5444   0.0000   0.0000   0.0000
    4470   7.6657   9.5987  16.2701   0.0000   0.0000   0.0000
    4471   6.8912  10.3169  16.6486   0.0000   0.0000   0.0000
    4472   7.5964  10.0424  16.8503   0.0000   0.0000   0.0000
    4473   7.9455  10.3706  16.6429   0.0000   0.0000   0.0000
    4474   7.5382  10.6283  16.3806   0.0000   0.0000   0.0000
    4475   7.1044  10.5177  16.4559   0.0000   0.0000   0.0000
    4476   7.3405  10.8475  15.9758   0.0000   0.0000   0.0000
    4477   6.0927  10.8002  15.9747   0.0000   0.0000   0.0000
    4478   7.0557   9.7252  15.5260   0.0000   0.0000   0.0000
    4479   6.8005  11.0519  15.1730   0.0000   0.0000   0.0000
    4480   6.5004  11.7533  15.5274   0.0000   0.0000   0.0000
    4481   6.5190  11.1019  15.2827   0.0000   0.0000   0.0000
    4482   5.9834  10.8259  15.2465   0.0000   0.0000   0.0000
    4483   6.6921  10.9001  15.7908   0.0000   0.0000   0.0000
    4484   5.8968  10.6018  15.7898   0.0000   0.0000   0.0000
    4485   5.5239  10.3663  16.0584   0.0000   0.0000   0.0000
    4486   6.4085  10.4843  16.1848   0.0000   0.0000   0.0000
    4487   6.4809  10.8138  15.6992   0.0000   0.0000   0.0000
    4488   6.4565  10.9587  15.9785   0.0000   0.0000   0.0000
    4489   6.3122  10.5296  15.8761   0.0000   0.0000   0.0000
    4490   5.9234   9.8285  16.2710   0.0000   0.0000   0.0000
    4491   7.3604  10.5098  14.7681   0.0000   0.0000   0.0000
    4492   5.8566  10.5559  15.5890   0.0000   0.0000   0.0000
    4493   5.5824  10.3738  14.7858   0.0000   0.0000   0.0000
    4494   5.9674  10.3729  15.3236   0.0000   0.0000   0.0000
    4495   5.7023   9.7125  15.7409   0.0000   0.0000   0.0000
    4496   5.7806  10.4473  16.0431   0.0000   0.0000   0.0000
    4497   5.7185  10.3641  14.9417   0.0000   0.0000   0.0000
    4498   6.0106   9.4440  16.2874   0.0000   0.0000   0.0000
    4499   6.3166   9.3144  16.1566   0.0000   0.0000   0.0000
    4500   5.7042   9.2626  16.1096   0.0000   0.0000   0.0000
    4501   4.8592   9.4184  16.3987   0.0000   0.0000   0.0000
    4502   5.4163  10.3323  15.6582   0.0000   0.0000   0.0000
    4503   5.3856  10.1791  15.9312   0.0000   0.0000   0.0000
    4504   4.6203  10.5309  15.4990   0.0000   0.0000   0.0000
    4505   6.0873  10.3648  15.1635   0.0000   0.0000   0.0000
    4506   5.8161  10.0979  14.8601   0.0000   0.0000   0.0000
    4507   5.7383   9.6484  15.3270   0.0000   0.0000   0.0000
    4508   5.5540  10.0466  14.6135   0.0000   0.0000   0.0000
    4509   6.5863   9.3621  14.8525   0.0000   0.0000   0.0000
    4510   6.8533   9.5402  15.0174   0.0000   0.0000   0.0000
    4511   6.9297   9.8255  14.7096   0.0000   0.0000   0.0000
    4512   6.7755   9.9136  14.4899   0.0000   0.0000   0.0000
    4513   6.1025  10.2255  14.6262   0.0000   0.0000   0.0000
    4514   6.6304   9.5969  15.6048   0.0000   0.0000   0.0000
    4515   6.2847   8.9804  15.5775   0.0000   0.0000   0.0000
    4516   6.4913   9.7614  15.0994   0.0000   0.0000   0.0000
    4517   6.3032  10.0237  14.3347   0.0000   0.0000   0.0000
    4518   6.4652  10.3584  14.4974   0.0000   0.0000   0.0000
    4519   7.1377   9.7124  15.1478   0.0000   0.0000   0.0000
    4520   6.1866   9.7863  14.6681   0.0000   0.0000   0.0000
    4521   6.5004   9.9008  14.6354   0.0000   0.0000   0.0000
    4522   6.6836  10.5095  14.1250   0.0000   0.0000   0.0000
    4523   7.3319  10.3642  14.4583   0.0000   0.0000   0.0000
    4524   8.2794   9.9719  14.4105   0.0000   0.0000   0.0000
    4525   7.4126  10.1624  14.7103   0.0000   0.0000   0.0000
    4526   7.8129   9.8490  14.7550   0.0000   0.0000   0.0000
    4527   7.6965   9.6872  13.9182   0.0000   0.0000   0.0000
    4528   7.2198   9.4943  15.3400   0.0000   0.0000   0.0000
    4529   7.1487   9.5224  15.4955   0.0000   0.0000   0.0000
    4530   7.0461  10.1333  14.8055   0.0000   0.0000   0.0000
    4531   7.0815   9.4441  15.2214   0.0000   0.0000   0.0000
    4532   7.3844   9.0785  15.2258   0.0000   0.0000   0.0000
    4533   7.1975   9.2747  15.4461   0.0000   0.0000   0.0000
    4534   6.2930   9.4941  15.0814   0.0000   0.0000   0.0000
    4535   6.7525  10.2535  15.6406   0.0000   0.0000   0.0000
    4536   7.7591   8.9723  15.7837   0.0000   0.0000   0.0000
    4537   6.9768   9.3155  16.6804   0.0000   0.0000   0.0000
    4538   6.5495   9.8864  15.9505   0.0000   0.0000   0.0000
    4539   6.5743   9.0917  15.5417   0.0000   0.0000   0.0000
    4540   7.1018   8.9676  15.7150   0.0000   0.0000   0.0000
    4541   6.8386   8.3497  14.8064   0.0000   0.0000   0.0000
    4542   6.9386   9.3316  16.5445   0.0000   0.0000   0.0000
    4543   7.0414   9.2465  16.9559   0.0000   0.0000   0.0000
    4544   7.1455   9.2322  16.3039   0.0000   0.0000   0.0000
    4545   7.2449   8.8772  15.5372   0.0000   0.0000   0.0000
    4546   7.3340   9.6480  16.1703   0.0000   0.0000   0.0000
    4547   7.1603   9.6546  15.9948   0.0000   0.0000   0.0000
    4548   7.5106  10.4029  15.6826   0.0000   0.0000   0.0000
    4549   6.1915   9.9393  15.4945   0.0000   0.0000   0.0000
    4550   6.9313  10.3314  15.8722   0.0000   0.0000   0.0000
    4551   7.5206   9.9803  15.9809   0.0000   0.0000   0.0000
    4552   7.8626   9.0541  16.3389   0.0000   0.0000   0.0000
    4553   8.0369   8.9280  16.5898   0.0000   0.0000   0.0000
    4554   7.6518   9.4406  15.9910   0.0000   0.0000   0.0000
    4555   6.3780   9.5772  16.5933   0.0000   0.0000   0.0000
    4556   6.6133   8.6886  16.4307   0.0000   0.0000   0.0000
    4557   5.7964   9.4784  16.4156   0.0000   0.0000   0.0000
    4558   6.6837   9.1287  16.5898   0.0000   0.0000   0.0000
    4559   6.2014   9.0019  16.6222   0.0000   0.0000   0.0000
    4560   5.6774   9.8731  16.2821   0.0000   0.0000   0.0000
    4561   7.4467  10.0350  15.9405   0.0000   0.0000   0.0000
    4562   8.5041   9.6411  16.4580   0.0000   0.0000   0.0000
    4563   7.0405   9.5686  15.9951   0.0000   0.0000   0.0000
    4564   6.4318   9.4014  16.7642   0.0000   0.0000   0.0000
    4565   6.8509   9.2214  15.6018   0.0000   0.0000   0.0000
    4566   7.3331   9.3704  15.8977   0.0000   0.0000   0.0000
    4567   7.0932   9.3775  16.5154   0.0000   0.0000   0.0000
    4568   7.5481  10.1361  16.5669   0.0000   0.0000   0.0000
    4569   7.1972   9.7895  16.6410   0.0000   0.0000   0.0000
    4570   7.8413   8.6378  16.0725   0.0000   0.0000   0.0000
    4571   7.3412   9.2939  16.4582   0.0000   0.0000   0.0000
    4572   6.8735   9.0606  16.4668   0.0000   0.0000   0.0000
    4573   7.8877   7.9772  15.7576   0.0000   0.0000   0.0000
    4574   7.7887   9.0327  16.2089   0.0000   0.0000   0.0000
    4575   8.1824   9.4581  16.4407   0.0000   0.0000   0.0000
    4576   7.9625   9.1064  17.2990   0.0000   0.0000   0.0000
    4577   6.9216   9.5304  16.4790   0.0000   0.0000   0.0000
    4578   6.8087   9.6720  16.4778   0.0000   0.0000   0.0000
    4579   6.1038   9.7720  16.7031   0.0000   0.0000   0.0000
    4580   6.3686   9.0574  17.5373   0.0000   0.0000   0.0000
    4581   6.5666   9.9462  17.1573   0.0000   0.0000   0.0000
    4582   7.8153   9.2459  16.3991   0.0000   0.0000   0.0000
    4583   7.1130   9.3061  16.8206   0.0000   0.0000   0.0000
    4584   7.4724   9.7425  16.0983   0.0000   0.0000   0.0000
    4585   7.1674   8.5841  16.8156   0.0000   0.0000   0.0000
    4586   8.0053   8.6392  16.2257   0.0000   0.0000   0.0000
    4587   7.6609   9.5764  16.6472   0.0000   0.0000   0.0000
    4588   7.5974   9.7008  16.0990   0.0000   0.0000   0.0000
    4589   7.8440   9.9947  16.4077   0.0000   0.0000   0.0000
    4590   8.1683  10.2957  15.9241   0.0000   0.0000   0.0000
    4591   7.8424   9.4831  16.7442   0.0000   0.0000   0.0000
    4592   8.1007  10.1977  16.5377   0.0000   0.0000   0.0000
    4593   7.6152   9.8135  17.2166   0.0000   0.0000   0.0000
    4594   6.4942   9.8482  16.4275   0.0000   0.0000   0.0000
    4595   6.6956  10.1354  16.4710   0.0000   0.0000   0.0000
    4596   6.2150   9.7623  15.5134   0.0000   0.0000   0.0000
    4597   6.3121   9.6643  15.8712   0.0000   0.0000   0.0000
    4598   7.2638   9.9820  15.6389   0.0000   0.0000   0.0000
    4599   6.6846   9.4297  16.0275   0.0000   0.0000   0.0000
    4600   6.1717   9.6960  15.7573   0.0000   0.0000   0.0000
    4601   5.4147   9.7596  15.7826   0.0000   0.0000   0.0000
    4602   6.0347   9.7490  15.3894   0.0000   0.0000   0.0000
    4603   5.8315   9.1897  16.3690   0.0000   0.0000   0.0000
    4604   6.9157  10.1980  16.3431   0.0000   0.0000   0.0000
    4605   5.9843  10.1945  16.4654   0.0000   0.0000   0.0000
    4606   6.4872  10.1121  16.2350   0.0000   0.0000   0.0000
    4607   7.2951  10.1021  15.5547   0.0000   0.0000   0.0000
    4608   6.7205  10.6142  16.3800   0.0000   0.0000   0.0000
    4609   6.0054  10.3256  15.8905   0.0000   0.0000   0.0000
    4610   6.7053  10.3838  15.4276   0.0000   0.0000   0.0000
    4611   7.3664   9.9321  14.8636   0.0000   0.0000   0.0000
    4612   7.0205   9.2460  14.2976   0.0000   0.0000   0.0000
    4613   7.0627   9.0605  15.5131   0.0000   0.0000   0.0000
    4614   6.6366  10.1815  14.4578   0.0000   0.0000   0.0000
    4615   6.8204   9.9681  15.1380   0.0000   0.0000   0.0000
    4616   6.7816   9.7640  14.5466   0.0000   0.0000   0.0000
    4617   6.5048   9.9802  14.5223   0.0000   0.0000   0.0000
    4618   5.6778   9.9415  14.3520   0.0000   0.0000   0.0000
    4619   6.1112  10.1077  14.2166   0.0000   0.0000   0.0000
    4620   5.8636  10.2793  15.0612   0.0000   0.0000   0.0000
    4621   5.8405   9.8681  14.7627   0.0000   0.0000   0.0000
    4622   6.4031  10.9022  14.7622   0.0000   0.0000   0.0000
    4623   6.6339  10.7958  14.2778   0.0000   0.0000   0.0000
    4624   6.0826  11.3864  14.2637   0.0000   0.0000   0.0000
    4625   6.1931  10.2517  15.2147   0.0000   0.0000   0.0000
    4626   5.7549  10.6726  14.7802   0.0000   0.0000   0.0000
    4627   6.2472  11.0047  15.5840   0.0000   0.0000   0.0000
    4628   5.4383  10.6365  15.6891   0.0000   0.0000   0.0000
    4629   5.3057  10.4083  14.9587   0.0000   0.0000   0.0000
    4630   6.1547  10.7965  14.7337   0.0000   0.0000   0.0000
    4631   5.5084  10.1983  15.3588   0.0000   0.0000   0.0000
    4632   5.8570  10.7256  14.6624   0.0000   0.0000   0.0000
    4633   6.6385   9.9622  14.8981   0.0000   0.0000   0.0000
    4634   6.7015  10.6060  15.4635   0.0000   0.0000   0.0000
    4635   7.0367  10.1633  15.2705   0.0000   0.0000   0.0000
    4636   5.6782  10.1815  15.2642   0.0000   0.0000   0.0000
    4637   7.1442  10.1547  15.1078   0.0000   0.0000   0.0000
    4638   6.2954  10.1137  14.5063   0.0000   0.0000   0.0000
    4639   7.3164  10.1076  14.4442   0.0000   0.0000   0.0000
    4640   6.0982   9.8305  14.7651   0.0000   0.0000   0.0000
    4641   6.6450   9.6746  13.9813   0.0000   0.0000   0.0000
    4642   5.7399   9.7431  14.5180   0.0000   0.0000   0.0000
    4643   7.0600   9.4078  13.8721   0.0000   0.0000   0.0000
    4644   6.5771   9.3326  14.9263   0.0000   0.0000   0.0000
    4645   6.6746  10.2795  15.1173   0.0000   0.0000   0.0000
    4646   7.1972  10.4754  14.3818   0.0000   0.0000   0.0000
    4647   6.8655  10.7920  14.4805   0.0000   0.0000   0.0000
    4648   7.5915  10.0716  13.3008   0.0000   0.0000   0.0000
    4649   6.7294  10.8982  14.3120   0.0000   0.0000   0.0000
    4650   5.5981  10.5384  14.6043   0.0000   0.0000   0.0000
    4651   5.6447  10.0164  15.1832   0.0000   0.0000   0.0000
    4652   7.0605   9.6463  14.9086   0.0000   0.0000   0.0000
    4653   6.1586   8.6523  16.5222   0.0000   0.0000   0.0000
    4654   4.9411   8.5196  15.3470   0.0000   0.0000   0.0000
    4655   4.9151   9.2413  15.2494   0.0000   0.0000   0.0000
    4656   5.0773   8.9595  15.7203   0.0000   0.0000   0.0000
    4657   5.5724   9.3388  15.0376   0.0000   0.0000   0.0000
    4658   6.2581   9.4277  14.9600   0.0000   0.0000   0.0000
    4659   6.6955   8.4080  15.2436   0.0000   0.0000   0.0000
    4660   7.2368   9.3353  15.8439   0.0000   0.0000   0.0000
    4661   5.5274   8.1638  15.4926   0.0000   0.0000   0.0000
    4662   6.9646   8.2049  15.5698   0.0000   0.0000   0.0000
    4663   6.1064   7.9849  14.8745   0.0000   0.0000   0.0000
    4664   6.4425   7.5570  15.4722   0.0000   0.0000   0.0000
    4665   6.0141   7.6660  15.0659   0.0000   0.0000   0.0000
    4666   5.4808   8.2703  15.8776   0.0000   0.0000   0.0000
    4667   5.7898   9.0787  15.7078   0.0000   0.0000   0.0000
    4668   5.0971   8.3262  16.4221   0.0000   0.0000   0.0000
    4669   6.1146   8.6258  15.5953   0.0000   0.0000   0.0000
    4670   5.7122   9.0543  16.1320   0.0000   0.0000   0.0000
    4671   6.2165   9.1949  16.4037   0.0000   0.0000   0.0000
    4672   6.9235   9.3050  15.2535   0.0000   0.0000   0.0000
    4673   6.6597   9.5984  16.2192   0.0000   0.0000   0.0000
    4674   6.0167   9.6334  15.9989   0.0000   0.0000   0.0000
    4675   5.5375   9.7950  15.5130   0.0000   0.0000   0.0000
    4676   6.8539   8.5124  16.6020   0.0000   0.0000   0.0000
    4677   5.9845   7.9434  15.8193   0.0000   0.0000   0.0000
    4678   5.6246   8.8137  15.4618   0.0000   0.0000   0.0000
    4679   5.8577   8.9549  15.9064   0.0000   0.0000   0.0000
    4680   6.0492   9.7311  16.4042   0.0000   0.0000   0.0000
    4681   5.9386   9.7719  15.7267   0.0000   0.0000   0.0000
    4682   5.2647   8.9575  16.0318   0.0000   0.0000   0.0000
    4683   6.5056   9.7451  15.3508   0.0000   0.0000   0.0000
    4684   5.7399   9.4278  15.8532   0.0000   0.0000   0.0000
    4685   4.9205   8.2198  16.5701   0.0000   0.0000   0.0000
    4686   5.5527   9.1441  16.7680   0.0000   0.0000   0.0000
    4687   6.8542   9.6528  16.2371   0.0000   0.0000   0.0000
    4688   6.5838   9.2199  17.3394   0.0000   0.0000   0.0000
    4689   5.5379   9.5366  16.6002   0.0000   0.0000   0.0000
    4690   6.9972   9.2962  16.9597   0.0000   0.0000   0.0000
    4691   6.7718   8.6830  17.7720   0.0000   0.0000   0.0000
    4692   6.8153   9.2388  17.0653   0.0000   0.0000   0.0000
    4693   5.1390  10.0232  17.2313   0.0000   0.0000   0.0000
    4694   6.0257   9.1490  16.4586   0.0000   0.0000   0.0000
    4695   6.7913   8.6833  17.2632   0.0000   0.0000   0.0000
    4696   6.5549   8.5760  16.4728   0.0000   0.0000   0.0000
    4697   6.9120   9.3581  16.5965   0.0000   0.0000   0.0000
    4698   6.4599   9.5872  15.5016   0.0000   0.0000   0.0000
    4699   7.0161   9.1563  15.4992   0.0000   0.0000   0.0000
    4700   7.6668   8.9378  16.1871   0.0000   0.0000   0.0000
    4701   6.5857   9.9362  15.5093   0.0000   0.0000   0.0000
    4702   7.2487  10.3978  15.8915   0.0000   0.0000   0.0000
    4703   7.5973   9.5328  16.0864   0.0000   0.0000   0.0000
    4704   7.4431   9.6945  16.2822   0.0000   0.0000   0.0000
    4705   7.4982   9.8081  14.9686   0.0000   0.0000   0.0000
    4706   8.4945   9.3281  16.8616   0.0000   0.0000   0.0000
    4707   6.8771   9.8336  16.3568   0.0000   0.0000   0.0000
    4708   7.1828   9.5418  16.1299   0.0000   0.0000   0.0000
    4709   5.9816   9.9459  15.9104   0.0000   0.0000   0.0000
    4710   5.9989  10.3480  15.4743   0.0000   0.0000   0.0000
    4711   6.7819   9.1600  15.8771   0.0000   0.0000   0.0000
    4712   7.8098   9.2502  15.4582   0.0000   0.0000   0.0000
    4713   6.6550  10.5085  15.8096   0.0000   0.0000   0.0000
    4714   6.7882   9.8463  14.9205   0.0000   0.0000   0.0000
    4715   6.5167  10.2129  14.6204   0.0000   0.0000   0.0000
    4716   7.0722   9.6363  14.5857   0.0000   0.0000   0.0000
    4717   5.8209   9.3155  15.6142   0.0000   0.0000   0.0000
    4718   6.0456  10.0023  15.8792   0.0000   0.0000   0.0000
    4719   6.7355   9.4980  15.7612   0.0000   0.0000   0.0000
    4720   6.5300   9.4833  15.3210   0.0000   0.0000   0.0000
    4721   6.5828  10.6603  15.7200   0.0000   0.0000   0.0000
    4722   6.7274  10.3037  15.5792   0.0000   0.0000   0.0000
    4723   6.7704  11.1264  15.6262   0.0000   0.0000   0.0000
    4724   6.0887  11.4151  15.0242   0.0000   0.0000   0.0000
    4725   6.5803  11.6734  14.7094   0.0000   0.0000   0.0000
    4726   7.4529  10.8229  15.2251   0.0000   0.0000   0.0000
    4727   7.7759  10.4858  15.3729   0.0000   0.0000   0.0000
    4728   7.4768  10.7688  15.6687   0.0000   0.0000   0.0000
    4729   7.4171  11.3933  15.5574   0.0000   0.0000   0.0000
    4730   7.1502  11.3228  15.6880   0.0000   0.0000   0.0000
    4731   7.1918  11.0318  15.4248   0.0000   0.0000   0.0000
    4732   6.8159  11.0176  16.5045   0.0000   0.0000   0.0000
    4733   8.4557  11.3770  16.6089   0.0000   0.0000   0.0000
    4734   7.7141  10.6530  16.3961   0.0000   0.0000   0.0000
    4735   8.2604  11.2527  15.2249   0.0000   0.0000   0.0000
    4736   6.9524  11.1103  15.1061   0.0000   0.0000   0.0000
    4737   7.2700  11.2272  15.2650   0.0000   0.0000   0.0000
    4738   7.7918  10.5989  14.9109   0.0000   0.0000   0.0000
    4739   7.8944  10.7998  14.4853   0.0000   0.0000   0.0000
    4740   8.3367  10.9059  15.5714   0.0000   0.0000   0.0000
    4741   7.4123  11.2072  14.9402   0.0000   0.0000   0.0000
    4742   7.3340  10.5110  15.3596   0.0000   0.0000   0.0000
    4743   7.7569   9.7716  15.0739   0.0000   0.0000   0.0000
    4744   7.0248   9.3438  15.2646   0.0000   0.0000   0.0000
    4745   7.5687   9.2205  13.9640   0.0000   0.0000   0.0000
    4746   7.9878   9.6079  14.5274   0.0000   0.0000   0.0000
    4747   8.2330   9.4610  14.5959   0.0000   0.0000   0.0000
    4748   7.2180   9.2936  15.6378   0.0000   0.0000   0.0000
    4749   7.8250   9.6214  15.0678   0.0000   0.0000   0.0000
    4750   7.3140  10.3902  15.7226   0.0000   0.0000   0.0000
    4751   6.7062  10.5089  15.6846   0.0000   0.0000   0.0000
    4752   7.0178  10.5769  15.9204   0.0000   0.0000   0.0000
    4753   6.9949   9.8462  15.5829   0.0000   0.0000   0.0000
    4754   7.1865  10.6705  16.6790   0.0000   0.0000   0.0000
    4755   7.4813  10.5380  16.0682   0.0000   0.0000   0.0000
    4756   7.2454   9.5645  16.6668   0.0000   0.0000   0.0000
    4757   7.4605   9.8490  16.0724   0.0000   0.0000   0.0000
    4758   8.4927   9.7140  15.6661   0.0000   0.0000   0.0000
    4759   7.5320  10.5333  16.3900   0.0000   0.0000   0.0000
    4760   7.8277  10.1458  15.8251   0.0000   0.0000   0.0000
    4761   6.7572   9.6038  16.1388   0.0000   0.0000   0.0000
    4762   6.7250   9.6292  14.9429   0.0000   0.0000   0.0000
    4763   7.4521  10.2724  15.2304   0.0000   0.0000   0.0000
    4764   7.3240   9.8270  15.7856   0.0000   0.0000   0.0000
    4765   7.9738  10.0764  15.5950   0.0000   0.0000   0.0000
    4766   7.9410  10.1849  16.0658   0.0000   0.0000   0.0000
    4767   8.6191  10.4000  16.1696   0.0000   0.0000   0.0000
    4768   8.0729   9.9991  16.1545   0.0000   0.0000   0.0000
    4769   8.7695   9.8280  16.1400   0.0000   0.0000   0.0000
    4770   8.4038   9.4643  16.2097   0.0000   0.0000   0.0000
    4771   7.8031  10.4166  15.9327   0.0000   0.0000   0.0000
    4772   7.9387   9.5037  15.7304   0.0000   0.0000   0.0000
    4773   7.3045  10.0448  15.8393   0.0000   0.0000   0.0000
    4774   8.9120  10.1450  15.6981   0.0000   0.0000   0.0000
    4775   7.9871  10.0218  14.8775   0.0000   0.0000   0.0000
    4776   7.4147  10.1383  14.6742   0.0000   0.0000   0.0000
    4777   7.4336  11.1266  14.7681   0.0000   0.0000   0.0000
    4778   6.6726   9.2473  14.8331   0.0000   0.0000   0.0000
    4779   7.1249   9.4544  15.7921   0.0000   0.0000   0.0000
    4780   6.6055   9.2520  15.5581   0.0000   0.0000   0.0000
    4781   7.5891   9.8581  15.3142   0.0000   0.0000   0.0000
    4782   7.6639   9.2958  14.9532   0.0000   0.0000   0.0000
    4783   8.4352  10.0332  14.7672   0.0000   0.0000   0.0000
    4784   8.1588  10.0121  15.3040   0.0000   0.0000   0.0000
    4785   7.5404   9.9050  14.8913   0.0000   0.0000   0.0000
    4786   6.6616   9.5206  14.7380   0.0000   0.0000   0.0000
    4787   7.0110  10.0737  14.6028   0.0000   0.0000   0.0000
    4788   6.7963   9.3831  15.5679   0.0000   0.0000   0.0000
    4789   7.7146   9.5645  15.3615   0.0000   0.0000   0.0000
    4790   7.3545   9.6803  15.3387   0.0000   0.0000   0.0000
    4791   8.1445   9.5940  14.8044   0.0000   0.0000   0.0000
    4792   8.4141   9.7156  15.3933   0.0000   0.0000   0.0000
    4793   7.7284   9.4406  15.2269   0.0000   0.0000   0.0000
    4794   7.7784   9.9908  14.8738   0.0000   0.0000   0.0000
    4795   6.7998   9.4679  15.2641   0.0000   0.0000   0.0000
    4796   6.8829  10.5166  15.6833   0.0000   0.0000   0.0000
    4797   7.3528   9.7744  15.9039   0.0000   0.0000   0.0000
    4798   7.1022  10.1977  15.8107   0.0000   0.0000   0.0000
    4799   7.3546  10.5218  15.9067   0.0000   0.0000   0.0000
    4800   7.1265  10.4816  14.7803   0.0000   0.0000   0.0000
    4801   7.1600  10.1944  14.9045   0.0000   0.0000   0.0000
    4802   7.1093  10.4904  16.2203   0.0000   0.0000   0.0000
    4803   6.8149  10.6784  15.1333   0.0000   0.0000   0.0000
    4804   8.1418  10.1392  15.1943   0.0000   0.0000   0.0000
    4805   8.2094  10.7851  15.7426   0.0000   0.0000   0.0000
    4806   8.1393  10.9068  16.1229   0.0000   0.0000   0.0000
    4807   6.8917  10.4754  16.5412   0.0000   0.0000   0.0000
    4808   7.4242  11.2110  16.7380   0.0000   0.0000   0.0000
    4809   6.6024  10.8307  16.4220   0.0000   0.0000   0.0000
    4810   7.1919  10.8469  16.2583   0.0000   0.0000   0.0000
    4811   6.9368  10.2222  16.7662   0.0000   0.0000   0.0000
    4812   7.5851  10.3428  16.6253   0.0000   0.0000   0.0000
    4813   6.4848  10.2166  16.6121   0.0000   0.0000   0.0000
    4814   8.1693  10.5246  16.6580   0.0000   0.0000   0.0000
    4815   7.3660  10.2447  17.0179   0.0000   0.0000   0.0000
    4816   7.2160   9.4695  17.4966   0.0000   0.0000   0.0000
    4817   6.6065   9.5099  18.0611   0.0000   0.0000   0.0000
    4818   6.3040   9.7538  17.6882   0.0000   0.0000   0.0000
    4819   7.0495  10.2706  18.6258   0.0000   0.0000   0.0000
    4820   5.8200  10.4848  18.7061   0.0000   0.0000   0.0000
    4821   6.2927  11.4945  17.1775   0.0000   0.0000   0.0000
    4822   6.4773  11.4047  16.9730   0.0000   0.0000   0.0000
    4823   7.1470  11.6109  17.4431   0.0000   0.0000   0.0000
    4824   6.3479  12.2969  17.2809   0.0000   0.0000   0.0000
    4825   7.2776  11.4178  16.7891   0.0000   0.0000   0.0000
    4826   7.5110  11.1166  16.7238   0.0000   0.0000   0.0000
    4827   7.1184  11.5837  16.6454   0.0000   0.0000   0.0000
    4828   6.6107  10.7959  16.4454   0.0000   0.0000   0.0000
    4829   5.5158  11.1215  16.4348   0.0000   0.0000   0.0000
    4830   6.0561  11.4915  16.1085   0.0000   0.0000   0.0000
    4831   5.6289  11.5930  16.1189   0.0000   0.0000   0.0000
    4832   6.7234  11.8715  16.7316   0.0000   0.0000   0.0000
    4833   7.2328  11.4296  16.6634   0.0000   0.0000   0.0000
    4834   6.9377  11.1895  16.7868   0.0000   0.0000   0.0000
    4835   8.0050  11.2006  16.8430   0.0000   0.0000   0.0000
    4836   7.3449  11.2212  16.8203   0.0000   0.0000   0.0000
    4837   7.6563  11.6232  16.5091   0.0000   0.0000   0.0000
    4838   7.4646  10.8284  16.4988   0.0000   0.0000   0.0000
    4839   7.4758  11.3891  16.0673   0.0000   0.0000   0.0000
    4840   6.5578  11.7464  15.8998   0.0000   0.0000   0.0000
    4841   6.3465  11.7766  15.6150   0.0000   0.0000   0.0000
    4842   7.0497  12.1330  14.8958   0.0000   0.0000   0.0000
    4843   7.4630  11.6762  15.2155   0.0000   0.0000   0.0000
    4844   7.0018  11.3452  15.2365   0.0000   0.0000   0.0000
    4845   6.6692  11.7933  15.7510   0.0000   0.0000   0.0000
    4846   6.8754  11.1760  15.2807   0.0000   0.0000   0.0000
    4847   6.8194  10.9532  15.2225   0.0000   0.0000   0.0000
    4848   7.7301  11.1792  15.3605   0.0000   0.0000   0.0000
    4849   7.0330  11.6765  15.9475   0.0000   0.0000   0.0000
    4850   7.2714  11.2343  16.0621   0.0000   0.0000   0.0000
    4851   7.2297  10.8102  15.4376   0.0000   0.0000   0.0000
    4852   7.4787  11.0315  15.7694   0.0000   0.0000   0.0000
    4853   7.0915  10.3496  15.4634   0.0000   0.0000   0.0000
    4854   7.1559  11.1408  15.8584   0.0000   0.0000   0.0000
    4855   6.9990  10.4925  16.2648   0.0000   0.0000   0.0000
    4856   6.7405  11.6113  16.3044   0.0000   0.0000   0.0000
    4857   6.4408  12.0180  16.4028   0.0000   0.0000   0.0000
    4858   6.7199  11.7901  17.3780   0.0000   0.0000   0.0000
    4859   5.0821  12.5306  17.0809   0.0000   0.0000   0.0000
    4860   6.7359  11.5518  16.2999   0.0000   0.0000   0.0000
    4861   7.3741  12.3259  16.3728   0.0000   0.0000   0.0000
    4862   7.6903  12.0358  16.0710   0.0000   0.0000   0.0000
    4863   6.5990  11.6084  16.2247   0.0000   0.0000   0.0000
    4864   6.5306  11.6780  15.4635   0.0000   0.0000   0.0000
    4865   5.7608  11.1897  16.2997   0.0000   0.0000   0.0000
    4866   6.8956  12.3450  16.0167   0.0000   0.0000   0.0000
    4867   7.1165  12.5017  16.1637   0.0000   0.0000   0.0000
    4868   6.7666  11.4105  16.3210   0.0000   0.0000   0.0000
    4869   5.9037  12.1786  16.1346   0.0000   0.0000   0.0000
    4870   5.8944  12.3124  16.2246   0.0000   0.0000   0.0000
    4871   5.8149  12.7445  15.2937   0.0000   0.0000   0.0000
    4872   5.4182  11.7841  14.8454   0.0000   0.0000   0.0000
    4873   5.1820  11.2069  13.8803   0.0000   0.0000   0.0000
    4874   6.1316  10.9167  14.5685   0.0000   0.0000   0.0000
    4875   6.0590  11.1368  13.8958   0.0000   0.0000   0.0000
    4876   6.7511  11.1981  13.8098   0.0000   0.0000   0.0000
    4877   5.5372  10.6272  14.4734   0.0000   0.0000   0.0000
    4878   6.8485  10.7628  14.9138   0.0000   0.0000   0.0000
    4879   6.0425  10.2919  13.4694   0.0000   0.0000   0.0000
    4880   7.3754  10.1064  14.1310   0.0000   0.0000   0.0000
    4881   5.4788  10.5650  13.9157   0.0000   0.0000   0.0000
    4882   6.2789  10.7957  14.2302   0.0000   0.0000   0.0000
    4883   6.9966  10.7709  14.0801   0.0000   0.0000   0.0000
    4884   5.9914  11.2572  13.6800   0.0000   0.0000   0.0000
    4885   5.6343  10.8663  13.1979   0.0000   0.0000   0.0000
    4886   5.7596  12.0862  14.2080   0.0000   0.0000   0.0000
    4887   5.7946  11.4925  14.0995   0.0000   0.0000   0.0000
    4888   6.0612  11.9432  13.3386   0.0000   0.0000   0.0000
    4889   5.1729  10.9710  13.6981   0.0000   0.0000   0.0000
    4890   5.1632  10.7196  14.6607   0.0000   0.0000   0.0000
    4891   5.8219  10.9367  15.0833   0.0000   0.0000   0.0000
    4892   5.6399  11.4859  14.8707   0.0000   0.0000   0.0000
    4893   5.3903  10.6946  14.4631   0.0000   0.0000   0.0000
    4894   5.8529  10.3559  15.1628   0.0000   0.0000   0.0000
    4895   5.9739  10.6695  14.8013   0.0000   0.0000   0.0000
    4896   6.4660  11.2556  14.4697   0.0000   0.0000   0.0000
    4897   6.2779  10.8645  14.7260   0.0000   0.0000   0.0000
    4898   6.0195  10.7383  15.5423   0.0000   0.0000   0.0000
    4899   5.7104  11.7543  15.3784   0.0000   0.0000   0.0000
    4900   6.3153  11.0824  15.6951   0.0000   0.0000   0.0000
    4901   5.8939  10.8611  14.7843   0.0000   0.0000   0.0000
    4902   6.0000  10.3286  14.7693   0.0000   0.0000   0.0000
    4903   6.3591  10.7245  14.7488   0.0000   0.0000   0.0000
    4904   6.2050  10.9454  15.6498   0.0000   0.0000   0.0000
    4905   5.4518  12.4463  14.9445   0.0000   0.0000   0.0000
    4906   7.5853  11.4930  15.7115   0.0000   0.0000   0.0000
    4907   6.5855  11.5051  14.4270   0.0000   0.0000   0.0000
    4908   6.3489  11.0264  14.0807   0.0000   0.0000   0.0000
    4909   5.9910  11.3779  14.4166   0.0000   0.0000   0.0000
    4910   6.5629  11.6338  13.9653   0.0000   0.0000   0.0000
    4911   6.7304  12.0938  13.4016   0.0000   0.0000   0.0000
    4912   6.4516  12.1760  14.5172   0.0000   0.0000   0.0000
    4913   6.5353  11.9083  13.3758   0.0000   0.0000   0.0000
    4914   6.1922  12.3136  14.0026   0.0000   0.0000   0.0000
    4915   7.3440  11.7799  14.5528   0.0000   0.0000   0.0000
    4916   7.8476  11.7205  14.5519   0.0000   0.0000   0.0000
    4917   6.1624  12.9775  13.7612   0.0000   0.0000   0.0000
    4918   6.2051  12.5042  14.0858   0.0000   0.0000   0.0000
    4919   7.5447  12.3753  13.7885   0.0000   0.0000   0.0000
    4920   6.3486  12.5724  13.8620   0.0000   0.0000   0.0000
    4921   7.0129  12.8803  13.3027   0.0000   0.0000   0.0000
    4922   5.7341  12.4939  14.0798   0.0000   0.0000   0.0000
    4923   6.2422  12.8454  14.2406   0.0000   0.0000   0.0000
    4924   6.3327  13.0999  14.6240   0.0000   0.0000   0.0000
    4925   6.7479  14.1330  15.0697   0.0000   0.0000   0.0000
    4926   5.8167  13.0220  15.2339   0.0000   0.0000   0.0000
    4927   6.3725  12.4194  14.3828   0.0000   0.0000   0.0000
    4928   6.8309  12.4787  14.7448   0.0000   0.0000   0.0000
    4929   6.1926  12.0234  15.0343   0.0000   0.0000   0.0000
    4930   5.1970  11.8258  15.2678   0.0000   0.0000   0.0000
    4931   5.8104  11.8767  15.1370   0.0000   0.0000   0.0000
    4932   5.3101  11.6328  15.1645   0.0000   0.0000   0.0000
    4933   5.9487  11.8414  15.7827   0.0000   0.0000   0.0000
    4934   6.3288  11.6639  15.1566   0.0000   0.0000   0.0000
    4935   6.9686  12.2796  15.3795   0.0000   0.0000   0.0000
    4936   5.9835  11.9623  16.2119   0.0000   0.0000   0.0000
    4937   6.4181  12.2663  15.8901   0.0000   0.0000   0.0000
    4938   5.6591  12.0926  15.8900   0.0000   0.0000   0.0000
    4939   6.0398  11.6137  15.9859   0.0000   0.0000   0.0000
    4940   5.0312  12.4491  16.2727   0.0000   0.0000   0.0000
    4941   6.5414  12.6361  15.5154   0.0000   0.0000   0.0000
    4942   5.0117  12.0526  15.2353   0.0000   0.0000   0.0000
    4943   6.5449  12.0409  15.7881   0.0000   0.0000   0.0000
    4944   5.3825  12.4226  16.1547   0.0000   0.0000   0.0000
    4945   5.9040  12.6393  16.5482   0.0000   0.0000   0.0000
    4946   6.3452  11.6691  16.6623   0.0000   0.0000   0.0000
    4947   6.2153  12.5374  16.0008   0.0000   0.0000   0.0000
    4948   6.9186  11.3791  15.8651   0.0000   0.0000   0.0000
    4949   7.2749  11.9025  16.4182   0.0000   0.0000   0.0000
    4950   6.4665  11.6736  16.1170   0.0000   0.0000   0.0000
    4951   7.0636  12.0506  16.2835   0.0000   0.0000   0.0000
    4952   7.2650  11.5477  16.9070   0.0000   0.0000   0.0000
    4953   7.0099  12.3978  16.0246   0.0000   0.0000   0.0000
    4954   7.3668  12.0932  16.9592   0.0000   0.0000   0.0000
    4955   7.7105  12.9821  16.7123   0.0000   0.0000   0.0000
    4956   8.2129  12.4288  17.3929   0.0000   0.0000   0.0000
    4957   8.8802  11.7740  17.4339   0.0000   0.0000   0.0000
    4958   8.1098  11.6393  16.8377   0.0000   0.0000   0.0000
    4959   7.8945  11.8198  17.5074   0.0000   0.0000   0.0000
    4960   7.7986  12.2190  17.5225   0.0000   0.0000   0.0000
    4961   7.6257  12.9443  17.3047   0.0000   0.0000   0.0000
    4962   7.6122  13.0387  16.6017   0.0000   0.0000   0.0000
    4963   6.4228  12.7448  16.8662   0.0000   0.0000   0.0000
    4964   8.4207  11.0595  16.8230   0.0000   0.0000   0.0000
    4965   7.4879  12.4401  17.8028   0.0000   0.0000   0.0000
    4966   7.2580  11.5943  17.2862   0.0000   0.0000   0.0000
    4967   6.8282  12.6289  16.6882   0.0000   0.0000   0.0000
    4968   6.9830  12.7465  16.7310   0.0000   0.0000   0.0000
    4969   6.1959  11.6053  17.6904   0.0000   0.0000   0.0000
    4970   7.4141  13.1841  16.6059   0.0000   0.0000   0.0000
    4971   7.4683  12.9042  17.7778   0.0000   0.0000   0.0000
    4972   6.7818  12.4853  17.7601   0.0000   0.0000   0.0000
    4973   6.3745  12.8097  17.3636   0.0000   0.0000   0.0000
    4974   6.8476  13.1746  17.2081   0.0000   0.0000   0.0000
    4975   6.5902  13.0629  16.7504   0.0000   0.0000   0.0000
    4976   6.4788  13.5042  16.8517   0.0000   0.0000   0.0000
    4977   6.8562  14.3707  17.8066   0.0000   0.0000   0.0000
    4978   6.5036  14.8175  16.9073   0.0000   0.0000   0.0000
    4979   5.3726  14.2943  16.3190   0.0000   0.0000   0.0000
    4980   6.0637  14.6279  16.7801   0.0000   0.0000   0.0000
    4981   5.8846  13.9459  16.4163   0.0000   0.0000   0.0000
    4982   5.2426  13.7645  15.5066   0.0000   0.0000   0.0000
    4983   5.3082  13.1396  15.5652   0.0000   0.0000   0.0000
    4984   5.9181  13.8285  16.0554   0.0000   0.0000   0.0000
    4985   6.2557  13.9681  17.3038   0.0000   0.0000   0.0000
    4986   6.6203  13.1915  17.1371   0.0000   0.0000   0.0000
    4987   5.5477  13.4070  16.9874   0.0000   0.0000   0.0000
    4988   6.0159  13.6020  17.3432   0.0000   0.0000   0.0000
    4989   6.0190  13.7131  16.8018   0.0000   0.0000   0.0000
    4990   5.8325  13.5937  16.4655   0.0000   0.0000   0.0000
    4991   5.2440  13.0647  17.6813   0.0000   0.0000   0.0000
    4992   5.7342  13.5624  17.1756   0.0000   0.0000   0.0000
    4993   6.0509  13.5234  16.6805   0.0000   0.0000   0.0000
    4994   5.7650  13.9215  16.3772   0.0000   0.0000   0.0000
    4995   6.4913  13.3788  16.8523   0.0000   0.0000   0.0000
    4996   5.8780  13.5514  16.1763   0.0000   0.0000   0.0000
    4997   5.7289  12.5219  16.9288   0.0000   0.0000   0.0000
    4998   5.9880  12.7431  16.0693   0.0000   0.0000   0.0000
    4999   5.9364  12.4573  15.8974   0.0000   0.0000   0.0000
    5000   5.6235  11.5671  15.9547   0.0000   0.0000   0.0000
    5001   5.8211  12.3785  16.3310   0.0000   0.0000   0.0000
    5002   5.9886  13.0204  17.0351   0.0000   0.0000   0.0000
    5003   5.6801  12.5874  17.3132   0.0000   0.0000   0.0000
    5004   6.5265  12.2557  17.5668   0.0000   0.0000   0.0000
    5005   5.9781  11.4792  17.4110   0.0000   0.0000   0.0000
    5006   6.7914  11.5486  17.4565   0.0000   0.0000   0.0000
    5007   5.9064  12.2884  18.0218   0.0000   0.0000   0.0000
    5008   5.7613  11.9113  17.4530   0.0000   0.0000   0.0000
    5009   6.0314  11.2488  18.5827   0.0000   0.0000   0.0000
    5010   6.3762  11.0777  17.8670   0.0000   0.0000   0.0000
    5011   5.4406  12.8925  17.9525   0.0000   0.0000   0.0000
    5012   6.3368  12.3160  17.6270   0.0000   0.0000   0.0000
    5013   7.0778  12.3192  17.3667   0.0000   0.0000   0.0000
    5014   6.5639  11.9142  17.2808   0.0000   0.0000   0.0000
    5015   5.7364  12.5901  16.9541   0.0000   0.0000   0.0000
    5016   4.8644  11.6811  17.6820   0.0000   0.0000   0.0000
    5017   4.5832  11.9623  17.7189   0.0000   0.0000   0.0000
    5018   5.9148  11.6009  17.9670   0.0000   0.0000   0.0000
    5019   6.4339  11.5211  17.6725   0.0000   0.0000   0.0000
    5020   6.4972  11.4975  18.1876   0.0000   0.0000   0.0000
    5021   6.6464  12.3413  17.5761   0.0000   0.0000   0.0000
    5022   6.6993  11.1539  17.8517   0.0000   0.0000   0.0000
    5023   6.9688  11.2762  17.3833   0.0000   0.0000   0.0000
    5024   7.1245  10.9053  17.3098   0.0000   0.0000   0.0000
    5025   6.0255  11.8089  17.5860   0.0000   0.0000   0.0000
    5026   5.2627  12.3619  17.9395   0.0000   0.0000   0.0000
    5027   5.7823  11.8152  17.4060   0.0000   0.0000   0.0000
    5028   6.0386  13.4804  17.8194   0.0000   0.0000   0.0000
    5029   7.0924  12.3169  17.5228   0.0000   0.0000   0.0000
    5030   6.0720  12.3351  18.4387   0.0000   0.0000   0.0000
    5031   5.6292  11.9733  17.8444   0.0000   0.0000   0.0000
    5032   4.8327  10.8508  17.2769   0.0000   0.0000   0.0000
    5033   4.9116  11.4894  17.7088   0.0000   0.0000   0.0000
    5034   5.0101  11.4093  18.0713   0.0000   0.0000   0.0000
    5035   5.4809  12.0322  17.9016   0.0000   0.0000   0.0000
    5036   5.4281  11.8823  17.5144   0.0000   0.0000   0.0000
    5037   5.0074  11.4301  18.3273   0.0000   0.0000   0.0000
    5038   5.7342  11.7539  17.6182   0.0000   0.0000   0.0000
    5039   5.2850  12.2375  17.3343   0.0000   0.0000   0.0000
    5040   6.5977  11.6817  17.1341   0.0000   0.0000   0.0000
    5041   6.1528  11.0459  17.3557   0.0000   0.0000   0.0000
    5042   6.4067  11.6860  18.2113   0.0000   0.0000   0.0000
    5043   6.9695  10.6037  18.0588   0.0000   0.0000   0.0000
    5044   6.2638  10.8334  18.1328   0.0000   0.0000   0.0000
    5045   5.7826  11.1248  17.5159   0.0000   0.0000   0.0000
    5046   5.0264  11.5490  18.1434   0.0000   0.0000   0.0000
    5047   5.3813  12.3868  17.5728   0.0000   0.0000   0.0000
    5048   5.0385  10.8710  17.8298   0.0000   0.0000   0.0000
    5049   4.8080  11.3636  16.9868   0.0000   0.0000   0.0000
    5050   5.5200  10.9728  17.2257   0.0000   0.0000   0.0000
    5051   5.9920  10.5108  17.9528   0.0000   0.0000   0.0000
    5052   4.6238  10.6108  18.4714   0.0000   0.0000   0.0000
    5053   5.7828  10.9305  18.2526   0.0000   0.0000   0.0000
    5054   5.5549  10.8704  17.9945   0.0000   0.0000   0.0000
    5055   6.3169  10.4151  18.4011   0.0000   0.0000   0.0000
    5056   6.5706  10.5563  18.2927   0.0000   0.0000   0.0000
    5057   5.9173  10.1695  18.5668   0.0000   0.0000   0.0000
    5058   5.4703  10.7283  18.7751   0.0000   0.0000   0.0000
    5059   5.3116  10.9681  18.5895   0.0000   0.0000   0.0000
    5060   4.7974  10.4600  18.5482   0.0000   0.0000   0.0000
    5061   4.7985  11.4229  17.4391   0.0000   0.0000   0.0000
    5062   5.7370  11.5561  18.6987   0.0000   0.0000   0.0000
    5063   5.5220  11.5209  17.8528   0.0000   0.0000   0.0000
    5064   5.2216  11.9302  17.7428   0.0000   0.0000   0.0000
    5065   5.1998  10.7338  18.2002   0.0000   0.0000   0.0000
    5066   4.1450  11.1144  17.8551   0.0000   0.0000   0.0000
    5067   5.6782  10.1042  17.8035   0.0000   0.0000   0.0000
    5068   5.0660   9.8571  18.2157   0.0000   0.0000   0.0000
    5069   5.5418   9.9208  17.9145   0.0000   0.0000   0.0000
    5070   5.5448  10.1993  17.8533   0.0000   0.0000   0.0000
    5071   5.6302  10.2308  16.8927   0.0000   0.0000   0.0000
    5072   5.9755  10.3786  18.3320   0.0000   0.0000   0.0000
    5073   6.2406  10.3476  17.9513   0.0000   0.0000   0.0000
    5074   4.9348  10.4555  18.8337   0.0000   0.0000   0.0000
    5075   4.2568  11.3919  17.6501   0.0000   0.0000   0.0000
    5076   3.7867  11.0522  17.7377   0.0000   0.0000   0.0000
    5077   4.0932  10.9570  17.2708   0.0000   0.0000   0.0000
    5078   3.4281  10.4229  17.6391   0.0000   0.0000   0.0000
    5079   4.3139  10.2498  17.5370   0.0000   0.0000   0.0000
    5080   4.8836  10.4136  17.9080   0.0000   0.0000   0.0000
    5081   4.2947   9.9040  18.6820   0.0000   0.0000   0.0000
    5082   5.0555   9.2285  17.8404   0.0000   0.0000   0.0000
    5083   4.2814   9.1720  18.6053   0.0000   0.0000   0.0000
    5084   2.9247   9.0923  18.2567   0.0000   0.0000   0.0000
    5085   3.9749  10.0820  18.4545   0.0000   0.0000   0.0000
    5086   4.2759   9.2934  18.3165   0.0000   0.0000   0.0000
    5087   3.6357  10.7153  17.9028   0.0000   0.0000   0.0000
    5088   3.7631  10.3466  18.2112   0.0000   0.0000   0.0000
    5089   4.8955  10.3706  18.4239   0.0000   0.0000   0.0000
    5090   4.7448  11.0514  18.2044   0.0000   0.0000   0.0000
    5091   4.8794  10.3387  18.1171   0.0000   0.0000   0.0000
    5092   5.8276   9.7397  17.8305   0.0000   0.0000   0.0000
    5093   4.2482  10.0955  18.0673   0.0000   0.0000   0.0000
    5094   4.7876   9.2478  19.0136   0.0000   0.0000   0.0000
    5095   4.1361   9.8395  18.7129   0.0000   0.0000   0.0000
    5096   4.5440  10.5526  19.0143   0.0000   0.0000   0.0000
    5097   3.7628   9.9113  18.5510   0.0000   0.0000   0.0000
    5098   4.6370  10.4712  18.9816   0.0000   0.0000   0.0000
    5099   4.1676  10.3236  19.1971   0.0000   0.0000   0.0000
    5100   3.8312   9.9591  18.3258   0.0000   0.0000   0.0000
    5101   3.9959  10.3408  19.0908   0.0000   0.0000   0.0000
    5102   3.9880   9.8638  19.0917   0.0000   0.0000   0.0000
    5103   4.1761  10.7527  19.1032   0.0000   0.0000   0.0000
    5104   4.2630  10.2981  19.2513   0.0000   0.0000   0.0000
    5105   4.5109  10.8267  18.0664   0.0000   0.0000   0.0000
    5106   5.2681  11.0365  19.5941   0.0000   0.0000   0.0000
    5107   5.0721  10.2053  18.6757   0.0000   0.0000   0.0000
    5108   4.6086  10.3670  19.7919   0.0000   0.0000   0.0000
    5109   4.2780  10.0389  18.9333   0.0000   0.0000   0.0000
    5110   4.2755  10.3158  19.0253   0.0000   0.0000   0.0000
    5111   3.8560  10.5838  18.3247   0.0000   0.0000   0.0000
    5112   4.8913  10.5301  17.9931   0.0000   0.0000   0.0000
    5113   3.8533  10.5083  18.8596   0.0000   0.0000   0.0000
    5114   4.6542  10.6487  18.2486   0.0000   0.0000   0.0000
    5115   4.2173   9.2650  18.5646   0.0000   0.0000   0.0000
    5116   5.3642   9.4564  18.5398   0.0000   0.0000   0.0000
    5117   4.5020   9.6410  18.9300   0.0000   0.0000   0.0000
    5118   4.9220  10.5849  17.0727   0.0000   0.0000   0.0000
    5119   4.3208  10.4893  17.3777   0.0000   0.0000   0.0000
    5120   5.5047  10.3553  16.9621   0.0000   0.0000   0.0000
    5121   6.0073  10.7209  17.4057   0.0000   0.0000   0.0000
    5122   5.1343  10.7587  17.3015   0.0000   0.0000   0.0000
    5123   5.1384  10.1796  17.2569   0.0000   0.0000   0.0000
    5124   5.2458   9.7083  17.9036   0.0000   0.0000   0.0000
    5125   5.3603  10.3291  17.4091   0.0000   0.0000   0.0000
    5126   5.3350  10.7707  17.9583   0.0000   0.0000   0.0000
    5127   5.5339  10.3644  17.1530   0.0000   0.0000   0.0000
    5128   5.1035  10.6366  16.6945   0.0000   0.0000   0.0000
    5129   5.0529  11.1104  17.5329   0.0000   0.0000   0.0000
    5130   6.1770   9.9311  17.6783   0.0000   0.0000   0.0000
    5131   5.6626   9.9123  18.2214   0.0000   0.0000   0.0000
    5132   5.6141   9.3726  17.3596   0.0000   0.0000   0.0000
    5133   6.3788  10.7465  17.5971   0.0000   0.0000   0.0000
    5134   6.4437  10.3931  16.9376   0.0000   0.0000   0.0000
    5135   7.2764  10.2106  18.4456   0.0000   0.0000   0.0000
    5136   6.1386  10.7172  17.9378   0.0000   0.0000   0.0000
    5137   6.5241  11.0125  18.0803   0.0000   0.0000   0.0000
    5138   6.6351  11.0846  16.9743   0.0000   0.0000   0.0000
    5139   6.3409  10.1522  17.5557   0.0000   0.0000   0.0000
    5140   6.8886  10.7945  17.2203   0.0000   0.0000   0.0000
    5141   5.3182  10.2969  17.6008   0.0000   0.0000   0.0000
    5142   6.2000  10.5935  18.0254   0.0000   0.0000   0.0000
    5143   6.1181  11.1769  17.2639   0.0000   0.0000   0.0000
    5144   6.4678  10.4984  16.8701   0.0000   0.0000   0.0000
    5145   5.4033  10.4504  16.7545   0.0000   0.0000   0.0000
    5146   5.4971  10.8931  17.3783   0.0000   0.0000   0.0000
    5147   5.4504  10.2409  16.8787   0.0000   0.0000   0.0000
    5148   6.1528  10.3589  16.9003   0.0000   0.0000   0.0000
    5149   5.0987  10.4765  16.9593   0.0000   0.0000   0.0000
    5150   5.4725  11.0937  16.7374   0.0000   0.0000   0.0000
    5151   6.2362  11.1311  15.5210   0.0000   0.0000   0.0000
    5152   5.9574  11.0568  16.0809   0.0000   0.0000   0.0000
    5153   6.0744  11.3562  15.5482   0.0000   0.0000   0.0000
    5154   5.4911  10.7634  16.4405   0.0000   0.0000   0.0000
    5155   5.0077  10.5603  16.3499   0.0000   0.0000   0.0000
    5156   4.5844  10.6896  15.9521   0.0000   0.0000   0.0000
    5157   4.6223  10.0935  16.3754   0.0000   0.0000   0.0000
    5158   4.7376  10.1820  15.7288   0.0000   0.0000   0.0000
    5159   5.1998  10.3153  15.7433   0.0000   0.0000   0.0000
    5160   4.8227  10.0438  15.1279   0.0000   0.0000   0.0000
    5161   4.2303   9.7996  14.6377   0.0000   0.0000   0.0000
    5162   4.5834   9.3242  15.2603   0.0000   0.0000   0.0000
    5163   5.2372   9.0340  16.2322   0.0000   0.0000   0.0000
    5164   5.0249   9.4867  16.5590   0.0000   0.0000   0.0000
    5165   4.1378   9.2268  16.4989   0.0000   0.0000   0.0000
    5166   5.0394  10.1971  16.3182   0.0000   0.0000   0.0000
    5167   5.1874  10.5320  16.0517   0.0000   0.0000   0.0000
    5168   3.8911  10.0474  16.5441   0.0000   0.0000   0.0000
    5169   4.9480  10.1324  16.6459   0.0000   0.0000   0.0000
    5170   5.1668  10.6122  16.5495   0.0000   0.0000   0.0000
    5171   5.7060  10.5734  16.1205   0.0000   0.0000   0.0000
    5172   5.4299  10.4553  16.9606   0.0000   0.0000   0.0000
    5173   4.0590  10.5899  16.7025   0.0000   0.0000   0.0000
    5174   4.1233  10.5564  16.5798   0.0000   0.0000   0.0000
    5175   3.7186  10.2083  16.7414   0.0000   0.0000   0.0000
    5176   3.3105  11.0769  15.8394   0.0000   0.0000   0.0000
    5177   3.8692  10.8371  15.7197   0.0000   0.0000   0.0000
    5178   4.1035  10.4183  15.0288   0.0000   0.0000   0.0000
    5179   4.0978   9.8877  15.3145   0.0000   0.0000   0.0000
    5180   3.7760  10.7145  14.9453   0.0000   0.0000   0.0000
    5181   4.3865  11.4869  15.1987   0.0000   0.0000   0.0000
    5182   4.4832  10.7609  14.9042   0.0000   0.0000   0.0000
    5183   4.7135  11.0195  15.2302   0.0000   0.0000   0.0000
    5184   4.8515  11.0031  15.2646   0.0000   0.0000   0.0000
    5185   4.9841  10.4532  15.3683   0.0000   0.0000   0.0000
    5186   5.0397  10.3525  14.8842   0.0000   0.0000   0.0000
    5187   4.1381  10.5836  16.0079   0.0000   0.0000   0.0000
    5188   5.5645  11.0869  15.6470   0.0000   0.0000   0.0000
    5189   5.1502  11.0644  15.6826   0.0000   0.0000   0.0000
    5190   4.6471  11.5345  14.7945   0.0000   0.0000   0.0000
    5191   3.9356  10.8088  14.7956   0.0000   0.0000   0.0000
    5192   4.6012  10.6930  15.0101   0.0000   0.0000   0.0000
    5193   4.7282  10.9335  14.3201   0.0000   0.0000   0.0000
    5194   4.2089  11.2285  14.5885   0.0000   0.0000   0.0000
    5195   4.1662  11.8150  14.6506   0.0000   0.0000   0.0000
    5196   4.6230  11.4460  14.5362   0.0000   0.0000   0.0000
    5197   4.7458  10.4342  14.8594   0.0000   0.0000   0.0000
    5198   5.0962  11.0621  15.4477   0.0000   0.0000   0.0000
    5199   4.9333  11.0602  15.2381   0.0000   0.0000   0.0000
    5200   5.0096  11.3424  15.3962   0.0000   0.0000   0.0000
    5201   4.8634  10.5773  15.5442   0.0000   0.0000   0.0000
    5202   5.5191  10.7455  14.7061   0.0000   0.0000   0.0000
    5203   4.8593  10.7579  14.6377   0.0000   0.0000   0.0000
    5204   5.0874  10.2522  15.1786   0.0000   0.0000   0.0000
    5205   4.4426  10.4544  15.3845   0.0000   0.0000   0.0000
    5206   4.9410  10.2555  15.4711   0.0000   0.0000   0.0000
    5207   4.2347   9.9851  15.7113   0.0000   0.0000   0.0000
    5208   4.8135  10.7050  15.4711   0.0000   0.0000   0.0000
    5209   4.8204  10.8381  15.9463   0.0000   0.0000   0.0000
    5210   4.5816  10.3369  16.1644   0.0000   0.0000   0.0000
    5211   4.3117  10.2152  16.0173   0.0000   0.0000   0.0000
    5212   3.8040  10.7559  15.3164   0.0000   0.0000   0.0000
    5213   4.1824  10.0126  15.4428   0.0000   0.0000   0.0000
    5214   4.4538  10.5575  16.5597   0.0000   0.0000   0.0000
    5215   4.3035  10.5276  15.9633   0.0000   0.0000   0.0000
    5216   4.4078   9.9167  16.1532   0.0000   0.0000   0.0000
    5217   3.3196  10.5464  16.1843   0.0000   0.0000   0.0000
    5218   3.8719  10.8110  15.7258   0.0000   0.0000   0.0000
    5219   2.7136   9.9456  15.9829   0.0000   0.0000   0.0000
    5220   4.2022   9.9216  17.6057   0.0000   0.0000   0.0000
    5221   4.5582   9.8322  17.3117   0.0000   0.0000   0.0000
    5222   4.5456   9.6218  16.7319   0.0000   0.0000   0.0000
    5223   5.1835  10.2990  17.0888   0.0000   0.0000   0.0000
    5224   4.1274  10.1426  17.3559   0.0000   0.0000   0.0000
    5225   4.8339  10.2763  16.9740   0.0000   0.0000   0.0000
    5226   5.1973  10.7623  16.4319   0.0000   0.0000   0.0000
    5227   4.0377  10.6397  15.7558   0.0000   0.0000   0.0000
    5228   3.9811  10.5877  15.9529   0.0000   0.0000   0.0000
    5229   5.0522  10.7985  16.3672   0.0000   0.0000   0.0000
    5230   4.7357  10.7317  15.9646   0.0000   0.0000   0.0000
    5231   5.6352  10.4641  16.3661   0.0000   0.0000   0.0000
    5232   5.3982   9.7994  14.9718   0.0000   0.0000   0.0000
    5233   4.7665  11.0310  15.6674   0.0000   0.0000   0.0000
    5234   3.6698  11.2998  16.3958   0.0000   0.0000   0.0000
    5235   5.3686  10.9633  15.5912   0.0000   0.0000   0.0000
    5236   4.8419  11.5015  13.8608   0.0000   0.0000   0.0000
    5237   5.7711  11.4968  14.4472   0.0000   0.0000   0.0000
    5238   4.1327  10.7507  14.8894   0.0000   0.0000   0.0000
    5239   3.1627  11.2567  14.9739   0.0000   0.0000   0.0000
    5240   5.3647  11.4776  14.2768   0.0000   0.0000   0.0000
    5241   4.9013  10.8762  14.9283   0.0000   0.0000   0.0000
    5242   6.2431  11.1036  14.7923   0.0000   0.0000   0.0000
    5243   4.6539  11.1193  15.0544   0.0000   0.0000   0.0000
    5244   4.5177  11.0998  15.3364   0.0000   0.0000   0.0000
    5245   5.2992  10.5528  15.4213   0.0000   0.0000   0.0000
    5246   6.0793  10.9558  15.6490   0.0000   0.0000   0.0000
    5247   5.1616  10.6481  15.6008   0.0000   0.0000   0.0000
    5248   5.1136  10.6074  15.8369   0.0000   0.0000   0.0000
    5249   5.9376  10.3970  15.4661   0.0000   0.0000   0.0000
    5250   5.8615  10.9735  16.0313   0.0000   0.0000   0.0000
    5251   5.9917  10.9512  16.0282   0.0000   0.0000   0.0000
    5252   5.3159  10.2516  15.9904   0.0000   0.0000   0.0000
    5253   4.5865  10.0436  15.9732   0.0000   0.0000   0.0000
    5254   4.8481  10.0110  15.7183   0.0000   0.0000   0.0000
    5255   5.3939  10.2551  15.5019   0.0000   0.0000   0.0000
    5256   5.3779  10.6113  15.0357   0.0000   0.0000   0.0000
    5257   4.9323   9.9009  14.5148   0.0000   0.0000   0.0000
    5258   5.8480   9.4134  14.7880   0.0000   0.0000   0.0000
    5259   6.2296   9.8480  15.0769   0.0000   0.0000   0.0000
    5260   5.3445   9.6167  13.9517   0.0000   0.0000   0.0000
    5261   5.3124  10.1822  14.0753   0.0000   0.0000   0.0000
    5262   6.3489   9.6518  14.8557   0.0000   0.0000   0.0000
    5263   6.4578  10.0283  14.4319   0.0000   0.0000   0.0000
    5264   5.7689  10.4912  14.5197   0.0000   0.0000   0.0000
    5265   5.7945   9.9816  15.0743   0.0000   0.0000   0.0000
    5266   5.3649   9.5881  15.3588   0.0000   0.0000   0.0000
    5267   6.3541   9.6114  15.4079   0.0000   0.0000   0.0000
    5268   6.6806  10.0580  15.7105   0.0000   0.0000   0.0000
    5269   6.2039  10.1763  15.0078   0.0000   0.0000   0.0000
    5270   5.7368  10.5690  15.5424   0.0000   0.0000   0.0000
    5271   5.0434  10.3433  15.5977   0.0000   0.0000   0.0000
    5272   5.9820  10.4190  15.6434   0.0000   0.0000   0.0000
    5273   5.3595  10.2284  15.4888   0.0000   0.0000   0.0000
    5274   6.0818  11.1195  15.8987   0.0000   0.0000   0.0000
    5275   6.2891  10.6351  15.5748   0.0000   0.0000   0.0000
    5276   6.4633  10.9616  15.3206   0.0000   0.0000   0.0000
    5277   5.5729  11.3388  15.6879   0.0000   0.0000   0.0000
    5278   5.9702  11.7369  15.9494   0.0000   0.0000   0.0000
    5279   6.5028  11.3049  16.2074   0.0000   0.0000   0.0000
    5280   5.7556  11.6282  16.3166   0.0000   0.0000   0.0000
    5281   6.4834  10.5132  16.2519   0.0000   0.0000   0.0000
    5282   6.6100  11.0271  15.9652   0.0000   0.0000   0.0000
    5283   5.9097  11.2388  15.4965   0.0000   0.0000   0.0000
    5284   6.1996  10.5507  15.6417   0.0000   0.0000   0.0000
    5285   5.7370  10.2023  15.3366   0.0000   0.0000   0.0000
    5286   5.7767  10.6972  15.0876   0.0000   0.0000   0.0000
    5287   6.0250  11.0494  15.4417   0.0000   0.0000   0.0000
    5288   5.2372  11.0434  15.3071   0.0000   0.0000   0.0000
    5289   6.2585  11.3344  16.0201   0.0000   0.0000   0.0000
    5290   5.5366  10.8947  15.7003   0.0000   0.0000   0.0000
    5291   5.7207  10.6012  15.5296   0.0000   0.0000   0.0000
    5292   5.8657  11.5101  15.3278   0.0000   0.0000   0.0000
    5293   5.7115  11.0796  15.2740   0.0000   0.0000   0.0000
    5294   5.6348  11.6334  15.2315   0.0000   0.0000   0.0000
    5295   5.1036  10.5918  16.3156   0.0000   0.0000   0.0000
    5296   5.2456  11.2466  15.6391   0.0000   0.0000   0.0000
    5297   4.5002  10.8263  15.2915   0.0000   0.0000   0.0000
    5298   3.6472  10.4876  15.3059   0.0000   0.0000   0.0000
    5299   4.7210  10.2800  15.0222   0.0000   0.0000   0.0000
    5300   4.9017  11.7140  16.3381   0.0000   0.0000   0.0000
    5301   5.3952  10.8143  15.6798   0.0000   0.0000   0.0000
    5302   5.2048  11.3447  14.5896   0.0000   0.0000   0.0000
    5303   4.8116  10.3809  14.9137   0.0000   0.0000   0.0000
    5304   4.6936  10.7825  14.3097   0.0000   0.0000   0.0000
    5305   5.1006  11.5581  15.2151   0.0000   0.0000   0.0000
    5306   4.8934  10.7555  13.9925   0.0000   0.0000   0.0000
    5307   6.1009  10.9799  15.3395   0.0000   0.0000   0.0000
    5308   5.4749  10.1748  14.7272   0.0000   0.0000   0.0000
    5309   5.4471  12.2023  14.8846   0.0000   0.0000   0.0000
    5310   5.4685  10.6510  14.9522   0.0000   0.0000   0.0000
    5311   5.6709  11.4589  14.5233   0.0000   0.0000   0.0000
    5312   5.5506  10.3326  14.8352   0.0000   0.0000   0.0000
    5313   5.2439  10.6768  15.9700   0.0000   0.0000   0.0000
    5314   4.9077  11.6922  15.8821   0.0000   0.0000   0.0000
    5315   4.2588  11.6034  14.8925   0.0000   0.0000   0.0000
    5316   5.0495  11.6332  15.1393   0.0000   0.0000   0.0000
    5317   4.8568  11.0718  15.6255   0.0000   0.0000   0.0000
    5318   5.9918  11.3169  15.8662   0.0000   0.0000   0.0000
    5319   5.6415  11.1408  16.5860   0.0000   0.0000   0.0000
    5320   5.8478  11.6385  16.1098   0.0000   0.0000   0.0000
    5321   5.0227  10.8118  15.7981   0.0000   0.0000   0.0000
    5322   6.2667  11.8052  15.7897   0.0000   0.0000   0.0000
    5323   5.7709  11.4265  15.1548   0.0000   0.0000   0.0000
    5324   5.6149  10.5233  15.3435   0.0000   0.0000   0.0000
    5325   5.6616  10.8052  15.4652   0.0000   0.0000   0.0000
    5326   5.0990  10.9015  15.9158   0.0000   0.0000   0.0000
    5327   5.2854  10.7563  16.1038   0.0000   0.0000   0.0000
    5328   5.2457  11.1110  15.8109   0.0000   0.0000   0.0000
    5329   5.7993  10.8159  16.7688   0.0000   0.0000   0.0000
    5330   5.6583  11.1328  16.2301   0.0000   0.0000   0.0000
    5331   5.9042  11.7828  15.7887   0.0000   0.0000   0.0000
    5332   5.3608  11.9309  16.6152   0.0000   0.0000   0.0000
    5333   4.7284  11.1545  15.2428   0.0000   0.0000   0.0000
    5334   4.6429  11.5831  15.0142   0.0000   0.0000   0.0000
    5335   5.2502  10.7849  15.1580   0.0000   0.0000   0.0000
    5336   5.1009  11.0005  15.3182   0.0000   0.0000   0.0000
    5337   5.1309  11.5086  15.1356   0.0000   0.0000   0.0000
    5338   4.9888  11.2196  14.6920   0.0000   0.0000   0.0000
    5339   5.6550  11.1520  15.7280   0.0000   0.0000   0.0000
    5340   5.0914  11.1338  15.3259   0.0000   0.0000   0.0000
    5341   5.2796  12.0505  15.4100   0.0000   0.0000   0.0000
    5342   6.0522  10.6191  15.0753   0.0000   0.0000   0.0000
    5343   4.6798  11.9469  15.8975   0.0000   0.0000   0.0000
    5344   5.7197  10.8612  16.3417   0.0000   0.0000   0.0000
    5345   5.7997  11.5384  16.1579   0.0000   0.0000   0.0000
    5346   5.9206  11.3829  15.6319   0.0000   0.0000   0.0000
    5347   6.2556  10.5051  15.8154   0.0000   0.0000   0.0000
    5348   6.3360  10.4487  16.0739   0.0000   0.0000   0.0000
    5349   6.7089  10.7030  15.8819   0.0000   0.0000   0.0000
    5350   5.8381  10.1264  15.1966   0.0000   0.0000   0.0000
    5351   5.9468  10.5746  15.1951   0.0000   0.0000   0.0000
    5352   5.3256   9.8325  15.6459   0.0000   0.0000   0.0000
    5353   5.3625   9.2452  15.6399   0.0000   0.0000   0.0000
    5354   5.2090   9.7452  15.4262   0.0000   0.0000   0.0000
    5355   5.9424   9.7618  16.0435   0.0000   0.0000   0.0000
    5356   5.6992  10.1726  15.0084   0.0000   0.0000   0.0000
    5357   5.6692  10.5846  14.8267   0.0000   0.0000   0.0000
    5358   5.4895   9.8147  15.9923   0.0000   0.0000   0.0000
    5359   5.8047   9.5403  14.7605   0.0000   0.0000   0.0000
    5360   6.0640   9.3218  15.1364   0.0000   0.0000   0.0000
    5361   6.3037   9.4698  15.4475   0.0000   0.0000   0.0000
    5362   6.5473   9.5992  16.2006   0.0000   0.0000   0.0000
    5363   6.7212   9.9355  15.1953   0.0000   0.0000   0.0000
    5364   5.9776   9.5708  16.3960   0.0000   0.0000   0.0000
    5365   5.9685   9.0539  15.9913   0.0000   0.0000   0.0000
    5366   6.1637   9.7361  16.1727   0.0000   0.0000   0.0000
    5367   5.7912   8.6751  15.3635   0.0000   0.0000   0.0000
    5368   5.8790   8.8089  15.8054   0.0000   0.0000   0.0000
    5369   4.9380   9.0254  16.4684   0.0000   0.0000   0.0000
    5370   5.2013   8.2888  16.5099   0.0000   0.0000   0.0000
    5371   5.2969   9.7744  16.2330   0.0000   0.0000   0.0000
    5372   5.8661   9.7106  16.5135   0.0000   0.0000   0.0000
    5373   5.8036   9.4642  16.7590   0.0000   0.0000   0.0000
    5374   5.3094  10.8177  16.1698   0.0000   0.0000   0.0000
    5375   5.7667   9.2209  16.1556   0.0000   0.0000   0.0000
    5376   6.4046  10.0569  16.4325   0.0000   0.0000   0.0000
    5377   6.7601   9.8888  16.4929   0.0000   0.0000   0.0000
    5378   6.0816   9.7554  16.8918   0.0000   0.0000   0.0000
    5379   5.9588  10.0862  17.5053   0.0000   0.0000   0.0000
    5380   5.2006  10.1184  16.4511   0.0000   0.0000   0.0000
    5381   5.4994  10.1306  16.4979   0.0000   0.0000   0.0000
    5382   6.0405   9.4380  17.2722   0.0000   0.0000   0.0000
    5383   5.4227  10.6674  16.6336   0.0000   0.0000   0.0000
    5384   5.9815   9.9218  16.6670   0.0000   0.0000   0.0000
    5385   5.5849   9.7049  17.2490   0.0000   0.0000   0.0000
    5386   6.4549   9.7063  17.5615   0.0000   0.0000   0.0000
    5387   5.5721   9.4662  17.9852   0.0000   0.0000   0.0000
    5388   6.7160   9.6513  17.4661   0.0000   0.0000   0.0000
    5389   6.7176   9.6708  18.3720   0.0000   0.0000   0.0000
    5390   6.4195   9.9000  18.6156   0.0000   0.0000   0.0000
    5391   6.7909   8.9005  18.0808   0.0000   0.0000   0.0000
    5392   7.3605   9.6173  17.2695   0.0000   0.0000   0.0000
    5393   6.1939   9.3953  17.2207   0.0000   0.0000   0.0000
    5394   7.3632   9.4105  17.2922   0.0000   0.0000   0.0000
    5395   7.5938   9.6204  17.4328   0.0000   0.0000   0.0000
    5396   6.8020   9.2200  17.2594   0.0000   0.0000   0.0000
    5397   6.7844   9.2539  17.2646   0.0000   0.0000   0.0000
    5398   6.7112   9.7210  17.1725   0.0000   0.0000   0.0000
    5399   7.0814  10.2192  17.0345   0.0000   0.0000   0.0000
    5400   7.5523  10.0226  16.7742   0.0000   0.0000   0.0000
    5401   6.9761   9.7691  16.6995   0.0000   0.0000   0.0000
    5402   6.7384   9.7031  16.8703   0.0000   0.0000   0.0000
    5403   7.0575   9.8958  17.3970   0.0000   0.0000   0.0000
    5404   6.5786  10.1756  17.3292   0.0000   0.0000   0.0000
    5405   7.3659   9.9630  16.9250   0.0000   0.0000   0.0000
    5406   7.2601  10.1661  17.3643   0.0000   0.0000   0.0000
    5407   6.8294   9.4557  16.9385   0.0000   0.0000   0.0000
    5408   6.1179  10.6847  17.0281   0.0000   0.0000   0.0000
    5409   5.8241  10.5637  17.2856   0.0000   0.0000   0.0000
    5410   7.0083   9.8970  17.3235   0.0000   0.0000   0.0000
    5411   6.2156  10.4247  17.5019   0.0000   0.0000   0.0000
    5412   5.8878  10.5969  17.2594   0.0000   0.0000   0.0000
    5413   6.2737  10.7781  17.3692   0.0000   0.0000   0.0000
    5414   6.7449  10.3296  15.5645   0.0000   0.0000   0.0000
    5415   5.9763  10.1606  16.4989   0.0000   0.0000   0.0000
    5416   5.4577  10.2045  15.7597   0.0000   0.0000   0.0000
    5417   6.4568  10.9269  15.4200   0.0000   0.0000   0.0000
    5418   6.2835  10.2219  15.6388   0.0000   0.0000   0.0000
    5419   5.9041  10.7145  16.0824   0.0000   0.0000   0.0000
    5420   6.2953  11.0917  16.9790   0.0000   0.0000   0.0000
    5421   6.3280  11.2279  16.4774   0.0000   0.0000   0.0000
    5422   6.6678  12.5016  16.2879   0.0000   0.0000   0.0000
    5423   5.7932  10.8831  16.7310   0.0000   0.0000   0.0000
    5424   5.8817  10.9813  17.2268   0.0000   0.0000   0.0000
    5425   5.8380  11.2951  16.7717   0.0000   0.0000   0.0000
    5426   5.3232  11.1969  16.9378   0.0000   0.0000   0.0000
    5427   5.5022  11.4631  16.3548   0.0000   0.0000   0.0000
    5428   4.9695  11.0114  17.4883   0.0000   0.0000   0.0000
    5429   5.8446  10.7529  17.0288   0.0000   0.0000   0.0000
    5430   5.3856  10.9927  17.6715   0.0000   0.0000   0.0000
    5431   4.4305  11.3280  16.7341   0.0000   0.0000   0.0000
    5432   4.8505  10.8014  16.4729   0.0000   0.0000   0.0000
    5433   5.4990  11.0852  16.7545   0.0000   0.0000   0.0000
    5434   4.7595   9.8973  17.1100   0.0000   0.0000   0.0000
    5435   5.1530  10.3877  16.5596   0.0000   0.0000   0.0000
    5436   5.7254  10.2657  16.7988   0.0000   0.0000   0.0000
    5437   5.3517  10.4552  17.2761   0.0000   0.0000   0.0000
    5438   5.6594  10.2724  16.3618   0.0000   0.0000   0.0000
    5439   5.7878   9.9016  15.9998   0.0000   0.0000   0.0000
    5440   5.3044  10.4250  16.8393   0.0000   0.0000   0.0000
    5441   5.9958  10.5145  17.0511   0.0000   0.0000   0.0000
    5442   6.4846   9.3940  17.1562   0.0000   0.0000   0.0000
    5443   4.7602   9.8990  17.0282   0.0000   0.0000   0.0000
    5444   5.5592  10.0377  16.4980   0.0000   0.0000   0.0000
    5445   6.6829  10.3830  17.3814   0.0000   0.0000   0.0000
    5446   6.1794  10.4910  17.8801   0.0000   0.0000   0.0000
    5447   5.4957  10.8481  17.8661   0.0000   0.0000   0.0000
    5448   6.1455  10.4730  16.7156   0.0000   0.0000   0.0000
    5449   6.1166  10.3526  17.0623   0.0000   0.0000   0.0000
    5450   5.4964  10.7257  17.2256   0.0000   0.0000   0.0000
    5451   6.1720  10.7595  15.7007   0.0000   0.0000   0.0000
    5452   5.4983   9.9572  15.8248   0.0000   0.0000   0.0000
    5453   6.0820  11.3550  15.5736   0.0000   0.0000   0.0000
    5454   5.5198  10.6829  15.3947   0.0000   0.0000   0.0000
    5455   4.9465  10.7500  15.3392   0.0000   0.0000   0.0000
    5456   5.9692  10.6824  15.5314   0.0000   0.0000   0.0000
    5457   6.2507   9.9702  15.0952   0.0000   0.0000   0.0000
    5458   6.2087  10.2538  15.7341   0.0000   0.0000   0.0000
    5459   5.5009  11.1614  16.1446   0.0000   0.0000   0.0000
    5460   5.8282  11.0668  16.3678   0.0000   0.0000   0.0000
    5461   5.5639  10.6492  15.1016   0.0000   0.0000   0.0000
    5462   6.0188  11.4036  15.4909   0.0000   0.0000   0.0000
    5463   5.3197  10.5219  15.2491   0.0000   0.0000   0.0000
    5464   5.3428  10.8286  16.1905   0.0000   0.0000   0.0000
    5465   5.5875  10.1207  16.5038   0.0000   0.0000   0.0000
    5466   5.3572   9.2999  17.2600   0.0000   0.0000   0.0000
    5467   5.2558  11.4284  16.2965   0.0000   0.0000   0.0000
    5468   4.4632  10.8505  16.6583   0.0000   0.0000   0.0000
    5469   5.0240  10.4109  17.0178   0.0000   0.0000   0.0000
    5470   4.4513   9.0948  18.0103   0.0000   0.0000   0.0000
    5471   4.0978  10.2996  17.6441   0.0000   0.0000   0.0000
    5472   5.3710   9.9009  17.5575   0.0000   0.0000   0.0000
    5473   5.1950  10.8709  16.9493   0.0000   0.0000   0.0000
    5474   5.3538  10.2680  17.3825   0.0000   0.0000   0.0000
    5475   5.0934   9.5870  17.4686   0.0000   0.0000   0.0000
    5476   5.0991  10.5944  18.2007   0.0000   0.0000   0.0000
    5477   5.4290   9.3978  17.7641   0.0000   0.0000   0.0000
    5478   4.1636  10.1640  18.0881   0.0000   0.0000   0.0000
    5479   4.1935  10.6187  17.4783   0.0000   0.0000   0.0000
    5480   4.6739  11.3484  17.2445   0.0000   0.0000   0.0000
    5481   3.9728  11.0793  16.7327   0.0000   0.0000   0.0000
    5482   4.7567  10.9008  16.9032   0.0000   0.0000   0.0000
    5483   4.7222  10.8247  17.3736   0.0000   0.0000   0.0000
    5484   4.7512  10.9327  16.6821   0.0000   0.0000   0.0000
    5485   5.2245  10.8588  17.2016   0.0000   0.0000   0.0000
    5486   4.5570  10.6357  17.1600   0.0000   0.0000   0.0000
    5487   4.5575  11.4114  17.5061   0.0000   0.0000   0.0000
    5488   5.3578  10.8321  18.0602   0.0000   0.0000   0.0000
    5489   5.0019  10.0911  17.9546   0.0000   0.0000   0.0000
    5490   4.2795  10.9505  18.0089   0.0000   0.0000   0.0000
    5491   4.6262  10.5637  18.4058   0.0000   0.0000   0.0000
    5492   5.3579  11.0449  17.8907   0.0000   0.0000   0.0000
    5493   5.0109  11.3727  17.7173   0.0000   0.0000   0.0000
    5494   5.1098  11.3124  18.4493   0.0000   0.0000   0.0000
    5495   5.6602  11.5793  17.9149   0.0000   0.0000   0.0000
    5496   6.2912  11.5576  18.0492   0.0000   0.0000   0.0000
    5497   5.6405  10.9031  18.1866   0.0000   0.0000   0.0000
    5498   5.6469  11.7547  17.1723   0.0000   0.0000   0.0000
    5499   5.8319  11.4981  17.0903   0.0000   0.0000   0.0000
    5500   5.5378  12.1709  16.8653   0.0000   0.0000   0.0000
    5501   5.9379  11.8477  17.2136   0.0000   0.0000   0.0000
    5502   5.6528  11.8030  17.4844   0.0000   0.0000   0.0000
    5503   5.2866  11.6610  17.9716   0.0000   0.0000   0.0000
    5504   5.7758  12.2735  17.2550   0.0000   0.0000   0.0000
    5505   5.4596  12.0438  16.7518   0.0000   0.0000   0.0000
    5506   5.3943  11.5706  16.1524   0.0000   0.0000   0.0000
    5507   5.9185  11.7190  15.6259   0.0000   0.0000   0.0000
    5508   5.7367  10.9795  16.0978   0.0000   0.0000   0.0000
    5509   5.6386  11.2755  15.9152   0.0000   0.0000   0.0000
    5510   5.4301  11.7327  15.2080   0.0000   0.0000   0.0000
    5511   4.8597  11.0729  15.7816   0.0000   0.0000   0.0000
    5512   6.1950   9.8546  15.7848   0.0000   0.0000   0.0000
    5513   5.9399  10.6314  16.4753   0.0000   0.0000   0.0000
    5514   5.8418  10.3449  16.1642   0.0000   0.0000   0.0000
    5515   6.6536   9.8710  17.0378   0.0000   0.0000   0.0000
    5516   6.4793  10.7054  16.1725   0.0000   0.0000   0.0000
    5517   5.9198  10.6645  16.6554   0.0000   0.0000   0.0000
    5518   6.7829  10.8148  17.5931   0.0000   0.0000   0.0000
    5519   6.0950   9.6188  17.6248   0.0000   0.0000   0.0000
    5520   6.0035   9.4136  15.9654   0.0000   0.0000   0.0000
    5521   6.5111   9.6209  15.9692   0.0000   0.0000   0.0000
    5522   6.1841  10.7834  15.8010   0.0000   0.0000   0.0000
    5523   5.9851  10.7945  15.9112   0.0000   0.0000   0.0000
    5524   5.7634  10.8742  15.4752   0.0000   0.0000   0.0000
    5525   5.9131   9.6729  15.9101   0.0000   0.0000   0.0000
    5526   6.7969   9.9738  15.5739   0.0000   0.0000   0.0000
    5527   5.9735  10.8546  16.3005   0.0000   0.0000   0.0000
    5528   4.8929  11.3152  15.5842   0.0000   0.0000   0.0000
    5529   6.1531  11.3718  16.3589   0.0000   0.0000   0.0000
    5530   5.3165  10.5012  15.8069   0.0000   0.0000   0.0000
    5531   5.2633  10.8446  15.6722   0.0000   0.0000   0.0000
    5532   5.2126  11.8968  15.5532   0.0000   0.0000   0.0000
    5533   5.0277  11.9630  15.4975   0.0000   0.0000   0.0000
    5534   4.9676  11.6493  15.2702   0.0000   0.0000   0.0000
    5535   5.1447  11.2185  15.8409   0.0000   0.0000   0.0000
    5536   5.6461  11.5104  15.7518   0.0000   0.0000   0.0000
    5537   4.5872  11.6067  15.8067   0.0000   0.0000   0.0000
    5538   4.9087  12.6041  15.2846   0.0000   0.0000   0.0000
    5539   4.8686  10.8573  15.4128   0.0000   0.0000   0.0000
    5540   4.5414  11.2380  15.8335   0.0000   0.0000   0.0000
    5541   5.3346  10.5998  16.2211   0.0000   0.0000   0.0000
    5542   5.8433  11.5129  16.7247   0.0000   0.0000   0.0000
    5543   4.9845  11.3704  16.8657   0.0000   0.0000   0.0000
    5544   6.4980  11.5080  17.7115   0.0000   0.0000   0.0000
    5545   5.9730  10.9983  17.0449   0.0000   0.0000   0.0000
    5546   5.5207  11.6005  16.9827   0.0000   0.0000   0.0000
    5547   5.4847  11.9867  16.4691   0.0000   0.0000   0.0000
    5548   5.3008  11.2812  18.1142   0.0000   0.0000   0.0000
    5549   5.5341  11.7071  17.6204   0.0000   0.0000   0.0000
    5550   5.2173  10.5268  16.8626   0.0000   0.0000   0.0000
    5551   5.0930  10.9642  16.7452   0.0000   0.0000   0.0000
    5552   5.2652  11.0152  16.5947   0.0000   0.0000   0.0000
    5553   5.3593  11.1091  16.3118   0.0000   0.0000   0.0000
    5554   5.6625  11.0284  17.1537   0.0000   0.0000   0.0000
    5555   5.6126  10.7838  17.5517   0.0000   0.0000   0.0000
    5556   6.0752  11.6250  16.5889   0.0000   0.0000   0.0000
    5557   5.9543  11.1942  17.2330   0.0000   0.0000   0.0000
    5558   6.2942  11.5057  16.9739   0.0000   0.0000   0.0000
    5559   5.7012  11.1545  16.8446   0.0000   0.0000   0.0000
    5560   5.1342  11.4666  16.8455   0.0000   0.0000   0.0000
    5561   5.9314  11.5743  16.6852   0.0000   0.0000   0.0000
    5562   5.2556  12.0240  16.5029   0.0000   0.0000   0.0000
    5563   6.0164  11.0880  16.0705   0.0000   0.0000   0.0000
    5564   5.6913  11.3314  16.2657   0.0000   0.0000   0.0000
    5565   5.8603  11.5351  16.7511   0.0000   0.0000   0.0000
    5566   5.2292  11.4075  16.5906   0.0000   0.0000   0.0000
    5567   5.2932  11.5065  16.4793   0.0000   0.0000   0.0000
    5568   5.2139  11.7361  16.5297   0.0000   0.0000   0.0000
    5569   5.0822  12.0893  17.7402   0.0000   0.0000   0.0000
    5570   4.8489  11.9488  17.2626   0.0000   0.0000   0.0000
    5571   4.0305  11.3563  16.8485   0.0000   0.0000   0.0000
    5572   4.6750  11.5384  16.8630   0.0000   0.0000   0.0000
    5573   4.6680  10.3214  17.0587   0.0000   0.0000   0.0000
    5574   3.8147  11.2864  17.0286   0.0000   0.0000   0.0000
    5575   3.7556  11.4751  17.2381   0.0000   0.0000   0.0000
    5576   4.7848  11.6418  17.3457   0.0000   0.0000   0.0000
    5577   4.9358  11.2003  17.4683   0.0000   0.0000   0.0000
    5578   6.0325  11.2312  17.8559   0.0000   0.0000   0.0000
    5579   5.6647  11.6146  18.2425   0.0000   0.0000   0.0000
    5580   5.9027  11.1272  17.1012   0.0000   0.0000   0.0000
    5581   4.6394  11.2717  16.9273   0.0000   0.0000   0.0000
    5582   5.9237  10.9081  16.5969   0.0000   0.0000   0.0000
    5583   5.7198  11.3460  16.6287   0.0000   0.0000   0.0000
    5584   5.8830  11.4008  16.2813   0.0000   0.0000   0.0000
    5585   5.9387  10.9324  16.3093   0.0000   0.0000   0.0000
    5586   5.9387  12.0550  16.1495   0.0000   0.0000   0.0000
    5587   5.6674  11.9618  16.5359   0.0000   0.0000   0.0000
    5588   5.3303  11.6855  16.3162   0.0000   0.0000   0.0000
    5589   6.0155  11.4448  15.9727   0.0000   0.0000   0.0000
    5590   5.8880  12.3015  15.3241   0.0000   0.0000   0.0000
    5591   5.4178  12.4858  15.8774   0.0000   0.0000   0.0000
    5592   5.7456  12.3535  16.4091   0.0000   0.0000   0.0000
    5593   5.7668  11.4844  15.8275   0.0000   0.0000   0.0000
    5594   5.8811  12.1798  16.0127   0.0000   0.0000   0.0000
    5595   5.5602  11.7677  15.9141   0.0000   0.0000   0.0000
    5596   6.1683  12.0122  15.6779   0.0000   0.0000   0.0000
    5597   6.6182  11.6477  15.9419   0.0000   0.0000   0.0000
    5598   4.9924  12.6375  16.7133   0.0000   0.0000   0.0000
    5599   6.7782  12.5183  16.5615   0.0000   0.0000   0.0000
    5600   5.5799  12.9195  16.7143   0.0000   0.0000   0.0000
    5601   5.9681  12.5597  16.3696   0.0000   0.0000   0.0000
    5602   6.2207  13.2343  16.5702   0.0000   0.0000   0.0000
    5603   6.1534  13.6411  16.7894   0.0000   0.0000   0.0000
    5604   6.3608  13.4638  17.2274   0.0000   0.0000   0.0000
    5605   6.1748  13.3176  17.4327   0.0000   0.0000   0.0000
    5606   6.9087  13.0960  17.3547   0.0000   0.0000   0.0000
    5607   6.7089  13.0738  16.7955   0.0000   0.0000   0.0000
    5608   7.4691  12.4712  17.1439   0.0000   0.0000   0.0000
    5609   7.7594  13.7029  16.8723   0.0000   0.0000   0.0000
    5610   7.4633  12.5614  17.0354   0.0000   0.0000   0.0000
    5611   6.6603  12.3198  17.7668   0.0000   0.0000   0.0000
    5612   8.0866  12.2138  16.8777   0.0000   0.0000   0.0000
    5613   7.4062  12.2756  17.1163   0.0000   0.0000   0.0000
    5614   7.2172  13.4432  17.1308   0.0000   0.0000   0.0000
    5615   7.7306  13.1294  16.7949   0.0000   0.0000   0.0000
    5616   7.6577  12.7894  16.7364   0.0000   0.0000   0.0000
    5617   8.4644  12.4415  18.0892   0.0000   0.0000   0.0000
    5618   7.8529  12.6434  16.7801   0.0000   0.0000   0.0000
    5619   8.0022  12.1045  17.6468   0.0000   0.0000   0.0000
    5620   8.4994  12.6284  17.4941   0.0000   0.0000   0.0000
    5621   8.6761  12.4194  17.5210   0.0000   0.0000   0.0000
    5622   7.7732  12.9391  17.5179   0.0000   0.0000   0.0000
    5623   6.7663  13.0636  16.5505   0.0000   0.0000   0.0000
    5624   6.9400  13.2089  17.0085   0.0000   0.0000   0.0000
    5625   6.4617  12.8306  17.7894   0.0000   0.0000   0.0000
    5626   7.0374  12.6315  17.2267   0.0000   0.0000   0.0000
    5627   7.1349  11.8230  16.6593   0.0000   0.0000   0.0000
    5628   6.7624  12.0064  16.8168   0.0000   0.0000   0.0000
    5629   7.5572  11.0771  17.1265   0.0000   0.0000   0.0000
    5630   7.2426  11.6298  16.3613   0.0000   0.0000   0.0000
    5631   6.8294  11.3441  16.1812   0.0000   0.0000   0.0000
    5632   5.9245  11.6131  17.6386   0.0000   0.0000   0.0000
    5633   6.2057  12.0171  17.7493   0.0000   0.0000   0.0000
    5634   5.9172  11.5139  18.0851   0.0000   0.0000   0.0000
    5635   5.7913  11.6731  18.5788   0.0000   0.0000   0.0000
    5636   6.2250  11.8149  17.2633   0.0000   0.0000   0.0000
    5637   6.5985  11.9943  16.7583   0.0000   0.0000   0.0000
    5638   6.7270  12.3923  17.1758   0.0000   0.0000   0.0000
    5639   6.0628  10.7235  17.4310   0.0000   0.0000   0.0000
    5640   6.2640  11.6566  17.6560   0.0000   0.0000   0.0000
    5641   6.8224  10.5865  17.9407   0.0000   0.0000   0.0000
    5642   5.7239  11.9281  16.8635   0.0000   0.0000   0.0000
    5643   5.9650  11.6106  17.6551   0.0000   0.0000   0.0000
    5644   5.4937  11.6263  16.6124   0.0000   0.0000   0.0000
    5645   5.8547  11.1517  17.1293   0.0000   0.0000   0.0000
    5646   4.7136  11.7503  17.3124   0.0000   0.0000   0.0000
    5647   5.2875  11.0359  17.7669   0.0000   0.0000   0.0000
    5648   5.2375  10.9586  17.5550   0.0000   0.0000   0.0000
    5649   4.2613  10.5872  17.5000   0.0000   0.0000   0.0000
    5650   4.8795  10.4887  18.8117   0.0000   0.0000   0.0000
    5651   5.5571   9.8163  18.5395   0.0000   0.0000   0.0000
    5652   5.4994  10.3851  18.9582   0.0000   0.0000   0.0000
    5653   4.9790  10.8799  17.6436   0.0000   0.0000   0.0000
    5654   3.8798  10.8875  18.6052   0.0000   0.0000   0.0000
    5655   3.5174  11.1120  18.9063   0.0000   0.0000   0.0000
    5656   4.4394  10.8830  18.8499   0.0000   0.0000   0.0000
    5657   4.9012  11.2794  19.2909   0.0000   0.0000   0.0000
    5658   3.7098  10.4296  18.3993   0.0000   0.0000   0.0000
    5659   5.0509  11.1608  18.2838   0.0000   0.0000   0.0000
    5660   5.0784  11.9189  17.8960   0.0000   0.0000   0.0000
    5661   5.4714  12.0723  18.4423   0.0000   0.0000   0.0000
    5662   5.5715  12.3467  17.6649   0.0000   0.0000   0.0000
    5663   5.5267  11.9863  18.4066   0.0000   0.0000   0.0000
    5664   4.6407  11.7933  16.9822   0.0000   0.0000   0.0000
    5665   5.1509  11.9776  17.0060   0.0000   0.0000   0.0000
    5666   6.0010  10.7598  16.9550   0.0000   0.0000   0.0000
    5667   5.1827  12.2957  16.1770   0.0000   0.0000   0.0000
    5668   6.1026  11.2987  16.9540   0.0000   0.0000   0.0000
    5669   5.6050  11.4345  17.7376   0.0000   0.0000   0.0000
    5670   5.6359  11.1855  17.4866   0.0000   0.0000   0.0000
    5671   5.7746  11.0549  17.6916   0.0000   0.0000   0.0000
    5672   5.7482  11.1755  16.3916   0.0000   0.0000   0.0000
    5673   5.8026  11.4945  17.2491   0.0000   0.0000   0.0000
    5674   5.1452  11.7001  18.4853   0.0000   0.0000   0.0000
    5675   5.7323  12.2563  16.7258   0.0000   0.0000   0.0000
    5676   5.6989  11.6002  18.4321   0.0000   0.0000   0.0000
    5677   5.9211  11.3914  18.4501   0.0000   0.0000   0.0000
    5678   5.2910  11.2527  18.4806   0.0000   0.0000   0.0000
    5679   5.7359  10.6312  18.6920   0.0000   0.0000   0.0000
    5680   5.9047  11.1575  18.4538   0.0000   0.0000   0.0000
    5681   5.6631  10.3964  17.9727   0.0000   0.0000   0.0000
    5682   6.0021  10.5917  17.5498   0.0000   0.0000   0.0000
    5683   5.0029  11.2915  16.7451   0.0000   0.0000   0.0000
    5684   5.4077  11.7064  18.5241   0.0000   0.0000   0.0000
    5685   5.2659  11.6513  17.8373   0.0000   0.0000   0.0000
    5686   6.4292  10.6390  17.6204   0.0000   0.0000   0.0000
    5687   5.0615  11.9830  16.6325   0.0000   0.0000   0.0000
    5688   5.4955  12.2431  17.2629   0.0000   0.0000   0.0000
    5689   5.7774  11.8295  17.8842   0.0000   0.0000   0.0000
    5690   5.5611  11.7480  17.0074   0.0000   0.0000   0.0000
    5691   5.3814  11.3372  18.7306   0.0000   0.0000   0.0000
    5692   5.8126  10.8381  19.2329   0.0000   0.0000   0.0000
    5693   6.0615  11.9514  18.6890   0.0000   0.0000   0.0000
    5694   6.5698  11.6990  17.8141   0.0000   0.0000   0.0000
    5695   6.1700  11.8319  17.2390   0.0000   0.0000   0.0000
    5696   5.7586  10.8820  17.2154   0.0000   0.0000   0.0000
    5697   5.7004  12.3009  16.5958   0.0000   0.0000   0.0000
    5698   6.0450  12.3937  17.0591   0.0000   0.0000   0.0000
    5699   5.5551  12.1469  16.6423   0.0000   0.0000   0.0000
    5700   5.9688  12.4979  16.5530   0.0000   0.0000   0.0000
    5701   5.2134  11.9363  16.7353   0.0000   0.0000   0.0000
    5702   4.9193  11.8246  17.1506   0.0000   0.0000   0.0000
    5703   4.8732  11.6425  16.7096   0.0000   0.0000   0.0000
    5704   5.0690  12.6122  16.2705   0.0000   0.0000   0.0000
    5705   5.7814  12.5701  17.2451   0.0000   0.0000   0.0000
    5706   5.4360  12.6402  17.6824   0.0000   0.0000   0.0000
    5707   6.0111  12.8408  17.4939   0.0000   0.0000   0.0000
    5708   5.5186  12.8622  18.1459   0.0000   0.0000   0.0000
    5709   5.5069  14.2988  18.1051   0.0000   0.0000   0.0000
    5710   5.8635  13.0440  17.8510   0.0000   0.0000   0.0000
    5711   5.4046  11.7355  16.8822   0.0000   0.0000   0.0000
    5712   5.1728  12.4756  17.2811   0.0000   0.0000   0.0000
    5713   4.1859  13.1854  17.0223   0.0000   0.0000   0.0000
    5714   4.3627  13.3673  16.5627   0.0000   0.0000   0.0000
    5715   3.4473  12.1829  17.1158   0.0000   0.0000   0.0000
    5716   4.8557  13.3603  17.7243   0.0000   0.0000   0.0000
    5717   4.4293  13.0842  16.6900   0.0000   0.0000   0.0000
    5718   4.0494  13.1977  16.9133   0.0000   0.0000   0.0000
    5719   4.5031  12.8374  16.4179   0.0000   0.0000   0.0000
    5720   4.7811  13.0287  16.9628   0.0000   0.0000   0.0000
    5721   5.7356  12.7517  17.6301   0.0000   0.0000   0.0000
    5722   5.0670  12.3224  17.3298   0.0000   0.0000   0.0000
    5723   5.5736  11.9654  19.5984   0.0000   0.0000   0.0000
    5724   5.7719  13.6531  18.0246   0.0000   0.0000   0.0000
    5725   5.1190  12.8618  16.7724   0.0000   0.0000   0.0000
    5726   5.7481  12.6419  17.0948   0.0000   0.0000   0.0000
    5727   5.0694  12.5921  17.2815   0.0000   0.0000   0.0000
    5728   5.2718  11.9219  16.7672   0.0000   0.0000   0.0000
    5729   5.3758  11.9841  17.2547   0.0000   0.0000   0.0000
    5730   6.7495  13.1951  17.2906   0.0000   0.0000   0.0000
    5731   6.7170  12.3044  16.6894   0.0000   0.0000   0.0000
    5732   7.5103  12.8376  17.3129   0.0000   0.0000   0.0000
    5733   5.7684  12.7982  17.2765   0.0000   0.0000   0.0000
    5734   6.7186  12.4635  17.0920   0.0000   0.0000   0.0000
    5735   6.4437  11.8964  15.8500   0.0000   0.0000   0.0000
    5736   6.2942  12.7320  15.8508   0.0000   0.0000   0.0000
    5737   6.0972  11.7971  16.7682   0.0000   0.0000   0.0000
    5738   6.2257  12.6375  17.0720   0.0000   0.0000   0.0000
    5739   6.1591  12.3756  17.1354   0.0000   0.0000   0.0000
    5740   6.0664  12.0995  16.6912   0.0000   0.0000   0.0000
    5741   6.2096  11.9369  15.3223   0.0000   0.0000   0.0000
    5742   6.6176  12.3066  16.0494   0.0000   0.0000   0.0000
    5743   6.5570  12.0486  15.9835   0.0000   0.0000   0.0000
    5744   6.5789  11.9402  16.4041   0.0000   0.0000   0.0000
    5745   6.7264  11.8943  16.7043   0.0000   0.0000   0.0000
    5746   6.0321  12.0871  16.1236   0.0000   0.0000   0.0000
    5747   5.2478  12.1716  15.9668   0.0000   0.0000   0.0000
    5748   5.2699  11.1273  16.6529   0.0000   0.0000   0.0000
    5749   5.1402  11.2934  16.1707   0.0000   0.0000   0.0000
    5750   5.1340  11.2498  16.6858   0.0000   0.0000   0.0000
    5751   5.5185  11.5380  16.4003   0.0000   0.0000   0.0000
    5752   5.2830  11.3266  17.3609   0.0000   0.0000   0.0000
    5753   5.0243  10.5515  16.9242   0.0000   0.0000   0.0000
    5754   5.6688  10.5488  17.1679   0.0000   0.0000   0.0000
    5755   5.3444  10.9949  17.3233   0.0000   0.0000   0.0000
    5756   4.9928  11.1309  16.3070   0.0000   0.0000   0.0000
    5757   5.7825  12.3717  17.5524   0.0000   0.0000   0.0000
    5758   5.5302  11.5516  17.8023   0.0000   0.0000   0.0000
    5759   5.1525  11.0691  17.9537   0.0000   0.0000   0.0000
    5760   5.6501  11.2197  18.6948   0.0000   0.0000   0.0000
    5761   5.2976  11.5447  17.1223   0.0000   0.0000   0.0000
    5762   4.2510  12.3352  17.0089   0.0000   0.0000   0.0000
    5763   4.3683  12.2327  17.5026   0.0000   0.0000   0.0000
    5764   5.7634  11.6847  16.4926   0.0000   0.0000   0.0000
    5765   4.3446  11.7596  16.6294   0.0000   0.0000   0.0000
    5766   3.4389  11.3538  17.0136   0.0000   0.0000   0.0000
    5767   5.2157  11.2389  17.1315   0.0000   0.0000   0.0000
    5768   3.8369  11.7193  17.1204   0.0000   0.0000   0.0000
    5769   3.9849  11.3735  17.6557   0.0000   0.0000   0.0000
    5770   4.7069  10.1200  17.3328   0.0000   0.0000   0.0000
    5771   4.0448  11.0038  17.7905   0.0000   0.0000   0.0000
    5772   4.8103  10.9469  17.5997   0.0000   0.0000   0.0000
    5773   4.2881  10.4981  18.0848   0.0000   0.0000   0.0000
    5774   4.3866  11.0741  17.9064   0.0000   0.0000   0.0000
    5775   4.2067  10.2190  17.7865   0.0000   0.0000   0.0000
    5776   2.8705  10.8909  17.7713   0.0000   0.0000   0.0000
    5777   3.2177  10.4568  16.9087   0.0000   0.0000   0.0000
    5778   4.3295  11.3459  16.5459   0.0000   0.0000   0.0000
    5779   3.7151  11.0740  18.1435   0.0000   0.0000   0.0000
    5780   3.5843  11.2450  18.0778   0.0000   0.0000   0.0000
    5781   4.6103  10.4624  19.2416   0.0000   0.0000   0.0000
    5782   3.3688   9.6601  18.3801   0.0000   0.0000   0.0000
    5783   4.7926  10.3998  17.6591   0.0000   0.0000   0.0000
    5784   4.6754  10.8540  17.6089   0.0000   0.0000   0.0000
    5785   4.5559  10.9909  17.4462   0.0000   0.0000   0.0000
    5786   4.6117  10.2927  17.1355   0.0000   0.0000   0.0000
    5787   4.1348  10.2777  17.3068   0.0000   0.0000   0.0000
    5788   5.1043  10.1317  16.3670   0.0000   0.0000   0.0000
    5789   3.5551  10.0979  17.4410   0.0000   0.0000   0.0000
    5790   4.8952   9.9596  16.9581   0.0000   0.0000   0.0000
    5791   4.2574  10.6229  16.2596   0.0000   0.0000   0.0000
    5792   4.6369  11.1128  15.7832   0.0000   0.0000   0.0000
    5793   4.1615  10.6743  15.8462   0.0000   0.0000   0.0000
    5794   3.8589  10.3963  16.5760   0.0000   0.0000   0.0000
    5795   4.3874  11.4308  15.8448   0.0000   0.0000   0.0000
    5796   3.7636  11.4061  16.1820   0.0000   0.0000   0.0000
    5797   3.6074  11.5352  15.8334   0.0000   0.0000   0.0000
    5798   5.3043  11.1721  16.0442   0.0000   0.0000   0.0000
    5799   4.0626  11.2216  16.7697   0.0000   0.0000   0.0000
    5800   3.5713  11.2029  16.3200   0.0000   0.0000   0.0000
    5801   3.4128  11.4755  15.8529   0.0000   0.0000   0.0000
    5802   3.9473  10.9637  16.0721   0.0000   0.0000   0.0000
    5803   4.1883  11.0381  16.5222   0.0000   0.0000   0.0000
    5804   4.3783  10.6506  16.0156   0.0000   0.0000   0.0000
    5805   4.1721  10.3999  16.4033   0.0000   0.0000   0.0000
    5806   4.9901  10.6356  16.2404   0.0000   0.0000   0.0000
    5807   4.7026  10.6010  17.3379   0.0000   0.0000   0.0000
    5808   4.5792  10.4336  17.0943   0.0000   0.0000   0.0000
    5809   4.0188  10.4667  17.2365   0.0000   0.0000   0.0000
    5810   5.3537  11.0259  17.0908   0.0000   0.0000   0.0000
    5811   5.4551  10.9590  17.4105   0.0000   0.0000   0.0000
    5812   4.3032  10.5043  17.2632   0.0000   0.0000   0.0000
    5813   4.6902  11.0024  17.6976   0.0000   0.0000   0.0000
    5814   4.3377  10.7335  17.6429   0.0000   0.0000   0.0000
    5815   5.5519  10.6611  17.8574   0.0000   0.0000   0.0000
    5816   5.5486  10.9011  18.1171   0.0000   0.0000   0.0000
    5817   5.7747  10.8189  17.5833   0.0000   0.0000   0.0000
    5818   5.9466  10.4647  17.4821   0.0000   0.0000   0.0000
    5819   6.9935   9.8176  17.7534   0.0000   0.0000   0.0000
    5820   5.5194   9.7983  17.2047   0.0000   0.0000   0.0000
    5821   5.9841  10.2014  17.3838   0.0000   0.0000   0.0000
    5822   5.4237   9.3365  17.5682   0.0000   0.0000   0.0000
    5823   5.2333  10.0324  17.0437   0.0000   0.0000   0.0000
    5824   3.8783   9.9937  17.3144   0.0000   0.0000   0.0000
    5825   4.9939  10.1307  17.3681   0.0000   0.0000   0.0000
    5826   3.1478  10.4315  17.0974   0.0000   0.0000   0.0000
    5827   4.3807  10.2878  17.8057   0.0000   0.0000   0.0000
    5828   3.9458   9.4760  17.2769   0.0000   0.0000   0.0000
    5829   5.3296   9.8434  17.1733   0.0000   0.0000   0.0000
    5830   4.9025   9.5371  17.5073   0.0000   0.0000   0.0000
    5831   5.2850  10.4550  17.4167   0.0000   0.0000   0.0000
    5832   4.4219  10.5023  17.7550   0.0000   0.0000   0.0000
    5833   4.6757  10.2534  16.5519   0.0000   0.0000   0.0000
    5834   5.0394  10.7908  16.6464   0.0000   0.0000   0.0000
    5835   4.1046   9.6876  17.3529   0.0000   0.0000   0.0000
    5836   4.3793   9.5541  17.2307   0.0000   0.0000   0.0000
    5837   5.2377   9.1554  17.4642   0.0000   0.0000   0.0000
    5838   4.5289  10.1334  17.2833   0.0000   0.0000   0.0000
    5839   4.6585  10.2770  17.0194   0.0000   0.0000   0.0000
    5840   4.5403  10.6315  16.8313   0.0000   0.0000   0.0000
    5841   4.8986  10.2354  17.5514   0.0000   0.0000   0.0000
    5842   4.9035   9.6370  17.4980   0.0000   0.0000   0.0000
    5843   4.7653   9.5313  17.4494   0.0000   0.0000   0.0000
    5844   5.7709  10.0591  17.0536   0.0000   0.0000   0.0000
    5845   5.7793   8.9645  17.1536   0.0000   0.0000   0.0000
    5846   5.1752   8.5934  17.1679   0.0000   0.0000   0.0000
    5847   4.7618   8.8755  17.4140   0.0000   0.0000   0.0000
    5848   4.6054   8.3955  16.5010   0.0000   0.0000   0.0000
    5849   4.4858   8.5942  16.1943   0.0000   0.0000   0.0000
    5850   4.4120   8.8194  16.2621   0.0000   0.0000   0.0000
    5851   4.0564   8.9533  15.4741   0.0000   0.0000   0.0000
    5852   4.3627   9.1815  15.7156   0.0000   0.0000   0.0000
    5853   5.3663   9.0468  15.7385   0.0000   0.0000   0.0000
    5854   4.3704   8.3672  16.3913   0.0000   0.0000   0.0000
    5855   4.6945   8.7075  17.0078   0.0000   0.0000   0.0000
    5856   4.3331   8.8534  16.8244   0.0000   0.0000   0.0000
    5857   4.7770   9.3544  16.8143   0.0000   0.0000   0.0000
    5858   3.8197   9.1758  16.4322   0.0000   0.0000   0.0000
    5859   4.2699   8.8703  17.2154   0.0000   0.0000   0.0000
    5860   3.7935   9.3957  16.2530   0.0000   0.0000   0.0000
    5861   2.4390  10.1029  16.2047   0.0000   0.0000   0.0000
    5862   3.3342  10.4988  15.6546   0.0000   0.0000   0.0000
    5863   4.1639  10.4311  16.3677   0.0000   0.0000   0.0000
    5864   3.8130  10.5080  16.6808   0.0000   0.0000   0.0000
    5865   4.7101  10.4651  16.3299   0.0000   0.0000   0.0000
    5866   5.1349  10.2789  16.2158   0.0000   0.0000   0.0000
    5867   3.9807  10.0584  16.2500   0.0000   0.0000   0.0000
    5868   4.2916   9.7927  15.7030   0.0000   0.0000   0.0000
    5869   3.9585  10.1072  15.7057   0.0000   0.0000   0.0000
    5870   4.0047   9.8294  14.7858   0.0000   0.0000   0.0000
    5871   4.2757   9.7086  13.7529   0.0000   0.0000   0.0000
    5872   3.9640   9.2970  13.9208   0.0000   0.0000   0.0000
    5873   4.2658   9.1190  14.8329   0.0000   0.0000   0.0000
    5874   5.2981   9.4686  14.5367   0.0000   0.0000   0.0000
    5875   4.6167   9.4424  15.0943   0.0000   0.0000   0.0000
    5876   4.6427   8.5784  15.2884   0.0000   0.0000   0.0000
    5877   4.7648   8.8947  14.6665   0.0000   0.0000   0.0000
    5878   5.0312   9.4664  14.7383   0.0000   0.0000   0.0000
    5879   4.0781   9.2789  14.7133   0.0000   0.0000   0.0000
    5880   4.5932   8.8985  15.3549   0.0000   0.0000   0.0000
    5881   4.7419   8.7794  16.5562   0.0000   0.0000   0.0000
    5882   4.5693   9.8652  15.8248   0.0000   0.0000   0.0000
    5883   4.6577   9.4003  15.0872   0.0000   0.0000   0.0000
    5884   3.9734   8.5356  15.2096   0.0000   0.0000   0.0000
    5885   5.3136   9.2925  15.0110   0.0000   0.0000   0.0000
    5886   5.4160   8.9868  16.3509   0.0000   0.0000   0.0000
    5887   4.8410   8.9191  16.0044   0.0000   0.0000   0.0000
    5888   3.9710   9.0838  16.6809   0.0000   0.0000   0.0000
    5889   3.7845   8.8158  16.3493   0.0000   0.0000   0.0000
    5890   4.1963   8.8725  16.8976   0.0000   0.0000   0.0000
    5891   4.9850   9.7054  16.6159   0.0000   0.0000   0.0000
    5892   4.3101   9.1829  16.9095   0.0000   0.0000   0.0000
    5893   4.6350   9.0399  16.7343   0.0000   0.0000   0.0000
    5894   5.2220   8.6739  16.4976   0.0000   0.0000   0.0000
    5895   4.5042   8.0696  17.2495   0.0000   0.0000   0.0000
    5896   5.0620   7.9302  16.9586   0.0000   0.0000   0.0000
    5897   5.2506   7.1205  17.0349   0.0000   0.0000   0.0000
    5898   4.9098   8.7122  17.5011   0.0000   0.0000   0.0000
    5899   5.3111   8.4997  17.0201   0.0000   0.0000   0.0000
    5900   5.1598   8.2414  16.3971   0.0000   0.0000   0.0000
    5901   5.1020   9.0211  17.1265   0.0000   0.0000   0.0000
    5902   4.8510   8.9432  17.2798   0.0000   0.0000   0.0000
    5903   4.7150   9.2308  17.1937   0.0000   0.0000   0.0000
    5904   5.2038   9.0510  17.2803   0.0000   0.0000   0.0000
    5905   5.0087   9.0902  17.0422   0.0000   0.0000   0.0000
    5906   6.2159   8.7220  18.1493   0.0000   0.0000   0.0000
    5907   5.5073   8.9210  17.7528   0.0000   0.0000   0.0000
    5908   4.5999   9.4746  17.1977   0.0000   0.0000   0.0000
    5909   4.9663   8.9228  17.4706   0.0000   0.0000   0.0000
    5910   3.4646   8.9043  17.2468   0.0000   0.0000   0.0000
    5911   5.3437   9.2954  17.8394   0.0000   0.0000   0.0000
    5912   4.8019   9.5978  17.6962   0.0000   0.0000   0.0000
    5913   4.2396   9.0823  17.9558   0.0000   0.0000   0.0000
    5914   4.5314   9.6064  18.4476   0.0000   0.0000   0.0000
    5915   5.3729   8.3742  17.6578   0.0000   0.0000   0.0000
    5916   5.1266   9.5150  18.2538   0.0000   0.0000   0.0000
    5917   5.2629   8.9769  18.5458   0.0000   0.0000   0.0000
    5918   5.7291   9.6726  18.5674   0.0000   0.0000   0.0000
    5919   4.8535   9.4199  18.2109   0.0000   0.0000   0.0000
    5920   4.7844   8.8278  17.8286   0.0000   0.0000   0.0000
    5921   5.0554   8.3112  17.3744   0.0000   0.0000   0.0000
    5922   5.0470   9.6024  18.0075   0.0000   0.0000   0.0000
    5923   4.4882   8.5362  17.4555   0.0000   0.0000   0.0000
    5924   4.8713   9.2337  17.9701   0.0000   0.0000   0.0000
    5925   5.4686   8.7831  17.7238   0.0000   0.0000   0.0000
    5926   4.6334   9.1051  17.4914   0.0000   0.0000   0.0000
    5927   5.3296   8.9696  17.3834   0.0000   0.0000   0.0000
    5928   5.9241   9.1126  18.2785   0.0000   0.0000   0.0000
    5929   5.3257   9.6183  18.0988   0.0000   0.0000   0.0000
    5930   4.4299   9.7335  18.3030   0.0000   0.0000   0.0000
    5931   4.4322   9.0466  18.0087   0.0000   0.0000   0.0000
    5932   4.4154   9.4149  17.0943   0.0000   0.0000   0.0000
    5933   4.9817   9.4161  18.1205   0.0000   0.0000   0.0000
    5934   5.8992   9.4229  18.2550   0.0000   0.0000   0.0000
    5935   5.3976   9.0592  17.2880   0.0000   0.0000   0.0000
    5936   5.4954   9.5882  18.1758   0.0000   0.0000   0.0000
    5937   5.9512   8.8233  17.0992   0.0000   0.0000   0.0000
    5938   6.1499   9.7957  17.5975   0.0000   0.0000   0.0000
    5939   5.9699   9.2270  17.6043   0.0000   0.0000   0.0000
    5940   5.5083   8.0486  18.0963   0.0000   0.0000   0.0000
    5941   5.1521   9.1556  17.4240   0.0000   0.0000   0.0000
    5942   6.2470   9.0034  17.9633   0.0000   0.0000   0.0000
    5943   5.8096   7.5325  17.5311   0.0000   0.0000   0.0000
    5944   5.1892   8.3971  18.5072   0.0000   0.0000   0.0000
    5945   4.3418   9.0499  18.3772   0.0000   0.0000   0.0000
    5946   5.2733   8.6542  18.6081   0.0000   0.0000   0.0000
    5947   3.7717   9.1388  17.9909   0.0000   0.0000   0.0000
    5948   4.5411   9.1450  18.3779   0.0000   0.0000   0.0000
    5949   3.2465  10.3246  18.6808   0.0000   0.0000   0.0000
    5950   3.9024   8.6042  18.4961   0.0000   0.0000   0.0000
    5951   3.0864   9.1229  18.4337   0.0000   0.0000   0.0000
    5952   4.3070   9.1799  18.9664   0.0000   0.0000   0.0000
    5953   3.4330   9.5013  18.3318   0.0000   0.0000   0.0000
    5954   3.0620   9.2498  18.4597   0.0000   0.0000   0.0000
    5955   3.3930   8.6620  18.4153   0.0000   0.0000   0.0000
    5956   3.6505   9.1167  18.4374   0.0000   0.0000   0.0000
    5957   4.2009   9.4532  18.5046   0.0000   0.0000   0.0000
    5958   5.0008   9.6614  18.1990   0.0000   0.0000   0.0000
    5959   4.7545   9.3637  18.2212   0.0000   0.0000   0.0000
    5960   3.7434   9.7003  18.0982   0.0000   0.0000   0.0000
    5961   3.9692   9.5057  18.9203   0.0000   0.0000   0.0000
    5962   4.0752   9.7513  18.3610   0.0000   0.0000   0.0000
    5963   3.7646   9.4090  18.4003   0.0000   0.0000   0.0000
    5964   3.5467   9.6171  19.8443   0.0000   0.0000   0.0000
    5965   3.1581   8.2149  19.2031   0.0000   0.0000   0.0000
    5966   4.6007   9.4320  18.4047   0.0000   0.0000   0.0000
    5967   2.7332  10.1687  18.8202   0.0000   0.0000   0.0000
    5968   3.0859   9.9543  18.2804   0.0000   0.0000   0.0000
    5969   3.2460  10.0964  18.2287   0.0000   0.0000   0.0000
    5970   2.5786  10.0208  17.8141   0.0000   0.0000   0.0000
    5971   2.8803   9.1131  18.0405   0.0000   0.0000   0.0000
    5972   4.3310   9.1056  19.0825   0.0000   0.0000   0.0000
    5973   2.8323   8.7689  18.8182   0.0000   0.0000   0.0000
    5974   2.3910   8.9865  18.4486   0.0000   0.0000   0.0000
    5975   2.3493   9.6044  17.8300   0.0000   0.0000   0.0000
    5976   2.3920   8.1237  18.4326   0.0000   0.0000   0.0000
    5977   2.8360   8.8559  18.7558   0.0000   0.0000   0.0000
    5978   2.9010   8.8540  18.6753   0.0000   0.0000   0.0000
    5979   3.3926   9.9003  18.1891   0.0000   0.0000   0.0000
    5980   3.3404   9.4349  17.8362   0.0000   0.0000   0.0000
    5981   3.8423   9.7726  17.6091   0.0000   0.0000   0.0000
    5982   3.9505   9.5275  17.8471   0.0000   0.0000   0.0000
    5983   4.7898   9.1960  19.0196   0.0000   0.0000   0.0000
    5984   4.2341   9.1118  18.5090   0.0000   0.0000   0.0000
    5985   3.3787  10.0953  17.1421   0.0000   0.0000   0.0000
    5986   3.8347   9.4340  18.2649   0.0000   0.0000   0.0000
    5987   3.2984   8.7877  18.0424   0.0000   0.0000   0.0000
    5988   4.3147   9.5824  18.2682   0.0000   0.0000   0.0000
    5989   3.2039   8.9874  17.1574   0.0000   0.0000   0.0000
    5990   3.9516   9.5912  17.2547   0.0000   0.0000   0.0000
    5991   4.1443   9.0694  17.4177   0.0000   0.0000   0.0000
    5992   4.7122   8.3287  16.7263   0.0000   0.0000   0.0000
    5993   2.4643   8.1068  17.1540   0.0000   0.0000   0.0000
    5994   2.9442   8.0953  17.6602   0.0000   0.0000   0.0000
    5995   3.5211   8.5002  18.0006   0.0000   0.0000   0.0000
    5996   2.9065   8.9131  16.7151   0.0000   0.0000   0.0000
    5997   3.0573   8.7998  17.4070   0.0000   0.0000   0.0000
    5998   2.6204  10.0083  16.9569   0.0000   0.0000   0.0000
    5999   3.0791   9.0065  15.6473   0.0000   0.0000   0.0000
    6000   2.7833   9.5249  16.4676   0.0000   0.0000   0.0000
