#Frame                                                     D36
       1  -1.7939   4.4638  11.0578   0.0000   0.0000   0.0000
       2  -1.1269   4.1149  11.2708   0.0000   0.0000   0.0000
       3  -0.0175   4.8962  12.4752   0.0000   0.0000   0.0000
       4  -0.1178   4.5580  12.5387   0.0000   0.0000   0.0000
       5  -0.1929   3.6685  12.4169   0.0000   0.0000   0.0000
       6  -0.1797   4.0836  12.2962   0.0000   0.0000   0.0000
       7  -0.3903   4.6153  10.9937   0.0000   0.0000   0.0000
       8  -0.2057   5.2669  11.6492   0.0000   0.0000   0.0000
       9   0.4770   5.2647  11.9778   0.0000   0.0000   0.0000
      10   0.5921   5.7287  11.7712   0.0000   0.0000   0.0000
      11  -0.3916   5.8334  11.3240   0.0000   0.0000   0.0000
      12  -1.1775   3.9248  11.7468   0.0000   0.0000   0.0000
      13  -1.8555   4.0002  12.1592   0.0000   0.0000   0.0000
      14  -2.1265   4.3049  12.2015   0.0000   0.0000   0.0000
      15  -1.8141   4.4062  11.1372   0.0000   0.0000   0.0000
      16  -1.8887   3.1539  11.1656   0.0000   0.0000   0.0000
      17  -0.9957   3.1074  11.3380   0.0000   0.0000   0.0000
      18  -1.6887   3.0796  10.4226   0.0000   0.0000   0.0000
      19  -1.9229   3.9298  10.5728   0.0000   0.0000   0.0000
      20  -0.7903   3.2523   9.6813   0.0000   0.0000   0.0000
      21  -1.0774   4.1444  10.5652   0.0000   0.0000   0.0000
      22  -0.8888   3.8864  11.0504   0.0000   0.0000   0.0000
      23  -1.0793   3.8493  10.5208   0.0000   0.0000   0.0000
      24  -0.9455   4.3752  10.9498   0.0000   0.0000   0.0000
      25  -1.1278   5.1053  11.0905   0.0000   0.0000   0.0000
      26  -2.8152   5.7516  11.4250   0.0000   0.0000   0.0000
      27  -1.1916   4.6712  11.4585   0.0000   0.0000   0.0000
      28  -1.4595   5.0267  11.7838   0.0000   0.0000   0.0000
      29  -1.2231   5.0076  10.8042   0.0000   0.0000   0.0000
      30  -1.3574   4.3008  12.0432   0.0000   0.0000   0.0000
      31  -0.8907   3.9796  10.2013   0.0000   0.0000   0.0000
      32  -1.3458   3.9464  11.1075   0.0000   0.0000   0.0000
      33  -1.0092   4.4194  11.4767   0.0000   0.0000   0.0000
      34  -0.8285   4.9765  11.3691   0.0000   0.0000   0.0000
      35  -1.8221   5.3172  11.7453   0.0000   0.0000   0.0000
      36  -1.9201   5.3171  11.7947   0.0000   0.0000   0.0000
      37  -1.6894   4.4523  12.2642   0.0000   0.0000   0.0000
      38  -1.8993   3.7330  12.5276   0.0000   0.0000   0.0000
      39  -1.8059   4.0585  11.2334   0.0000   0.0000   0.0000
      40  -1.4585   3.6372  11.1399   0.0000   0.0000   0.0000
      41  -0.9700   3.5906  11.1560   0.0000   0.0000   0.0000
      42  -1.1551   3.8207  11.8624   0.0000   0.0000   0.0000
      43  -0.9140   4.3677  11.9218   0.0000   0.0000   0.0000
      44  -1.3578   3.5331  11.8925   0.0000   0.0000   0.0000
      45  -1.4355   3.4353  12.6600   0.0000   0.0000   0.0000
      46  -2.1089   3.1700  13.1271   0.0000   0.0000   0.0000
      47  -1.6697   3.8567  11.9842   0.0000   0.0000   0.0000
      48  -2.2712   3.0742  12.7172   0.0000   0.0000   0.0000
      49  -1.8191   4.1917  11.4027   0.0000   0.0000   0.0000
      50  -1.0288   5.4515  12.1564   0.0000   0.0000   0.0000
      51  -1.3412   5.5068  12.3664   0.0000   0.0000   0.0000
      52  -1.0308   5.2835  12.8125   0.0000   0.0000   0.0000
      53  -0.3693   5.5784  12.2248   0.0000   0.0000   0.0000
      54  -1.2938   5.8795  13.1847   0.0000   0.0000   0.0000
      55  -1.6040   4.7119  13.4887   0.0000   0.0000   0.0000
      56  -0.3119   5.4670  12.8043   0.0000   0.0000   0.0000
      57  -0.4373   4.7702  13.2405   0.0000   0.0000   0.0000
      58  -1.4508   4.9781  12.6457   0.0000   0.0000   0.0000
      59  -0.7405   3.4804  11.8724   0.0000   0.0000   0.0000
      60  -0.7537   4.0932  11.6907   0.0000   0.0000   0.0000
      61  -0.6118   4.3238  11.3274   0.0000   0.0000   0.0000
      62  -0.9857   4.5934  11.2539   0.0000   0.0000   0.0000
      63  -0.1974   4.6183  10.1424   0.0000   0.0000   0.0000
      64   0.5685   4.2403  11.7333   0.0000   0.0000   0.0000
      65   0.0697   3.5000  11.7365   0.0000   0.0000   0.0000
      66  -1.1625   4.8800  11.4927   0.0000   0.0000   0.0000
      67  -0.7341   4.6031  11.1790   0.0000   0.0000   0.0000
      68  -0.8639   4.7288  11.5604   0.0000   0.0000   0.0000
      69  -0.9809   4.0386  11.7580   0.0000   0.0000   0.0000
      70  -1.2109   4.0922  11.0896   0.0000   0.0000   0.0000
      71  -0.4070   3.9229  11.8947   0.0000   0.0000   0.0000
      72  -0.1661   4.0396  11.9222   0.0000   0.0000   0.0000
      73   0.4333   4.1600  11.6201   0.0000   0.0000   0.0000
      74  -0.3277   4.1992  11.4942   0.0000   0.0000   0.0000
      75   0.2425   5.0236  12.2267   0.0000   0.0000   0.0000
      76   0.1122   4.3738  11.8032   0.0000   0.0000   0.0000
      77   0.1954   4.9099  11.6818   0.0000   0.0000   0.0000
      78   0.1828   4.5637  12.2175   0.0000   0.0000   0.0000
      79   0.5438   4.8961  12.6921   0.0000   0.0000   0.0000
      80   0.8686   4.0220  13.0733   0.0000   0.0000   0.0000
      81   1.0976   4.9045  13.3424   0.0000   0.0000   0.0000
      82   0.6427   5.0684  14.2987   0.0000   0.0000   0.0000
      83   1.3312   5.0774  13.2432   0.0000   0.0000   0.0000
      84   1.3363   4.8379  14.4052   0.0000   0.0000   0.0000
      85   0.5628   3.8676  14.8539   0.0000   0.0000   0.0000
      86   0.8160   4.9120  13.3587   0.0000   0.0000   0.0000
      87   0.6944   4.4560  14.2834   0.0000   0.0000   0.0000
      88  -0.1046   4.9324  13.3479   0.0000   0.0000   0.0000
      89   0.0173   5.0763  13.2954   0.0000   0.0000   0.0000
      90  -0.4189   5.1782  13.5846   0.0000   0.0000   0.0000
      91   0.3789   5.3840  13.5275   0.0000   0.0000   0.0000
      92  -0.4761   5.6326  13.7453   0.0000   0.0000   0.0000
      93  -0.6657   5.2047  13.3283   0.0000   0.0000   0.0000
      94  -0.7848   4.8590  13.3750   0.0000   0.0000   0.0000
      95  -1.1250   4.4764  13.0751   0.0000   0.0000   0.0000
      96  -1.0003   4.8614  13.3551   0.0000   0.0000   0.0000
      97  -0.6725   5.0171  13.1827   0.0000   0.0000   0.0000
      98  -0.3206   4.6107  12.9274   0.0000   0.0000   0.0000
      99  -0.6596   4.2281  13.4352   0.0000   0.0000   0.0000
     100  -0.9291   4.5357  14.2856   0.0000   0.0000   0.0000
     101  -1.0302   3.3398  13.8757   0.0000   0.0000   0.0000
     102  -1.0735   3.1959  13.8677   0.0000   0.0000   0.0000
     103  -1.5167   4.1703  13.6425   0.0000   0.0000   0.0000
     104  -1.2113   4.4737  13.9192   0.0000   0.0000   0.0000
     105  -0.9404   3.9817  13.7877   0.0000   0.0000   0.0000
     106  -0.7972   2.8935  13.9823   0.0000   0.0000   0.0000
     107  -0.9205   4.0389  13.8084   0.0000   0.0000   0.0000
     108  -0.0061   3.8220  13.9242   0.0000   0.0000   0.0000
     109  -0.6596   3.2126  13.4662   0.0000   0.0000   0.0000
     110  -0.2226   3.6877  13.6892   0.0000   0.0000   0.0000
     111  -1.1712   3.8129  12.8455   0.0000   0.0000   0.0000
     112  -0.7600   2.6819  13.3449   0.0000   0.0000   0.0000
     113   0.7186   2.9251  13.3703   0.0000   0.0000   0.0000
     114  -0.1699   2.9516  12.8950   0.0000   0.0000   0.0000
     115   0.5518   2.3768  12.8278   0.0000   0.0000   0.0000
     116   0.5344   3.5370  12.4392   0.0000   0.0000   0.0000
     117   0.4013   2.5685  12.5340   0.0000   0.0000   0.0000
     118   1.0411   3.2689  12.5023   0.0000   0.0000   0.0000
     119   0.8053   1.8201  13.3990   0.0000   0.0000   0.0000
     120   0.4897   1.9648  14.0288   0.0000   0.0000   0.0000
     121   1.2764   2.3987  14.6928   0.0000   0.0000   0.0000
     122   1.5397   2.1785  13.3083   0.0000   0.0000   0.0000
     123   1.6097   2.5160  13.9655   0.0000   0.0000   0.0000
     124   0.6170   2.8553  13.0582   0.0000   0.0000   0.0000
     125   0.7880   3.7574  13.2633   0.0000   0.0000   0.0000
     126   0.6809   3.5413  13.0928   0.0000   0.0000   0.0000
     127   0.5802   3.6536  13.0991   0.0000   0.0000   0.0000
     128   0.4739   3.1465  14.0377   0.0000   0.0000   0.0000
     129   0.1323   3.5012  13.1688   0.0000   0.0000   0.0000
     130   0.7853   2.3955  13.7263   0.0000   0.0000   0.0000
     131   0.7457   2.7926  13.5970   0.0000   0.0000   0.0000
     132   0.1630   2.8222  13.8888   0.0000   0.0000   0.0000
     133   0.9192   2.3072  13.7837   0.0000   0.0000   0.0000
     134   0.4899   2.6861  15.4070   0.0000   0.0000   0.0000
     135   0.2457   2.4700  14.8873   0.0000   0.0000   0.0000
     136   1.0323   2.7566  14.8693   0.0000   0.0000   0.0000
     137   1.0563   3.0233  15.1294   0.0000   0.0000   0.0000
     138   0.5655   2.4793  15.0129   0.0000   0.0000   0.0000
     139   0.7804   2.4955  14.0167   0.0000   0.0000   0.0000
     140   1.2154   3.0007  14.7217   0.0000   0.0000   0.0000
     141   0.9851   2.9148  14.8895   0.0000   0.0000   0.0000
     142   0.9312   2.6000  15.8176   0.0000   0.0000   0.0000
     143   0.1831   2.1904  15.4967   0.0000   0.0000   0.0000
     144   0.2584   2.7597  15.2788   0.0000   0.0000   0.0000
     145  -0.2520   2.2073  15.0260   0.0000   0.0000   0.0000
     146   0.6483   2.1871  15.6046   0.0000   0.0000   0.0000
     147   0.6772   2.4670  14.6939   0.0000   0.0000   0.0000
     148   0.3033   2.8583  14.4368   0.0000   0.0000   0.0000
     149   0.6336   2.2120  14.6996   0.0000   0.0000   0.0000
     150   0.8755   2.8278  13.7428   0.0000   0.0000   0.0000
     151   0.7712   1.2100  14.0080   0.0000   0.0000   0.0000
     152   0.1966   1.4838  13.9709   0.0000   0.0000   0.0000
     153   0.8096   1.7295  13.9650   0.0000   0.0000   0.0000
     154  -0.2251   1.6385  14.2759   0.0000   0.0000   0.0000
     155   0.4032   1.8985  14.4176   0.0000   0.0000   0.0000
     156  -0.3920   1.6035  14.4921   0.0000   0.0000   0.0000
     157   0.5333   1.2489  14.8269   0.0000   0.0000   0.0000
     158   0.4902   2.1131  14.9010   0.0000   0.0000   0.0000
     159  -0.1857   1.4733  15.2270   0.0000   0.0000   0.0000
     160   0.4825   1.7886  15.6054   0.0000   0.0000   0.0000
     161  -1.1822   1.4749  15.7610   0.0000   0.0000   0.0000
     162  -0.4670   2.1793  15.2688   0.0000   0.0000   0.0000
     163  -0.5538   2.4766  15.0774   0.0000   0.0000   0.0000
     164  -0.6254   2.8915  14.8950   0.0000   0.0000   0.0000
     165  -0.2923   3.7470  14.4875   0.0000   0.0000   0.0000
     166  -0.2593   3.2784  14.1800   0.0000   0.0000   0.0000
     167  -0.1326   2.9589  14.4791   0.0000   0.0000   0.0000
     168  -0.6470   2.5518  15.9513   0.0000   0.0000   0.0000
     169  -0.2888   2.7973  14.8766   0.0000   0.0000   0.0000
     170  -0.4005   3.1219  14.6364   0.0000   0.0000   0.0000
     171  -0.6716   2.9548  15.3768   0.0000   0.0000   0.0000
     172  -0.5818   2.8503  15.4288   0.0000   0.0000   0.0000
     173  -0.5815   2.7684  15.3419   0.0000   0.0000   0.0000
     174  -0.7524   2.1871  15.4573   0.0000   0.0000   0.0000
     175  -0.3193   2.7704  15.5360   0.0000   0.0000   0.0000
     176  -0.1488   2.5566  15.1831   0.0000   0.0000   0.0000
     177   0.1301   2.7660  16.1640   0.0000   0.0000   0.0000
     178   0.0325   2.7301  15.3226   0.0000   0.0000   0.0000
     179  -0.5362   2.6506  15.7044   0.0000   0.0000   0.0000
     180  -0.5587   3.5970  15.6791   0.0000   0.0000   0.0000
     181  -0.7196   3.4857  15.0344   0.0000   0.0000   0.0000
     182  -0.0334   2.5378  15.0976   0.0000   0.0000   0.0000
     183   0.2898   3.2852  16.2589   0.0000   0.0000   0.0000
     184  -0.3060   2.5328  16.2627   0.0000   0.0000   0.0000
     185   0.1924   2.9115  15.7170   0.0000   0.0000   0.0000
     186   0.1293   2.7976  15.5794   0.0000   0.0000   0.0000
     187   0.6034   3.6168  15.2936   0.0000   0.0000   0.0000
     188   0.5422   3.5246  16.0081   0.0000   0.0000   0.0000
     189   0.2188   3.3149  16.3778   0.0000   0.0000   0.0000
     190   0.6470   2.8433  16.5993   0.0000   0.0000   0.0000
     191   0.7607   3.1952  16.2824   0.0000   0.0000   0.0000
     192   0.4495   3.7243  16.1114   0.0000   0.0000   0.0000
     193  -0.2458   3.9300  16.2723   0.0000   0.0000   0.0000
     194   0.3690   4.1891  15.7165   0.0000   0.0000   0.0000
     195   0.3572   4.2143  15.7529   0.0000   0.0000   0.0000
     196   0.0779   4.8256  15.9206   0.0000   0.0000   0.0000
     197  -0.3693   4.7817  16.1131   0.0000   0.0000   0.0000
     198   0.3198   3.7567  16.3473   0.0000   0.0000   0.0000
     199   0.8453   3.6909  16.2854   0.0000   0.0000   0.0000
     200   0.1668   3.6536  16.5209   0.0000   0.0000   0.0000
     201   0.1101   3.7511  16.7755   0.0000   0.0000   0.0000
     202  -0.1269   3.0909  15.9213   0.0000   0.0000   0.0000
     203   0.1757   4.0453  16.3056   0.0000   0.0000   0.0000
     204   0.4135   4.7203  16.5956   0.0000   0.0000   0.0000
     205   0.7227   4.2416  16.4621   0.0000   0.0000   0.0000
     206   1.3044   4.6703  17.0076   0.0000   0.0000   0.0000
     207   0.5323   4.3322  17.2250   0.0000   0.0000   0.0000
     208  -0.0241   4.1536  16.9581   0.0000   0.0000   0.0000
     209   0.1872   4.3634  16.6328   0.0000   0.0000   0.0000
     210   0.2056   4.9866  16.2990   0.0000   0.0000   0.0000
     211   0.1981   4.2868  15.3009   0.0000   0.0000   0.0000
     212   0.1785   3.7646  15.4998   0.0000   0.0000   0.0000
     213   0.0059   4.3059  15.5862   0.0000   0.0000   0.0000
     214  -0.0160   3.7580  15.2223   0.0000   0.0000   0.0000
     215   0.4455   3.9166  15.9561   0.0000   0.0000   0.0000
     216   0.6341   3.7838  16.0134   0.0000   0.0000   0.0000
     217  -0.7350   3.1327  15.7881   0.0000   0.0000   0.0000
     218   0.1745   2.5291  15.7922   0.0000   0.0000   0.0000
     219  -0.3998   2.6075  15.2648   0.0000   0.0000   0.0000
     220  -0.3304   2.4449  15.6690   0.0000   0.0000   0.0000
     221  -0.0537   2.1481  15.3611   0.0000   0.0000   0.0000
     222   0.4178   3.5093  14.9973   0.0000   0.0000   0.0000
     223   0.8969   2.8681  15.4016   0.0000   0.0000   0.0000
     224   0.5047   2.6080  15.5537   0.0000   0.0000   0.0000
     225  -0.3229   3.3438  15.4894   0.0000   0.0000   0.0000
     226   0.9260   3.4652  15.9051   0.0000   0.0000   0.0000
     227   0.8366   3.0172  16.2235   0.0000   0.0000   0.0000
     228   1.4023   3.6861  15.8285   0.0000   0.0000   0.0000
     229   0.0040   3.1780  16.0865   0.0000   0.0000   0.0000
     230   0.6690   2.8280  15.4092   0.0000   0.0000   0.0000
     231   0.2320   3.1809  15.3424   0.0000   0.0000   0.0000
     232   0.0042   3.4496  15.4257   0.0000   0.0000   0.0000
     233  -0.3903   2.8249  15.2506   0.0000   0.0000   0.0000
     234   0.2065   3.3176  15.8699   0.0000   0.0000   0.0000
     235   0.6009   2.8395  15.9641   0.0000   0.0000   0.0000
     236   0.8254   3.1522  16.1661   0.0000   0.0000   0.0000
     237   0.5053   3.1013  16.7477   0.0000   0.0000   0.0000
     238   0.4179   3.2345  16.8175   0.0000   0.0000   0.0000
     239   0.2182   2.9209  16.5627   0.0000   0.0000   0.0000
     240  -0.4753   2.9296  15.7793   0.0000   0.0000   0.0000
     241   0.0841   3.3508  16.0172   0.0000   0.0000   0.0000
     242  -0.1925   3.2863  15.7851   0.0000   0.0000   0.0000
     243   0.6144   2.7537  15.8086   0.0000   0.0000   0.0000
     244   0.8681   3.6185  15.5144   0.0000   0.0000   0.0000
     245   0.9241   2.8930  15.6671   0.0000   0.0000   0.0000
     246   0.6444   2.9142  16.6518   0.0000   0.0000   0.0000
     247   1.2447   2.7980  16.6704   0.0000   0.0000   0.0000
     248   1.6630   2.9571  16.4547   0.0000   0.0000   0.0000
     249   1.2270   3.3922  16.5751   0.0000   0.0000   0.0000
     250   1.5918   3.1522  15.0173   0.0000   0.0000   0.0000
     251   1.9904   2.7836  16.0995   0.0000   0.0000   0.0000
     252   1.8344   2.0341  16.2679   0.0000   0.0000   0.0000
     253   1.3740   2.5952  16.3541   0.0000   0.0000   0.0000
     254   0.9026   1.9367  16.0650   0.0000   0.0000   0.0000
     255   0.7306   4.0896  15.7419   0.0000   0.0000   0.0000
     256   0.7131   3.0420  16.3702   0.0000   0.0000   0.0000
     257   0.5362   2.9206  15.8966   0.0000   0.0000   0.0000
     258   0.8630   3.9179  16.4967   0.0000   0.0000   0.0000
     259   1.0703   3.7142  16.1910   0.0000   0.0000   0.0000
     260   2.1534   4.8083  16.1712   0.0000   0.0000   0.0000
     261   1.8634   2.9544  17.2103   0.0000   0.0000   0.0000
     262   1.2438   4.3490  16.6040   0.0000   0.0000   0.0000
     263   1.0062   3.1953  16.2561   0.0000   0.0000   0.0000
     264   0.6752   2.1610  17.3029   0.0000   0.0000   0.0000
     265   0.5376   3.4880  16.6497   0.0000   0.0000   0.0000
     266   0.3456   3.1546  16.6944   0.0000   0.0000   0.0000
     267   0.6055   2.7402  16.5370   0.0000   0.0000   0.0000
     268   1.6352   5.1295  16.3077   0.0000   0.0000   0.0000
     269   0.6352   3.1356  15.4350   0.0000   0.0000   0.0000
     270   0.2912   1.8671  14.9746   0.0000   0.0000   0.0000
     271   0.5266   3.1152  15.2979   0.0000   0.0000   0.0000
     272   0.4634   3.0733  15.0865   0.0000   0.0000   0.0000
     273   0.9437   4.4025  14.7693   0.0000   0.0000   0.0000
     274   0.8570   4.4891  15.2231   0.0000   0.0000   0.0000
     275   0.2602   3.9644  15.0316   0.0000   0.0000   0.0000
     276   0.4957   2.8269  15.1773   0.0000   0.0000   0.0000
     277   1.2626   2.9956  15.2389   0.0000   0.0000   0.0000
     278   2.0852   2.8588  15.4611   0.0000   0.0000   0.0000
     279   0.8773   2.0269  14.9133   0.0000   0.0000   0.0000
     280   1.2538   2.9607  15.2398   0.0000   0.0000   0.0000
     281   0.9188   3.0063  15.7008   0.0000   0.0000   0.0000
     282   0.3192   2.8203  15.4989   0.0000   0.0000   0.0000
     283   0.9440   3.3208  15.0298   0.0000   0.0000   0.0000
     284   2.2450   4.3918  15.1329   0.0000   0.0000   0.0000
     285   1.3443   3.0367  15.4766   0.0000   0.0000   0.0000
     286   1.0567   3.1184  15.7271   0.0000   0.0000   0.0000
     287   1.8631   3.0975  15.4264   0.0000   0.0000   0.0000
     288   2.1739   3.3482  15.6672   0.0000   0.0000   0.0000
     289   0.2508   3.0540  15.5982   0.0000   0.0000   0.0000
     290   0.9544   2.5382  15.4765   0.0000   0.0000   0.0000
     291   1.4063   3.2198  15.7755   0.0000   0.0000   0.0000
     292   1.2416   3.1688  15.6818   0.0000   0.0000   0.0000
     293   0.8753   2.9113  15.3846   0.0000   0.0000   0.0000
     294   0.2655   3.1557  15.4971   0.0000   0.0000   0.0000
     295   0.2453   2.1784  15.5962   0.0000   0.0000   0.0000
     296   1.1533   3.6846  15.7018   0.0000   0.0000   0.0000
     297   0.8076   2.7293  15.4413   0.0000   0.0000   0.0000
     298   1.6742   3.8604  15.4674   0.0000   0.0000   0.0000
     299   1.3307   2.5626  15.5956   0.0000   0.0000   0.0000
     300   0.3805   2.7919  15.6862   0.0000   0.0000   0.0000
     301   2.0820   2.7921  14.7628   0.0000   0.0000   0.0000
     302   1.4996   3.1462  15.0276   0.0000   0.0000   0.0000
     303   1.2202   3.4685  14.6883   0.0000   0.0000   0.0000
     304   1.4193   3.9727  15.1591   0.0000   0.0000   0.0000
     305   1.2698   3.7541  15.2713   0.0000   0.0000   0.0000
     306   1.4732   2.8642  14.7201   0.0000   0.0000   0.0000
     307   1.9899   3.4097  15.0190   0.0000   0.0000   0.0000
     308   2.0246   3.5747  14.6426   0.0000   0.0000   0.0000
     309   1.1267   2.0360  14.6283   0.0000   0.0000   0.0000
     310   0.9518   2.8743  14.3648   0.0000   0.0000   0.0000
     311   1.4092   2.3565  14.6551   0.0000   0.0000   0.0000
     312   0.4867   2.4049  14.7660   0.0000   0.0000   0.0000
     313   0.4512   2.1502  14.8911   0.0000   0.0000   0.0000
     314   0.5082   2.0852  14.5235   0.0000   0.0000   0.0000
     315   0.9859   3.3520  14.2320   0.0000   0.0000   0.0000
     316   0.7807   3.1799  13.8897   0.0000   0.0000   0.0000
     317   0.5450   3.0989  14.4603   0.0000   0.0000   0.0000
     318   0.9148   2.0460  14.3935   0.0000   0.0000   0.0000
     319  -0.0468   1.4623  14.1587   0.0000   0.0000   0.0000
     320   0.8201   2.0766  14.9080   0.0000   0.0000   0.0000
     321  -0.4163   1.8885  14.4554   0.0000   0.0000   0.0000
     322   0.0263   1.7626  14.9906   0.0000   0.0000   0.0000
     323   0.9211   3.0158  14.9518   0.0000   0.0000   0.0000
     324   1.2056   2.0989  14.2591   0.0000   0.0000   0.0000
     325   1.4189   2.4756  14.4862   0.0000   0.0000   0.0000
     326   1.8422   3.0054  14.0555   0.0000   0.0000   0.0000
     327   1.8099   3.5851  14.0873   0.0000   0.0000   0.0000
     328   1.6838   2.7932  13.6579   0.0000   0.0000   0.0000
     329   2.1929   4.1078  13.8962   0.0000   0.0000   0.0000
     330   2.1094   3.5969  13.5781   0.0000   0.0000   0.0000
     331   2.4889   4.0659  13.7236   0.0000   0.0000   0.0000
     332   1.6993   3.6618  13.4976   0.0000   0.0000   0.0000
     333   1.7770   3.1785  14.4156   0.0000   0.0000   0.0000
     334   1.4313   3.0161  13.2104   0.0000   0.0000   0.0000
     335   2.6984   3.9110  13.6486   0.0000   0.0000   0.0000
     336   2.4674   4.4460  13.7625   0.0000   0.0000   0.0000
     337   2.1927   3.1485  15.0607   0.0000   0.0000   0.0000
     338   1.7830   4.0114  14.8879   0.0000   0.0000   0.0000
     339   2.0689   4.6373  14.7080   0.0000   0.0000   0.0000
     340   1.5051   3.5929  14.8148   0.0000   0.0000   0.0000
     341   1.8636   3.7646  14.4498   0.0000   0.0000   0.0000
     342   1.9235   3.4895  15.0170   0.0000   0.0000   0.0000
     343   2.3261   3.5726  13.8540   0.0000   0.0000   0.0000
     344   1.9256   3.0402  14.9844   0.0000   0.0000   0.0000
     345   2.6672   3.3484  15.4438   0.0000   0.0000   0.0000
     346   1.0983   3.4373  15.4789   0.0000   0.0000   0.0000
     347   2.0102   2.2501  15.7546   0.0000   0.0000   0.0000
     348   2.1972   2.6433  15.5367   0.0000   0.0000   0.0000
     349   1.8181   3.1245  14.9266   0.0000   0.0000   0.0000
     350   2.0268   1.8204  15.2197   0.0000   0.0000   0.0000
     351   2.4079   2.5790  14.7447   0.0000   0.0000   0.0000
     352   3.2361   3.0458  14.1817   0.0000   0.0000   0.0000
     353   2.2329   2.9166  14.6753   0.0000   0.0000   0.0000
     354   2.1254   4.0283  15.1295   0.0000   0.0000   0.0000
     355   3.0895   3.9950  15.1047   0.0000   0.0000   0.0000
     356   2.8921   3.6030  15.2311   0.0000   0.0000   0.0000
     357   3.4724   4.4987  15.4702   0.0000   0.0000   0.0000
     358   2.6294   3.6062  15.7067   0.0000   0.0000   0.0000
     359   1.7110   3.2803  15.3101   0.0000   0.0000   0.0000
     360   2.4915   3.3543  14.5713   0.0000   0.0000   0.0000
     361   3.1101   3.6048  15.1073   0.0000   0.0000   0.0000
     362   3.1641   4.4727  15.0179   0.0000   0.0000   0.0000
     363   0.9900   3.4802  15.1917   0.0000   0.0000   0.0000
     364   0.5215   4.5519  14.7737   0.0000   0.0000   0.0000
     365   1.5137   3.1501  15.2819   0.0000   0.0000   0.0000
     366   1.7545   4.0889  15.0932   0.0000   0.0000   0.0000
     367   2.6216   3.5866  14.9132   0.0000   0.0000   0.0000
     368   2.6938   4.3891  14.3629   0.0000   0.0000   0.0000
     369   3.4621   4.2608  14.3458   0.0000   0.0000   0.0000
     370   2.8805   3.7508  15.1436   0.0000   0.0000   0.0000
     371   2.0599   3.4309  15.5408   0.0000   0.0000   0.0000
     372   2.7303   4.9790  14.8491   0.0000   0.0000   0.0000
     373   2.3236   2.3136  14.7977   0.0000   0.0000   0.0000
     374   2.4136   3.8161  14.9593   0.0000   0.0000   0.0000
     375   3.1928   3.5140  15.1235   0.0000   0.0000   0.0000
     376   3.3564   3.5113  15.2298   0.0000   0.0000   0.0000
     377   2.5991   3.1915  15.2527   0.0000   0.0000   0.0000
     378   1.7680   3.1927  15.1777   0.0000   0.0000   0.0000
     379   2.9137   3.8317  15.0507   0.0000   0.0000   0.0000
     380   2.6236   2.8660  16.1532   0.0000   0.0000   0.0000
     381   2.0352   3.3782  15.5862   0.0000   0.0000   0.0000
     382   2.8278   2.9888  14.3211   0.0000   0.0000   0.0000
     383   1.2762   2.6474  15.2753   0.0000   0.0000   0.0000
     384   2.0200   3.4595  14.5760   0.0000   0.0000   0.0000
     385   1.9771   2.6232  14.8485   0.0000   0.0000   0.0000
     386   1.5402   2.4879  14.3901   0.0000   0.0000   0.0000
     387   2.1826   3.5038  14.7574   0.0000   0.0000   0.0000
     388   1.3466   2.2990  14.6208   0.0000   0.0000   0.0000
     389   1.5787   0.9326  14.8008   0.0000   0.0000   0.0000
     390   1.6267   1.4367  14.5348   0.0000   0.0000   0.0000
     391   0.9780   1.1024  14.5111   0.0000   0.0000   0.0000
     392   1.4616   2.3475  15.1476   0.0000   0.0000   0.0000
     393   2.4081   1.8298  15.2706   0.0000   0.0000   0.0000
     394   2.1480   3.2477  15.6773   0.0000   0.0000   0.0000
     395   2.6921   4.0473  16.0074   0.0000   0.0000   0.0000
     396   2.4063   3.5327  16.1754   0.0000   0.0000   0.0000
     397   2.3341   4.5807  15.7117   0.0000   0.0000   0.0000
     398   3.1718   3.1494  15.6139   0.0000   0.0000   0.0000
     399   2.2526   2.6959  16.0440   0.0000   0.0000   0.0000
     400   2.4513   3.3286  16.2676   0.0000   0.0000   0.0000
     401   3.0768   2.3576  16.1163   0.0000   0.0000   0.0000
     402   2.4995   3.1790  15.6625   0.0000   0.0000   0.0000
     403   2.3675   2.0057  16.3269   0.0000   0.0000   0.0000
     404   2.0325   1.7222  16.2015   0.0000   0.0000   0.0000
     405   1.9361   2.3581  16.0018   0.0000   0.0000   0.0000
     406   2.8130   2.3674  16.5950   0.0000   0.0000   0.0000
     407   2.7709   2.4913  17.2167   0.0000   0.0000   0.0000
     408   2.9559   1.9461  16.8799   0.0000   0.0000   0.0000
     409   2.5883   0.7531  16.7019   0.0000   0.0000   0.0000
     410   2.5857   2.3263  17.0773   0.0000   0.0000   0.0000
     411   2.2517   3.1781  16.5871   0.0000   0.0000   0.0000
     412   2.9969   2.5291  16.2587   0.0000   0.0000   0.0000
     413   3.1510   3.3265  16.2560   0.0000   0.0000   0.0000
     414   4.6596   3.1076  15.3444   0.0000   0.0000   0.0000
     415   4.1668   3.1081  15.7553   0.0000   0.0000   0.0000
     416   3.3160   3.9255  16.1774   0.0000   0.0000   0.0000
     417   3.7292   3.8691  15.6268   0.0000   0.0000   0.0000
     418   2.3978   3.7307  15.1337   0.0000   0.0000   0.0000
     419   2.9271   4.0173  15.1676   0.0000   0.0000   0.0000
     420   3.1116   4.9802  14.2170   0.0000   0.0000   0.0000
     421   3.3808   4.8032  14.8416   0.0000   0.0000   0.0000
     422   1.9826   3.6566  13.9033   0.0000   0.0000   0.0000
     423   1.7850   3.0561  14.2795   0.0000   0.0000   0.0000
     424   2.3935   2.0972  14.3507   0.0000   0.0000   0.0000
     425   2.3662   4.0394  14.0439   0.0000   0.0000   0.0000
     426   2.3875   4.6055  13.1984   0.0000   0.0000   0.0000
     427   1.8857   4.7284  13.0915   0.0000   0.0000   0.0000
     428   2.1826   3.4527  13.4678   0.0000   0.0000   0.0000
     429   1.2299   3.3846  13.1953   0.0000   0.0000   0.0000
     430   1.4231   3.2024  13.8876   0.0000   0.0000   0.0000
     431   1.1208   3.5018  13.9602   0.0000   0.0000   0.0000
     432   0.6121   3.4084  14.1860   0.0000   0.0000   0.0000
     433   0.6738   3.8695  13.9040   0.0000   0.0000   0.0000
     434   0.2545   3.7771  14.1419   0.0000   0.0000   0.0000
     435   0.7236   3.6077  12.8604   0.0000   0.0000   0.0000
     436   0.9122   3.9746  14.1892   0.0000   0.0000   0.0000
     437  -0.0148   4.2194  12.9804   0.0000   0.0000   0.0000
     438  -0.3944   3.6193  13.8412   0.0000   0.0000   0.0000
     439  -0.4419   3.9693  14.0908   0.0000   0.0000   0.0000
     440  -0.6843   4.3896  14.3245   0.0000   0.0000   0.0000
     441   0.0806   5.3328  14.3925   0.0000   0.0000   0.0000
     442   0.6457   5.0320  13.8186   0.0000   0.0000   0.0000
     443   0.2729   4.7437  14.1720   0.0000   0.0000   0.0000
     444   0.1351   5.4400  13.5741   0.0000   0.0000   0.0000
     445   0.9946   6.1142  13.7139   0.0000   0.0000   0.0000
     446   1.1674   6.0555  13.9800   0.0000   0.0000   0.0000
     447   0.5881   5.1655  14.5344   0.0000   0.0000   0.0000
     448   0.6791   5.1670  14.1967   0.0000   0.0000   0.0000
     449   1.0951   5.6003  14.7314   0.0000   0.0000   0.0000
     450   1.8483   6.0148  15.1273   0.0000   0.0000   0.0000
     451   0.7122   6.1550  15.4457   0.0000   0.0000   0.0000
     452   1.3016   6.3423  15.3541   0.0000   0.0000   0.0000
     453   0.9519   6.4705  14.3359   0.0000   0.0000   0.0000
     454   1.2993   6.3574  15.1412   0.0000   0.0000   0.0000
     455   1.4830   6.3716  14.8619   0.0000   0.0000   0.0000
     456   1.9055   6.6391  14.4002   0.0000   0.0000   0.0000
     457   1.7706   6.5766  14.0689   0.0000   0.0000   0.0000
     458   1.0826   5.6747  14.3082   0.0000   0.0000   0.0000
     459   2.5383   5.9106  13.8018   0.0000   0.0000   0.0000
     460   0.6847   5.6621  14.5263   0.0000   0.0000   0.0000
     461   1.6562   5.6631  14.0655   0.0000   0.0000   0.0000
     462   1.4533   5.2769  14.0803   0.0000   0.0000   0.0000
     463   2.4688   6.2016  13.1691   0.0000   0.0000   0.0000
     464   3.2466   6.5190  13.1675   0.0000   0.0000   0.0000
     465   3.2951   6.8938  12.5541   0.0000   0.0000   0.0000
     466   1.9088   6.5678  12.7076   0.0000   0.0000   0.0000
     467   2.4109   6.4669  12.8182   0.0000   0.0000   0.0000
     468   1.7356   6.9106  12.0146   0.0000   0.0000   0.0000
     469   1.8257   6.9706  11.6156   0.0000   0.0000   0.0000
     470   2.5220   6.5046  12.9319   0.0000   0.0000   0.0000
     471   2.6304   7.2096  12.7808   0.0000   0.0000   0.0000
     472   2.5176   6.9519  13.4089   0.0000   0.0000   0.0000
     473   1.8550   6.6756  13.7199   0.0000   0.0000   0.0000
     474   1.8728   6.2249  12.9134   0.0000   0.0000   0.0000
     475   2.0946   6.3756  12.8903   0.0000   0.0000   0.0000
     476   2.1531   6.6422  12.6920   0.0000   0.0000   0.0000
     477   2.0771   6.7657  12.7711   0.0000   0.0000   0.0000
     478   2.3079   6.6511  13.6233   0.0000   0.0000   0.0000
     479   1.7186   6.9335  12.9209   0.0000   0.0000   0.0000
     480   2.0669   7.2052  13.4990   0.0000   0.0000   0.0000
     481   1.4651   7.1208  14.0925   0.0000   0.0000   0.0000
     482   0.4768   5.6832  13.8257   0.0000   0.0000   0.0000
     483   1.1362   5.2241  12.6587   0.0000   0.0000   0.0000
     484   1.4996   5.2036  12.9293   0.0000   0.0000   0.0000
     485   1.2600   5.2748  13.4335   0.0000   0.0000   0.0000
     486   2.1574   5.4769  12.8916   0.0000   0.0000   0.0000
     487   1.4669   5.6228  13.4161   0.0000   0.0000   0.0000
     488   1.3534   5.6965  13.0320   0.0000   0.0000   0.0000
     489   1.2779   5.9476  13.0776   0.0000   0.0000   0.0000
     490   1.6902   6.5737  12.5223   0.0000   0.0000   0.0000
     491   1.8878   7.6602  12.8796   0.0000   0.0000   0.0000
     492   2.1504   7.3124  12.7984   0.0000   0.0000   0.0000
     493   2.1792   6.0655  13.4114   0.0000   0.0000   0.0000
     494   1.1802   6.4841  13.1294   0.0000   0.0000   0.0000
     495   2.0234   6.1975  13.5589   0.0000   0.0000   0.0000
     496   2.1721   8.1471  13.1801   0.0000   0.0000   0.0000
     497   2.8191   7.3850  13.7235   0.0000   0.0000   0.0000
     498   2.2409   8.1124  13.1211   0.0000   0.0000   0.0000
     499   2.2438   7.9004  13.8176   0.0000   0.0000   0.0000
     500   2.1747   7.6227  13.5692   0.0000   0.0000   0.0000
     501   2.5356   7.0923  13.2350   0.0000   0.0000   0.0000
     502   2.3865   7.0075  13.2863   0.0000   0.0000   0.0000
     503   2.0213   7.5020  12.9769   0.0000   0.0000   0.0000
     504   2.5370   7.6262  13.5882   0.0000   0.0000   0.0000
     505   3.6608   8.6089  13.4225   0.0000   0.0000   0.0000
     506   2.7233   7.5267  13.9310   0.0000   0.0000   0.0000
     507   1.7688   7.9211  13.1075   0.0000   0.0000   0.0000
     508   2.4389   6.5910  14.2135   0.0000   0.0000   0.0000
     509   2.2346   7.1987  13.9315   0.0000   0.0000   0.0000
     510   1.8457   7.2772  13.4252   0.0000   0.0000   0.0000
     511   1.0328   6.4602  12.8632   0.0000   0.0000   0.0000
     512   1.1548   7.7158  11.9954   0.0000   0.0000   0.0000
     513   0.9903   7.1420  12.2453   0.0000   0.0000   0.0000
     514   2.0918   7.0503  12.3272   0.0000   0.0000   0.0000
     515   2.4190   6.6014  12.6293   0.0000   0.0000   0.0000
     516   2.1516   6.6344  12.5308   0.0000   0.0000   0.0000
     517   1.4516   6.0661  12.9062   0.0000   0.0000   0.0000
     518   1.1581   6.4547  12.9258   0.0000   0.0000   0.0000
     519   1.3598   6.0321  12.4010   0.0000   0.0000   0.0000
     520   1.4011   7.5207  12.2538   0.0000   0.0000   0.0000
     521   1.2246   5.9865  12.6676   0.0000   0.0000   0.0000
     522   1.3752   6.6787  12.2274   0.0000   0.0000   0.0000
     523   1.9948   7.2859  13.0177   0.0000   0.0000   0.0000
     524   2.2298   6.0747  12.7534   0.0000   0.0000   0.0000
     525   2.6981   6.3899  12.9657   0.0000   0.0000   0.0000
     526   2.9023   7.2188  12.8579   0.0000   0.0000   0.0000
     527   1.6380   7.7268  13.1615   0.0000   0.0000   0.0000
     528   1.6694   6.7602  13.5517   0.0000   0.0000   0.0000
     529   1.5358   5.8285  13.6228   0.0000   0.0000   0.0000
     530   0.8635   6.3735  13.9757   0.0000   0.0000   0.0000
     531   1.9768   5.6423  13.4680   0.0000   0.0000   0.0000
     532   2.8564   5.7842  14.4643   0.0000   0.0000   0.0000
     533   2.7077   5.9097  13.9101   0.0000   0.0000   0.0000
     534   2.0729   6.2131  13.0026   0.0000   0.0000   0.0000
     535   2.2723   6.5047  13.4433   0.0000   0.0000   0.0000
     536   2.2677   6.6020  13.3990   0.0000   0.0000   0.0000
     537   2.4874   6.2513  14.0166   0.0000   0.0000   0.0000
     538   1.2964   5.9966  13.6614   0.0000   0.0000   0.0000
     539   1.1798   7.0180  13.6186   0.0000   0.0000   0.0000
     540   1.2172   5.7700  13.0858   0.0000   0.0000   0.0000
     541   0.5634   5.8967  12.6525   0.0000   0.0000   0.0000
     542   1.8884   6.4878  12.4384   0.0000   0.0000   0.0000
     543   1.8320   6.5642  12.7621   0.0000   0.0000   0.0000
     544   0.9574   6.1196  12.6917   0.0000   0.0000   0.0000
     545   0.9685   6.3739  13.3040   0.0000   0.0000   0.0000
     546   1.6170   5.7486  12.8678   0.0000   0.0000   0.0000
     547   1.0950   6.5422  13.2000   0.0000   0.0000   0.0000
     548   0.4877   5.9777  12.9348   0.0000   0.0000   0.0000
     549   1.2624   6.6004  13.2761   0.0000   0.0000   0.0000
     550  -0.0416   7.0854  13.2055   0.0000   0.0000   0.0000
     551   0.5625   6.5133  13.2076   0.0000   0.0000   0.0000
     552   0.6290   6.6246  13.5049   0.0000   0.0000   0.0000
     553   0.7125   7.3365  12.8435   0.0000   0.0000   0.0000
     554   0.6594   7.1328  12.7331   0.0000   0.0000   0.0000
     555   0.7942   7.0690  12.3501   0.0000   0.0000   0.0000
     556   0.2572   7.3248  12.2505   0.0000   0.0000   0.0000
     557   1.1007   8.0088  12.1025   0.0000   0.0000   0.0000
     558  -0.0044   7.2304  12.3493   0.0000   0.0000   0.0000
     559   0.9125   6.5802  12.0484   0.0000   0.0000   0.0000
     560  -0.4134   6.3861  11.5938   0.0000   0.0000   0.0000
     561   0.8327   6.7326  12.0905   0.0000   0.0000   0.0000
     562  -0.1367   6.1596  12.3659   0.0000   0.0000   0.0000
     563   0.0627   6.6628  12.9216   0.0000   0.0000   0.0000
     564  -0.1929   6.5479  11.5956   0.0000   0.0000   0.0000
     565   0.0941   7.0502  11.8310   0.0000   0.0000   0.0000
     566  -0.5098   6.0219  11.6381   0.0000   0.0000   0.0000
     567   0.9263   6.0220  12.5408   0.0000   0.0000   0.0000
     568  -0.4746   6.6833  12.2192   0.0000   0.0000   0.0000
     569   0.6164   7.6108  11.9476   0.0000   0.0000   0.0000
     570   0.4598   6.2983  12.1388   0.0000   0.0000   0.0000
     571   0.4400   6.1305  11.8197   0.0000   0.0000   0.0000
     572   0.6537   7.3101  11.1684   0.0000   0.0000   0.0000
     573   0.7039   7.5085  11.3681   0.0000   0.0000   0.0000
     574   1.2965   7.0529  10.4410   0.0000   0.0000   0.0000
     575   1.0933   7.0686  10.9279   0.0000   0.0000   0.0000
     576  -0.1690   7.4692  10.6106   0.0000   0.0000   0.0000
     577   0.1019   6.9424  11.1919   0.0000   0.0000   0.0000
     578   0.1792   7.4240  11.3143   0.0000   0.0000   0.0000
     579  -0.5598   7.2855  11.3694   0.0000   0.0000   0.0000
     580  -0.7532   7.0333  11.0858   0.0000   0.0000   0.0000
     581   0.0215   7.8028  12.0022   0.0000   0.0000   0.0000
     582  -0.0390   8.7437  11.6389   0.0000   0.0000   0.0000
     583  -1.0577   7.1680  11.8511   0.0000   0.0000   0.0000
     584  -0.5755   7.9552  11.6402   0.0000   0.0000   0.0000
     585  -0.1108   8.2172  12.0076   0.0000   0.0000   0.0000
     586  -0.7368   8.0716  12.0549   0.0000   0.0000   0.0000
     587  -0.4994   7.7568  12.2264   0.0000   0.0000   0.0000
     588  -0.0074   7.2835  11.1661   0.0000   0.0000   0.0000
     589  -0.9260   8.6688  11.7517   0.0000   0.0000   0.0000
     590   0.4508   7.4779  11.9335   0.0000   0.0000   0.0000
     591  -0.5440   8.1453  11.5947   0.0000   0.0000   0.0000
     592  -0.4818   8.4393  11.6625   0.0000   0.0000   0.0000
     593  -0.0217   7.7622  11.5819   0.0000   0.0000   0.0000
     594   0.5030   6.8071  12.0557   0.0000   0.0000   0.0000
     595   0.7830   8.0997  11.8930   0.0000   0.0000   0.0000
     596   0.9246   8.6120  11.8279   0.0000   0.0000   0.0000
     597   0.5783   7.4726  12.1668   0.0000   0.0000   0.0000
     598   0.1957   7.6677  12.9337   0.0000   0.0000   0.0000
     599   0.4662   7.8149  11.9491   0.0000   0.0000   0.0000
     600   0.0047   7.2926  11.7493   0.0000   0.0000   0.0000
     601   0.2819   6.8674  12.2780   0.0000   0.0000   0.0000
     602   0.1718   7.6313  11.9855   0.0000   0.0000   0.0000
     603   0.3515   7.2132  12.1043   0.0000   0.0000   0.0000
     604   0.5990   6.5748  12.1000   0.0000   0.0000   0.0000
     605   0.3086   6.6056  12.0116   0.0000   0.0000   0.0000
     606   1.0039   6.5115  11.4908   0.0000   0.0000   0.0000
     607   1.0303   6.4400  11.3327   0.0000   0.0000   0.0000
     608   0.3833   7.7795  11.4683   0.0000   0.0000   0.0000
     609   0.2955   8.4701  11.6251   0.0000   0.0000   0.0000
     610   1.0820   7.3042  11.7578   0.0000   0.0000   0.0000
     611   0.3104   7.6763  10.7474   0.0000   0.0000   0.0000
     612   0.5222   7.3332  10.6518   0.0000   0.0000   0.0000
     613   0.3586   7.4492  11.2884   0.0000   0.0000   0.0000
     614  -0.1702   7.4332  11.4336   0.0000   0.0000   0.0000
     615  -0.2793   7.9103  11.0794   0.0000   0.0000   0.0000
     616   0.3102   7.3570  11.6648   0.0000   0.0000   0.0000
     617   0.0733   8.5134  12.2214   0.0000   0.0000   0.0000
     618   1.5440   8.6430  11.4464   0.0000   0.0000   0.0000
     619   0.4667   8.6133  11.2933   0.0000   0.0000   0.0000
     620   1.3941   8.9070  11.9259   0.0000   0.0000   0.0000
     621   1.0763   8.2681  11.8883   0.0000   0.0000   0.0000
     622   0.9876   8.2498  12.3998   0.0000   0.0000   0.0000
     623   0.4558   7.5781  12.4064   0.0000   0.0000   0.0000
     624   0.2848   7.4802  11.6410   0.0000   0.0000   0.0000
     625   0.5278   7.5283  11.6704   0.0000   0.0000   0.0000
     626   1.2609   6.8955  11.0922   0.0000   0.0000   0.0000
     627   1.0052   6.5664  11.0373   0.0000   0.0000   0.0000
     628   0.3303   6.8056  10.7068   0.0000   0.0000   0.0000
     629   0.4502   7.7081  10.9311   0.0000   0.0000   0.0000
     630   0.1481   6.2115  11.7147   0.0000   0.0000   0.0000
     631   0.7738   6.2421  11.8103   0.0000   0.0000   0.0000
     632   0.5843   7.0590  11.9950   0.0000   0.0000   0.0000
     633   0.8728   7.0914  11.5431   0.0000   0.0000   0.0000
     634   0.8997   6.1558  11.6015   0.0000   0.0000   0.0000
     635   1.2016   5.7534  11.3950   0.0000   0.0000   0.0000
     636   0.3660   5.4911  11.5717   0.0000   0.0000   0.0000
     637  -0.0278   5.1522  12.3934   0.0000   0.0000   0.0000
     638  -0.5066   4.4534  12.0446   0.0000   0.0000   0.0000
     639  -0.3207   5.8927  11.0248   0.0000   0.0000   0.0000
     640   0.3189   7.0722  11.4175   0.0000   0.0000   0.0000
     641  -0.1029   6.3460  11.4978   0.0000   0.0000   0.0000
     642   0.2063   6.7507  11.5030   0.0000   0.0000   0.0000
     643   0.9099   6.3611  10.8906   0.0000   0.0000   0.0000
     644   0.0079   6.8229  11.4560   0.0000   0.0000   0.0000
     645   0.4940   6.9463  10.7970   0.0000   0.0000   0.0000
     646  -0.5161   5.7060  11.1867   0.0000   0.0000   0.0000
     647  -0.0073   4.7608  11.6963   0.0000   0.0000   0.0000
     648  -0.9787   5.9213  12.0061   0.0000   0.0000   0.0000
     649  -0.4883   5.9686  11.7427   0.0000   0.0000   0.0000
     650  -0.9151   5.8409  11.6992   0.0000   0.0000   0.0000
     651  -0.7102   6.6409  11.9083   0.0000   0.0000   0.0000
     652  -0.0663   6.9576  11.5946   0.0000   0.0000   0.0000
     653  -0.1654   7.3265  12.0489   0.0000   0.0000   0.0000
     654  -0.2804   6.7616  11.8438   0.0000   0.0000   0.0000
     655   0.0158   7.1882  12.2002   0.0000   0.0000   0.0000
     656  -1.1336   7.6246  12.1152   0.0000   0.0000   0.0000
     657  -0.7036   6.5891  11.8673   0.0000   0.0000   0.0000
     658  -0.1803   6.5906  11.1175   0.0000   0.0000   0.0000
     659  -0.4021   6.5539  11.7087   0.0000   0.0000   0.0000
     660  -0.2804   7.4645  12.6125   0.0000   0.0000   0.0000
     661   1.1800   7.2473  12.5345   0.0000   0.0000   0.0000
     662   0.9568   7.4650  11.6591   0.0000   0.0000   0.0000
     663   0.1297   6.6784  11.7723   0.0000   0.0000   0.0000
     664  -0.2675   6.5154  11.6778   0.0000   0.0000   0.0000
     665  -0.9949   5.9624  12.6512   0.0000   0.0000   0.0000
     666  -0.7193   6.7835  13.0588   0.0000   0.0000   0.0000
     667  -1.0588   6.6865  12.9500   0.0000   0.0000   0.0000
     668   0.6312   7.2741  12.4281   0.0000   0.0000   0.0000
     669   0.1740   7.1161  12.7674   0.0000   0.0000   0.0000
     670  -1.7094   6.6135  12.6957   0.0000   0.0000   0.0000
     671  -1.3790   6.1041  11.9216   0.0000   0.0000   0.0000
     672  -1.3431   5.7055  12.4309   0.0000   0.0000   0.0000
     673  -0.5197   5.4787  11.5674   0.0000   0.0000   0.0000
     674  -1.5062   4.6562  11.1488   0.0000   0.0000   0.0000
     675  -1.8374   5.1455  11.7868   0.0000   0.0000   0.0000
     676  -1.6318   6.1263  11.3388   0.0000   0.0000   0.0000
     677  -1.6075   5.3991  11.5982   0.0000   0.0000   0.0000
     678  -1.7852   4.6730  11.4108   0.0000   0.0000   0.0000
     679  -0.2004   5.4542  11.2407   0.0000   0.0000   0.0000
     680  -1.0504   5.8090  12.0555   0.0000   0.0000   0.0000
     681  -0.9548   6.2875  11.5897   0.0000   0.0000   0.0000
     682  -1.2375   5.0756  11.9428   0.0000   0.0000   0.0000
     683  -1.0140   4.5996  11.2136   0.0000   0.0000   0.0000
     684  -2.5093   4.9699  11.9716   0.0000   0.0000   0.0000
     685  -1.7260   5.1180  10.6971   0.0000   0.0000   0.0000
     686  -1.5010   5.2644  10.5953   0.0000   0.0000   0.0000
     687  -1.7447   4.8346  11.1265   0.0000   0.0000   0.0000
     688  -1.7712   4.4353  11.2561   0.0000   0.0000   0.0000
     689  -1.7277   4.4791  10.9618   0.0000   0.0000   0.0000
     690  -1.8329   4.0340  11.9244   0.0000   0.0000   0.0000
     691  -1.5023   5.0172  12.1529   0.0000   0.0000   0.0000
     692  -1.5529   5.2411  11.3271   0.0000   0.0000   0.0000
     693  -1.7360   5.4621  11.4897   0.0000   0.0000   0.0000
     694  -1.5673   5.1090  11.0793   0.0000   0.0000   0.0000
     695  -1.9653   5.1912  10.4885   0.0000   0.0000   0.0000
     696  -1.5989   5.3084  10.3779   0.0000   0.0000   0.0000
     697  -1.2966   4.9166  12.0396   0.0000   0.0000   0.0000
     698  -1.5994   5.3301  11.5738   0.0000   0.0000   0.0000
     699  -2.3590   5.4651  11.8145   0.0000   0.0000   0.0000
     700  -1.4560   5.9441  11.2811   0.0000   0.0000   0.0000
     701  -1.7219   5.0402  11.9157   0.0000   0.0000   0.0000
     702  -1.3685   6.1848  11.9409   0.0000   0.0000   0.0000
     703  -3.4764   6.2446  11.6860   0.0000   0.0000   0.0000
     704  -1.9726   5.7223  11.8557   0.0000   0.0000   0.0000
     705  -2.2926   5.6781  12.4946   0.0000   0.0000   0.0000
     706  -0.9121   5.6891  12.8397   0.0000   0.0000   0.0000
     707  -1.2672   5.2274  12.4397   0.0000   0.0000   0.0000
     708  -2.3222   5.5274  12.9203   0.0000   0.0000   0.0000
     709  -4.1960   5.2813  13.0968   0.0000   0.0000   0.0000
     710  -2.9089   5.0159  13.5793   0.0000   0.0000   0.0000
     711  -2.0181   5.3958  13.4265   0.0000   0.0000   0.0000
     712  -2.7714   5.1094  13.6413   0.0000   0.0000   0.0000
     713  -0.5507   5.7850  13.8779   0.0000   0.0000   0.0000
     714  -0.1968   6.2418  14.0982   0.0000   0.0000   0.0000
     715   0.3429   6.1501  13.8301   0.0000   0.0000   0.0000
     716   0.3267   5.7795  14.4142   0.0000   0.0000   0.0000
     717   0.0904   4.5976  14.0084   0.0000   0.0000   0.0000
     718   0.5426   6.0884  13.6252   0.0000   0.0000   0.0000
     719   0.1257   6.1755  14.2085   0.0000   0.0000   0.0000
     720   0.5634   4.8481  14.6533   0.0000   0.0000   0.0000
     721   0.9628   5.9331  14.1215   0.0000   0.0000   0.0000
     722   0.7988   5.6256  13.5849   0.0000   0.0000   0.0000
     723   0.0871   6.8985  13.5461   0.0000   0.0000   0.0000
     724   0.7073   6.8377  13.2756   0.0000   0.0000   0.0000
     725   0.2569   5.2556  12.8130   0.0000   0.0000   0.0000
     726   0.5053   5.7019  13.4076   0.0000   0.0000   0.0000
     727   0.9717   6.8511  13.0599   0.0000   0.0000   0.0000
     728   0.3742   5.8687  13.4380   0.0000   0.0000   0.0000
     729   0.9343   5.3713  13.1802   0.0000   0.0000   0.0000
     730   0.1844   4.8996  12.7130   0.0000   0.0000   0.0000
     731   0.5544   5.7637  13.1899   0.0000   0.0000   0.0000
     732   1.0250   5.6881  13.1246   0.0000   0.0000   0.0000
     733   0.4142   5.7678  13.3255   0.0000   0.0000   0.0000
     734   0.5848   5.1116  13.1152   0.0000   0.0000   0.0000
     735   1.0423   4.9044  13.0606   0.0000   0.0000   0.0000
     736  -0.6279   5.3799  13.8909   0.0000   0.0000   0.0000
     737   0.5415   5.1835  13.8670   0.0000   0.0000   0.0000
     738   1.0317   5.6864  13.5734   0.0000   0.0000   0.0000
     739   0.9419   6.4009  14.0006   0.0000   0.0000   0.0000
     740   0.5207   5.4071  13.9822   0.0000   0.0000   0.0000
     741   0.4458   6.1419  14.1153   0.0000   0.0000   0.0000
     742   0.7437   5.0910  13.5780   0.0000   0.0000   0.0000
     743   0.5632   5.4929  13.1536   0.0000   0.0000   0.0000
     744   1.3085   4.7549  13.3502   0.0000   0.0000   0.0000
     745   0.7968   5.0214  14.1637   0.0000   0.0000   0.0000
     746   0.9755   5.5141  13.2315   0.0000   0.0000   0.0000
     747   1.1074   5.2912  13.2284   0.0000   0.0000   0.0000
     748  -0.2018   5.4477  12.8562   0.0000   0.0000   0.0000
     749   0.7494   5.5183  13.3201   0.0000   0.0000   0.0000
     750   1.2368   5.5874  13.0101   0.0000   0.0000   0.0000
     751   0.3851   5.1756  13.0478   0.0000   0.0000   0.0000
     752   0.7279   4.9809  13.4331   0.0000   0.0000   0.0000
     753  -0.5883   3.1296  13.0703   0.0000   0.0000   0.0000
     754   1.0273   5.5029  12.5090   0.0000   0.0000   0.0000
     755   1.2290   4.0707  12.4997   0.0000   0.0000   0.0000
     756   1.5159   5.0281  12.7262   0.0000   0.0000   0.0000
     757  -0.2956   5.2554  12.0979   0.0000   0.0000   0.0000
     758   0.4509   5.6629  11.9976   0.0000   0.0000   0.0000
     759  -0.3190   4.7673  12.0569   0.0000   0.0000   0.0000
     760   0.2205   5.8628  13.4533   0.0000   0.0000   0.0000
     761  -0.0838   5.1066  12.9735   0.0000   0.0000   0.0000
     762  -0.0388   5.2877  12.4965   0.0000   0.0000   0.0000
     763   0.8135   5.1391  11.8280   0.0000   0.0000   0.0000
     764   0.6336   5.8399  11.7375   0.0000   0.0000   0.0000
     765  -0.0341   5.3632  12.4886   0.0000   0.0000   0.0000
     766  -0.4171   4.0146  12.5304   0.0000   0.0000   0.0000
     767  -1.3904   4.2268  11.8485   0.0000   0.0000   0.0000
     768  -1.5810   3.7182  12.4952   0.0000   0.0000   0.0000
     769  -0.7014   3.6752  12.6387   0.0000   0.0000   0.0000
     770  -1.4303   4.3659  12.5510   0.0000   0.0000   0.0000
     771  -0.9759   4.0624  12.4898   0.0000   0.0000   0.0000
     772   0.0121   5.0073  12.1269   0.0000   0.0000   0.0000
     773   0.4133   5.4926  10.9566   0.0000   0.0000   0.0000
     774   0.1160   5.9624  11.1102   0.0000   0.0000   0.0000
     775  -0.1597   5.5694  11.6542   0.0000   0.0000   0.0000
     776   0.5109   6.1202  11.7905   0.0000   0.0000   0.0000
     777  -0.2910   5.7573  11.7992   0.0000   0.0000   0.0000
     778  -0.2870   5.5178  11.4220   0.0000   0.0000   0.0000
     779  -0.4769   4.8752  12.3115   0.0000   0.0000   0.0000
     780  -0.6600   5.3122  11.4523   0.0000   0.0000   0.0000
     781  -0.6050   5.2198  11.2323   0.0000   0.0000   0.0000
     782   0.1239   4.8920  11.5942   0.0000   0.0000   0.0000
     783   0.1918   5.7233  11.3903   0.0000   0.0000   0.0000
     784   0.1370   6.9990  11.7082   0.0000   0.0000   0.0000
     785   0.9885   6.5909  11.0940   0.0000   0.0000   0.0000
     786  -0.6582   7.1849  10.9109   0.0000   0.0000   0.0000
     787  -1.0190   5.9120  10.7373   0.0000   0.0000   0.0000
     788   0.0068   5.9552  10.8820   0.0000   0.0000   0.0000
     789  -0.1032   6.8605  11.5791   0.0000   0.0000   0.0000
     790  -0.0257   6.7594  10.5834   0.0000   0.0000   0.0000
     791  -0.1760   6.6911  10.6670   0.0000   0.0000   0.0000
     792  -0.2354   6.4531  10.0748   0.0000   0.0000   0.0000
     793  -1.4247   5.6284   9.8259   0.0000   0.0000   0.0000
     794  -0.4416   5.9759   9.9094   0.0000   0.0000   0.0000
     795  -0.3947   5.9529  10.8466   0.0000   0.0000   0.0000
     796  -0.8444   6.1081  10.0031   0.0000   0.0000   0.0000
     797  -1.1614   6.3039  10.3567   0.0000   0.0000   0.0000
     798  -0.9043   5.0567  10.4324   0.0000   0.0000   0.0000
     799  -0.3911   6.4443  10.8176   0.0000   0.0000   0.0000
     800  -0.6025   5.6985   9.4502   0.0000   0.0000   0.0000
     801  -0.2846   6.6704  10.9860   0.0000   0.0000   0.0000
     802  -0.4527   6.0608  10.4336   0.0000   0.0000   0.0000
     803  -1.0627   6.1358   9.9244   0.0000   0.0000   0.0000
     804  -1.2945   6.5604  10.5174   0.0000   0.0000   0.0000
     805  -0.7715   6.8787  10.3457   0.0000   0.0000   0.0000
     806  -0.4350   6.7631  10.2188   0.0000   0.0000   0.0000
     807  -0.1441   6.3695  10.9278   0.0000   0.0000   0.0000
     808  -1.1712   5.6488  10.8145   0.0000   0.0000   0.0000
     809  -0.5516   6.0210  10.1192   0.0000   0.0000   0.0000
     810   0.7993   6.8959  10.6540   0.0000   0.0000   0.0000
     811   0.0941   7.7782  10.4809   0.0000   0.0000   0.0000
     812  -0.4923   7.4679  10.4792   0.0000   0.0000   0.0000
     813  -0.3879   7.5619  10.4518   0.0000   0.0000   0.0000
     814  -0.5665   7.1618  10.9552   0.0000   0.0000   0.0000
     815   0.6691   7.8503  10.9737   0.0000   0.0000   0.0000
     816  -1.1516   5.4323  10.9629   0.0000   0.0000   0.0000
     817  -1.0689   6.0343  11.2582   0.0000   0.0000   0.0000
     818  -1.1760   6.2413  11.1471   0.0000   0.0000   0.0000
     819  -1.7779   6.1313  10.8604   0.0000   0.0000   0.0000
     820  -1.1691   6.0235  11.9044   0.0000   0.0000   0.0000
     821  -1.7813   6.5217  12.3267   0.0000   0.0000   0.0000
     822  -1.4221   5.7272  12.0097   0.0000   0.0000   0.0000
     823  -1.6312   6.0344  12.4518   0.0000   0.0000   0.0000
     824  -2.1825   6.6277  12.5233   0.0000   0.0000   0.0000
     825  -1.3716   6.3093  13.0971   0.0000   0.0000   0.0000
     826  -1.6458   6.9119  12.5590   0.0000   0.0000   0.0000
     827  -1.0005   5.8695  12.4611   0.0000   0.0000   0.0000
     828  -0.7626   6.1298  12.6799   0.0000   0.0000   0.0000
     829  -0.4992   6.3388  13.2729   0.0000   0.0000   0.0000
     830   0.0918   6.8470  12.1277   0.0000   0.0000   0.0000
     831   0.0632   7.8741  13.0879   0.0000   0.0000   0.0000
     832   0.1610   7.8547  12.7401   0.0000   0.0000   0.0000
     833   0.5026   8.2116  13.3855   0.0000   0.0000   0.0000
     834   0.2234   7.4637  12.4767   0.0000   0.0000   0.0000
     835   0.2584   7.5468  13.0259   0.0000   0.0000   0.0000
     836  -0.3390   8.4205  13.1035   0.0000   0.0000   0.0000
     837  -0.4244   8.5792  12.9844   0.0000   0.0000   0.0000
     838  -0.5194   7.7788  11.8483   0.0000   0.0000   0.0000
     839  -0.1326   7.5027  11.8817   0.0000   0.0000   0.0000
     840  -0.8931   7.1538  12.7802   0.0000   0.0000   0.0000
     841  -0.6885   7.2635  12.7126   0.0000   0.0000   0.0000
     842  -1.3719   6.1643  13.0666   0.0000   0.0000   0.0000
     843  -0.5816   7.3245  12.3698   0.0000   0.0000   0.0000
     844  -1.4240   7.3608  12.9815   0.0000   0.0000   0.0000
     845  -0.6332   7.7583  11.9467   0.0000   0.0000   0.0000
     846  -0.3234   7.1872  12.6478   0.0000   0.0000   0.0000
     847  -0.7745   7.0464  12.1576   0.0000   0.0000   0.0000
     848  -1.2761   6.8805  11.7199   0.0000   0.0000   0.0000
     849  -0.9263   7.1862  11.6871   0.0000   0.0000   0.0000
     850  -1.0221   6.8788  11.7263   0.0000   0.0000   0.0000
     851  -1.1712   7.4717  12.3998   0.0000   0.0000   0.0000
     852  -1.5900   7.4460  12.2271   0.0000   0.0000   0.0000
     853  -1.0449   7.1579  12.4332   0.0000   0.0000   0.0000
     854  -0.8663   7.6356  12.4564   0.0000   0.0000   0.0000
     855  -1.3943   8.1696  12.0771   0.0000   0.0000   0.0000
     856  -1.3652   7.7681  12.4104   0.0000   0.0000   0.0000
     857  -1.3904   7.4362  12.5628   0.0000   0.0000   0.0000
     858  -1.9807   7.8478  12.2713   0.0000   0.0000   0.0000
     859  -1.6370   7.3745  12.8046   0.0000   0.0000   0.0000
     860  -0.9670   7.1864  12.9917   0.0000   0.0000   0.0000
     861  -0.6289   7.8249  12.8488   0.0000   0.0000   0.0000
     862  -1.5353   7.6597  13.0220   0.0000   0.0000   0.0000
     863  -0.2708   7.5842  13.1284   0.0000   0.0000   0.0000
     864  -1.4823   6.5822  13.3771   0.0000   0.0000   0.0000
     865  -0.8262   6.9841  12.9319   0.0000   0.0000   0.0000
     866  -1.0045   6.4458  13.2516   0.0000   0.0000   0.0000
     867  -1.2532   6.8266  13.2095   0.0000   0.0000   0.0000
     868  -1.2464   6.0941  12.9715   0.0000   0.0000   0.0000
     869  -2.1769   6.8634  12.7263   0.0000   0.0000   0.0000
     870  -1.7411   6.4008  13.2289   0.0000   0.0000   0.0000
     871  -0.4701   5.8462  13.7411   0.0000   0.0000   0.0000
     872  -0.6878   6.4514  13.7862   0.0000   0.0000   0.0000
     873  -1.1645   6.8651  13.6946   0.0000   0.0000   0.0000
     874  -0.7599   6.6565  13.8072   0.0000   0.0000   0.0000
     875  -1.6369   6.5576  14.4067   0.0000   0.0000   0.0000
     876  -1.3082   6.6590  14.3044   0.0000   0.0000   0.0000
     877  -0.8339   5.6464  13.8956   0.0000   0.0000   0.0000
     878  -1.2645   5.5630  14.7920   0.0000   0.0000   0.0000
     879  -1.7704   5.3814  13.3876   0.0000   0.0000   0.0000
     880  -1.7149   5.1045  13.8302   0.0000   0.0000   0.0000
     881  -2.1266   5.0969  14.1436   0.0000   0.0000   0.0000
     882  -1.1806   5.4940  13.6963   0.0000   0.0000   0.0000
     883  -0.8175   5.7713  13.4423   0.0000   0.0000   0.0000
     884  -1.2192   5.5914  13.4686   0.0000   0.0000   0.0000
     885  -1.4505   5.8847  13.7053   0.0000   0.0000   0.0000
     886  -0.8929   4.4897  14.1638   0.0000   0.0000   0.0000
     887  -1.4915   4.8598  14.2096   0.0000   0.0000   0.0000
     888  -1.3164   4.4998  14.6438   0.0000   0.0000   0.0000
     889  -1.5525   5.2741  14.6482   0.0000   0.0000   0.0000
     890  -1.4558   4.6746  14.6977   0.0000   0.0000   0.0000
     891  -1.0114   5.2701  14.9786   0.0000   0.0000   0.0000
     892  -1.6710   4.0692  14.8473   0.0000   0.0000   0.0000
     893  -1.3755   5.8217  14.5289   0.0000   0.0000   0.0000
     894  -0.7477   5.7735  13.8286   0.0000   0.0000   0.0000
     895  -1.5779   6.3207  13.6667   0.0000   0.0000   0.0000
     896  -1.4705   6.6529  14.1294   0.0000   0.0000   0.0000
     897  -2.0038   7.3886  13.6609   0.0000   0.0000   0.0000
     898  -2.2811   6.0031  13.9360   0.0000   0.0000   0.0000
     899  -1.7927   5.6245  14.0524   0.0000   0.0000   0.0000
     900  -1.9956   5.3738  14.2561   0.0000   0.0000   0.0000
     901  -1.9487   5.1466  13.7946   0.0000   0.0000   0.0000
     902  -1.3787   5.3339  13.8240   0.0000   0.0000   0.0000
     903  -1.7537   4.9473  13.3161   0.0000   0.0000   0.0000
     904  -1.5720   5.3879  13.3970   0.0000   0.0000   0.0000
     905  -1.4824   5.1053  13.4108   0.0000   0.0000   0.0000
     906  -2.2198   5.0434  13.6842   0.0000   0.0000   0.0000
     907  -2.2092   5.1172  13.4157   0.0000   0.0000   0.0000
     908  -1.4510   4.9666  13.2060   0.0000   0.0000   0.0000
     909  -1.3655   5.6378  13.9609   0.0000   0.0000   0.0000
     910  -1.1683   5.8096  14.0481   0.0000   0.0000   0.0000
     911  -1.9682   5.0452  13.8337   0.0000   0.0000   0.0000
     912  -0.8844   5.3946  14.6546   0.0000   0.0000   0.0000
     913  -2.3817   6.2320  14.8083   0.0000   0.0000   0.0000
     914  -1.4222   5.9051  14.5117   0.0000   0.0000   0.0000
     915  -1.2098   5.8943  14.2597   0.0000   0.0000   0.0000
     916  -1.4803   6.0940  14.3977   0.0000   0.0000   0.0000
     917  -0.9144   6.6806  14.2628   0.0000   0.0000   0.0000
     918  -1.1358   6.5156  14.0011   0.0000   0.0000   0.0000
     919  -0.9873   6.3598  13.6714   0.0000   0.0000   0.0000
     920  -1.0821   6.4425  14.0702   0.0000   0.0000   0.0000
     921  -1.2744   6.5898  14.6167   0.0000   0.0000   0.0000
     922  -0.9207   5.5543  14.9208   0.0000   0.0000   0.0000
     923  -0.3089   5.9181  14.4790   0.0000   0.0000   0.0000
     924  -0.4244   6.5689  14.1381   0.0000   0.0000   0.0000
     925  -0.9480   6.4802  14.5383   0.0000   0.0000   0.0000
     926  -0.5797   6.0319  14.5278   0.0000   0.0000   0.0000
     927  -0.7647   4.5597  14.3083   0.0000   0.0000   0.0000
     928  -0.6214   6.0037  14.5335   0.0000   0.0000   0.0000
     929  -0.3197   5.7944  14.0041   0.0000   0.0000   0.0000
     930  -0.2853   5.2789  14.4343   0.0000   0.0000   0.0000
     931  -0.5289   5.3903  13.9157   0.0000   0.0000   0.0000
     932  -0.2702   5.8932  14.3939   0.0000   0.0000   0.0000
     933  -0.9008   5.5752  14.2705   0.0000   0.0000   0.0000
     934  -0.4006   6.1288  14.1770   0.0000   0.0000   0.0000
     935  -1.2188   6.5598  13.8458   0.0000   0.0000   0.0000
     936  -1.6931   6.3004  14.3833   0.0000   0.0000   0.0000
     937  -1.0767   6.1093  13.7549   0.0000   0.0000   0.0000
     938  -1.4098   6.2903  14.0233   0.0000   0.0000   0.0000
     939  -1.4186   5.9733  14.0239   0.0000   0.0000   0.0000
     940  -1.4964   5.8868  13.6877   0.0000   0.0000   0.0000
     941  -1.4809   5.4464  14.3335   0.0000   0.0000   0.0000
     942  -2.0084   5.5630  14.0993   0.0000   0.0000   0.0000
     943  -2.3232   5.7997  14.1922   0.0000   0.0000   0.0000
     944  -3.0181   5.7616  14.3794   0.0000   0.0000   0.0000
     945  -2.0743   5.9438  14.0243   0.0000   0.0000   0.0000
     946  -1.7417   6.0033  13.3880   0.0000   0.0000   0.0000
     947  -1.7516   5.2481  13.8348   0.0000   0.0000   0.0000
     948  -2.6778   5.2076  14.2009   0.0000   0.0000   0.0000
     949  -2.3718   5.9183  12.5251   0.0000   0.0000   0.0000
     950  -1.8134   5.0235  12.7071   0.0000   0.0000   0.0000
     951  -1.5976   4.4200  13.5021   0.0000   0.0000   0.0000
     952  -0.8692   4.7045  13.9627   0.0000   0.0000   0.0000
     953  -0.7425   5.0046  13.6387   0.0000   0.0000   0.0000
     954  -1.5054   5.3844  13.0758   0.0000   0.0000   0.0000
     955  -2.5232   5.2729  12.9671   0.0000   0.0000   0.0000
     956  -1.1843   5.1857  13.4540   0.0000   0.0000   0.0000
     957  -1.1266   5.9581  13.0256   0.0000   0.0000   0.0000
     958  -1.1860   5.7240  12.8490   0.0000   0.0000   0.0000
     959  -1.0762   5.0236  12.5474   0.0000   0.0000   0.0000
     960  -0.8431   5.9044  11.4098   0.0000   0.0000   0.0000
     961  -0.6221   5.4644  12.6262   0.0000   0.0000   0.0000
     962  -0.9813   5.1956  12.9016   0.0000   0.0000   0.0000
     963  -0.3672   5.9600  13.7509   0.0000   0.0000   0.0000
     964  -0.4944   5.4364  13.2705   0.0000   0.0000   0.0000
     965  -0.9733   5.5777  13.8171   0.0000   0.0000   0.0000
     966  -0.3009   6.4169  13.5832   0.0000   0.0000   0.0000
     967  -0.3569   6.2240  12.8035   0.0000   0.0000   0.0000
     968  -0.9183   6.7709  12.5925   0.0000   0.0000   0.0000
     969  -1.2821   6.4216  13.2444   0.0000   0.0000   0.0000
     970  -1.7006   4.7768  13.8445   0.0000   0.0000   0.0000
     971  -1.0822   6.4320  13.5266   0.0000   0.0000   0.0000
     972  -2.6201   5.7866  13.0854   0.0000   0.0000   0.0000
     973  -1.8536   5.5372  13.0629   0.0000   0.0000   0.0000
     974  -2.1368   5.6853  13.9687   0.0000   0.0000   0.0000
     975  -1.1666   6.0127  13.9307   0.0000   0.0000   0.0000
     976  -1.8035   6.5933  13.7065   0.0000   0.0000   0.0000
     977  -1.9898   5.4619  14.0689   0.0000   0.0000   0.0000
     978  -1.6581   5.7327  13.9028   0.0000   0.0000   0.0000
     979  -1.3122   6.3119  14.0906   0.0000   0.0000   0.0000
     980  -1.2499   6.2977  13.7938   0.0000   0.0000   0.0000
     981  -1.0282   5.5111  13.8008   0.0000   0.0000   0.0000
     982  -0.2117   5.4806  13.4559   0.0000   0.0000   0.0000
     983  -0.2629   6.1287  14.0308   0.0000   0.0000   0.0000
     984  -0.7325   5.5609  13.6597   0.0000   0.0000   0.0000
     985  -0.3329   6.5340  13.5383   0.0000   0.0000   0.0000
     986   0.3333   6.3718  12.3649   0.0000   0.0000   0.0000
     987  -1.0527   5.2186  13.4005   0.0000   0.0000   0.0000
     988  -0.3372   6.1196  12.9984   0.0000   0.0000   0.0000
     989  -0.0343   6.1412  12.3103   0.0000   0.0000   0.0000
     990  -0.1101   5.3408  12.3773   0.0000   0.0000   0.0000
     991  -0.4939   5.4625  12.0846   0.0000   0.0000   0.0000
     992  -0.3997   5.3761  12.3900   0.0000   0.0000   0.0000
     993  -0.7212   5.3243  12.9590   0.0000   0.0000   0.0000
     994  -0.3397   4.0645  12.6639   0.0000   0.0000   0.0000
     995  -0.4452   4.2952  12.4763   0.0000   0.0000   0.0000
     996  -1.2374   2.3971  13.5975   0.0000   0.0000   0.0000
     997  -2.4760   3.6811  13.7876   0.0000   0.0000   0.0000
     998  -2.0000   3.7679  13.4297   0.0000   0.0000   0.0000
     999  -1.1646   4.3443  13.5301   0.0000   0.0000   0.0000
    1000  -1.9314   4.9140  13.5180   0.0000   0.0000   0.0000
    1001  -2.1132   5.6364  13.3849   0.0000   0.0000   0.0000
    1002  -2.3838   5.0016  13.4086   0.0000   0.0000   0.0000
    1003  -2.7207   4.1052  12.8669   0.0000   0.0000   0.0000
    1004  -2.7749   4.2335  13.5390   0.0000   0.0000   0.0000
    1005  -3.0292   4.8720  13.0411   0.0000   0.0000   0.0000
    1006  -3.3405   5.1732  14.0437   0.0000   0.0000   0.0000
    1007  -2.7825   5.3762  12.5112   0.0000   0.0000   0.0000
    1008  -2.7527   4.6605  13.2727   0.0000   0.0000   0.0000
    1009  -2.7791   5.1091  12.7241   0.0000   0.0000   0.0000
    1010  -2.1844   4.4823  13.6034   0.0000   0.0000   0.0000
    1011  -3.2952   4.2752  13.9101   0.0000   0.0000   0.0000
    1012  -2.3250   4.7841  14.1264   0.0000   0.0000   0.0000
    1013  -3.7409   4.1070  13.4859   0.0000   0.0000   0.0000
    1014  -3.9930   3.7546  13.8089   0.0000   0.0000   0.0000
    1015  -3.3392   4.4993  13.6391   0.0000   0.0000   0.0000
    1016  -3.2545   3.3179  12.8245   0.0000   0.0000   0.0000
    1017  -3.2485   3.2479  13.3026   0.0000   0.0000   0.0000
    1018  -3.6820   4.8199  13.4490   0.0000   0.0000   0.0000
    1019  -3.8334   3.4652  13.5195   0.0000   0.0000   0.0000
    1020  -4.0392   4.1891  12.9798   0.0000   0.0000   0.0000
    1021  -3.3705   3.9872  13.1460   0.0000   0.0000   0.0000
    1022  -3.7958   4.1121  13.5870   0.0000   0.0000   0.0000
    1023  -3.9572   3.8522  13.6642   0.0000   0.0000   0.0000
    1024  -3.6344   4.5579  14.2143   0.0000   0.0000   0.0000
    1025  -4.5784   5.0384  14.1962   0.0000   0.0000   0.0000
    1026  -3.1782   4.3953  14.3545   0.0000   0.0000   0.0000
    1027  -3.9247   4.0905  14.3495   0.0000   0.0000   0.0000
    1028  -4.0022   4.4373  14.6577   0.0000   0.0000   0.0000
    1029  -3.2425   3.8158  14.2079   0.0000   0.0000   0.0000
    1030  -4.1402   4.0767  13.8590   0.0000   0.0000   0.0000
    1031  -4.2231   4.2814  14.1328   0.0000   0.0000   0.0000
    1032  -4.3055   3.8336  14.4354   0.0000   0.0000   0.0000
    1033  -4.1001   4.3027  14.4336   0.0000   0.0000   0.0000
    1034  -3.3315   4.8174  14.2719   0.0000   0.0000   0.0000
    1035  -4.5991   3.6391  14.6010   0.0000   0.0000   0.0000
    1036  -3.9486   3.9914  14.3147   0.0000   0.0000   0.0000
    1037  -4.8063   4.5767  13.6484   0.0000   0.0000   0.0000
    1038  -5.1418   4.3454  13.1082   0.0000   0.0000   0.0000
    1039  -4.5259   5.1719  13.5244   0.0000   0.0000   0.0000
    1040  -4.1587   4.5973  13.6022   0.0000   0.0000   0.0000
    1041  -3.4083   4.5267  14.2044   0.0000   0.0000   0.0000
    1042  -3.0833   4.2976  13.7189   0.0000   0.0000   0.0000
    1043  -3.0067   4.7164  14.1542   0.0000   0.0000   0.0000
    1044  -2.4100   4.8390  13.4216   0.0000   0.0000   0.0000
    1045  -2.2600   4.7089  12.1821   0.0000   0.0000   0.0000
    1046  -2.5363   5.1029  12.5703   0.0000   0.0000   0.0000
    1047  -2.7282   5.0847  13.4378   0.0000   0.0000   0.0000
    1048  -1.7187   4.2304  12.7874   0.0000   0.0000   0.0000
    1049  -1.9799   3.9629  12.5970   0.0000   0.0000   0.0000
    1050  -1.9885   4.6359  11.6342   0.0000   0.0000   0.0000
    1051  -2.8936   5.0315  11.9126   0.0000   0.0000   0.0000
    1052  -1.9241   4.3772  12.0539   0.0000   0.0000   0.0000
    1053  -1.6056   4.2496  12.3446   0.0000   0.0000   0.0000
    1054  -2.1497   4.2521  12.9194   0.0000   0.0000   0.0000
    1055  -1.7127   3.9179  12.4859   0.0000   0.0000   0.0000
    1056  -1.0625   4.4085  13.1271   0.0000   0.0000   0.0000
    1057  -2.3589   4.1374  12.1860   0.0000   0.0000   0.0000
    1058  -1.5511   4.3579  12.7002   0.0000   0.0000   0.0000
    1059  -2.5603   4.2510  12.5184   0.0000   0.0000   0.0000
    1060  -1.6750   4.3912  12.5919   0.0000   0.0000   0.0000
    1061  -0.8833   4.3146  12.5948   0.0000   0.0000   0.0000
    1062  -1.3704   4.0711  11.8546   0.0000   0.0000   0.0000
    1063  -1.8270   4.5835  11.4555   0.0000   0.0000   0.0000
    1064  -1.4227   4.7742  11.5232   0.0000   0.0000   0.0000
    1065  -1.7034   5.2858  12.1820   0.0000   0.0000   0.0000
    1066  -1.8761   4.7304  12.1689   0.0000   0.0000   0.0000
    1067  -1.7103   3.9011  12.4302   0.0000   0.0000   0.0000
    1068  -1.1998   5.8608  11.7059   0.0000   0.0000   0.0000
    1069  -1.1691   5.0896  12.7316   0.0000   0.0000   0.0000
    1070  -0.9294   4.3918  13.2700   0.0000   0.0000   0.0000
    1071  -1.6062   4.8958  12.8405   0.0000   0.0000   0.0000
    1072  -0.8359   4.8067  13.0292   0.0000   0.0000   0.0000
    1073  -0.8735   4.9491  13.4866   0.0000   0.0000   0.0000
    1074  -1.1072   4.2321  13.0024   0.0000   0.0000   0.0000
    1075  -1.6199   4.3552  13.6242   0.0000   0.0000   0.0000
    1076  -0.8171   4.0547  13.5830   0.0000   0.0000   0.0000
    1077  -1.2974   4.9392  13.5934   0.0000   0.0000   0.0000
    1078  -0.9041   4.7988  12.6567   0.0000   0.0000   0.0000
    1079  -1.0446   5.1961  13.9259   0.0000   0.0000   0.0000
    1080  -1.0284   4.4094  13.1008   0.0000   0.0000   0.0000
    1081  -1.3183   5.1121  12.6855   0.0000   0.0000   0.0000
    1082  -0.9053   5.6438  13.1531   0.0000   0.0000   0.0000
    1083  -1.2558   4.7436  14.3146   0.0000   0.0000   0.0000
    1084  -1.4665   4.4780  13.2260   0.0000   0.0000   0.0000
    1085  -1.2228   5.0947  13.7639   0.0000   0.0000   0.0000
    1086  -1.5505   4.7729  13.8941   0.0000   0.0000   0.0000
    1087  -1.8134   4.5580  13.6046   0.0000   0.0000   0.0000
    1088  -1.6555   4.8739  13.5207   0.0000   0.0000   0.0000
    1089  -1.8500   5.1208  13.7456   0.0000   0.0000   0.0000
    1090  -1.2454   4.5075  13.4986   0.0000   0.0000   0.0000
    1091  -0.8701   4.2745  14.2955   0.0000   0.0000   0.0000
    1092  -1.9504   3.8843  13.9122   0.0000   0.0000   0.0000
    1093  -0.9165   4.5815  13.8750   0.0000   0.0000   0.0000
    1094  -0.8264   4.6037  14.1531   0.0000   0.0000   0.0000
    1095  -0.8088   4.5999  14.1487   0.0000   0.0000   0.0000
    1096  -1.0397   5.1334  13.8006   0.0000   0.0000   0.0000
    1097  -1.1058   5.3137  13.7397   0.0000   0.0000   0.0000
    1098  -1.3512   4.7057  13.9531   0.0000   0.0000   0.0000
    1099  -1.4769   4.9817  13.5248   0.0000   0.0000   0.0000
    1100  -1.1677   5.4330  13.7200   0.0000   0.0000   0.0000
    1101  -1.1143   4.9117  13.5108   0.0000   0.0000   0.0000
    1102  -1.4754   4.8750  13.7601   0.0000   0.0000   0.0000
    1103  -0.9569   5.4295  13.7557   0.0000   0.0000   0.0000
    1104  -0.0883   5.0230  13.9340   0.0000   0.0000   0.0000
    1105   0.6617   4.7968  13.6972   0.0000   0.0000   0.0000
    1106   0.3670   4.9852  13.4613   0.0000   0.0000   0.0000
    1107   0.5250   5.2466  13.0580   0.0000   0.0000   0.0000
    1108   0.2610   6.3591  13.3085   0.0000   0.0000   0.0000
    1109  -0.2124   6.0982  13.9660   0.0000   0.0000   0.0000
    1110   0.1597   6.1543  13.9330   0.0000   0.0000   0.0000
    1111  -0.0581   6.8529  12.4049   0.0000   0.0000   0.0000
    1112  -0.0147   6.0789  13.2329   0.0000   0.0000   0.0000
    1113  -0.4106   6.3949  13.3424   0.0000   0.0000   0.0000
    1114  -0.6605   6.4170  13.5714   0.0000   0.0000   0.0000
    1115  -0.5342   6.3103  13.7883   0.0000   0.0000   0.0000
    1116  -1.0304   6.4739  13.6618   0.0000   0.0000   0.0000
    1117  -0.6795   5.9715  13.0373   0.0000   0.0000   0.0000
    1118  -0.7756   6.1482  12.8984   0.0000   0.0000   0.0000
    1119  -1.0452   5.4866  12.6908   0.0000   0.0000   0.0000
    1120  -1.0139   5.8339  13.1024   0.0000   0.0000   0.0000
    1121  -0.3385   6.2106  13.6572   0.0000   0.0000   0.0000
    1122  -1.4571   6.1935  13.5232   0.0000   0.0000   0.0000
    1123   0.5489   4.6843  12.7405   0.0000   0.0000   0.0000
    1124   0.0598   5.4427  12.4735   0.0000   0.0000   0.0000
    1125   0.4613   5.3111  12.9456   0.0000   0.0000   0.0000
    1126   0.5983   5.7534  12.6467   0.0000   0.0000   0.0000
    1127   0.2487   5.0668  12.3874   0.0000   0.0000   0.0000
    1128   0.0738   5.5012  12.3434   0.0000   0.0000   0.0000
    1129  -0.0416   4.8391  12.3839   0.0000   0.0000   0.0000
    1130  -0.3932   6.4380  12.1280   0.0000   0.0000   0.0000
    1131   0.1396   5.6836  11.6845   0.0000   0.0000   0.0000
    1132  -0.0181   5.5862  12.1254   0.0000   0.0000   0.0000
    1133   0.0887   5.7329  12.0343   0.0000   0.0000   0.0000
    1134   0.4596   5.4386  12.3494   0.0000   0.0000   0.0000
    1135  -0.2365   4.8680  12.9600   0.0000   0.0000   0.0000
    1136   0.2740   5.0279  12.8388   0.0000   0.0000   0.0000
    1137   0.3187   4.5159  12.3956   0.0000   0.0000   0.0000
    1138  -0.9038   4.6460  12.2900   0.0000   0.0000   0.0000
    1139  -0.7538   4.8943  12.6614   0.0000   0.0000   0.0000
    1140  -0.1718   4.9269  12.4714   0.0000   0.0000   0.0000
    1141  -0.4895   5.1712  12.1490   0.0000   0.0000   0.0000
    1142  -0.6946   5.1749  11.9300   0.0000   0.0000   0.0000
    1143   0.0899   3.9703  11.8015   0.0000   0.0000   0.0000
    1144  -0.4534   5.2914  11.7759   0.0000   0.0000   0.0000
    1145  -0.7438   4.6351  11.7748   0.0000   0.0000   0.0000
    1146  -0.7558   4.6467  11.7706   0.0000   0.0000   0.0000
    1147  -0.7586   5.7804  11.4401   0.0000   0.0000   0.0000
    1148  -0.9062   4.9342  11.3583   0.0000   0.0000   0.0000
    1149  -0.5889   5.5503  11.7659   0.0000   0.0000   0.0000
    1150  -0.9470   5.6285  11.7428   0.0000   0.0000   0.0000
    1151  -0.1901   5.6110  11.5653   0.0000   0.0000   0.0000
    1152  -0.4512   5.5293  11.4932   0.0000   0.0000   0.0000
    1153  -0.6690   4.8162  11.5363   0.0000   0.0000   0.0000
    1154  -0.5440   5.5250  12.5484   0.0000   0.0000   0.0000
    1155  -1.1923   5.0841  11.8720   0.0000   0.0000   0.0000
    1156  -0.1026   4.5984  12.5276   0.0000   0.0000   0.0000
    1157  -0.7683   4.7801  11.4861   0.0000   0.0000   0.0000
    1158  -0.3805   4.7826  12.4023   0.0000   0.0000   0.0000
    1159  -0.0026   4.9730  12.5881   0.0000   0.0000   0.0000
    1160   0.4528   6.2270  12.1854   0.0000   0.0000   0.0000
    1161  -0.0867   5.8041  12.0713   0.0000   0.0000   0.0000
    1162   0.5214   5.5116  11.9983   0.0000   0.0000   0.0000
    1163   0.3081   5.8150  12.8605   0.0000   0.0000   0.0000
    1164   0.1504   5.4359  12.8163   0.0000   0.0000   0.0000
    1165   0.8633   5.4421  12.3161   0.0000   0.0000   0.0000
    1166  -0.2236   5.7355  12.3599   0.0000   0.0000   0.0000
    1167  -0.3627   4.6811  13.6014   0.0000   0.0000   0.0000
    1168  -0.3059   5.7778  12.6709   0.0000   0.0000   0.0000
    1169   0.2714   5.1773  13.2345   0.0000   0.0000   0.0000
    1170   0.0411   4.5168  14.2437   0.0000   0.0000   0.0000
    1171   0.5160   4.9816  12.8302   0.0000   0.0000   0.0000
    1172   0.0572   5.8909  13.2399   0.0000   0.0000   0.0000
    1173   0.0831   4.7486  13.9577   0.0000   0.0000   0.0000
    1174   0.3197   5.2212  13.2339   0.0000   0.0000   0.0000
    1175   1.3868   4.9645  13.6831   0.0000   0.0000   0.0000
    1176   0.9513   4.2405  13.7601   0.0000   0.0000   0.0000
    1177   1.7383   4.7298  13.5396   0.0000   0.0000   0.0000
    1178   1.2935   4.9126  13.3252   0.0000   0.0000   0.0000
    1179   1.5605   4.9497  13.3426   0.0000   0.0000   0.0000
    1180   0.4755   4.2983  13.5181   0.0000   0.0000   0.0000
    1181   1.5431   4.9713  13.3431   0.0000   0.0000   0.0000
    1182   0.9617   6.0847  13.0357   0.0000   0.0000   0.0000
    1183  -0.0543   4.6863  12.9196   0.0000   0.0000   0.0000
    1184   0.5022   5.1005  12.1769   0.0000   0.0000   0.0000
    1185  -0.5679   4.0571  12.9765   0.0000   0.0000   0.0000
    1186   0.1218   4.0541  12.6029   0.0000   0.0000   0.0000
    1187   0.3015   3.8858  12.3955   0.0000   0.0000   0.0000
    1188  -0.7068   4.7882  13.0469   0.0000   0.0000   0.0000
    1189  -0.2413   4.0102  12.7699   0.0000   0.0000   0.0000
    1190   0.1589   4.7991  12.3829   0.0000   0.0000   0.0000
    1191   0.6991   4.9089  12.6513   0.0000   0.0000   0.0000
    1192  -0.0370   3.9937  12.2798   0.0000   0.0000   0.0000
    1193  -0.6743   4.2552  11.9127   0.0000   0.0000   0.0000
    1194   0.2399   4.1611  11.7609   0.0000   0.0000   0.0000
    1195  -0.5906   4.9433  12.0222   0.0000   0.0000   0.0000
    1196  -0.9309   3.8749  12.5472   0.0000   0.0000   0.0000
    1197  -0.4630   4.2156  12.2469   0.0000   0.0000   0.0000
    1198  -0.3110   3.8517  11.8161   0.0000   0.0000   0.0000
    1199  -0.3667   4.2996  12.8257   0.0000   0.0000   0.0000
    1200   0.1626   3.6821  12.6825   0.0000   0.0000   0.0000
    1201   0.4844   3.4177  12.4143   0.0000   0.0000   0.0000
    1202   0.0046   4.4983  12.1087   0.0000   0.0000   0.0000
    1203  -0.1684   4.9553  12.2781   0.0000   0.0000   0.0000
    1204  -0.7205   5.3880  12.2824   0.0000   0.0000   0.0000
    1205  -0.7597   4.7444  11.8212   0.0000   0.0000   0.0000
    1206  -0.2205   4.8686  12.1313   0.0000   0.0000   0.0000
    1207  -0.3006   5.3549  11.7792   0.0000   0.0000   0.0000
    1208  -0.3951   5.1113  12.0838   0.0000   0.0000   0.0000
    1209  -0.2577   5.3031  11.8950   0.0000   0.0000   0.0000
    1210   0.6312   4.9694  11.5347   0.0000   0.0000   0.0000
    1211  -0.1347   4.7511  11.5066   0.0000   0.0000   0.0000
    1212   0.1499   5.3254  12.1367   0.0000   0.0000   0.0000
    1213  -0.6782   5.2504  13.0379   0.0000   0.0000   0.0000
    1214  -0.5127   5.2853  12.2977   0.0000   0.0000   0.0000
    1215  -0.1504   5.1370  12.0708   0.0000   0.0000   0.0000
    1216  -0.1809   5.0911  13.4622   0.0000   0.0000   0.0000
    1217  -1.1344   6.2322  12.7502   0.0000   0.0000   0.0000
    1218   0.5159   5.9697  12.9377   0.0000   0.0000   0.0000
    1219   0.8596   5.5652  12.1835   0.0000   0.0000   0.0000
    1220   0.6928   5.4725  12.5964   0.0000   0.0000   0.0000
    1221   0.6281   5.2478  12.4171   0.0000   0.0000   0.0000
    1222   0.1675   5.2134  12.8539   0.0000   0.0000   0.0000
    1223  -0.4966   5.0665  12.6085   0.0000   0.0000   0.0000
    1224  -0.7549   5.6663  12.9564   0.0000   0.0000   0.0000
    1225  -0.0887   5.6437  12.1163   0.0000   0.0000   0.0000
    1226   0.0117   5.3650  12.2732   0.0000   0.0000   0.0000
    1227   0.0541   5.9760  12.2065   0.0000   0.0000   0.0000
    1228  -0.2894   6.0531  12.6431   0.0000   0.0000   0.0000
    1229  -0.2505   6.0872  12.1703   0.0000   0.0000   0.0000
    1230   0.1279   5.8658  12.4616   0.0000   0.0000   0.0000
    1231   0.6535   5.8264  12.7327   0.0000   0.0000   0.0000
    1232   0.4143   5.8614  12.0438   0.0000   0.0000   0.0000
    1233   0.6019   6.6177  12.9426   0.0000   0.0000   0.0000
    1234  -0.5278   5.1978  13.0736   0.0000   0.0000   0.0000
    1235   0.0493   5.2305  11.8479   0.0000   0.0000   0.0000
    1236   0.2418   5.0195  11.8491   0.0000   0.0000   0.0000
    1237   0.4599   5.1388  11.4202   0.0000   0.0000   0.0000
    1238   0.4864   5.5576  11.5822   0.0000   0.0000   0.0000
    1239   0.1278   5.3146  11.3129   0.0000   0.0000   0.0000
    1240  -0.2885   4.8866  11.6142   0.0000   0.0000   0.0000
    1241   0.5574   5.0104  11.4084   0.0000   0.0000   0.0000
    1242  -0.4719   4.5274  12.5309   0.0000   0.0000   0.0000
    1243  -0.2379   5.3314  11.8612   0.0000   0.0000   0.0000
    1244  -0.6416   5.3181  12.0545   0.0000   0.0000   0.0000
    1245  -0.2106   3.8446  11.6474   0.0000   0.0000   0.0000
    1246  -0.5790   4.9209  11.4215   0.0000   0.0000   0.0000
    1247  -0.1596   4.3367  10.8567   0.0000   0.0000   0.0000
    1248  -0.3279   4.5297  11.4393   0.0000   0.0000   0.0000
    1249  -0.0844   5.0458  11.5525   0.0000   0.0000   0.0000
    1250  -1.6631   4.7897  11.6201   0.0000   0.0000   0.0000
    1251  -0.3344   5.1221  12.1156   0.0000   0.0000   0.0000
    1252   0.6351   5.5258  11.6837   0.0000   0.0000   0.0000
    1253   0.0409   4.8929  10.8923   0.0000   0.0000   0.0000
    1254  -0.3818   5.1331  11.3131   0.0000   0.0000   0.0000
    1255  -0.5574   4.5686  11.7912   0.0000   0.0000   0.0000
    1256  -1.4554   5.2564  11.5848   0.0000   0.0000   0.0000
    1257  -0.8198   4.8407  11.8420   0.0000   0.0000   0.0000
    1258  -0.7724   4.7347  11.0819   0.0000   0.0000   0.0000
    1259  -0.5773   4.9945  10.8855   0.0000   0.0000   0.0000
    1260  -0.1157   5.1691  11.7971   0.0000   0.0000   0.0000
    1261  -0.3485   4.7748  11.5323   0.0000   0.0000   0.0000
    1262  -1.0057   4.9385  11.0148   0.0000   0.0000   0.0000
    1263  -0.0650   5.1363  11.7905   0.0000   0.0000   0.0000
    1264   0.1556   5.2540  11.1981   0.0000   0.0000   0.0000
    1265  -0.0819   5.7854  11.9394   0.0000   0.0000   0.0000
    1266   0.1072   5.7487  11.7172   0.0000   0.0000   0.0000
    1267  -0.0428   5.3126  10.9713   0.0000   0.0000   0.0000
    1268  -0.0170   5.6296  11.3490   0.0000   0.0000   0.0000
    1269  -0.7693   5.7120  12.0298   0.0000   0.0000   0.0000
    1270   0.0368   6.1364  12.0054   0.0000   0.0000   0.0000
    1271   0.5512   5.5440  11.2513   0.0000   0.0000   0.0000
    1272   0.9550   5.7692  10.8850   0.0000   0.0000   0.0000
    1273  -0.0885   6.2308  11.5305   0.0000   0.0000   0.0000
    1274   1.2520   5.6923  11.2050   0.0000   0.0000   0.0000
    1275  -0.1257   6.2571  11.9350   0.0000   0.0000   0.0000
    1276   0.6307   6.4632  12.0448   0.0000   0.0000   0.0000
    1277   0.4779   6.8605  11.8224   0.0000   0.0000   0.0000
    1278  -0.2962   6.2801  11.6121   0.0000   0.0000   0.0000
    1279  -0.2192   6.0510  11.8419   0.0000   0.0000   0.0000
    1280  -0.3636   6.5728  12.6836   0.0000   0.0000   0.0000
    1281  -0.9925   5.8018  11.9967   0.0000   0.0000   0.0000
    1282  -0.6013   6.1920  12.0947   0.0000   0.0000   0.0000
    1283  -0.1488   6.2735  11.8390   0.0000   0.0000   0.0000
    1284  -0.4309   5.7606  12.4035   0.0000   0.0000   0.0000
    1285   0.5396   5.7588  12.0495   0.0000   0.0000   0.0000
    1286   0.7900   6.6814  11.4081   0.0000   0.0000   0.0000
    1287   0.7383   6.7880  12.2174   0.0000   0.0000   0.0000
    1288   0.6957   6.6808  12.0839   0.0000   0.0000   0.0000
    1289   0.9865   6.3337  12.1732   0.0000   0.0000   0.0000
    1290   0.8299   6.2968  11.9941   0.0000   0.0000   0.0000
    1291   0.5892   7.0954  12.5574   0.0000   0.0000   0.0000
    1292  -0.3073   7.2607  12.5544   0.0000   0.0000   0.0000
    1293   0.1721   5.8808  12.1244   0.0000   0.0000   0.0000
    1294   0.5921   5.6764  12.5116   0.0000   0.0000   0.0000
    1295  -0.3962   5.3130  12.1943   0.0000   0.0000   0.0000
    1296   0.0864   5.7560  11.4797   0.0000   0.0000   0.0000
    1297  -0.0795   6.2533  12.1817   0.0000   0.0000   0.0000
    1298  -0.0380   5.8155  12.3367   0.0000   0.0000   0.0000
    1299   0.2163   5.9652  12.0785   0.0000   0.0000   0.0000
    1300   0.6776   6.2275  11.6206   0.0000   0.0000   0.0000
    1301   0.2644   6.7355  13.2917   0.0000   0.0000   0.0000
    1302  -0.1841   5.5185  12.8432   0.0000   0.0000   0.0000
    1303   0.6225   5.7903  12.8150   0.0000   0.0000   0.0000
    1304   0.6307   5.7292  12.8177   0.0000   0.0000   0.0000
    1305   0.2115   5.6489  12.6053   0.0000   0.0000   0.0000
    1306   0.2450   4.6678  12.3608   0.0000   0.0000   0.0000
    1307  -0.2699   4.5007  12.4338   0.0000   0.0000   0.0000
    1308  -0.2501   5.1002  12.5384   0.0000   0.0000   0.0000
    1309   0.6364   5.1779  11.4901   0.0000   0.0000   0.0000
    1310   0.3331   4.7520  11.6772   0.0000   0.0000   0.0000
    1311   1.0173   5.0740  11.9331   0.0000   0.0000   0.0000
    1312   0.2974   4.9844  12.4412   0.0000   0.0000   0.0000
    1313  -0.1832   5.6896  12.3549   0.0000   0.0000   0.0000
    1314   0.7975   6.3058  12.7246   0.0000   0.0000   0.0000
    1315  -0.2937   5.7066  13.0710   0.0000   0.0000   0.0000
    1316  -0.4434   6.1920  12.4277   0.0000   0.0000   0.0000
    1317  -0.0376   5.8835  12.2001   0.0000   0.0000   0.0000
    1318  -0.2867   6.1845  12.5456   0.0000   0.0000   0.0000
    1319  -0.1118   6.8904  12.5248   0.0000   0.0000   0.0000
    1320  -0.8653   6.8872  11.5553   0.0000   0.0000   0.0000
    1321  -0.7566   7.1242  11.3100   0.0000   0.0000   0.0000
    1322  -1.0701   6.5734  11.1573   0.0000   0.0000   0.0000
    1323  -1.1377   6.9657  10.5795   0.0000   0.0000   0.0000
    1324  -2.3562   7.9364  10.3832   0.0000   0.0000   0.0000
    1325  -2.2110   6.9362   9.7909   0.0000   0.0000   0.0000
    1326  -1.7386   6.7873   9.8163   0.0000   0.0000   0.0000
    1327  -1.9620   6.5486   9.6059   0.0000   0.0000   0.0000
    1328  -3.3370   6.0399  10.1177   0.0000   0.0000   0.0000
    1329  -1.4715   7.5011  10.1315   0.0000   0.0000   0.0000
    1330  -1.3793   8.1030  10.5205   0.0000   0.0000   0.0000
    1331  -1.1183   7.5585  10.4065   0.0000   0.0000   0.0000
    1332  -0.7967   8.2718  10.0468   0.0000   0.0000   0.0000
    1333  -0.6739   7.7824  10.3050   0.0000   0.0000   0.0000
    1334  -1.7363   8.4090  10.3057   0.0000   0.0000   0.0000
    1335  -2.0661   7.2215  10.0340   0.0000   0.0000   0.0000
    1336  -1.7030   8.3036  10.8111   0.0000   0.0000   0.0000
    1337  -1.1449   7.5983  10.2299   0.0000   0.0000   0.0000
    1338  -0.4291   7.9523   9.9956   0.0000   0.0000   0.0000
    1339  -0.7736   8.6089   9.8655   0.0000   0.0000   0.0000
    1340  -0.7710   7.4315   9.4277   0.0000   0.0000   0.0000
    1341  -1.3482   8.0359  10.4953   0.0000   0.0000   0.0000
    1342  -0.7086   9.3220  10.1261   0.0000   0.0000   0.0000
    1343  -1.4749   9.3279  10.3985   0.0000   0.0000   0.0000
    1344  -1.0857   9.7448  10.3967   0.0000   0.0000   0.0000
    1345  -1.3594   8.2173  10.8088   0.0000   0.0000   0.0000
    1346  -0.6944   7.9698  10.8229   0.0000   0.0000   0.0000
    1347  -0.7180   8.1516  10.6361   0.0000   0.0000   0.0000
    1348  -0.7090   7.9318   9.0849   0.0000   0.0000   0.0000
    1349  -1.0832   7.3655   9.8583   0.0000   0.0000   0.0000
    1350  -0.3331   7.9489  10.6026   0.0000   0.0000   0.0000
    1351   0.5476   7.3446  10.2385   0.0000   0.0000   0.0000
    1352   0.4888   7.7543  10.8879   0.0000   0.0000   0.0000
    1353   0.7186   8.0593  10.7194   0.0000   0.0000   0.0000
    1354  -0.7322   7.3152  10.9946   0.0000   0.0000   0.0000
    1355  -0.8297   7.9531  10.0739   0.0000   0.0000   0.0000
    1356  -0.1641   7.3921  10.6611   0.0000   0.0000   0.0000
    1357  -1.6096   7.3603   9.9557   0.0000   0.0000   0.0000
    1358  -0.9822   8.1896  10.3827   0.0000   0.0000   0.0000
    1359  -0.0693   7.9043  10.9576   0.0000   0.0000   0.0000
    1360  -0.5440   7.5696  10.7828   0.0000   0.0000   0.0000
    1361   0.1235   7.2194  10.8415   0.0000   0.0000   0.0000
    1362  -0.8723   7.0627  11.1692   0.0000   0.0000   0.0000
    1363  -0.6434   6.7404  11.1888   0.0000   0.0000   0.0000
    1364  -0.2547   6.8605  11.0138   0.0000   0.0000   0.0000
    1365   0.6462   7.2327  11.1562   0.0000   0.0000   0.0000
    1366  -0.1577   6.6141  11.3624   0.0000   0.0000   0.0000
    1367   0.3406   6.5516  11.5280   0.0000   0.0000   0.0000
    1368  -0.4345   6.6039  11.7857   0.0000   0.0000   0.0000
    1369   0.1231   6.8083  10.5380   0.0000   0.0000   0.0000
    1370   0.7597   7.2299  10.3597   0.0000   0.0000   0.0000
    1371   0.3152   6.7499  11.0761   0.0000   0.0000   0.0000
    1372   0.3461   6.9266  11.0778   0.0000   0.0000   0.0000
    1373   0.3775   6.8656  11.1374   0.0000   0.0000   0.0000
    1374   0.3173   6.5082  11.4476   0.0000   0.0000   0.0000
    1375   0.1880   7.2854  10.9500   0.0000   0.0000   0.0000
    1376  -0.2664   6.2540  10.9447   0.0000   0.0000   0.0000
    1377  -0.4402   7.2893  10.7267   0.0000   0.0000   0.0000
    1378  -0.2486   7.3635  10.4936   0.0000   0.0000   0.0000
    1379  -0.1196   7.7334  10.0475   0.0000   0.0000   0.0000
    1380  -0.7122   6.5480  10.3719   0.0000   0.0000   0.0000
    1381  -0.4706   7.8292   9.7385   0.0000   0.0000   0.0000
    1382   1.0014   7.4335  10.3367   0.0000   0.0000   0.0000
    1383   0.3426   7.0685  10.1536   0.0000   0.0000   0.0000
    1384  -0.7772   6.8328  10.3188   0.0000   0.0000   0.0000
    1385  -0.5688   6.8831  10.2089   0.0000   0.0000   0.0000
    1386   0.9937   6.7056  10.0639   0.0000   0.0000   0.0000
    1387   0.4309   6.6767  10.5078   0.0000   0.0000   0.0000
    1388   0.2230   7.2894  10.5452   0.0000   0.0000   0.0000
    1389   0.4033   6.7924  10.4185   0.0000   0.0000   0.0000
    1390   0.9611   6.4594  11.5583   0.0000   0.0000   0.0000
    1391   0.9248   7.3707  10.9460   0.0000   0.0000   0.0000
    1392   1.5971   7.3678  10.4712   0.0000   0.0000   0.0000
    1393   2.0841   7.0230  10.4487   0.0000   0.0000   0.0000
    1394   2.7227   8.4738  10.1098   0.0000   0.0000   0.0000
    1395   1.7201   8.7323  10.4074   0.0000   0.0000   0.0000
    1396   1.5587   7.5928  10.3246   0.0000   0.0000   0.0000
    1397   1.7224   7.2893   9.5356   0.0000   0.0000   0.0000
    1398   0.9800   7.7038   9.2913   0.0000   0.0000   0.0000
    1399   0.9590   7.8206   9.2540   0.0000   0.0000   0.0000
    1400   1.9009   7.3650   9.8829   0.0000   0.0000   0.0000
    1401   1.2259   7.9865  10.3267   0.0000   0.0000   0.0000
    1402   1.3396   7.1043  10.1787   0.0000   0.0000   0.0000
    1403   0.6512   7.8419  10.0619   0.0000   0.0000   0.0000
    1404   1.5973   7.3654  10.4666   0.0000   0.0000   0.0000
    1405   0.8205   7.4542  10.3550   0.0000   0.0000   0.0000
    1406   1.5140   7.6331  10.5133   0.0000   0.0000   0.0000
    1407   1.0290   7.8986  10.3264   0.0000   0.0000   0.0000
    1408   1.9430   7.5771  10.0852   0.0000   0.0000   0.0000
    1409   1.7198   7.6657  10.2602   0.0000   0.0000   0.0000
    1410   1.3289   7.2024  10.8438   0.0000   0.0000   0.0000
    1411   1.6283   7.5371  11.4623   0.0000   0.0000   0.0000
    1412   0.7107   7.6395  11.8621   0.0000   0.0000   0.0000
    1413   1.3013   6.5599  11.3345   0.0000   0.0000   0.0000
    1414   0.9010   7.5730  11.1522   0.0000   0.0000   0.0000
    1415   0.7334   7.2753  11.3468   0.0000   0.0000   0.0000
    1416   0.8226   7.0815  11.7476   0.0000   0.0000   0.0000
    1417   0.1581   7.8357  12.2354   0.0000   0.0000   0.0000
    1418  -0.0247   7.3585  11.5829   0.0000   0.0000   0.0000
    1419   0.3244   7.7442  11.8065   0.0000   0.0000   0.0000
    1420  -0.0168   6.7039  12.1270   0.0000   0.0000   0.0000
    1421   1.2947   6.2624  11.3610   0.0000   0.0000   0.0000
    1422   0.2763   6.1220  11.8790   0.0000   0.0000   0.0000
    1423  -0.5523   6.7136  12.1465   0.0000   0.0000   0.0000
    1424   0.5859   6.5251  11.7455   0.0000   0.0000   0.0000
    1425   0.3308   6.1733  11.8509   0.0000   0.0000   0.0000
    1426   0.7641   6.7191  12.2932   0.0000   0.0000   0.0000
    1427  -0.1272   5.3751  11.8917   0.0000   0.0000   0.0000
    1428  -0.8660   6.4249  12.7428   0.0000   0.0000   0.0000
    1429   0.2826   6.1663  12.6023   0.0000   0.0000   0.0000
    1430   0.5863   6.5254  12.8404   0.0000   0.0000   0.0000
    1431  -0.0406   5.6348  13.1772   0.0000   0.0000   0.0000
    1432   0.1386   6.2227  13.0047   0.0000   0.0000   0.0000
    1433   0.0842   5.7601  12.0128   0.0000   0.0000   0.0000
    1434  -0.4334   5.1561  12.0829   0.0000   0.0000   0.0000
    1435  -0.2518   5.1502  12.0961   0.0000   0.0000   0.0000
    1436   0.0136   4.6751  11.7027   0.0000   0.0000   0.0000
    1437  -0.3583   5.4315  11.6461   0.0000   0.0000   0.0000
    1438   0.5035   5.5890  12.0835   0.0000   0.0000   0.0000
    1439   0.8612   5.8857  11.8672   0.0000   0.0000   0.0000
    1440   0.0124   5.7030  11.8939   0.0000   0.0000   0.0000
    1441  -0.9710   4.4976  12.5257   0.0000   0.0000   0.0000
    1442   0.2171   4.4151  11.8686   0.0000   0.0000   0.0000
    1443  -0.7636   4.7333  12.3812   0.0000   0.0000   0.0000
    1444  -0.7317   5.4143  12.5828   0.0000   0.0000   0.0000
    1445   0.1446   6.3546  12.6699   0.0000   0.0000   0.0000
    1446   0.1026   6.4129  11.9551   0.0000   0.0000   0.0000
    1447  -0.1048   6.4876  12.4950   0.0000   0.0000   0.0000
    1448  -0.3631   5.9075  12.1792   0.0000   0.0000   0.0000
    1449  -1.2526   6.6826  11.9685   0.0000   0.0000   0.0000
    1450  -0.7202   6.6144  12.0368   0.0000   0.0000   0.0000
    1451  -0.6336   7.0988  11.7642   0.0000   0.0000   0.0000
    1452  -0.3068   6.5202  11.2572   0.0000   0.0000   0.0000
    1453   0.8003   6.0257  11.5138   0.0000   0.0000   0.0000
    1454   0.1822   6.6297  12.6525   0.0000   0.0000   0.0000
    1455   0.4562   6.7957  12.4247   0.0000   0.0000   0.0000
    1456   0.5981   6.6701  12.1712   0.0000   0.0000   0.0000
    1457   0.5726   7.4052  12.1358   0.0000   0.0000   0.0000
    1458   0.2615   6.7665  11.5359   0.0000   0.0000   0.0000
    1459   0.6198   7.3532  12.2697   0.0000   0.0000   0.0000
    1460   1.2138   7.2863  12.1603   0.0000   0.0000   0.0000
    1461   0.8621   6.6443  12.3421   0.0000   0.0000   0.0000
    1462   1.1998   7.5632  11.8115   0.0000   0.0000   0.0000
    1463   1.8130   7.2627  12.0950   0.0000   0.0000   0.0000
    1464   1.8448   7.3753  11.9028   0.0000   0.0000   0.0000
    1465   1.8738   7.3065  11.0299   0.0000   0.0000   0.0000
    1466   1.0853   7.0839  11.8303   0.0000   0.0000   0.0000
    1467   1.2165   7.0909  12.2970   0.0000   0.0000   0.0000
    1468   1.2103   6.6369  10.7570   0.0000   0.0000   0.0000
    1469   1.2321   7.0946  10.6513   0.0000   0.0000   0.0000
    1470   1.6411   7.0922  11.3576   0.0000   0.0000   0.0000
    1471  -0.7646   7.4993  11.9378   0.0000   0.0000   0.0000
    1472   0.0461   8.0866  12.4795   0.0000   0.0000   0.0000
    1473   0.0502   6.8714  11.6568   0.0000   0.0000   0.0000
    1474  -0.4572   7.7880  11.8132   0.0000   0.0000   0.0000
    1475   0.5360   7.2844  12.0144   0.0000   0.0000   0.0000
    1476   0.3445   7.7599  12.3340   0.0000   0.0000   0.0000
    1477  -0.2981   7.9961  11.7348   0.0000   0.0000   0.0000
    1478   0.0327   9.0318  10.8715   0.0000   0.0000   0.0000
    1479   0.4664   8.5760  11.2204   0.0000   0.0000   0.0000
    1480   0.6742   8.7543  10.9655   0.0000   0.0000   0.0000
    1481   1.1540   8.1629  11.1970   0.0000   0.0000   0.0000
    1482   1.3523   7.5959  11.1374   0.0000   0.0000   0.0000
    1483   1.0177   7.9082  10.8398   0.0000   0.0000   0.0000
    1484   1.2072   8.3227  11.8300   0.0000   0.0000   0.0000
    1485   1.4585   8.1739  12.8906   0.0000   0.0000   0.0000
    1486   0.1986   8.0442  12.3308   0.0000   0.0000   0.0000
    1487   0.9265   7.5822  12.2616   0.0000   0.0000   0.0000
    1488   1.0488   8.1359  11.9773   0.0000   0.0000   0.0000
    1489   0.8724   7.7953  11.2875   0.0000   0.0000   0.0000
    1490   0.9450   8.2786  11.2358   0.0000   0.0000   0.0000
    1491   1.0104   8.1657  11.1709   0.0000   0.0000   0.0000
    1492   1.5238   8.1315  11.9914   0.0000   0.0000   0.0000
    1493   0.6832   7.4997  11.6063   0.0000   0.0000   0.0000
    1494   1.2907   8.0028  11.3198   0.0000   0.0000   0.0000
    1495   0.7312   7.1732  11.3866   0.0000   0.0000   0.0000
    1496   0.7536   7.9053  11.4648   0.0000   0.0000   0.0000
    1497   1.4021   7.6076  12.0956   0.0000   0.0000   0.0000
    1498   0.4154   7.5281  11.8243   0.0000   0.0000   0.0000
    1499   0.6187   7.6504  12.1626   0.0000   0.0000   0.0000
    1500  -0.3252   6.5518  12.3025   0.0000   0.0000   0.0000
    1501   1.3518   6.2680  12.0011   0.0000   0.0000   0.0000
    1502   1.0821   6.5674  12.4126   0.0000   0.0000   0.0000
    1503   0.4927   6.2899  12.3616   0.0000   0.0000   0.0000
    1504  -0.4276   6.8904  12.4897   0.0000   0.0000   0.0000
    1505  -0.0603   6.3973  12.0005   0.0000   0.0000   0.0000
    1506   0.4554   6.2601  12.6316   0.0000   0.0000   0.0000
    1507   0.3167   5.9859  12.2867   0.0000   0.0000   0.0000
    1508  -0.4051   5.5830  12.5340   0.0000   0.0000   0.0000
    1509  -1.2283   5.2460  12.5445   0.0000   0.0000   0.0000
    1510  -0.2683   5.4520  11.4389   0.0000   0.0000   0.0000
    1511  -0.1251   4.9067  11.6326   0.0000   0.0000   0.0000
    1512  -0.9792   5.3233  11.8153   0.0000   0.0000   0.0000
    1513  -1.1781   5.4952  12.4158   0.0000   0.0000   0.0000
    1514  -1.1387   5.3541  12.0284   0.0000   0.0000   0.0000
    1515  -1.3445   5.8476  12.6482   0.0000   0.0000   0.0000
    1516  -0.9299   5.7313  12.0655   0.0000   0.0000   0.0000
    1517  -1.1016   5.1274  11.9151   0.0000   0.0000   0.0000
    1518  -0.9342   4.7451  12.1228   0.0000   0.0000   0.0000
    1519  -0.8248   5.8295  12.0741   0.0000   0.0000   0.0000
    1520  -0.8620   6.9392  11.4544   0.0000   0.0000   0.0000
    1521  -0.7449   5.9433  11.8462   0.0000   0.0000   0.0000
    1522  -1.1235   5.0120  12.4004   0.0000   0.0000   0.0000
    1523  -0.9382   5.4551  12.1948   0.0000   0.0000   0.0000
    1524  -0.2819   6.0087  11.2123   0.0000   0.0000   0.0000
    1525  -1.1258   5.7176  11.5246   0.0000   0.0000   0.0000
    1526  -0.0281   6.1298  11.9402   0.0000   0.0000   0.0000
    1527   0.0717   5.9642  10.9934   0.0000   0.0000   0.0000
    1528  -0.5477   6.5482  12.5887   0.0000   0.0000   0.0000
    1529  -0.4117   6.0770  12.3712   0.0000   0.0000   0.0000
    1530   0.2800   5.5122  12.4962   0.0000   0.0000   0.0000
    1531  -0.0804   5.6974  12.7624   0.0000   0.0000   0.0000
    1532  -0.7552   6.2494  11.9439   0.0000   0.0000   0.0000
    1533  -0.8134   6.3888  11.7182   0.0000   0.0000   0.0000
    1534  -0.7428   6.5433  11.9575   0.0000   0.0000   0.0000
    1535  -0.8588   5.7239  12.0365   0.0000   0.0000   0.0000
    1536  -1.2538   6.5253  11.4082   0.0000   0.0000   0.0000
    1537  -1.6610   6.8873  12.0847   0.0000   0.0000   0.0000
    1538  -1.2845   7.4745  12.0807   0.0000   0.0000   0.0000
    1539  -1.4996   6.6355  11.5772   0.0000   0.0000   0.0000
    1540  -0.2166   7.1199  11.7133   0.0000   0.0000   0.0000
    1541   0.1512   7.1758  11.4515   0.0000   0.0000   0.0000
    1542  -0.5386   7.0614  11.5070   0.0000   0.0000   0.0000
    1543   0.2021   7.5445  11.6068   0.0000   0.0000   0.0000
    1544  -0.9790   6.9545  12.0544   0.0000   0.0000   0.0000
    1545  -1.4687   5.9208  12.3991   0.0000   0.0000   0.0000
    1546  -0.6901   6.3774  11.9663   0.0000   0.0000   0.0000
    1547  -0.0327   6.7403  12.2430   0.0000   0.0000   0.0000
    1548  -0.9066   7.2244  12.4636   0.0000   0.0000   0.0000
    1549  -0.5926   6.0418  12.4666   0.0000   0.0000   0.0000
    1550   0.1804   6.5095  12.5701   0.0000   0.0000   0.0000
    1551   0.5418   7.9753  12.3967   0.0000   0.0000   0.0000
    1552   0.1032   7.0086  12.6914   0.0000   0.0000   0.0000
    1553  -0.0787   7.9128  12.5032   0.0000   0.0000   0.0000
    1554   0.0374   7.0634  12.4529   0.0000   0.0000   0.0000
    1555   0.0316   7.8022  12.9755   0.0000   0.0000   0.0000
    1556  -0.5227   7.3211  12.8944   0.0000   0.0000   0.0000
    1557  -0.2383   6.0859  13.4347   0.0000   0.0000   0.0000
    1558  -1.0217   6.9106  13.1114   0.0000   0.0000   0.0000
    1559  -0.5201   6.3482  12.5770   0.0000   0.0000   0.0000
    1560   0.6470   6.5657  12.6328   0.0000   0.0000   0.0000
    1561   0.4121   6.3068  13.0366   0.0000   0.0000   0.0000
    1562  -0.2951   6.4627  11.7534   0.0000   0.0000   0.0000
    1563  -0.6736   7.0891  12.5113   0.0000   0.0000   0.0000
    1564  -1.3652   7.2873  12.1050   0.0000   0.0000   0.0000
    1565  -1.7477   7.1329  11.8985   0.0000   0.0000   0.0000
    1566  -1.5960   7.0440  12.3157   0.0000   0.0000   0.0000
    1567  -1.1252   7.1556  11.9095   0.0000   0.0000   0.0000
    1568  -1.4514   6.0160  11.7062   0.0000   0.0000   0.0000
    1569  -1.8134   6.1824  11.6473   0.0000   0.0000   0.0000
    1570  -1.3421   6.9476  11.5404   0.0000   0.0000   0.0000
    1571  -1.3040   6.8204  12.0495   0.0000   0.0000   0.0000
    1572  -1.0533   5.9954  11.9778   0.0000   0.0000   0.0000
    1573  -0.6187   5.9666  12.0101   0.0000   0.0000   0.0000
    1574  -1.3706   5.4460  12.2921   0.0000   0.0000   0.0000
    1575  -1.2581   6.7672  11.8806   0.0000   0.0000   0.0000
    1576   0.0509   6.6063  11.4282   0.0000   0.0000   0.0000
    1577  -1.2611   7.0265  11.8940   0.0000   0.0000   0.0000
    1578   0.0264   5.7627  11.4828   0.0000   0.0000   0.0000
    1579  -0.8905   6.1627  12.3580   0.0000   0.0000   0.0000
    1580  -0.9383   5.9206  11.5655   0.0000   0.0000   0.0000
    1581  -0.9093   5.6851  12.0596   0.0000   0.0000   0.0000
    1582  -1.2097   4.8703  12.2041   0.0000   0.0000   0.0000
    1583  -1.7282   5.2292  11.4041   0.0000   0.0000   0.0000
    1584   0.1237   5.5209  12.6379   0.0000   0.0000   0.0000
    1585  -1.6897   5.2418  12.2322   0.0000   0.0000   0.0000
    1586  -1.4249   5.3115  12.4676   0.0000   0.0000   0.0000
    1587  -0.6981   5.4025  12.2964   0.0000   0.0000   0.0000
    1588  -0.0248   4.1617  12.1217   0.0000   0.0000   0.0000
    1589  -1.3929   4.2035  11.9320   0.0000   0.0000   0.0000
    1590  -1.7572   4.7020  12.5694   0.0000   0.0000   0.0000
    1591  -2.2451   5.0475  11.5905   0.0000   0.0000   0.0000
    1592  -1.0993   5.3202  11.7521   0.0000   0.0000   0.0000
    1593  -0.2660   5.0651  11.1392   0.0000   0.0000   0.0000
    1594   0.0676   5.4866  11.3585   0.0000   0.0000   0.0000
    1595  -0.0342   5.9544  11.2893   0.0000   0.0000   0.0000
    1596  -1.1181   5.1457  10.7806   0.0000   0.0000   0.0000
    1597  -0.3766   5.9206  11.0024   0.0000   0.0000   0.0000
    1598  -0.4728   5.3081  11.9739   0.0000   0.0000   0.0000
    1599  -0.6326   4.9570  12.1582   0.0000   0.0000   0.0000
    1600  -0.0356   5.5959  11.0137   0.0000   0.0000   0.0000
    1601  -0.1374   5.9862  11.3553   0.0000   0.0000   0.0000
    1602  -0.3718   4.1888  11.8467   0.0000   0.0000   0.0000
    1603  -0.4165   5.0183  11.2494   0.0000   0.0000   0.0000
    1604  -0.7718   4.7223  11.6906   0.0000   0.0000   0.0000
    1605  -0.3924   5.0151  10.7030   0.0000   0.0000   0.0000
    1606  -0.6909   5.2839  10.8114   0.0000   0.0000   0.0000
    1607  -0.5410   5.5807  10.5788   0.0000   0.0000   0.0000
    1608  -1.5761   5.2062  10.8761   0.0000   0.0000   0.0000
    1609  -1.1877   5.5930  10.9357   0.0000   0.0000   0.0000
    1610  -0.9363   5.6814  11.0888   0.0000   0.0000   0.0000
    1611  -0.6728   6.0430  11.9590   0.0000   0.0000   0.0000
    1612  -0.2109   6.0960  11.2537   0.0000   0.0000   0.0000
    1613  -0.0042   5.6954  11.3745   0.0000   0.0000   0.0000
    1614   0.1678   5.7609  11.1116   0.0000   0.0000   0.0000
    1615  -0.3325   6.6172  10.8662   0.0000   0.0000   0.0000
    1616  -0.4939   5.9085  11.3050   0.0000   0.0000   0.0000
    1617  -1.1033   6.5304  11.2071   0.0000   0.0000   0.0000
    1618  -0.4818   5.5386  10.9529   0.0000   0.0000   0.0000
    1619  -0.3133   5.2509  11.4366   0.0000   0.0000   0.0000
    1620  -0.4431   6.1220  11.0987   0.0000   0.0000   0.0000
    1621  -0.5439   6.1806  11.5191   0.0000   0.0000   0.0000
    1622  -0.6350   6.0933  11.9258   0.0000   0.0000   0.0000
    1623  -0.3534   6.1192  11.5692   0.0000   0.0000   0.0000
    1624  -1.0636   6.2772  12.2005   0.0000   0.0000   0.0000
    1625  -0.7349   6.3497  12.2170   0.0000   0.0000   0.0000
    1626  -1.1975   6.1553  13.1846   0.0000   0.0000   0.0000
    1627  -1.1008   4.8412  12.4877   0.0000   0.0000   0.0000
    1628  -0.9896   6.7830  12.0495   0.0000   0.0000   0.0000
    1629  -0.5006   6.3095  12.3018   0.0000   0.0000   0.0000
    1630  -0.4209   6.6446  11.5942   0.0000   0.0000   0.0000
    1631  -0.7497   6.1225  11.5487   0.0000   0.0000   0.0000
    1632  -0.1396   5.1442  12.1520   0.0000   0.0000   0.0000
    1633  -0.4720   5.7362  11.3234   0.0000   0.0000   0.0000
    1634   0.4134   5.4809  11.8865   0.0000   0.0000   0.0000
    1635   0.4544   6.0759  12.0714   0.0000   0.0000   0.0000
    1636  -1.0565   6.0100  11.3885   0.0000   0.0000   0.0000
    1637   0.0625   5.1007  11.4021   0.0000   0.0000   0.0000
    1638   0.1188   6.8959  11.6483   0.0000   0.0000   0.0000
    1639   0.8684   6.1507  12.0616   0.0000   0.0000   0.0000
    1640  -0.2511   4.5720  11.8691   0.0000   0.0000   0.0000
    1641  -0.1092   5.2720  12.0473   0.0000   0.0000   0.0000
    1642  -0.2148   4.9882  11.9687   0.0000   0.0000   0.0000
    1643  -0.0989   5.5518  11.8708   0.0000   0.0000   0.0000
    1644  -0.0558   5.2986  12.1767   0.0000   0.0000   0.0000
    1645  -0.3231   6.4320  12.1125   0.0000   0.0000   0.0000
    1646  -0.0378   6.2916  12.2396   0.0000   0.0000   0.0000
    1647  -0.3076   6.3329  11.6765   0.0000   0.0000   0.0000
    1648   0.4714   5.7519  11.6662   0.0000   0.0000   0.0000
    1649  -0.5057   5.5112  11.7298   0.0000   0.0000   0.0000
    1650   0.0644   5.9032  11.5170   0.0000   0.0000   0.0000
    1651  -0.4739   6.9186  10.3383   0.0000   0.0000   0.0000
    1652   0.1933   6.4947  11.0609   0.0000   0.0000   0.0000
    1653  -1.4458   5.9202  11.8342   0.0000   0.0000   0.0000
    1654  -0.3631   5.7810  11.5051   0.0000   0.0000   0.0000
    1655  -0.8849   5.9655  11.0545   0.0000   0.0000   0.0000
    1656  -0.9150   6.0184  11.1401   0.0000   0.0000   0.0000
    1657   0.2772   5.8646  10.5819   0.0000   0.0000   0.0000
    1658   0.6712   6.7965  11.0646   0.0000   0.0000   0.0000
    1659  -0.0701   6.3909  10.6340   0.0000   0.0000   0.0000
    1660  -0.1161   5.5129  10.9712   0.0000   0.0000   0.0000
    1661   0.3480   6.7916  10.3588   0.0000   0.0000   0.0000
    1662   0.5081   6.2771  10.2594   0.0000   0.0000   0.0000
    1663   1.6948   6.4299  10.4919   0.0000   0.0000   0.0000
    1664   0.8403   6.1890  10.9467   0.0000   0.0000   0.0000
    1665   0.5191   5.8729  10.0667   0.0000   0.0000   0.0000
    1666   1.3017   6.3524  10.4559   0.0000   0.0000   0.0000
    1667   1.3605   7.5846  10.3611   0.0000   0.0000   0.0000
    1668   0.0241   7.3445  10.2752   0.0000   0.0000   0.0000
    1669   1.0900   7.1018  10.3163   0.0000   0.0000   0.0000
    1670   1.2342   6.3870  10.6015   0.0000   0.0000   0.0000
    1671   0.8490   6.8313  10.2645   0.0000   0.0000   0.0000
    1672   0.3800   6.8102  10.8169   0.0000   0.0000   0.0000
    1673   0.4121   6.8727  11.1788   0.0000   0.0000   0.0000
    1674   2.2120   6.0380  12.0266   0.0000   0.0000   0.0000
    1675   0.7574   6.1289  11.2623   0.0000   0.0000   0.0000
    1676   0.6681   5.6778  11.7331   0.0000   0.0000   0.0000
    1677   1.2873   6.8908  10.4600   0.0000   0.0000   0.0000
    1678   2.0405   6.2223  10.3736   0.0000   0.0000   0.0000
    1679   0.8568   6.7364  10.6808   0.0000   0.0000   0.0000
    1680   0.9263   6.1441  11.4420   0.0000   0.0000   0.0000
    1681   1.3070   7.1722  11.1173   0.0000   0.0000   0.0000
    1682   1.1018   6.6923  10.2416   0.0000   0.0000   0.0000
    1683   0.4435   6.7086  10.3037   0.0000   0.0000   0.0000
    1684   0.8131   7.3734  10.2502   0.0000   0.0000   0.0000
    1685   1.2140   7.0969  10.0527   0.0000   0.0000   0.0000
    1686   1.0232   6.3479  10.0329   0.0000   0.0000   0.0000
    1687   0.6989   6.6222   9.7601   0.0000   0.0000   0.0000
    1688   0.6609   6.8988  10.3762   0.0000   0.0000   0.0000
    1689  -0.0327   6.9521  10.2376   0.0000   0.0000   0.0000
    1690  -0.0465   6.6840  10.9021   0.0000   0.0000   0.0000
    1691  -1.2340   6.5224  10.3370   0.0000   0.0000   0.0000
    1692  -0.5453   6.3042  10.8544   0.0000   0.0000   0.0000
    1693  -0.3311   6.1190  10.8004   0.0000   0.0000   0.0000
    1694  -0.0654   7.0159  10.1101   0.0000   0.0000   0.0000
    1695   0.2622   6.6902   9.5269   0.0000   0.0000   0.0000
    1696   0.0638   6.5874   9.8121   0.0000   0.0000   0.0000
    1697   0.5363   8.2533  10.0058   0.0000   0.0000   0.0000
    1698  -0.3238   6.4167  10.1666   0.0000   0.0000   0.0000
    1699   0.2910   7.3811   9.8570   0.0000   0.0000   0.0000
    1700  -0.6873   7.0575   9.8579   0.0000   0.0000   0.0000
    1701  -0.4281   6.6047   9.2467   0.0000   0.0000   0.0000
    1702  -0.1876   7.2552  10.1568   0.0000   0.0000   0.0000
    1703   0.2646   7.1765   9.5426   0.0000   0.0000   0.0000
    1704   0.5552   8.3478  10.0484   0.0000   0.0000   0.0000
    1705   0.4425   7.7441  10.4820   0.0000   0.0000   0.0000
    1706   1.3262   7.4562  11.7870   0.0000   0.0000   0.0000
    1707   0.5183   7.2740  11.6200   0.0000   0.0000   0.0000
    1708  -0.1682   7.4708  11.3650   0.0000   0.0000   0.0000
    1709   0.4893   8.2145  11.0859   0.0000   0.0000   0.0000
    1710   0.5929   8.6892  10.7053   0.0000   0.0000   0.0000
    1711   0.2907   8.8336  11.1446   0.0000   0.0000   0.0000
    1712   1.2149   7.7641  11.5215   0.0000   0.0000   0.0000
    1713   0.3206   8.3277  11.5999   0.0000   0.0000   0.0000
    1714   0.5364   8.6442  11.8019   0.0000   0.0000   0.0000
    1715   0.3007   8.4165  11.4255   0.0000   0.0000   0.0000
    1716   1.0143   8.2009  11.3430   0.0000   0.0000   0.0000
    1717   0.4457   7.6472  12.1281   0.0000   0.0000   0.0000
    1718   0.3050   8.1477  11.4757   0.0000   0.0000   0.0000
    1719   0.7092   8.2329  10.6070   0.0000   0.0000   0.0000
    1720   0.1581   8.7320  11.2314   0.0000   0.0000   0.0000
    1721   1.1459   8.4824  11.3687   0.0000   0.0000   0.0000
    1722   1.0877   9.3020  10.7366   0.0000   0.0000   0.0000
    1723   0.4823   9.5164  10.2830   0.0000   0.0000   0.0000
    1724   1.0123   9.3922  11.8320   0.0000   0.0000   0.0000
    1725   1.0787   8.8858  11.3582   0.0000   0.0000   0.0000
    1726   0.9625   8.0189  11.1598   0.0000   0.0000   0.0000
    1727  -0.0438   8.3805  11.7747   0.0000   0.0000   0.0000
    1728   1.2959   8.4786  11.4892   0.0000   0.0000   0.0000
    1729   1.3556   8.6645  12.3481   0.0000   0.0000   0.0000
    1730   0.7084   7.8420  12.0485   0.0000   0.0000   0.0000
    1731   1.5670   7.4818  12.4395   0.0000   0.0000   0.0000
    1732   0.6879   8.6359  13.3152   0.0000   0.0000   0.0000
    1733   1.3075   8.3283  13.0212   0.0000   0.0000   0.0000
    1734   1.1452   8.1604  12.5486   0.0000   0.0000   0.0000
    1735   0.6236   7.3039  13.0365   0.0000   0.0000   0.0000
    1736   0.1648   8.5954  11.6700   0.0000   0.0000   0.0000
    1737   0.5119   7.2761  12.8561   0.0000   0.0000   0.0000
    1738   0.5912   8.0629  12.6834   0.0000   0.0000   0.0000
    1739   1.4458   8.0161  12.6076   0.0000   0.0000   0.0000
    1740   0.8840   6.8411  12.8217   0.0000   0.0000   0.0000
    1741   1.1081   6.7057  12.4688   0.0000   0.0000   0.0000
    1742   1.0878   6.3599  12.4576   0.0000   0.0000   0.0000
    1743   1.2789   7.8937  12.1457   0.0000   0.0000   0.0000
    1744   0.9169   7.1140  12.5583   0.0000   0.0000   0.0000
    1745   0.2664   7.2687  12.5079   0.0000   0.0000   0.0000
    1746   1.2510   7.6577  11.5376   0.0000   0.0000   0.0000
    1747   1.1744   7.4675  11.6437   0.0000   0.0000   0.0000
    1748   0.6298   7.8824  11.5886   0.0000   0.0000   0.0000
    1749   1.1243   7.8910  11.9458   0.0000   0.0000   0.0000
    1750   0.9844   8.0763  12.1885   0.0000   0.0000   0.0000
    1751   1.4552   7.7174  11.1715   0.0000   0.0000   0.0000
    1752   1.8072   7.7534  10.9406   0.0000   0.0000   0.0000
    1753   0.8163   7.9439  11.6476   0.0000   0.0000   0.0000
    1754   0.6032   6.7223  12.3010   0.0000   0.0000   0.0000
    1755   1.5186   7.5480  11.8714   0.0000   0.0000   0.0000
    1756   1.6566   6.9608  12.3991   0.0000   0.0000   0.0000
    1757   1.0849   7.4481  12.0559   0.0000   0.0000   0.0000
    1758   0.6265   7.1436  12.2844   0.0000   0.0000   0.0000
    1759   1.5306   7.3157  12.4720   0.0000   0.0000   0.0000
    1760   1.3560   6.3377  12.6854   0.0000   0.0000   0.0000
    1761   0.8527   7.0076  13.0182   0.0000   0.0000   0.0000
    1762   0.7579   7.1338  12.6965   0.0000   0.0000   0.0000
    1763   0.9906   7.0490  12.4689   0.0000   0.0000   0.0000
    1764   1.0949   8.0023  12.0215   0.0000   0.0000   0.0000
    1765   0.7947   7.4534  12.6014   0.0000   0.0000   0.0000
    1766   1.6421   7.6877  11.7473   0.0000   0.0000   0.0000
    1767   1.6905   7.6703  12.2438   0.0000   0.0000   0.0000
    1768   2.0562   8.2576  11.3777   0.0000   0.0000   0.0000
    1769   2.0077   7.9231  12.1071   0.0000   0.0000   0.0000
    1770   1.4557   6.3226  11.8769   0.0000   0.0000   0.0000
    1771   1.4918   6.9292  11.8352   0.0000   0.0000   0.0000
    1772   2.7559   7.2661  11.6091   0.0000   0.0000   0.0000
    1773   2.6187   7.1221  12.1956   0.0000   0.0000   0.0000
    1774   3.0762   7.4393  12.2600   0.0000   0.0000   0.0000
    1775   2.9844   8.2088  11.3041   0.0000   0.0000   0.0000
    1776   2.5684   7.6191  11.4699   0.0000   0.0000   0.0000
    1777   2.0394   7.2611  10.7401   0.0000   0.0000   0.0000
    1778   3.1329   7.6222  11.4586   0.0000   0.0000   0.0000
    1779   1.6203   7.9006  11.0854   0.0000   0.0000   0.0000
    1780   1.0716   8.0824  10.9112   0.0000   0.0000   0.0000
    1781   1.0965   8.8119  10.7100   0.0000   0.0000   0.0000
    1782   2.4363   8.4560  11.0999   0.0000   0.0000   0.0000
    1783   2.0361   8.1236  11.0839   0.0000   0.0000   0.0000
    1784   2.4094   7.7146  11.7373   0.0000   0.0000   0.0000
    1785   1.7491   7.6240  11.4916   0.0000   0.0000   0.0000
    1786   1.6010   7.8928  11.4311   0.0000   0.0000   0.0000
    1787   0.7616   7.6485  11.7152   0.0000   0.0000   0.0000
    1788   1.7495   8.4410  11.1421   0.0000   0.0000   0.0000
    1789   0.4295   7.4892  12.0085   0.0000   0.0000   0.0000
    1790  -0.1835   7.7811  11.8993   0.0000   0.0000   0.0000
    1791   0.9296   8.0561  11.8468   0.0000   0.0000   0.0000
    1792   0.1374   7.4639  11.6927   0.0000   0.0000   0.0000
    1793   0.7855   7.6710  10.8912   0.0000   0.0000   0.0000
    1794   1.9581   7.4656  11.3797   0.0000   0.0000   0.0000
    1795   1.8460   7.2985  11.4809   0.0000   0.0000   0.0000
    1796   1.7257   6.8473  12.2092   0.0000   0.0000   0.0000
    1797   2.3804   8.0299  11.8807   0.0000   0.0000   0.0000
    1798   2.4387   6.9817  11.9738   0.0000   0.0000   0.0000
    1799   1.4576   7.1816  12.3078   0.0000   0.0000   0.0000
    1800   1.0960   7.3603  11.8309   0.0000   0.0000   0.0000
    1801   2.3766   7.2974  12.8544   0.0000   0.0000   0.0000
    1802   1.0647   7.6871  12.5863   0.0000   0.0000   0.0000
    1803   1.1461   7.3019  11.5721   0.0000   0.0000   0.0000
    1804   1.8510   8.4425  12.0582   0.0000   0.0000   0.0000
    1805   1.4123   7.4032  11.5502   0.0000   0.0000   0.0000
    1806   1.0105   7.2165  12.8273   0.0000   0.0000   0.0000
    1807   0.9495   7.0859  12.1557   0.0000   0.0000   0.0000
    1808   1.0014   6.8159  11.7905   0.0000   0.0000   0.0000
    1809   0.6788   7.0772  12.1796   0.0000   0.0000   0.0000
    1810   0.7628   7.7518  12.1173   0.0000   0.0000   0.0000
    1811   0.6560   7.8415  12.5082   0.0000   0.0000   0.0000
    1812   0.9285   7.6566  12.1334   0.0000   0.0000   0.0000
    1813   0.5293   7.9806  11.8699   0.0000   0.0000   0.0000
    1814   1.7060   7.4010  12.7878   0.0000   0.0000   0.0000
    1815   0.9793   6.9587  12.2959   0.0000   0.0000   0.0000
    1816   0.5712   7.5094  12.7843   0.0000   0.0000   0.0000
    1817   0.0287   7.8513  12.1014   0.0000   0.0000   0.0000
    1818   1.0812   7.9807  13.0121   0.0000   0.0000   0.0000
    1819   0.7298   8.6450  12.1119   0.0000   0.0000   0.0000
    1820   0.5458   6.6580  12.5864   0.0000   0.0000   0.0000
    1821   0.6718   8.0002  12.2743   0.0000   0.0000   0.0000
    1822   1.3912   8.9373  12.1873   0.0000   0.0000   0.0000
    1823   2.2781   8.2701  11.9487   0.0000   0.0000   0.0000
    1824   1.4814   8.6912  11.6021   0.0000   0.0000   0.0000
    1825   0.6004   8.8617  11.0732   0.0000   0.0000   0.0000
    1826   1.0312   8.4767  11.6674   0.0000   0.0000   0.0000
    1827   0.7889   8.9108  10.8551   0.0000   0.0000   0.0000
    1828   0.6452   8.3906  11.2107   0.0000   0.0000   0.0000
    1829   1.3635   8.8666  11.6726   0.0000   0.0000   0.0000
    1830   0.8936   7.1966  12.0138   0.0000   0.0000   0.0000
    1831   0.7897   8.6696  11.6131   0.0000   0.0000   0.0000
    1832   1.0779   8.4921  11.7221   0.0000   0.0000   0.0000
    1833   1.2575   8.4947  11.9424   0.0000   0.0000   0.0000
    1834   1.2637   8.3562  11.9297   0.0000   0.0000   0.0000
    1835   1.1055   9.3014  12.1219   0.0000   0.0000   0.0000
    1836   1.1591   9.4271  12.0564   0.0000   0.0000   0.0000
    1837   1.3272   9.2770  12.4381   0.0000   0.0000   0.0000
    1838   1.2363   9.4205  12.5644   0.0000   0.0000   0.0000
    1839   1.3678   9.8767  12.8377   0.0000   0.0000   0.0000
    1840   1.1272   9.4593  12.9525   0.0000   0.0000   0.0000
    1841   1.2569  10.9117  12.6855   0.0000   0.0000   0.0000
    1842   1.7857   9.9267  11.5123   0.0000   0.0000   0.0000
    1843   1.4326   9.6846  11.6062   0.0000   0.0000   0.0000
    1844   1.6667   9.9969  11.9408   0.0000   0.0000   0.0000
    1845   1.7850   8.8950  11.4311   0.0000   0.0000   0.0000
    1846   0.7067   8.9263  11.3574   0.0000   0.0000   0.0000
    1847   0.9757   9.4176  11.4219   0.0000   0.0000   0.0000
    1848   1.8683   8.8038  11.7279   0.0000   0.0000   0.0000
    1849   2.3063   9.0765  11.3475   0.0000   0.0000   0.0000
    1850   2.4754   9.2121  11.3573   0.0000   0.0000   0.0000
    1851   1.1325   7.8700  12.0800   0.0000   0.0000   0.0000
    1852   1.6210   8.5065  12.2411   0.0000   0.0000   0.0000
    1853   1.1624   8.4238  13.2885   0.0000   0.0000   0.0000
    1854   2.5032   8.8165  13.2950   0.0000   0.0000   0.0000
    1855   1.6157   8.8161  12.8381   0.0000   0.0000   0.0000
    1856   1.0368   9.0717  12.3169   0.0000   0.0000   0.0000
    1857   1.4815   8.9917  12.3183   0.0000   0.0000   0.0000
    1858   0.6985   9.3543  12.0465   0.0000   0.0000   0.0000
    1859   0.6890   8.9914  12.2617   0.0000   0.0000   0.0000
    1860   0.7196   8.7806  11.5959   0.0000   0.0000   0.0000
    1861   0.7869   9.7524  11.9909   0.0000   0.0000   0.0000
    1862   0.9701   8.7372  12.4091   0.0000   0.0000   0.0000
    1863   1.0262   8.9107  12.1585   0.0000   0.0000   0.0000
    1864   0.2529   8.9613  13.2432   0.0000   0.0000   0.0000
    1865   0.4528   8.9727  12.7248   0.0000   0.0000   0.0000
    1866   0.8751   8.6816  13.2817   0.0000   0.0000   0.0000
    1867   0.6728   8.9798  13.4184   0.0000   0.0000   0.0000
    1868   0.6127   8.5071  13.9756   0.0000   0.0000   0.0000
    1869   0.6653   9.0699  13.8834   0.0000   0.0000   0.0000
    1870   0.9036   8.3887  13.8068   0.0000   0.0000   0.0000
    1871   0.9326   7.5942  14.3352   0.0000   0.0000   0.0000
    1872   0.7302   7.9830  13.9489   0.0000   0.0000   0.0000
    1873   1.0330   8.2256  13.8356   0.0000   0.0000   0.0000
    1874   1.6758   8.5937  13.4872   0.0000   0.0000   0.0000
    1875   0.5795   9.2209  13.5527   0.0000   0.0000   0.0000
    1876   1.4450   8.2794  12.9319   0.0000   0.0000   0.0000
    1877   0.6596   8.2229  12.9226   0.0000   0.0000   0.0000
    1878  -0.1171   9.0761  13.2787   0.0000   0.0000   0.0000
    1879   0.9876   8.8732  13.0673   0.0000   0.0000   0.0000
    1880   1.9180   8.3186  13.1168   0.0000   0.0000   0.0000
    1881   1.8020   8.3405  13.3835   0.0000   0.0000   0.0000
    1882   1.6386   8.4019  13.0244   0.0000   0.0000   0.0000
    1883   1.8787   8.4999  13.9172   0.0000   0.0000   0.0000
    1884   2.0748   8.5748  13.5222   0.0000   0.0000   0.0000
    1885   1.2807   9.2025  13.9366   0.0000   0.0000   0.0000
    1886   0.7751   8.9282  13.1447   0.0000   0.0000   0.0000
    1887   1.2381   8.7948  13.6199   0.0000   0.0000   0.0000
    1888   1.7689   9.2990  13.0407   0.0000   0.0000   0.0000
    1889   1.7290   9.2123  12.7159   0.0000   0.0000   0.0000
    1890   0.7787   9.0188  13.2149   0.0000   0.0000   0.0000
    1891   0.6337   9.2813  13.5998   0.0000   0.0000   0.0000
    1892  -0.1318   8.8735  12.5055   0.0000   0.0000   0.0000
    1893   0.3916   8.7105  12.7810   0.0000   0.0000   0.0000
    1894   0.5460   8.6788  11.8243   0.0000   0.0000   0.0000
    1895  -0.9479   8.3369  12.8814   0.0000   0.0000   0.0000
    1896   0.2891   8.4086  11.6668   0.0000   0.0000   0.0000
    1897  -0.7956   8.7584  12.0722   0.0000   0.0000   0.0000
    1898  -1.5628   8.6897  11.6148   0.0000   0.0000   0.0000
    1899  -1.0326   9.4899  11.3389   0.0000   0.0000   0.0000
    1900  -0.5429   9.4796  11.5960   0.0000   0.0000   0.0000
    1901  -1.4098   8.8406  11.4951   0.0000   0.0000   0.0000
    1902  -1.1217  10.0042  11.4861   0.0000   0.0000   0.0000
    1903  -1.0126   9.5395  10.6263   0.0000   0.0000   0.0000
    1904  -0.5792  10.0570  11.1746   0.0000   0.0000   0.0000
    1905  -0.6565   9.1047  11.5099   0.0000   0.0000   0.0000
    1906  -0.2028   9.2857  11.3454   0.0000   0.0000   0.0000
    1907  -1.2225   9.5762  10.6728   0.0000   0.0000   0.0000
    1908  -1.1180  10.2776  10.6192   0.0000   0.0000   0.0000
    1909  -1.3953   9.6503  10.3620   0.0000   0.0000   0.0000
    1910  -1.9473   9.9573  10.2936   0.0000   0.0000   0.0000
    1911  -1.2880   8.9119  11.0441   0.0000   0.0000   0.0000
    1912  -1.2008   8.8406  11.0293   0.0000   0.0000   0.0000
    1913  -1.6304   8.9444  11.5476   0.0000   0.0000   0.0000
    1914  -1.2773   9.1310  11.6572   0.0000   0.0000   0.0000
    1915  -2.1164   9.1803  11.3245   0.0000   0.0000   0.0000
    1916  -2.4034   9.8066  11.7192   0.0000   0.0000   0.0000
    1917  -2.3309   9.8800  11.8018   0.0000   0.0000   0.0000
    1918  -2.4181   8.4504  11.6899   0.0000   0.0000   0.0000
    1919  -2.5439   9.4536  11.5987   0.0000   0.0000   0.0000
    1920  -2.5661   9.5737  11.5413   0.0000   0.0000   0.0000
    1921  -1.7088  10.3469  10.9261   0.0000   0.0000   0.0000
    1922  -1.4627   9.4785  11.2011   0.0000   0.0000   0.0000
    1923  -1.5873  10.4397  11.2845   0.0000   0.0000   0.0000
    1924  -1.8633  10.4003  11.1478   0.0000   0.0000   0.0000
    1925  -2.3202  10.3583  11.6917   0.0000   0.0000   0.0000
    1926  -3.0709   9.7999  12.0839   0.0000   0.0000   0.0000
    1927  -2.3760  10.3537  11.3610   0.0000   0.0000   0.0000
    1928  -2.8346   9.5425  11.8118   0.0000   0.0000   0.0000
    1929  -2.6603   9.8827  11.5904   0.0000   0.0000   0.0000
    1930  -2.2634  10.8554  11.1280   0.0000   0.0000   0.0000
    1931  -1.6909  10.1351  11.6151   0.0000   0.0000   0.0000
    1932  -1.7385  10.0397  11.8116   0.0000   0.0000   0.0000
    1933  -1.7041  10.0894  12.2530   0.0000   0.0000   0.0000
    1934  -2.6416  10.4080  11.8412   0.0000   0.0000   0.0000
    1935  -3.0717   9.7128  12.0086   0.0000   0.0000   0.0000
    1936  -2.8343   9.7432  12.1921   0.0000   0.0000   0.0000
    1937  -2.1251   9.6919  12.2442   0.0000   0.0000   0.0000
    1938  -2.8795   9.4099  12.6907   0.0000   0.0000   0.0000
    1939  -2.7294   9.2050  12.5915   0.0000   0.0000   0.0000
    1940  -2.7085   9.5336  13.0193   0.0000   0.0000   0.0000
    1941  -2.5210   9.8953  12.8980   0.0000   0.0000   0.0000
    1942  -3.1116   9.8371  12.6715   0.0000   0.0000   0.0000
    1943  -2.6892   8.7452  12.9541   0.0000   0.0000   0.0000
    1944  -2.8955   9.0456  12.6084   0.0000   0.0000   0.0000
    1945  -2.7610   9.0529  12.2663   0.0000   0.0000   0.0000
    1946  -4.0355  10.2599  12.8920   0.0000   0.0000   0.0000
    1947  -3.0875   8.3497  12.6571   0.0000   0.0000   0.0000
    1948  -2.3257   9.1581  13.4643   0.0000   0.0000   0.0000
    1949  -3.4863   8.5128  12.9819   0.0000   0.0000   0.0000
    1950  -3.0804   8.7316  12.8334   0.0000   0.0000   0.0000
    1951  -3.3318   8.7091  11.9122   0.0000   0.0000   0.0000
    1952  -2.9862   9.0125  12.5316   0.0000   0.0000   0.0000
    1953  -2.3043   9.3291  11.8772   0.0000   0.0000   0.0000
    1954  -3.3009   9.8733  12.2655   0.0000   0.0000   0.0000
    1955  -3.0125   8.7921  11.4562   0.0000   0.0000   0.0000
    1956  -3.2151   8.3548  11.6505   0.0000   0.0000   0.0000
    1957  -3.2298   8.0698  11.6663   0.0000   0.0000   0.0000
    1958  -4.0900   8.1398  11.3333   0.0000   0.0000   0.0000
    1959  -4.4591   7.7866  11.5472   0.0000   0.0000   0.0000
    1960  -4.2372   7.8828  11.4409   0.0000   0.0000   0.0000
    1961  -3.2198   7.3762  11.8040   0.0000   0.0000   0.0000
    1962  -3.1900   7.3274  11.8911   0.0000   0.0000   0.0000
    1963  -3.0143   7.5388  12.3926   0.0000   0.0000   0.0000
    1964  -3.3566   7.6610  12.1904   0.0000   0.0000   0.0000
    1965  -3.1862   6.9493  12.7544   0.0000   0.0000   0.0000
    1966  -3.5085   6.9742  12.2378   0.0000   0.0000   0.0000
    1967  -3.6137   6.9088  12.1501   0.0000   0.0000   0.0000
    1968  -3.2555   8.0005  11.9499   0.0000   0.0000   0.0000
    1969  -2.5906   7.1902  13.0752   0.0000   0.0000   0.0000
    1970  -2.5079   7.6074  13.2080   0.0000   0.0000   0.0000
    1971  -2.1664   7.5531  13.2654   0.0000   0.0000   0.0000
    1972  -2.6188   6.7643  13.3603   0.0000   0.0000   0.0000
    1973  -1.5217   7.1340  13.1865   0.0000   0.0000   0.0000
    1974  -2.2644   7.3812  12.5864   0.0000   0.0000   0.0000
    1975  -2.4994   8.2710  13.0271   0.0000   0.0000   0.0000
    1976  -2.7641   6.9454  13.2052   0.0000   0.0000   0.0000
    1977  -2.2229   8.2020  12.5133   0.0000   0.0000   0.0000
    1978  -2.6780   8.7314  12.4173   0.0000   0.0000   0.0000
    1979  -2.5441   7.1276  12.3596   0.0000   0.0000   0.0000
    1980  -1.8575   8.1411  12.5879   0.0000   0.0000   0.0000
    1981  -1.7321   7.5876  12.3400   0.0000   0.0000   0.0000
    1982  -1.9541   7.7184  12.4710   0.0000   0.0000   0.0000
    1983  -1.6657   7.8990  12.3887   0.0000   0.0000   0.0000
    1984  -1.6251   7.9330  12.1799   0.0000   0.0000   0.0000
    1985  -1.5609   8.9654  12.4323   0.0000   0.0000   0.0000
    1986  -1.2113   8.8435  12.3323   0.0000   0.0000   0.0000
    1987  -1.2506   8.5041  12.6343   0.0000   0.0000   0.0000
    1988  -1.4245   8.7267  12.0022   0.0000   0.0000   0.0000
    1989  -2.1862   7.9830  12.8884   0.0000   0.0000   0.0000
    1990  -1.1399   7.2288  12.1215   0.0000   0.0000   0.0000
    1991  -0.9061   7.5898  12.8732   0.0000   0.0000   0.0000
    1992  -1.4368   7.7080  13.1373   0.0000   0.0000   0.0000
    1993  -1.1616   8.6205  12.3223   0.0000   0.0000   0.0000
    1994  -2.4611   8.8504  12.2349   0.0000   0.0000   0.0000
    1995  -2.8332   8.8167  11.8023   0.0000   0.0000   0.0000
    1996  -2.8518   8.7016  12.2362   0.0000   0.0000   0.0000
    1997  -2.0551   9.4596  12.4201   0.0000   0.0000   0.0000
    1998  -2.7150   9.2159  12.0722   0.0000   0.0000   0.0000
    1999  -2.3712   9.4047  11.7655   0.0000   0.0000   0.0000
    2000  -2.5131   8.4526  10.4847   0.0000   0.0000   0.0000
    2001  -2.3687   8.0633  11.3992   0.0000   0.0000   0.0000
    2002  -2.2978   9.0335  11.6776   0.0000   0.0000   0.0000
    2003  -2.1760   8.4025  11.9667   0.0000   0.0000   0.0000
    2004  -2.6156   8.3454  11.6544   0.0000   0.0000   0.0000
    2005  -1.9145   7.5374  12.0931   0.0000   0.0000   0.0000
    2006  -2.8691   7.3689  12.7496   0.0000   0.0000   0.0000
    2007  -2.9525   7.5421  13.0312   0.0000   0.0000   0.0000
    2008  -2.9084   7.3717  12.9821   0.0000   0.0000   0.0000
    2009  -2.6026   7.5802  12.7850   0.0000   0.0000   0.0000
    2010  -3.0709   7.8305  12.3217   0.0000   0.0000   0.0000
    2011  -3.1851   7.1405  13.2403   0.0000   0.0000   0.0000
    2012  -1.8842   7.4208  12.7597   0.0000   0.0000   0.0000
    2013  -1.6176   7.8639  12.6134   0.0000   0.0000   0.0000
    2014  -1.7381   7.9016  13.4386   0.0000   0.0000   0.0000
    2015  -2.1946   8.7578  12.6395   0.0000   0.0000   0.0000
    2016  -2.3674   8.6078  12.2182   0.0000   0.0000   0.0000
    2017  -3.2515   8.2501  12.2907   0.0000   0.0000   0.0000
    2018  -2.0794   8.0507  12.4154   0.0000   0.0000   0.0000
    2019  -2.7455   8.9301  12.7669   0.0000   0.0000   0.0000
    2020  -3.5689   8.3926  12.8967   0.0000   0.0000   0.0000
    2021  -3.7288   8.3359  12.8460   0.0000   0.0000   0.0000
    2022  -4.0477   7.6788  12.3136   0.0000   0.0000   0.0000
    2023  -3.4981   8.2894  13.0544   0.0000   0.0000   0.0000
    2024  -3.3307   8.4668  12.8516   0.0000   0.0000   0.0000
    2025  -3.8565   8.4258  13.4781   0.0000   0.0000   0.0000
    2026  -2.9095   7.9184  12.6695   0.0000   0.0000   0.0000
    2027  -3.3979   8.1185  12.5157   0.0000   0.0000   0.0000
    2028  -4.2678   7.8577  12.7667   0.0000   0.0000   0.0000
    2029  -4.0746   8.3544  12.6320   0.0000   0.0000   0.0000
    2030  -3.9017   8.4925  12.8436   0.0000   0.0000   0.0000
    2031  -2.9991   7.6578  13.2389   0.0000   0.0000   0.0000
    2032  -3.8685   8.4150  12.6327   0.0000   0.0000   0.0000
    2033  -3.2011   8.0371  13.2513   0.0000   0.0000   0.0000
    2034  -2.2518   8.2072  12.7861   0.0000   0.0000   0.0000
    2035  -2.8609   7.9231  13.0390   0.0000   0.0000   0.0000
    2036  -3.0291   9.1022  13.2999   0.0000   0.0000   0.0000
    2037  -2.7530   8.7048  13.1281   0.0000   0.0000   0.0000
    2038  -1.8451   8.8547  12.1598   0.0000   0.0000   0.0000
    2039  -2.4622   9.2013  11.8430   0.0000   0.0000   0.0000
    2040  -2.9742   9.3845  12.6665   0.0000   0.0000   0.0000
    2041  -1.3126   8.9200  12.5283   0.0000   0.0000   0.0000
    2042  -1.5258   9.1134  12.6716   0.0000   0.0000   0.0000
    2043  -2.1490   9.2062  13.0459   0.0000   0.0000   0.0000
    2044  -2.4537   8.6622  13.1505   0.0000   0.0000   0.0000
    2045  -1.3991   8.7259  13.0260   0.0000   0.0000   0.0000
    2046  -2.0197   9.5843  13.8476   0.0000   0.0000   0.0000
    2047  -1.4982   9.2871  13.0768   0.0000   0.0000   0.0000
    2048  -2.2789   8.4179  13.7531   0.0000   0.0000   0.0000
    2049  -1.7560   8.8264  13.6943   0.0000   0.0000   0.0000
    2050  -2.3351   9.2079  13.5484   0.0000   0.0000   0.0000
    2051  -2.0235   8.7517  13.8675   0.0000   0.0000   0.0000
    2052  -2.2165   9.0972  13.4187   0.0000   0.0000   0.0000
    2053  -3.1053   8.5444  14.0361   0.0000   0.0000   0.0000
    2054  -3.4377   7.5306  13.9516   0.0000   0.0000   0.0000
    2055  -3.4426   8.1774  13.8436   0.0000   0.0000   0.0000
    2056  -2.8296   8.9473  13.2801   0.0000   0.0000   0.0000
    2057  -3.4508   7.8602  13.6399   0.0000   0.0000   0.0000
    2058  -2.7246   8.0012  14.2861   0.0000   0.0000   0.0000
    2059  -3.4702   7.8288  14.1125   0.0000   0.0000   0.0000
    2060  -2.9057   7.3983  13.9774   0.0000   0.0000   0.0000
    2061  -2.4288   7.8999  13.3521   0.0000   0.0000   0.0000
    2062  -1.9685   7.7349  13.6480   0.0000   0.0000   0.0000
    2063  -2.8674   7.9090  13.4507   0.0000   0.0000   0.0000
    2064  -2.7963   6.9511  13.7006   0.0000   0.0000   0.0000
    2065  -2.4804   7.5350  14.2397   0.0000   0.0000   0.0000
    2066  -3.0426   8.2046  14.9856   0.0000   0.0000   0.0000
    2067  -2.9441   8.3468  14.1669   0.0000   0.0000   0.0000
    2068  -2.4767   8.2699  14.8330   0.0000   0.0000   0.0000
    2069  -2.4268   7.9964  15.1713   0.0000   0.0000   0.0000
    2070  -2.2497   7.4273  15.1309   0.0000   0.0000   0.0000
    2071  -2.5677   7.0298  14.3948   0.0000   0.0000   0.0000
    2072  -2.9483   5.9847  15.3665   0.0000   0.0000   0.0000
    2073  -3.2121   7.3702  14.4780   0.0000   0.0000   0.0000
    2074  -3.6170   7.6649  15.3360   0.0000   0.0000   0.0000
    2075  -3.0129   7.3816  14.8292   0.0000   0.0000   0.0000
    2076  -1.9911   8.2157  14.7775   0.0000   0.0000   0.0000
    2077  -3.0739   7.7630  14.2285   0.0000   0.0000   0.0000
    2078  -3.2606   8.5592  14.1473   0.0000   0.0000   0.0000
    2079  -3.1030   7.5035  13.3395   0.0000   0.0000   0.0000
    2080  -3.7298   9.0299  13.6498   0.0000   0.0000   0.0000
    2081  -3.4674   8.6022  14.2816   0.0000   0.0000   0.0000
    2082  -3.3739   8.2055  14.5680   0.0000   0.0000   0.0000
    2083  -4.2446   9.5480  14.4264   0.0000   0.0000   0.0000
    2084  -3.4114   9.4997  14.1746   0.0000   0.0000   0.0000
    2085  -3.8731   9.4488  13.6212   0.0000   0.0000   0.0000
    2086  -3.7540   8.8011  13.7744   0.0000   0.0000   0.0000
    2087  -3.5528   8.1311  13.8186   0.0000   0.0000   0.0000
    2088  -3.2433   8.0051  14.2635   0.0000   0.0000   0.0000
    2089  -2.9962   8.0211  13.6564   0.0000   0.0000   0.0000
    2090  -3.6460   7.3096  13.6301   0.0000   0.0000   0.0000
    2091  -3.6401   8.2625  13.8315   0.0000   0.0000   0.0000
    2092  -3.7148   8.3335  13.7707   0.0000   0.0000   0.0000
    2093  -3.9496   8.0283  13.3644   0.0000   0.0000   0.0000
    2094  -3.7333   8.4924  13.7372   0.0000   0.0000   0.0000
    2095  -4.5387   7.9624  12.7775   0.0000   0.0000   0.0000
    2096  -3.9473   8.2959  13.1839   0.0000   0.0000   0.0000
    2097  -4.4711   8.1337  14.1417   0.0000   0.0000   0.0000
    2098  -4.4735   7.8009  13.4479   0.0000   0.0000   0.0000
    2099  -4.7203   7.6834  13.6413   0.0000   0.0000   0.0000
    2100  -4.8859   8.7434  14.5614   0.0000   0.0000   0.0000
    2101  -4.5466   8.8403  14.3206   0.0000   0.0000   0.0000
    2102  -3.8310   8.8336  13.6370   0.0000   0.0000   0.0000
    2103  -3.4562   9.8795  13.7034   0.0000   0.0000   0.0000
    2104  -3.3471   8.0697  14.0003   0.0000   0.0000   0.0000
    2105  -3.7387   8.9054  13.5328   0.0000   0.0000   0.0000
    2106  -3.4289   8.4507  13.6841   0.0000   0.0000   0.0000
    2107  -3.6647   9.2914  13.5860   0.0000   0.0000   0.0000
    2108  -2.9044   9.1433  13.5680   0.0000   0.0000   0.0000
    2109  -4.3856   7.8725  13.8395   0.0000   0.0000   0.0000
    2110  -3.9013   8.6662  13.4686   0.0000   0.0000   0.0000
    2111  -3.0407   9.1942  14.1022   0.0000   0.0000   0.0000
    2112  -3.6407   8.4802  14.2041   0.0000   0.0000   0.0000
    2113  -4.0194   8.8520  13.4597   0.0000   0.0000   0.0000
    2114  -3.1886   9.9972  13.7999   0.0000   0.0000   0.0000
    2115  -3.5066  10.0868  14.5522   0.0000   0.0000   0.0000
    2116  -2.9107   9.8474  13.8767   0.0000   0.0000   0.0000
    2117  -3.0688  10.1982  14.1259   0.0000   0.0000   0.0000
    2118  -3.2035   9.7541  14.4573   0.0000   0.0000   0.0000
    2119  -3.0509   9.6420  15.1446   0.0000   0.0000   0.0000
    2120  -3.3115   8.2645  14.6616   0.0000   0.0000   0.0000
    2121  -3.1303   9.1011  14.8483   0.0000   0.0000   0.0000
    2122  -3.7937   8.1369  14.3898   0.0000   0.0000   0.0000
    2123  -3.3128   9.4054  14.6996   0.0000   0.0000   0.0000
    2124  -3.1701   9.1163  15.4019   0.0000   0.0000   0.0000
    2125  -3.3594   8.8475  14.2603   0.0000   0.0000   0.0000
    2126  -3.5899   8.8971  15.4937   0.0000   0.0000   0.0000
    2127  -3.4834   9.3566  15.4454   0.0000   0.0000   0.0000
    2128  -3.5503   9.2896  15.3144   0.0000   0.0000   0.0000
    2129  -3.4207   8.7477  14.7437   0.0000   0.0000   0.0000
    2130  -4.1006   8.7388  14.6651   0.0000   0.0000   0.0000
    2131  -2.9011   9.2318  14.5528   0.0000   0.0000   0.0000
    2132  -3.7416   9.0289  15.1401   0.0000   0.0000   0.0000
    2133  -2.9318   9.2782  14.8054   0.0000   0.0000   0.0000
    2134  -2.4499   8.6927  14.4130   0.0000   0.0000   0.0000
    2135  -2.5870   8.3826  14.5986   0.0000   0.0000   0.0000
    2136  -2.4259   8.4431  14.9690   0.0000   0.0000   0.0000
    2137  -2.4937   8.5253  14.3687   0.0000   0.0000   0.0000
    2138  -2.7477   7.6299  13.3878   0.0000   0.0000   0.0000
    2139  -2.5097   8.3491  13.3236   0.0000   0.0000   0.0000
    2140  -3.2381   8.1292  13.9686   0.0000   0.0000   0.0000
    2141  -2.0679   7.6654  13.5741   0.0000   0.0000   0.0000
    2142  -1.5370   7.9729  13.7689   0.0000   0.0000   0.0000
    2143  -1.6793   8.7736  13.4494   0.0000   0.0000   0.0000
    2144  -2.2154   8.1412  12.9538   0.0000   0.0000   0.0000
    2145  -2.1697   8.9207  13.0683   0.0000   0.0000   0.0000
    2146  -3.0925   7.6136  14.0116   0.0000   0.0000   0.0000
    2147  -2.0931   8.5285  14.5398   0.0000   0.0000   0.0000
    2148  -2.8759   8.5245  14.7263   0.0000   0.0000   0.0000
    2149  -2.8197   9.0608  14.3952   0.0000   0.0000   0.0000
    2150  -2.7264   8.9933  14.8340   0.0000   0.0000   0.0000
    2151  -1.9675   8.7247  15.0117   0.0000   0.0000   0.0000
    2152  -2.9913   9.0329  15.9698   0.0000   0.0000   0.0000
    2153  -3.4388   8.2120  15.1978   0.0000   0.0000   0.0000
    2154  -3.0387   7.7888  14.9520   0.0000   0.0000   0.0000
    2155  -2.9037   7.5732  15.0501   0.0000   0.0000   0.0000
    2156  -2.4645   7.1657  15.3310   0.0000   0.0000   0.0000
    2157  -2.7870   8.3784  14.9948   0.0000   0.0000   0.0000
    2158  -2.8871   7.2863  15.2286   0.0000   0.0000   0.0000
    2159  -3.1228   8.0988  15.2034   0.0000   0.0000   0.0000
    2160  -2.8811   7.5610  15.2581   0.0000   0.0000   0.0000
    2161  -1.6092   8.1005  15.2290   0.0000   0.0000   0.0000
    2162  -2.5966   7.9704  14.3940   0.0000   0.0000   0.0000
    2163  -2.3997   7.5318  13.5783   0.0000   0.0000   0.0000
    2164  -2.2584   7.3709  13.9149   0.0000   0.0000   0.0000
    2165  -2.6975   7.5473  14.1611   0.0000   0.0000   0.0000
    2166  -2.4927   8.0760  14.2804   0.0000   0.0000   0.0000
    2167  -2.3456   7.4214  13.6867   0.0000   0.0000   0.0000
    2168  -2.6990   7.2119  13.9952   0.0000   0.0000   0.0000
    2169  -3.2625   7.1752  13.8419   0.0000   0.0000   0.0000
    2170  -2.6446   6.8220  13.9125   0.0000   0.0000   0.0000
    2171  -1.5547   7.3378  14.0258   0.0000   0.0000   0.0000
    2172  -2.8138   7.4503  13.5105   0.0000   0.0000   0.0000
    2173  -2.9905   8.2098  13.5590   0.0000   0.0000   0.0000
    2174  -3.2443   7.6566  13.8432   0.0000   0.0000   0.0000
    2175  -2.2695   8.0508  13.3799   0.0000   0.0000   0.0000
    2176  -2.8313   8.0021  13.5721   0.0000   0.0000   0.0000
    2177  -2.9337   7.5053  13.9511   0.0000   0.0000   0.0000
    2178  -3.3252   8.3538  13.7761   0.0000   0.0000   0.0000
    2179  -3.6741   7.9069  13.5374   0.0000   0.0000   0.0000
    2180  -2.5274   8.6738  14.1075   0.0000   0.0000   0.0000
    2181  -2.4905   8.1240  14.4753   0.0000   0.0000   0.0000
    2182  -2.5405   8.5004  14.9628   0.0000   0.0000   0.0000
    2183  -1.5412   7.7831  14.8331   0.0000   0.0000   0.0000
    2184  -2.0715   7.5466  15.0531   0.0000   0.0000   0.0000
    2185  -2.0449   6.8664  14.7400   0.0000   0.0000   0.0000
    2186  -1.5689   7.3634  14.9158   0.0000   0.0000   0.0000
    2187  -2.0680   8.1167  14.5982   0.0000   0.0000   0.0000
    2188  -0.9030   7.7116  13.7264   0.0000   0.0000   0.0000
    2189  -0.7994   7.6597  14.2869   0.0000   0.0000   0.0000
    2190  -1.4465   7.6838  14.3677   0.0000   0.0000   0.0000
    2191  -1.9659   7.9734  14.9904   0.0000   0.0000   0.0000
    2192  -1.7054   7.4761  14.4257   0.0000   0.0000   0.0000
    2193  -2.2881   7.3000  15.0832   0.0000   0.0000   0.0000
    2194  -1.8297   7.5380  14.6882   0.0000   0.0000   0.0000
    2195  -2.2779   7.5773  14.8441   0.0000   0.0000   0.0000
    2196  -2.2559   7.3539  15.0284   0.0000   0.0000   0.0000
    2197  -2.4856   7.0591  15.2464   0.0000   0.0000   0.0000
    2198  -2.5769   7.1101  14.3948   0.0000   0.0000   0.0000
    2199  -2.8830   8.1602  14.8242   0.0000   0.0000   0.0000
    2200  -2.5780   7.2761  14.6534   0.0000   0.0000   0.0000
    2201  -3.2183   7.7270  13.9821   0.0000   0.0000   0.0000
    2202  -3.0582   7.3789  14.4066   0.0000   0.0000   0.0000
    2203  -2.7775   8.0998  14.7600   0.0000   0.0000   0.0000
    2204  -3.1530   7.9230  14.4868   0.0000   0.0000   0.0000
    2205  -3.0713   8.2364  14.5228   0.0000   0.0000   0.0000
    2206  -3.1694   8.0941  14.5650   0.0000   0.0000   0.0000
    2207  -3.9414   7.3544  15.1676   0.0000   0.0000   0.0000
    2208  -3.7368   7.1712  14.5576   0.0000   0.0000   0.0000
    2209  -3.0539   7.4518  14.6461   0.0000   0.0000   0.0000
    2210  -2.5291   7.4852  15.6362   0.0000   0.0000   0.0000
    2211  -2.5047   8.0507  15.0715   0.0000   0.0000   0.0000
    2212  -3.1403   8.3827  15.1200   0.0000   0.0000   0.0000
    2213  -2.5076   8.8260  14.3251   0.0000   0.0000   0.0000
    2214  -2.2767   7.8483  14.7877   0.0000   0.0000   0.0000
    2215  -2.2512   7.7201  14.4893   0.0000   0.0000   0.0000
    2216  -2.0483   8.0228  14.4675   0.0000   0.0000   0.0000
    2217  -1.7413   7.7378  14.7554   0.0000   0.0000   0.0000
    2218  -2.0529   7.3300  14.7118   0.0000   0.0000   0.0000
    2219  -1.8182   7.8221  14.9215   0.0000   0.0000   0.0000
    2220  -1.2886   6.9726  14.6124   0.0000   0.0000   0.0000
    2221  -1.6565   7.3879  14.5293   0.0000   0.0000   0.0000
    2222  -1.2846   7.2268  15.6005   0.0000   0.0000   0.0000
    2223  -1.1519   7.6672  14.8514   0.0000   0.0000   0.0000
    2224  -1.3896   7.8152  14.0982   0.0000   0.0000   0.0000
    2225  -1.7819   7.7363  14.6461   0.0000   0.0000   0.0000
    2226  -1.9725   7.6696  14.5074   0.0000   0.0000   0.0000
    2227  -1.8277   7.9273  15.1716   0.0000   0.0000   0.0000
    2228  -2.0448   6.9078  14.5310   0.0000   0.0000   0.0000
    2229  -2.0236   7.6441  13.8618   0.0000   0.0000   0.0000
    2230  -1.8781   8.3258  14.2190   0.0000   0.0000   0.0000
    2231  -1.6436   7.2617  15.0627   0.0000   0.0000   0.0000
    2232  -2.2230   6.6210  14.7310   0.0000   0.0000   0.0000
    2233  -1.7070   7.0112  15.0585   0.0000   0.0000   0.0000
    2234  -1.7369   8.2256  14.9227   0.0000   0.0000   0.0000
    2235  -1.4849   7.8510  14.7489   0.0000   0.0000   0.0000
    2236  -1.8358   8.0645  14.1965   0.0000   0.0000   0.0000
    2237  -2.1765   8.1811  14.1431   0.0000   0.0000   0.0000
    2238  -2.3145   7.7814  14.2278   0.0000   0.0000   0.0000
    2239  -1.7979   8.0858  14.6505   0.0000   0.0000   0.0000
    2240  -1.8746   7.8811  14.5403   0.0000   0.0000   0.0000
    2241  -2.4355   8.1305  14.3035   0.0000   0.0000   0.0000
    2242  -2.0585   7.9737  13.9337   0.0000   0.0000   0.0000
    2243  -2.3114   9.4309  13.4113   0.0000   0.0000   0.0000
    2244  -2.0072   8.9487  13.6877   0.0000   0.0000   0.0000
    2245  -3.3126   8.8031  13.1880   0.0000   0.0000   0.0000
    2246  -3.3584   8.0411  13.3695   0.0000   0.0000   0.0000
    2247  -2.7053   9.6858  14.3652   0.0000   0.0000   0.0000
    2248  -2.0649   8.3725  13.0026   0.0000   0.0000   0.0000
    2249  -2.1783   9.4491  13.2137   0.0000   0.0000   0.0000
    2250  -2.4417   8.6849  13.3141   0.0000   0.0000   0.0000
    2251  -2.5160   9.0217  14.1523   0.0000   0.0000   0.0000
    2252  -2.1472   9.2277  14.1857   0.0000   0.0000   0.0000
    2253  -1.8030   9.1264  13.2436   0.0000   0.0000   0.0000
    2254  -1.2443   8.6348  13.4192   0.0000   0.0000   0.0000
    2255  -1.4453   8.9298  13.5409   0.0000   0.0000   0.0000
    2256  -1.8594   8.4738  14.0001   0.0000   0.0000   0.0000
    2257  -0.8354   7.8078  14.4811   0.0000   0.0000   0.0000
    2258  -2.1807   7.4463  14.6549   0.0000   0.0000   0.0000
    2259  -1.5217   7.4590  14.0750   0.0000   0.0000   0.0000
    2260  -1.1409   6.9351  14.2139   0.0000   0.0000   0.0000
    2261  -1.1747   7.4827  14.8554   0.0000   0.0000   0.0000
    2262  -1.9030   8.7557  14.9866   0.0000   0.0000   0.0000
    2263  -2.3984   7.9860  16.3279   0.0000   0.0000   0.0000
    2264  -2.1619   7.9563  15.4866   0.0000   0.0000   0.0000
    2265  -1.3807   8.1815  15.3886   0.0000   0.0000   0.0000
    2266  -1.6850   8.1404  15.1016   0.0000   0.0000   0.0000
    2267  -2.3238   7.7626  15.4412   0.0000   0.0000   0.0000
    2268  -2.3597   8.1330  14.5927   0.0000   0.0000   0.0000
    2269  -3.0918   8.1334  14.9970   0.0000   0.0000   0.0000
    2270  -2.5347   8.3897  14.7400   0.0000   0.0000   0.0000
    2271  -1.4407   8.3535  14.8248   0.0000   0.0000   0.0000
    2272  -2.3180   7.8004  14.5842   0.0000   0.0000   0.0000
    2273  -2.1017   8.9301  14.4255   0.0000   0.0000   0.0000
    2274  -3.1869   8.3116  14.3057   0.0000   0.0000   0.0000
    2275  -2.5221   9.2938  14.3002   0.0000   0.0000   0.0000
    2276  -1.9802   7.8470  14.6458   0.0000   0.0000   0.0000
    2277  -2.7942   8.3854  14.2667   0.0000   0.0000   0.0000
    2278  -2.5550   8.0211  14.2030   0.0000   0.0000   0.0000
    2279  -3.0103   8.0835  13.8775   0.0000   0.0000   0.0000
    2280  -2.7431   7.6124  14.3823   0.0000   0.0000   0.0000
    2281  -1.2736   8.1167  14.7745   0.0000   0.0000   0.0000
    2282  -2.2476   7.6426  14.2195   0.0000   0.0000   0.0000
    2283  -2.5183   8.7298  14.3295   0.0000   0.0000   0.0000
    2284  -2.0499   8.2722  14.2758   0.0000   0.0000   0.0000
    2285  -2.7398   7.9731  13.9541   0.0000   0.0000   0.0000
    2286  -2.3287   7.5430  14.1151   0.0000   0.0000   0.0000
    2287  -2.4357   7.8637  14.4267   0.0000   0.0000   0.0000
    2288  -2.1994   8.0119  13.8107   0.0000   0.0000   0.0000
    2289  -2.8393   8.0636  13.4665   0.0000   0.0000   0.0000
    2290  -1.5021   7.9006  13.9632   0.0000   0.0000   0.0000
    2291  -1.4541   7.8080  13.6398   0.0000   0.0000   0.0000
    2292  -1.2250   7.3099  14.1594   0.0000   0.0000   0.0000
    2293  -1.3488   8.3922  13.7722   0.0000   0.0000   0.0000
    2294  -1.1704   8.1563  13.7236   0.0000   0.0000   0.0000
    2295  -1.1002   7.7233  13.6266   0.0000   0.0000   0.0000
    2296  -0.8811   8.5837  12.8208   0.0000   0.0000   0.0000
    2297  -0.9022   8.5445  12.7383   0.0000   0.0000   0.0000
    2298  -1.0011   8.3373  12.2884   0.0000   0.0000   0.0000
    2299  -0.9074   8.1233  12.1757   0.0000   0.0000   0.0000
    2300  -2.0472   8.7105  12.2897   0.0000   0.0000   0.0000
    2301  -1.5060   8.2230  12.4066   0.0000   0.0000   0.0000
    2302  -1.7616   7.5520  12.8038   0.0000   0.0000   0.0000
    2303  -0.9734   8.6780  12.1927   0.0000   0.0000   0.0000
    2304  -0.8415   8.4797  12.4175   0.0000   0.0000   0.0000
    2305  -0.7667   9.4392  13.2761   0.0000   0.0000   0.0000
    2306  -1.4802   9.4655  13.7804   0.0000   0.0000   0.0000
    2307  -1.1034   8.9575  13.6772   0.0000   0.0000   0.0000
    2308  -0.6218   8.1574  13.6232   0.0000   0.0000   0.0000
    2309  -1.1078   8.5504  14.1875   0.0000   0.0000   0.0000
    2310  -0.6906   8.8165  14.2060   0.0000   0.0000   0.0000
    2311  -0.7310   8.2465  13.3240   0.0000   0.0000   0.0000
    2312  -1.0706   8.9776  13.9068   0.0000   0.0000   0.0000
    2313  -0.7444   8.5826  13.9163   0.0000   0.0000   0.0000
    2314  -1.5155   7.8563  13.7450   0.0000   0.0000   0.0000
    2315  -1.8371   7.8650  13.6736   0.0000   0.0000   0.0000
    2316  -0.2750   8.2147  13.6491   0.0000   0.0000   0.0000
    2317  -0.8294   7.9838  12.9028   0.0000   0.0000   0.0000
    2318  -0.7977   8.7198  13.5173   0.0000   0.0000   0.0000
    2319  -0.9869   8.9250  12.9801   0.0000   0.0000   0.0000
    2320  -0.6356   8.4956  14.3205   0.0000   0.0000   0.0000
    2321  -1.4680   8.8537  13.8786   0.0000   0.0000   0.0000
    2322  -1.5960   8.6292  14.5733   0.0000   0.0000   0.0000
    2323  -1.5928   9.2771  14.0243   0.0000   0.0000   0.0000
    2324  -1.7429   8.2768  14.7077   0.0000   0.0000   0.0000
    2325  -2.1169   8.7090  13.8594   0.0000   0.0000   0.0000
    2326  -1.9950   8.9722  13.2859   0.0000   0.0000   0.0000
    2327  -2.1297   8.5672  13.6415   0.0000   0.0000   0.0000
    2328  -2.1200   7.9603  14.0123   0.0000   0.0000   0.0000
    2329  -1.8384   8.3304  13.5495   0.0000   0.0000   0.0000
    2330  -2.0688   7.8307  14.5342   0.0000   0.0000   0.0000
    2331  -2.0233   8.3800  14.1054   0.0000   0.0000   0.0000
    2332  -1.5075   8.0005  14.6153   0.0000   0.0000   0.0000
    2333  -2.4312   8.0702  14.2324   0.0000   0.0000   0.0000
    2334  -2.5167   7.0808  14.3090   0.0000   0.0000   0.0000
    2335  -2.6601   6.4291  13.6174   0.0000   0.0000   0.0000
    2336  -2.5748   6.8847  14.0151   0.0000   0.0000   0.0000
    2337  -1.9223   7.2952  13.6349   0.0000   0.0000   0.0000
    2338  -1.8476   7.5789  14.3261   0.0000   0.0000   0.0000
    2339  -1.6963   7.9451  13.7515   0.0000   0.0000   0.0000
    2340  -2.4827   7.8511  14.2382   0.0000   0.0000   0.0000
    2341  -2.5635   7.4025  14.3783   0.0000   0.0000   0.0000
    2342  -2.1765   6.8676  14.8734   0.0000   0.0000   0.0000
    2343  -1.9819   7.0788  14.3524   0.0000   0.0000   0.0000
    2344  -2.5084   7.8756  13.9405   0.0000   0.0000   0.0000
    2345  -2.2810   8.0749  13.3170   0.0000   0.0000   0.0000
    2346  -1.9409   8.2130  13.3682   0.0000   0.0000   0.0000
    2347  -2.9844   7.9999  13.5226   0.0000   0.0000   0.0000
    2348  -3.2948   8.1495  13.8312   0.0000   0.0000   0.0000
    2349  -3.0920   7.2839  13.9499   0.0000   0.0000   0.0000
    2350  -2.9240   8.2088  14.1201   0.0000   0.0000   0.0000
    2351  -3.7840   7.6213  14.9081   0.0000   0.0000   0.0000
    2352  -3.7829   7.2319  14.8443   0.0000   0.0000   0.0000
    2353  -2.7095   7.1034  14.5494   0.0000   0.0000   0.0000
    2354  -3.3699   7.9885  14.9744   0.0000   0.0000   0.0000
    2355  -3.2486   8.0310  14.9754   0.0000   0.0000   0.0000
    2356  -3.1916   7.3712  14.6248   0.0000   0.0000   0.0000
    2357  -3.2033   7.6351  14.6695   0.0000   0.0000   0.0000
    2358  -2.9547   7.5393  14.0880   0.0000   0.0000   0.0000
    2359  -3.1821   7.7689  14.1517   0.0000   0.0000   0.0000
    2360  -3.5647   8.2769  14.3453   0.0000   0.0000   0.0000
    2361  -3.2797   8.1305  14.6903   0.0000   0.0000   0.0000
    2362  -3.3109   8.2423  14.6130   0.0000   0.0000   0.0000
    2363  -2.7992   7.6262  13.9880   0.0000   0.0000   0.0000
    2364  -3.5276   9.0282  14.5532   0.0000   0.0000   0.0000
    2365  -3.2207   9.0230  14.1190   0.0000   0.0000   0.0000
    2366  -3.2617   8.6217  13.8245   0.0000   0.0000   0.0000
    2367  -4.2341   9.2878  13.2438   0.0000   0.0000   0.0000
    2368  -3.8730   9.0127  13.9288   0.0000   0.0000   0.0000
    2369  -3.6652   8.4992  13.8763   0.0000   0.0000   0.0000
    2370  -3.8144   9.0777  13.3147   0.0000   0.0000   0.0000
    2371  -3.4843   8.5258  13.7160   0.0000   0.0000   0.0000
    2372  -3.3490   8.4268  13.1258   0.0000   0.0000   0.0000
    2373  -3.5259   7.9901  13.7137   0.0000   0.0000   0.0000
    2374  -3.0875   8.0892  13.4100   0.0000   0.0000   0.0000
    2375  -2.9856   8.8964  14.0714   0.0000   0.0000   0.0000
    2376  -3.3321   8.3230  14.4403   0.0000   0.0000   0.0000
    2377  -2.8251   8.5160  14.0631   0.0000   0.0000   0.0000
    2378  -3.2844   7.5274  14.1098   0.0000   0.0000   0.0000
    2379  -3.8032   7.9962  13.7915   0.0000   0.0000   0.0000
    2380  -2.7177   8.0402  14.2715   0.0000   0.0000   0.0000
    2381  -2.8644   8.1424  13.9908   0.0000   0.0000   0.0000
    2382  -2.0948   8.3628  13.5077   0.0000   0.0000   0.0000
    2383  -2.3679   8.9029  12.7686   0.0000   0.0000   0.0000
    2384  -1.7093   9.0160  12.9752   0.0000   0.0000   0.0000
    2385  -2.2791   8.5246  12.9816   0.0000   0.0000   0.0000
    2386  -1.3558   9.3466  13.6539   0.0000   0.0000   0.0000
    2387  -2.7967   8.8090  13.1926   0.0000   0.0000   0.0000
    2388  -3.0343   8.2835  13.0818   0.0000   0.0000   0.0000
    2389  -3.0594   9.5565  13.0364   0.0000   0.0000   0.0000
    2390  -3.1087   9.1807  12.9506   0.0000   0.0000   0.0000
    2391  -3.0564   8.5224  13.9983   0.0000   0.0000   0.0000
    2392  -2.5879   8.6384  13.7115   0.0000   0.0000   0.0000
    2393  -3.4823   8.5294  14.1105   0.0000   0.0000   0.0000
    2394  -2.9022   8.1533  14.1185   0.0000   0.0000   0.0000
    2395  -3.1836   8.4040  13.6808   0.0000   0.0000   0.0000
    2396  -2.1985   8.9549  13.5323   0.0000   0.0000   0.0000
    2397  -2.7035   8.4192  13.1465   0.0000   0.0000   0.0000
    2398  -2.6272   8.8253  12.9434   0.0000   0.0000   0.0000
    2399  -2.5543   8.3654  13.6000   0.0000   0.0000   0.0000
    2400  -3.8731   8.4725  14.4058   0.0000   0.0000   0.0000
    2401  -3.2211   8.3216  14.0796   0.0000   0.0000   0.0000
    2402  -3.8988   8.4465  13.5203   0.0000   0.0000   0.0000
    2403  -3.9357   8.6670  13.4900   0.0000   0.0000   0.0000
    2404  -3.6309   8.0264  13.7066   0.0000   0.0000   0.0000
    2405  -2.8025   8.7750  13.8753   0.0000   0.0000   0.0000
    2406  -2.8095   8.4302  14.0098   0.0000   0.0000   0.0000
    2407  -2.7286   8.9373  14.4088   0.0000   0.0000   0.0000
    2408  -1.9124   8.9956  13.8348   0.0000   0.0000   0.0000
    2409  -2.4427   7.9804  13.8493   0.0000   0.0000   0.0000
    2410  -2.6783   8.3461  13.1922   0.0000   0.0000   0.0000
    2411  -2.8471   7.9752  13.1826   0.0000   0.0000   0.0000
    2412  -2.5152   8.3625  13.4688   0.0000   0.0000   0.0000
    2413  -2.7523   8.7033  13.1866   0.0000   0.0000   0.0000
    2414  -2.7171   8.7491  12.8006   0.0000   0.0000   0.0000
    2415  -2.4870   8.4445  13.2110   0.0000   0.0000   0.0000
    2416  -2.7405   8.1691  12.4403   0.0000   0.0000   0.0000
    2417  -4.0635   7.4555  13.5236   0.0000   0.0000   0.0000
    2418  -3.7849   6.8922  13.5731   0.0000   0.0000   0.0000
    2419  -2.0901   8.0916  13.8986   0.0000   0.0000   0.0000
    2420  -3.6356   6.8955  14.2101   0.0000   0.0000   0.0000
    2421  -3.3369   7.2837  13.9959   0.0000   0.0000   0.0000
    2422  -3.0930   6.9604  14.6153   0.0000   0.0000   0.0000
    2423  -3.4061   5.9859  14.5066   0.0000   0.0000   0.0000
    2424  -4.4731   6.7445  15.0085   0.0000   0.0000   0.0000
    2425  -3.5428   7.8717  14.2275   0.0000   0.0000   0.0000
    2426  -2.6822   8.5801  14.5751   0.0000   0.0000   0.0000
    2427  -2.4644   7.5837  14.8749   0.0000   0.0000   0.0000
    2428  -2.2184   7.5682  14.9345   0.0000   0.0000   0.0000
    2429  -2.6620   7.7868  15.3448   0.0000   0.0000   0.0000
    2430  -3.0027   7.3872  14.5112   0.0000   0.0000   0.0000
    2431  -2.3782   7.2624  14.6047   0.0000   0.0000   0.0000
    2432  -2.3927   7.3074  14.2475   0.0000   0.0000   0.0000
    2433  -2.5016   6.8050  13.8830   0.0000   0.0000   0.0000
    2434  -3.1720   7.1445  14.2908   0.0000   0.0000   0.0000
    2435  -2.3153   7.1410  14.6659   0.0000   0.0000   0.0000
    2436  -2.6379   6.9363  13.8921   0.0000   0.0000   0.0000
    2437  -3.2863   6.9926  14.2125   0.0000   0.0000   0.0000
    2438  -3.5877   7.1108  14.3314   0.0000   0.0000   0.0000
    2439  -2.4345   7.7814  14.3536   0.0000   0.0000   0.0000
    2440  -2.4293   7.9219  14.3131   0.0000   0.0000   0.0000
    2441  -2.6410   7.7774  14.0383   0.0000   0.0000   0.0000
    2442  -2.4917   7.1598  13.6416   0.0000   0.0000   0.0000
    2443  -2.5104   8.1892  13.9622   0.0000   0.0000   0.0000
    2444  -2.5141   8.2656  14.1363   0.0000   0.0000   0.0000
    2445  -2.3134   6.9593  13.8225   0.0000   0.0000   0.0000
    2446  -1.9586   7.6009  14.2846   0.0000   0.0000   0.0000
    2447  -2.3421   7.8740  12.7619   0.0000   0.0000   0.0000
    2448  -0.8317   7.9500  13.2693   0.0000   0.0000   0.0000
    2449  -1.0137   7.6072  13.0937   0.0000   0.0000   0.0000
    2450  -1.8598   7.1475  13.3312   0.0000   0.0000   0.0000
    2451  -1.6981   7.0126  13.8675   0.0000   0.0000   0.0000
    2452  -1.4103   7.5277  13.8793   0.0000   0.0000   0.0000
    2453  -1.2963   7.4012  14.7502   0.0000   0.0000   0.0000
    2454  -0.9263   7.5162  14.2067   0.0000   0.0000   0.0000
    2455  -0.7636   7.4155  14.2728   0.0000   0.0000   0.0000
    2456  -1.1760   7.4264  14.4226   0.0000   0.0000   0.0000
    2457   0.0711   7.7661  14.1852   0.0000   0.0000   0.0000
    2458  -1.4045   7.5679  14.1536   0.0000   0.0000   0.0000
    2459  -0.5437   7.3954  13.8397   0.0000   0.0000   0.0000
    2460  -0.2086   7.3123  13.8440   0.0000   0.0000   0.0000
    2461  -1.0353   8.0225  13.9429   0.0000   0.0000   0.0000
    2462  -1.2641   7.1949  14.2566   0.0000   0.0000   0.0000
    2463  -1.4887   7.1590  14.4081   0.0000   0.0000   0.0000
    2464  -0.7272   6.8369  14.5683   0.0000   0.0000   0.0000
    2465  -1.1504   7.7157  14.2090   0.0000   0.0000   0.0000
    2466  -1.0700   7.1263  14.1305   0.0000   0.0000   0.0000
    2467  -1.8557   7.5027  14.8055   0.0000   0.0000   0.0000
    2468  -0.4040   6.9875  15.5168   0.0000   0.0000   0.0000
    2469  -1.8093   7.9432  14.5349   0.0000   0.0000   0.0000
    2470  -2.5893   7.2493  14.2211   0.0000   0.0000   0.0000
    2471  -1.6270   6.7286  14.2662   0.0000   0.0000   0.0000
    2472  -2.1393   7.5091  13.4448   0.0000   0.0000   0.0000
    2473  -2.4484   7.8552  12.9886   0.0000   0.0000   0.0000
    2474  -2.7439   7.2991  13.5442   0.0000   0.0000   0.0000
    2475  -2.2746   5.1392  13.9116   0.0000   0.0000   0.0000
    2476  -3.5018   5.0798  13.2427   0.0000   0.0000   0.0000
    2477  -2.9636   5.6698  13.7044   0.0000   0.0000   0.0000
    2478  -3.7815   5.9241  13.4214   0.0000   0.0000   0.0000
    2479  -2.8599   6.1263  13.4879   0.0000   0.0000   0.0000
    2480  -3.0165   6.1250  13.7232   0.0000   0.0000   0.0000
    2481  -3.9050   6.6383  13.1876   0.0000   0.0000   0.0000
    2482  -3.5768   4.8570  13.9191   0.0000   0.0000   0.0000
    2483  -3.7567   5.5159  14.5003   0.0000   0.0000   0.0000
    2484  -3.7496   5.1493  14.5075   0.0000   0.0000   0.0000
    2485  -4.2052   6.8473  14.4503   0.0000   0.0000   0.0000
    2486  -4.3729   5.1542  15.1041   0.0000   0.0000   0.0000
    2487  -4.8921   6.4571  14.7740   0.0000   0.0000   0.0000
    2488  -3.7548   4.9835  13.9489   0.0000   0.0000   0.0000
    2489  -3.1051   4.3304  14.1420   0.0000   0.0000   0.0000
    2490  -3.8975   5.3375  14.6808   0.0000   0.0000   0.0000
    2491  -3.9300   5.6438  15.0531   0.0000   0.0000   0.0000
    2492  -3.1387   5.9746  14.6431   0.0000   0.0000   0.0000
    2493  -3.7385   6.0783  14.3012   0.0000   0.0000   0.0000
    2494  -3.1145   5.8632  14.7046   0.0000   0.0000   0.0000
    2495  -2.5279   5.4572  14.3160   0.0000   0.0000   0.0000
    2496  -3.7324   4.8649  13.8039   0.0000   0.0000   0.0000
    2497  -3.0014   5.2264  13.9814   0.0000   0.0000   0.0000
    2498  -3.0006   5.2227  14.0290   0.0000   0.0000   0.0000
    2499  -3.2446   5.2813  13.3844   0.0000   0.0000   0.0000
    2500  -3.2128   5.2266  14.9419   0.0000   0.0000   0.0000
    2501  -3.1616   4.6923  14.5750   0.0000   0.0000   0.0000
    2502  -3.1359   5.3757  14.1309   0.0000   0.0000   0.0000
    2503  -2.5716   5.6357  14.1712   0.0000   0.0000   0.0000
    2504  -3.8849   5.8027  13.6453   0.0000   0.0000   0.0000
    2505  -3.1423   6.0331  13.9292   0.0000   0.0000   0.0000
    2506  -2.6635   5.8075  13.9122   0.0000   0.0000   0.0000
    2507  -3.4278   5.4405  13.7174   0.0000   0.0000   0.0000
    2508  -3.1500   5.9171  14.1941   0.0000   0.0000   0.0000
    2509  -2.3914   5.1451  14.0078   0.0000   0.0000   0.0000
    2510  -3.1083   5.4156  13.5956   0.0000   0.0000   0.0000
    2511  -3.2083   5.9505  14.5505   0.0000   0.0000   0.0000
    2512  -4.0625   5.1733  14.5716   0.0000   0.0000   0.0000
    2513  -3.4765   6.0477  14.2102   0.0000   0.0000   0.0000
    2514  -2.7703   5.6560  14.6253   0.0000   0.0000   0.0000
    2515  -2.2626   5.8625  14.3508   0.0000   0.0000   0.0000
    2516  -3.0431   5.9843  13.1452   0.0000   0.0000   0.0000
    2517  -3.0300   6.2871  13.4791   0.0000   0.0000   0.0000
    2518  -2.2336   5.9497  13.4125   0.0000   0.0000   0.0000
    2519  -3.6286   5.7412  13.7594   0.0000   0.0000   0.0000
    2520  -2.8398   6.2384  14.0778   0.0000   0.0000   0.0000
    2521  -2.9951   6.4231  13.9370   0.0000   0.0000   0.0000
    2522  -4.1596   5.6210  13.2828   0.0000   0.0000   0.0000
    2523  -4.0395   6.5074  12.9423   0.0000   0.0000   0.0000
    2524  -3.4454   6.4039  12.7198   0.0000   0.0000   0.0000
    2525  -3.5658   5.2295  13.5274   0.0000   0.0000   0.0000
    2526  -3.8629   5.4967  13.9176   0.0000   0.0000   0.0000
    2527  -4.2395   5.8782  13.9020   0.0000   0.0000   0.0000
    2528  -4.2047   5.7257  14.0711   0.0000   0.0000   0.0000
    2529  -4.1173   6.3911  13.2843   0.0000   0.0000   0.0000
    2530  -4.0573   5.8832  13.2091   0.0000   0.0000   0.0000
    2531  -4.6349   6.2565  13.7421   0.0000   0.0000   0.0000
    2532  -4.1754   5.7443  13.4478   0.0000   0.0000   0.0000
    2533  -4.6071   6.6020  13.3753   0.0000   0.0000   0.0000
    2534  -4.2746   5.9217  13.2981   0.0000   0.0000   0.0000
    2535  -4.4693   5.6690  13.4909   0.0000   0.0000   0.0000
    2536  -3.5102   5.9749  13.5788   0.0000   0.0000   0.0000
    2537  -4.6976   5.4460  13.8208   0.0000   0.0000   0.0000
    2538  -3.3164   5.7761  14.1095   0.0000   0.0000   0.0000
    2539  -3.3159   5.2910  13.4201   0.0000   0.0000   0.0000
    2540  -5.1142   5.3838  12.6880   0.0000   0.0000   0.0000
    2541  -4.4584   5.0157  13.5421   0.0000   0.0000   0.0000
    2542  -3.9899   5.6938  14.0834   0.0000   0.0000   0.0000
    2543  -3.8275   5.7096  14.1720   0.0000   0.0000   0.0000
    2544  -3.9915   5.9826  14.0611   0.0000   0.0000   0.0000
    2545  -3.9706   5.6352  13.9919   0.0000   0.0000   0.0000
    2546  -3.6598   5.5458  13.8195   0.0000   0.0000   0.0000
    2547  -2.4986   5.6978  14.4655   0.0000   0.0000   0.0000
    2548  -3.6333   5.5724  14.2851   0.0000   0.0000   0.0000
    2549  -2.8062   5.5164  14.3890   0.0000   0.0000   0.0000
    2550  -4.8211   6.6622  14.5844   0.0000   0.0000   0.0000
    2551  -3.5986   5.4096  14.3833   0.0000   0.0000   0.0000
    2552  -3.5231   6.2604  14.6458   0.0000   0.0000   0.0000
    2553  -4.0946   6.4357  14.8367   0.0000   0.0000   0.0000
    2554  -3.6872   5.8742  14.6418   0.0000   0.0000   0.0000
    2555  -4.5462   6.4086  15.0318   0.0000   0.0000   0.0000
    2556  -4.5288   5.7527  15.1216   0.0000   0.0000   0.0000
    2557  -5.2034   6.3175  15.1652   0.0000   0.0000   0.0000
    2558  -3.7929   6.2291  14.7278   0.0000   0.0000   0.0000
    2559  -2.8448   5.8802  15.0515   0.0000   0.0000   0.0000
    2560  -3.3299   5.7399  14.9547   0.0000   0.0000   0.0000
    2561  -3.9889   7.0713  15.1550   0.0000   0.0000   0.0000
    2562  -3.2546   5.9411  14.8937   0.0000   0.0000   0.0000
    2563  -3.5568   5.9581  15.1721   0.0000   0.0000   0.0000
    2564  -3.4334   5.4695  14.9214   0.0000   0.0000   0.0000
    2565  -3.4266   5.0390  15.1828   0.0000   0.0000   0.0000
    2566  -4.0106   5.5418  15.3204   0.0000   0.0000   0.0000
    2567  -4.3249   6.3984  14.9406   0.0000   0.0000   0.0000
    2568  -4.5048   5.9578  14.0620   0.0000   0.0000   0.0000
    2569  -4.0972   6.0490  15.0283   0.0000   0.0000   0.0000
    2570  -4.3411   6.2155  15.0828   0.0000   0.0000   0.0000
    2571  -4.9069   5.8799  14.6782   0.0000   0.0000   0.0000
    2572  -4.6312   5.8996  14.2112   0.0000   0.0000   0.0000
    2573  -4.7568   6.0997  14.4003   0.0000   0.0000   0.0000
    2574  -3.4654   6.8958  15.3338   0.0000   0.0000   0.0000
    2575  -3.2886   5.6952  15.3951   0.0000   0.0000   0.0000
    2576  -4.1993   6.2820  15.0721   0.0000   0.0000   0.0000
    2577  -4.9194   6.2672  15.3811   0.0000   0.0000   0.0000
    2578  -5.0686   5.8743  15.1579   0.0000   0.0000   0.0000
    2579  -6.0288   5.9136  14.5612   0.0000   0.0000   0.0000
    2580  -5.3126   4.3831  14.2904   0.0000   0.0000   0.0000
    2581  -5.5247   4.1399  14.2229   0.0000   0.0000   0.0000
    2582  -4.7838   4.9537  14.1858   0.0000   0.0000   0.0000
    2583  -4.4585   3.7961  15.0980   0.0000   0.0000   0.0000
    2584  -4.4644   3.9161  14.4512   0.0000   0.0000   0.0000
    2585  -5.3712   4.3673  13.6409   0.0000   0.0000   0.0000
    2586  -4.5814   5.4814  13.7297   0.0000   0.0000   0.0000
    2587  -4.7843   5.1101  14.0004   0.0000   0.0000   0.0000
    2588  -5.2588   4.5237  13.7413   0.0000   0.0000   0.0000
    2589  -4.7682   5.7181  13.6412   0.0000   0.0000   0.0000
    2590  -5.6437   5.0188  12.6365   0.0000   0.0000   0.0000
    2591  -4.4290   5.8890  12.7495   0.0000   0.0000   0.0000
    2592  -4.9250   4.6965  13.2965   0.0000   0.0000   0.0000
    2593  -4.8611   5.5771  12.5127   0.0000   0.0000   0.0000
    2594  -5.8738   5.4351  12.9914   0.0000   0.0000   0.0000
    2595  -5.8453   5.5915  13.3950   0.0000   0.0000   0.0000
    2596  -5.2348   5.6004  12.9646   0.0000   0.0000   0.0000
    2597  -4.8222   5.3557  13.0964   0.0000   0.0000   0.0000
    2598  -4.3106   5.2127  13.6422   0.0000   0.0000   0.0000
    2599  -4.9236   5.6039  13.3883   0.0000   0.0000   0.0000
    2600  -4.3875   5.4709  13.8634   0.0000   0.0000   0.0000
    2601  -4.3717   4.8461  14.4363   0.0000   0.0000   0.0000
    2602  -5.4180   5.3365  13.0980   0.0000   0.0000   0.0000
    2603  -5.3357   4.7833  14.0846   0.0000   0.0000   0.0000
    2604  -5.3214   4.8412  14.4102   0.0000   0.0000   0.0000
    2605  -4.7234   4.9029  13.6927   0.0000   0.0000   0.0000
    2606  -5.5077   5.7618  14.1170   0.0000   0.0000   0.0000
    2607  -4.8621   5.0304  14.6973   0.0000   0.0000   0.0000
    2608  -4.3345   5.3107  14.3176   0.0000   0.0000   0.0000
    2609  -4.5694   4.9202  14.5307   0.0000   0.0000   0.0000
    2610  -4.1792   5.2122  14.4535   0.0000   0.0000   0.0000
    2611  -4.4386   5.4085  13.5475   0.0000   0.0000   0.0000
    2612  -3.9827   5.1665  14.1984   0.0000   0.0000   0.0000
    2613  -4.2480   4.8572  13.8166   0.0000   0.0000   0.0000
    2614  -4.2576   4.2078  14.2798   0.0000   0.0000   0.0000
    2615  -3.8689   4.9564  13.6836   0.0000   0.0000   0.0000
    2616  -4.0840   4.0219  14.4627   0.0000   0.0000   0.0000
    2617  -4.4177   3.8443  13.9133   0.0000   0.0000   0.0000
    2618  -4.3020   4.7694  13.9874   0.0000   0.0000   0.0000
    2619  -4.8186   5.8977  13.3127   0.0000   0.0000   0.0000
    2620  -4.4332   5.1757  13.3533   0.0000   0.0000   0.0000
    2621  -3.9265   4.8584  13.2829   0.0000   0.0000   0.0000
    2622  -4.3422   5.0829  12.9879   0.0000   0.0000   0.0000
    2623  -4.9232   4.4806  13.1165   0.0000   0.0000   0.0000
    2624  -5.4742   5.3577  13.1535   0.0000   0.0000   0.0000
    2625  -4.2255   5.0002  13.8863   0.0000   0.0000   0.0000
    2626  -4.4820   4.6959  14.1474   0.0000   0.0000   0.0000
    2627  -4.3050   5.1510  14.5915   0.0000   0.0000   0.0000
    2628  -3.7121   4.8858  14.3843   0.0000   0.0000   0.0000
    2629  -5.0186   4.6515  13.6614   0.0000   0.0000   0.0000
    2630  -4.4064   4.1572  14.3346   0.0000   0.0000   0.0000
    2631  -4.3754   4.7034  14.0568   0.0000   0.0000   0.0000
    2632  -4.8986   4.2301  14.2365   0.0000   0.0000   0.0000
    2633  -5.7898   4.4366  14.6057   0.0000   0.0000   0.0000
    2634  -5.0417   4.3934  13.9867   0.0000   0.0000   0.0000
    2635  -4.5747   3.5539  14.1583   0.0000   0.0000   0.0000
    2636  -4.0453   3.5320  13.5465   0.0000   0.0000   0.0000
    2637  -3.4902   4.1258  13.4923   0.0000   0.0000   0.0000
    2638  -3.6931   4.3031  14.4063   0.0000   0.0000   0.0000
    2639  -2.9573   4.7439  14.5254   0.0000   0.0000   0.0000
    2640  -3.1307   4.7374  15.2578   0.0000   0.0000   0.0000
    2641  -3.1711   3.9671  14.4369   0.0000   0.0000   0.0000
    2642  -2.3397   3.9533  14.9789   0.0000   0.0000   0.0000
    2643  -3.6332   4.4309  14.6933   0.0000   0.0000   0.0000
    2644  -3.8851   4.3659  14.5655   0.0000   0.0000   0.0000
    2645  -3.6484   4.4182  13.8573   0.0000   0.0000   0.0000
    2646  -3.7871   4.6032  14.4169   0.0000   0.0000   0.0000
    2647  -3.7804   4.5567  14.6934   0.0000   0.0000   0.0000
    2648  -3.8384   5.0744  15.0319   0.0000   0.0000   0.0000
    2649  -3.8468   4.1440  14.9912   0.0000   0.0000   0.0000
    2650  -4.6405   4.2491  14.4859   0.0000   0.0000   0.0000
    2651  -4.3067   4.6071  14.5856   0.0000   0.0000   0.0000
    2652  -5.1512   5.1082  14.2998   0.0000   0.0000   0.0000
    2653  -3.7880   5.0484  14.5104   0.0000   0.0000   0.0000
    2654  -3.9664   4.3501  14.5506   0.0000   0.0000   0.0000
    2655  -2.8519   4.5325  13.5848   0.0000   0.0000   0.0000
    2656  -2.7120   4.0860  13.7822   0.0000   0.0000   0.0000
    2657  -3.2430   4.8761  13.9735   0.0000   0.0000   0.0000
    2658  -3.8826   4.7001  13.7861   0.0000   0.0000   0.0000
    2659  -3.5813   4.9668  13.5059   0.0000   0.0000   0.0000
    2660  -4.5302   5.0252  13.8223   0.0000   0.0000   0.0000
    2661  -4.6225   4.3134  13.6241   0.0000   0.0000   0.0000
    2662  -3.9533   4.4932  13.8813   0.0000   0.0000   0.0000
    2663  -3.8716   5.2636  13.3502   0.0000   0.0000   0.0000
    2664  -3.5553   5.7675  13.8914   0.0000   0.0000   0.0000
    2665  -3.7332   5.5410  14.3374   0.0000   0.0000   0.0000
    2666  -3.3673   5.8488  14.7598   0.0000   0.0000   0.0000
    2667  -3.0356   4.5833  15.3299   0.0000   0.0000   0.0000
    2668  -2.3651   5.6650  14.7555   0.0000   0.0000   0.0000
    2669  -3.0259   4.9627  14.8290   0.0000   0.0000   0.0000
    2670  -4.0305   4.7340  14.9670   0.0000   0.0000   0.0000
    2671  -3.2888   4.5772  15.1718   0.0000   0.0000   0.0000
    2672  -2.7820   4.8170  13.6248   0.0000   0.0000   0.0000
    2673  -3.3760   4.6955  14.3379   0.0000   0.0000   0.0000
    2674  -2.7007   5.2155  14.1785   0.0000   0.0000   0.0000
    2675  -2.2105   5.1596  14.5197   0.0000   0.0000   0.0000
    2676  -2.0441   5.4022  14.8859   0.0000   0.0000   0.0000
    2677  -2.5837   5.0497  14.4430   0.0000   0.0000   0.0000
    2678  -2.5458   5.1066  14.0147   0.0000   0.0000   0.0000
    2679  -1.9843   5.5817  14.1555   0.0000   0.0000   0.0000
    2680  -1.6658   6.4527  14.1034   0.0000   0.0000   0.0000
    2681  -2.6506   5.7007  14.1004   0.0000   0.0000   0.0000
    2682  -2.2926   5.1531  14.0121   0.0000   0.0000   0.0000
    2683  -2.2534   6.1129  14.4940   0.0000   0.0000   0.0000
    2684  -2.7031   5.6152  13.5803   0.0000   0.0000   0.0000
    2685  -1.7477   4.6013  14.3438   0.0000   0.0000   0.0000
    2686  -2.3192   5.7080  13.6645   0.0000   0.0000   0.0000
    2687  -2.2448   6.2784  14.8393   0.0000   0.0000   0.0000
    2688  -1.6947   5.9184  14.5037   0.0000   0.0000   0.0000
    2689  -1.7525   5.5839  14.6206   0.0000   0.0000   0.0000
    2690  -1.8615   5.2494  14.9015   0.0000   0.0000   0.0000
    2691  -3.4238   4.4208  13.9286   0.0000   0.0000   0.0000
    2692  -2.2245   5.1552  14.7643   0.0000   0.0000   0.0000
    2693  -2.1136   5.3845  14.7479   0.0000   0.0000   0.0000
    2694  -3.1489   5.3152  14.6190   0.0000   0.0000   0.0000
    2695  -3.1399   5.7057  15.0127   0.0000   0.0000   0.0000
    2696  -2.1045   6.4925  15.0851   0.0000   0.0000   0.0000
    2697  -2.5406   7.1235  14.4719   0.0000   0.0000   0.0000
    2698  -2.1479   7.2981  14.5027   0.0000   0.0000   0.0000
    2699  -2.4030   8.1457  14.8588   0.0000   0.0000   0.0000
    2700  -2.1464   7.5664  15.1280   0.0000   0.0000   0.0000
    2701  -2.3996   7.4169  15.1625   0.0000   0.0000   0.0000
    2702  -1.4516   6.9052  14.9620   0.0000   0.0000   0.0000
    2703  -1.7559   7.9863  14.8230   0.0000   0.0000   0.0000
    2704  -3.1621   7.4333  14.7043   0.0000   0.0000   0.0000
    2705  -2.4313   6.9794  14.3518   0.0000   0.0000   0.0000
    2706  -2.3284   6.9011  14.1635   0.0000   0.0000   0.0000
    2707  -2.6256   7.0904  14.9562   0.0000   0.0000   0.0000
    2708  -2.3665   7.3682  15.2033   0.0000   0.0000   0.0000
    2709  -2.7700   6.9884  15.5181   0.0000   0.0000   0.0000
    2710  -2.0062   6.2572  15.1303   0.0000   0.0000   0.0000
    2711  -3.0338   6.5934  15.1378   0.0000   0.0000   0.0000
    2712  -3.5857   6.2933  15.0634   0.0000   0.0000   0.0000
    2713  -2.9239   6.8134  14.4893   0.0000   0.0000   0.0000
    2714  -3.1412   5.8180  14.6245   0.0000   0.0000   0.0000
    2715  -4.2095   6.8516  14.3899   0.0000   0.0000   0.0000
    2716  -2.3599   6.4206  14.6638   0.0000   0.0000   0.0000
    2717  -2.4652   7.5919  13.9041   0.0000   0.0000   0.0000
    2718  -3.1616   6.1264  14.0258   0.0000   0.0000   0.0000
    2719  -2.9664   6.3917  13.1946   0.0000   0.0000   0.0000
    2720  -2.6441   6.4600  13.7440   0.0000   0.0000   0.0000
    2721  -2.5444   6.7542  13.9872   0.0000   0.0000   0.0000
    2722  -2.9746   7.6084  14.1377   0.0000   0.0000   0.0000
    2723  -2.7564   7.7911  14.7130   0.0000   0.0000   0.0000
    2724  -2.7753   7.2613  15.1979   0.0000   0.0000   0.0000
    2725  -2.8296   7.1892  14.3058   0.0000   0.0000   0.0000
    2726  -4.1876   6.7274  14.4850   0.0000   0.0000   0.0000
    2727  -4.9281   6.4074  14.1891   0.0000   0.0000   0.0000
    2728  -3.8225   6.5896  14.5949   0.0000   0.0000   0.0000
    2729  -4.2989   6.2578  14.9416   0.0000   0.0000   0.0000
    2730  -4.2391   6.2528  14.2543   0.0000   0.0000   0.0000
    2731  -5.2905   5.9678  14.9188   0.0000   0.0000   0.0000
    2732  -5.2654   6.9097  14.5182   0.0000   0.0000   0.0000
    2733  -4.2617   6.7207  14.6171   0.0000   0.0000   0.0000
    2734  -5.5132   6.2786  14.8594   0.0000   0.0000   0.0000
    2735  -5.6076   6.1040  14.1640   0.0000   0.0000   0.0000
    2736  -6.9439   6.5972  14.1078   0.0000   0.0000   0.0000
    2737  -4.7321   6.7707  14.1773   0.0000   0.0000   0.0000
    2738  -4.5734   6.3105  14.4389   0.0000   0.0000   0.0000
    2739  -5.0089   5.9961  14.0932   0.0000   0.0000   0.0000
    2740  -4.7900   6.9865  14.1666   0.0000   0.0000   0.0000
    2741  -5.7271   6.4394  14.7814   0.0000   0.0000   0.0000
    2742  -5.2807   5.7149  14.3624   0.0000   0.0000   0.0000
    2743  -4.4346   5.9031  14.0977   0.0000   0.0000   0.0000
    2744  -4.2790   6.1996  14.4383   0.0000   0.0000   0.0000
    2745  -4.3101   6.2408  14.3789   0.0000   0.0000   0.0000
    2746  -4.2265   6.1775  14.1492   0.0000   0.0000   0.0000
    2747  -4.5470   6.2604  13.8701   0.0000   0.0000   0.0000
    2748  -4.7401   5.4431  14.2651   0.0000   0.0000   0.0000
    2749  -3.8868   5.8662  13.9242   0.0000   0.0000   0.0000
    2750  -4.0852   5.3956  14.7682   0.0000   0.0000   0.0000
    2751  -3.6778   5.7262  14.0575   0.0000   0.0000   0.0000
    2752  -4.5606   5.1022  13.8971   0.0000   0.0000   0.0000
    2753  -4.6401   4.9764  14.3227   0.0000   0.0000   0.0000
    2754  -5.1365   4.7752  15.2477   0.0000   0.0000   0.0000
    2755  -4.9121   5.3542  15.2528   0.0000   0.0000   0.0000
    2756  -4.8133   4.6793  14.6452   0.0000   0.0000   0.0000
    2757  -5.3022   6.1113  14.4988   0.0000   0.0000   0.0000
    2758  -5.3286   5.6387  14.4074   0.0000   0.0000   0.0000
    2759  -5.6603   5.4619  13.7889   0.0000   0.0000   0.0000
    2760  -5.6217   6.0296  14.1791   0.0000   0.0000   0.0000
    2761  -5.2608   5.7471  15.2762   0.0000   0.0000   0.0000
    2762  -5.4816   5.2684  14.5074   0.0000   0.0000   0.0000
    2763  -6.4313   5.7403  14.1340   0.0000   0.0000   0.0000
    2764  -6.0950   5.8948  14.0688   0.0000   0.0000   0.0000
    2765  -5.9460   5.5821  15.2195   0.0000   0.0000   0.0000
    2766  -6.5698   5.6388  14.8902   0.0000   0.0000   0.0000
    2767  -6.3761   6.7125  14.5262   0.0000   0.0000   0.0000
    2768  -5.9585   6.3319  14.9785   0.0000   0.0000   0.0000
    2769  -6.1324   5.2032  15.1586   0.0000   0.0000   0.0000
    2770  -7.1838   4.9221  15.2631   0.0000   0.0000   0.0000
    2771  -7.0637   5.0111  14.5735   0.0000   0.0000   0.0000
    2772  -6.9410   4.8191  14.6931   0.0000   0.0000   0.0000
    2773  -6.9408   5.2344  14.5180   0.0000   0.0000   0.0000
    2774  -6.7192   5.5424  14.5216   0.0000   0.0000   0.0000
    2775  -4.9745   5.5130  15.1415   0.0000   0.0000   0.0000
    2776  -5.3839   5.6321  15.0681   0.0000   0.0000   0.0000
    2777  -5.5695   5.8490  15.8893   0.0000   0.0000   0.0000
    2778  -5.3341   5.9996  15.5201   0.0000   0.0000   0.0000
    2779  -5.7726   5.2788  15.1449   0.0000   0.0000   0.0000
    2780  -4.7479   5.1353  15.3922   0.0000   0.0000   0.0000
    2781  -4.8427   5.9619  15.1079   0.0000   0.0000   0.0000
    2782  -3.6390   7.8969  14.8211   0.0000   0.0000   0.0000
    2783  -3.9571   7.8254  14.9179   0.0000   0.0000   0.0000
    2784  -3.4678   7.1494  15.2126   0.0000   0.0000   0.0000
    2785  -3.5634   7.0589  16.0360   0.0000   0.0000   0.0000
    2786  -3.8864   6.7591  15.7132   0.0000   0.0000   0.0000
    2787  -5.0033   7.7517  15.5059   0.0000   0.0000   0.0000
    2788  -4.1227   7.7289  15.8220   0.0000   0.0000   0.0000
    2789  -4.5455   8.0706  15.0915   0.0000   0.0000   0.0000
    2790  -4.0960   8.6615  14.8872   0.0000   0.0000   0.0000
    2791  -3.8582   8.5863  15.2708   0.0000   0.0000   0.0000
    2792  -3.5512   8.2518  15.5166   0.0000   0.0000   0.0000
    2793  -3.8019   8.1887  14.8235   0.0000   0.0000   0.0000
    2794  -3.4709   7.1022  15.1674   0.0000   0.0000   0.0000
    2795  -3.6677   7.3573  15.0009   0.0000   0.0000   0.0000
    2796  -3.5694   7.6137  15.1187   0.0000   0.0000   0.0000
    2797  -3.5453   7.2275  14.7893   0.0000   0.0000   0.0000
    2798  -4.0061   7.4299  15.0367   0.0000   0.0000   0.0000
    2799  -4.7372   8.0682  14.7937   0.0000   0.0000   0.0000
    2800  -4.1079   7.9587  14.8782   0.0000   0.0000   0.0000
    2801  -4.8850   7.8960  15.0916   0.0000   0.0000   0.0000
    2802  -4.4166   8.0754  15.0669   0.0000   0.0000   0.0000
    2803  -3.8543   7.4657  14.8628   0.0000   0.0000   0.0000
    2804  -4.4456   7.2282  15.1570   0.0000   0.0000   0.0000
    2805  -3.9852   7.8404  15.3603   0.0000   0.0000   0.0000
    2806  -3.7796   6.3022  15.8528   0.0000   0.0000   0.0000
    2807  -3.4629   6.4451  16.1868   0.0000   0.0000   0.0000
    2808  -4.8149   5.9209  15.6086   0.0000   0.0000   0.0000
    2809  -4.3774   5.9202  16.2817   0.0000   0.0000   0.0000
    2810  -5.8102   6.0302  15.7483   0.0000   0.0000   0.0000
    2811  -5.5937   5.2631  15.2584   0.0000   0.0000   0.0000
    2812  -5.2955   5.8402  14.8217   0.0000   0.0000   0.0000
    2813  -4.5788   6.1326  15.3334   0.0000   0.0000   0.0000
    2814  -5.1637   6.2322  15.4765   0.0000   0.0000   0.0000
    2815  -5.2626   6.1236  15.6502   0.0000   0.0000   0.0000
    2816  -5.4050   6.7652  15.7579   0.0000   0.0000   0.0000
    2817  -4.8656   5.6560  16.0713   0.0000   0.0000   0.0000
    2818  -5.5191   5.7311  15.3620   0.0000   0.0000   0.0000
    2819  -6.1496   5.6288  15.5362   0.0000   0.0000   0.0000
    2820  -5.0464   6.1676  14.7794   0.0000   0.0000   0.0000
    2821  -4.8130   6.1619  14.9527   0.0000   0.0000   0.0000
    2822  -4.3405   6.5393  15.6950   0.0000   0.0000   0.0000
    2823  -4.9149   7.0835  15.1686   0.0000   0.0000   0.0000
    2824  -4.9877   6.5380  15.4280   0.0000   0.0000   0.0000
    2825  -6.0370   5.4929  16.0134   0.0000   0.0000   0.0000
    2826  -6.0194   6.0598  15.5481   0.0000   0.0000   0.0000
    2827  -4.9224   6.2131  15.6810   0.0000   0.0000   0.0000
    2828  -6.1988   6.1444  16.0227   0.0000   0.0000   0.0000
    2829  -4.9745   7.0113  15.8137   0.0000   0.0000   0.0000
    2830  -5.2833   5.8992  15.5590   0.0000   0.0000   0.0000
    2831  -5.7212   6.0788  15.6642   0.0000   0.0000   0.0000
    2832  -5.1508   6.1422  16.1037   0.0000   0.0000   0.0000
    2833  -7.5483   5.0404  16.1375   0.0000   0.0000   0.0000
    2834  -6.1531   4.3388  16.1126   0.0000   0.0000   0.0000
    2835  -7.6305   4.7825  16.0689   0.0000   0.0000   0.0000
    2836  -6.8081   5.1922  16.2610   0.0000   0.0000   0.0000
    2837  -4.4813   6.5105  14.9925   0.0000   0.0000   0.0000
    2838  -4.8768   6.3130  15.6268   0.0000   0.0000   0.0000
    2839  -5.0964   6.7389  15.8844   0.0000   0.0000   0.0000
    2840  -4.7273   6.5464  15.9977   0.0000   0.0000   0.0000
    2841  -5.5373   5.6186  16.2804   0.0000   0.0000   0.0000
    2842  -5.3865   6.6371  15.1340   0.0000   0.0000   0.0000
    2843  -5.5985   6.9611  16.0772   0.0000   0.0000   0.0000
    2844  -5.5440   5.5222  15.4590   0.0000   0.0000   0.0000
    2845  -5.1384   5.9127  15.9399   0.0000   0.0000   0.0000
    2846  -5.6582   5.7619  15.0617   0.0000   0.0000   0.0000
    2847  -5.7303   6.4057  14.6372   0.0000   0.0000   0.0000
    2848  -5.8730   5.7113  15.2064   0.0000   0.0000   0.0000
    2849  -5.5100   5.9902  14.9272   0.0000   0.0000   0.0000
    2850  -6.0291   5.9257  14.5553   0.0000   0.0000   0.0000
    2851  -6.0981   5.0913  15.0283   0.0000   0.0000   0.0000
    2852  -5.7829   6.0628  15.1699   0.0000   0.0000   0.0000
    2853  -6.6200   6.4766  14.7112   0.0000   0.0000   0.0000
    2854  -6.4717   6.3734  14.8924   0.0000   0.0000   0.0000
    2855  -5.6800   7.7084  14.6045   0.0000   0.0000   0.0000
    2856  -5.7734   7.0602  14.4847   0.0000   0.0000   0.0000
    2857  -5.5381   6.9328  14.4133   0.0000   0.0000   0.0000
    2858  -5.1294   7.1684  14.6347   0.0000   0.0000   0.0000
    2859  -4.5992   6.6809  15.3646   0.0000   0.0000   0.0000
    2860  -6.1855   7.4316  15.0657   0.0000   0.0000   0.0000
    2861  -5.3879   6.9367  14.8111   0.0000   0.0000   0.0000
    2862  -5.5806   6.7878  14.4544   0.0000   0.0000   0.0000
    2863  -6.0229   6.8753  14.2277   0.0000   0.0000   0.0000
    2864  -5.5520   7.1353  15.2513   0.0000   0.0000   0.0000
    2865  -4.9559   6.9995  15.2475   0.0000   0.0000   0.0000
    2866  -5.2818   7.1033  15.2467   0.0000   0.0000   0.0000
    2867  -5.6999   7.2808  15.2454   0.0000   0.0000   0.0000
    2868  -5.3466   7.8343  15.0926   0.0000   0.0000   0.0000
    2869  -5.4613   7.6001  14.7660   0.0000   0.0000   0.0000
    2870  -5.7472   6.4151  15.2070   0.0000   0.0000   0.0000
    2871  -5.0189   6.4149  15.0795   0.0000   0.0000   0.0000
    2872  -5.9629   7.7470  14.7310   0.0000   0.0000   0.0000
    2873  -6.3952   6.9834  14.0426   0.0000   0.0000   0.0000
    2874  -6.5447   7.6287  13.6964   0.0000   0.0000   0.0000
    2875  -6.3701   7.6985  13.4926   0.0000   0.0000   0.0000
    2876  -6.6658   6.9232  14.0886   0.0000   0.0000   0.0000
    2877  -5.6598   7.3352  14.2961   0.0000   0.0000   0.0000
    2878  -6.6083   8.2466  14.6085   0.0000   0.0000   0.0000
    2879  -6.0325   8.8482  13.9773   0.0000   0.0000   0.0000
    2880  -6.3254   7.8704  14.6821   0.0000   0.0000   0.0000
    2881  -6.8562   8.3716  14.2894   0.0000   0.0000   0.0000
    2882  -6.5295   7.8526  14.3950   0.0000   0.0000   0.0000
    2883  -6.6948   7.8121  14.7550   0.0000   0.0000   0.0000
    2884  -6.5574   7.7676  14.6889   0.0000   0.0000   0.0000
    2885  -6.6747   7.7854  14.3703   0.0000   0.0000   0.0000
    2886  -5.7574   7.0959  14.3432   0.0000   0.0000   0.0000
    2887  -6.7020   7.6049  14.3403   0.0000   0.0000   0.0000
    2888  -5.6211   7.2929  14.4912   0.0000   0.0000   0.0000
    2889  -6.4019   6.5954  14.2659   0.0000   0.0000   0.0000
    2890  -6.2529   6.9153  14.2759   0.0000   0.0000   0.0000
    2891  -6.6208   6.0990  14.7391   0.0000   0.0000   0.0000
    2892  -7.5490   5.8889  14.6611   0.0000   0.0000   0.0000
    2893  -7.2603   7.2652  14.5394   0.0000   0.0000   0.0000
