#Frame                                                     D36
       1  -3.0289   5.1498  12.8546   0.0000   0.0000   0.0000
       2  -2.7003   5.9346  12.4342   0.0000   0.0000   0.0000
       3  -3.0872   5.0184  12.8296   0.0000   0.0000   0.0000
       4  -4.1433   4.7266  13.1250   0.0000   0.0000   0.0000
       5  -3.8772   5.4515  12.0265   0.0000   0.0000   0.0000
       6  -4.8602   5.3928  12.2449   0.0000   0.0000   0.0000
       7  -3.5207   5.0672  12.0411   0.0000   0.0000   0.0000
       8  -4.1254   5.0550  11.3563   0.0000   0.0000   0.0000
       9  -3.8625   5.6238  11.4174   0.0000   0.0000   0.0000
      10  -3.5290   5.3913  11.9278   0.0000   0.0000   0.0000
      11  -4.2071   5.5130  12.2577   0.0000   0.0000   0.0000
      12  -4.8375   5.1816  12.1063   0.0000   0.0000   0.0000
      13  -4.7358   5.1242  11.2641   0.0000   0.0000   0.0000
      14  -4.3419   4.8149  11.4512   0.0000   0.0000   0.0000
      15  -4.1885   5.4903  11.5428   0.0000   0.0000   0.0000
      16  -4.4420   5.7030  11.7383   0.0000   0.0000   0.0000
      17  -4.6878   5.2978  10.9813   0.0000   0.0000   0.0000
      18  -4.6606   5.5303  10.9440   0.0000   0.0000   0.0000
      19  -5.3172   4.5274  10.7562   0.0000   0.0000   0.0000
      20  -5.4537   4.8605  11.2563   0.0000   0.0000   0.0000
      21  -6.0177   3.9806  11.8290   0.0000   0.0000   0.0000
      22  -4.7934   4.1728  12.1601   0.0000   0.0000   0.0000
      23  -4.8934   4.1084  12.6671   0.0000   0.0000   0.0000
      24  -5.9898   3.9223  13.1553   0.0000   0.0000   0.0000
      25  -4.9624   4.1985  12.3144   0.0000   0.0000   0.0000
      26  -4.5616   4.1061  12.5798   0.0000   0.0000   0.0000
      27  -5.1894   4.2556  12.6783   0.0000   0.0000   0.0000
      28  -4.7544   5.4346  12.5983   0.0000   0.0000   0.0000
      29  -5.2702   5.5357  13.4571   0.0000   0.0000   0.0000
      30  -4.9256   4.9420  13.1958   0.0000   0.0000   0.0000
      31  -5.6548   5.1258  13.3143   0.0000   0.0000   0.0000
      32  -4.5422   3.5820  13.5304   0.0000   0.0000   0.0000
      33  -5.1434   4.2371  12.8517   0.0000   0.0000   0.0000
      34  -4.5486   4.8372  12.7113   0.0000   0.0000   0.0000
      35  -5.0557   4.3212  12.8503   0.0000   0.0000   0.0000
      36  -5.0869   3.6767  12.0752   0.0000   0.0000   0.0000
      37  -4.2953   4.1002  12.9015   0.0000   0.0000   0.0000
      38  -5.3791   4.0932  11.9692   0.0000   0.0000   0.0000
      39  -4.7102   3.7732  13.1011   0.0000   0.0000   0.0000
      40  -5.4757   2.7597  12.9656   0.0000   0.0000   0.0000
      41  -5.5814   3.7102  12.6057   0.0000   0.0000   0.0000
      42  -5.2328   4.6995  12.7457   0.0000   0.0000   0.0000
      43  -5.7523   4.6364  12.7814   0.0000   0.0000   0.0000
      44  -5.2063   3.2815  12.8312   0.0000   0.0000   0.0000
      45  -6.3734   3.6810  12.4979   0.0000   0.0000   0.0000
      46  -5.7740   4.4012  12.0871   0.0000   0.0000   0.0000
      47  -5.4126   3.2134  12.0761   0.0000   0.0000   0.0000
      48  -6.1734   3.7419  11.2022   0.0000   0.0000   0.0000
      49  -5.7877   3.0788  11.7317   0.0000   0.0000   0.0000
      50  -5.8418   4.4184  11.7404   0.0000   0.0000   0.0000
      51  -6.3600   4.3484  11.1851   0.0000   0.0000   0.0000
      52  -6.5790   5.4078  11.0796   0.0000   0.0000   0.0000
      53  -5.8054   4.9611  10.7886   0.0000   0.0000   0.0000
      54  -6.1206   5.5266   9.8288   0.0000   0.0000   0.0000
      55  -4.9261   5.5348  11.2626   0.0000   0.0000   0.0000
      56  -5.5442   5.2025  10.6627   0.0000   0.0000   0.0000
      57  -5.2888   3.9742  11.0537   0.0000   0.0000   0.0000
      58  -5.6840   4.5861  11.4903   0.0000   0.0000   0.0000
      59  -5.3247   4.7449  10.9162   0.0000   0.0000   0.0000
      60  -5.2045   4.8390  11.1751   0.0000   0.0000   0.0000
      61  -5.7401   4.5832  12.0845   0.0000   0.0000   0.0000
      62  -5.3665   5.7369  11.6647   0.0000   0.0000   0.0000
      63  -5.4865   4.9616  11.5337   0.0000   0.0000   0.0000
      64  -5.4396   4.3762  11.3498   0.0000   0.0000   0.0000
      65  -5.9286   4.2568  10.9720   0.0000   0.0000   0.0000
      66  -5.6695   3.8851  10.4731   0.0000   0.0000   0.0000
      67  -4.9767   4.5400  11.3838   0.0000   0.0000   0.0000
      68  -5.5866   3.1228  11.3602   0.0000   0.0000   0.0000
      69  -5.7414   3.2949  11.3500   0.0000   0.0000   0.0000
      70  -5.6429   3.6523  11.5263   0.0000   0.0000   0.0000
      71  -5.3330   3.3298  10.2501   0.0000   0.0000   0.0000
      72  -5.6426   3.6994  10.9426   0.0000   0.0000   0.0000
      73  -5.2246   3.3733  10.5117   0.0000   0.0000   0.0000
      74  -4.5732   4.1759  10.4391   0.0000   0.0000   0.0000
      75  -4.4628   3.9894  10.7146   0.0000   0.0000   0.0000
      76  -4.9364   5.0018  11.1158   0.0000   0.0000   0.0000
      77  -4.6854   4.3372  11.5587   0.0000   0.0000   0.0000
      78  -4.8648   4.7989  11.4541   0.0000   0.0000   0.0000
      79  -5.4755   4.5604  11.9785   0.0000   0.0000   0.0000
      80  -4.9801   3.8336  11.5642   0.0000   0.0000   0.0000
      81  -5.8769   3.9913  11.4968   0.0000   0.0000   0.0000
      82  -5.8200   3.5545  11.3176   0.0000   0.0000   0.0000
      83  -5.5072   3.4126  12.1102   0.0000   0.0000   0.0000
      84  -5.2532   3.8176  12.2008   0.0000   0.0000   0.0000
      85  -5.7733   3.4563  12.1290   0.0000   0.0000   0.0000
      86  -5.5403   2.7837  11.9434   0.0000   0.0000   0.0000
      87  -6.0036   4.3108  11.7396   0.0000   0.0000   0.0000
      88  -6.3632   3.9379  11.7358   0.0000   0.0000   0.0000
      89  -5.9303   4.0754  12.8641   0.0000   0.0000   0.0000
      90  -5.9112   3.4384  11.9740   0.0000   0.0000   0.0000
      91  -6.1182   3.6121  11.9049   0.0000   0.0000   0.0000
      92  -6.0407   4.0021  11.6691   0.0000   0.0000   0.0000
      93  -5.9485   2.9680  11.3472   0.0000   0.0000   0.0000
      94  -5.6827   3.1291  11.9651   0.0000   0.0000   0.0000
      95  -5.6044   3.3772  12.1613   0.0000   0.0000   0.0000
      96  -5.3409   2.3879  12.7384   0.0000   0.0000   0.0000
      97  -6.0131   3.2883  12.7378   0.0000   0.0000   0.0000
      98  -4.9493   3.5936  12.6686   0.0000   0.0000   0.0000
      99  -6.4725   4.0545  12.7282   0.0000   0.0000   0.0000
     100  -5.4546   2.9888  13.0985   0.0000   0.0000   0.0000
     101  -4.8020   2.2571  12.6695   0.0000   0.0000   0.0000
     102  -4.5856   2.4362  12.7747   0.0000   0.0000   0.0000
     103  -4.8169   2.0544  12.9821   0.0000   0.0000   0.0000
     104  -4.8707   2.7141  13.0204   0.0000   0.0000   0.0000
     105  -3.6522   2.5816  13.0202   0.0000   0.0000   0.0000
     106  -4.9238   2.8826  12.0677   0.0000   0.0000   0.0000
     107  -5.3265   3.3469  12.7559   0.0000   0.0000   0.0000
     108  -4.9332   2.6552  12.7076   0.0000   0.0000   0.0000
     109  -4.7239   3.0718  12.0339   0.0000   0.0000   0.0000
     110  -4.8370   3.3680  12.9785   0.0000   0.0000   0.0000
     111  -5.4439   3.2505  12.8427   0.0000   0.0000   0.0000
     112  -5.3284   1.5433  12.8325   0.0000   0.0000   0.0000
     113  -5.3209   2.1249  13.2866   0.0000   0.0000   0.0000
     114  -4.6696   1.5378  14.0053   0.0000   0.0000   0.0000
     115  -5.7794   2.2049  13.0031   0.0000   0.0000   0.0000
     116  -5.0221   2.0601  12.8296   0.0000   0.0000   0.0000
     117  -6.1150   2.7643  13.0940   0.0000   0.0000   0.0000
     118  -5.6142   2.7166  12.7256   0.0000   0.0000   0.0000
     119  -5.9367   2.1143  12.3427   0.0000   0.0000   0.0000
     120  -5.5286   3.2887  13.3263   0.0000   0.0000   0.0000
     121  -5.1126   2.6933  13.6441   0.0000   0.0000   0.0000
     122  -4.9605   3.1414  13.6955   0.0000   0.0000   0.0000
     123  -5.5157   3.9172  13.9843   0.0000   0.0000   0.0000
     124  -6.0293   2.6310  13.8403   0.0000   0.0000   0.0000
     125  -5.2952   3.4656  14.1617   0.0000   0.0000   0.0000
     126  -4.6441   3.5345  14.3215   0.0000   0.0000   0.0000
     127  -4.8275   2.8241  13.6077   0.0000   0.0000   0.0000
     128  -5.3718   2.7786  13.7439   0.0000   0.0000   0.0000
     129  -5.8610   3.6546  12.9524   0.0000   0.0000   0.0000
     130  -4.3412   3.5425  12.8768   0.0000   0.0000   0.0000
     131  -5.2531   3.4790  13.2888   0.0000   0.0000   0.0000
     132  -5.0928   3.2847  14.3013   0.0000   0.0000   0.0000
     133  -4.5748   2.5102  13.4899   0.0000   0.0000   0.0000
     134  -4.6306   3.5945  13.6166   0.0000   0.0000   0.0000
     135  -5.2992   2.5190  13.0262   0.0000   0.0000   0.0000
     136  -5.6464   2.2276  12.8855   0.0000   0.0000   0.0000
     137  -5.6393   2.4767  13.3895   0.0000   0.0000   0.0000
     138  -5.2301   2.5460  13.0723   0.0000   0.0000   0.0000
     139  -6.1059   2.2192  12.9328   0.0000   0.0000   0.0000
     140  -5.4601   3.2034  13.0158   0.0000   0.0000   0.0000
     141  -5.6978   3.2426  12.1906   0.0000   0.0000   0.0000
     142  -5.6742   2.5425  12.6377   0.0000   0.0000   0.0000
     143  -5.8181   2.2056  12.6899   0.0000   0.0000   0.0000
     144  -5.6745   2.8259  13.2786   0.0000   0.0000   0.0000
     145  -5.2867   2.5710  13.1589   0.0000   0.0000   0.0000
     146  -5.1473   3.8855  13.6134   0.0000   0.0000   0.0000
     147  -5.2242   2.3224  13.9362   0.0000   0.0000   0.0000
     148  -4.8379   2.6480  14.3366   0.0000   0.0000   0.0000
     149  -5.0735   2.5993  13.9892   0.0000   0.0000   0.0000
     150  -5.0832   3.0184  13.7814   0.0000   0.0000   0.0000
     151  -4.6796   3.0371  13.6680   0.0000   0.0000   0.0000
     152  -5.4634   2.7634  13.9921   0.0000   0.0000   0.0000
     153  -5.5649   2.4343  14.3696   0.0000   0.0000   0.0000
     154  -5.3099   3.1473  13.5505   0.0000   0.0000   0.0000
     155  -5.0005   3.8020  13.7592   0.0000   0.0000   0.0000
     156  -5.6327   2.9482  14.7237   0.0000   0.0000   0.0000
     157  -6.2173   2.8254  13.6267   0.0000   0.0000   0.0000
     158  -5.4206   2.7821  13.5064   0.0000   0.0000   0.0000
     159  -6.3015   3.5438  14.3587   0.0000   0.0000   0.0000
     160  -6.6084   2.6348  13.6744   0.0000   0.0000   0.0000
     161  -5.7636   2.6363  13.4191   0.0000   0.0000   0.0000
     162  -6.0677   2.2000  13.6643   0.0000   0.0000   0.0000
     163  -5.1946   2.3946  13.5254   0.0000   0.0000   0.0000
     164  -5.0573   2.1885  14.4455   0.0000   0.0000   0.0000
     165  -4.8639   2.7263  14.3596   0.0000   0.0000   0.0000
     166  -5.1108   2.1768  14.4026   0.0000   0.0000   0.0000
     167  -5.3928   2.9825  14.0090   0.0000   0.0000   0.0000
     168  -5.4520   3.0976  14.1560   0.0000   0.0000   0.0000
     169  -4.9795   3.7309  14.6101   0.0000   0.0000   0.0000
     170  -5.6709   2.4995  15.2149   0.0000   0.0000   0.0000
     171  -4.6517   2.8384  14.5891   0.0000   0.0000   0.0000
     172  -3.9639   3.4921  13.5753   0.0000   0.0000   0.0000
     173  -4.5375   3.0115  13.5122   0.0000   0.0000   0.0000
     174  -4.7326   3.9346  13.5236   0.0000   0.0000   0.0000
     175  -4.0428   3.3063  13.7106   0.0000   0.0000   0.0000
     176  -3.9458   3.0144  13.6492   0.0000   0.0000   0.0000
     177  -4.2671   2.8756  13.6308   0.0000   0.0000   0.0000
     178  -4.8052   3.1699  14.0702   0.0000   0.0000   0.0000
     179  -5.3498   2.8600  14.4074   0.0000   0.0000   0.0000
     180  -5.2867   3.2196  15.2849   0.0000   0.0000   0.0000
     181  -4.5732   3.0277  14.7106   0.0000   0.0000   0.0000
     182  -4.3523   3.1260  14.6462   0.0000   0.0000   0.0000
     183  -4.3289   2.9098  13.6360   0.0000   0.0000   0.0000
     184  -3.9973   1.9143  14.1399   0.0000   0.0000   0.0000
     185  -3.5995   2.9593  14.4458   0.0000   0.0000   0.0000
     186  -3.6267   3.1826  14.3012   0.0000   0.0000   0.0000
     187  -3.2524   2.8317  13.8919   0.0000   0.0000   0.0000
     188  -3.9421   2.7866  13.8734   0.0000   0.0000   0.0000
     189  -3.6510   2.9947  13.2238   0.0000   0.0000   0.0000
     190  -4.5148   2.8554  14.1086   0.0000   0.0000   0.0000
     191  -4.6699   2.5080  15.4261   0.0000   0.0000   0.0000
     192  -4.0649   2.6367  14.2305   0.0000   0.0000   0.0000
     193  -4.3080   3.3440  13.8790   0.0000   0.0000   0.0000
     194  -4.3963   2.8042  14.5974   0.0000   0.0000   0.0000
     195  -3.7518   3.4355  14.5085   0.0000   0.0000   0.0000
     196  -3.7526   2.2454  14.2751   0.0000   0.0000   0.0000
     197  -3.6780   2.3589  14.0675   0.0000   0.0000   0.0000
     198  -3.1295   2.2056  14.2829   0.0000   0.0000   0.0000
     199  -3.2918   2.4562  14.4697   0.0000   0.0000   0.0000
     200  -3.6180   2.6542  14.0723   0.0000   0.0000   0.0000
     201  -4.3355   1.7067  14.4727   0.0000   0.0000   0.0000
     202  -3.7656   1.9616  14.7245   0.0000   0.0000   0.0000
     203  -3.4581   1.3419  14.8134   0.0000   0.0000   0.0000
     204  -3.8978   2.3545  15.4143   0.0000   0.0000   0.0000
     205  -4.2217   2.5887  16.1188   0.0000   0.0000   0.0000
     206  -4.1091   3.2091  15.0833   0.0000   0.0000   0.0000
     207  -4.7845   3.0925  14.9418   0.0000   0.0000   0.0000
     208  -4.1338   3.0953  14.1011   0.0000   0.0000   0.0000
     209  -5.3229   3.1302  14.7914   0.0000   0.0000   0.0000
     210  -5.2941   3.2200  14.9412   0.0000   0.0000   0.0000
     211  -5.4569   2.6291  14.8406   0.0000   0.0000   0.0000
     212  -5.1885   2.3214  15.0268   0.0000   0.0000   0.0000
     213  -4.4038   2.9010  14.8912   0.0000   0.0000   0.0000
     214  -4.3566   1.3913  14.9626   0.0000   0.0000   0.0000
     215  -4.5821   2.4215  14.7396   0.0000   0.0000   0.0000
     216  -4.6811   2.2054  15.0942   0.0000   0.0000   0.0000
     217  -4.7455   1.9848  14.9532   0.0000   0.0000   0.0000
     218  -3.7267   1.9194  14.9368   0.0000   0.0000   0.0000
     219  -4.0934   1.3361  15.8251   0.0000   0.0000   0.0000
     220  -4.5723   1.7964  15.7803   0.0000   0.0000   0.0000
     221  -4.2872   2.0685  16.1099   0.0000   0.0000   0.0000
     222  -4.2605   2.5100  16.0184   0.0000   0.0000   0.0000
     223  -3.9507   2.5466  15.9376   0.0000   0.0000   0.0000
     224  -3.9547   3.1574  16.0108   0.0000   0.0000   0.0000
     225  -4.0085   2.3409  15.7774   0.0000   0.0000   0.0000
     226  -4.1649   2.5604  16.0002   0.0000   0.0000   0.0000
     227  -4.3644   3.0334  15.2807   0.0000   0.0000   0.0000
     228  -4.8681   2.9475  15.6586   0.0000   0.0000   0.0000
     229  -4.7210   2.9463  15.7903   0.0000   0.0000   0.0000
     230  -4.1234   4.3678  15.9281   0.0000   0.0000   0.0000
     231  -3.6589   3.2144  15.2329   0.0000   0.0000   0.0000
     232  -3.7639   2.7650  15.6037   0.0000   0.0000   0.0000
     233  -3.5171   2.3687  15.9306   0.0000   0.0000   0.0000
     234  -3.4590   1.8157  15.7617   0.0000   0.0000   0.0000
     235  -3.5220   1.7741  16.3906   0.0000   0.0000   0.0000
     236  -4.2314   1.4770  15.7307   0.0000   0.0000   0.0000
     237  -4.4003   0.9606  15.0952   0.0000   0.0000   0.0000
     238  -4.0914   1.4081  13.9557   0.0000   0.0000   0.0000
     239  -3.3575   1.6456  14.7974   0.0000   0.0000   0.0000
     240  -3.9800   1.4906  15.0869   0.0000   0.0000   0.0000
     241  -3.5363   3.0393  14.5732   0.0000   0.0000   0.0000
     242  -3.8266   2.7594  14.6925   0.0000   0.0000   0.0000
     243  -3.9263   3.6361  14.2301   0.0000   0.0000   0.0000
     244  -3.6746   2.6657  13.6386   0.0000   0.0000   0.0000
     245  -3.6854   2.9520  13.5729   0.0000   0.0000   0.0000
     246  -3.8509   2.1053  13.4447   0.0000   0.0000   0.0000
     247  -3.2336   2.3750  13.8927   0.0000   0.0000   0.0000
     248  -4.0040   2.3250  13.9785   0.0000   0.0000   0.0000
     249  -2.9806   2.5214  13.8996   0.0000   0.0000   0.0000
     250  -3.5342   2.4953  13.8092   0.0000   0.0000   0.0000
     251  -3.9345   2.5959  14.0237   0.0000   0.0000   0.0000
     252  -4.1976   2.7794  14.2764   0.0000   0.0000   0.0000
     253  -3.8482   2.8560  14.0773   0.0000   0.0000   0.0000
     254  -3.7009   3.3454  14.4146   0.0000   0.0000   0.0000
     255  -3.3664   3.5634  14.3145   0.0000   0.0000   0.0000
     256  -3.6200   2.5213  15.0184   0.0000   0.0000   0.0000
     257  -4.5883   2.2902  14.9851   0.0000   0.0000   0.0000
     258  -4.9216   2.8399  14.0438   0.0000   0.0000   0.0000
     259  -4.5255   1.8037  13.7889   0.0000   0.0000   0.0000
     260  -4.6072   2.8864  14.1123   0.0000   0.0000   0.0000
     261  -4.2073   1.6180  13.7263   0.0000   0.0000   0.0000
     262  -4.1536   2.2704  14.2387   0.0000   0.0000   0.0000
     263  -3.7612   2.9808  13.6274   0.0000   0.0000   0.0000
     264  -4.1594   2.1869  13.4018   0.0000   0.0000   0.0000
     265  -4.1364   1.8168  13.7822   0.0000   0.0000   0.0000
     266  -3.8703   2.0629  13.6378   0.0000   0.0000   0.0000
     267  -4.5958   2.7080  14.4577   0.0000   0.0000   0.0000
     268  -4.8171   3.1381  15.1175   0.0000   0.0000   0.0000
     269  -5.3694   2.7496  14.8084   0.0000   0.0000   0.0000
     270  -4.5168   1.9611  14.0890   0.0000   0.0000   0.0000
     271  -4.7752   2.2018  14.6876   0.0000   0.0000   0.0000
     272  -4.9932   2.5678  13.8517   0.0000   0.0000   0.0000
     273  -4.9196   1.8156  13.9823   0.0000   0.0000   0.0000
     274  -4.5650   2.8622  14.2634   0.0000   0.0000   0.0000
     275  -4.5077   1.9660  14.8646   0.0000   0.0000   0.0000
     276  -5.2986   2.0760  15.0222   0.0000   0.0000   0.0000
     277  -5.2318   2.8279  14.5791   0.0000   0.0000   0.0000
     278  -5.7961   2.1469  15.6934   0.0000   0.0000   0.0000
     279  -6.0632   2.6439  15.7194   0.0000   0.0000   0.0000
     280  -6.0526   2.3394  15.6731   0.0000   0.0000   0.0000
     281  -5.9780   2.3224  15.4546   0.0000   0.0000   0.0000
     282  -4.9985   1.4232  15.6434   0.0000   0.0000   0.0000
     283  -5.4211   1.1604  15.5673   0.0000   0.0000   0.0000
     284  -6.1681   1.8203  15.6781   0.0000   0.0000   0.0000
     285  -6.2116   1.6697  15.4492   0.0000   0.0000   0.0000
     286  -5.1502   1.9758  15.0075   0.0000   0.0000   0.0000
     287  -5.7826   1.9165  14.5536   0.0000   0.0000   0.0000
     288  -5.6413   0.7697  15.3379   0.0000   0.0000   0.0000
     289  -5.4772   2.0639  14.6405   0.0000   0.0000   0.0000
     290  -5.1324   2.0350  15.4182   0.0000   0.0000   0.0000
     291  -4.6655   1.8042  14.3186   0.0000   0.0000   0.0000
     292  -5.9136   1.1575  14.9052   0.0000   0.0000   0.0000
     293  -5.6829   1.9395  14.8092   0.0000   0.0000   0.0000
     294  -6.1925   2.0150  15.9559   0.0000   0.0000   0.0000
     295  -5.6367   1.3001  16.2170   0.0000   0.0000   0.0000
     296  -6.0994   1.4241  16.0735   0.0000   0.0000   0.0000
     297  -6.2303   1.8222  16.1697   0.0000   0.0000   0.0000
     298  -5.7158   1.2287  16.3114   0.0000   0.0000   0.0000
     299  -5.7993   1.4378  16.6815   0.0000   0.0000   0.0000
     300  -6.5568   1.6859  15.7698   0.0000   0.0000   0.0000
     301  -6.5313   1.3750  15.5599   0.0000   0.0000   0.0000
     302  -5.6228   1.5236  15.4478   0.0000   0.0000   0.0000
     303  -5.4391   0.9861  15.1476   0.0000   0.0000   0.0000
     304  -5.6005   1.2028  15.2848   0.0000   0.0000   0.0000
     305  -6.3822   2.0282  15.0996   0.0000   0.0000   0.0000
     306  -6.7548   2.4070  15.0382   0.0000   0.0000   0.0000
     307  -5.9171   1.9878  14.7963   0.0000   0.0000   0.0000
     308  -6.0173   1.5693  14.6999   0.0000   0.0000   0.0000
     309  -6.6312   2.8313  14.6072   0.0000   0.0000   0.0000
     310  -5.5173   1.7927  15.3775   0.0000   0.0000   0.0000
     311  -5.3118   1.7079  15.1839   0.0000   0.0000   0.0000
     312  -6.0300   1.9761  15.4760   0.0000   0.0000   0.0000
     313  -4.6582   1.4069  15.3250   0.0000   0.0000   0.0000
     314  -4.8791   1.5658  15.4345   0.0000   0.0000   0.0000
     315  -5.0577   0.6523  15.5085   0.0000   0.0000   0.0000
     316  -5.1116   0.7481  14.6316   0.0000   0.0000   0.0000
     317  -6.3928   1.1468  14.0281   0.0000   0.0000   0.0000
     318  -6.2210   1.4759  14.2575   0.0000   0.0000   0.0000
     319  -6.5874   1.0259  14.2490   0.0000   0.0000   0.0000
     320  -5.2784   0.5347  13.5733   0.0000   0.0000   0.0000
     321  -4.4855  -0.0315  14.0401   0.0000   0.0000   0.0000
     322  -4.5176   0.2571  14.4873   0.0000   0.0000   0.0000
     323  -5.8748  -0.3199  14.1383   0.0000   0.0000   0.0000
     324  -5.2905   0.1231  13.8977   0.0000   0.0000   0.0000
     325  -5.0659  -0.3270  13.7042   0.0000   0.0000   0.0000
     326  -4.9755   0.1243  13.4668   0.0000   0.0000   0.0000
     327  -5.9258  -0.0438  13.5213   0.0000   0.0000   0.0000
     328  -5.1585   0.2056  13.5635   0.0000   0.0000   0.0000
     329  -5.0324  -0.3218  13.8587   0.0000   0.0000   0.0000
     330  -5.1688   0.5578  14.8665   0.0000   0.0000   0.0000
     331  -4.7158   1.2150  14.1551   0.0000   0.0000   0.0000
     332  -4.8267   0.0334  13.8525   0.0000   0.0000   0.0000
     333  -5.6202   0.8263  14.3626   0.0000   0.0000   0.0000
     334  -4.8580   0.7670  14.2922   0.0000   0.0000   0.0000
     335  -5.1533  -0.0933  14.1091   0.0000   0.0000   0.0000
     336  -5.1570  -0.4745  14.9128   0.0000   0.0000   0.0000
     337  -4.8097  -0.0629  14.5358   0.0000   0.0000   0.0000
     338  -4.8172  -0.9104  15.1800   0.0000   0.0000   0.0000
     339  -5.1173  -0.1911  15.3050   0.0000   0.0000   0.0000
     340  -4.4905  -0.0994  15.1695   0.0000   0.0000   0.0000
     341  -5.1663   0.1731  15.6717   0.0000   0.0000   0.0000
     342  -4.6378   0.1709  15.5547   0.0000   0.0000   0.0000
     343  -4.5064   0.5128  15.0299   0.0000   0.0000   0.0000
     344  -4.6622   0.2821  14.9090   0.0000   0.0000   0.0000
     345  -5.0188   0.5665  14.2267   0.0000   0.0000   0.0000
     346  -4.7565   0.4257  14.6247   0.0000   0.0000   0.0000
     347  -4.6725   0.9289  15.3644   0.0000   0.0000   0.0000
     348  -3.9463   0.0422  14.8403   0.0000   0.0000   0.0000
     349  -5.2764   0.3192  14.2471   0.0000   0.0000   0.0000
     350  -4.9481   1.1951  14.1984   0.0000   0.0000   0.0000
     351  -6.3426   0.1625  14.1536   0.0000   0.0000   0.0000
     352  -6.2440   0.4459  13.3637   0.0000   0.0000   0.0000
     353  -5.3959   0.1999  13.9789   0.0000   0.0000   0.0000
     354  -5.6649   0.1470  13.8786   0.0000   0.0000   0.0000
     355  -5.6586   0.3709  13.6467   0.0000   0.0000   0.0000
     356  -4.8410  -0.1612  13.4579   0.0000   0.0000   0.0000
     357  -5.1220   0.8482  13.4166   0.0000   0.0000   0.0000
     358  -6.0374   0.5534  13.2662   0.0000   0.0000   0.0000
     359  -6.1140   0.9933  12.6977   0.0000   0.0000   0.0000
     360  -4.8866   1.1030  12.5615   0.0000   0.0000   0.0000
     361  -5.7048   0.3331  13.1980   0.0000   0.0000   0.0000
     362  -5.5939   0.7289  13.2664   0.0000   0.0000   0.0000
     363  -5.9287   0.9470  13.7133   0.0000   0.0000   0.0000
     364  -6.0550   0.5232  13.7326   0.0000   0.0000   0.0000
     365  -5.2400   0.0173  13.4282   0.0000   0.0000   0.0000
     366  -4.4893   0.2337  12.9761   0.0000   0.0000   0.0000
     367  -4.7081  -0.6321  12.6929   0.0000   0.0000   0.0000
     368  -6.5043   0.2003  12.6342   0.0000   0.0000   0.0000
     369  -5.1691  -0.1534  12.8349   0.0000   0.0000   0.0000
     370  -4.4207   0.6503  13.0253   0.0000   0.0000   0.0000
     371  -4.5379   0.6804  12.8262   0.0000   0.0000   0.0000
     372  -4.9030   0.4818  12.9136   0.0000   0.0000   0.0000
     373  -4.2556   0.4267  12.5470   0.0000   0.0000   0.0000
     374  -4.7727   0.8640  12.2632   0.0000   0.0000   0.0000
     375  -5.5439   0.5540  12.7758   0.0000   0.0000   0.0000
     376  -5.0218   0.5379  12.8863   0.0000   0.0000   0.0000
     377  -5.0735   1.3998  12.2227   0.0000   0.0000   0.0000
     378  -5.2654   0.6486  12.5954   0.0000   0.0000   0.0000
     379  -4.7208  -0.1621  12.8413   0.0000   0.0000   0.0000
     380  -4.6099  -0.0608  13.1329   0.0000   0.0000   0.0000
     381  -4.4995  -0.0366  12.6299   0.0000   0.0000   0.0000
     382  -4.7580  -0.6613  13.2837   0.0000   0.0000   0.0000
     383  -4.6921  -0.0635  12.9634   0.0000   0.0000   0.0000
     384  -4.9984  -0.7791  13.3558   0.0000   0.0000   0.0000
     385  -4.2985  -1.2644  12.5961   0.0000   0.0000   0.0000
     386  -4.2109  -0.2344  11.8444   0.0000   0.0000   0.0000
     387  -5.0311  -0.1950  12.5395   0.0000   0.0000   0.0000
     388  -5.1064  -0.2028  12.6719   0.0000   0.0000   0.0000
     389  -4.3075   0.6351  12.0671   0.0000   0.0000   0.0000
     390  -5.4233   0.5074  12.2658   0.0000   0.0000   0.0000
     391  -5.2410   0.7595  12.6198   0.0000   0.0000   0.0000
     392  -5.0918  -0.2698  12.9381   0.0000   0.0000   0.0000
     393  -4.4504   0.4275  12.2191   0.0000   0.0000   0.0000
     394  -4.4874   0.0373  12.9647   0.0000   0.0000   0.0000
     395  -4.7453  -0.0977  13.0548   0.0000   0.0000   0.0000
     396  -4.0880   0.3909  13.3693   0.0000   0.0000   0.0000
     397  -4.1756  -0.2065  13.5286   0.0000   0.0000   0.0000
     398  -4.1396   0.5580  12.3569   0.0000   0.0000   0.0000
     399  -4.6015  -0.2127  12.7211   0.0000   0.0000   0.0000
     400  -4.8658  -0.8177  12.3976   0.0000   0.0000   0.0000
     401  -5.3173  -1.4184  12.6584   0.0000   0.0000   0.0000
     402  -5.6244  -0.7649  12.8858   0.0000   0.0000   0.0000
     403  -5.7502  -0.7671  12.5334   0.0000   0.0000   0.0000
     404  -5.7138  -0.5772  13.0667   0.0000   0.0000   0.0000
     405  -4.6470  -0.6380  13.0103   0.0000   0.0000   0.0000
     406  -4.6687   0.8686  13.0149   0.0000   0.0000   0.0000
     407  -5.0568   0.7600  12.8686   0.0000   0.0000   0.0000
     408  -4.9012   0.0845  12.8168   0.0000   0.0000   0.0000
     409  -5.3398   0.4724  13.1889   0.0000   0.0000   0.0000
     410  -5.3047  -0.5100  12.6769   0.0000   0.0000   0.0000
     411  -4.3267  -0.7288  12.8929   0.0000   0.0000   0.0000
     412  -4.6313  -1.0630  12.7951   0.0000   0.0000   0.0000
     413  -4.8903  -0.4697  12.5339   0.0000   0.0000   0.0000
     414  -4.7300   0.1354  12.0675   0.0000   0.0000   0.0000
     415  -4.9870  -0.9552  12.8273   0.0000   0.0000   0.0000
     416  -4.9927  -0.5153  13.1297   0.0000   0.0000   0.0000
     417  -5.3451   0.1240  13.0702   0.0000   0.0000   0.0000
     418  -4.8831   1.5687  13.1542   0.0000   0.0000   0.0000
     419  -4.3625   1.3639  13.1164   0.0000   0.0000   0.0000
     420  -4.4615   1.4420  12.2798   0.0000   0.0000   0.0000
     421  -5.6772   1.2981  12.6713   0.0000   0.0000   0.0000
     422  -4.9737   1.9856  12.6808   0.0000   0.0000   0.0000
     423  -4.7580   0.8615  13.2800   0.0000   0.0000   0.0000
     424  -5.2717   1.8026  12.5792   0.0000   0.0000   0.0000
     425  -4.6858   1.2751  12.5627   0.0000   0.0000   0.0000
     426  -4.8633   0.8757  12.2733   0.0000   0.0000   0.0000
     427  -4.7183   1.0760  12.1236   0.0000   0.0000   0.0000
     428  -4.6898   1.5475  11.9137   0.0000   0.0000   0.0000
     429  -4.4030   1.4213  12.0443   0.0000   0.0000   0.0000
     430  -5.0990   1.0270  12.0313   0.0000   0.0000   0.0000
     431  -4.8778   1.1335  11.9677   0.0000   0.0000   0.0000
     432  -4.2734   1.7343  12.4184   0.0000   0.0000   0.0000
     433  -4.8338   1.7321  12.5319   0.0000   0.0000   0.0000
     434  -4.1697   1.8779  11.9249   0.0000   0.0000   0.0000
     435  -5.1222   1.9553  11.5641   0.0000   0.0000   0.0000
     436  -4.6852   2.1375  11.3107   0.0000   0.0000   0.0000
     437  -4.7183   1.6640  10.8446   0.0000   0.0000   0.0000
     438  -4.7257   0.9617  10.7989   0.0000   0.0000   0.0000
     439  -4.5271   1.6216  10.4342   0.0000   0.0000   0.0000
     440  -4.7984   1.6672  10.1531   0.0000   0.0000   0.0000
     441  -5.1457   1.9706  10.3193   0.0000   0.0000   0.0000
     442  -4.8288   1.8759  10.4937   0.0000   0.0000   0.0000
     443  -3.7686   1.9439  10.3175   0.0000   0.0000   0.0000
     444  -3.6788   2.5636  10.4303   0.0000   0.0000   0.0000
     445  -4.1229   2.5664  10.2171   0.0000   0.0000   0.0000
     446  -4.1976   2.1057  10.6427   0.0000   0.0000   0.0000
     447  -4.1416   2.2234  10.4777   0.0000   0.0000   0.0000
     448  -3.6327   2.7952  10.8887   0.0000   0.0000   0.0000
     449  -4.3917   2.3650  10.9270   0.0000   0.0000   0.0000
     450  -4.5553   1.9660  11.0582   0.0000   0.0000   0.0000
     451  -3.8529   1.8045  11.5721   0.0000   0.0000   0.0000
     452  -3.7766   3.3889  11.4139   0.0000   0.0000   0.0000
     453  -5.0475   3.0382  11.4871   0.0000   0.0000   0.0000
     454  -4.8179   3.0750  11.4337   0.0000   0.0000   0.0000
     455  -4.0499   1.8940  10.9650   0.0000   0.0000   0.0000
     456  -4.7849   2.6610  11.2354   0.0000   0.0000   0.0000
     457  -5.4405   2.2756  10.8616   0.0000   0.0000   0.0000
     458  -4.8413   2.4100  11.1072   0.0000   0.0000   0.0000
     459  -5.4497   2.2740  11.1427   0.0000   0.0000   0.0000
     460  -4.8851   1.8760  11.2853   0.0000   0.0000   0.0000
     461  -5.0084   2.6175  10.9479   0.0000   0.0000   0.0000
     462  -4.7048   1.9620  11.5222   0.0000   0.0000   0.0000
     463  -4.6625   1.5359  11.5059   0.0000   0.0000   0.0000
     464  -5.3486   2.5873  12.0357   0.0000   0.0000   0.0000
     465  -3.8398   1.8555  11.9306   0.0000   0.0000   0.0000
     466  -4.5537   1.9554  12.1395   0.0000   0.0000   0.0000
     467  -4.8536   2.2787  11.7935   0.0000   0.0000   0.0000
     468  -4.5203   2.3514  11.6122   0.0000   0.0000   0.0000
     469  -4.2478   1.6073  11.2809   0.0000   0.0000   0.0000
     470  -4.0414   0.8977  11.7269   0.0000   0.0000   0.0000
     471  -3.7176   1.2349  11.1007   0.0000   0.0000   0.0000
     472  -3.9334   1.4431  11.4935   0.0000   0.0000   0.0000
     473  -3.7770   1.8609  11.3639   0.0000   0.0000   0.0000
     474  -4.5716   1.4742  11.6496   0.0000   0.0000   0.0000
     475  -3.8735   1.8408  12.0128   0.0000   0.0000   0.0000
     476  -4.1216   1.9785  12.0391   0.0000   0.0000   0.0000
     477  -4.8144   2.3577  11.9047   0.0000   0.0000   0.0000
     478  -4.2363   2.4462  12.3652   0.0000   0.0000   0.0000
     479  -4.0430   2.0119  12.3600   0.0000   0.0000   0.0000
     480  -4.5806   1.5432  12.5149   0.0000   0.0000   0.0000
     481  -3.7492   1.5691  12.7761   0.0000   0.0000   0.0000
     482  -4.0754   2.0248  13.0514   0.0000   0.0000   0.0000
     483  -4.0180   1.6597  12.8064   0.0000   0.0000   0.0000
     484  -4.2082   2.0814  12.7945   0.0000   0.0000   0.0000
     485  -4.0892   2.0191  12.6002   0.0000   0.0000   0.0000
     486  -4.2644   2.7399  12.7946   0.0000   0.0000   0.0000
     487  -4.0764   2.0060  13.0714   0.0000   0.0000   0.0000
     488  -3.6713   2.1009  12.9122   0.0000   0.0000   0.0000
     489  -4.1523   2.6554  13.0600   0.0000   0.0000   0.0000
     490  -3.5116   2.3030  12.8154   0.0000   0.0000   0.0000
     491  -3.4933   1.9276  12.6706   0.0000   0.0000   0.0000
     492  -3.6207   1.5520  13.2823   0.0000   0.0000   0.0000
     493  -3.6222   2.2845  12.5123   0.0000   0.0000   0.0000
     494  -4.2580   2.0106  12.6518   0.0000   0.0000   0.0000
     495  -4.5197   1.2587  12.6058   0.0000   0.0000   0.0000
     496  -3.8521   1.2299  13.0351   0.0000   0.0000   0.0000
     497  -4.2113   1.8906  13.2149   0.0000   0.0000   0.0000
     498  -4.7280   1.7654  13.2767   0.0000   0.0000   0.0000
     499  -3.8156   1.6659  13.4384   0.0000   0.0000   0.0000
     500  -4.2743   1.4670  13.2413   0.0000   0.0000   0.0000
     501  -4.0259   1.7412  13.4074   0.0000   0.0000   0.0000
     502  -3.2106   1.8150  13.6685   0.0000   0.0000   0.0000
     503  -3.6625   2.4093  13.7433   0.0000   0.0000   0.0000
     504  -4.1456   3.6499  13.2783   0.0000   0.0000   0.0000
     505  -3.8529   3.6135  12.7713   0.0000   0.0000   0.0000
     506  -4.2622   3.7397  13.6092   0.0000   0.0000   0.0000
     507  -3.9679   2.8068  13.7000   0.0000   0.0000   0.0000
     508  -3.3580   3.4917  12.8752   0.0000   0.0000   0.0000
     509  -3.6350   3.5840  13.6409   0.0000   0.0000   0.0000
     510  -3.0076   3.2081  13.1338   0.0000   0.0000   0.0000
     511  -3.7424   3.5218  12.3460   0.0000   0.0000   0.0000
     512  -3.2339   3.4805  12.0284   0.0000   0.0000   0.0000
     513  -3.9199   3.5491  12.8906   0.0000   0.0000   0.0000
     514  -4.0993   3.4869  12.3319   0.0000   0.0000   0.0000
     515  -5.0460   3.5080  12.5439   0.0000   0.0000   0.0000
     516  -4.8414   3.1873  12.0909   0.0000   0.0000   0.0000
     517  -4.5627   3.2063  12.3843   0.0000   0.0000   0.0000
     518  -4.3586   2.9254  12.5940   0.0000   0.0000   0.0000
     519  -4.3647   2.7089  12.1103   0.0000   0.0000   0.0000
     520  -4.4153   3.0706  12.5787   0.0000   0.0000   0.0000
     521  -4.3846   3.3112  12.1392   0.0000   0.0000   0.0000
     522  -3.9988   3.4471  11.7342   0.0000   0.0000   0.0000
     523  -4.0685   2.5951  12.3367   0.0000   0.0000   0.0000
     524  -4.2918   3.2360  12.4580   0.0000   0.0000   0.0000
     525  -4.5742   2.9513  13.2425   0.0000   0.0000   0.0000
     526  -5.2721   3.2390  12.1777   0.0000   0.0000   0.0000
     527  -3.4743   3.5131  12.3792   0.0000   0.0000   0.0000
     528  -4.0022   2.6886  12.1676   0.0000   0.0000   0.0000
     529  -4.6132   2.5690  12.7650   0.0000   0.0000   0.0000
     530  -4.5047   3.0831  11.8323   0.0000   0.0000   0.0000
     531  -4.2535   3.3161  12.7181   0.0000   0.0000   0.0000
     532  -4.3183   2.7018  12.7483   0.0000   0.0000   0.0000
     533  -4.2871   2.8980  12.3158   0.0000   0.0000   0.0000
     534  -4.7605   3.4055  11.8796   0.0000   0.0000   0.0000
     535  -4.3933   3.4136  11.9403   0.0000   0.0000   0.0000
     536  -4.1543   2.8445  12.1801   0.0000   0.0000   0.0000
     537  -4.5727   2.9803  12.3661   0.0000   0.0000   0.0000
     538  -4.7077   3.1471  12.4555   0.0000   0.0000   0.0000
     539  -4.7395   2.7611  12.0317   0.0000   0.0000   0.0000
     540  -4.5307   3.2904  11.8986   0.0000   0.0000   0.0000
     541  -5.4853   3.2517  12.1595   0.0000   0.0000   0.0000
     542  -5.3924   2.6997  11.7204   0.0000   0.0000   0.0000
     543  -5.3838   3.4060  12.1682   0.0000   0.0000   0.0000
     544  -5.4821   3.3349  11.5260   0.0000   0.0000   0.0000
     545  -4.3689   2.4674  11.7120   0.0000   0.0000   0.0000
     546  -4.4896   3.0401  11.9872   0.0000   0.0000   0.0000
     547  -3.7250   3.5044  11.6380   0.0000   0.0000   0.0000
     548  -4.4618   3.1433  11.9714   0.0000   0.0000   0.0000
     549  -4.1734   3.1743  12.4244   0.0000   0.0000   0.0000
     550  -4.1936   3.2231  11.7064   0.0000   0.0000   0.0000
     551  -4.0460   3.3705  11.1445   0.0000   0.0000   0.0000
     552  -4.9375   3.1668  11.4033   0.0000   0.0000   0.0000
     553  -4.3691   3.7307  11.2175   0.0000   0.0000   0.0000
     554  -4.5813   2.3357  10.6128   0.0000   0.0000   0.0000
     555  -3.9063   2.8518  11.2069   0.0000   0.0000   0.0000
     556  -4.7636   2.7654  11.2027   0.0000   0.0000   0.0000
     557  -4.1643   3.8115  11.7795   0.0000   0.0000   0.0000
     558  -4.1111   3.5619  11.3388   0.0000   0.0000   0.0000
     559  -3.2880   3.7459  11.6288   0.0000   0.0000   0.0000
     560  -4.4626   3.8698  11.6392   0.0000   0.0000   0.0000
     561  -4.0282   3.4622  10.9550   0.0000   0.0000   0.0000
     562  -4.2677   4.1906  11.3403   0.0000   0.0000   0.0000
     563  -4.3092   4.5173  11.6061   0.0000   0.0000   0.0000
     564  -3.7251   4.0246  11.4038   0.0000   0.0000   0.0000
     565  -3.9107   3.6987  11.6767   0.0000   0.0000   0.0000
     566  -3.9463   3.8726  10.8834   0.0000   0.0000   0.0000
     567  -3.5792   4.1330  11.9717   0.0000   0.0000   0.0000
     568  -3.9598   4.1252  12.3004   0.0000   0.0000   0.0000
     569  -3.9202   4.4099  12.2929   0.0000   0.0000   0.0000
     570  -3.7952   4.4777  12.8262   0.0000   0.0000   0.0000
     571  -3.2927   3.7783  12.2794   0.0000   0.0000   0.0000
     572  -3.6118   3.8934  11.9486   0.0000   0.0000   0.0000
     573  -3.0704   4.2573  11.9055   0.0000   0.0000   0.0000
     574  -2.6572   2.7498  12.0377   0.0000   0.0000   0.0000
     575  -3.6569   2.0797  12.2455   0.0000   0.0000   0.0000
     576  -3.1523   2.8418  11.7063   0.0000   0.0000   0.0000
     577  -2.9638   2.5842  12.9841   0.0000   0.0000   0.0000
     578  -3.7921   2.4146  11.7412   0.0000   0.0000   0.0000
     579  -3.9127   2.9870  11.9101   0.0000   0.0000   0.0000
     580  -3.2118   2.5102  12.4433   0.0000   0.0000   0.0000
     581  -2.7876   2.0119  12.7327   0.0000   0.0000   0.0000
     582  -3.2935   2.0545  12.4618   0.0000   0.0000   0.0000
     583  -3.1010   2.9050  13.2554   0.0000   0.0000   0.0000
     584  -3.1786   3.1467  12.4570   0.0000   0.0000   0.0000
     585  -2.5922   4.0030  12.5196   0.0000   0.0000   0.0000
     586  -2.7597   2.1452  11.5707   0.0000   0.0000   0.0000
     587  -3.4800   2.9576  11.3712   0.0000   0.0000   0.0000
     588  -2.9886   4.3845  12.0803   0.0000   0.0000   0.0000
     589  -3.1231   3.6140  11.4644   0.0000   0.0000   0.0000
     590  -3.6223   3.2211  12.2856   0.0000   0.0000   0.0000
     591  -3.7343   2.8340  12.2737   0.0000   0.0000   0.0000
     592  -3.5766   2.8778  12.2309   0.0000   0.0000   0.0000
     593  -3.4481   3.2156  13.1345   0.0000   0.0000   0.0000
     594  -4.0379   3.7859  12.3442   0.0000   0.0000   0.0000
     595  -4.7983   2.9057  12.5998   0.0000   0.0000   0.0000
     596  -3.6543   3.4982  11.9881   0.0000   0.0000   0.0000
     597  -4.3373   3.5472  12.6712   0.0000   0.0000   0.0000
     598  -3.9502   4.1375  12.4531   0.0000   0.0000   0.0000
     599  -3.7760   3.8171  12.3765   0.0000   0.0000   0.0000
     600  -3.5565   4.5079  12.9768   0.0000   0.0000   0.0000
     601  -4.1534   3.5087  13.4829   0.0000   0.0000   0.0000
     602  -3.3195   3.4959  12.9306   0.0000   0.0000   0.0000
     603  -3.4377   3.1101  12.7241   0.0000   0.0000   0.0000
     604  -4.2708   3.6995  11.9940   0.0000   0.0000   0.0000
     605  -4.3369   3.3587  12.7398   0.0000   0.0000   0.0000
     606  -4.0242   2.8422  12.6293   0.0000   0.0000   0.0000
     607  -3.7778   3.1338  12.6652   0.0000   0.0000   0.0000
     608  -3.8290   2.7781  12.7755   0.0000   0.0000   0.0000
     609  -3.7478   3.2701  12.2825   0.0000   0.0000   0.0000
     610  -4.4904   3.9919  12.7011   0.0000   0.0000   0.0000
     611  -4.6244   2.9391  12.6357   0.0000   0.0000   0.0000
     612  -4.8834   4.0167  12.1148   0.0000   0.0000   0.0000
     613  -4.7906   4.1630  12.5439   0.0000   0.0000   0.0000
     614  -4.5789   3.6160  12.8121   0.0000   0.0000   0.0000
     615  -5.1352   3.2635  12.8404   0.0000   0.0000   0.0000
     616  -4.9376   2.6955  12.5890   0.0000   0.0000   0.0000
     617  -4.9454   3.4216  12.7606   0.0000   0.0000   0.0000
     618  -4.0769   3.1281  13.0695   0.0000   0.0000   0.0000
     619  -4.0192   3.1150  12.8058   0.0000   0.0000   0.0000
     620  -4.1830   4.2372  12.5774   0.0000   0.0000   0.0000
     621  -3.8992   4.5093  13.3414   0.0000   0.0000   0.0000
     622  -4.1377   4.9460  12.7236   0.0000   0.0000   0.0000
     623  -3.6558   3.5833  12.8314   0.0000   0.0000   0.0000
     624  -3.9614   2.5256  12.7873   0.0000   0.0000   0.0000
     625  -4.5559   3.2117  12.7515   0.0000   0.0000   0.0000
     626  -3.3542   2.6505  13.0072   0.0000   0.0000   0.0000
     627  -3.7127   3.8146  12.8618   0.0000   0.0000   0.0000
     628  -3.4455   2.6358  13.2384   0.0000   0.0000   0.0000
     629  -3.1437   3.6825  13.4330   0.0000   0.0000   0.0000
     630  -3.7104   4.0547  13.8150   0.0000   0.0000   0.0000
     631  -3.9467   4.6273  13.9024   0.0000   0.0000   0.0000
     632  -3.6730   5.3236  13.3416   0.0000   0.0000   0.0000
     633  -3.4148   4.8066  14.0117   0.0000   0.0000   0.0000
     634  -3.4770   4.9954  13.3415   0.0000   0.0000   0.0000
     635  -4.1183   5.2109  13.4875   0.0000   0.0000   0.0000
     636  -3.6888   5.3002  14.0890   0.0000   0.0000   0.0000
     637  -3.2362   4.5868  13.9823   0.0000   0.0000   0.0000
     638  -3.6502   4.0658  14.3737   0.0000   0.0000   0.0000
     639  -3.2009   3.9736  14.2934   0.0000   0.0000   0.0000
     640  -3.9416   4.0137  14.0568   0.0000   0.0000   0.0000
     641  -3.3605   3.5210  13.5288   0.0000   0.0000   0.0000
     642  -2.4974   3.7451  14.6109   0.0000   0.0000   0.0000
     643  -3.3473   3.4877  13.9039   0.0000   0.0000   0.0000
     644  -3.2340   3.2870  13.8355   0.0000   0.0000   0.0000
     645  -3.4362   3.0673  14.7444   0.0000   0.0000   0.0000
     646  -3.5575   3.1227  13.7401   0.0000   0.0000   0.0000
     647  -3.2274   2.8320  14.3885   0.0000   0.0000   0.0000
     648  -2.6364   3.3162  14.2776   0.0000   0.0000   0.0000
     649  -2.6191   3.2990  13.8688   0.0000   0.0000   0.0000
     650  -2.8712   3.4972  13.5534   0.0000   0.0000   0.0000
     651  -3.6447   3.8406  14.2908   0.0000   0.0000   0.0000
     652  -2.6482   3.2200  13.9885   0.0000   0.0000   0.0000
     653  -3.2448   3.7107  14.1459   0.0000   0.0000   0.0000
     654  -3.4698   4.6081  13.5772   0.0000   0.0000   0.0000
     655  -3.1056   3.6226  13.9021   0.0000   0.0000   0.0000
     656  -2.9109   3.5786  14.0866   0.0000   0.0000   0.0000
     657  -3.3827   4.4736  13.2438   0.0000   0.0000   0.0000
     658  -3.5316   3.9832  14.0861   0.0000   0.0000   0.0000
     659  -3.5371   3.9183  13.5339   0.0000   0.0000   0.0000
     660  -3.0687   2.9417  13.2372   0.0000   0.0000   0.0000
     661  -3.4301   3.1039  12.8386   0.0000   0.0000   0.0000
     662  -3.6242   2.5794  12.6882   0.0000   0.0000   0.0000
     663  -3.2536   3.5184  13.4691   0.0000   0.0000   0.0000
     664  -3.6037   2.8627  13.2704   0.0000   0.0000   0.0000
     665  -3.6166   3.0572  13.0945   0.0000   0.0000   0.0000
     666  -2.8746   2.7272  13.1898   0.0000   0.0000   0.0000
     667  -3.7173   3.2578  12.7071   0.0000   0.0000   0.0000
     668  -2.5933   3.3817  12.0306   0.0000   0.0000   0.0000
     669  -2.6069   2.6079  12.2415   0.0000   0.0000   0.0000
     670  -2.2085   2.3402  12.1818   0.0000   0.0000   0.0000
     671  -3.5052   2.7139  11.3039   0.0000   0.0000   0.0000
     672  -3.1542   2.8726  11.7870   0.0000   0.0000   0.0000
     673  -2.9357   2.6563  11.0136   0.0000   0.0000   0.0000
     674  -2.8124   2.7887  11.1739   0.0000   0.0000   0.0000
     675  -3.8923   2.5360  11.5411   0.0000   0.0000   0.0000
     676  -3.5474   3.4063  12.1121   0.0000   0.0000   0.0000
     677  -3.0145   3.0104  12.0397   0.0000   0.0000   0.0000
     678  -3.4991   2.6721  11.9824   0.0000   0.0000   0.0000
     679  -3.7418   2.4244  12.1895   0.0000   0.0000   0.0000
     680  -3.2041   2.2732  12.6725   0.0000   0.0000   0.0000
     681  -3.3440   2.1017  12.5066   0.0000   0.0000   0.0000
     682  -3.2758   2.7463  13.0868   0.0000   0.0000   0.0000
     683  -3.2821   2.9502  12.3879   0.0000   0.0000   0.0000
     684  -3.4177   2.2200  12.8249   0.0000   0.0000   0.0000
     685  -4.0674   2.8054  13.1080   0.0000   0.0000   0.0000
     686  -4.1637   2.7556  12.6239   0.0000   0.0000   0.0000
     687  -3.9567   2.4729  12.7043   0.0000   0.0000   0.0000
     688  -3.0263   2.9063  12.3080   0.0000   0.0000   0.0000
     689  -4.1156   2.6700  12.8357   0.0000   0.0000   0.0000
     690  -3.9873   3.0088  13.1525   0.0000   0.0000   0.0000
     691  -4.1893   2.9719  13.3572   0.0000   0.0000   0.0000
     692  -3.6560   3.4969  13.4206   0.0000   0.0000   0.0000
     693  -4.1545   3.0963  13.5023   0.0000   0.0000   0.0000
     694  -4.0699   4.0371  13.2525   0.0000   0.0000   0.0000
     695  -4.3389   3.5310  13.1208   0.0000   0.0000   0.0000
     696  -3.8404   2.9851  13.2678   0.0000   0.0000   0.0000
     697  -4.2959   3.8941  13.4618   0.0000   0.0000   0.0000
     698  -4.4362   3.9330  12.7963   0.0000   0.0000   0.0000
     699  -4.6506   3.1493  13.1912   0.0000   0.0000   0.0000
     700  -4.4380   2.5267  12.9202   0.0000   0.0000   0.0000
     701  -4.4903   3.5788  12.5131   0.0000   0.0000   0.0000
     702  -4.5000   3.2304  11.4308   0.0000   0.0000   0.0000
     703  -4.2717   3.5092  11.7066   0.0000   0.0000   0.0000
     704  -3.3690   3.9901  11.8143   0.0000   0.0000   0.0000
     705  -3.6382   2.9545  12.0742   0.0000   0.0000   0.0000
     706  -3.0177   3.4604  11.2650   0.0000   0.0000   0.0000
     707  -3.7098   3.2103  11.6558   0.0000   0.0000   0.0000
     708  -3.1386   2.8607  11.8152   0.0000   0.0000   0.0000
     709  -3.6784   3.0262  11.2517   0.0000   0.0000   0.0000
     710  -3.9650   3.1631  11.7730   0.0000   0.0000   0.0000
     711  -4.0320   2.7623  11.0400   0.0000   0.0000   0.0000
     712  -4.1034   2.7207  10.9243   0.0000   0.0000   0.0000
     713  -3.5701   2.6092  10.7036   0.0000   0.0000   0.0000
     714  -3.7400   2.9452  11.0926   0.0000   0.0000   0.0000
     715  -4.5739   3.2098  10.6857   0.0000   0.0000   0.0000
     716  -4.3919   3.0796  11.2947   0.0000   0.0000   0.0000
     717  -4.4290   2.5131  11.3565   0.0000   0.0000   0.0000
     718  -5.3245   3.2121  11.2206   0.0000   0.0000   0.0000
     719  -3.9846   2.5847  11.0434   0.0000   0.0000   0.0000
     720  -4.4485   2.6408  11.3546   0.0000   0.0000   0.0000
     721  -3.8583   2.8397  10.9759   0.0000   0.0000   0.0000
     722  -3.7916   3.0816  10.4469   0.0000   0.0000   0.0000
     723  -3.3391   2.8037  11.1305   0.0000   0.0000   0.0000
     724  -4.1566   3.4508  11.3185   0.0000   0.0000   0.0000
     725  -4.1106   3.7560  11.2430   0.0000   0.0000   0.0000
     726  -3.0257   3.8479  11.3820   0.0000   0.0000   0.0000
     727  -3.9516   2.5539  11.9079   0.0000   0.0000   0.0000
     728  -3.6700   3.4680  12.2064   0.0000   0.0000   0.0000
     729  -3.2348   3.1421  11.8396   0.0000   0.0000   0.0000
     730  -3.5045   3.9815  11.1457   0.0000   0.0000   0.0000
     731  -3.4355   3.4824  11.4999   0.0000   0.0000   0.0000
     732  -3.9019   4.3400  12.1974   0.0000   0.0000   0.0000
     733  -4.2044   3.7776  11.5988   0.0000   0.0000   0.0000
     734  -3.3902   3.1042  11.9516   0.0000   0.0000   0.0000
     735  -4.0154   3.5005  11.6540   0.0000   0.0000   0.0000
     736  -3.7371   3.9205  11.8706   0.0000   0.0000   0.0000
     737  -3.7090   4.2013  12.2674   0.0000   0.0000   0.0000
     738  -4.7156   3.7011  12.0357   0.0000   0.0000   0.0000
     739  -3.8422   3.6137  12.5185   0.0000   0.0000   0.0000
     740  -2.9684   4.1500  12.2920   0.0000   0.0000   0.0000
     741  -3.4319   3.5320  12.3713   0.0000   0.0000   0.0000
     742  -3.7555   3.0574  12.5419   0.0000   0.0000   0.0000
     743  -3.4230   3.2834  12.5734   0.0000   0.0000   0.0000
     744  -2.7377   2.9232  12.8823   0.0000   0.0000   0.0000
     745  -3.2535   3.2803  12.0783   0.0000   0.0000   0.0000
     746  -3.1140   2.5729  12.8222   0.0000   0.0000   0.0000
     747  -2.9418   3.0973  12.3760   0.0000   0.0000   0.0000
     748  -2.7098   2.7069  12.4218   0.0000   0.0000   0.0000
     749  -2.5655   2.6677  13.0935   0.0000   0.0000   0.0000
     750  -3.0828   2.0257  12.9217   0.0000   0.0000   0.0000
     751  -3.7379   2.9405  12.9060   0.0000   0.0000   0.0000
     752  -3.1088   3.5239  13.3989   0.0000   0.0000   0.0000
     753  -3.1883   3.0141  13.3878   0.0000   0.0000   0.0000
     754  -2.9174   3.1977  13.4471   0.0000   0.0000   0.0000
     755  -3.4279   4.2187  13.5161   0.0000   0.0000   0.0000
     756  -3.3324   3.4980  13.2035   0.0000   0.0000   0.0000
     757  -3.3593   4.0740  12.6606   0.0000   0.0000   0.0000
     758  -3.6605   3.4919  12.7761   0.0000   0.0000   0.0000
     759  -4.6559   3.4053  12.6669   0.0000   0.0000   0.0000
     760  -3.6573   3.3723  12.3351   0.0000   0.0000   0.0000
     761  -3.4856   3.0614  12.5715   0.0000   0.0000   0.0000
     762  -3.3109   2.7287  11.9929   0.0000   0.0000   0.0000
     763  -3.7132   2.6312  12.3701   0.0000   0.0000   0.0000
     764  -3.7041   2.6883  12.8751   0.0000   0.0000   0.0000
     765  -3.7794   4.0309  12.6566   0.0000   0.0000   0.0000
     766  -3.7233   3.3887  12.2807   0.0000   0.0000   0.0000
     767  -3.2187   3.2257  12.6719   0.0000   0.0000   0.0000
     768  -4.0242   3.1234  13.2102   0.0000   0.0000   0.0000
     769  -3.8947   2.5122  12.3496   0.0000   0.0000   0.0000
     770  -4.0777   2.5752  12.6955   0.0000   0.0000   0.0000
     771  -3.8271   2.1894  13.0010   0.0000   0.0000   0.0000
     772  -3.6369   2.6394  12.8857   0.0000   0.0000   0.0000
     773  -3.6432   2.1022  13.1694   0.0000   0.0000   0.0000
     774  -3.9023   2.0660  12.5129   0.0000   0.0000   0.0000
     775  -3.5004   2.4808  12.7339   0.0000   0.0000   0.0000
     776  -3.8274   2.9099  12.7691   0.0000   0.0000   0.0000
     777  -4.6594   2.1772  12.3214   0.0000   0.0000   0.0000
     778  -4.3893   2.9558  12.9009   0.0000   0.0000   0.0000
     779  -3.7879   2.3051  12.2662   0.0000   0.0000   0.0000
     780  -3.9100   2.4851  12.1227   0.0000   0.0000   0.0000
     781  -3.9391   2.7406  12.8699   0.0000   0.0000   0.0000
     782  -4.4430   2.3292  12.6085   0.0000   0.0000   0.0000
     783  -4.7208   2.9729  11.8754   0.0000   0.0000   0.0000
     784  -4.2373   1.9220  12.7623   0.0000   0.0000   0.0000
     785  -4.6271   2.1721  12.7943   0.0000   0.0000   0.0000
     786  -4.5266   2.3924  11.9783   0.0000   0.0000   0.0000
     787  -4.5284   1.9844  12.9874   0.0000   0.0000   0.0000
     788  -4.1523   2.0025  13.2125   0.0000   0.0000   0.0000
     789  -4.0994   1.4313  13.3796   0.0000   0.0000   0.0000
     790  -4.1238   1.6871  12.7142   0.0000   0.0000   0.0000
     791  -4.2275   1.4562  13.2411   0.0000   0.0000   0.0000
     792  -4.8238   2.2199  13.5485   0.0000   0.0000   0.0000
     793  -3.5626   1.1443  13.8636   0.0000   0.0000   0.0000
     794  -3.1800   1.4967  13.4314   0.0000   0.0000   0.0000
     795  -2.8661   1.4340  13.9283   0.0000   0.0000   0.0000
     796  -3.2023   1.2124  13.2892   0.0000   0.0000   0.0000
     797  -2.8558   1.7287  13.6330   0.0000   0.0000   0.0000
     798  -2.7303   2.7471  14.0367   0.0000   0.0000   0.0000
     799  -3.8193   2.2354  14.6377   0.0000   0.0000   0.0000
     800  -3.0086   2.5236  13.7659   0.0000   0.0000   0.0000
     801  -2.6462   2.6694  13.1749   0.0000   0.0000   0.0000
     802  -2.8790   2.3415  13.9330   0.0000   0.0000   0.0000
     803  -3.2956   1.9755  14.0360   0.0000   0.0000   0.0000
     804  -3.4033   2.1868  13.5919   0.0000   0.0000   0.0000
     805  -3.6049   1.9145  13.9446   0.0000   0.0000   0.0000
     806  -2.8486   1.3660  13.2715   0.0000   0.0000   0.0000
     807  -3.9577   3.1533  13.3967   0.0000   0.0000   0.0000
     808  -3.6456   2.2373  13.6716   0.0000   0.0000   0.0000
     809  -3.5915   1.4931  13.5765   0.0000   0.0000   0.0000
     810  -3.0377   2.4839  13.2726   0.0000   0.0000   0.0000
     811  -3.7256   1.7944  13.4673   0.0000   0.0000   0.0000
     812  -3.3943   1.9912  12.9606   0.0000   0.0000   0.0000
     813  -3.2586   2.7624  13.6636   0.0000   0.0000   0.0000
     814  -3.4593   1.7652  14.3111   0.0000   0.0000   0.0000
     815  -3.6386   2.4812  13.1188   0.0000   0.0000   0.0000
     816  -3.7285   2.6777  13.3071   0.0000   0.0000   0.0000
     817  -2.8979   2.7539  13.9769   0.0000   0.0000   0.0000
     818  -4.1991   2.2611  12.8557   0.0000   0.0000   0.0000
     819  -3.7660   2.4273  13.0504   0.0000   0.0000   0.0000
     820  -3.7211   2.5295  13.3582   0.0000   0.0000   0.0000
     821  -3.1970   2.4866  13.4142   0.0000   0.0000   0.0000
     822  -3.2804   2.4892  13.1613   0.0000   0.0000   0.0000
     823  -3.7815   1.6936  12.9922   0.0000   0.0000   0.0000
     824  -3.6982   2.5296  12.0142   0.0000   0.0000   0.0000
     825  -3.8591   2.1984  13.2931   0.0000   0.0000   0.0000
     826  -3.4820   2.8744  13.6523   0.0000   0.0000   0.0000
     827  -3.1930   3.2731  13.2932   0.0000   0.0000   0.0000
     828  -2.8120   2.1180  13.7444   0.0000   0.0000   0.0000
     829  -3.7758   2.5202  13.4911   0.0000   0.0000   0.0000
     830  -2.9243   2.2625  13.9093   0.0000   0.0000   0.0000
     831  -4.0261   1.6317  13.4058   0.0000   0.0000   0.0000
     832  -3.5010   1.2201  13.4419   0.0000   0.0000   0.0000
     833  -3.2816   1.6957  13.0449   0.0000   0.0000   0.0000
     834  -3.5253   2.3382  13.5505   0.0000   0.0000   0.0000
     835  -3.6024   1.1069  14.0866   0.0000   0.0000   0.0000
     836  -2.9665   1.9689  14.1394   0.0000   0.0000   0.0000
     837  -3.7245   1.1236  13.1182   0.0000   0.0000   0.0000
     838  -3.0227   1.7481  12.9783   0.0000   0.0000   0.0000
     839  -4.1088   2.4046  12.9020   0.0000   0.0000   0.0000
     840  -4.8498   3.0831  13.2711   0.0000   0.0000   0.0000
     841  -3.6954   1.7083  13.4466   0.0000   0.0000   0.0000
     842  -3.1836   1.5077  13.4683   0.0000   0.0000   0.0000
     843  -2.2711   1.9490  13.4315   0.0000   0.0000   0.0000
     844  -2.5760   1.4762  13.7260   0.0000   0.0000   0.0000
     845  -2.8161   2.3627  13.2357   0.0000   0.0000   0.0000
     846  -3.7514   2.3148  12.9482   0.0000   0.0000   0.0000
     847  -3.1185   2.2770  13.9634   0.0000   0.0000   0.0000
     848  -3.2689   2.5048  13.1034   0.0000   0.0000   0.0000
     849  -3.0713   1.7601  13.5591   0.0000   0.0000   0.0000
     850  -3.4732   1.9764  12.9804   0.0000   0.0000   0.0000
     851  -3.2797   2.0980  13.1288   0.0000   0.0000   0.0000
     852  -3.6164   2.2083  12.7331   0.0000   0.0000   0.0000
     853  -3.3554   1.4594  12.4391   0.0000   0.0000   0.0000
     854  -3.7488   1.3428  12.2208   0.0000   0.0000   0.0000
     855  -3.3815   1.3196  12.4878   0.0000   0.0000   0.0000
     856  -3.9885   1.2921  12.0587   0.0000   0.0000   0.0000
     857  -3.4576   1.5083  12.5719   0.0000   0.0000   0.0000
     858  -3.0481   1.0772  12.1195   0.0000   0.0000   0.0000
     859  -3.3489   0.8100  12.5326   0.0000   0.0000   0.0000
     860  -3.6317   1.3107  12.7526   0.0000   0.0000   0.0000
     861  -2.7291   1.2701  12.5348   0.0000   0.0000   0.0000
     862  -3.2311   1.2136  12.7397   0.0000   0.0000   0.0000
     863  -3.1252   1.8378  13.0877   0.0000   0.0000   0.0000
     864  -3.2672   1.1085  13.5871   0.0000   0.0000   0.0000
     865  -3.3133  -0.0127  13.5669   0.0000   0.0000   0.0000
     866  -2.5851   0.5089  13.6864   0.0000   0.0000   0.0000
     867  -3.4868   0.5587  14.2233   0.0000   0.0000   0.0000
     868  -3.6232   0.2182  13.6644   0.0000   0.0000   0.0000
     869  -3.0323   0.2709  13.9001   0.0000   0.0000   0.0000
     870  -3.2024   1.1096  12.8370   0.0000   0.0000   0.0000
     871  -2.3991   0.6212  13.5160   0.0000   0.0000   0.0000
     872  -3.0290   0.5129  13.0699   0.0000   0.0000   0.0000
     873  -3.5192   0.7816  13.6662   0.0000   0.0000   0.0000
     874  -3.4989   1.1504  13.2218   0.0000   0.0000   0.0000
     875  -2.7295   1.0971  12.9952   0.0000   0.0000   0.0000
     876  -2.7861   1.5751  12.6198   0.0000   0.0000   0.0000
     877  -2.5327   0.7871  13.5419   0.0000   0.0000   0.0000
     878  -2.4072   1.2666  12.4579   0.0000   0.0000   0.0000
     879  -2.7455   1.0392  13.0414   0.0000   0.0000   0.0000
     880  -2.4138   1.0182  12.8464   0.0000   0.0000   0.0000
     881  -2.7382   1.0115  13.1443   0.0000   0.0000   0.0000
     882  -2.9335   1.2567  11.8048   0.0000   0.0000   0.0000
     883  -2.2418   1.5090  12.4487   0.0000   0.0000   0.0000
     884  -2.3199   1.5194  12.4746   0.0000   0.0000   0.0000
     885  -2.3717   1.6548  12.5795   0.0000   0.0000   0.0000
     886  -3.0957   1.6083  12.3529   0.0000   0.0000   0.0000
     887  -3.3956   0.7950  12.3168   0.0000   0.0000   0.0000
     888  -3.3730   0.8905  12.9285   0.0000   0.0000   0.0000
     889  -3.8471   1.0071  12.1431   0.0000   0.0000   0.0000
     890  -2.1130   1.1395  12.1702   0.0000   0.0000   0.0000
     891  -3.4674   0.5635  12.5811   0.0000   0.0000   0.0000
     892  -4.0015   0.5340  11.9442   0.0000   0.0000   0.0000
     893  -3.3451   0.8890  12.1357   0.0000   0.0000   0.0000
     894  -3.5806   0.4825  12.5555   0.0000   0.0000   0.0000
     895  -3.0293   0.8060  12.1133   0.0000   0.0000   0.0000
     896  -3.4540   0.5116  12.3156   0.0000   0.0000   0.0000
     897  -2.8934   1.0249  13.3047   0.0000   0.0000   0.0000
     898  -4.2988   1.1753  12.9917   0.0000   0.0000   0.0000
     899  -3.9183   1.1173  12.2633   0.0000   0.0000   0.0000
     900  -3.5284   1.1526  13.1078   0.0000   0.0000   0.0000
     901  -3.5783   0.6806  12.9694   0.0000   0.0000   0.0000
     902  -2.7967   0.8203  13.4002   0.0000   0.0000   0.0000
     903  -3.6025   0.7369  13.0977   0.0000   0.0000   0.0000
     904  -4.5447   0.0446  13.6633   0.0000   0.0000   0.0000
     905  -3.0518   0.9235  13.3496   0.0000   0.0000   0.0000
     906  -4.1932   0.7827  13.2870   0.0000   0.0000   0.0000
     907  -2.7537   0.8799  13.1934   0.0000   0.0000   0.0000
     908  -3.0509   0.8718  13.2960   0.0000   0.0000   0.0000
     909  -3.8713   1.1295  14.0285   0.0000   0.0000   0.0000
     910  -2.7446   1.3274  13.5767   0.0000   0.0000   0.0000
     911  -2.4756   1.6723  13.5426   0.0000   0.0000   0.0000
     912  -2.2619   2.2915  13.7188   0.0000   0.0000   0.0000
     913  -3.1562   1.9855  13.8340   0.0000   0.0000   0.0000
     914  -2.2221   1.3042  13.8130   0.0000   0.0000   0.0000
     915  -1.4150   0.6514  14.0677   0.0000   0.0000   0.0000
     916  -1.9359   0.8466  14.4889   0.0000   0.0000   0.0000
     917  -2.4006   1.3308  14.3433   0.0000   0.0000   0.0000
     918  -2.7066   0.5029  13.5191   0.0000   0.0000   0.0000
     919  -2.5342   0.0420  13.4580   0.0000   0.0000   0.0000
     920  -2.2951  -0.0402  13.4941   0.0000   0.0000   0.0000
     921  -2.0978   0.6932  13.5835   0.0000   0.0000   0.0000
     922  -2.2850   0.5661  13.6391   0.0000   0.0000   0.0000
     923  -1.8711   0.6980  14.0410   0.0000   0.0000   0.0000
     924  -1.9456   1.0808  13.9048   0.0000   0.0000   0.0000
     925  -2.1867   0.9198  14.0321   0.0000   0.0000   0.0000
     926  -2.7156   1.3404  13.4564   0.0000   0.0000   0.0000
     927  -2.4742   0.5950  13.3629   0.0000   0.0000   0.0000
     928  -1.9210   0.6672  13.5618   0.0000   0.0000   0.0000
     929  -1.9710   1.1414  14.1335   0.0000   0.0000   0.0000
     930  -3.3460   1.9552  13.5093   0.0000   0.0000   0.0000
     931  -2.7049   1.9616  13.9347   0.0000   0.0000   0.0000
     932  -2.7298   1.5146  13.7263   0.0000   0.0000   0.0000
     933  -3.4363   1.8407  13.4217   0.0000   0.0000   0.0000
     934  -4.0161   1.2714  13.9586   0.0000   0.0000   0.0000
     935  -3.9080   1.6016  13.8079   0.0000   0.0000   0.0000
     936  -3.3428   1.8222  13.7373   0.0000   0.0000   0.0000
     937  -3.5977   1.8712  14.2528   0.0000   0.0000   0.0000
     938  -3.1634   0.8749  14.1526   0.0000   0.0000   0.0000
     939  -3.9174   1.2334  14.4032   0.0000   0.0000   0.0000
     940  -3.6394   1.3247  14.4050   0.0000   0.0000   0.0000
     941  -3.9611   1.6420  14.9205   0.0000   0.0000   0.0000
     942  -3.9428   1.3049  15.1286   0.0000   0.0000   0.0000
     943  -4.1755   1.1698  15.1454   0.0000   0.0000   0.0000
     944  -3.9083   1.2660  14.5308   0.0000   0.0000   0.0000
     945  -3.3144   1.7337  14.1902   0.0000   0.0000   0.0000
     946  -3.6353   1.2312  14.0714   0.0000   0.0000   0.0000
     947  -3.5298   0.4353  14.2156   0.0000   0.0000   0.0000
     948  -3.7803   0.6854  14.6937   0.0000   0.0000   0.0000
     949  -3.6524   1.6430  14.3839   0.0000   0.0000   0.0000
     950  -3.2848  -0.0100  14.0787   0.0000   0.0000   0.0000
     951  -3.3344   0.4436  13.7986   0.0000   0.0000   0.0000
     952  -3.8655   1.4670  13.6774   0.0000   0.0000   0.0000
     953  -3.0267   1.2800  14.2972   0.0000   0.0000   0.0000
     954  -3.6653   1.9120  14.0850   0.0000   0.0000   0.0000
     955  -3.8554   1.0268  14.5087   0.0000   0.0000   0.0000
     956  -3.6274   1.2376  15.2816   0.0000   0.0000   0.0000
     957  -3.8238   1.6156  14.6187   0.0000   0.0000   0.0000
     958  -3.3317   0.8154  14.8341   0.0000   0.0000   0.0000
     959  -2.6767   1.0880  14.9681   0.0000   0.0000   0.0000
     960  -4.0308   0.5857  14.5706   0.0000   0.0000   0.0000
     961  -3.8835   0.7647  14.8906   0.0000   0.0000   0.0000
     962  -3.1918   1.2866  14.5646   0.0000   0.0000   0.0000
     963  -3.7837   1.9138  14.1095   0.0000   0.0000   0.0000
     964  -3.9510   1.3017  13.6574   0.0000   0.0000   0.0000
     965  -3.9261   1.3352  13.8052   0.0000   0.0000   0.0000
     966  -4.1011   1.4795  14.0993   0.0000   0.0000   0.0000
     967  -3.6616   0.7780  14.1373   0.0000   0.0000   0.0000
     968  -4.3711   1.1088  13.5729   0.0000   0.0000   0.0000
     969  -4.1369   1.0014  13.7310   0.0000   0.0000   0.0000
     970  -4.7104   1.8679  13.7248   0.0000   0.0000   0.0000
     971  -5.0213   1.9226  13.5963   0.0000   0.0000   0.0000
     972  -3.7260   1.6195  13.5734   0.0000   0.0000   0.0000
     973  -4.0907   0.9998  14.1594   0.0000   0.0000   0.0000
     974  -3.4465   1.4974  13.7520   0.0000   0.0000   0.0000
     975  -3.1914   1.5146  14.4347   0.0000   0.0000   0.0000
     976  -3.9608   1.1990  14.2761   0.0000   0.0000   0.0000
     977  -3.0333   0.9638  14.7034   0.0000   0.0000   0.0000
     978  -3.6902   1.5181  14.8424   0.0000   0.0000   0.0000
     979  -4.1483   1.2867  15.4270   0.0000   0.0000   0.0000
     980  -4.3466   1.3422  14.9125   0.0000   0.0000   0.0000
     981  -4.1038   0.7517  14.4063   0.0000   0.0000   0.0000
     982  -4.6884   0.8320  14.6109   0.0000   0.0000   0.0000
     983  -5.3293   1.1732  13.6199   0.0000   0.0000   0.0000
     984  -4.1870   0.6904  13.7668   0.0000   0.0000   0.0000
     985  -4.1797   1.2740  13.9573   0.0000   0.0000   0.0000
     986  -4.4656   0.5775  14.1182   0.0000   0.0000   0.0000
     987  -4.4891   1.4019  13.6059   0.0000   0.0000   0.0000
     988  -5.4323   1.2887  13.1953   0.0000   0.0000   0.0000
     989  -5.3627   0.8199  13.7042   0.0000   0.0000   0.0000
     990  -5.2232   0.3759  12.6480   0.0000   0.0000   0.0000
     991  -5.5994   0.5368  13.1820   0.0000   0.0000   0.0000
     992  -5.7635   0.4714  13.4280   0.0000   0.0000   0.0000
     993  -4.8228   1.1502  13.3578   0.0000   0.0000   0.0000
     994  -5.0671   0.4084  13.8081   0.0000   0.0000   0.0000
     995  -4.3395   0.2900  14.0145   0.0000   0.0000   0.0000
     996  -4.5425   0.6063  13.9187   0.0000   0.0000   0.0000
     997  -5.2151   0.5710  14.3295   0.0000   0.0000   0.0000
     998  -4.5647   0.4617  13.4057   0.0000   0.0000   0.0000
     999  -4.0029   0.2704  13.4595   0.0000   0.0000   0.0000
    1000  -4.1532   0.6083  13.4001   0.0000   0.0000   0.0000
    1001  -4.8739   0.1498  13.7706   0.0000   0.0000   0.0000
    1002  -4.5153   0.6217  12.9804   0.0000   0.0000   0.0000
    1003  -4.7443   0.5190  13.5417   0.0000   0.0000   0.0000
    1004  -5.0258  -0.4415  13.9470   0.0000   0.0000   0.0000
    1005  -4.8933   0.1449  14.2900   0.0000   0.0000   0.0000
    1006  -4.8779   0.0374  13.4701   0.0000   0.0000   0.0000
    1007  -4.0660  -0.0132  13.5688   0.0000   0.0000   0.0000
    1008  -4.4016   0.3602  13.6607   0.0000   0.0000   0.0000
    1009  -5.0458  -0.0563  13.1675   0.0000   0.0000   0.0000
    1010  -4.3030   0.3479  13.8046   0.0000   0.0000   0.0000
    1011  -5.1804   0.7078  13.6758   0.0000   0.0000   0.0000
    1012  -5.2678   0.9250  13.0573   0.0000   0.0000   0.0000
    1013  -4.7441   0.5332  13.3143   0.0000   0.0000   0.0000
    1014  -5.4578  -0.0677  13.5810   0.0000   0.0000   0.0000
    1015  -5.4880   0.1565  13.2906   0.0000   0.0000   0.0000
    1016  -4.5238   0.7591  13.1892   0.0000   0.0000   0.0000
    1017  -4.7174  -0.4633  12.9111   0.0000   0.0000   0.0000
    1018  -4.9644   0.2829  12.9133   0.0000   0.0000   0.0000
    1019  -4.9407  -0.6059  13.4618   0.0000   0.0000   0.0000
    1020  -5.0823  -0.6807  13.2470   0.0000   0.0000   0.0000
    1021  -5.0302   0.1859  13.7636   0.0000   0.0000   0.0000
    1022  -4.8888  -0.5639  14.2334   0.0000   0.0000   0.0000
    1023  -4.8197  -1.0106  14.3416   0.0000   0.0000   0.0000
    1024  -4.9512  -0.2936  13.8448   0.0000   0.0000   0.0000
    1025  -5.1823  -0.3404  14.6011   0.0000   0.0000   0.0000
    1026  -5.3958   0.5267  14.9803   0.0000   0.0000   0.0000
    1027  -5.0054   0.2903  15.0481   0.0000   0.0000   0.0000
    1028  -5.6928   0.7730  15.0221   0.0000   0.0000   0.0000
    1029  -6.3102   0.1661  15.2285   0.0000   0.0000   0.0000
    1030  -6.3785   0.1043  15.0044   0.0000   0.0000   0.0000
    1031  -5.3688  -0.1456  15.0182   0.0000   0.0000   0.0000
    1032  -4.8608  -0.1402  14.6485   0.0000   0.0000   0.0000
    1033  -5.0479   0.5298  14.3180   0.0000   0.0000   0.0000
    1034  -5.9463   1.4036  14.4968   0.0000   0.0000   0.0000
    1035  -5.7967   1.8598  14.2593   0.0000   0.0000   0.0000
    1036  -5.7225   1.5328  14.7769   0.0000   0.0000   0.0000
    1037  -6.1012   1.4522  14.4148   0.0000   0.0000   0.0000
    1038  -6.1055   0.3525  15.0304   0.0000   0.0000   0.0000
    1039  -5.2553   0.8630  14.8688   0.0000   0.0000   0.0000
    1040  -5.1288   0.7033  14.6743   0.0000   0.0000   0.0000
    1041  -5.3317   0.7351  14.9101   0.0000   0.0000   0.0000
    1042  -5.6049   0.4017  15.1521   0.0000   0.0000   0.0000
    1043  -5.9776  -0.1023  14.8530   0.0000   0.0000   0.0000
    1044  -5.5228   0.4096  14.0211   0.0000   0.0000   0.0000
    1045  -5.0616   0.0428  15.0570   0.0000   0.0000   0.0000
    1046  -4.9506  -0.1833  14.4862   0.0000   0.0000   0.0000
    1047  -5.9649   0.4857  14.0960   0.0000   0.0000   0.0000
    1048  -5.8838   0.2079  13.8711   0.0000   0.0000   0.0000
    1049  -5.2100  -0.3274  14.5895   0.0000   0.0000   0.0000
    1050  -6.1312   0.1668  14.4461   0.0000   0.0000   0.0000
    1051  -6.1240  -0.3821  14.9968   0.0000   0.0000   0.0000
    1052  -5.1493  -0.4486  15.6779   0.0000   0.0000   0.0000
    1053  -4.9093   0.2684  15.5618   0.0000   0.0000   0.0000
    1054  -5.3540  -0.1921  15.8023   0.0000   0.0000   0.0000
    1055  -5.0890   0.8241  15.6234   0.0000   0.0000   0.0000
    1056  -4.4652   0.5937  15.5404   0.0000   0.0000   0.0000
    1057  -5.2480   0.0497  15.8474   0.0000   0.0000   0.0000
    1058  -4.3591   0.3818  16.3535   0.0000   0.0000   0.0000
    1059  -4.4943  -0.1549  16.9055   0.0000   0.0000   0.0000
    1060  -4.1862   0.2707  17.3151   0.0000   0.0000   0.0000
    1061  -4.2841   0.4991  16.6734   0.0000   0.0000   0.0000
    1062  -4.5958   0.4384  17.0368   0.0000   0.0000   0.0000
    1063  -4.7712   0.4996  16.3796   0.0000   0.0000   0.0000
    1064  -4.6914   0.9593  16.9019   0.0000   0.0000   0.0000
    1065  -4.8512   0.4464  16.8216   0.0000   0.0000   0.0000
    1066  -6.0302   0.2302  17.3034   0.0000   0.0000   0.0000
    1067  -4.8491   0.1652  17.3744   0.0000   0.0000   0.0000
    1068  -4.7056   0.1170  17.2358   0.0000   0.0000   0.0000
    1069  -5.1801   0.0820  16.9599   0.0000   0.0000   0.0000
    1070  -4.2347  -0.2331  16.4485   0.0000   0.0000   0.0000
    1071  -4.1762   0.1613  16.6800   0.0000   0.0000   0.0000
    1072  -4.2398  -1.2641  16.6905   0.0000   0.0000   0.0000
    1073  -4.5020   0.2620  16.4970   0.0000   0.0000   0.0000
    1074  -4.7841  -0.0948  16.3584   0.0000   0.0000   0.0000
    1075  -4.7231  -0.2411  15.9690   0.0000   0.0000   0.0000
    1076  -4.7022   0.1071  16.4920   0.0000   0.0000   0.0000
    1077  -5.1737   0.0694  15.8853   0.0000   0.0000   0.0000
    1078  -4.8552  -0.3306  16.4784   0.0000   0.0000   0.0000
    1079  -4.8826  -0.2345  16.4746   0.0000   0.0000   0.0000
    1080  -4.9879  -0.1690  15.9292   0.0000   0.0000   0.0000
    1081  -4.0374   0.0197  16.3757   0.0000   0.0000   0.0000
    1082  -4.4858  -0.3787  16.1154   0.0000   0.0000   0.0000
    1083  -5.7551  -0.1097  15.6913   0.0000   0.0000   0.0000
    1084  -5.4007  -0.1480  15.6196   0.0000   0.0000   0.0000
    1085  -5.3143   0.1972  15.3608   0.0000   0.0000   0.0000
    1086  -5.1060   0.0783  15.3569   0.0000   0.0000   0.0000
    1087  -5.8455   0.0596  14.8054   0.0000   0.0000   0.0000
    1088  -5.6035  -0.6223  14.9880   0.0000   0.0000   0.0000
    1089  -5.0954  -0.0751  14.4838   0.0000   0.0000   0.0000
    1090  -4.5313  -0.9415  14.9583   0.0000   0.0000   0.0000
    1091  -4.7333  -0.3992  16.1370   0.0000   0.0000   0.0000
    1092  -4.2696  -0.7879  15.2976   0.0000   0.0000   0.0000
    1093  -4.6557  -0.7381  15.3562   0.0000   0.0000   0.0000
    1094  -4.5319  -1.1170  14.9972   0.0000   0.0000   0.0000
    1095  -3.6637  -0.7524  14.7446   0.0000   0.0000   0.0000
    1096  -3.5018   0.0265  15.2809   0.0000   0.0000   0.0000
    1097  -4.2968   0.1449  14.4910   0.0000   0.0000   0.0000
    1098  -4.6389  -0.3289  14.9196   0.0000   0.0000   0.0000
    1099  -4.2634   0.1061  13.8294   0.0000   0.0000   0.0000
    1100  -4.3363  -0.0791  14.5531   0.0000   0.0000   0.0000
    1101  -4.3003   0.1136  14.9792   0.0000   0.0000   0.0000
    1102  -4.2384  -0.7334  14.8173   0.0000   0.0000   0.0000
    1103  -4.2040  -0.5893  14.6380   0.0000   0.0000   0.0000
    1104  -4.3975  -1.4528  14.7896   0.0000   0.0000   0.0000
    1105  -4.3426  -2.4832  14.6202   0.0000   0.0000   0.0000
    1106  -4.9586  -1.4887  14.1963   0.0000   0.0000   0.0000
    1107  -4.5924  -1.3198  14.3667   0.0000   0.0000   0.0000
    1108  -4.4198  -1.1008  14.5375   0.0000   0.0000   0.0000
    1109  -4.5008  -0.6795  14.0418   0.0000   0.0000   0.0000
    1110  -5.4061  -1.8229  14.1968   0.0000   0.0000   0.0000
    1111  -4.3710  -0.7626  14.7411   0.0000   0.0000   0.0000
    1112  -5.2142  -1.3636  14.4302   0.0000   0.0000   0.0000
    1113  -5.3656  -0.7383  14.9196   0.0000   0.0000   0.0000
    1114  -4.3318  -0.5888  14.5943   0.0000   0.0000   0.0000
    1115  -5.8214  -0.5404  14.8452   0.0000   0.0000   0.0000
    1116  -4.5799  -1.3219  14.8382   0.0000   0.0000   0.0000
    1117  -4.7351  -0.4384  15.0826   0.0000   0.0000   0.0000
    1118  -4.7090  -0.3571  14.4341   0.0000   0.0000   0.0000
    1119  -4.0712  -0.4778  15.3040   0.0000   0.0000   0.0000
    1120  -3.5196  -0.1701  14.5070   0.0000   0.0000   0.0000
    1121  -4.7507  -0.0681  15.3071   0.0000   0.0000   0.0000
    1122  -4.9397   0.1737  15.3575   0.0000   0.0000   0.0000
    1123  -4.8086   0.5154  15.3058   0.0000   0.0000   0.0000
    1124  -4.5764   0.5843  15.0327   0.0000   0.0000   0.0000
    1125  -4.2120   0.6466  14.5911   0.0000   0.0000   0.0000
    1126  -4.5460   0.8495  14.2397   0.0000   0.0000   0.0000
    1127  -5.0117   0.8247  14.9341   0.0000   0.0000   0.0000
    1128  -4.4671   0.4065  14.9624   0.0000   0.0000   0.0000
    1129  -4.6865  -0.4795  15.1272   0.0000   0.0000   0.0000
    1130  -4.4455  -0.5866  15.2019   0.0000   0.0000   0.0000
    1131  -5.0846  -0.5732  14.6029   0.0000   0.0000   0.0000
    1132  -4.0426   0.0124  14.8778   0.0000   0.0000   0.0000
    1133  -3.7558  -0.1777  15.0896   0.0000   0.0000   0.0000
    1134  -4.6626  -0.3641  15.2304   0.0000   0.0000   0.0000
    1135  -4.0859   0.8976  14.6177   0.0000   0.0000   0.0000
    1136  -4.2195  -0.2202  15.2109   0.0000   0.0000   0.0000
    1137  -4.3383   0.4407  15.0938   0.0000   0.0000   0.0000
    1138  -4.7679   0.4501  15.0000   0.0000   0.0000   0.0000
    1139  -4.4044   0.0595  15.9632   0.0000   0.0000   0.0000
    1140  -4.4110  -0.5403  15.6763   0.0000   0.0000   0.0000
    1141  -3.6928  -0.0455  15.6881   0.0000   0.0000   0.0000
    1142  -3.9701   0.0354  16.3091   0.0000   0.0000   0.0000
    1143  -3.4899   0.0095  15.7592   0.0000   0.0000   0.0000
    1144  -3.8027  -0.5470  16.6019   0.0000   0.0000   0.0000
    1145  -4.1954  -0.2753  16.5867   0.0000   0.0000   0.0000
    1146  -3.6522  -0.5527  16.1863   0.0000   0.0000   0.0000
    1147  -3.3857   0.6867  16.0942   0.0000   0.0000   0.0000
    1148  -4.0006  -0.3011  16.0684   0.0000   0.0000   0.0000
    1149  -4.1631  -0.8988  15.3674   0.0000   0.0000   0.0000
    1150  -3.5639  -1.2134  15.2953   0.0000   0.0000   0.0000
    1151  -4.4338  -0.8573  16.5324   0.0000   0.0000   0.0000
    1152  -4.3439  -0.2619  16.3603   0.0000   0.0000   0.0000
    1153  -3.7505  -0.4449  15.9885   0.0000   0.0000   0.0000
    1154  -4.0577   0.4567  16.2357   0.0000   0.0000   0.0000
    1155  -3.7432  -0.1151  15.8156   0.0000   0.0000   0.0000
    1156  -4.4143  -0.3742  16.1266   0.0000   0.0000   0.0000
    1157  -4.2056  -0.1848  14.8762   0.0000   0.0000   0.0000
    1158  -4.3745   0.6812  14.6736   0.0000   0.0000   0.0000
    1159  -4.1647  -0.5402  15.2360   0.0000   0.0000   0.0000
    1160  -4.1159  -1.5630  14.5764   0.0000   0.0000   0.0000
    1161  -4.7493  -0.6022  14.3296   0.0000   0.0000   0.0000
    1162  -4.7089  -0.5158  14.3629   0.0000   0.0000   0.0000
    1163  -5.5795  -0.6634  15.1023   0.0000   0.0000   0.0000
    1164  -5.3354  -0.5971  15.1628   0.0000   0.0000   0.0000
    1165  -4.7684  -1.4328  15.3346   0.0000   0.0000   0.0000
    1166  -3.5443  -1.1855  14.7169   0.0000   0.0000   0.0000
    1167  -3.9283   0.2659  15.2496   0.0000   0.0000   0.0000
    1168  -3.9644   0.2050  14.9945   0.0000   0.0000   0.0000
    1169  -4.8635  -1.0158  14.5632   0.0000   0.0000   0.0000
    1170  -4.9731   0.9599  14.6438   0.0000   0.0000   0.0000
    1171  -4.1264  -0.2515  15.1660   0.0000   0.0000   0.0000
    1172  -4.2419  -0.6396  14.9593   0.0000   0.0000   0.0000
    1173  -4.1611  -0.9689  15.6443   0.0000   0.0000   0.0000
    1174  -4.8267   0.0195  15.0981   0.0000   0.0000   0.0000
    1175  -5.5127  -0.1932  14.8158   0.0000   0.0000   0.0000
    1176  -4.6911  -0.7852  15.6252   0.0000   0.0000   0.0000
    1177  -5.6815  -0.1814  16.0970   0.0000   0.0000   0.0000
    1178  -4.9888   0.2560  15.0630   0.0000   0.0000   0.0000
    1179  -5.9790  -0.0692  15.2634   0.0000   0.0000   0.0000
    1180  -5.4104  -0.4013  15.3371   0.0000   0.0000   0.0000
    1181  -5.3431  -1.6136  15.2926   0.0000   0.0000   0.0000
    1182  -5.7850  -0.3546  14.6890   0.0000   0.0000   0.0000
    1183  -5.4561  -0.1444  15.4576   0.0000   0.0000   0.0000
    1184  -5.6515  -0.1498  15.1776   0.0000   0.0000   0.0000
    1185  -5.3087   0.1157  15.1358   0.0000   0.0000   0.0000
    1186  -5.0546   0.0065  15.4354   0.0000   0.0000   0.0000
    1187  -5.4575  -0.1395  16.1429   0.0000   0.0000   0.0000
    1188  -4.8290   0.5938  15.2359   0.0000   0.0000   0.0000
    1189  -4.4528   0.4075  15.9358   0.0000   0.0000   0.0000
    1190  -4.6504   0.2721  15.6530   0.0000   0.0000   0.0000
    1191  -5.0719   0.3149  16.1888   0.0000   0.0000   0.0000
    1192  -5.0968  -0.2242  15.8298   0.0000   0.0000   0.0000
    1193  -5.4104   0.5574  15.8177   0.0000   0.0000   0.0000
    1194  -5.3750   0.2124  15.7181   0.0000   0.0000   0.0000
    1195  -4.3437   0.5049  15.5204   0.0000   0.0000   0.0000
    1196  -5.0534  -0.2671  15.9927   0.0000   0.0000   0.0000
    1197  -3.7974  -0.3438  16.5407   0.0000   0.0000   0.0000
    1198  -3.7383  -0.1858  15.4864   0.0000   0.0000   0.0000
    1199  -3.9010  -0.8282  15.9383   0.0000   0.0000   0.0000
    1200  -4.1128   0.1784  15.5508   0.0000   0.0000   0.0000
    1201  -3.8378  -0.9028  15.2349   0.0000   0.0000   0.0000
    1202  -4.2533  -0.7515  15.6122   0.0000   0.0000   0.0000
    1203  -4.8176  -0.3118  15.5944   0.0000   0.0000   0.0000
    1204  -4.4541  -0.0439  14.5292   0.0000   0.0000   0.0000
    1205  -4.5528   0.6237  14.3406   0.0000   0.0000   0.0000
    1206  -5.5844  -0.1951  14.3929   0.0000   0.0000   0.0000
    1207  -5.2748   0.7206  14.4392   0.0000   0.0000   0.0000
    1208  -4.6052   0.1123  14.7699   0.0000   0.0000   0.0000
    1209  -4.4540   0.3967  14.2747   0.0000   0.0000   0.0000
    1210  -5.0899   0.4675  14.1330   0.0000   0.0000   0.0000
    1211  -4.8907   0.1400  13.9407   0.0000   0.0000   0.0000
    1212  -4.1487   0.2311  14.1276   0.0000   0.0000   0.0000
    1213  -4.8043  -0.0455  14.0881   0.0000   0.0000   0.0000
    1214  -3.8293   0.1117  14.2275   0.0000   0.0000   0.0000
    1215  -4.3329  -0.4477  13.4885   0.0000   0.0000   0.0000
    1216  -5.3380  -0.8120  14.2460   0.0000   0.0000   0.0000
    1217  -5.7843   0.0669  14.8212   0.0000   0.0000   0.0000
    1218  -5.0686   0.0289  14.4331   0.0000   0.0000   0.0000
    1219  -5.2471   0.2228  14.1305   0.0000   0.0000   0.0000
    1220  -5.0133  -0.1121  14.3697   0.0000   0.0000   0.0000
    1221  -4.5603  -0.0782  15.2792   0.0000   0.0000   0.0000
    1222  -5.1665   0.0648  14.4534   0.0000   0.0000   0.0000
    1223  -4.7177  -0.7175  14.6623   0.0000   0.0000   0.0000
    1224  -5.5514  -0.1769  15.1470   0.0000   0.0000   0.0000
    1225  -4.7073  -0.1604  14.9131   0.0000   0.0000   0.0000
    1226  -4.4999  -0.2248  14.3068   0.0000   0.0000   0.0000
    1227  -4.8795  -0.2768  14.3477   0.0000   0.0000   0.0000
    1228  -4.8696   0.0385  14.4629   0.0000   0.0000   0.0000
    1229  -4.0199  -0.0577  14.7871   0.0000   0.0000   0.0000
    1230  -4.5767  -0.6140  14.6861   0.0000   0.0000   0.0000
    1231  -4.5917  -0.6014  14.4442   0.0000   0.0000   0.0000
    1232  -4.2794  -1.3385  15.0059   0.0000   0.0000   0.0000
    1233  -4.1645  -1.0237  14.7866   0.0000   0.0000   0.0000
    1234  -3.8844  -0.3924  15.0128   0.0000   0.0000   0.0000
    1235  -4.1302  -1.5118  14.7106   0.0000   0.0000   0.0000
    1236  -4.1386  -1.0566  14.7630   0.0000   0.0000   0.0000
    1237  -4.2699  -0.4865  14.2373   0.0000   0.0000   0.0000
    1238  -4.8849  -1.5781  14.6392   0.0000   0.0000   0.0000
    1239  -4.0628  -1.5329  15.0335   0.0000   0.0000   0.0000
    1240  -3.6276  -1.1107  14.7267   0.0000   0.0000   0.0000
    1241  -4.3053  -0.7676  15.3364   0.0000   0.0000   0.0000
    1242  -4.4627  -1.3935  15.0846   0.0000   0.0000   0.0000
    1243  -4.9112  -0.7837  15.1152   0.0000   0.0000   0.0000
    1244  -4.1167  -0.8730  14.6405   0.0000   0.0000   0.0000
    1245  -4.7393  -0.9076  14.9965   0.0000   0.0000   0.0000
    1246  -5.2391  -1.5075  15.1749   0.0000   0.0000   0.0000
    1247  -5.5778  -0.9904  15.2031   0.0000   0.0000   0.0000
    1248  -5.4119  -0.5993  15.2579   0.0000   0.0000   0.0000
    1249  -5.1920  -0.3858  14.7475   0.0000   0.0000   0.0000
    1250  -4.6810  -0.7593  14.5921   0.0000   0.0000   0.0000
    1251  -4.3956  -1.1174  14.6459   0.0000   0.0000   0.0000
    1252  -4.3206  -1.7654  14.8633   0.0000   0.0000   0.0000
    1253  -4.6694  -1.4822  14.9616   0.0000   0.0000   0.0000
    1254  -4.8551  -1.8188  15.1167   0.0000   0.0000   0.0000
    1255  -5.4147  -1.3153  15.1289   0.0000   0.0000   0.0000
    1256  -5.4072  -1.7247  14.7763   0.0000   0.0000   0.0000
    1257  -4.9957  -1.7977  15.5216   0.0000   0.0000   0.0000
    1258  -4.7215  -2.1538  15.0554   0.0000   0.0000   0.0000
    1259  -4.6656  -2.2853  15.1001   0.0000   0.0000   0.0000
    1260  -5.4857  -1.3928  14.7533   0.0000   0.0000   0.0000
    1261  -5.1435  -1.4808  14.9485   0.0000   0.0000   0.0000
    1262  -5.3370  -0.4829  14.9476   0.0000   0.0000   0.0000
    1263  -4.4862  -1.4323  14.7599   0.0000   0.0000   0.0000
    1264  -4.7134  -1.1495  14.9202   0.0000   0.0000   0.0000
    1265  -4.9266  -1.3362  15.4017   0.0000   0.0000   0.0000
    1266  -5.8866  -0.8906  14.7918   0.0000   0.0000   0.0000
    1267  -4.8550  -1.1776  14.9462   0.0000   0.0000   0.0000
    1268  -5.7925  -1.6932  15.2212   0.0000   0.0000   0.0000
    1269  -5.7242  -1.6365  14.9279   0.0000   0.0000   0.0000
    1270  -6.4707  -1.0282  14.5752   0.0000   0.0000   0.0000
    1271  -5.8855  -0.8581  15.0764   0.0000   0.0000   0.0000
    1272  -5.3711  -1.4233  15.1674   0.0000   0.0000   0.0000
    1273  -4.8311  -1.2626  14.0414   0.0000   0.0000   0.0000
    1274  -4.6903  -1.0125  15.1957   0.0000   0.0000   0.0000
    1275  -5.8288  -1.1789  15.2041   0.0000   0.0000   0.0000
    1276  -5.0841  -0.7984  14.8311   0.0000   0.0000   0.0000
    1277  -4.9505  -0.8439  14.6577   0.0000   0.0000   0.0000
    1278  -5.5968  -1.5065  14.7852   0.0000   0.0000   0.0000
    1279  -5.6385  -1.7823  14.8958   0.0000   0.0000   0.0000
    1280  -5.2077  -1.3545  15.2669   0.0000   0.0000   0.0000
    1281  -4.8281  -0.9109  15.5458   0.0000   0.0000   0.0000
    1282  -5.7307  -1.8490  15.7428   0.0000   0.0000   0.0000
    1283  -5.4807  -1.8558  15.4496   0.0000   0.0000   0.0000
    1284  -5.5054  -1.7245  15.8197   0.0000   0.0000   0.0000
    1285  -5.5417  -2.1628  15.5112   0.0000   0.0000   0.0000
    1286  -6.6441  -1.0143  15.3495   0.0000   0.0000   0.0000
    1287  -5.6268  -1.1655  15.9996   0.0000   0.0000   0.0000
    1288  -6.8061  -0.9460  16.2168   0.0000   0.0000   0.0000
    1289  -5.8915  -1.7876  15.5669   0.0000   0.0000   0.0000
    1290  -6.1317  -0.9931  15.4552   0.0000   0.0000   0.0000
    1291  -5.8120  -0.4621  15.2562   0.0000   0.0000   0.0000
    1292  -6.1141  -1.3343  15.8366   0.0000   0.0000   0.0000
    1293  -6.4274   0.5894  15.9931   0.0000   0.0000   0.0000
    1294  -6.1892  -0.3429  15.1444   0.0000   0.0000   0.0000
    1295  -6.1493  -0.3723  16.1097   0.0000   0.0000   0.0000
    1296  -6.6239  -0.0238  15.9788   0.0000   0.0000   0.0000
    1297  -5.5538   0.1966  16.2347   0.0000   0.0000   0.0000
    1298  -6.6702  -0.4936  15.5356   0.0000   0.0000   0.0000
    1299  -6.1376  -0.8926  15.7996   0.0000   0.0000   0.0000
    1300  -6.4962  -0.5970  15.6504   0.0000   0.0000   0.0000
    1301  -6.6786  -0.8926  15.2098   0.0000   0.0000   0.0000
    1302  -5.9642  -0.0093  15.5319   0.0000   0.0000   0.0000
    1303  -6.3203  -0.8528  15.3066   0.0000   0.0000   0.0000
    1304  -5.6572  -0.5338  14.7403   0.0000   0.0000   0.0000
    1305  -6.6968  -0.9342  15.2204   0.0000   0.0000   0.0000
    1306  -6.3050  -0.2747  15.6295   0.0000   0.0000   0.0000
    1307  -6.6541  -0.9221  15.4780   0.0000   0.0000   0.0000
    1308  -6.3012  -0.5877  15.6921   0.0000   0.0000   0.0000
    1309  -7.1826  -0.8729  15.5394   0.0000   0.0000   0.0000
    1310  -6.3576  -1.3942  16.1485   0.0000   0.0000   0.0000
    1311  -6.3058  -0.8621  16.2134   0.0000   0.0000   0.0000
    1312  -6.7632   0.2064  15.6709   0.0000   0.0000   0.0000
    1313  -6.8951  -0.3674  15.9679   0.0000   0.0000   0.0000
    1314  -6.9287  -0.5397  16.6413   0.0000   0.0000   0.0000
    1315  -7.1934  -0.3481  15.3915   0.0000   0.0000   0.0000
    1316  -7.0353  -0.9038  15.9872   0.0000   0.0000   0.0000
    1317  -6.8981  -0.3578  16.1538   0.0000   0.0000   0.0000
    1318  -7.2456  -1.0569  16.1170   0.0000   0.0000   0.0000
    1319  -7.6764  -0.5512  15.6843   0.0000   0.0000   0.0000
    1320  -6.9381  -0.3422  15.8363   0.0000   0.0000   0.0000
    1321  -6.9746  -0.4278  15.9357   0.0000   0.0000   0.0000
    1322  -7.3528  -0.1990  15.3075   0.0000   0.0000   0.0000
    1323  -7.4501   0.1207  15.8883   0.0000   0.0000   0.0000
    1324  -7.0168  -0.3065  15.7686   0.0000   0.0000   0.0000
    1325  -7.5131  -0.0809  16.7495   0.0000   0.0000   0.0000
    1326  -8.3747  -0.2554  16.1516   0.0000   0.0000   0.0000
    1327  -7.8833  -0.0237  15.9323   0.0000   0.0000   0.0000
    1328  -8.2558  -0.9789  15.8393   0.0000   0.0000   0.0000
    1329  -7.5406  -0.3784  15.8649   0.0000   0.0000   0.0000
    1330  -7.1907  -0.8471  15.7602   0.0000   0.0000   0.0000
    1331  -7.3433  -0.6966  15.8318   0.0000   0.0000   0.0000
    1332  -7.7907  -0.8408  15.7177   0.0000   0.0000   0.0000
    1333  -7.9301  -0.7721  16.0787   0.0000   0.0000   0.0000
    1334  -7.5251  -0.6675  15.8455   0.0000   0.0000   0.0000
    1335  -6.5790  -1.1056  15.1418   0.0000   0.0000   0.0000
    1336  -7.1497  -0.5945  15.0624   0.0000   0.0000   0.0000
    1337  -7.0631  -0.3264  15.4992   0.0000   0.0000   0.0000
    1338  -6.2803  -0.4783  15.2186   0.0000   0.0000   0.0000
    1339  -6.8501  -0.4329  14.7201   0.0000   0.0000   0.0000
    1340  -6.9568  -0.2671  15.4291   0.0000   0.0000   0.0000
    1341  -8.2344  -0.7040  15.8676   0.0000   0.0000   0.0000
    1342  -7.4570  -0.1440  16.1369   0.0000   0.0000   0.0000
    1343  -6.5967  -0.9225  15.7965   0.0000   0.0000   0.0000
    1344  -6.8999  -0.4079  16.4828   0.0000   0.0000   0.0000
    1345  -6.2674  -1.2058  16.1733   0.0000   0.0000   0.0000
    1346  -7.1180  -0.9392  15.9170   0.0000   0.0000   0.0000
    1347  -6.2332  -1.3248  16.0651   0.0000   0.0000   0.0000
    1348  -6.0973  -0.8877  15.7230   0.0000   0.0000   0.0000
    1349  -6.5214  -0.6905  15.7800   0.0000   0.0000   0.0000
    1350  -6.4619  -1.2807  15.9615   0.0000   0.0000   0.0000
    1351  -7.0240  -1.0104  16.3710   0.0000   0.0000   0.0000
    1352  -6.4985  -1.5406  15.6268   0.0000   0.0000   0.0000
    1353  -8.1090  -1.2980  15.8387   0.0000   0.0000   0.0000
    1354  -7.4240  -1.7265  16.1987   0.0000   0.0000   0.0000
    1355  -7.4730  -0.9730  16.2972   0.0000   0.0000   0.0000
    1356  -6.7351  -1.8661  15.8166   0.0000   0.0000   0.0000
    1357  -7.1484  -2.1881  15.9791   0.0000   0.0000   0.0000
    1358  -8.1446  -2.5653  16.4994   0.0000   0.0000   0.0000
    1359  -7.7817  -2.0787  16.7706   0.0000   0.0000   0.0000
    1360  -7.4046  -1.7764  17.0245   0.0000   0.0000   0.0000
    1361  -7.8397  -1.8402  16.6949   0.0000   0.0000   0.0000
    1362  -7.4497  -1.6715  16.7646   0.0000   0.0000   0.0000
    1363  -7.1216  -1.8815  16.7550   0.0000   0.0000   0.0000
    1364  -7.2975  -2.0431  16.9493   0.0000   0.0000   0.0000
    1365  -6.6727  -1.8576  17.2829   0.0000   0.0000   0.0000
    1366  -6.3323  -1.4990  17.0062   0.0000   0.0000   0.0000
    1367  -6.3472  -1.3196  16.6048   0.0000   0.0000   0.0000
    1368  -6.0911  -1.6608  16.7832   0.0000   0.0000   0.0000
    1369  -6.3501  -1.5018  16.6033   0.0000   0.0000   0.0000
    1370  -5.5156  -0.7287  16.8701   0.0000   0.0000   0.0000
    1371  -6.3968  -1.1670  16.5285   0.0000   0.0000   0.0000
    1372  -6.3968  -1.5273  16.1966   0.0000   0.0000   0.0000
    1373  -6.2274  -1.3108  16.3194   0.0000   0.0000   0.0000
    1374  -6.3761  -0.4986  16.4031   0.0000   0.0000   0.0000
    1375  -6.5658  -0.4589  16.0895   0.0000   0.0000   0.0000
    1376  -6.5276  -0.7313  17.0044   0.0000   0.0000   0.0000
    1377  -6.4845  -0.3988  16.1979   0.0000   0.0000   0.0000
    1378  -5.7845  -0.7808  17.0328   0.0000   0.0000   0.0000
    1379  -6.2123  -0.5403  17.4452   0.0000   0.0000   0.0000
    1380  -5.9758  -0.3602  16.6852   0.0000   0.0000   0.0000
    1381  -6.5087  -0.5161  16.7161   0.0000   0.0000   0.0000
    1382  -6.5896  -0.1329  16.7149   0.0000   0.0000   0.0000
    1383  -5.5545   0.0727  16.8058   0.0000   0.0000   0.0000
    1384  -5.3065  -0.2552  16.3385   0.0000   0.0000   0.0000
    1385  -5.8625  -0.0704  16.7802   0.0000   0.0000   0.0000
    1386  -5.1545  -0.2102  16.3356   0.0000   0.0000   0.0000
    1387  -5.7225  -0.0637  16.1168   0.0000   0.0000   0.0000
    1388  -5.3422   0.4323  16.9433   0.0000   0.0000   0.0000
    1389  -5.2811  -0.6174  16.0693   0.0000   0.0000   0.0000
    1390  -5.5145  -0.2148  16.6368   0.0000   0.0000   0.0000
    1391  -5.2407  -0.4105  16.9088   0.0000   0.0000   0.0000
    1392  -5.8100  -0.4939  16.4471   0.0000   0.0000   0.0000
    1393  -6.5249  -0.6317  16.2941   0.0000   0.0000   0.0000
    1394  -5.5479  -0.7116  15.3644   0.0000   0.0000   0.0000
    1395  -5.5615  -0.3159  16.2630   0.0000   0.0000   0.0000
    1396  -5.6860  -1.6702  16.2003   0.0000   0.0000   0.0000
    1397  -5.7565  -0.8216  16.5763   0.0000   0.0000   0.0000
    1398  -5.9967  -0.6455  16.6108   0.0000   0.0000   0.0000
    1399  -5.8969  -0.6762  16.1768   0.0000   0.0000   0.0000
    1400  -5.9740   0.2109  15.2998   0.0000   0.0000   0.0000
    1401  -5.4978  -0.4341  15.8404   0.0000   0.0000   0.0000
    1402  -5.5879  -0.4915  15.8457   0.0000   0.0000   0.0000
    1403  -5.4052  -0.2853  16.6835   0.0000   0.0000   0.0000
    1404  -5.0430  -0.2381  16.6455   0.0000   0.0000   0.0000
    1405  -5.3071  -0.4175  16.6442   0.0000   0.0000   0.0000
    1406  -5.4471  -0.6591  16.4266   0.0000   0.0000   0.0000
    1407  -5.7167  -0.9671  17.0492   0.0000   0.0000   0.0000
    1408  -5.9666  -0.9209  17.2554   0.0000   0.0000   0.0000
    1409  -7.0677  -1.3124  17.1714   0.0000   0.0000   0.0000
    1410  -6.4584  -0.7689  16.8832   0.0000   0.0000   0.0000
    1411  -7.4034  -1.9785  16.7084   0.0000   0.0000   0.0000
    1412  -7.7759  -2.0193  16.6719   0.0000   0.0000   0.0000
    1413  -8.4445  -1.4263  16.3302   0.0000   0.0000   0.0000
    1414  -8.3200  -1.1270  16.3131   0.0000   0.0000   0.0000
    1415  -8.2213  -0.0416  16.0480   0.0000   0.0000   0.0000
    1416  -7.7237  -1.0466  15.8070   0.0000   0.0000   0.0000
    1417  -7.4968  -1.2524  15.9231   0.0000   0.0000   0.0000
    1418  -7.5948  -1.5879  15.7753   0.0000   0.0000   0.0000
    1419  -7.6888  -0.9592  15.8388   0.0000   0.0000   0.0000
    1420  -7.6802  -0.6178  15.9422   0.0000   0.0000   0.0000
    1421  -7.6615  -0.6130  15.6566   0.0000   0.0000   0.0000
    1422  -7.5258   0.1151  15.2799   0.0000   0.0000   0.0000
    1423  -7.8747   0.3170  15.4743   0.0000   0.0000   0.0000
    1424  -7.2661   0.6975  15.4288   0.0000   0.0000   0.0000
    1425  -7.8816  -0.5819  16.0254   0.0000   0.0000   0.0000
    1426  -8.3376   0.2457  15.6791   0.0000   0.0000   0.0000
    1427  -8.3501   0.5985  15.2705   0.0000   0.0000   0.0000
    1428  -7.9820   0.1456  15.3131   0.0000   0.0000   0.0000
    1429  -7.7455   0.4599  14.9589   0.0000   0.0000   0.0000
    1430  -7.8064   0.4280  15.4191   0.0000   0.0000   0.0000
    1431  -7.2125   0.3175  16.2015   0.0000   0.0000   0.0000
    1432  -7.4725   0.2758  15.9311   0.0000   0.0000   0.0000
    1433  -7.2377  -0.2822  16.0488   0.0000   0.0000   0.0000
    1434  -7.5683  -0.4358  15.8536   0.0000   0.0000   0.0000
    1435  -7.5331  -0.7102  15.5093   0.0000   0.0000   0.0000
    1436  -7.2238  -0.4394  15.2382   0.0000   0.0000   0.0000
    1437  -7.3684  -0.4011  15.2502   0.0000   0.0000   0.0000
    1438  -7.6866  -0.8524  15.1644   0.0000   0.0000   0.0000
    1439  -7.6146  -0.5047  15.5702   0.0000   0.0000   0.0000
    1440  -7.4051  -0.6504  16.2256   0.0000   0.0000   0.0000
    1441  -7.9380  -0.0730  16.4831   0.0000   0.0000   0.0000
    1442  -8.4909  -1.5107  15.5837   0.0000   0.0000   0.0000
    1443  -8.5237  -1.3697  15.4132   0.0000   0.0000   0.0000
    1444  -8.6193  -1.7232  15.1642   0.0000   0.0000   0.0000
    1445  -7.5595  -1.9750  15.7737   0.0000   0.0000   0.0000
    1446  -8.1125  -1.4164  16.2508   0.0000   0.0000   0.0000
    1447  -8.0075  -1.1238  15.5950   0.0000   0.0000   0.0000
    1448  -7.9937  -0.9866  15.7466   0.0000   0.0000   0.0000
    1449  -7.6070  -1.4486  16.6090   0.0000   0.0000   0.0000
    1450  -7.5997  -1.0252  15.4318   0.0000   0.0000   0.0000
    1451  -8.6933  -2.1728  15.2759   0.0000   0.0000   0.0000
    1452  -8.6925  -2.2110  15.4685   0.0000   0.0000   0.0000
    1453  -8.0948  -1.8272  15.5192   0.0000   0.0000   0.0000
    1454  -7.6186  -1.3462  15.5581   0.0000   0.0000   0.0000
    1455  -8.7896  -1.0734  15.6585   0.0000   0.0000   0.0000
    1456  -7.4179  -1.5655  15.9089   0.0000   0.0000   0.0000
    1457  -7.6728  -1.4778  16.0542   0.0000   0.0000   0.0000
    1458  -7.0427  -0.8210  16.0957   0.0000   0.0000   0.0000
    1459  -7.2607  -1.2385  16.3941   0.0000   0.0000   0.0000
    1460  -7.1523  -2.9440  16.8603   0.0000   0.0000   0.0000
    1461  -7.2625  -1.8739  16.2795   0.0000   0.0000   0.0000
    1462  -8.0367  -2.1754  16.1752   0.0000   0.0000   0.0000
    1463  -7.9305  -2.6301  16.3665   0.0000   0.0000   0.0000
    1464  -8.1418  -1.8573  16.5411   0.0000   0.0000   0.0000
    1465  -8.3097  -1.9107  16.5335   0.0000   0.0000   0.0000
    1466  -8.4253  -2.4018  17.0385   0.0000   0.0000   0.0000
    1467  -7.8414  -2.1143  17.4218   0.0000   0.0000   0.0000
    1468  -7.2053  -1.5681  17.0198   0.0000   0.0000   0.0000
    1469  -7.2064  -1.4997  16.8192   0.0000   0.0000   0.0000
    1470  -7.2908  -1.9515  16.9088   0.0000   0.0000   0.0000
    1471  -7.3716  -1.8536  16.9016   0.0000   0.0000   0.0000
    1472  -7.1083  -1.3040  16.3799   0.0000   0.0000   0.0000
    1473  -8.8505  -1.8345  16.4815   0.0000   0.0000   0.0000
    1474  -7.9631  -1.2937  15.4789   0.0000   0.0000   0.0000
    1475  -7.8682  -1.7404  15.8856   0.0000   0.0000   0.0000
    1476  -7.9288  -1.2650  16.1644   0.0000   0.0000   0.0000
    1477  -7.7254  -1.2873  15.4839   0.0000   0.0000   0.0000
    1478  -8.5774  -1.4681  15.8903   0.0000   0.0000   0.0000
    1479  -8.1214  -1.3255  16.1266   0.0000   0.0000   0.0000
    1480  -8.2099  -0.6900  16.6605   0.0000   0.0000   0.0000
    1481  -8.7602  -0.5964  16.3463   0.0000   0.0000   0.0000
    1482  -7.9986  -0.2870  16.0046   0.0000   0.0000   0.0000
    1483  -8.3048  -0.6982  15.9318   0.0000   0.0000   0.0000
    1484  -8.7786  -0.3565  16.2408   0.0000   0.0000   0.0000
    1485  -8.7535  -0.4813  16.3395   0.0000   0.0000   0.0000
    1486  -8.6420  -0.3221  16.6708   0.0000   0.0000   0.0000
    1487  -8.5947   0.5385  15.8485   0.0000   0.0000   0.0000
    1488  -8.5990   1.0371  15.9351   0.0000   0.0000   0.0000
    1489  -8.0960   0.2583  15.7342   0.0000   0.0000   0.0000
    1490  -9.4200   0.2429  15.2321   0.0000   0.0000   0.0000
    1491  -8.1386  -0.8765  15.3378   0.0000   0.0000   0.0000
    1492  -8.9015  -0.1716  15.8729   0.0000   0.0000   0.0000
    1493  -7.5309  -0.2644  16.2106   0.0000   0.0000   0.0000
    1494  -7.3518  -0.5535  15.7037   0.0000   0.0000   0.0000
    1495  -7.6698  -0.4290  15.7620   0.0000   0.0000   0.0000
    1496  -7.7377  -0.3611  16.0638   0.0000   0.0000   0.0000
    1497  -7.9419   0.1096  16.2399   0.0000   0.0000   0.0000
    1498  -8.2043  -1.0896  15.8682   0.0000   0.0000   0.0000
    1499  -7.2501  -0.5843  15.1214   0.0000   0.0000   0.0000
    1500  -7.3508  -0.6200  15.0606   0.0000   0.0000   0.0000
    1501  -7.6593  -1.1221  15.4504   0.0000   0.0000   0.0000
    1502  -7.5544  -1.7032  15.4803   0.0000   0.0000   0.0000
    1503  -7.4126  -0.6505  14.9215   0.0000   0.0000   0.0000
    1504  -7.5191  -1.3325  15.3828   0.0000   0.0000   0.0000
    1505  -7.1998  -0.7496  15.5703   0.0000   0.0000   0.0000
    1506  -7.5337  -1.4198  15.5845   0.0000   0.0000   0.0000
    1507  -7.7155  -1.3632  15.1831   0.0000   0.0000   0.0000
    1508  -8.2550  -1.4205  14.5963   0.0000   0.0000   0.0000
    1509  -8.0450  -0.7235  14.1063   0.0000   0.0000   0.0000
    1510  -8.3475  -1.7113  14.5835   0.0000   0.0000   0.0000
    1511  -9.0053  -1.4719  14.6229   0.0000   0.0000   0.0000
    1512  -7.9241  -1.8328  14.2430   0.0000   0.0000   0.0000
    1513  -8.2778  -2.2501  14.2583   0.0000   0.0000   0.0000
    1514  -7.7504  -1.8723  14.6647   0.0000   0.0000   0.0000
    1515  -7.7868  -1.5039  14.0442   0.0000   0.0000   0.0000
    1516  -7.5608  -0.9056  14.5860   0.0000   0.0000   0.0000
    1517  -7.6874  -1.2853  13.6334   0.0000   0.0000   0.0000
    1518  -8.2466  -1.7546  13.8941   0.0000   0.0000   0.0000
    1519  -7.4571  -1.2740  14.1464   0.0000   0.0000   0.0000
    1520  -7.4851  -1.7055  13.8740   0.0000   0.0000   0.0000
    1521  -7.7446  -2.0586  14.5112   0.0000   0.0000   0.0000
    1522  -7.7503  -1.8558  14.3054   0.0000   0.0000   0.0000
    1523  -7.7667  -1.2059  14.1578   0.0000   0.0000   0.0000
    1524  -7.7323  -2.3359  13.7068   0.0000   0.0000   0.0000
    1525  -8.0077  -1.8743  14.1489   0.0000   0.0000   0.0000
    1526  -8.0480  -2.4532  14.5642   0.0000   0.0000   0.0000
    1527  -8.1535  -2.7031  14.5690   0.0000   0.0000   0.0000
    1528  -7.4794  -2.3294  14.2801   0.0000   0.0000   0.0000
    1529  -7.6777  -1.6874  14.4808   0.0000   0.0000   0.0000
    1530  -7.3603  -2.2723  14.1144   0.0000   0.0000   0.0000
    1531  -7.5937  -1.7069  14.7958   0.0000   0.0000   0.0000
    1532  -6.9721  -1.6895  14.2970   0.0000   0.0000   0.0000
    1533  -7.6203  -1.4106  15.1123   0.0000   0.0000   0.0000
    1534  -7.6343  -1.4407  13.9755   0.0000   0.0000   0.0000
    1535  -7.3613  -2.2689  13.6058   0.0000   0.0000   0.0000
    1536  -7.1772  -2.6853  14.5024   0.0000   0.0000   0.0000
    1537  -7.0667  -2.2277  14.9588   0.0000   0.0000   0.0000
    1538  -6.6053  -1.7189  14.5055   0.0000   0.0000   0.0000
    1539  -7.0384  -1.9681  14.2785   0.0000   0.0000   0.0000
    1540  -7.4095  -1.8571  14.4636   0.0000   0.0000   0.0000
    1541  -7.2007  -2.3569  14.3187   0.0000   0.0000   0.0000
    1542  -7.2227  -2.7505  14.1872   0.0000   0.0000   0.0000
    1543  -6.5746  -2.4110  14.4125   0.0000   0.0000   0.0000
    1544  -7.4627  -2.5163  14.1914   0.0000   0.0000   0.0000
    1545  -7.5175  -2.2484  13.8509   0.0000   0.0000   0.0000
    1546  -8.4805  -2.5433  13.8827   0.0000   0.0000   0.0000
    1547  -7.4189  -2.3899  13.7180   0.0000   0.0000   0.0000
    1548  -7.6485  -2.3076  13.5414   0.0000   0.0000   0.0000
    1549  -7.3892  -2.7104  13.8259   0.0000   0.0000   0.0000
    1550  -7.0018  -2.1812  12.9655   0.0000   0.0000   0.0000
    1551  -7.4099  -2.7260  13.3048   0.0000   0.0000   0.0000
    1552  -6.7267  -3.2702  13.5775   0.0000   0.0000   0.0000
    1553  -7.5866  -2.7019  12.5301   0.0000   0.0000   0.0000
    1554  -7.3865  -2.6096  12.9263   0.0000   0.0000   0.0000
    1555  -7.8196  -3.4519  12.5261   0.0000   0.0000   0.0000
    1556  -7.1275  -3.8447  13.4221   0.0000   0.0000   0.0000
    1557  -6.9510  -3.1558  12.5292   0.0000   0.0000   0.0000
    1558  -7.4010  -3.2063  13.2436   0.0000   0.0000   0.0000
    1559  -7.4812  -3.5684  12.9937   0.0000   0.0000   0.0000
    1560  -7.1199  -2.8365  13.4498   0.0000   0.0000   0.0000
    1561  -7.0163  -3.0154  14.1381   0.0000   0.0000   0.0000
    1562  -7.3254  -2.8692  13.9484   0.0000   0.0000   0.0000
    1563  -8.0937  -2.7552  14.0301   0.0000   0.0000   0.0000
    1564  -7.7273  -2.7183  13.5330   0.0000   0.0000   0.0000
    1565  -8.6518  -2.1391  13.1207   0.0000   0.0000   0.0000
    1566  -8.9277  -2.3721  13.0879   0.0000   0.0000   0.0000
    1567  -7.7916  -2.9236  12.7394   0.0000   0.0000   0.0000
    1568  -8.3427  -3.2184  13.7721   0.0000   0.0000   0.0000
    1569  -7.8763  -3.0529  13.6099   0.0000   0.0000   0.0000
    1570  -8.5902  -3.0923  13.3814   0.0000   0.0000   0.0000
    1571  -8.8324  -2.6732  14.1166   0.0000   0.0000   0.0000
    1572  -7.7893  -2.2081  13.5310   0.0000   0.0000   0.0000
    1573  -7.5263  -1.9178  12.7977   0.0000   0.0000   0.0000
    1574  -7.5416  -2.7497  12.9649   0.0000   0.0000   0.0000
    1575  -7.3999  -3.6872  13.0182   0.0000   0.0000   0.0000
    1576  -7.1226  -3.2820  12.7735   0.0000   0.0000   0.0000
    1577  -7.8660  -3.3300  13.3867   0.0000   0.0000   0.0000
    1578  -7.2350  -2.9688  12.6585   0.0000   0.0000   0.0000
    1579  -6.8210  -1.8417  13.2300   0.0000   0.0000   0.0000
    1580  -7.0050  -1.6353  12.6305   0.0000   0.0000   0.0000
    1581  -6.1212  -2.2703  12.6913   0.0000   0.0000   0.0000
    1582  -7.3248  -2.2680  12.3762   0.0000   0.0000   0.0000
    1583  -7.8809  -2.4183  12.3791   0.0000   0.0000   0.0000
    1584  -6.5644  -2.4126  11.9798   0.0000   0.0000   0.0000
    1585  -6.3585  -2.4314  12.8725   0.0000   0.0000   0.0000
    1586  -7.3878  -2.9822  13.0217   0.0000   0.0000   0.0000
    1587  -6.9773  -1.9972  13.3855   0.0000   0.0000   0.0000
    1588  -7.9204  -1.9185  13.5474   0.0000   0.0000   0.0000
    1589  -6.3442  -1.8836  13.8235   0.0000   0.0000   0.0000
    1590  -6.6144  -2.2897  13.1694   0.0000   0.0000   0.0000
    1591  -7.1252  -2.5458  12.9677   0.0000   0.0000   0.0000
    1592  -7.3256  -2.0773  12.4129   0.0000   0.0000   0.0000
    1593  -6.8738  -2.8393  13.4719   0.0000   0.0000   0.0000
    1594  -7.9552  -2.3198  13.6547   0.0000   0.0000   0.0000
    1595  -7.7459  -2.3780  12.9031   0.0000   0.0000   0.0000
    1596  -7.1156  -2.5177  13.3765   0.0000   0.0000   0.0000
    1597  -7.7305  -2.5552  12.7731   0.0000   0.0000   0.0000
    1598  -7.3563  -2.9050  14.0746   0.0000   0.0000   0.0000
    1599  -6.9490  -2.2068  13.6356   0.0000   0.0000   0.0000
    1600  -7.9338  -2.1238  13.3956   0.0000   0.0000   0.0000
    1601  -7.5006  -2.1261  13.2868   0.0000   0.0000   0.0000
    1602  -8.3415  -2.9215  13.2553   0.0000   0.0000   0.0000
    1603  -8.8423  -2.5552  12.8786   0.0000   0.0000   0.0000
    1604  -8.1064  -2.8093  13.3443   0.0000   0.0000   0.0000
    1605  -8.1201  -2.6759  13.9579   0.0000   0.0000   0.0000
    1606  -7.9687  -2.4273  14.0472   0.0000   0.0000   0.0000
    1607  -7.6041  -2.4965  14.3034   0.0000   0.0000   0.0000
    1608  -7.6725  -3.5226  13.3964   0.0000   0.0000   0.0000
    1609  -8.0909  -3.2933  13.6720   0.0000   0.0000   0.0000
    1610  -7.4862  -3.6000  13.1681   0.0000   0.0000   0.0000
    1611  -7.8899  -3.6505  13.1887   0.0000   0.0000   0.0000
    1612  -7.8384  -3.3406  13.4960   0.0000   0.0000   0.0000
    1613  -8.1831  -2.9207  13.0861   0.0000   0.0000   0.0000
    1614  -8.3008  -3.8454  13.4756   0.0000   0.0000   0.0000
    1615  -7.8464  -3.3533  13.9012   0.0000   0.0000   0.0000
    1616  -8.4119  -3.2150  13.7090   0.0000   0.0000   0.0000
    1617  -7.1828  -3.4275  13.8169   0.0000   0.0000   0.0000
    1618  -8.0563  -3.1257  13.8199   0.0000   0.0000   0.0000
    1619  -7.2733  -3.3354  14.0682   0.0000   0.0000   0.0000
    1620  -6.4701  -3.1105  13.3823   0.0000   0.0000   0.0000
    1621  -6.5300  -2.9009  13.7007   0.0000   0.0000   0.0000
    1622  -8.0688  -2.5126  13.3241   0.0000   0.0000   0.0000
    1623  -7.0730  -2.0268  13.0376   0.0000   0.0000   0.0000
    1624  -7.2562  -2.3830  13.0619   0.0000   0.0000   0.0000
    1625  -6.3931  -2.3024  12.7886   0.0000   0.0000   0.0000
    1626  -6.3600  -3.1457  13.6382   0.0000   0.0000   0.0000
    1627  -7.2070  -3.6003  13.7440   0.0000   0.0000   0.0000
    1628  -7.1245  -3.6308  13.3411   0.0000   0.0000   0.0000
    1629  -6.7021  -3.7090  13.4780   0.0000   0.0000   0.0000
    1630  -6.5907  -3.5274  13.4424   0.0000   0.0000   0.0000
    1631  -6.7418  -2.9340  14.9774   0.0000   0.0000   0.0000
    1632  -7.6931  -4.1875  13.8898   0.0000   0.0000   0.0000
    1633  -6.9338  -3.5887  14.0983   0.0000   0.0000   0.0000
    1634  -6.9597  -3.0113  14.7771   0.0000   0.0000   0.0000
    1635  -7.1792  -2.8578  14.5114   0.0000   0.0000   0.0000
    1636  -6.4670  -3.2784  14.4900   0.0000   0.0000   0.0000
    1637  -5.9070  -2.4571  14.9534   0.0000   0.0000   0.0000
    1638  -6.1494  -3.0292  15.5239   0.0000   0.0000   0.0000
    1639  -6.9168  -2.5396  15.5766   0.0000   0.0000   0.0000
    1640  -7.6569  -3.0374  15.4235   0.0000   0.0000   0.0000
    1641  -7.5853  -2.2189  15.5078   0.0000   0.0000   0.0000
    1642  -7.3538  -2.1625  15.4140   0.0000   0.0000   0.0000
    1643  -6.7749  -2.2783  14.5996   0.0000   0.0000   0.0000
    1644  -6.1480  -2.5255  15.0054   0.0000   0.0000   0.0000
    1645  -6.3947  -3.0041  15.7711   0.0000   0.0000   0.0000
    1646  -5.7910  -2.3110  15.5038   0.0000   0.0000   0.0000
    1647  -6.6301  -2.9453  15.8265   0.0000   0.0000   0.0000
    1648  -6.4186  -2.4844  15.1928   0.0000   0.0000   0.0000
    1649  -6.2861  -2.1351  15.6141   0.0000   0.0000   0.0000
    1650  -6.6855  -3.6579  15.5626   0.0000   0.0000   0.0000
    1651  -6.6606  -2.6687  15.3143   0.0000   0.0000   0.0000
    1652  -6.5631  -2.6360  14.6548   0.0000   0.0000   0.0000
    1653  -6.2359  -2.0287  14.9808   0.0000   0.0000   0.0000
    1654  -5.2644  -2.1875  15.0608   0.0000   0.0000   0.0000
    1655  -5.4930  -2.4037  13.9968   0.0000   0.0000   0.0000
    1656  -6.3380  -1.7161  14.2962   0.0000   0.0000   0.0000
    1657  -5.6199  -2.5422  13.7606   0.0000   0.0000   0.0000
    1658  -5.6241  -2.5363  13.2897   0.0000   0.0000   0.0000
    1659  -4.6932  -1.7775  13.8329   0.0000   0.0000   0.0000
    1660  -4.8722  -1.6228  13.9094   0.0000   0.0000   0.0000
    1661  -4.3167  -2.1665  14.4108   0.0000   0.0000   0.0000
    1662  -4.8565  -1.3223  13.8834   0.0000   0.0000   0.0000
    1663  -5.0033  -1.5071  13.8764   0.0000   0.0000   0.0000
    1664  -5.6381  -2.2667  14.5299   0.0000   0.0000   0.0000
    1665  -5.2613  -2.8090  14.5555   0.0000   0.0000   0.0000
    1666  -5.0232  -2.2140  13.6570   0.0000   0.0000   0.0000
    1667  -5.7791  -2.2516  14.8960   0.0000   0.0000   0.0000
    1668  -6.2687  -2.1881  15.0214   0.0000   0.0000   0.0000
    1669  -6.5773  -2.4890  14.8102   0.0000   0.0000   0.0000
    1670  -6.2090  -2.5544  14.7871   0.0000   0.0000   0.0000
    1671  -6.7876  -2.3562  15.0062   0.0000   0.0000   0.0000
    1672  -5.7873  -2.1411  14.9878   0.0000   0.0000   0.0000
    1673  -6.1524  -2.4278  14.9592   0.0000   0.0000   0.0000
    1674  -5.8616  -2.2923  15.1153   0.0000   0.0000   0.0000
    1675  -6.0880  -2.0640  15.3992   0.0000   0.0000   0.0000
    1676  -5.0543  -2.4447  16.7950   0.0000   0.0000   0.0000
    1677  -6.1962  -1.8837  15.7698   0.0000   0.0000   0.0000
    1678  -6.1123  -2.4607  16.4767   0.0000   0.0000   0.0000
    1679  -5.1943  -2.7378  16.1268   0.0000   0.0000   0.0000
    1680  -6.0871  -3.2332  15.1249   0.0000   0.0000   0.0000
    1681  -5.9635  -3.1674  15.2193   0.0000   0.0000   0.0000
    1682  -6.5615  -2.4318  14.8444   0.0000   0.0000   0.0000
    1683  -6.0315  -2.3752  15.7837   0.0000   0.0000   0.0000
    1684  -5.7732  -3.6254  15.6164   0.0000   0.0000   0.0000
    1685  -5.5718  -3.0372  16.3490   0.0000   0.0000   0.0000
    1686  -6.1663  -3.3346  15.9931   0.0000   0.0000   0.0000
    1687  -6.2182  -3.2112  16.2566   0.0000   0.0000   0.0000
    1688  -5.6918  -3.4381  16.1115   0.0000   0.0000   0.0000
    1689  -5.7897  -2.6626  15.7615   0.0000   0.0000   0.0000
    1690  -5.9204  -2.7922  15.5158   0.0000   0.0000   0.0000
    1691  -5.8123  -2.7767  15.4104   0.0000   0.0000   0.0000
    1692  -6.2189  -2.8400  14.9816   0.0000   0.0000   0.0000
    1693  -6.7016  -2.0223  14.6154   0.0000   0.0000   0.0000
    1694  -5.9730  -1.7847  15.3613   0.0000   0.0000   0.0000
    1695  -6.0699  -2.3456  14.9032   0.0000   0.0000   0.0000
    1696  -6.2636  -2.9580  14.7652   0.0000   0.0000   0.0000
    1697  -7.2179  -2.3657  15.4420   0.0000   0.0000   0.0000
    1698  -6.9361  -2.6327  15.4431   0.0000   0.0000   0.0000
    1699  -6.6051  -2.3381  15.2683   0.0000   0.0000   0.0000
    1700  -7.6080  -1.6423  14.2850   0.0000   0.0000   0.0000
    1701  -6.9788  -2.2257  14.5960   0.0000   0.0000   0.0000
    1702  -7.1787  -2.1908  14.9694   0.0000   0.0000   0.0000
    1703  -6.4660  -2.6217  14.4964   0.0000   0.0000   0.0000
    1704  -5.6270  -2.2493  14.8716   0.0000   0.0000   0.0000
    1705  -6.0934  -2.7929  15.8759   0.0000   0.0000   0.0000
    1706  -5.3708  -2.8258  16.1643   0.0000   0.0000   0.0000
    1707  -5.0907  -2.3607  15.1907   0.0000   0.0000   0.0000
    1708  -5.6393  -2.5049  15.9246   0.0000   0.0000   0.0000
    1709  -6.0229  -2.9805  16.0462   0.0000   0.0000   0.0000
    1710  -5.9159  -3.0969  16.0713   0.0000   0.0000   0.0000
    1711  -5.6525  -2.7756  15.7629   0.0000   0.0000   0.0000
    1712  -6.8930  -2.3971  15.6624   0.0000   0.0000   0.0000
    1713  -6.0932  -1.9178  15.2550   0.0000   0.0000   0.0000
    1714  -6.3709  -2.0795  14.9424   0.0000   0.0000   0.0000
    1715  -5.6660  -2.5876  14.8702   0.0000   0.0000   0.0000
    1716  -5.7351  -2.3236  14.5464   0.0000   0.0000   0.0000
    1717  -5.4391  -2.8192  14.9209   0.0000   0.0000   0.0000
    1718  -5.7197  -2.2894  15.2442   0.0000   0.0000   0.0000
    1719  -6.2224  -2.5011  14.6380   0.0000   0.0000   0.0000
    1720  -5.7826  -2.4468  14.4681   0.0000   0.0000   0.0000
    1721  -7.1380  -2.3088  14.1204   0.0000   0.0000   0.0000
    1722  -7.0822  -2.3601  14.3529   0.0000   0.0000   0.0000
    1723  -7.3212  -1.5657  14.4760   0.0000   0.0000   0.0000
    1724  -7.2133  -1.8843  14.9046   0.0000   0.0000   0.0000
    1725  -6.8158  -1.6556  14.3756   0.0000   0.0000   0.0000
    1726  -6.4862  -1.1846  15.1825   0.0000   0.0000   0.0000
    1727  -7.7711  -1.7623  15.5855   0.0000   0.0000   0.0000
    1728  -7.6739  -2.1151  15.0649   0.0000   0.0000   0.0000
    1729  -6.4810  -1.1913  15.3979   0.0000   0.0000   0.0000
    1730  -6.3195  -1.3359  14.2276   0.0000   0.0000   0.0000
    1731  -6.0388  -1.3783  14.9590   0.0000   0.0000   0.0000
    1732  -6.7221  -2.2184  14.2936   0.0000   0.0000   0.0000
    1733  -6.8142  -2.4127  14.3119   0.0000   0.0000   0.0000
    1734  -7.3119  -1.9308  14.6470   0.0000   0.0000   0.0000
    1735  -7.7926  -2.5366  13.9561   0.0000   0.0000   0.0000
    1736  -7.0968  -2.6432  14.7088   0.0000   0.0000   0.0000
    1737  -7.1751  -2.6993  14.4907   0.0000   0.0000   0.0000
    1738  -6.5353  -2.7789  15.0447   0.0000   0.0000   0.0000
    1739  -6.5081  -3.2227  14.5952   0.0000   0.0000   0.0000
    1740  -7.0785  -2.1930  14.1506   0.0000   0.0000   0.0000
    1741  -7.4361  -2.5412  14.3176   0.0000   0.0000   0.0000
    1742  -7.6895  -2.6014  14.2973   0.0000   0.0000   0.0000
    1743  -7.6527  -2.5625  14.6979   0.0000   0.0000   0.0000
    1744  -7.2305  -2.7105  14.8278   0.0000   0.0000   0.0000
    1745  -7.5710  -1.8675  14.0169   0.0000   0.0000   0.0000
    1746  -7.8838  -2.6744  14.1267   0.0000   0.0000   0.0000
    1747  -7.9513  -2.6583  13.8869   0.0000   0.0000   0.0000
    1748  -6.8982  -2.7647  13.2198   0.0000   0.0000   0.0000
    1749  -7.7740  -2.7995  13.1304   0.0000   0.0000   0.0000
    1750  -6.5256  -3.5076  13.2712   0.0000   0.0000   0.0000
    1751  -6.3325  -3.9450  12.9397   0.0000   0.0000   0.0000
    1752  -6.7842  -3.1047  12.9184   0.0000   0.0000   0.0000
    1753  -7.3619  -2.7356  13.9912   0.0000   0.0000   0.0000
    1754  -7.0357  -3.7145  13.6693   0.0000   0.0000   0.0000
    1755  -7.0971  -2.6498  13.0770   0.0000   0.0000   0.0000
    1756  -7.1195  -2.4280  13.2925   0.0000   0.0000   0.0000
    1757  -6.5991  -2.0660  13.4577   0.0000   0.0000   0.0000
    1758  -6.9245  -2.2181  13.3396   0.0000   0.0000   0.0000
    1759  -7.2400  -2.6425  13.5775   0.0000   0.0000   0.0000
    1760  -6.5706  -2.2531  13.5990   0.0000   0.0000   0.0000
    1761  -5.8194  -2.6554  13.9772   0.0000   0.0000   0.0000
    1762  -6.5263  -2.9011  14.5960   0.0000   0.0000   0.0000
    1763  -6.3947  -2.0505  14.5709   0.0000   0.0000   0.0000
    1764  -7.0018  -2.1446  14.2242   0.0000   0.0000   0.0000
    1765  -7.1695  -1.8566  14.0398   0.0000   0.0000   0.0000
    1766  -7.4215  -0.9130  13.9185   0.0000   0.0000   0.0000
    1767  -6.3447  -1.5356  13.5400   0.0000   0.0000   0.0000
    1768  -6.4104  -1.8606  13.6086   0.0000   0.0000   0.0000
    1769  -6.4992  -1.7939  14.1641   0.0000   0.0000   0.0000
    1770  -6.0466  -1.6746  14.1543   0.0000   0.0000   0.0000
    1771  -6.7371  -2.2553  14.2222   0.0000   0.0000   0.0000
    1772  -6.8181  -2.7993  14.3351   0.0000   0.0000   0.0000
    1773  -6.6284  -2.4804  14.8358   0.0000   0.0000   0.0000
    1774  -6.1651  -2.9904  14.0986   0.0000   0.0000   0.0000
    1775  -7.2039  -3.1627  14.0255   0.0000   0.0000   0.0000
    1776  -6.9388  -2.8453  14.1367   0.0000   0.0000   0.0000
    1777  -7.1564  -3.4281  15.0590   0.0000   0.0000   0.0000
    1778  -6.8089  -2.5264  13.9707   0.0000   0.0000   0.0000
    1779  -6.2922  -2.6747  13.3252   0.0000   0.0000   0.0000
    1780  -6.2389  -2.8435  13.8149   0.0000   0.0000   0.0000
    1781  -6.1749  -3.6671  13.9002   0.0000   0.0000   0.0000
    1782  -7.1344  -3.0766  14.1064   0.0000   0.0000   0.0000
    1783  -6.3157  -3.8686  13.9827   0.0000   0.0000   0.0000
    1784  -6.1344  -3.6703  14.6649   0.0000   0.0000   0.0000
    1785  -5.2105  -3.3693  13.9744   0.0000   0.0000   0.0000
    1786  -6.0862  -4.0757  14.2951   0.0000   0.0000   0.0000
    1787  -6.5047  -3.1358  14.5223   0.0000   0.0000   0.0000
    1788  -5.4217  -2.3174  14.7285   0.0000   0.0000   0.0000
    1789  -5.7403  -2.9084  14.4661   0.0000   0.0000   0.0000
    1790  -6.4054  -2.8798  15.2249   0.0000   0.0000   0.0000
    1791  -6.5342  -2.7517  14.9616   0.0000   0.0000   0.0000
    1792  -6.1423  -2.2605  14.6862   0.0000   0.0000   0.0000
    1793  -5.4349  -1.6524  14.7223   0.0000   0.0000   0.0000
    1794  -5.3263  -2.1951  14.3266   0.0000   0.0000   0.0000
    1795  -6.2553  -2.1700  14.7971   0.0000   0.0000   0.0000
    1796  -5.9551  -3.1412  14.3942   0.0000   0.0000   0.0000
    1797  -6.3822  -3.0493  13.9955   0.0000   0.0000   0.0000
    1798  -5.2859  -3.7606  14.8097   0.0000   0.0000   0.0000
    1799  -5.3515  -3.7099  14.7957   0.0000   0.0000   0.0000
    1800  -5.6573  -2.3986  15.3433   0.0000   0.0000   0.0000
    1801  -5.1548  -2.8303  14.9358   0.0000   0.0000   0.0000
    1802  -6.3791  -2.6737  14.5615   0.0000   0.0000   0.0000
    1803  -5.7480  -2.1698  15.5143   0.0000   0.0000   0.0000
    1804  -4.5678  -1.6208  15.1870   0.0000   0.0000   0.0000
    1805  -4.7435  -2.0758  15.3004   0.0000   0.0000   0.0000
    1806  -4.4481  -1.6013  15.1312   0.0000   0.0000   0.0000
    1807  -4.9214  -1.8309  14.9066   0.0000   0.0000   0.0000
    1808  -5.1576  -1.8729  14.1991   0.0000   0.0000   0.0000
    1809  -5.6454  -1.7573  14.9871   0.0000   0.0000   0.0000
    1810  -5.7069  -2.1051  14.3122   0.0000   0.0000   0.0000
    1811  -5.4116  -2.0660  14.9616   0.0000   0.0000   0.0000
    1812  -6.1094  -2.1427  15.8280   0.0000   0.0000   0.0000
    1813  -5.4397  -1.9797  15.5219   0.0000   0.0000   0.0000
    1814  -5.7026  -1.7792  15.4438   0.0000   0.0000   0.0000
    1815  -6.7964  -1.5362  15.0323   0.0000   0.0000   0.0000
    1816  -6.0822  -2.2585  15.4310   0.0000   0.0000   0.0000
    1817  -6.8563  -1.7074  15.5778   0.0000   0.0000   0.0000
    1818  -6.8690  -1.7495  15.1480   0.0000   0.0000   0.0000
    1819  -6.0334  -2.1506  15.2256   0.0000   0.0000   0.0000
    1820  -7.0390  -1.2066  14.8493   0.0000   0.0000   0.0000
    1821  -7.0978  -1.5365  15.1016   0.0000   0.0000   0.0000
    1822  -7.1783  -2.1031  14.7468   0.0000   0.0000   0.0000
    1823  -6.9631  -1.8940  15.0087   0.0000   0.0000   0.0000
    1824  -6.4621  -2.8322  14.6806   0.0000   0.0000   0.0000
    1825  -5.5205  -1.6157  13.7565   0.0000   0.0000   0.0000
    1826  -6.3637  -1.7202  13.8084   0.0000   0.0000   0.0000
    1827  -6.1106  -2.3485  13.8300   0.0000   0.0000   0.0000
    1828  -6.8807  -2.3800  13.0501   0.0000   0.0000   0.0000
    1829  -6.6762  -1.7529  13.4942   0.0000   0.0000   0.0000
    1830  -6.5284  -3.1028  13.5625   0.0000   0.0000   0.0000
    1831  -6.6430  -1.6579  13.6564   0.0000   0.0000   0.0000
    1832  -7.3914  -2.6454  14.0008   0.0000   0.0000   0.0000
    1833  -7.1348  -3.1120  14.5708   0.0000   0.0000   0.0000
    1834  -7.4124  -2.4672  13.8912   0.0000   0.0000   0.0000
    1835  -7.2619  -2.4159  14.1971   0.0000   0.0000   0.0000
    1836  -6.0115  -2.8851  13.7644   0.0000   0.0000   0.0000
    1837  -6.6030  -3.3097  13.3381   0.0000   0.0000   0.0000
    1838  -6.3257  -2.7656  14.2502   0.0000   0.0000   0.0000
    1839  -5.6108  -2.8724  14.0267   0.0000   0.0000   0.0000
    1840  -6.8128  -3.1308  15.2462   0.0000   0.0000   0.0000
    1841  -5.9138  -2.0869  14.9711   0.0000   0.0000   0.0000
    1842  -5.3091  -2.1550  14.8662   0.0000   0.0000   0.0000
    1843  -5.7149  -1.8294  14.3701   0.0000   0.0000   0.0000
    1844  -6.0365  -2.3313  14.7595   0.0000   0.0000   0.0000
    1845  -5.8369  -1.2118  14.7643   0.0000   0.0000   0.0000
    1846  -5.8642  -1.2003  14.2318   0.0000   0.0000   0.0000
    1847  -5.1979  -1.7857  14.4547   0.0000   0.0000   0.0000
    1848  -5.8491  -1.5400  14.5636   0.0000   0.0000   0.0000
    1849  -5.2840  -1.0366  14.1458   0.0000   0.0000   0.0000
    1850  -5.2310  -1.6137  13.5683   0.0000   0.0000   0.0000
    1851  -5.7542  -2.2941  13.5353   0.0000   0.0000   0.0000
    1852  -6.0717  -1.8934  13.3044   0.0000   0.0000   0.0000
    1853  -5.8884  -1.6071  13.2509   0.0000   0.0000   0.0000
    1854  -5.6056  -1.6165  14.0866   0.0000   0.0000   0.0000
    1855  -5.6819  -1.9032  12.8524   0.0000   0.0000   0.0000
    1856  -6.0596  -1.9845  13.7675   0.0000   0.0000   0.0000
    1857  -6.6498  -2.7540  14.0864   0.0000   0.0000   0.0000
    1858  -6.1373  -2.3587  13.9926   0.0000   0.0000   0.0000
    1859  -6.0035  -1.8375  13.9278   0.0000   0.0000   0.0000
    1860  -6.5538  -1.9574  13.8365   0.0000   0.0000   0.0000
    1861  -6.8566  -2.1311  13.2154   0.0000   0.0000   0.0000
    1862  -7.3898  -1.1697  13.3611   0.0000   0.0000   0.0000
    1863  -6.9562  -2.2852  13.8515   0.0000   0.0000   0.0000
    1864  -6.0832  -2.3818  13.9058   0.0000   0.0000   0.0000
    1865  -6.8588  -2.1600  13.0370   0.0000   0.0000   0.0000
    1866  -5.8276  -2.0349  13.4618   0.0000   0.0000   0.0000
    1867  -6.8943  -2.5415  13.7276   0.0000   0.0000   0.0000
    1868  -6.7460  -2.1250  13.3523   0.0000   0.0000   0.0000
    1869  -7.1920  -1.8831  13.1758   0.0000   0.0000   0.0000
    1870  -6.8515  -2.5502  13.3798   0.0000   0.0000   0.0000
    1871  -6.0469  -2.3546  12.8528   0.0000   0.0000   0.0000
    1872  -8.1340  -2.7025  13.4642   0.0000   0.0000   0.0000
    1873  -7.0752  -3.0130  13.3458   0.0000   0.0000   0.0000
    1874  -8.0569  -2.4410  13.3433   0.0000   0.0000   0.0000
    1875  -6.3208  -2.6092  13.6859   0.0000   0.0000   0.0000
    1876  -7.2924  -3.0614  13.9946   0.0000   0.0000   0.0000
    1877  -7.0858  -2.6012  13.8114   0.0000   0.0000   0.0000
    1878  -6.6591  -2.5811  14.2278   0.0000   0.0000   0.0000
    1879  -6.6508  -2.6118  14.6962   0.0000   0.0000   0.0000
    1880  -7.2944  -2.3667  14.3175   0.0000   0.0000   0.0000
    1881  -7.2193  -2.8994  13.2689   0.0000   0.0000   0.0000
    1882  -7.7058  -3.2229  13.8532   0.0000   0.0000   0.0000
    1883  -7.6931  -3.1943  14.0898   0.0000   0.0000   0.0000
    1884  -6.0140  -3.8477  14.0867   0.0000   0.0000   0.0000
    1885  -6.2344  -3.3741  14.6189   0.0000   0.0000   0.0000
    1886  -6.6011  -3.3211  14.2659   0.0000   0.0000   0.0000
    1887  -6.1885  -2.9120  13.7148   0.0000   0.0000   0.0000
    1888  -6.8356  -2.9986  13.9891   0.0000   0.0000   0.0000
    1889  -5.9428  -2.9760  14.4851   0.0000   0.0000   0.0000
    1890  -6.4634  -3.2344  14.4540   0.0000   0.0000   0.0000
    1891  -6.4645  -2.3695  14.9795   0.0000   0.0000   0.0000
    1892  -6.4000  -2.6422  14.2459   0.0000   0.0000   0.0000
    1893  -5.9392  -2.2214  13.9323   0.0000   0.0000   0.0000
    1894  -5.6850  -2.6205  13.8932   0.0000   0.0000   0.0000
    1895  -5.6980  -2.3160  13.9646   0.0000   0.0000   0.0000
    1896  -5.6338  -2.5634  12.8976   0.0000   0.0000   0.0000
    1897  -5.5958  -2.7610  12.1106   0.0000   0.0000   0.0000
    1898  -5.5481  -3.3185  12.3950   0.0000   0.0000   0.0000
    1899  -4.6379  -1.7243  13.0854   0.0000   0.0000   0.0000
    1900  -6.4353  -1.6727  13.5863   0.0000   0.0000   0.0000
    1901  -5.9865  -2.1737  13.5059   0.0000   0.0000   0.0000
    1902  -5.3115  -1.9841  13.2387   0.0000   0.0000   0.0000
    1903  -4.9229  -1.9511  13.6529   0.0000   0.0000   0.0000
    1904  -6.0978  -1.4329  13.4336   0.0000   0.0000   0.0000
    1905  -5.8416  -1.4949  13.0348   0.0000   0.0000   0.0000
    1906  -5.6775  -1.7759  13.1305   0.0000   0.0000   0.0000
    1907  -6.0640  -1.2535  13.1238   0.0000   0.0000   0.0000
    1908  -6.4712  -0.7174  13.4356   0.0000   0.0000   0.0000
    1909  -5.9169  -0.9034  12.5920   0.0000   0.0000   0.0000
    1910  -5.1289  -1.6796  12.2592   0.0000   0.0000   0.0000
    1911  -5.4632  -1.6679  12.6585   0.0000   0.0000   0.0000
    1912  -5.4985  -0.9886  11.6460   0.0000   0.0000   0.0000
    1913  -4.8930  -1.7129  12.4225   0.0000   0.0000   0.0000
    1914  -5.3652  -1.2109  12.2324   0.0000   0.0000   0.0000
    1915  -4.7341  -1.3195  12.4690   0.0000   0.0000   0.0000
    1916  -5.0471  -1.8589  12.1719   0.0000   0.0000   0.0000
    1917  -5.2770  -2.5543  12.0575   0.0000   0.0000   0.0000
    1918  -5.5965  -1.9995  12.4934   0.0000   0.0000   0.0000
    1919  -5.7642  -1.8384  12.6921   0.0000   0.0000   0.0000
    1920  -6.0847  -1.4947  13.0640   0.0000   0.0000   0.0000
    1921  -5.5919  -2.5768  12.3377   0.0000   0.0000   0.0000
    1922  -5.7169  -1.5530  11.2539   0.0000   0.0000   0.0000
    1923  -5.6477  -1.5644  12.1437   0.0000   0.0000   0.0000
    1924  -5.0736  -2.0745  12.6336   0.0000   0.0000   0.0000
    1925  -5.5564  -2.0590  13.0445   0.0000   0.0000   0.0000
    1926  -6.3975  -2.4787  12.3504   0.0000   0.0000   0.0000
    1927  -5.1477  -2.0834  13.1175   0.0000   0.0000   0.0000
    1928  -5.1316  -3.0226  13.8369   0.0000   0.0000   0.0000
    1929  -5.7893  -2.1306  13.2048   0.0000   0.0000   0.0000
    1930  -5.9334  -2.4702  12.9417   0.0000   0.0000   0.0000
    1931  -5.3066  -2.2181  13.7853   0.0000   0.0000   0.0000
    1932  -6.1046  -1.7811  13.4218   0.0000   0.0000   0.0000
    1933  -5.7816  -2.4713  13.2929   0.0000   0.0000   0.0000
    1934  -4.8792  -2.6049  13.3026   0.0000   0.0000   0.0000
    1935  -5.5739  -1.9428  13.0378   0.0000   0.0000   0.0000
    1936  -5.8157  -1.6585  13.3028   0.0000   0.0000   0.0000
    1937  -4.9803  -0.6187  12.7214   0.0000   0.0000   0.0000
    1938  -4.9742  -1.5356  13.5009   0.0000   0.0000   0.0000
    1939  -5.5680  -2.0534  12.8857   0.0000   0.0000   0.0000
    1940  -4.9339  -2.0908  13.2025   0.0000   0.0000   0.0000
    1941  -4.9165  -1.9423  13.9468   0.0000   0.0000   0.0000
    1942  -4.9634  -2.1385  14.1269   0.0000   0.0000   0.0000
    1943  -4.9692  -1.7158  13.9344   0.0000   0.0000   0.0000
    1944  -5.2551  -1.0654  13.5284   0.0000   0.0000   0.0000
    1945  -4.9400  -1.3815  13.6678   0.0000   0.0000   0.0000
    1946  -5.4958  -1.2325  13.6086   0.0000   0.0000   0.0000
    1947  -5.9057  -0.8693  13.7150   0.0000   0.0000   0.0000
    1948  -5.5365  -0.9716  13.7313   0.0000   0.0000   0.0000
    1949  -6.0173  -1.3460  13.6230   0.0000   0.0000   0.0000
    1950  -5.4100  -0.5923  13.6074   0.0000   0.0000   0.0000
    1951  -4.8409  -1.3374  14.0123   0.0000   0.0000   0.0000
    1952  -5.6915  -0.2388  13.5217   0.0000   0.0000   0.0000
    1953  -5.1992  -0.4082  14.1437   0.0000   0.0000   0.0000
    1954  -5.4696  -0.5592  13.8545   0.0000   0.0000   0.0000
    1955  -5.7064  -0.0704  13.0327   0.0000   0.0000   0.0000
    1956  -6.3954  -0.4875  13.1357   0.0000   0.0000   0.0000
    1957  -5.4779  -0.7636  13.4954   0.0000   0.0000   0.0000
    1958  -5.4628  -0.6184  14.4158   0.0000   0.0000   0.0000
    1959  -5.5109  -0.9569  14.3203   0.0000   0.0000   0.0000
    1960  -6.9018  -0.6664  14.6491   0.0000   0.0000   0.0000
    1961  -6.4868  -0.7147  14.1407   0.0000   0.0000   0.0000
    1962  -6.1814  -0.0627  14.2916   0.0000   0.0000   0.0000
    1963  -6.5540  -0.7178  13.8245   0.0000   0.0000   0.0000
    1964  -6.2418  -0.1911  14.5544   0.0000   0.0000   0.0000
    1965  -5.9420  -0.0410  15.0584   0.0000   0.0000   0.0000
    1966  -6.2061  -0.6576  15.3577   0.0000   0.0000   0.0000
    1967  -6.0439  -1.0599  14.4133   0.0000   0.0000   0.0000
    1968  -6.9848  -0.7634  13.8913   0.0000   0.0000   0.0000
    1969  -7.1963  -0.8423  13.8239   0.0000   0.0000   0.0000
    1970  -5.8052  -0.3774  14.4466   0.0000   0.0000   0.0000
    1971  -5.9738  -0.7406  14.6398   0.0000   0.0000   0.0000
    1972  -6.2371  -0.3204  14.9695   0.0000   0.0000   0.0000
    1973  -6.3636  -1.1059  13.9345   0.0000   0.0000   0.0000
    1974  -6.7425  -1.2875  14.7194   0.0000   0.0000   0.0000
    1975  -6.5421  -0.5233  14.6708   0.0000   0.0000   0.0000
    1976  -6.4060  -0.7464  14.1810   0.0000   0.0000   0.0000
    1977  -6.5765  -0.6368  14.1016   0.0000   0.0000   0.0000
    1978  -7.2521  -0.6775  14.5487   0.0000   0.0000   0.0000
    1979  -6.3853  -0.0285  14.1806   0.0000   0.0000   0.0000
    1980  -6.5503  -0.0984  15.1188   0.0000   0.0000   0.0000
    1981  -6.9602   0.0152  15.0314   0.0000   0.0000   0.0000
    1982  -6.8748  -0.7840  15.1666   0.0000   0.0000   0.0000
    1983  -6.9181  -0.4148  14.7605   0.0000   0.0000   0.0000
    1984  -6.6614  -0.2477  14.4853   0.0000   0.0000   0.0000
    1985  -6.4502  -0.7371  14.3871   0.0000   0.0000   0.0000
    1986  -6.8800  -1.0649  14.9707   0.0000   0.0000   0.0000
    1987  -6.6369  -0.3537  14.3486   0.0000   0.0000   0.0000
    1988  -6.1009  -0.6337  15.0442   0.0000   0.0000   0.0000
    1989  -6.6691  -0.7863  14.7885   0.0000   0.0000   0.0000
    1990  -6.4137  -0.6691  14.1810   0.0000   0.0000   0.0000
    1991  -6.7862  -1.5762  14.5866   0.0000   0.0000   0.0000
    1992  -6.8730  -1.4294  14.1564   0.0000   0.0000   0.0000
    1993  -7.1990  -1.3947  14.4810   0.0000   0.0000   0.0000
    1994  -7.0288  -1.9322  13.9636   0.0000   0.0000   0.0000
    1995  -6.0421  -1.3977  14.0168   0.0000   0.0000   0.0000
    1996  -6.4063  -0.9922  13.1493   0.0000   0.0000   0.0000
    1997  -6.2605  -1.3370  13.8248   0.0000   0.0000   0.0000
    1998  -7.2927  -0.3401  13.9182   0.0000   0.0000   0.0000
    1999  -6.2710  -0.8687  13.5783   0.0000   0.0000   0.0000
    2000  -6.1770  -0.2857  13.3731   0.0000   0.0000   0.0000
    2001  -6.6151  -0.5386  13.3647   0.0000   0.0000   0.0000
    2002  -5.6719  -0.8576  13.1658   0.0000   0.0000   0.0000
    2003  -6.5094  -1.1435  12.9304   0.0000   0.0000   0.0000
    2004  -6.6838  -0.8535  13.1499   0.0000   0.0000   0.0000
    2005  -6.5637  -0.8677  12.5726   0.0000   0.0000   0.0000
    2006  -6.1943  -1.0868  12.8202   0.0000   0.0000   0.0000
    2007  -6.0567  -1.5547  12.5697   0.0000   0.0000   0.0000
    2008  -5.9842  -0.6301  11.7593   0.0000   0.0000   0.0000
    2009  -6.1099  -0.7076  11.5725   0.0000   0.0000   0.0000
    2010  -5.6016  -0.3648  11.3543   0.0000   0.0000   0.0000
    2011  -6.0547   0.1726  10.9326   0.0000   0.0000   0.0000
    2012  -5.8454   0.2363  10.4820   0.0000   0.0000   0.0000
    2013  -6.0697   0.0368  11.5372   0.0000   0.0000   0.0000
    2014  -6.5477  -0.3852  10.6453   0.0000   0.0000   0.0000
    2015  -6.0146  -0.1362  11.5144   0.0000   0.0000   0.0000
    2016  -6.1379  -0.8811  12.0141   0.0000   0.0000   0.0000
    2017  -5.8651   0.1981  12.0151   0.0000   0.0000   0.0000
    2018  -5.2820  -0.1288  11.5341   0.0000   0.0000   0.0000
    2019  -4.9646   0.5212  12.0512   0.0000   0.0000   0.0000
    2020  -5.5946   0.5672  12.5020   0.0000   0.0000   0.0000
    2021  -5.4968   0.3860  12.4312   0.0000   0.0000   0.0000
    2022  -5.3443   1.0550  12.5318   0.0000   0.0000   0.0000
    2023  -5.9798   1.5580  12.6087   0.0000   0.0000   0.0000
    2024  -6.0252   0.2298  13.0071   0.0000   0.0000   0.0000
    2025  -5.6502   0.5340  13.4034   0.0000   0.0000   0.0000
    2026  -5.2285   0.3715  13.9291   0.0000   0.0000   0.0000
    2027  -5.6878   1.0629  13.2631   0.0000   0.0000   0.0000
    2028  -5.7956   0.8923  12.6148   0.0000   0.0000   0.0000
    2029  -5.4539   1.0772  12.8116   0.0000   0.0000   0.0000
    2030  -5.4770   0.2353  12.9036   0.0000   0.0000   0.0000
    2031  -4.5832   0.6528  12.3036   0.0000   0.0000   0.0000
    2032  -5.0039   1.0055  12.5101   0.0000   0.0000   0.0000
    2033  -4.1071   1.4220  13.1627   0.0000   0.0000   0.0000
    2034  -3.8040   0.6701  13.6220   0.0000   0.0000   0.0000
    2035  -2.9837  -0.0359  13.5941   0.0000   0.0000   0.0000
    2036  -4.4118   0.5077  13.4923   0.0000   0.0000   0.0000
    2037  -4.5858   0.1318  14.2642   0.0000   0.0000   0.0000
    2038  -4.4154  -0.0057  13.3859   0.0000   0.0000   0.0000
    2039  -3.9435  -0.1134  13.9394   0.0000   0.0000   0.0000
    2040  -4.5238  -0.4296  14.6321   0.0000   0.0000   0.0000
    2041  -4.5613  -0.5378  13.7446   0.0000   0.0000   0.0000
    2042  -5.0721   0.6912  14.0350   0.0000   0.0000   0.0000
    2043  -4.5205   0.6469  12.8553   0.0000   0.0000   0.0000
    2044  -4.4918   0.4515  13.1197   0.0000   0.0000   0.0000
    2045  -4.8561   0.1687  13.4643   0.0000   0.0000   0.0000
    2046  -4.3141   0.8316  14.4273   0.0000   0.0000   0.0000
    2047  -4.3604   0.3090  13.9307   0.0000   0.0000   0.0000
    2048  -4.5729   0.8400  13.4745   0.0000   0.0000   0.0000
    2049  -4.9160   0.6807  13.7145   0.0000   0.0000   0.0000
    2050  -5.4734   0.9547  13.6282   0.0000   0.0000   0.0000
    2051  -5.3946  -0.0294  13.3441   0.0000   0.0000   0.0000
    2052  -5.4297  -0.1648  13.5276   0.0000   0.0000   0.0000
    2053  -5.0072  -0.8351  12.8148   0.0000   0.0000   0.0000
    2054  -4.9153   0.0754  13.5153   0.0000   0.0000   0.0000
    2055  -4.8047  -0.9788  12.6487   0.0000   0.0000   0.0000
    2056  -5.2485  -0.9621  13.0085   0.0000   0.0000   0.0000
    2057  -5.0765  -0.8334  12.9041   0.0000   0.0000   0.0000
    2058  -5.3767  -0.7586  13.5863   0.0000   0.0000   0.0000
    2059  -5.6042  -0.8648  13.1266   0.0000   0.0000   0.0000
    2060  -5.1008  -2.0572  12.8702   0.0000   0.0000   0.0000
    2061  -5.7129  -0.8436  12.9456   0.0000   0.0000   0.0000
    2062  -6.1620  -1.3288  13.6001   0.0000   0.0000   0.0000
    2063  -5.2793  -1.4763  13.5109   0.0000   0.0000   0.0000
    2064  -5.1484  -1.1011  13.3473   0.0000   0.0000   0.0000
    2065  -5.3747   0.1252  13.1939   0.0000   0.0000   0.0000
    2066  -4.9892  -1.2429  13.1415   0.0000   0.0000   0.0000
    2067  -5.4481  -0.9594  12.9546   0.0000   0.0000   0.0000
    2068  -5.0498  -1.2266  12.5965   0.0000   0.0000   0.0000
    2069  -5.6173  -2.0046  12.9558   0.0000   0.0000   0.0000
    2070  -5.4742  -0.5543  13.1001   0.0000   0.0000   0.0000
    2071  -4.0157  -0.5599  12.8901   0.0000   0.0000   0.0000
    2072  -4.0795  -1.9118  13.1078   0.0000   0.0000   0.0000
    2073  -4.8348  -1.6966  12.8393   0.0000   0.0000   0.0000
    2074  -5.5366  -0.3643  12.4376   0.0000   0.0000   0.0000
    2075  -5.6106  -1.3349  12.7455   0.0000   0.0000   0.0000
    2076  -5.4790  -1.0189  12.1271   0.0000   0.0000   0.0000
    2077  -5.1113  -0.4383  12.1101   0.0000   0.0000   0.0000
    2078  -5.6906  -0.8531  12.3955   0.0000   0.0000   0.0000
    2079  -5.3903  -0.6050  12.6947   0.0000   0.0000   0.0000
    2080  -5.6082  -1.1966  12.0412   0.0000   0.0000   0.0000
    2081  -5.8663  -0.9145  11.8454   0.0000   0.0000   0.0000
    2082  -6.9631  -0.8538  13.0174   0.0000   0.0000   0.0000
    2083  -6.7023  -1.0705  12.6670   0.0000   0.0000   0.0000
    2084  -5.7422  -1.1564  12.6384   0.0000   0.0000   0.0000
    2085  -6.0641  -0.8380  12.5740   0.0000   0.0000   0.0000
    2086  -5.5699  -0.8830  13.6074   0.0000   0.0000   0.0000
    2087  -5.3598  -1.0925  12.7351   0.0000   0.0000   0.0000
    2088  -5.2795  -1.2994  12.2093   0.0000   0.0000   0.0000
    2089  -3.9051  -0.7360  12.4327   0.0000   0.0000   0.0000
    2090  -6.0801  -1.2017  12.5787   0.0000   0.0000   0.0000
    2091  -4.7865  -1.5714  12.4718   0.0000   0.0000   0.0000
    2092  -4.8279  -0.7224  12.1776   0.0000   0.0000   0.0000
    2093  -5.0802  -0.7476  12.1740   0.0000   0.0000   0.0000
    2094  -3.9556  -1.4487  11.9025   0.0000   0.0000   0.0000
    2095  -4.8272  -2.1663  12.3712   0.0000   0.0000   0.0000
    2096  -5.1591  -1.2945  11.9731   0.0000   0.0000   0.0000
    2097  -4.7574  -0.9311  12.5105   0.0000   0.0000   0.0000
    2098  -3.7160  -0.3930  11.9202   0.0000   0.0000   0.0000
    2099  -5.0171  -1.5058  12.1720   0.0000   0.0000   0.0000
    2100  -4.1064  -1.5695  12.9337   0.0000   0.0000   0.0000
    2101  -4.4486  -0.6507  12.7614   0.0000   0.0000   0.0000
    2102  -3.6527  -1.1083  12.6124   0.0000   0.0000   0.0000
    2103  -3.6289  -0.4984  12.7740   0.0000   0.0000   0.0000
    2104  -4.8425  -0.6334  13.4766   0.0000   0.0000   0.0000
    2105  -4.5370  -0.8723  13.9126   0.0000   0.0000   0.0000
    2106  -3.8326  -0.5880  13.1701   0.0000   0.0000   0.0000
    2107  -4.2653  -1.0990  13.7450   0.0000   0.0000   0.0000
    2108  -5.0787  -1.8774  14.2361   0.0000   0.0000   0.0000
    2109  -4.6343  -1.6790  14.0616   0.0000   0.0000   0.0000
    2110  -5.0264  -2.0166  13.6590   0.0000   0.0000   0.0000
    2111  -4.5161  -1.3657  13.6381   0.0000   0.0000   0.0000
    2112  -4.7925  -1.7380  12.8526   0.0000   0.0000   0.0000
    2113  -5.2711  -1.6666  13.5983   0.0000   0.0000   0.0000
    2114  -5.1033  -2.1534  13.5585   0.0000   0.0000   0.0000
    2115  -4.4158  -1.6628  13.0697   0.0000   0.0000   0.0000
    2116  -4.9456  -2.3618  13.6334   0.0000   0.0000   0.0000
    2117  -4.6189  -1.9473  12.0843   0.0000   0.0000   0.0000
    2118  -4.9220  -1.8774  12.8988   0.0000   0.0000   0.0000
    2119  -4.5512  -1.4760  12.0979   0.0000   0.0000   0.0000
    2120  -4.8563  -1.3937  12.1571   0.0000   0.0000   0.0000
    2121  -5.1478  -2.1908  13.3806   0.0000   0.0000   0.0000
    2122  -4.3509  -2.4970  12.8033   0.0000   0.0000   0.0000
    2123  -4.9204  -2.7308  13.4600   0.0000   0.0000   0.0000
    2124  -4.9702  -2.8583  13.4968   0.0000   0.0000   0.0000
    2125  -5.2273  -2.5060  12.7767   0.0000   0.0000   0.0000
    2126  -4.8071  -2.9982  13.3736   0.0000   0.0000   0.0000
    2127  -4.7510  -3.0809  13.1694   0.0000   0.0000   0.0000
    2128  -3.9975  -3.2931  13.2176   0.0000   0.0000   0.0000
    2129  -4.4209  -3.0921  13.7256   0.0000   0.0000   0.0000
    2130  -4.2725  -1.0077  13.6460   0.0000   0.0000   0.0000
    2131  -4.3467  -1.4150  13.9658   0.0000   0.0000   0.0000
    2132  -3.4415  -1.3272  13.5562   0.0000   0.0000   0.0000
    2133  -3.6987  -3.0117  13.8814   0.0000   0.0000   0.0000
    2134  -3.4222  -2.3970  13.9098   0.0000   0.0000   0.0000
    2135  -3.8213  -1.7306  13.5590   0.0000   0.0000   0.0000
    2136  -3.9928  -1.9674  12.8046   0.0000   0.0000   0.0000
    2137  -3.4335  -1.6968  13.3521   0.0000   0.0000   0.0000
    2138  -3.5589  -2.1556  13.9792   0.0000   0.0000   0.0000
    2139  -3.8577  -1.4046  14.0352   0.0000   0.0000   0.0000
    2140  -4.2540  -1.2168  14.5689   0.0000   0.0000   0.0000
    2141  -4.1518  -1.6600  14.5773   0.0000   0.0000   0.0000
    2142  -5.1592  -0.9756  14.7908   0.0000   0.0000   0.0000
    2143  -4.4779  -0.8912  14.4057   0.0000   0.0000   0.0000
    2144  -5.2339  -1.8110  14.6829   0.0000   0.0000   0.0000
    2145  -5.2542  -0.4651  14.9860   0.0000   0.0000   0.0000
    2146  -5.7193   0.0566  14.4093   0.0000   0.0000   0.0000
    2147  -5.5922  -0.7864  14.5531   0.0000   0.0000   0.0000
    2148  -4.8328  -1.5820  14.7287   0.0000   0.0000   0.0000
    2149  -5.2049  -1.1968  14.3718   0.0000   0.0000   0.0000
    2150  -4.7176  -1.5132  14.4917   0.0000   0.0000   0.0000
    2151  -4.7893  -1.4541  13.5455   0.0000   0.0000   0.0000
    2152  -5.8179  -2.6459  13.5798   0.0000   0.0000   0.0000
    2153  -6.1081  -1.8398  13.5020   0.0000   0.0000   0.0000
    2154  -6.5658  -1.8624  13.3935   0.0000   0.0000   0.0000
    2155  -6.0547  -2.0530  13.7664   0.0000   0.0000   0.0000
    2156  -5.8025  -1.3667  13.8042   0.0000   0.0000   0.0000
    2157  -5.2540  -1.5574  13.9959   0.0000   0.0000   0.0000
    2158  -5.7096  -1.9246  13.8373   0.0000   0.0000   0.0000
    2159  -5.3671  -1.5691  14.0244   0.0000   0.0000   0.0000
    2160  -5.2119  -1.8031  14.2008   0.0000   0.0000   0.0000
    2161  -4.3144  -2.0788  13.8342   0.0000   0.0000   0.0000
    2162  -5.1715  -2.0046  14.8281   0.0000   0.0000   0.0000
    2163  -3.7783  -2.6843  13.4352   0.0000   0.0000   0.0000
    2164  -3.9195  -2.5742  13.7551   0.0000   0.0000   0.0000
    2165  -4.2040  -1.9068  13.7052   0.0000   0.0000   0.0000
    2166  -3.6702  -2.8533  13.2090   0.0000   0.0000   0.0000
    2167  -3.9846  -2.8011  12.8683   0.0000   0.0000   0.0000
    2168  -3.7957  -2.5860  13.0585   0.0000   0.0000   0.0000
    2169  -3.7164  -2.1044  12.2568   0.0000   0.0000   0.0000
    2170  -5.0023  -1.8202  12.3046   0.0000   0.0000   0.0000
    2171  -4.9906  -2.4772  12.9050   0.0000   0.0000   0.0000
    2172  -4.6921  -2.0080  12.7649   0.0000   0.0000   0.0000
    2173  -4.5199  -2.1820  12.0015   0.0000   0.0000   0.0000
    2174  -3.7576  -1.5094  12.2798   0.0000   0.0000   0.0000
    2175  -4.1824  -2.0916  12.7372   0.0000   0.0000   0.0000
    2176  -3.0874  -1.7240  12.8256   0.0000   0.0000   0.0000
    2177  -3.2020  -2.0943  12.3231   0.0000   0.0000   0.0000
    2178  -3.3758  -2.0024  11.7852   0.0000   0.0000   0.0000
    2179  -3.3817  -1.6750  11.7975   0.0000   0.0000   0.0000
    2180  -3.8667  -0.7060  12.0133   0.0000   0.0000   0.0000
    2181  -2.4757  -1.4686  12.6023   0.0000   0.0000   0.0000
    2182  -3.3978  -2.3149  13.0854   0.0000   0.0000   0.0000
    2183  -3.7727  -2.1655  12.2005   0.0000   0.0000   0.0000
    2184  -3.3921  -1.1303  12.5397   0.0000   0.0000   0.0000
    2185  -3.0293  -0.8278  12.8077   0.0000   0.0000   0.0000
    2186  -3.6584  -1.1597  12.5171   0.0000   0.0000   0.0000
    2187  -3.3654  -2.3990  12.8951   0.0000   0.0000   0.0000
    2188  -2.9696  -2.0411  12.6609   0.0000   0.0000   0.0000
    2189  -3.2572  -2.0099  12.2848   0.0000   0.0000   0.0000
    2190  -3.4161  -1.7371  12.9864   0.0000   0.0000   0.0000
    2191  -3.3732  -1.8013  13.4303   0.0000   0.0000   0.0000
    2192  -2.8543  -1.2965  12.4134   0.0000   0.0000   0.0000
    2193  -2.6148  -1.1390  12.1156   0.0000   0.0000   0.0000
    2194  -3.3256  -0.9809  12.8589   0.0000   0.0000   0.0000
    2195  -3.9910  -1.1057  13.4616   0.0000   0.0000   0.0000
    2196  -3.4916  -0.9461  13.2064   0.0000   0.0000   0.0000
    2197  -3.4853  -0.8585  12.3493   0.0000   0.0000   0.0000
    2198  -3.6774  -1.7349  13.3545   0.0000   0.0000   0.0000
    2199  -2.8092   0.1552  13.2794   0.0000   0.0000   0.0000
    2200  -2.9835  -0.3673  12.4952   0.0000   0.0000   0.0000
    2201  -3.7142  -0.5964  12.2558   0.0000   0.0000   0.0000
    2202  -3.1174  -1.2422  12.6394   0.0000   0.0000   0.0000
    2203  -3.2104  -0.3490  12.1507   0.0000   0.0000   0.0000
    2204  -3.5693  -0.9658  11.9840   0.0000   0.0000   0.0000
    2205  -3.5386  -1.4042  12.5757   0.0000   0.0000   0.0000
    2206  -3.4202  -0.6789  12.3003   0.0000   0.0000   0.0000
    2207  -3.7675  -0.6150  12.4372   0.0000   0.0000   0.0000
    2208  -3.7166  -1.2181  12.7823   0.0000   0.0000   0.0000
    2209  -4.1020  -1.2075  12.4165   0.0000   0.0000   0.0000
    2210  -4.0558  -1.3074  11.8439   0.0000   0.0000   0.0000
    2211  -3.6108  -1.2891  11.6221   0.0000   0.0000   0.0000
    2212  -4.0751  -1.3860  11.7747   0.0000   0.0000   0.0000
    2213  -4.0034  -0.6945  11.2721   0.0000   0.0000   0.0000
    2214  -4.4066  -0.4720  11.3008   0.0000   0.0000   0.0000
    2215  -4.6615  -0.7909  11.4587   0.0000   0.0000   0.0000
    2216  -4.7027  -1.2808  11.8319   0.0000   0.0000   0.0000
    2217  -4.2607  -1.4279  12.3349   0.0000   0.0000   0.0000
    2218  -4.5620  -1.3655  11.6873   0.0000   0.0000   0.0000
    2219  -4.2863  -0.5120  12.0507   0.0000   0.0000   0.0000
    2220  -5.9186  -2.3337  11.7360   0.0000   0.0000   0.0000
    2221  -4.6479  -1.0444  12.2237   0.0000   0.0000   0.0000
    2222  -4.6221  -1.5654  11.3469   0.0000   0.0000   0.0000
    2223  -4.6713  -1.2085  11.6342   0.0000   0.0000   0.0000
    2224  -4.3617  -1.6441  12.1032   0.0000   0.0000   0.0000
    2225  -4.2219  -0.9401  12.3056   0.0000   0.0000   0.0000
    2226  -4.6443  -1.1707  11.6627   0.0000   0.0000   0.0000
    2227  -4.5776  -0.7667  11.8771   0.0000   0.0000   0.0000
    2228  -3.7648  -1.8062  12.1478   0.0000   0.0000   0.0000
    2229  -4.9563  -1.7411  12.0417   0.0000   0.0000   0.0000
    2230  -4.6214  -1.1391  12.5284   0.0000   0.0000   0.0000
    2231  -4.5749  -1.6326  12.1941   0.0000   0.0000   0.0000
    2232  -5.2368  -1.0743  12.1136   0.0000   0.0000   0.0000
    2233  -5.1928  -1.1310  13.2356   0.0000   0.0000   0.0000
    2234  -4.0874  -1.4191  12.4410   0.0000   0.0000   0.0000
    2235  -4.0200  -0.5599  11.8565   0.0000   0.0000   0.0000
    2236  -4.0301  -0.8180  11.7454   0.0000   0.0000   0.0000
    2237  -4.7136  -0.8759  12.3626   0.0000   0.0000   0.0000
    2238  -4.3192  -0.6093  12.5714   0.0000   0.0000   0.0000
    2239  -3.9285  -0.5160  12.3531   0.0000   0.0000   0.0000
    2240  -4.7053  -1.0088  11.6038   0.0000   0.0000   0.0000
    2241  -4.6366  -0.8882  11.8481   0.0000   0.0000   0.0000
    2242  -4.4574  -1.1930  12.3989   0.0000   0.0000   0.0000
    2243  -5.1023  -0.1939  12.2985   0.0000   0.0000   0.0000
    2244  -3.9901  -0.3959  12.0162   0.0000   0.0000   0.0000
    2245  -5.1072  -0.9351  13.1193   0.0000   0.0000   0.0000
    2246  -4.4084  -0.5111  12.8453   0.0000   0.0000   0.0000
    2247  -4.6313  -0.1837  13.2652   0.0000   0.0000   0.0000
    2248  -4.7794   0.4172  13.6405   0.0000   0.0000   0.0000
    2249  -5.3986   0.2542  13.7152   0.0000   0.0000   0.0000
    2250  -4.4621   0.6014  13.9961   0.0000   0.0000   0.0000
    2251  -4.1900  -0.4658  13.4364   0.0000   0.0000   0.0000
    2252  -4.5869  -0.8555  13.4102   0.0000   0.0000   0.0000
    2253  -5.0265  -1.0598  13.4377   0.0000   0.0000   0.0000
    2254  -4.7481  -0.6717  13.2649   0.0000   0.0000   0.0000
    2255  -4.9044  -0.4129  13.1112   0.0000   0.0000   0.0000
    2256  -3.9874   0.0697  13.1164   0.0000   0.0000   0.0000
    2257  -5.2704   0.1533  13.3234   0.0000   0.0000   0.0000
    2258  -4.8181   0.0870  13.9925   0.0000   0.0000   0.0000
    2259  -4.7755   0.5519  13.4829   0.0000   0.0000   0.0000
    2260  -5.9418   0.7193  14.3227   0.0000   0.0000   0.0000
    2261  -5.6142  -0.2292  14.5791   0.0000   0.0000   0.0000
    2262  -5.4081  -0.1437  13.3097   0.0000   0.0000   0.0000
    2263  -6.1830  -0.0459  13.9766   0.0000   0.0000   0.0000
    2264  -5.2938  -0.6235  14.3720   0.0000   0.0000   0.0000
    2265  -5.0639  -0.4729  13.9621   0.0000   0.0000   0.0000
    2266  -6.1804  -1.2263  13.2397   0.0000   0.0000   0.0000
    2267  -5.6421  -0.9017  13.3154   0.0000   0.0000   0.0000
    2268  -5.6721  -0.7722  12.8415   0.0000   0.0000   0.0000
    2269  -6.1529  -0.3863  12.4487   0.0000   0.0000   0.0000
    2270  -6.1187   0.4796  12.5807   0.0000   0.0000   0.0000
    2271  -5.9447  -0.1264  12.4432   0.0000   0.0000   0.0000
    2272  -6.0357  -0.6274  13.3719   0.0000   0.0000   0.0000
    2273  -6.1515   0.5850  13.4593   0.0000   0.0000   0.0000
    2274  -5.4998   0.4003  13.6420   0.0000   0.0000   0.0000
    2275  -5.6614   0.4693  13.2709   0.0000   0.0000   0.0000
    2276  -4.9519   0.1361  13.0241   0.0000   0.0000   0.0000
    2277  -5.2199   0.2402  12.5487   0.0000   0.0000   0.0000
    2278  -5.2790   0.8170  12.2426   0.0000   0.0000   0.0000
    2279  -4.9893   1.2761  12.2461   0.0000   0.0000   0.0000
    2280  -5.4740   0.9348  13.0786   0.0000   0.0000   0.0000
    2281  -5.6001   1.4821  12.3232   0.0000   0.0000   0.0000
    2282  -5.2159   1.2616  13.2012   0.0000   0.0000   0.0000
    2283  -4.7604   1.8658  12.5983   0.0000   0.0000   0.0000
    2284  -5.0849   1.4525  12.5519   0.0000   0.0000   0.0000
    2285  -5.0414   1.8899  12.8297   0.0000   0.0000   0.0000
    2286  -5.0827   1.7840  11.8771   0.0000   0.0000   0.0000
    2287  -5.1103   1.3508  11.9129   0.0000   0.0000   0.0000
    2288  -4.9612   0.5458  12.1887   0.0000   0.0000   0.0000
    2289  -4.6821   0.0063  12.1397   0.0000   0.0000   0.0000
    2290  -6.1330  -0.0026  11.9339   0.0000   0.0000   0.0000
    2291  -5.7046   0.0293  11.9840   0.0000   0.0000   0.0000
    2292  -4.3309  -0.7908  13.2762   0.0000   0.0000   0.0000
    2293  -5.0928   0.5440  12.2937   0.0000   0.0000   0.0000
    2294  -4.8249   1.6688  12.0850   0.0000   0.0000   0.0000
    2295  -4.8563   0.3473  12.1544   0.0000   0.0000   0.0000
    2296  -4.2070   0.4744  11.6462   0.0000   0.0000   0.0000
    2297  -5.0700   0.5801  11.7384   0.0000   0.0000   0.0000
    2298  -4.4619  -0.2933  12.1380   0.0000   0.0000   0.0000
    2299  -5.2240  -0.0210  12.1071   0.0000   0.0000   0.0000
    2300  -4.8460  -0.7219  13.3786   0.0000   0.0000   0.0000
    2301  -4.0237   0.2006  13.0005   0.0000   0.0000   0.0000
    2302  -4.6826   0.1966  12.8560   0.0000   0.0000   0.0000
    2303  -4.7553   0.1299  13.1242   0.0000   0.0000   0.0000
    2304  -4.1075   0.0728  13.6325   0.0000   0.0000   0.0000
    2305  -4.7608   0.1958  13.4389   0.0000   0.0000   0.0000
    2306  -5.1224   0.7228  14.3730   0.0000   0.0000   0.0000
    2307  -4.7737   0.7662  14.4181   0.0000   0.0000   0.0000
    2308  -5.7393   1.1371  13.2129   0.0000   0.0000   0.0000
    2309  -5.7187   0.4303  13.7867   0.0000   0.0000   0.0000
    2310  -5.0893   0.9106  14.2092   0.0000   0.0000   0.0000
    2311  -4.7859   2.3946  13.9315   0.0000   0.0000   0.0000
    2312  -5.3865   1.2021  13.7859   0.0000   0.0000   0.0000
    2313  -5.2098   1.3759  12.9722   0.0000   0.0000   0.0000
    2314  -5.2351   1.5837  13.3088   0.0000   0.0000   0.0000
    2315  -5.7342   1.3895  13.2745   0.0000   0.0000   0.0000
    2316  -5.4663   2.1761  13.0741   0.0000   0.0000   0.0000
    2317  -6.1923   0.6730  13.2188   0.0000   0.0000   0.0000
    2318  -6.6596   1.7697  13.5728   0.0000   0.0000   0.0000
    2319  -6.6817   1.2392  12.8230   0.0000   0.0000   0.0000
    2320  -6.9986   1.5649  13.6953   0.0000   0.0000   0.0000
    2321  -6.7830   0.5148  14.1851   0.0000   0.0000   0.0000
    2322  -6.0610   1.4589  13.0822   0.0000   0.0000   0.0000
    2323  -6.1863   0.4376  13.7243   0.0000   0.0000   0.0000
    2324  -5.4105   0.7604  13.3139   0.0000   0.0000   0.0000
    2325  -6.1675   0.0782  14.1028   0.0000   0.0000   0.0000
    2326  -6.1376   0.3221  14.0357   0.0000   0.0000   0.0000
    2327  -6.5474  -0.6656  14.7189   0.0000   0.0000   0.0000
    2328  -6.7582   0.1156  14.8803   0.0000   0.0000   0.0000
    2329  -5.7802  -0.6601  15.3168   0.0000   0.0000   0.0000
    2330  -5.7610  -0.4667  15.3020   0.0000   0.0000   0.0000
    2331  -5.4696  -1.0134  15.2223   0.0000   0.0000   0.0000
    2332  -5.3993   0.0285  14.7220   0.0000   0.0000   0.0000
    2333  -5.1474  -0.1442  13.9952   0.0000   0.0000   0.0000
    2334  -5.5992  -0.8683  14.6085   0.0000   0.0000   0.0000
    2335  -5.4623  -0.6021  14.8759   0.0000   0.0000   0.0000
    2336  -5.7739  -0.5720  15.1075   0.0000   0.0000   0.0000
    2337  -5.8637  -0.5919  14.7093   0.0000   0.0000   0.0000
    2338  -5.3792  -0.4844  14.3635   0.0000   0.0000   0.0000
    2339  -6.1692  -1.0677  14.9833   0.0000   0.0000   0.0000
    2340  -5.6769  -0.6040  14.2115   0.0000   0.0000   0.0000
    2341  -5.6504  -0.4704  13.7590   0.0000   0.0000   0.0000
    2342  -5.9930  -0.2420  13.9350   0.0000   0.0000   0.0000
    2343  -6.1853  -0.2212  14.5524   0.0000   0.0000   0.0000
    2344  -5.4331  -0.6398  14.4983   0.0000   0.0000   0.0000
    2345  -5.2453  -0.5502  14.3705   0.0000   0.0000   0.0000
    2346  -6.1806  -0.6763  14.8615   0.0000   0.0000   0.0000
    2347  -5.0157  -0.7464  14.6270   0.0000   0.0000   0.0000
    2348  -5.1707  -1.4566  14.3572   0.0000   0.0000   0.0000
    2349  -5.6687  -0.7680  14.8391   0.0000   0.0000   0.0000
    2350  -5.8984  -1.1806  14.9404   0.0000   0.0000   0.0000
    2351  -5.2033  -0.9706  15.1866   0.0000   0.0000   0.0000
    2352  -4.6817  -1.1446  15.3566   0.0000   0.0000   0.0000
    2353  -4.2657  -1.5628  15.4465   0.0000   0.0000   0.0000
    2354  -5.4747  -0.9046  15.0772   0.0000   0.0000   0.0000
    2355  -4.4387  -1.4835  14.9007   0.0000   0.0000   0.0000
    2356  -5.5420  -0.9718  14.4927   0.0000   0.0000   0.0000
    2357  -5.2693  -0.8221  14.6376   0.0000   0.0000   0.0000
    2358  -4.9768  -1.4296  14.2708   0.0000   0.0000   0.0000
    2359  -5.0178  -1.1707  14.7733   0.0000   0.0000   0.0000
    2360  -4.4073  -1.2806  15.3791   0.0000   0.0000   0.0000
    2361  -4.7303  -0.0615  15.0183   0.0000   0.0000   0.0000
    2362  -4.6496  -0.8126  14.7004   0.0000   0.0000   0.0000
    2363  -4.6087  -0.7218  14.5743   0.0000   0.0000   0.0000
    2364  -4.0249  -1.5050  14.5779   0.0000   0.0000   0.0000
    2365  -4.5510   0.0511  14.4047   0.0000   0.0000   0.0000
    2366  -4.0744  -0.3359  14.3607   0.0000   0.0000   0.0000
    2367  -3.1488   0.6499  14.9120   0.0000   0.0000   0.0000
    2368  -3.6312   0.3823  15.1134   0.0000   0.0000   0.0000
    2369  -4.9007  -0.6093  15.5486   0.0000   0.0000   0.0000
    2370  -4.5553  -0.7190  15.9108   0.0000   0.0000   0.0000
    2371  -4.2022  -0.3350  15.8125   0.0000   0.0000   0.0000
    2372  -4.0113  -0.1612  15.9157   0.0000   0.0000   0.0000
    2373  -4.9084  -0.2488  14.7118   0.0000   0.0000   0.0000
    2374  -5.3474   0.2639  15.0084   0.0000   0.0000   0.0000
    2375  -4.7390  -0.0845  15.0787   0.0000   0.0000   0.0000
    2376  -4.3078  -0.4565  15.4026   0.0000   0.0000   0.0000
    2377  -3.7181   0.0449  14.3166   0.0000   0.0000   0.0000
    2378  -3.7005  -0.4587  14.3076   0.0000   0.0000   0.0000
    2379  -3.6947  -0.3451  14.4233   0.0000   0.0000   0.0000
    2380  -4.1468  -0.7035  14.8415   0.0000   0.0000   0.0000
    2381  -3.5926  -0.6844  14.7725   0.0000   0.0000   0.0000
    2382  -4.2580  -1.5936  15.3193   0.0000   0.0000   0.0000
    2383  -4.1462  -1.2363  15.1229   0.0000   0.0000   0.0000
    2384  -4.5277  -0.9898  15.0829   0.0000   0.0000   0.0000
    2385  -4.9784  -0.7978  15.1709   0.0000   0.0000   0.0000
    2386  -4.6174  -1.0229  15.2491   0.0000   0.0000   0.0000
    2387  -4.6523  -0.8927  15.1615   0.0000   0.0000   0.0000
    2388  -5.0905  -0.6752  14.4214   0.0000   0.0000   0.0000
    2389  -4.6329  -1.9299  13.9311   0.0000   0.0000   0.0000
    2390  -4.7136  -1.2352  14.9709   0.0000   0.0000   0.0000
    2391  -4.9748  -0.8908  15.3060   0.0000   0.0000   0.0000
    2392  -5.3442  -0.5496  15.1885   0.0000   0.0000   0.0000
    2393  -5.0347  -0.0000  15.1519   0.0000   0.0000   0.0000
    2394  -4.6703  -0.5496  14.9978   0.0000   0.0000   0.0000
    2395  -4.0134  -1.5930  15.6086   0.0000   0.0000   0.0000
    2396  -4.5577  -1.1317  14.6926   0.0000   0.0000   0.0000
    2397  -4.4710  -0.6405  14.9091   0.0000   0.0000   0.0000
    2398  -4.7731  -0.5445  14.9501   0.0000   0.0000   0.0000
    2399  -4.3674  -1.0368  14.9441   0.0000   0.0000   0.0000
    2400  -5.1341  -1.2999  14.7194   0.0000   0.0000   0.0000
    2401  -4.8065  -1.7371  15.2867   0.0000   0.0000   0.0000
    2402  -4.9782  -1.1695  14.4303   0.0000   0.0000   0.0000
    2403  -4.6754  -0.9401  15.1997   0.0000   0.0000   0.0000
    2404  -5.0022  -0.3518  15.0650   0.0000   0.0000   0.0000
    2405  -5.4137   0.0755  14.8516   0.0000   0.0000   0.0000
    2406  -5.4230  -0.1806  14.5619   0.0000   0.0000   0.0000
    2407  -4.4101  -0.9807  15.3457   0.0000   0.0000   0.0000
    2408  -4.3852   0.2842  14.9698   0.0000   0.0000   0.0000
    2409  -5.0774   0.1971  14.8563   0.0000   0.0000   0.0000
    2410  -5.2720  -0.2195  14.6907   0.0000   0.0000   0.0000
    2411  -5.3007  -0.4082  14.4758   0.0000   0.0000   0.0000
    2412  -4.5110  -0.2781  14.9091   0.0000   0.0000   0.0000
    2413  -5.2681  -1.0422  14.5873   0.0000   0.0000   0.0000
    2414  -5.1299   0.0422  14.4950   0.0000   0.0000   0.0000
    2415  -5.1485  -1.4125  14.1856   0.0000   0.0000   0.0000
    2416  -5.2266  -0.0563  13.7334   0.0000   0.0000   0.0000
    2417  -4.9630  -1.1557  13.5021   0.0000   0.0000   0.0000
    2418  -4.5771  -0.9230  14.2295   0.0000   0.0000   0.0000
    2419  -4.3668  -0.1958  13.5746   0.0000   0.0000   0.0000
    2420  -4.2761   0.4173  14.1455   0.0000   0.0000   0.0000
    2421  -4.2833  -0.0814  13.8856   0.0000   0.0000   0.0000
    2422  -3.6992   0.5079  13.5157   0.0000   0.0000   0.0000
    2423  -4.4263  -0.2796  13.7534   0.0000   0.0000   0.0000
    2424  -4.3367  -0.1166  13.9924   0.0000   0.0000   0.0000
    2425  -4.0259   0.3915  14.0568   0.0000   0.0000   0.0000
    2426  -4.8741   0.4739  13.8250   0.0000   0.0000   0.0000
    2427  -4.7466   0.0349  13.0760   0.0000   0.0000   0.0000
    2428  -5.2642  -1.4194  13.2004   0.0000   0.0000   0.0000
    2429  -4.5183  -0.5275  13.3700   0.0000   0.0000   0.0000
    2430  -5.5706   0.1388  13.4607   0.0000   0.0000   0.0000
    2431  -5.9317  -0.4239  13.9953   0.0000   0.0000   0.0000
    2432  -5.5324  -0.6874  14.2194   0.0000   0.0000   0.0000
    2433  -5.1163  -1.2360  14.4618   0.0000   0.0000   0.0000
    2434  -3.6753  -1.4076  14.7060   0.0000   0.0000   0.0000
    2435  -4.5810  -1.0233  14.7889   0.0000   0.0000   0.0000
    2436  -4.5181  -0.7814  14.8771   0.0000   0.0000   0.0000
    2437  -4.1128  -1.0931  16.0890   0.0000   0.0000   0.0000
    2438  -4.5677  -1.2121  15.9238   0.0000   0.0000   0.0000
    2439  -3.5023  -0.8984  14.8139   0.0000   0.0000   0.0000
    2440  -4.1869  -1.4193  14.7717   0.0000   0.0000   0.0000
    2441  -3.5595  -1.8623  14.3737   0.0000   0.0000   0.0000
    2442  -3.2574  -0.7863  14.6652   0.0000   0.0000   0.0000
    2443  -3.8747  -1.2210  15.2584   0.0000   0.0000   0.0000
    2444  -3.3420  -1.2641  15.1711   0.0000   0.0000   0.0000
    2445  -4.0919  -1.0638  14.6980   0.0000   0.0000   0.0000
    2446  -3.8468  -1.5472  15.4260   0.0000   0.0000   0.0000
    2447  -4.6765  -1.6200  15.3149   0.0000   0.0000   0.0000
    2448  -4.2293  -0.8696  14.7330   0.0000   0.0000   0.0000
    2449  -4.9354  -1.4458  15.4510   0.0000   0.0000   0.0000
    2450  -3.5635  -2.0466  15.5968   0.0000   0.0000   0.0000
    2451  -3.3120  -1.9144  16.0799   0.0000   0.0000   0.0000
    2452  -3.2596  -2.7007  16.0669   0.0000   0.0000   0.0000
    2453  -3.7695  -2.2430  15.5457   0.0000   0.0000   0.0000
    2454  -3.1413  -1.6990  15.4356   0.0000   0.0000   0.0000
    2455  -2.4885  -1.0572  15.6326   0.0000   0.0000   0.0000
    2456  -3.7518  -1.2052  15.6980   0.0000   0.0000   0.0000
    2457  -2.7214  -0.7371  15.8323   0.0000   0.0000   0.0000
    2458  -3.1036  -0.4676  15.2919   0.0000   0.0000   0.0000
    2459  -3.0275  -1.0680  15.3597   0.0000   0.0000   0.0000
    2460  -4.1869  -1.2506  15.6574   0.0000   0.0000   0.0000
    2461  -4.3766  -1.5894  16.0095   0.0000   0.0000   0.0000
    2462  -3.6428  -1.1607  15.4271   0.0000   0.0000   0.0000
    2463  -4.6400  -1.0341  15.2547   0.0000   0.0000   0.0000
    2464  -3.4880  -1.2337  15.4109   0.0000   0.0000   0.0000
    2465  -3.6210  -1.6066  15.2487   0.0000   0.0000   0.0000
    2466  -4.4646  -0.9014  15.0040   0.0000   0.0000   0.0000
    2467  -4.5064  -0.8998  14.8191   0.0000   0.0000   0.0000
    2468  -5.4947   0.3912  15.0329   0.0000   0.0000   0.0000
    2469  -4.9341  -0.2812  14.5643   0.0000   0.0000   0.0000
    2470  -4.2194  -0.2753  14.4898   0.0000   0.0000   0.0000
    2471  -4.2220  -0.7341  14.5716   0.0000   0.0000   0.0000
    2472  -4.5254  -1.3097  14.6898   0.0000   0.0000   0.0000
    2473  -4.8570  -1.2643  14.7328   0.0000   0.0000   0.0000
    2474  -4.5078  -0.2297  15.0728   0.0000   0.0000   0.0000
    2475  -4.7120  -0.4709  15.1061   0.0000   0.0000   0.0000
    2476  -4.5492  -0.3257  15.1564   0.0000   0.0000   0.0000
    2477  -4.2341  -0.4428  14.9317   0.0000   0.0000   0.0000
    2478  -4.4676  -0.9704  14.6944   0.0000   0.0000   0.0000
    2479  -5.0073  -1.0962  14.0662   0.0000   0.0000   0.0000
    2480  -4.1323  -0.7464  13.8112   0.0000   0.0000   0.0000
    2481  -3.3368  -0.8910  14.3144   0.0000   0.0000   0.0000
    2482  -3.3139  -1.8040  14.1087   0.0000   0.0000   0.0000
    2483  -3.3436  -1.0538  14.1992   0.0000   0.0000   0.0000
    2484  -3.8717  -1.4382  13.8797   0.0000   0.0000   0.0000
    2485  -2.7411  -1.0132  14.1946   0.0000   0.0000   0.0000
    2486  -3.1747  -1.0502  13.5625   0.0000   0.0000   0.0000
    2487  -3.9897  -0.9047  13.8294   0.0000   0.0000   0.0000
    2488  -3.5696  -1.1105  13.0206   0.0000   0.0000   0.0000
    2489  -4.5450  -0.4136  13.0828   0.0000   0.0000   0.0000
    2490  -3.8806  -0.8196  12.9164   0.0000   0.0000   0.0000
    2491  -2.9609  -0.7351  13.1907   0.0000   0.0000   0.0000
    2492  -3.5546  -1.6491  13.7110   0.0000   0.0000   0.0000
    2493  -4.1067  -1.6147  13.7330   0.0000   0.0000   0.0000
    2494  -3.7270  -1.4941  13.9989   0.0000   0.0000   0.0000
    2495  -3.0869  -1.2697  13.8207   0.0000   0.0000   0.0000
    2496  -3.7355  -1.7178  13.5681   0.0000   0.0000   0.0000
    2497  -2.9208  -0.9242  13.3795   0.0000   0.0000   0.0000
    2498  -3.1164  -1.1729  12.2978   0.0000   0.0000   0.0000
    2499  -3.1488  -1.0550  13.0358   0.0000   0.0000   0.0000
    2500  -3.1598  -0.5451  12.9151   0.0000   0.0000   0.0000
    2501  -3.7041  -0.4344  13.2894   0.0000   0.0000   0.0000
    2502  -3.2135  -0.8823  13.6370   0.0000   0.0000   0.0000
    2503  -3.8508  -0.4331  13.6907   0.0000   0.0000   0.0000
    2504  -3.9545  -1.0821  13.5973   0.0000   0.0000   0.0000
    2505  -3.9409  -0.0691  13.2849   0.0000   0.0000   0.0000
    2506  -4.6575  -1.8388  13.1777   0.0000   0.0000   0.0000
    2507  -4.3225  -0.5573  14.4483   0.0000   0.0000   0.0000
    2508  -4.9617  -0.8130  13.9450   0.0000   0.0000   0.0000
    2509  -4.5793  -0.4228  14.5615   0.0000   0.0000   0.0000
    2510  -4.2014  -0.6040  13.6247   0.0000   0.0000   0.0000
    2511  -4.1945  -1.1282  14.2510   0.0000   0.0000   0.0000
    2512  -4.2642  -0.3348  13.9154   0.0000   0.0000   0.0000
    2513  -4.1284   0.0349  13.9126   0.0000   0.0000   0.0000
    2514  -3.7959  -0.4004  14.2283   0.0000   0.0000   0.0000
    2515  -3.8890  -0.9856  13.7036   0.0000   0.0000   0.0000
    2516  -3.3146  -1.0708  13.6876   0.0000   0.0000   0.0000
    2517  -2.8352  -0.3712  13.7107   0.0000   0.0000   0.0000
    2518  -3.1166  -0.5463  13.3193   0.0000   0.0000   0.0000
    2519  -3.5273  -0.1393  13.6445   0.0000   0.0000   0.0000
    2520  -4.5022  -1.5355  13.2713   0.0000   0.0000   0.0000
    2521  -4.2173  -1.2658  14.0668   0.0000   0.0000   0.0000
    2522  -4.1970  -0.9554  13.7370   0.0000   0.0000   0.0000
    2523  -3.7032  -0.8346  13.0302   0.0000   0.0000   0.0000
    2524  -4.4947  -1.0208  14.0824   0.0000   0.0000   0.0000
    2525  -3.4010  -0.8503  14.3877   0.0000   0.0000   0.0000
    2526  -2.7384  -0.5200  14.4372   0.0000   0.0000   0.0000
    2527  -2.4936  -0.7441  14.4376   0.0000   0.0000   0.0000
    2528  -2.2802  -0.5018  14.1604   0.0000   0.0000   0.0000
    2529  -2.9626  -0.6652  14.6899   0.0000   0.0000   0.0000
    2530  -2.6001  -1.0907  14.5614   0.0000   0.0000   0.0000
    2531  -2.0388  -0.2490  14.6905   0.0000   0.0000   0.0000
    2532  -2.6251  -0.7077  14.1804   0.0000   0.0000   0.0000
    2533  -3.3474  -1.0335  13.1243   0.0000   0.0000   0.0000
    2534  -3.2657  -1.3406  13.0886   0.0000   0.0000   0.0000
    2535  -2.7614  -0.3578  13.6211   0.0000   0.0000   0.0000
    2536  -2.6669  -1.0199  13.7446   0.0000   0.0000   0.0000
    2537  -2.9750  -0.7079  14.0603   0.0000   0.0000   0.0000
    2538  -3.3988  -0.7722  14.3752   0.0000   0.0000   0.0000
    2539  -3.4736  -0.7892  15.2798   0.0000   0.0000   0.0000
    2540  -3.1535  -1.4085  14.9595   0.0000   0.0000   0.0000
    2541  -3.0128  -0.9453  15.2909   0.0000   0.0000   0.0000
    2542  -2.7896  -0.7984  14.9350   0.0000   0.0000   0.0000
    2543  -4.1590  -0.4968  14.6535   0.0000   0.0000   0.0000
    2544  -3.3082  -1.4617  14.6632   0.0000   0.0000   0.0000
    2545  -2.7969  -0.8466  14.6219   0.0000   0.0000   0.0000
    2546  -2.8785  -0.6353  14.5655   0.0000   0.0000   0.0000
    2547  -2.8441  -0.8574  14.8440   0.0000   0.0000   0.0000
    2548  -3.5573  -0.7491  14.6476   0.0000   0.0000   0.0000
    2549  -2.8605  -0.6746  14.4078   0.0000   0.0000   0.0000
    2550  -2.5455  -1.1871  14.6158   0.0000   0.0000   0.0000
    2551  -3.8471  -0.8134  14.8871   0.0000   0.0000   0.0000
    2552  -3.9249  -0.7707  14.8621   0.0000   0.0000   0.0000
    2553  -3.5856  -1.2360  14.4412   0.0000   0.0000   0.0000
    2554  -4.6171  -1.3766  14.4348   0.0000   0.0000   0.0000
    2555  -3.7104  -1.8028  14.6770   0.0000   0.0000   0.0000
    2556  -3.3710  -1.6940  13.7066   0.0000   0.0000   0.0000
    2557  -2.8369  -2.2089  14.0183   0.0000   0.0000   0.0000
    2558  -3.3477  -1.8467  13.9310   0.0000   0.0000   0.0000
    2559  -3.2461  -1.3837  14.3381   0.0000   0.0000   0.0000
    2560  -3.0607  -1.7239  14.2931   0.0000   0.0000   0.0000
    2561  -2.5150  -2.0856  14.8253   0.0000   0.0000   0.0000
    2562  -3.3030  -1.2159  15.0700   0.0000   0.0000   0.0000
    2563  -2.0973  -1.2434  15.5822   0.0000   0.0000   0.0000
    2564  -1.7169  -1.1204  14.8929   0.0000   0.0000   0.0000
    2565  -1.8292  -1.2985  14.5784   0.0000   0.0000   0.0000
    2566  -3.2113  -1.4994  14.6839   0.0000   0.0000   0.0000
    2567  -3.1728  -1.7936  14.6239   0.0000   0.0000   0.0000
    2568  -3.1131  -1.6768  14.7651   0.0000   0.0000   0.0000
    2569  -4.2698  -0.7546  14.7251   0.0000   0.0000   0.0000
    2570  -3.6466  -1.3366  15.1568   0.0000   0.0000   0.0000
    2571  -4.5402  -1.0868  15.1454   0.0000   0.0000   0.0000
    2572  -4.4084  -0.3860  15.5781   0.0000   0.0000   0.0000
    2573  -4.2588  -0.8665  15.4872   0.0000   0.0000   0.0000
    2574  -4.2682  -0.5809  15.2227   0.0000   0.0000   0.0000
    2575  -4.1223  -1.7856  14.8179   0.0000   0.0000   0.0000
    2576  -4.4077  -1.7605  15.8191   0.0000   0.0000   0.0000
    2577  -4.7427  -1.0629  14.7354   0.0000   0.0000   0.0000
    2578  -4.1303  -1.3112  15.5363   0.0000   0.0000   0.0000
    2579  -3.4853  -1.7373  15.4186   0.0000   0.0000   0.0000
    2580  -3.1023  -1.1997  15.9807   0.0000   0.0000   0.0000
    2581  -3.9582  -1.3854  15.2650   0.0000   0.0000   0.0000
    2582  -4.7375  -0.8299  14.6607   0.0000   0.0000   0.0000
    2583  -4.2539  -1.3473  15.2789   0.0000   0.0000   0.0000
    2584  -3.9853  -1.5080  15.9549   0.0000   0.0000   0.0000
    2585  -4.0128  -1.9599  14.6322   0.0000   0.0000   0.0000
    2586  -4.3607  -2.0452  15.8610   0.0000   0.0000   0.0000
    2587  -4.4849  -1.6535  15.6438   0.0000   0.0000   0.0000
    2588  -4.3456  -2.2116  15.8432   0.0000   0.0000   0.0000
    2589  -4.8655  -1.7456  16.3071   0.0000   0.0000   0.0000
    2590  -4.8723  -2.2051  16.5319   0.0000   0.0000   0.0000
    2591  -5.2354  -1.8287  16.1885   0.0000   0.0000   0.0000
    2592  -5.7943  -2.3682  15.5310   0.0000   0.0000   0.0000
    2593  -6.0291  -2.0121  15.8676   0.0000   0.0000   0.0000
    2594  -5.5549  -2.0076  15.6901   0.0000   0.0000   0.0000
    2595  -5.3694  -1.9774  15.8556   0.0000   0.0000   0.0000
    2596  -5.1574  -2.9427  16.7251   0.0000   0.0000   0.0000
    2597  -5.5242  -2.2963  16.1822   0.0000   0.0000   0.0000
    2598  -5.7669  -1.9228  16.2932   0.0000   0.0000   0.0000
    2599  -4.8999  -2.4885  16.6712   0.0000   0.0000   0.0000
    2600  -5.6363  -1.9138  16.8479   0.0000   0.0000   0.0000
    2601  -5.8786  -2.0998  16.8201   0.0000   0.0000   0.0000
    2602  -4.6385  -3.6017  17.0580   0.0000   0.0000   0.0000
    2603  -4.6908  -1.9891  16.4389   0.0000   0.0000   0.0000
    2604  -4.4490  -2.8011  16.1162   0.0000   0.0000   0.0000
    2605  -4.2949  -2.4780  15.8918   0.0000   0.0000   0.0000
    2606  -4.5698  -2.8656  15.3871   0.0000   0.0000   0.0000
    2607  -4.8487  -3.5959  15.5113   0.0000   0.0000   0.0000
    2608  -4.7758  -2.5789  16.0171   0.0000   0.0000   0.0000
    2609  -4.5091  -2.6349  15.9804   0.0000   0.0000   0.0000
    2610  -5.1176  -2.8968  16.3148   0.0000   0.0000   0.0000
    2611  -5.2021  -2.9980  16.1451   0.0000   0.0000   0.0000
    2612  -4.3949  -2.8085  15.8781   0.0000   0.0000   0.0000
    2613  -4.5721  -2.7794  15.4946   0.0000   0.0000   0.0000
    2614  -4.8855  -3.8853  15.3986   0.0000   0.0000   0.0000
    2615  -5.4902  -3.3262  15.9174   0.0000   0.0000   0.0000
    2616  -4.5939  -2.8547  14.9162   0.0000   0.0000   0.0000
    2617  -5.0287  -2.7632  15.7666   0.0000   0.0000   0.0000
    2618  -6.0743  -1.7351  15.3664   0.0000   0.0000   0.0000
    2619  -5.6562  -2.2151  15.8851   0.0000   0.0000   0.0000
    2620  -4.6966  -2.9190  14.8998   0.0000   0.0000   0.0000
    2621  -4.2591  -3.2142  15.6157   0.0000   0.0000   0.0000
    2622  -4.4262  -3.1518  15.6480   0.0000   0.0000   0.0000
    2623  -4.4216  -2.8355  15.4051   0.0000   0.0000   0.0000
    2624  -4.4038  -2.9684  16.1223   0.0000   0.0000   0.0000
    2625  -4.4741  -1.6203  15.6859   0.0000   0.0000   0.0000
    2626  -4.2259  -2.1832  15.2374   0.0000   0.0000   0.0000
    2627  -5.1820  -1.4851  14.7474   0.0000   0.0000   0.0000
    2628  -5.0683  -1.9279  14.4883   0.0000   0.0000   0.0000
    2629  -5.4685  -2.0863  14.7078   0.0000   0.0000   0.0000
    2630  -4.8674  -2.6643  15.0458   0.0000   0.0000   0.0000
    2631  -4.3616  -2.2002  14.7512   0.0000   0.0000   0.0000
    2632  -4.6974  -2.6924  14.6947   0.0000   0.0000   0.0000
    2633  -4.3661  -2.0538  15.1278   0.0000   0.0000   0.0000
    2634  -4.3909  -1.8832  14.3251   0.0000   0.0000   0.0000
    2635  -4.3757  -1.5589  13.7656   0.0000   0.0000   0.0000
    2636  -4.3543  -1.9740  13.5757   0.0000   0.0000   0.0000
    2637  -4.0792  -1.1290  13.7055   0.0000   0.0000   0.0000
    2638  -3.2170  -2.0014  14.0739   0.0000   0.0000   0.0000
    2639  -3.0273  -2.2622  14.0662   0.0000   0.0000   0.0000
    2640  -3.6913  -1.6233  14.2965   0.0000   0.0000   0.0000
    2641  -4.5754  -0.8904  14.5476   0.0000   0.0000   0.0000
    2642  -5.6138  -1.1116  14.4428   0.0000   0.0000   0.0000
    2643  -4.0478  -1.7968  14.2918   0.0000   0.0000   0.0000
    2644  -4.8336  -1.7570  14.2724   0.0000   0.0000   0.0000
    2645  -4.2186  -0.7095  13.9423   0.0000   0.0000   0.0000
    2646  -4.1610  -1.2257  13.0927   0.0000   0.0000   0.0000
    2647  -3.9329  -1.5257  14.6861   0.0000   0.0000   0.0000
    2648  -3.7530  -0.9903  14.4641   0.0000   0.0000   0.0000
    2649  -3.7972  -1.1802  14.7619   0.0000   0.0000   0.0000
    2650  -3.8629  -1.3935  14.0333   0.0000   0.0000   0.0000
    2651  -2.9358  -0.8785  13.7827   0.0000   0.0000   0.0000
    2652  -3.2427  -1.4300  13.6094   0.0000   0.0000   0.0000
    2653  -3.2701  -1.2261  13.4705   0.0000   0.0000   0.0000
    2654  -3.5973  -0.9531  13.4760   0.0000   0.0000   0.0000
    2655  -2.8721  -1.8842  14.0623   0.0000   0.0000   0.0000
    2656  -3.2916  -1.4278  14.2209   0.0000   0.0000   0.0000
    2657  -3.0101  -0.7958  13.7608   0.0000   0.0000   0.0000
    2658  -3.0512  -1.2246  13.3822   0.0000   0.0000   0.0000
    2659  -2.8952  -0.9838  14.0071   0.0000   0.0000   0.0000
    2660  -3.0235  -1.0185  13.3724   0.0000   0.0000   0.0000
    2661  -4.5314  -0.5586  13.8938   0.0000   0.0000   0.0000
    2662  -3.3802  -0.8586  13.8304   0.0000   0.0000   0.0000
    2663  -3.1928  -1.2236  13.8812   0.0000   0.0000   0.0000
    2664  -3.7251  -0.3844  13.1766   0.0000   0.0000   0.0000
    2665  -4.1578  -1.5300  13.1556   0.0000   0.0000   0.0000
    2666  -3.7486  -0.9551  13.0798   0.0000   0.0000   0.0000
    2667  -2.9368  -1.8966  13.7978   0.0000   0.0000   0.0000
    2668  -2.4481  -1.5341  14.1235   0.0000   0.0000   0.0000
    2669  -3.1020  -2.1889  13.6297   0.0000   0.0000   0.0000
    2670  -3.6331  -2.7539  13.4974   0.0000   0.0000   0.0000
    2671  -3.2354  -2.9913  13.8546   0.0000   0.0000   0.0000
    2672  -2.3400  -2.7277  13.7285   0.0000   0.0000   0.0000
    2673  -2.6172  -1.9593  13.0894   0.0000   0.0000   0.0000
    2674  -2.9469  -2.8463  13.8132   0.0000   0.0000   0.0000
    2675  -3.7305  -1.3394  14.2636   0.0000   0.0000   0.0000
    2676  -4.3566  -2.5534  14.6414   0.0000   0.0000   0.0000
    2677  -3.4808  -1.4812  14.8941   0.0000   0.0000   0.0000
    2678  -4.3501  -2.1392  15.2900   0.0000   0.0000   0.0000
    2679  -4.3339  -0.8665  15.5965   0.0000   0.0000   0.0000
    2680  -3.3787  -0.5719  15.0670   0.0000   0.0000   0.0000
    2681  -2.7704  -1.8072  14.5208   0.0000   0.0000   0.0000
    2682  -2.6065  -1.5835  14.9786   0.0000   0.0000   0.0000
    2683  -2.3637  -1.4764  14.6367   0.0000   0.0000   0.0000
    2684  -3.4472  -2.8053  15.1924   0.0000   0.0000   0.0000
    2685  -3.0053  -2.1038  14.9987   0.0000   0.0000   0.0000
    2686  -3.8296  -1.7381  15.5460   0.0000   0.0000   0.0000
    2687  -3.6149  -1.2988  15.0084   0.0000   0.0000   0.0000
    2688  -3.5793  -2.1364  15.7830   0.0000   0.0000   0.0000
    2689  -3.5824  -2.1247  15.0070   0.0000   0.0000   0.0000
    2690  -3.7455  -2.5119  15.3114   0.0000   0.0000   0.0000
    2691  -3.7412  -2.1792  14.5151   0.0000   0.0000   0.0000
    2692  -4.0929  -1.8050  14.6810   0.0000   0.0000   0.0000
    2693  -4.2642  -1.8705  13.8251   0.0000   0.0000   0.0000
    2694  -3.0500  -1.6395  14.2452   0.0000   0.0000   0.0000
    2695  -3.3418  -1.9346  14.6198   0.0000   0.0000   0.0000
    2696  -3.8096  -2.6079  14.0224   0.0000   0.0000   0.0000
    2697  -4.6830  -1.3191  14.5836   0.0000   0.0000   0.0000
    2698  -3.7606  -1.5893  14.8371   0.0000   0.0000   0.0000
    2699  -3.3661  -1.2340  15.2498   0.0000   0.0000   0.0000
    2700  -4.0973  -1.7430  13.9034   0.0000   0.0000   0.0000
    2701  -4.7752  -0.8129  13.9625   0.0000   0.0000   0.0000
    2702  -4.6069  -2.0893  13.8640   0.0000   0.0000   0.0000
    2703  -4.7915  -1.0554  14.3385   0.0000   0.0000   0.0000
    2704  -4.1097  -1.6089  14.1465   0.0000   0.0000   0.0000
    2705  -4.2311  -0.7707  13.9261   0.0000   0.0000   0.0000
    2706  -4.8401  -0.4441  14.1837   0.0000   0.0000   0.0000
    2707  -4.7829  -1.7758  14.7277   0.0000   0.0000   0.0000
    2708  -5.2190  -1.4422  14.6473   0.0000   0.0000   0.0000
    2709  -4.6608  -1.3502  14.5339   0.0000   0.0000   0.0000
    2710  -4.4378  -1.9212  14.0762   0.0000   0.0000   0.0000
    2711  -4.4350  -2.0164  14.0971   0.0000   0.0000   0.0000
    2712  -4.0010  -2.0411  14.5766   0.0000   0.0000   0.0000
    2713  -4.4390  -2.0259  13.5081   0.0000   0.0000   0.0000
    2714  -4.1027  -1.7642  13.3403   0.0000   0.0000   0.0000
    2715  -3.8114  -1.4688  13.7811   0.0000   0.0000   0.0000
    2716  -3.5337  -1.2114  14.2255   0.0000   0.0000   0.0000
    2717  -2.9166  -1.7389  14.1489   0.0000   0.0000   0.0000
    2718  -3.5413  -1.5339  14.7626   0.0000   0.0000   0.0000
    2719  -4.0066  -1.6160  14.6304   0.0000   0.0000   0.0000
    2720  -4.4693  -1.6331  14.2865   0.0000   0.0000   0.0000
    2721  -4.1987  -2.2934  14.8587   0.0000   0.0000   0.0000
    2722  -3.6881  -2.1546  14.9261   0.0000   0.0000   0.0000
    2723  -4.1264  -2.3935  15.8287   0.0000   0.0000   0.0000
    2724  -3.5552  -1.2546  15.5596   0.0000   0.0000   0.0000
    2725  -3.2205  -2.1247  15.0688   0.0000   0.0000   0.0000
    2726  -3.1316  -1.8463  15.4873   0.0000   0.0000   0.0000
    2727  -3.9879  -1.5628  15.9765   0.0000   0.0000   0.0000
    2728  -3.0146  -2.0094  15.8933   0.0000   0.0000   0.0000
    2729  -3.0505  -2.1854  15.8186   0.0000   0.0000   0.0000
    2730  -2.4570  -1.6444  15.7732   0.0000   0.0000   0.0000
    2731  -2.8114  -2.4336  15.7535   0.0000   0.0000   0.0000
    2732  -2.4831  -2.1603  15.6641   0.0000   0.0000   0.0000
    2733  -2.1555  -1.7686  15.4360   0.0000   0.0000   0.0000
    2734  -2.5934  -2.2091  15.9755   0.0000   0.0000   0.0000
    2735  -1.8791  -2.0536  16.0327   0.0000   0.0000   0.0000
    2736  -2.6502  -2.0559  15.9455   0.0000   0.0000   0.0000
    2737  -3.5031  -1.0642  14.7712   0.0000   0.0000   0.0000
    2738  -3.6832  -1.1143  15.0546   0.0000   0.0000   0.0000
    2739  -3.0014  -1.1049  15.2649   0.0000   0.0000   0.0000
    2740  -3.1491  -1.2566  15.1196   0.0000   0.0000   0.0000
    2741  -2.5943  -1.7213  14.9773   0.0000   0.0000   0.0000
    2742  -3.0102  -1.4009  14.3288   0.0000   0.0000   0.0000
    2743  -2.6453  -0.7185  15.5578   0.0000   0.0000   0.0000
    2744  -3.6251  -1.5996  15.0777   0.0000   0.0000   0.0000
    2745  -2.5949  -0.6113  15.1013   0.0000   0.0000   0.0000
    2746  -2.5083   0.2718  14.7942   0.0000   0.0000   0.0000
    2747  -4.2926  -0.6005  15.0171   0.0000   0.0000   0.0000
    2748  -3.6518   0.1972  15.1582   0.0000   0.0000   0.0000
    2749  -2.8648  -0.4738  14.8415   0.0000   0.0000   0.0000
    2750  -2.2130  -0.9701  14.9436   0.0000   0.0000   0.0000
    2751  -2.9361  -0.6231  14.8712   0.0000   0.0000   0.0000
    2752  -3.6029  -0.8866  14.3800   0.0000   0.0000   0.0000
    2753  -2.5880  -0.6777  14.0655   0.0000   0.0000   0.0000
    2754  -3.1625  -0.8675  14.1704   0.0000   0.0000   0.0000
    2755  -2.8300  -1.1535  14.3420   0.0000   0.0000   0.0000
    2756  -3.8422  -1.5901  14.3952   0.0000   0.0000   0.0000
    2757  -2.8577  -0.3197  14.6720   0.0000   0.0000   0.0000
    2758  -2.5734  -1.0915  15.1607   0.0000   0.0000   0.0000
    2759  -2.7825  -2.0082  14.6454   0.0000   0.0000   0.0000
    2760  -2.2745  -1.9730  15.2353   0.0000   0.0000   0.0000
    2761  -2.9202  -1.5264  15.0266   0.0000   0.0000   0.0000
    2762  -2.2753  -0.8873  14.2845   0.0000   0.0000   0.0000
    2763  -2.4327  -1.6292  14.6034   0.0000   0.0000   0.0000
    2764  -2.9836  -0.8504  14.4785   0.0000   0.0000   0.0000
    2765  -3.1431  -0.9901  14.2590   0.0000   0.0000   0.0000
    2766  -3.2818  -1.4707  15.1294   0.0000   0.0000   0.0000
    2767  -3.0148  -1.6055  14.8199   0.0000   0.0000   0.0000
    2768  -3.8106  -2.4353  15.2709   0.0000   0.0000   0.0000
    2769  -3.9070  -2.1340  15.9175   0.0000   0.0000   0.0000
    2770  -3.9503  -2.3207  15.6323   0.0000   0.0000   0.0000
    2771  -4.4978  -1.6391  16.2118   0.0000   0.0000   0.0000
    2772  -4.4509  -1.4910  15.8030   0.0000   0.0000   0.0000
    2773  -3.9053  -1.5376  15.0604   0.0000   0.0000   0.0000
    2774  -3.0597  -1.2062  15.9076   0.0000   0.0000   0.0000
    2775  -3.2723  -1.1540  15.9501   0.0000   0.0000   0.0000
    2776  -3.3841  -0.1793  15.6094   0.0000   0.0000   0.0000
    2777  -3.9929  -0.8797  15.7768   0.0000   0.0000   0.0000
    2778  -4.0234  -0.6583  15.0123   0.0000   0.0000   0.0000
    2779  -3.6589  -0.3468  15.0070   0.0000   0.0000   0.0000
    2780  -4.3847  -0.2957  14.9317   0.0000   0.0000   0.0000
    2781  -4.0894  -0.2526  14.3599   0.0000   0.0000   0.0000
    2782  -4.3298  -0.1193  15.1373   0.0000   0.0000   0.0000
    2783  -4.0048  -1.0127  14.8104   0.0000   0.0000   0.0000
    2784  -3.8250  -0.5873  14.9424   0.0000   0.0000   0.0000
    2785  -3.9300  -0.9285  15.4656   0.0000   0.0000   0.0000
    2786  -3.8289  -1.1203  15.3421   0.0000   0.0000   0.0000
    2787  -3.2465  -1.5068  14.9718   0.0000   0.0000   0.0000
    2788  -3.8387  -0.3962  14.5840   0.0000   0.0000   0.0000
    2789  -4.2030  -0.7459  14.1428   0.0000   0.0000   0.0000
    2790  -3.7804  -0.0747  14.4166   0.0000   0.0000   0.0000
    2791  -3.7445  -1.1084  14.7060   0.0000   0.0000   0.0000
    2792  -3.6591  -1.5112  15.0511   0.0000   0.0000   0.0000
    2793  -3.3924  -1.7175  15.6082   0.0000   0.0000   0.0000
    2794  -3.2501  -1.7805  14.9205   0.0000   0.0000   0.0000
    2795  -3.6729  -1.3904  15.0392   0.0000   0.0000   0.0000
    2796  -3.6264  -1.0326  15.9149   0.0000   0.0000   0.0000
    2797  -3.3701  -0.3758  14.3400   0.0000   0.0000   0.0000
    2798  -2.8219  -0.4000  14.6584   0.0000   0.0000   0.0000
    2799  -3.0368  -1.3369  15.2513   0.0000   0.0000   0.0000
    2800  -2.7591  -0.8658  14.9996   0.0000   0.0000   0.0000
    2801  -2.5696  -1.0402  15.1577   0.0000   0.0000   0.0000
    2802  -2.0978  -1.1861  14.9469   0.0000   0.0000   0.0000
    2803  -2.1907  -0.7763  14.5716   0.0000   0.0000   0.0000
    2804  -2.3040  -0.3651  14.2233   0.0000   0.0000   0.0000
    2805  -3.1251  -1.1240  14.1552   0.0000   0.0000   0.0000
    2806  -3.1886  -1.1660  14.9181   0.0000   0.0000   0.0000
    2807  -4.3772  -1.0874  14.5805   0.0000   0.0000   0.0000
    2808  -4.1832  -0.5317  15.0021   0.0000   0.0000   0.0000
    2809  -4.7044  -1.3206  14.1980   0.0000   0.0000   0.0000
    2810  -4.2226  -0.7720  14.3887   0.0000   0.0000   0.0000
    2811  -3.7552  -0.6239  13.9241   0.0000   0.0000   0.0000
    2812  -3.4103  -0.9253  14.4454   0.0000   0.0000   0.0000
    2813  -3.0335  -0.6337  13.4363   0.0000   0.0000   0.0000
    2814  -2.8323  -1.6091  14.4147   0.0000   0.0000   0.0000
    2815  -2.5407  -0.9706  13.4575   0.0000   0.0000   0.0000
    2816  -3.5088  -1.5213  13.8762   0.0000   0.0000   0.0000
    2817  -3.2972  -1.4096  13.5522   0.0000   0.0000   0.0000
    2818  -2.8884  -1.4726  14.0364   0.0000   0.0000   0.0000
    2819  -2.2757  -1.7836  14.1489   0.0000   0.0000   0.0000
    2820  -1.6049  -2.4788  14.2302   0.0000   0.0000   0.0000
    2821  -2.8340  -2.8824  14.4965   0.0000   0.0000   0.0000
    2822  -2.9382  -1.6088  13.8029   0.0000   0.0000   0.0000
    2823  -2.3210  -3.2780  14.5279   0.0000   0.0000   0.0000
    2824  -3.2888  -2.6402  14.7785   0.0000   0.0000   0.0000
    2825  -3.5686  -2.5194  14.8260   0.0000   0.0000   0.0000
    2826  -4.0400  -2.5612  14.8016   0.0000   0.0000   0.0000
    2827  -3.2975  -2.6478  14.2931   0.0000   0.0000   0.0000
    2828  -3.6233  -2.6955  14.7176   0.0000   0.0000   0.0000
    2829  -3.3477  -3.3417  15.0365   0.0000   0.0000   0.0000
    2830  -2.5626  -2.4368  14.5161   0.0000   0.0000   0.0000
    2831  -3.8651  -2.0062  14.3693   0.0000   0.0000   0.0000
    2832  -3.9171  -2.9822  14.8776   0.0000   0.0000   0.0000
    2833  -3.4639  -2.3618  16.0887   0.0000   0.0000   0.0000
    2834  -4.1576  -2.4035  14.9673   0.0000   0.0000   0.0000
    2835  -4.3518  -2.5770  15.5284   0.0000   0.0000   0.0000
    2836  -4.4021  -2.4066  15.5418   0.0000   0.0000   0.0000
    2837  -3.2958  -1.5714  15.5521   0.0000   0.0000   0.0000
    2838  -3.8218  -2.7229  15.2164   0.0000   0.0000   0.0000
    2839  -4.5503  -3.5519  15.5426   0.0000   0.0000   0.0000
    2840  -3.5593  -2.7121  14.9345   0.0000   0.0000   0.0000
    2841  -4.1768  -2.1237  15.5434   0.0000   0.0000   0.0000
    2842  -3.7730  -2.9161  16.0408   0.0000   0.0000   0.0000
    2843  -3.6396  -2.9973  16.2801   0.0000   0.0000   0.0000
    2844  -3.6808  -3.1120  15.9669   0.0000   0.0000   0.0000
    2845  -4.2440  -3.0816  15.5045   0.0000   0.0000   0.0000
    2846  -3.9582  -2.9419  15.5345   0.0000   0.0000   0.0000
    2847  -4.1908  -2.9409  15.6461   0.0000   0.0000   0.0000
    2848  -4.1626  -3.3004  14.9116   0.0000   0.0000   0.0000
    2849  -4.6290  -2.7831  15.9755   0.0000   0.0000   0.0000
    2850  -4.9187  -2.4237  15.2687   0.0000   0.0000   0.0000
    2851  -4.6521  -3.2858  16.0490   0.0000   0.0000   0.0000
    2852  -4.4911  -2.8288  15.7391   0.0000   0.0000   0.0000
    2853  -4.4130  -2.8866  15.2892   0.0000   0.0000   0.0000
    2854  -4.1350  -2.4298  15.6906   0.0000   0.0000   0.0000
    2855  -5.3478  -2.2555  15.1939   0.0000   0.0000   0.0000
    2856  -4.6620  -2.8869  14.7354   0.0000   0.0000   0.0000
    2857  -3.7932  -3.0373  15.7622   0.0000   0.0000   0.0000
    2858  -4.0383  -3.0431  15.0424   0.0000   0.0000   0.0000
    2859  -3.9102  -3.1391  15.4817   0.0000   0.0000   0.0000
    2860  -4.2027  -3.5467  14.6814   0.0000   0.0000   0.0000
    2861  -5.5775  -3.2144  14.5174   0.0000   0.0000   0.0000
    2862  -5.9337  -3.4177  15.1159   0.0000   0.0000   0.0000
    2863  -5.6741  -3.4481  15.4201   0.0000   0.0000   0.0000
    2864  -5.6401  -3.4907  15.1415   0.0000   0.0000   0.0000
    2865  -4.6636  -3.7737  15.6660   0.0000   0.0000   0.0000
    2866  -5.6452  -3.8631  15.4435   0.0000   0.0000   0.0000
    2867  -6.0217  -3.9299  15.1737   0.0000   0.0000   0.0000
    2868  -4.9483  -3.6302  13.9737   0.0000   0.0000   0.0000
    2869  -5.1589  -3.4021  14.5692   0.0000   0.0000   0.0000
    2870  -4.7258  -2.4717  14.8149   0.0000   0.0000   0.0000
    2871  -4.9598  -3.6781  15.0752   0.0000   0.0000   0.0000
    2872  -3.9809  -2.9228  15.6701   0.0000   0.0000   0.0000
    2873  -4.1425  -2.7590  15.5385   0.0000   0.0000   0.0000
    2874  -4.2846  -3.0953  15.1677   0.0000   0.0000   0.0000
    2875  -4.2204  -2.9480  14.9888   0.0000   0.0000   0.0000
    2876  -4.4910  -2.5437  15.1318   0.0000   0.0000   0.0000
    2877  -3.7727  -1.8988  15.0597   0.0000   0.0000   0.0000
    2878  -3.9864  -2.8174  15.0163   0.0000   0.0000   0.0000
    2879  -4.0343  -3.3416  15.1122   0.0000   0.0000   0.0000
    2880  -4.0133  -2.8804  14.8557   0.0000   0.0000   0.0000
    2881  -3.6259  -3.4987  14.9937   0.0000   0.0000   0.0000
    2882  -3.9255  -3.4733  15.5203   0.0000   0.0000   0.0000
    2883  -4.3021  -2.8041  14.8912   0.0000   0.0000   0.0000
    2884  -4.1815  -2.8652  16.2620   0.0000   0.0000   0.0000
    2885  -3.8661  -3.2580  14.6916   0.0000   0.0000   0.0000
    2886  -4.2710  -3.1386  14.8466   0.0000   0.0000   0.0000
    2887  -4.0649  -2.9566  14.9918   0.0000   0.0000   0.0000
    2888  -3.9466  -2.8770  15.6857   0.0000   0.0000   0.0000
    2889  -4.3600  -2.8412  15.8190   0.0000   0.0000   0.0000
    2890  -4.0383  -2.7230  14.7243   0.0000   0.0000   0.0000
    2891  -3.9449  -3.0638  14.8044   0.0000   0.0000   0.0000
    2892  -4.3049  -2.8539  14.9188   0.0000   0.0000   0.0000
    2893  -4.0335  -2.7477  14.1438   0.0000   0.0000   0.0000
    2894  -5.1214  -4.0376  14.6867   0.0000   0.0000   0.0000
    2895  -4.4362  -3.2808  14.6782   0.0000   0.0000   0.0000
    2896  -4.2533  -3.3367  14.8008   0.0000   0.0000   0.0000
    2897  -5.0134  -2.4869  15.3278   0.0000   0.0000   0.0000
    2898  -4.9907  -2.1250  15.0683   0.0000   0.0000   0.0000
    2899  -4.2166  -2.2839  14.3652   0.0000   0.0000   0.0000
    2900  -5.0284  -1.6288  15.0273   0.0000   0.0000   0.0000
    2901  -4.9870  -2.1203  14.4271   0.0000   0.0000   0.0000
    2902  -4.5870  -2.2400  14.5524   0.0000   0.0000   0.0000
    2903  -4.7023  -2.4747  13.8502   0.0000   0.0000   0.0000
    2904  -6.1569  -2.2964  13.5383   0.0000   0.0000   0.0000
    2905  -6.0561  -1.3286  13.1876   0.0000   0.0000   0.0000
    2906  -6.6835  -1.1322  13.7082   0.0000   0.0000   0.0000
    2907  -5.3703  -2.5743  13.1223   0.0000   0.0000   0.0000
    2908  -6.1536  -2.5207  12.9477   0.0000   0.0000   0.0000
    2909  -5.7225  -2.3804  12.5606   0.0000   0.0000   0.0000
    2910  -5.6564  -2.1292  13.0919   0.0000   0.0000   0.0000
    2911  -5.3677  -3.1931  13.5201   0.0000   0.0000   0.0000
    2912  -5.7575  -2.6916  13.4059   0.0000   0.0000   0.0000
    2913  -5.2151  -2.2147  13.2525   0.0000   0.0000   0.0000
    2914  -5.3470  -2.8083  13.3140   0.0000   0.0000   0.0000
    2915  -5.1494  -3.0514  13.3425   0.0000   0.0000   0.0000
    2916  -5.3600  -2.7389  13.3255   0.0000   0.0000   0.0000
    2917  -4.1572  -0.6074  13.8009   0.0000   0.0000   0.0000
    2918  -5.6192  -1.8096  13.1457   0.0000   0.0000   0.0000
    2919  -5.0612  -1.9071  13.4781   0.0000   0.0000   0.0000
    2920  -4.5086  -2.2271  13.7221   0.0000   0.0000   0.0000
    2921  -4.9059  -2.1733  13.5643   0.0000   0.0000   0.0000
    2922  -4.8585  -2.5846  13.6371   0.0000   0.0000   0.0000
    2923  -4.6982  -2.3800  13.0022   0.0000   0.0000   0.0000
    2924  -4.8156  -2.8254  13.2754   0.0000   0.0000   0.0000
    2925  -4.5160  -2.7194  13.1880   0.0000   0.0000   0.0000
    2926  -5.0069  -2.4119  13.6961   0.0000   0.0000   0.0000
    2927  -4.4002  -2.6511  13.0368   0.0000   0.0000   0.0000
    2928  -4.0898  -2.8487  13.0172   0.0000   0.0000   0.0000
    2929  -4.6233  -2.8193  12.7952   0.0000   0.0000   0.0000
    2930  -3.8153  -2.6261  12.7401   0.0000   0.0000   0.0000
    2931  -3.2691  -2.2961  13.4536   0.0000   0.0000   0.0000
    2932  -4.5743  -2.4728  13.7217   0.0000   0.0000   0.0000
    2933  -4.2299  -2.5092  13.6527   0.0000   0.0000   0.0000
    2934  -4.2130  -3.1611  13.7672   0.0000   0.0000   0.0000
    2935  -3.9749  -2.7847  13.9846   0.0000   0.0000   0.0000
    2936  -4.5716  -3.1962  14.0427   0.0000   0.0000   0.0000
    2937  -4.5498  -3.0585  13.7732   0.0000   0.0000   0.0000
    2938  -4.2851  -2.6854  14.5550   0.0000   0.0000   0.0000
    2939  -4.1248  -2.4425  15.0426   0.0000   0.0000   0.0000
    2940  -3.8614  -1.1065  13.7343   0.0000   0.0000   0.0000
    2941  -4.6497  -2.2920  13.6619   0.0000   0.0000   0.0000
    2942  -4.8258  -2.1817  13.1707   0.0000   0.0000   0.0000
    2943  -3.8432  -2.7381  13.6180   0.0000   0.0000   0.0000
    2944  -4.5432  -2.1933  13.8142   0.0000   0.0000   0.0000
    2945  -5.7331  -1.6831  14.0011   0.0000   0.0000   0.0000
    2946  -6.5611  -1.6065  13.9802   0.0000   0.0000   0.0000
    2947  -5.3698  -2.2638  14.2314   0.0000   0.0000   0.0000
    2948  -3.7349  -2.0931  14.5535   0.0000   0.0000   0.0000
    2949  -3.4766  -1.9958  14.4793   0.0000   0.0000   0.0000
    2950  -3.7086  -2.4500  14.1273   0.0000   0.0000   0.0000
    2951  -3.7421  -1.9606  14.0141   0.0000   0.0000   0.0000
    2952  -3.4261  -2.3174  14.0185   0.0000   0.0000   0.0000
    2953  -3.2082  -2.2535  14.4855   0.0000   0.0000   0.0000
    2954  -4.2431  -2.3085  14.1535   0.0000   0.0000   0.0000
    2955  -3.6303  -1.9199  13.5044   0.0000   0.0000   0.0000
    2956  -3.9949  -1.9613  13.5644   0.0000   0.0000   0.0000
    2957  -3.7412  -3.0913  13.7228   0.0000   0.0000   0.0000
    2958  -3.3071  -2.4170  13.3811   0.0000   0.0000   0.0000
    2959  -2.8470  -2.6321  13.3452   0.0000   0.0000   0.0000
    2960  -3.0504  -2.4846  13.3472   0.0000   0.0000   0.0000
    2961  -4.2618  -2.0367  14.0420   0.0000   0.0000   0.0000
    2962  -3.3971  -2.3665  14.7077   0.0000   0.0000   0.0000
    2963  -2.4815  -1.8644  13.8162   0.0000   0.0000   0.0000
    2964  -3.5930  -1.3396  14.5739   0.0000   0.0000   0.0000
    2965  -4.2216  -0.9622  14.1752   0.0000   0.0000   0.0000
    2966  -3.2218  -2.4976  14.3074   0.0000   0.0000   0.0000
    2967  -3.9572  -1.4800  13.9652   0.0000   0.0000   0.0000
    2968  -3.5679  -1.9358  14.1930   0.0000   0.0000   0.0000
    2969  -3.6628  -2.0363  13.8682   0.0000   0.0000   0.0000
    2970  -3.6620  -1.9979  14.2481   0.0000   0.0000   0.0000
    2971  -3.3391  -1.4167  14.5822   0.0000   0.0000   0.0000
    2972  -3.9545  -1.2257  14.0558   0.0000   0.0000   0.0000
    2973  -4.0548  -2.4460  14.3451   0.0000   0.0000   0.0000
    2974  -3.1137  -0.6306  14.6084   0.0000   0.0000   0.0000
    2975  -3.1490  -0.7832  15.1165   0.0000   0.0000   0.0000
    2976  -3.0908  -1.5041  15.1758   0.0000   0.0000   0.0000
    2977  -2.9320  -1.5695  14.5207   0.0000   0.0000   0.0000
    2978  -2.8785  -1.4292  14.5187   0.0000   0.0000   0.0000
    2979  -2.2355  -2.2302  14.4521   0.0000   0.0000   0.0000
    2980  -2.9189  -1.5591  14.8800   0.0000   0.0000   0.0000
    2981  -3.4024  -0.9620  13.8842   0.0000   0.0000   0.0000
    2982  -2.8980  -1.3737  13.9785   0.0000   0.0000   0.0000
    2983  -3.4858  -1.6853  14.5868   0.0000   0.0000   0.0000
    2984  -3.5722  -0.8261  14.3016   0.0000   0.0000   0.0000
    2985  -3.3524  -1.3332  13.8759   0.0000   0.0000   0.0000
    2986  -3.6548  -1.5243  14.5037   0.0000   0.0000   0.0000
    2987  -2.7692  -1.8412  14.2282   0.0000   0.0000   0.0000
    2988  -2.4690  -1.1929  14.2507   0.0000   0.0000   0.0000
    2989  -3.2123  -0.8706  13.9733   0.0000   0.0000   0.0000
    2990  -3.0413  -1.7587  12.5200   0.0000   0.0000   0.0000
    2991  -3.4103  -1.8833  13.0466   0.0000   0.0000   0.0000
    2992  -3.1973  -0.9337  13.1232   0.0000   0.0000   0.0000
    2993  -2.8996  -1.2177  12.8006   0.0000   0.0000   0.0000
    2994  -3.3707  -1.4235  12.6779   0.0000   0.0000   0.0000
    2995  -3.4567  -0.6612  12.6844   0.0000   0.0000   0.0000
    2996  -3.1130  -0.5088  12.3246   0.0000   0.0000   0.0000
    2997  -3.9489  -0.6931  12.5073   0.0000   0.0000   0.0000
    2998  -3.9149  -0.3272  12.2580   0.0000   0.0000   0.0000
    2999  -3.8024  -0.3585  12.8946   0.0000   0.0000   0.0000
    3000  -3.4419  -0.2779  12.8448   0.0000   0.0000   0.0000
    3001  -4.4124  -0.4947  13.1850   0.0000   0.0000   0.0000
    3002  -4.1273  -1.0037  13.4021   0.0000   0.0000   0.0000
    3003  -4.8839  -1.1367  13.5191   0.0000   0.0000   0.0000
    3004  -3.8441  -1.4953  13.0130   0.0000   0.0000   0.0000
    3005  -4.1369  -0.2560  12.9559   0.0000   0.0000   0.0000
    3006  -4.6914  -0.9196  12.3149   0.0000   0.0000   0.0000
    3007  -4.2146  -0.7652  13.5358   0.0000   0.0000   0.0000
    3008  -4.5831  -1.0430  13.2472   0.0000   0.0000   0.0000
    3009  -4.5816  -1.0350  13.2507   0.0000   0.0000   0.0000
    3010  -4.1053  -1.3080  13.6564   0.0000   0.0000   0.0000
    3011  -4.4357  -0.3099  13.0202   0.0000   0.0000   0.0000
    3012  -4.8839  -1.8365  13.6382   0.0000   0.0000   0.0000
    3013  -4.6470  -1.2361  14.6913   0.0000   0.0000   0.0000
    3014  -4.5141  -1.4066  14.0009   0.0000   0.0000   0.0000
    3015  -5.5301  -1.1560  13.4881   0.0000   0.0000   0.0000
    3016  -5.0442  -0.9490  13.7907   0.0000   0.0000   0.0000
    3017  -3.7460  -1.8085  13.5713   0.0000   0.0000   0.0000
    3018  -3.7294  -2.2305  13.3924   0.0000   0.0000   0.0000
    3019  -4.4243  -1.5173  13.6138   0.0000   0.0000   0.0000
    3020  -4.4071  -0.9768  14.0138   0.0000   0.0000   0.0000
    3021  -4.4170  -1.3003  14.0907   0.0000   0.0000   0.0000
    3022  -4.3918  -0.9624  13.1676   0.0000   0.0000   0.0000
    3023  -4.8423  -1.1769  13.7834   0.0000   0.0000   0.0000
    3024  -4.7961  -1.8140  13.6585   0.0000   0.0000   0.0000
    3025  -3.8140  -0.8430  13.1282   0.0000   0.0000   0.0000
    3026  -3.3319  -0.8737  12.8265   0.0000   0.0000   0.0000
    3027  -3.4815  -0.5327  13.5552   0.0000   0.0000   0.0000
    3028  -3.3253  -1.6769  13.7300   0.0000   0.0000   0.0000
    3029  -2.7958  -0.4387  12.7285   0.0000   0.0000   0.0000
    3030  -2.8493  -1.2509  12.7300   0.0000   0.0000   0.0000
    3031  -3.2524  -1.0627  12.5418   0.0000   0.0000   0.0000
    3032  -3.4166  -1.4842  11.8959   0.0000   0.0000   0.0000
    3033  -3.6705  -1.6983  12.2685   0.0000   0.0000   0.0000
    3034  -3.4001  -1.6120  12.4592   0.0000   0.0000   0.0000
    3035  -3.8437  -1.9607  12.1484   0.0000   0.0000   0.0000
    3036  -4.1456  -1.3553  12.5957   0.0000   0.0000   0.0000
    3037  -3.9625  -1.0413  12.8603   0.0000   0.0000   0.0000
    3038  -4.1207  -1.5138  13.2861   0.0000   0.0000   0.0000
    3039  -4.6545  -0.9455  13.1739   0.0000   0.0000   0.0000
    3040  -3.8023  -2.7773  13.1413   0.0000   0.0000   0.0000
    3041  -3.0736  -1.7648  12.9808   0.0000   0.0000   0.0000
    3042  -3.4328  -1.7172  13.5251   0.0000   0.0000   0.0000
    3043  -3.4058  -1.9423  13.8656   0.0000   0.0000   0.0000
    3044  -3.0643  -1.5423  14.8330   0.0000   0.0000   0.0000
    3045  -2.5116  -1.6076  13.7074   0.0000   0.0000   0.0000
    3046  -2.8294  -1.3053  13.8810   0.0000   0.0000   0.0000
    3047  -3.4808  -0.9493  14.5865   0.0000   0.0000   0.0000
    3048  -3.0812  -1.1644  13.8622   0.0000   0.0000   0.0000
    3049  -3.2351  -1.0521  13.8154   0.0000   0.0000   0.0000
    3050  -2.9720  -2.1375  14.4446   0.0000   0.0000   0.0000
    3051  -3.1111  -0.5995  14.1764   0.0000   0.0000   0.0000
    3052  -3.5469  -1.4439  13.9121   0.0000   0.0000   0.0000
    3053  -2.2566  -1.7104  14.2318   0.0000   0.0000   0.0000
    3054  -2.3855  -1.8194  14.3625   0.0000   0.0000   0.0000
    3055  -2.4268  -1.5724  14.7286   0.0000   0.0000   0.0000
    3056  -2.5041  -1.7734  14.2935   0.0000   0.0000   0.0000
    3057  -2.0209  -2.0823  15.4127   0.0000   0.0000   0.0000
    3058  -2.6715  -1.6768  14.7179   0.0000   0.0000   0.0000
    3059  -2.7286  -2.0232  14.3377   0.0000   0.0000   0.0000
    3060  -3.1388  -1.9603  14.1260   0.0000   0.0000   0.0000
    3061  -3.0692  -1.0399  14.1463   0.0000   0.0000   0.0000
    3062  -4.0357  -1.4190  14.7417   0.0000   0.0000   0.0000
    3063  -4.1079  -2.0646  15.0817   0.0000   0.0000   0.0000
    3064  -4.2350  -2.0831  14.2329   0.0000   0.0000   0.0000
    3065  -3.4375  -2.4646  15.0230   0.0000   0.0000   0.0000
    3066  -4.2481  -2.3634  15.5378   0.0000   0.0000   0.0000
    3067  -3.1137  -1.9712  14.8989   0.0000   0.0000   0.0000
    3068  -3.9702  -1.3862  14.8580   0.0000   0.0000   0.0000
    3069  -2.9673  -2.3480  14.5429   0.0000   0.0000   0.0000
    3070  -2.8455  -1.6551  14.4579   0.0000   0.0000   0.0000
    3071  -3.2981  -1.5605  14.6203   0.0000   0.0000   0.0000
    3072  -2.2954  -1.0215  14.8569   0.0000   0.0000   0.0000
    3073  -2.2306  -1.4586  14.5453   0.0000   0.0000   0.0000
    3074  -3.3561  -2.1518  14.4373   0.0000   0.0000   0.0000
    3075  -2.3371  -1.4354  15.2350   0.0000   0.0000   0.0000
    3076  -2.3466  -1.4750  14.5696   0.0000   0.0000   0.0000
    3077  -3.3703  -2.3197  14.5174   0.0000   0.0000   0.0000
    3078  -3.3224  -1.5068  14.7636   0.0000   0.0000   0.0000
    3079  -2.8635  -1.4478  14.6314   0.0000   0.0000   0.0000
    3080  -3.0432  -1.7401  15.5535   0.0000   0.0000   0.0000
    3081  -2.7343  -2.0433  15.3666   0.0000   0.0000   0.0000
    3082  -2.8225  -2.4823  14.6329   0.0000   0.0000   0.0000
    3083  -2.7472  -2.6185  15.6281   0.0000   0.0000   0.0000
    3084  -1.8628  -2.0443  14.9628   0.0000   0.0000   0.0000
    3085  -3.4931  -2.7716  15.0290   0.0000   0.0000   0.0000
    3086  -3.1843  -2.1081  14.5164   0.0000   0.0000   0.0000
    3087  -2.4722  -1.3791  14.4961   0.0000   0.0000   0.0000
    3088  -2.3813  -1.7872  13.8927   0.0000   0.0000   0.0000
    3089  -4.3608  -2.6174  14.1040   0.0000   0.0000   0.0000
    3090  -2.8066  -2.3719  13.8411   0.0000   0.0000   0.0000
    3091  -2.7548  -1.4114  13.6900   0.0000   0.0000   0.0000
    3092  -3.3912  -1.2100  13.8061   0.0000   0.0000   0.0000
    3093  -3.5866  -2.3755  14.5119   0.0000   0.0000   0.0000
    3094  -3.3112  -1.7081  13.5413   0.0000   0.0000   0.0000
    3095  -2.9045  -2.1902  14.0160   0.0000   0.0000   0.0000
    3096  -3.6892  -1.8217  14.1145   0.0000   0.0000   0.0000
    3097  -3.6421  -2.0992  14.0869   0.0000   0.0000   0.0000
    3098  -3.7023  -2.2952  13.8149   0.0000   0.0000   0.0000
    3099  -3.3919  -1.8499  13.5504   0.0000   0.0000   0.0000
    3100  -4.7554  -1.1200  14.1104   0.0000   0.0000   0.0000
    3101  -4.3140  -0.9322  14.3546   0.0000   0.0000   0.0000
    3102  -3.6954  -1.1867  14.7967   0.0000   0.0000   0.0000
    3103  -3.3002  -1.5557  14.3471   0.0000   0.0000   0.0000
    3104  -3.5450  -1.2780  14.5194   0.0000   0.0000   0.0000
    3105  -4.4306  -1.7606  14.4633   0.0000   0.0000   0.0000
    3106  -3.6974  -1.7358  14.7948   0.0000   0.0000   0.0000
    3107  -3.7251  -1.3687  14.1661   0.0000   0.0000   0.0000
    3108  -3.1460  -1.4040  14.2480   0.0000   0.0000   0.0000
    3109  -2.4223  -0.7959  13.4159   0.0000   0.0000   0.0000
    3110  -2.4878  -1.6182  13.9598   0.0000   0.0000   0.0000
    3111  -2.0707  -0.7665  14.1615   0.0000   0.0000   0.0000
    3112  -1.7776  -0.5196  14.4131   0.0000   0.0000   0.0000
    3113  -2.4370  -1.7654  14.5297   0.0000   0.0000   0.0000
    3114  -2.7736  -1.0177  13.8188   0.0000   0.0000   0.0000
    3115  -3.1117  -1.8245  13.7005   0.0000   0.0000   0.0000
    3116  -2.6390  -1.6237  14.1832   0.0000   0.0000   0.0000
    3117  -3.1789  -1.8440  13.6209   0.0000   0.0000   0.0000
    3118  -3.3483  -1.8798  13.4734   0.0000   0.0000   0.0000
    3119  -3.2679  -1.6413  13.4660   0.0000   0.0000   0.0000
    3120  -3.0807  -1.7348  13.3433   0.0000   0.0000   0.0000
    3121  -3.0175  -1.3508  13.5542   0.0000   0.0000   0.0000
    3122  -3.1656  -1.2775  13.4527   0.0000   0.0000   0.0000
    3123  -3.6218  -1.2289  13.1536   0.0000   0.0000   0.0000
    3124  -3.8738  -1.6526  12.9185   0.0000   0.0000   0.0000
    3125  -4.0372  -1.0791  13.0431   0.0000   0.0000   0.0000
    3126  -3.9242  -1.0363  12.4479   0.0000   0.0000   0.0000
    3127  -3.5769  -0.9101  12.6834   0.0000   0.0000   0.0000
    3128  -4.1604  -1.0928  12.6757   0.0000   0.0000   0.0000
    3129  -3.9716  -1.1814  13.1647   0.0000   0.0000   0.0000
    3130  -3.5917  -1.7032  13.7462   0.0000   0.0000   0.0000
    3131  -3.3693  -1.4606  13.6576   0.0000   0.0000   0.0000
    3132  -3.0165  -1.6404  14.5961   0.0000   0.0000   0.0000
    3133  -2.7768  -1.2776  14.4083   0.0000   0.0000   0.0000
    3134  -3.8522  -1.6483  14.0711   0.0000   0.0000   0.0000
    3135  -3.3348  -1.8309  14.1032   0.0000   0.0000   0.0000
    3136  -3.9904  -1.1220  13.3605   0.0000   0.0000   0.0000
    3137  -4.5057  -1.8181  13.2206   0.0000   0.0000   0.0000
    3138  -4.2316  -1.1548  14.2106   0.0000   0.0000   0.0000
    3139  -4.9805  -1.1872  14.2753   0.0000   0.0000   0.0000
    3140  -4.9713  -1.0496  14.0407   0.0000   0.0000   0.0000
    3141  -3.5785  -1.1968  13.9600   0.0000   0.0000   0.0000
    3142  -4.1076  -2.3059  14.2001   0.0000   0.0000   0.0000
    3143  -3.9927  -1.1935  14.7196   0.0000   0.0000   0.0000
    3144  -4.8081  -1.9862  14.7605   0.0000   0.0000   0.0000
    3145  -3.8966  -2.1835  14.6014   0.0000   0.0000   0.0000
    3146  -4.1238  -2.4734  14.3046   0.0000   0.0000   0.0000
    3147  -4.3297  -2.3290  14.2896   0.0000   0.0000   0.0000
    3148  -4.5827  -1.8024  13.7401   0.0000   0.0000   0.0000
    3149  -4.5992  -1.7967  13.8193   0.0000   0.0000   0.0000
    3150  -3.9389  -1.5537  13.3507   0.0000   0.0000   0.0000
    3151  -3.4614  -1.8756  13.1241   0.0000   0.0000   0.0000
    3152  -3.7423  -2.3616  13.4399   0.0000   0.0000   0.0000
    3153  -3.4209  -1.4301  13.5355   0.0000   0.0000   0.0000
    3154  -2.9525  -1.8484  13.2327   0.0000   0.0000   0.0000
    3155  -3.2682  -1.7938  13.8830   0.0000   0.0000   0.0000
    3156  -3.1881  -1.3824  13.6041   0.0000   0.0000   0.0000
    3157  -3.9424  -1.2459  14.7372   0.0000   0.0000   0.0000
    3158  -3.9258  -1.8692  14.0579   0.0000   0.0000   0.0000
    3159  -4.2969  -2.1134  14.2580   0.0000   0.0000   0.0000
    3160  -4.5208  -0.9622  14.7518   0.0000   0.0000   0.0000
    3161  -4.3869  -1.8313  15.5444   0.0000   0.0000   0.0000
    3162  -3.9691  -2.1456  14.5429   0.0000   0.0000   0.0000
    3163  -4.7788  -1.7321  15.4271   0.0000   0.0000   0.0000
    3164  -3.9320  -2.0019  14.4299   0.0000   0.0000   0.0000
    3165  -3.4237  -2.0714  14.3911   0.0000   0.0000   0.0000
    3166  -4.0128  -2.4613  15.5400   0.0000   0.0000   0.0000
    3167  -4.5338  -1.8891  15.2327   0.0000   0.0000   0.0000
    3168  -4.7626  -1.5211  15.5442   0.0000   0.0000   0.0000
    3169  -3.9580  -1.1789  15.3296   0.0000   0.0000   0.0000
    3170  -3.6340  -1.1586  15.1654   0.0000   0.0000   0.0000
    3171  -4.1081  -0.3859  14.9113   0.0000   0.0000   0.0000
    3172  -3.9109  -2.0009  14.9923   0.0000   0.0000   0.0000
    3173  -4.1863  -0.8142  14.2482   0.0000   0.0000   0.0000
    3174  -3.9040  -0.7850  14.7000   0.0000   0.0000   0.0000
    3175  -3.3553  -1.3870  14.3730   0.0000   0.0000   0.0000
    3176  -2.7357  -1.0861  14.2612   0.0000   0.0000   0.0000
    3177  -3.0548  -0.4718  14.3830   0.0000   0.0000   0.0000
    3178  -2.3716  -0.6058  14.4801   0.0000   0.0000   0.0000
    3179  -2.6254  -0.6527  15.0937   0.0000   0.0000   0.0000
    3180  -3.3651  -0.5206  14.4477   0.0000   0.0000   0.0000
    3181  -3.4874  -0.4563  13.6003   0.0000   0.0000   0.0000
    3182  -3.5091  -0.3483  14.7617   0.0000   0.0000   0.0000
    3183  -3.6307  -0.1979  14.6882   0.0000   0.0000   0.0000
    3184  -3.5188  -0.5369  15.7348   0.0000   0.0000   0.0000
    3185  -3.2922  -1.1427  15.6950   0.0000   0.0000   0.0000
    3186  -3.2998  -0.7840  15.7498   0.0000   0.0000   0.0000
    3187  -2.8136  -1.1096  16.2402   0.0000   0.0000   0.0000
    3188  -3.7858  -1.4589  15.7169   0.0000   0.0000   0.0000
    3189  -4.0305  -0.9986  15.5256   0.0000   0.0000   0.0000
    3190  -4.4199  -1.2380  16.2307   0.0000   0.0000   0.0000
    3191  -4.0209  -0.7158  15.9809   0.0000   0.0000   0.0000
    3192  -3.9865  -1.1273  15.7666   0.0000   0.0000   0.0000
    3193  -3.6112  -0.6980  15.8002   0.0000   0.0000   0.0000
    3194  -4.1526  -1.2563  15.8977   0.0000   0.0000   0.0000
    3195  -4.0241  -0.8589  14.9390   0.0000   0.0000   0.0000
    3196  -3.7232  -1.4103  15.5036   0.0000   0.0000   0.0000
    3197  -3.5873  -1.7860  15.3209   0.0000   0.0000   0.0000
    3198  -4.0754  -0.4943  15.7029   0.0000   0.0000   0.0000
    3199  -3.6549  -0.6003  15.4955   0.0000   0.0000   0.0000
    3200  -4.1081  -0.7058  15.0814   0.0000   0.0000   0.0000
    3201  -3.9903  -0.5979  14.7687   0.0000   0.0000   0.0000
    3202  -3.7362  -1.3122  14.5716   0.0000   0.0000   0.0000
    3203  -3.3472  -1.0117  15.2197   0.0000   0.0000   0.0000
    3204  -2.1731  -1.5255  15.4790   0.0000   0.0000   0.0000
    3205  -3.2195  -1.5797  15.4468   0.0000   0.0000   0.0000
    3206  -3.4550  -0.8608  15.5046   0.0000   0.0000   0.0000
    3207  -2.4972  -0.5733  15.6258   0.0000   0.0000   0.0000
    3208  -3.6487  -0.3324  15.3298   0.0000   0.0000   0.0000
    3209  -2.5784  -0.9304  15.1164   0.0000   0.0000   0.0000
    3210  -3.4098  -0.6660  15.5530   0.0000   0.0000   0.0000
    3211  -2.7021  -0.9481  14.7856   0.0000   0.0000   0.0000
    3212  -2.8885  -0.9375  14.8819   0.0000   0.0000   0.0000
    3213  -3.0213  -0.8940  14.9389   0.0000   0.0000   0.0000
    3214  -3.0539  -0.6992  14.1721   0.0000   0.0000   0.0000
    3215  -3.4404  -0.7774  14.8176   0.0000   0.0000   0.0000
    3216  -4.0241  -0.8375  14.6076   0.0000   0.0000   0.0000
    3217  -3.8408  -1.1419  15.3577   0.0000   0.0000   0.0000
    3218  -3.6614  -1.2554  14.9106   0.0000   0.0000   0.0000
    3219  -3.0532  -0.9448  14.4277   0.0000   0.0000   0.0000
    3220  -3.4665  -0.6743  14.8287   0.0000   0.0000   0.0000
    3221  -3.7563  -0.9103  14.2197   0.0000   0.0000   0.0000
    3222  -3.1702   0.3663  14.2374   0.0000   0.0000   0.0000
    3223  -3.0105   0.3461  14.5064   0.0000   0.0000   0.0000
    3224  -3.5826  -0.2512  14.3079   0.0000   0.0000   0.0000
    3225  -3.4202  -0.0315  14.3436   0.0000   0.0000   0.0000
    3226  -3.6270  -1.0721  14.3833   0.0000   0.0000   0.0000
    3227  -2.9410  -0.6569  14.5833   0.0000   0.0000   0.0000
    3228  -4.0041  -1.5254  14.0280   0.0000   0.0000   0.0000
    3229  -4.5633  -1.1699  14.6168   0.0000   0.0000   0.0000
    3230  -4.6062  -0.9144  14.2502   0.0000   0.0000   0.0000
    3231  -4.5598  -0.9299  13.8702   0.0000   0.0000   0.0000
    3232  -4.9212  -0.9020  13.8727   0.0000   0.0000   0.0000
    3233  -4.5726  -1.4975  13.7223   0.0000   0.0000   0.0000
    3234  -5.2235  -1.2436  14.0861   0.0000   0.0000   0.0000
    3235  -4.2754  -1.0931  13.2227   0.0000   0.0000   0.0000
    3236  -4.2657  -0.4971  14.1822   0.0000   0.0000   0.0000
    3237  -3.7910  -0.8578  14.2675   0.0000   0.0000   0.0000
    3238  -3.9660  -1.3130  14.5697   0.0000   0.0000   0.0000
    3239  -4.2715  -1.1117  13.5004   0.0000   0.0000   0.0000
    3240  -3.9644  -1.9487  13.4148   0.0000   0.0000   0.0000
    3241  -4.8544  -1.0355  13.5350   0.0000   0.0000   0.0000
    3242  -5.0927  -1.5254  12.7696   0.0000   0.0000   0.0000
    3243  -5.0359  -0.7446  13.4011   0.0000   0.0000   0.0000
    3244  -4.9273   0.0711  12.7945   0.0000   0.0000   0.0000
    3245  -5.3887  -0.7395  12.7908   0.0000   0.0000   0.0000
    3246  -5.3324  -0.5748  13.1715   0.0000   0.0000   0.0000
    3247  -5.1295  -0.7488  12.2184   0.0000   0.0000   0.0000
    3248  -4.7765  -1.9693  12.7594   0.0000   0.0000   0.0000
    3249  -5.2600  -1.3854  13.1207   0.0000   0.0000   0.0000
    3250  -4.9392  -1.5198  13.4539   0.0000   0.0000   0.0000
    3251  -4.2340  -1.9394  13.6909   0.0000   0.0000   0.0000
    3252  -4.1930  -1.8456  13.3675   0.0000   0.0000   0.0000
    3253  -5.7292  -2.1239  13.1229   0.0000   0.0000   0.0000
    3254  -5.2081  -2.2069  13.3883   0.0000   0.0000   0.0000
    3255  -5.6025  -2.6310  12.6688   0.0000   0.0000   0.0000
    3256  -5.4985  -1.6235  12.4871   0.0000   0.0000   0.0000
    3257  -5.2637  -1.9783  12.7712   0.0000   0.0000   0.0000
    3258  -4.9289  -1.5024  12.8640   0.0000   0.0000   0.0000
    3259  -3.9270  -1.1121  12.7581   0.0000   0.0000   0.0000
    3260  -4.3191  -1.2093  13.2117   0.0000   0.0000   0.0000
    3261  -4.6396  -0.0945  13.0814   0.0000   0.0000   0.0000
    3262  -4.0883  -1.1356  13.3818   0.0000   0.0000   0.0000
    3263  -3.7891  -1.3795  13.8038   0.0000   0.0000   0.0000
    3264  -3.2429  -1.2076  13.6930   0.0000   0.0000   0.0000
    3265  -3.4315  -1.6553  13.6284   0.0000   0.0000   0.0000
    3266  -3.9767  -1.6558  13.0739   0.0000   0.0000   0.0000
    3267  -4.0248  -1.5648  12.8387   0.0000   0.0000   0.0000
    3268  -4.6370  -1.1771  13.1876   0.0000   0.0000   0.0000
    3269  -3.9943  -1.0522  13.0415   0.0000   0.0000   0.0000
    3270  -4.1070  -0.4984  13.0206   0.0000   0.0000   0.0000
    3271  -3.9880  -1.2957  13.4121   0.0000   0.0000   0.0000
    3272  -3.9961  -1.5223  12.6175   0.0000   0.0000   0.0000
    3273  -3.4441  -1.8558  12.8560   0.0000   0.0000   0.0000
    3274  -4.1553  -0.6369  12.7039   0.0000   0.0000   0.0000
    3275  -3.4251  -0.9662  13.3857   0.0000   0.0000   0.0000
    3276  -2.7376  -0.4967  13.6378   0.0000   0.0000   0.0000
    3277  -3.3048  -0.8578  12.8698   0.0000   0.0000   0.0000
    3278  -4.0512   0.5545  12.8575   0.0000   0.0000   0.0000
    3279  -3.0506  -0.6009  13.1178   0.0000   0.0000   0.0000
    3280  -4.1926  -0.6142  13.7294   0.0000   0.0000   0.0000
    3281  -3.5100   0.0365  13.3704   0.0000   0.0000   0.0000
    3282  -3.7531  -0.7105  13.9059   0.0000   0.0000   0.0000
    3283  -3.3612  -0.0509  13.8424   0.0000   0.0000   0.0000
    3284  -3.0910  -0.7270  14.2910   0.0000   0.0000   0.0000
    3285  -3.5578  -0.6396  13.8279   0.0000   0.0000   0.0000
    3286  -3.1721  -0.5267  14.0419   0.0000   0.0000   0.0000
    3287  -3.2029  -0.1727  13.9618   0.0000   0.0000   0.0000
    3288  -3.4408   0.3957  12.9503   0.0000   0.0000   0.0000
    3289  -2.6357   0.5033  13.3368   0.0000   0.0000   0.0000
    3290  -2.7819   0.3893  13.3194   0.0000   0.0000   0.0000
    3291  -3.2028   0.3215  14.0582   0.0000   0.0000   0.0000
    3292  -3.1142   0.5803  13.6354   0.0000   0.0000   0.0000
    3293  -3.7525   0.1848  13.5523   0.0000   0.0000   0.0000
    3294  -4.4635  -0.2698  13.6279   0.0000   0.0000   0.0000
    3295  -4.3571   0.1990  14.0645   0.0000   0.0000   0.0000
    3296  -3.6691  -0.0656  13.4966   0.0000   0.0000   0.0000
    3297  -3.1452  -0.4880  13.0825   0.0000   0.0000   0.0000
    3298  -3.6292  -0.5621  12.9430   0.0000   0.0000   0.0000
    3299  -3.3847   0.3398  12.9129   0.0000   0.0000   0.0000
    3300  -3.4846   0.3185  13.3149   0.0000   0.0000   0.0000
    3301  -3.7203  -0.5506  13.0327   0.0000   0.0000   0.0000
    3302  -4.7391  -0.5474  13.1772   0.0000   0.0000   0.0000
    3303  -3.9039   0.3187  13.0354   0.0000   0.0000   0.0000
    3304  -3.7164  -0.0879  13.1635   0.0000   0.0000   0.0000
    3305  -3.3642  -0.3425  12.9305   0.0000   0.0000   0.0000
    3306  -3.9610  -0.3845  12.9151   0.0000   0.0000   0.0000
    3307  -4.5352  -0.1133  12.5712   0.0000   0.0000   0.0000
    3308  -4.1030  -0.6979  12.5722   0.0000   0.0000   0.0000
    3309  -3.1096  -0.5336  12.4540   0.0000   0.0000   0.0000
    3310  -3.8337  -1.2518  12.7760   0.0000   0.0000   0.0000
    3311  -3.7403  -1.4548  12.5653   0.0000   0.0000   0.0000
    3312  -4.1736  -0.7402  12.4944   0.0000   0.0000   0.0000
    3313  -4.2005  -0.7215  12.3596   0.0000   0.0000   0.0000
    3314  -4.2680  -1.1689  12.0204   0.0000   0.0000   0.0000
    3315  -4.3311  -1.2995  12.2516   0.0000   0.0000   0.0000
    3316  -4.2458  -2.0536  12.3262   0.0000   0.0000   0.0000
    3317  -4.5919  -1.1475  12.3706   0.0000   0.0000   0.0000
    3318  -4.4536  -1.5960  12.1531   0.0000   0.0000   0.0000
    3319  -4.1788  -1.9969  12.1998   0.0000   0.0000   0.0000
    3320  -5.0479  -1.2858  12.5725   0.0000   0.0000   0.0000
    3321  -5.7099  -0.3401  11.7219   0.0000   0.0000   0.0000
    3322  -5.3998  -0.9351  12.0703   0.0000   0.0000   0.0000
    3323  -5.2499  -0.0176  11.7381   0.0000   0.0000   0.0000
    3324  -4.4660  -0.7126  11.5754   0.0000   0.0000   0.0000
    3325  -4.9575  -0.1029  12.1498   0.0000   0.0000   0.0000
    3326  -5.0007  -0.2291  11.5488   0.0000   0.0000   0.0000
    3327  -5.2559   0.1647  12.3639   0.0000   0.0000   0.0000
    3328  -4.9810   0.3950  12.4905   0.0000   0.0000   0.0000
    3329  -5.0490  -0.1082  12.2053   0.0000   0.0000   0.0000
    3330  -4.6783  -0.0926  12.2106   0.0000   0.0000   0.0000
    3331  -4.1481  -0.0798  12.4087   0.0000   0.0000   0.0000
    3332  -4.0325  -0.3446  11.4650   0.0000   0.0000   0.0000
    3333  -3.5053  -0.4020  11.5301   0.0000   0.0000   0.0000
    3334  -3.6730  -0.0581  10.9189   0.0000   0.0000   0.0000
    3335  -3.8238   0.0372  11.3174   0.0000   0.0000   0.0000
    3336  -3.9938  -1.1781  10.5363   0.0000   0.0000   0.0000
    3337  -3.2899   0.9657  10.9765   0.0000   0.0000   0.0000
    3338  -3.5609   0.6028  10.8499   0.0000   0.0000   0.0000
    3339  -3.3014   0.4076  11.1891   0.0000   0.0000   0.0000
    3340  -3.6095   0.2856  11.4176   0.0000   0.0000   0.0000
    3341  -2.8551  -1.0320  11.5286   0.0000   0.0000   0.0000
    3342  -3.6710  -1.0487  11.5039   0.0000   0.0000   0.0000
    3343  -3.6044  -1.1436  11.9757   0.0000   0.0000   0.0000
    3344  -4.0146  -0.4227  11.7977   0.0000   0.0000   0.0000
    3345  -3.5553  -0.4763  11.8813   0.0000   0.0000   0.0000
    3346  -3.8176  -1.2689  11.8600   0.0000   0.0000   0.0000
    3347  -4.1179   0.1794  11.0519   0.0000   0.0000   0.0000
    3348  -4.5732   0.2470  10.7264   0.0000   0.0000   0.0000
    3349  -4.1221   0.0594  11.5966   0.0000   0.0000   0.0000
    3350  -4.4503  -0.8265  11.3554   0.0000   0.0000   0.0000
    3351  -4.4025  -0.4200  11.8142   0.0000   0.0000   0.0000
    3352  -4.2230  -0.9991  11.9500   0.0000   0.0000   0.0000
    3353  -4.4854  -0.7422  12.4154   0.0000   0.0000   0.0000
    3354  -4.6336  -0.7846  11.4842   0.0000   0.0000   0.0000
    3355  -3.7292  -0.5975  11.4522   0.0000   0.0000   0.0000
    3356  -3.9559  -0.4535  10.0029   0.0000   0.0000   0.0000
    3357  -3.4413  -0.6244  11.5447   0.0000   0.0000   0.0000
    3358  -4.3322   0.0881  11.2432   0.0000   0.0000   0.0000
    3359  -3.8701   0.4578  11.1486   0.0000   0.0000   0.0000
    3360  -3.1379  -0.0369  10.4549   0.0000   0.0000   0.0000
    3361  -4.4367  -0.2742  11.3168   0.0000   0.0000   0.0000
    3362  -4.2123   0.3209  10.5549   0.0000   0.0000   0.0000
    3363  -3.4919   0.5782  11.5262   0.0000   0.0000   0.0000
    3364  -4.0223   0.3166  11.3139   0.0000   0.0000   0.0000
    3365  -4.6318  -0.8025  10.9938   0.0000   0.0000   0.0000
    3366  -3.9472  -0.2813  11.2871   0.0000   0.0000   0.0000
    3367  -3.4346  -0.3446  10.8747   0.0000   0.0000   0.0000
    3368  -4.0260  -0.1208  10.9919   0.0000   0.0000   0.0000
    3369  -4.5170  -0.5373  11.8943   0.0000   0.0000   0.0000
    3370  -4.0387  -0.0888  11.1586   0.0000   0.0000   0.0000
    3371  -3.4215   0.3802  11.0616   0.0000   0.0000   0.0000
    3372  -3.3509   0.3280  11.0116   0.0000   0.0000   0.0000
    3373  -3.1764  -0.6492  11.5785   0.0000   0.0000   0.0000
    3374  -3.5128   0.1039  11.4983   0.0000   0.0000   0.0000
    3375  -3.9694   0.4750  11.6271   0.0000   0.0000   0.0000
    3376  -3.9341   0.4254  11.3868   0.0000   0.0000   0.0000
    3377  -3.4160   0.4365  10.7525   0.0000   0.0000   0.0000
    3378  -3.6867   0.1460  11.0316   0.0000   0.0000   0.0000
    3379  -3.5689  -0.3037  11.4079   0.0000   0.0000   0.0000
    3380  -4.1799  -0.0991  11.1007   0.0000   0.0000   0.0000
    3381  -4.0245   0.0438  11.3891   0.0000   0.0000   0.0000
    3382  -4.3859  -0.4728  10.6734   0.0000   0.0000   0.0000
    3383  -4.4265   0.2762  10.1445   0.0000   0.0000   0.0000
    3384  -3.3661  -0.1169  10.6171   0.0000   0.0000   0.0000
    3385  -3.5732  -0.2035  11.5395   0.0000   0.0000   0.0000
    3386  -3.2419   0.1164  10.6199   0.0000   0.0000   0.0000
    3387  -3.2969   0.6113  10.5246   0.0000   0.0000   0.0000
    3388  -4.0556   0.7810  10.8372   0.0000   0.0000   0.0000
    3389  -4.0840  -0.2813  11.2493   0.0000   0.0000   0.0000
    3390  -3.6573  -0.7246  11.3992   0.0000   0.0000   0.0000
    3391  -4.0073   0.1315  10.7508   0.0000   0.0000   0.0000
    3392  -3.2356  -0.3259  11.2617   0.0000   0.0000   0.0000
    3393  -3.2130  -0.7211  11.0848   0.0000   0.0000   0.0000
    3394  -2.9305   0.0622  11.1842   0.0000   0.0000   0.0000
    3395  -2.4183  -1.2638  10.4765   0.0000   0.0000   0.0000
    3396  -2.3597  -0.8035  10.7596   0.0000   0.0000   0.0000
    3397  -2.8397   0.0073  10.1634   0.0000   0.0000   0.0000
    3398  -2.9975  -0.3382  10.1247   0.0000   0.0000   0.0000
    3399  -3.0625  -1.4684  10.6302   0.0000   0.0000   0.0000
    3400  -2.2927  -1.5915  10.1302   0.0000   0.0000   0.0000
    3401  -2.4652  -0.6985  10.0416   0.0000   0.0000   0.0000
    3402  -3.2281   0.0513  10.0562   0.0000   0.0000   0.0000
    3403  -3.5894  -0.9251  10.3743   0.0000   0.0000   0.0000
    3404  -4.2436   0.0655  11.1946   0.0000   0.0000   0.0000
    3405  -4.3796  -0.6855  10.3421   0.0000   0.0000   0.0000
    3406  -3.5382  -0.8187  10.3587   0.0000   0.0000   0.0000
    3407  -3.6437   0.0497  10.6696   0.0000   0.0000   0.0000
    3408  -3.2166  -0.9609  10.5388   0.0000   0.0000   0.0000
    3409  -3.4164   0.2418  10.4233   0.0000   0.0000   0.0000
    3410  -3.6919  -0.4440  11.4959   0.0000   0.0000   0.0000
    3411  -3.8197  -0.6204  11.3703   0.0000   0.0000   0.0000
    3412  -4.2439   0.2522  11.1040   0.0000   0.0000   0.0000
    3413  -3.6485   0.3527  10.4499   0.0000   0.0000   0.0000
    3414  -3.5160   0.9275  10.8667   0.0000   0.0000   0.0000
    3415  -3.3902   0.2927  10.2255   0.0000   0.0000   0.0000
    3416  -3.0058   0.9861  10.2306   0.0000   0.0000   0.0000
    3417  -3.2714   0.9029   9.8256   0.0000   0.0000   0.0000
    3418  -3.1905   0.2282  10.4952   0.0000   0.0000   0.0000
    3419  -3.5728   1.0134  10.8862   0.0000   0.0000   0.0000
    3420  -3.1153   1.4881  10.7552   0.0000   0.0000   0.0000
    3421  -3.6525   1.1658  10.3371   0.0000   0.0000   0.0000
    3422  -3.2808   0.6628  10.1152   0.0000   0.0000   0.0000
    3423  -2.4629   1.1190  10.6327   0.0000   0.0000   0.0000
    3424  -2.8706   1.2539  10.9627   0.0000   0.0000   0.0000
    3425  -3.1443   0.1996  10.0825   0.0000   0.0000   0.0000
    3426  -2.5399  -0.1368  10.4959   0.0000   0.0000   0.0000
    3427  -3.3393   0.0028  11.0350   0.0000   0.0000   0.0000
    3428  -3.4717  -0.5983  11.5238   0.0000   0.0000   0.0000
    3429  -3.6370  -0.4810  11.6639   0.0000   0.0000   0.0000
    3430  -3.2015  -0.8998  11.7202   0.0000   0.0000   0.0000
    3431  -2.9676  -1.2196  11.1736   0.0000   0.0000   0.0000
    3432  -3.3202  -0.0920  11.1681   0.0000   0.0000   0.0000
    3433  -3.1641  -0.5668  10.6466   0.0000   0.0000   0.0000
    3434  -3.6979  -0.2613  10.8083   0.0000   0.0000   0.0000
    3435  -3.2505  -0.4854  11.2925   0.0000   0.0000   0.0000
    3436  -3.4775  -1.3794  11.2492   0.0000   0.0000   0.0000
    3437  -4.3061  -0.7869  11.4319   0.0000   0.0000   0.0000
    3438  -4.0734  -0.9100  11.9741   0.0000   0.0000   0.0000
    3439  -4.0956  -0.6065  12.5641   0.0000   0.0000   0.0000
    3440  -4.2766  -0.7551  11.1730   0.0000   0.0000   0.0000
    3441  -3.8288   0.1277  10.7099   0.0000   0.0000   0.0000
    3442  -4.2742   0.5243  10.5651   0.0000   0.0000   0.0000
    3443  -3.7497   0.4210  11.1444   0.0000   0.0000   0.0000
    3444  -4.1226   0.4861  11.5633   0.0000   0.0000   0.0000
    3445  -4.0436   0.8217  11.2419   0.0000   0.0000   0.0000
    3446  -3.2040   0.5407  11.5129   0.0000   0.0000   0.0000
    3447  -3.1359   0.7368  11.6607   0.0000   0.0000   0.0000
    3448  -3.0756   0.2320  12.0052   0.0000   0.0000   0.0000
    3449  -4.2808   0.3783  11.5399   0.0000   0.0000   0.0000
    3450  -3.2560   0.4759  11.5071   0.0000   0.0000   0.0000
    3451  -3.3535   0.7330  11.7113   0.0000   0.0000   0.0000
    3452  -3.5917   0.0282  11.9333   0.0000   0.0000   0.0000
    3453  -3.5192   0.8138  12.0047   0.0000   0.0000   0.0000
    3454  -3.7871   0.2773  11.8021   0.0000   0.0000   0.0000
    3455  -3.9611   0.7830  11.7669   0.0000   0.0000   0.0000
    3456  -3.4831   1.4643  12.1494   0.0000   0.0000   0.0000
    3457  -2.9800   1.1761  11.8501   0.0000   0.0000   0.0000
    3458  -3.2917   0.7565  11.8059   0.0000   0.0000   0.0000
    3459  -3.4766   1.6872  12.4021   0.0000   0.0000   0.0000
    3460  -3.0885   1.3894  12.6207   0.0000   0.0000   0.0000
    3461  -3.6206   0.2555  11.2713   0.0000   0.0000   0.0000
    3462  -3.2141   0.2904  11.7355   0.0000   0.0000   0.0000
    3463  -3.9173  -0.1615  11.4531   0.0000   0.0000   0.0000
    3464  -3.3273   0.0531  11.5357   0.0000   0.0000   0.0000
    3465  -3.6739  -0.2458  12.1566   0.0000   0.0000   0.0000
    3466  -3.6933   0.0116  11.5957   0.0000   0.0000   0.0000
    3467  -3.7128  -0.1152  10.7904   0.0000   0.0000   0.0000
    3468  -3.2041   0.3939  10.9764   0.0000   0.0000   0.0000
    3469  -3.7744  -0.1032  11.4510   0.0000   0.0000   0.0000
    3470  -3.3953  -0.1858  11.2950   0.0000   0.0000   0.0000
    3471  -2.5262  -0.1793  11.1134   0.0000   0.0000   0.0000
    3472  -3.1130  -0.4931  10.8774   0.0000   0.0000   0.0000
    3473  -3.4432  -0.5516  11.6687   0.0000   0.0000   0.0000
    3474  -3.5855  -0.2836  11.8258   0.0000   0.0000   0.0000
    3475  -3.6052  -0.8628  11.7588   0.0000   0.0000   0.0000
    3476  -3.9726  -0.6957  12.0019   0.0000   0.0000   0.0000
    3477  -3.2563  -0.5363  12.0786   0.0000   0.0000   0.0000
    3478  -4.1003  -0.7618  12.3025   0.0000   0.0000   0.0000
    3479  -3.3124  -0.6593  11.9815   0.0000   0.0000   0.0000
    3480  -3.7243  -0.3222  12.3148   0.0000   0.0000   0.0000
    3481  -2.9018  -0.0530  11.9338   0.0000   0.0000   0.0000
    3482  -3.3794   0.5945  12.3184   0.0000   0.0000   0.0000
    3483  -3.7066   0.0496  11.6906   0.0000   0.0000   0.0000
    3484  -3.4603  -0.3579  11.7570   0.0000   0.0000   0.0000
    3485  -2.9485  -0.2007  11.0605   0.0000   0.0000   0.0000
    3486  -3.9757  -0.7123  11.3624   0.0000   0.0000   0.0000
    3487  -3.2602  -0.5461  10.9470   0.0000   0.0000   0.0000
    3488  -3.7863   0.2789  11.6856   0.0000   0.0000   0.0000
    3489  -3.8474  -0.1410  11.6776   0.0000   0.0000   0.0000
    3490  -3.1558  -0.0029  10.5456   0.0000   0.0000   0.0000
    3491  -3.3589  -0.1238  11.9494   0.0000   0.0000   0.0000
    3492  -3.5897  -0.3278  11.3135   0.0000   0.0000   0.0000
    3493  -3.2252  -0.9184  11.1154   0.0000   0.0000   0.0000
    3494  -3.6354  -1.1205  11.2438   0.0000   0.0000   0.0000
    3495  -3.8935  -1.1071  11.7085   0.0000   0.0000   0.0000
    3496  -4.5246  -0.8160  11.2418   0.0000   0.0000   0.0000
    3497  -4.4553  -1.0893  10.9163   0.0000   0.0000   0.0000
    3498  -3.6843  -0.1869  11.0487   0.0000   0.0000   0.0000
    3499  -3.4781  -0.7349  11.1433   0.0000   0.0000   0.0000
    3500  -4.5061  -1.1866  10.9047   0.0000   0.0000   0.0000
    3501  -4.8076   0.0625  11.2092   0.0000   0.0000   0.0000
    3502  -4.8110  -0.4388  11.2623   0.0000   0.0000   0.0000
    3503  -3.6875   0.4979  11.7596   0.0000   0.0000   0.0000
    3504  -3.7080   1.0013  11.7361   0.0000   0.0000   0.0000
    3505  -3.3588   1.4254  11.6897   0.0000   0.0000   0.0000
    3506  -3.7219   0.7246  11.1514   0.0000   0.0000   0.0000
    3507  -3.8893   0.5904  11.9071   0.0000   0.0000   0.0000
    3508  -3.9206  -0.0118  11.8191   0.0000   0.0000   0.0000
    3509  -3.6773  -0.4089  11.9520   0.0000   0.0000   0.0000
    3510  -3.3570   0.3811  11.6977   0.0000   0.0000   0.0000
    3511  -3.7598   0.4119  12.8960   0.0000   0.0000   0.0000
    3512  -3.6247   0.0389  12.3657   0.0000   0.0000   0.0000
    3513  -3.3971   0.0138  13.3836   0.0000   0.0000   0.0000
    3514  -3.6679  -0.0717  13.8795   0.0000   0.0000   0.0000
    3515  -3.7580  -0.2448  13.7802   0.0000   0.0000   0.0000
    3516  -3.1536  -0.0384  13.5372   0.0000   0.0000   0.0000
    3517  -2.8911   0.1714  13.4914   0.0000   0.0000   0.0000
    3518  -3.3235   0.0566  13.5377   0.0000   0.0000   0.0000
    3519  -4.4216   0.0299  13.1254   0.0000   0.0000   0.0000
    3520  -3.6677   0.3990  13.9252   0.0000   0.0000   0.0000
    3521  -2.3813  -0.2521  13.4519   0.0000   0.0000   0.0000
    3522  -2.5014  -0.5082  14.2622   0.0000   0.0000   0.0000
    3523  -3.6052  -0.1196  15.0580   0.0000   0.0000   0.0000
    3524  -3.3237  -0.0324  15.1569   0.0000   0.0000   0.0000
    3525  -3.5470  -0.8280  14.1252   0.0000   0.0000   0.0000
    3526  -3.4705  -0.2383  14.3228   0.0000   0.0000   0.0000
    3527  -3.3550  -0.5209  13.7940   0.0000   0.0000   0.0000
    3528  -4.1889  -0.0495  14.0870   0.0000   0.0000   0.0000
    3529  -3.7662   0.2278  13.3038   0.0000   0.0000   0.0000
    3530  -3.4878   0.4944  13.1130   0.0000   0.0000   0.0000
    3531  -2.8687   0.5424  13.2859   0.0000   0.0000   0.0000
    3532  -2.3168   0.0347  14.0288   0.0000   0.0000   0.0000
    3533  -2.9316  -0.0416  13.3435   0.0000   0.0000   0.0000
    3534  -3.2582  -0.0018  13.1347   0.0000   0.0000   0.0000
    3535  -2.4112   0.0263  12.8382   0.0000   0.0000   0.0000
    3536  -3.9952  -0.2686  13.2834   0.0000   0.0000   0.0000
    3537  -3.5451  -0.4449  14.0431   0.0000   0.0000   0.0000
    3538  -3.4780  -0.4553  13.1127   0.0000   0.0000   0.0000
    3539  -3.8293  -0.8403  12.7153   0.0000   0.0000   0.0000
    3540  -3.4231  -0.9674  13.1387   0.0000   0.0000   0.0000
    3541  -3.1826   0.1422  12.0045   0.0000   0.0000   0.0000
    3542  -2.6948  -0.5894  13.6469   0.0000   0.0000   0.0000
    3543  -2.7751  -1.5546  13.7670   0.0000   0.0000   0.0000
    3544  -2.4075  -1.0172  13.9852   0.0000   0.0000   0.0000
    3545  -2.2137  -0.6297  12.8850   0.0000   0.0000   0.0000
    3546  -1.9978  -0.6092  13.2642   0.0000   0.0000   0.0000
    3547  -2.9675  -0.4803  12.9605   0.0000   0.0000   0.0000
    3548  -2.8666   0.1453  12.6202   0.0000   0.0000   0.0000
    3549  -3.4495  -0.1287  12.5449   0.0000   0.0000   0.0000
    3550  -2.9641  -0.1042  12.9431   0.0000   0.0000   0.0000
    3551  -2.4429  -0.9937  13.1699   0.0000   0.0000   0.0000
    3552  -2.9090  -0.0032  12.3847   0.0000   0.0000   0.0000
    3553  -3.3157  -0.8445  12.1016   0.0000   0.0000   0.0000
    3554  -3.7938  -0.8672  12.4416   0.0000   0.0000   0.0000
    3555  -3.2222  -0.6630  12.7316   0.0000   0.0000   0.0000
    3556  -3.1128  -0.4173  12.9688   0.0000   0.0000   0.0000
    3557  -2.6961  -0.9473  13.1900   0.0000   0.0000   0.0000
    3558  -2.7750  -0.2877  12.4907   0.0000   0.0000   0.0000
    3559  -2.7143  -0.0973  13.4263   0.0000   0.0000   0.0000
    3560  -2.5807  -0.3626  12.5674   0.0000   0.0000   0.0000
    3561  -2.7491   0.2981  13.4816   0.0000   0.0000   0.0000
    3562  -2.7996  -0.2356  13.3094   0.0000   0.0000   0.0000
    3563  -2.6292  -0.4717  13.0324   0.0000   0.0000   0.0000
    3564  -2.1057  -0.6491  13.4460   0.0000   0.0000   0.0000
    3565  -1.6547  -0.7239  13.0286   0.0000   0.0000   0.0000
    3566  -2.3199  -0.3477  13.8501   0.0000   0.0000   0.0000
    3567  -2.3796  -0.5927  13.8167   0.0000   0.0000   0.0000
    3568  -2.0329  -0.2111  13.5747   0.0000   0.0000   0.0000
    3569  -2.4075  -0.6252  12.9316   0.0000   0.0000   0.0000
    3570  -2.3171  -1.0292  12.4131   0.0000   0.0000   0.0000
    3571  -2.6347  -0.4051  12.9652   0.0000   0.0000   0.0000
    3572  -2.0092  -0.2830  13.5287   0.0000   0.0000   0.0000
    3573  -2.6067  -0.4841  13.2475   0.0000   0.0000   0.0000
    3574  -2.3622  -0.8351  13.5432   0.0000   0.0000   0.0000
    3575  -2.3590  -0.8704  13.2295   0.0000   0.0000   0.0000
    3576  -2.3000  -1.1442  13.3031   0.0000   0.0000   0.0000
    3577  -2.2202  -1.2842  12.9323   0.0000   0.0000   0.0000
    3578  -2.0558  -0.4142  12.6347   0.0000   0.0000   0.0000
    3579  -2.1847  -1.5039  13.0832   0.0000   0.0000   0.0000
    3580  -1.3229  -1.2971  12.7026   0.0000   0.0000   0.0000
    3581  -1.6002  -1.5351  12.4880   0.0000   0.0000   0.0000
    3582  -2.1653  -1.4073  11.9565   0.0000   0.0000   0.0000
    3583  -2.1298  -1.4786  11.9569   0.0000   0.0000   0.0000
    3584  -1.9000  -0.5233  11.7108   0.0000   0.0000   0.0000
    3585  -2.7298  -1.0688  12.0615   0.0000   0.0000   0.0000
    3586  -2.2451  -1.1077  12.4359   0.0000   0.0000   0.0000
    3587  -2.9653  -1.5674  12.1171   0.0000   0.0000   0.0000
    3588  -2.4072  -1.2008  11.7713   0.0000   0.0000   0.0000
    3589  -2.3368  -0.4271  12.0431   0.0000   0.0000   0.0000
    3590  -2.3956  -0.5335  11.6157   0.0000   0.0000   0.0000
    3591  -1.8033  -1.1235  11.1705   0.0000   0.0000   0.0000
    3592  -2.3971  -0.2579  11.2632   0.0000   0.0000   0.0000
    3593  -1.6509  -1.2645  12.3373   0.0000   0.0000   0.0000
    3594  -1.1612  -0.7044  12.7016   0.0000   0.0000   0.0000
    3595  -1.8334  -0.8172  12.4122   0.0000   0.0000   0.0000
    3596  -1.8131  -0.5079  12.1898   0.0000   0.0000   0.0000
    3597  -2.4185  -0.5253  12.3022   0.0000   0.0000   0.0000
    3598  -2.0803  -1.1173  12.1456   0.0000   0.0000   0.0000
    3599  -2.6743  -1.0474  11.9015   0.0000   0.0000   0.0000
    3600  -1.7698  -0.5496  12.2369   0.0000   0.0000   0.0000
    3601  -3.3922  -1.0699  11.9730   0.0000   0.0000   0.0000
    3602  -2.8665  -0.6319  11.8572   0.0000   0.0000   0.0000
    3603  -3.3472  -0.7981  11.4886   0.0000   0.0000   0.0000
    3604  -2.9903  -1.4117  11.1298   0.0000   0.0000   0.0000
    3605  -3.6906  -1.5716  11.8709   0.0000   0.0000   0.0000
    3606  -3.6307  -0.7952  11.9850   0.0000   0.0000   0.0000
    3607  -3.3736  -1.0611  12.0833   0.0000   0.0000   0.0000
    3608  -3.1038  -1.0296  11.7755   0.0000   0.0000   0.0000
    3609  -2.3459  -0.8700  12.3562   0.0000   0.0000   0.0000
    3610  -2.9719  -0.5054  13.1949   0.0000   0.0000   0.0000
    3611  -3.4811  -0.1868  13.3979   0.0000   0.0000   0.0000
    3612  -3.4068   0.0966  12.8847   0.0000   0.0000   0.0000
    3613  -3.8467   0.3802  12.8138   0.0000   0.0000   0.0000
    3614  -3.9447   0.2339  12.6314   0.0000   0.0000   0.0000
    3615  -2.7119   0.2258  11.3563   0.0000   0.0000   0.0000
    3616  -2.5568  -0.2968  12.6696   0.0000   0.0000   0.0000
    3617  -2.0528   0.5058  12.2924   0.0000   0.0000   0.0000
    3618  -2.7126   0.0901  12.6291   0.0000   0.0000   0.0000
    3619  -3.3019   0.3477  12.2618   0.0000   0.0000   0.0000
    3620  -3.5386  -0.2726  12.6267   0.0000   0.0000   0.0000
    3621  -2.9090  -0.4943  13.6699   0.0000   0.0000   0.0000
    3622  -2.3931   0.0831  12.5077   0.0000   0.0000   0.0000
    3623  -2.2429  -0.8051  12.2415   0.0000   0.0000   0.0000
    3624  -2.7352  -1.8021  12.6927   0.0000   0.0000   0.0000
    3625  -2.8139  -1.1619  12.3405   0.0000   0.0000   0.0000
    3626  -2.4674  -1.4106  13.0400   0.0000   0.0000   0.0000
    3627  -2.2363  -1.3422  12.5105   0.0000   0.0000   0.0000
    3628  -2.0944  -1.2421  12.2278   0.0000   0.0000   0.0000
    3629  -2.0150  -1.6004  12.5565   0.0000   0.0000   0.0000
    3630  -2.9655  -1.3972  12.4650   0.0000   0.0000   0.0000
    3631  -3.1114  -1.7846  12.6778   0.0000   0.0000   0.0000
    3632  -2.1549  -1.6057  12.9605   0.0000   0.0000   0.0000
    3633  -2.2838  -1.6042  12.6100   0.0000   0.0000   0.0000
    3634  -3.8216  -1.0298  12.3844   0.0000   0.0000   0.0000
    3635  -2.6281  -1.1519  13.2743   0.0000   0.0000   0.0000
    3636  -3.1416  -0.4346  12.2491   0.0000   0.0000   0.0000
    3637  -3.1079  -1.1850  12.3146   0.0000   0.0000   0.0000
    3638  -3.0994  -1.0184  12.3012   0.0000   0.0000   0.0000
    3639  -3.1620  -1.1014  12.2294   0.0000   0.0000   0.0000
    3640  -2.5442  -1.7243  12.9544   0.0000   0.0000   0.0000
    3641  -2.8454  -1.7771  13.0789   0.0000   0.0000   0.0000
    3642  -2.8615  -2.1515  13.5971   0.0000   0.0000   0.0000
    3643  -3.8034  -1.9856  12.7230   0.0000   0.0000   0.0000
    3644  -2.8099  -1.2815  12.4857   0.0000   0.0000   0.0000
    3645  -3.1890  -1.4696  12.3811   0.0000   0.0000   0.0000
    3646  -2.9545  -1.0909  12.9770   0.0000   0.0000   0.0000
    3647  -3.1608  -1.4335  13.3589   0.0000   0.0000   0.0000
    3648  -2.6296  -1.4134  13.5963   0.0000   0.0000   0.0000
    3649  -2.7942  -2.3120  13.6219   0.0000   0.0000   0.0000
    3650  -1.8045  -1.8488  13.6773   0.0000   0.0000   0.0000
    3651  -2.3421  -2.6809  13.1490   0.0000   0.0000   0.0000
    3652  -2.9734  -1.9810  13.3948   0.0000   0.0000   0.0000
    3653  -3.4816  -1.1199  13.4069   0.0000   0.0000   0.0000
    3654  -2.8233  -0.6063  13.0126   0.0000   0.0000   0.0000
    3655  -2.6139  -0.8357  14.0929   0.0000   0.0000   0.0000
    3656  -3.1916  -1.1975  13.5890   0.0000   0.0000   0.0000
    3657  -3.2210  -1.7866  13.6327   0.0000   0.0000   0.0000
    3658  -2.8480  -1.8859  13.7744   0.0000   0.0000   0.0000
    3659  -3.1018  -2.6820  13.4890   0.0000   0.0000   0.0000
    3660  -2.7016  -2.3308  13.9790   0.0000   0.0000   0.0000
    3661  -2.6646  -1.7869  13.8419   0.0000   0.0000   0.0000
    3662  -4.4071  -2.1243  13.9623   0.0000   0.0000   0.0000
    3663  -4.1390  -1.9435  13.3917   0.0000   0.0000   0.0000
    3664  -4.0474  -2.5743  13.3296   0.0000   0.0000   0.0000
    3665  -3.6667  -2.4359  13.5967   0.0000   0.0000   0.0000
    3666  -3.8983  -2.0576  13.8055   0.0000   0.0000   0.0000
    3667  -3.0346  -1.7088  14.2475   0.0000   0.0000   0.0000
    3668  -2.6342  -0.8961  13.2976   0.0000   0.0000   0.0000
    3669  -3.0665  -1.5369  13.3617   0.0000   0.0000   0.0000
    3670  -3.3310  -1.5409  13.7718   0.0000   0.0000   0.0000
    3671  -2.7644  -1.2395  13.1180   0.0000   0.0000   0.0000
    3672  -2.5782  -0.8179  12.9246   0.0000   0.0000   0.0000
    3673  -2.8056  -0.0521  12.5248   0.0000   0.0000   0.0000
    3674  -2.7660  -1.5093  12.8496   0.0000   0.0000   0.0000
    3675  -2.9284  -0.9815  12.6471   0.0000   0.0000   0.0000
    3676  -3.2954  -0.9734  12.5976   0.0000   0.0000   0.0000
    3677  -3.2170  -1.0465  12.5983   0.0000   0.0000   0.0000
    3678  -3.2087  -0.5009  12.7437   0.0000   0.0000   0.0000
    3679  -3.6641  -1.0891  13.4566   0.0000   0.0000   0.0000
    3680  -2.9412  -1.6657  13.0023   0.0000   0.0000   0.0000
    3681  -2.8407  -1.8822  12.6014   0.0000   0.0000   0.0000
    3682  -2.9135  -0.5596  12.5673   0.0000   0.0000   0.0000
    3683  -2.8894  -1.0282  12.1829   0.0000   0.0000   0.0000
    3684  -2.7424  -0.0967  12.3854   0.0000   0.0000   0.0000
    3685  -3.6340  -0.7477  12.3923   0.0000   0.0000   0.0000
    3686  -2.9086  -0.8645  12.2587   0.0000   0.0000   0.0000
    3687  -3.8968  -1.2483  12.3926   0.0000   0.0000   0.0000
    3688  -2.6368  -1.5592  11.5982   0.0000   0.0000   0.0000
    3689  -2.9549  -0.7492  12.0820   0.0000   0.0000   0.0000
    3690  -3.1534  -1.7055  11.9756   0.0000   0.0000   0.0000
    3691  -2.6630  -1.3146  12.6150   0.0000   0.0000   0.0000
    3692  -2.4081  -1.3731  12.5827   0.0000   0.0000   0.0000
    3693  -1.4499  -0.3670  12.8503   0.0000   0.0000   0.0000
    3694  -2.6140  -1.2480  12.7121   0.0000   0.0000   0.0000
    3695  -2.9748  -1.7397  12.6509   0.0000   0.0000   0.0000
    3696  -2.7352  -1.2799  12.8745   0.0000   0.0000   0.0000
    3697  -2.8985  -1.4302  12.5988   0.0000   0.0000   0.0000
    3698  -3.1490  -1.3087  12.8270   0.0000   0.0000   0.0000
    3699  -3.2524  -1.4242  11.3279   0.0000   0.0000   0.0000
    3700  -2.9159  -1.0994  11.1092   0.0000   0.0000   0.0000
    3701  -3.0867  -1.6151  11.0742   0.0000   0.0000   0.0000
    3702  -3.1222  -2.3783  11.5091   0.0000   0.0000   0.0000
    3703  -2.5546  -1.3609  11.3838   0.0000   0.0000   0.0000
    3704  -3.4214  -1.0564  10.9321   0.0000   0.0000   0.0000
    3705  -3.0195  -1.2374  11.5392   0.0000   0.0000   0.0000
    3706  -3.3673  -0.4889  11.2724   0.0000   0.0000   0.0000
    3707  -2.6083  -1.0288  11.0452   0.0000   0.0000   0.0000
    3708  -2.6111  -1.4415  10.5718   0.0000   0.0000   0.0000
    3709  -2.5558  -1.0789  10.7538   0.0000   0.0000   0.0000
    3710  -2.7107  -0.7850  10.8159   0.0000   0.0000   0.0000
    3711  -3.5088  -0.9668  10.5674   0.0000   0.0000   0.0000
    3712  -2.4425  -0.8049  11.4401   0.0000   0.0000   0.0000
    3713  -2.2155  -1.7806  11.9238   0.0000   0.0000   0.0000
    3714  -1.5724  -0.6401  11.7105   0.0000   0.0000   0.0000
    3715  -1.7578  -0.8188  11.3399   0.0000   0.0000   0.0000
    3716  -1.9313  -1.4603  12.0615   0.0000   0.0000   0.0000
    3717  -1.9127  -1.0439  11.8951   0.0000   0.0000   0.0000
    3718  -1.9047  -0.3061  12.1748   0.0000   0.0000   0.0000
    3719  -1.7311  -0.9564  12.3705   0.0000   0.0000   0.0000
    3720  -3.0371  -1.3093  12.3841   0.0000   0.0000   0.0000
    3721  -2.2349  -1.3787  12.8419   0.0000   0.0000   0.0000
    3722  -1.8497  -1.1486  13.4186   0.0000   0.0000   0.0000
    3723  -1.5583  -1.0058  11.9030   0.0000   0.0000   0.0000
    3724  -2.6185  -0.7404  12.2226   0.0000   0.0000   0.0000
    3725  -3.1216  -0.9857  11.9035   0.0000   0.0000   0.0000
    3726  -2.4128  -1.7002  12.1632   0.0000   0.0000   0.0000
    3727  -2.8171  -1.1454  12.3066   0.0000   0.0000   0.0000
    3728  -1.8637  -2.3242  12.3973   0.0000   0.0000   0.0000
    3729  -3.0013  -1.7491  11.6871   0.0000   0.0000   0.0000
    3730  -2.3638  -1.3034  11.9509   0.0000   0.0000   0.0000
    3731  -2.1445  -1.2194  12.0611   0.0000   0.0000   0.0000
    3732  -2.1833  -1.3096  12.2316   0.0000   0.0000   0.0000
    3733  -2.3704  -0.7324  12.3515   0.0000   0.0000   0.0000
    3734  -2.7735  -1.8025  12.2149   0.0000   0.0000   0.0000
    3735  -2.3635  -1.9998  12.4125   0.0000   0.0000   0.0000
    3736  -1.7693  -1.8548  12.3269   0.0000   0.0000   0.0000
    3737  -2.6852  -2.7602  12.1422   0.0000   0.0000   0.0000
    3738  -3.3963  -1.4321  11.9607   0.0000   0.0000   0.0000
    3739  -2.2759  -1.6645  11.3921   0.0000   0.0000   0.0000
    3740  -2.8170  -2.1134  11.4511   0.0000   0.0000   0.0000
    3741  -3.3601  -1.7664  11.3252   0.0000   0.0000   0.0000
    3742  -2.3215  -2.3113  11.3622   0.0000   0.0000   0.0000
    3743  -1.8646  -1.9976  11.8921   0.0000   0.0000   0.0000
    3744  -1.8701  -1.7389  12.0711   0.0000   0.0000   0.0000
    3745  -2.7480  -2.7634  11.7594   0.0000   0.0000   0.0000
    3746  -2.4610  -2.1904  11.1826   0.0000   0.0000   0.0000
    3747  -2.7788  -2.4976  11.3758   0.0000   0.0000   0.0000
    3748  -2.7156  -2.5592  11.2098   0.0000   0.0000   0.0000
    3749  -2.7118  -2.2853  11.4507   0.0000   0.0000   0.0000
    3750  -2.9890  -2.0390   9.9055   0.0000   0.0000   0.0000
    3751  -1.8479  -2.8152  10.8132   0.0000   0.0000   0.0000
    3752  -2.0109  -2.3000  11.4055   0.0000   0.0000   0.0000
    3753  -2.3691  -2.2104  10.4025   0.0000   0.0000   0.0000
    3754  -2.3658  -2.2401  11.0017   0.0000   0.0000   0.0000
    3755  -2.1691  -2.5750  11.0591   0.0000   0.0000   0.0000
    3756  -1.4920  -2.5902  11.4618   0.0000   0.0000   0.0000
    3757  -1.3811  -2.2098  11.1422   0.0000   0.0000   0.0000
    3758  -0.9927  -2.3459  11.1133   0.0000   0.0000   0.0000
    3759  -0.5526  -2.2744  11.9882   0.0000   0.0000   0.0000
    3760  -0.5128  -2.7399  11.6028   0.0000   0.0000   0.0000
    3761  -1.8440  -2.4583  12.1258   0.0000   0.0000   0.0000
    3762  -1.3342  -2.4222  12.2105   0.0000   0.0000   0.0000
    3763  -1.0987  -2.6737  12.6249   0.0000   0.0000   0.0000
    3764  -1.5900  -2.3488  12.3826   0.0000   0.0000   0.0000
    3765  -1.5346  -2.4394  11.8597   0.0000   0.0000   0.0000
    3766  -1.7241  -4.0279  11.7031   0.0000   0.0000   0.0000
    3767  -1.7149  -3.4807  11.9831   0.0000   0.0000   0.0000
    3768  -2.2421  -3.6372  11.4740   0.0000   0.0000   0.0000
    3769  -2.3860  -3.8245  11.7686   0.0000   0.0000   0.0000
    3770  -1.2858  -3.2332  12.5894   0.0000   0.0000   0.0000
    3771  -1.8520  -2.4805  12.1713   0.0000   0.0000   0.0000
    3772  -1.6616  -3.2390  12.2786   0.0000   0.0000   0.0000
    3773  -1.7367  -2.7540  11.9087   0.0000   0.0000   0.0000
    3774  -1.2636  -3.1953  12.5841   0.0000   0.0000   0.0000
    3775  -1.0926  -4.2329  12.0890   0.0000   0.0000   0.0000
    3776  -1.6971  -4.3125  13.0435   0.0000   0.0000   0.0000
    3777  -1.9522  -4.0695  12.6808   0.0000   0.0000   0.0000
    3778  -1.2938  -4.4390  13.1429   0.0000   0.0000   0.0000
    3779  -1.4934  -4.2169  13.4034   0.0000   0.0000   0.0000
    3780  -1.4349  -4.1219  12.9262   0.0000   0.0000   0.0000
    3781  -1.4033  -4.5521  12.5723   0.0000   0.0000   0.0000
    3782  -1.4539  -3.0534  12.3402   0.0000   0.0000   0.0000
    3783  -1.0974  -4.3511  12.6688   0.0000   0.0000   0.0000
    3784  -1.7345  -4.3477  12.6112   0.0000   0.0000   0.0000
    3785  -1.6438  -4.0695  12.8298   0.0000   0.0000   0.0000
    3786  -1.8560  -4.3128  12.5008   0.0000   0.0000   0.0000
    3787  -1.5326  -4.0624  12.4590   0.0000   0.0000   0.0000
    3788  -2.2066  -3.3003  11.7956   0.0000   0.0000   0.0000
    3789  -1.7475  -4.6914  11.4866   0.0000   0.0000   0.0000
    3790  -1.8166  -3.8606  11.8942   0.0000   0.0000   0.0000
    3791  -1.7807  -3.9430  12.3757   0.0000   0.0000   0.0000
    3792  -2.5502  -3.4583  12.4926   0.0000   0.0000   0.0000
    3793  -2.2335  -3.1987  12.2574   0.0000   0.0000   0.0000
    3794  -2.0721  -3.7182  12.5708   0.0000   0.0000   0.0000
    3795  -1.9747  -3.3544  11.9965   0.0000   0.0000   0.0000
    3796  -1.8314  -3.3833  12.2006   0.0000   0.0000   0.0000
    3797  -2.0594  -3.1182  12.0881   0.0000   0.0000   0.0000
    3798  -1.7301  -3.4704  12.4672   0.0000   0.0000   0.0000
    3799  -2.2680  -3.9882  12.4522   0.0000   0.0000   0.0000
    3800  -2.3135  -2.9168  12.7144   0.0000   0.0000   0.0000
    3801  -1.5395  -2.8848  12.7136   0.0000   0.0000   0.0000
    3802  -1.9978  -3.8525  12.8257   0.0000   0.0000   0.0000
    3803  -1.5402  -4.1037  13.4611   0.0000   0.0000   0.0000
    3804  -1.3028  -3.5314  13.8905   0.0000   0.0000   0.0000
    3805  -1.7218  -3.4126  14.0697   0.0000   0.0000   0.0000
    3806  -1.9380  -3.3403  13.1124   0.0000   0.0000   0.0000
    3807  -1.8114  -3.4944  12.6282   0.0000   0.0000   0.0000
    3808  -1.5446  -2.9391  12.3608   0.0000   0.0000   0.0000
    3809  -1.4350  -2.9588  12.1147   0.0000   0.0000   0.0000
    3810  -1.2644  -3.3475  12.9561   0.0000   0.0000   0.0000
    3811  -0.8952  -3.0401  12.5800   0.0000   0.0000   0.0000
    3812  -1.6411  -3.3656  12.6255   0.0000   0.0000   0.0000
    3813  -0.3325  -2.6027  12.4072   0.0000   0.0000   0.0000
    3814  -1.3212  -2.9632  12.6511   0.0000   0.0000   0.0000
    3815  -0.5187  -2.6922  12.3198   0.0000   0.0000   0.0000
    3816  -0.5989  -2.2819  12.5066   0.0000   0.0000   0.0000
    3817  -0.1771  -3.4747  12.7014   0.0000   0.0000   0.0000
    3818  -1.0831  -3.1954  12.7802   0.0000   0.0000   0.0000
    3819  -1.2101  -3.2549  11.9966   0.0000   0.0000   0.0000
    3820  -1.2797  -2.8413  11.9685   0.0000   0.0000   0.0000
    3821  -0.6952  -2.0346  12.1595   0.0000   0.0000   0.0000
    3822  -0.4984  -2.4200  11.7737   0.0000   0.0000   0.0000
    3823  -1.2788  -3.4662  11.5589   0.0000   0.0000   0.0000
    3824  -0.8621  -3.1799  12.7155   0.0000   0.0000   0.0000
    3825  -1.4716  -2.9977  12.6511   0.0000   0.0000   0.0000
    3826  -1.3232  -1.9591  12.6495   0.0000   0.0000   0.0000
    3827  -1.7317  -2.6669  12.2083   0.0000   0.0000   0.0000
    3828  -2.3452  -3.0023  11.7992   0.0000   0.0000   0.0000
    3829  -2.3505  -3.1583  11.7129   0.0000   0.0000   0.0000
    3830  -1.9789  -3.5316  12.1545   0.0000   0.0000   0.0000
    3831  -1.4154  -3.4045  12.1187   0.0000   0.0000   0.0000
    3832  -1.3455  -3.4117  11.4256   0.0000   0.0000   0.0000
    3833  -1.6694  -3.3870  11.3000   0.0000   0.0000   0.0000
    3834  -2.1863  -2.5533  11.7856   0.0000   0.0000   0.0000
    3835  -2.1018  -3.5793  11.8647   0.0000   0.0000   0.0000
    3836  -1.3789  -2.8931  10.8571   0.0000   0.0000   0.0000
    3837  -1.9080  -2.7966  11.5425   0.0000   0.0000   0.0000
    3838  -1.5246  -2.6698  11.0750   0.0000   0.0000   0.0000
    3839  -2.0331  -3.5387  10.8443   0.0000   0.0000   0.0000
    3840  -1.5592  -2.5816  11.1619   0.0000   0.0000   0.0000
    3841  -0.7106  -2.9401  11.4448   0.0000   0.0000   0.0000
    3842  -1.0527  -2.7518  11.2702   0.0000   0.0000   0.0000
    3843  -1.1874  -3.0458  11.7690   0.0000   0.0000   0.0000
    3844  -1.5102  -2.3395  11.3704   0.0000   0.0000   0.0000
    3845  -1.6547  -3.5672  11.9229   0.0000   0.0000   0.0000
    3846  -2.1802  -2.9634  11.4271   0.0000   0.0000   0.0000
    3847  -2.2783  -4.0748  10.8339   0.0000   0.0000   0.0000
    3848  -1.8066  -3.6451  11.6253   0.0000   0.0000   0.0000
    3849  -2.0007  -2.9650  10.7085   0.0000   0.0000   0.0000
    3850  -2.5429  -3.3293  10.8430   0.0000   0.0000   0.0000
    3851  -2.3941  -4.2520  11.0134   0.0000   0.0000   0.0000
    3852  -2.4147  -4.0300  10.6432   0.0000   0.0000   0.0000
    3853  -2.6003  -3.7689  11.5931   0.0000   0.0000   0.0000
    3854  -2.9478  -3.0566  11.2394   0.0000   0.0000   0.0000
    3855  -2.0784  -2.0701  11.5166   0.0000   0.0000   0.0000
    3856  -2.8178  -2.6441  12.0073   0.0000   0.0000   0.0000
    3857  -2.7766  -2.9045  11.1393   0.0000   0.0000   0.0000
    3858  -1.7365  -2.5660  11.7766   0.0000   0.0000   0.0000
    3859  -2.2986  -2.6604  10.6677   0.0000   0.0000   0.0000
    3860  -2.4015  -2.4437  11.3941   0.0000   0.0000   0.0000
    3861  -2.5654  -1.9016  11.0678   0.0000   0.0000   0.0000
    3862  -2.9757  -1.9541  10.9062   0.0000   0.0000   0.0000
    3863  -3.2068  -1.3330  10.7935   0.0000   0.0000   0.0000
    3864  -3.0205  -1.3160  11.0732   0.0000   0.0000   0.0000
    3865  -2.5064  -1.3311  10.9147   0.0000   0.0000   0.0000
    3866  -2.5595  -2.0440  11.0342   0.0000   0.0000   0.0000
    3867  -2.2987  -2.3407  10.8115   0.0000   0.0000   0.0000
    3868  -1.8900  -1.3510  10.5695   0.0000   0.0000   0.0000
    3869  -2.0022  -2.1812  10.5730   0.0000   0.0000   0.0000
    3870  -1.0319  -2.5062  10.9424   0.0000   0.0000   0.0000
    3871  -2.4256  -2.4448  11.0964   0.0000   0.0000   0.0000
    3872  -1.4241  -1.9007  11.2617   0.0000   0.0000   0.0000
    3873  -1.6546  -1.6313  10.9797   0.0000   0.0000   0.0000
    3874  -1.0365  -2.0375  11.8736   0.0000   0.0000   0.0000
    3875  -2.4830  -1.5820  10.7596   0.0000   0.0000   0.0000
    3876  -2.0913  -0.8223  11.6630   0.0000   0.0000   0.0000
    3877  -1.2313  -2.0000  11.4964   0.0000   0.0000   0.0000
    3878  -1.8583  -3.1274  11.6572   0.0000   0.0000   0.0000
    3879  -1.7549  -1.3576  11.6282   0.0000   0.0000   0.0000
    3880  -2.4695  -1.1070  11.9248   0.0000   0.0000   0.0000
    3881  -1.2999  -2.0209  11.7557   0.0000   0.0000   0.0000
    3882  -1.9407  -2.5079  12.1380   0.0000   0.0000   0.0000
    3883  -1.8656  -3.2195  12.5986   0.0000   0.0000   0.0000
    3884  -1.6456  -2.7350  12.6776   0.0000   0.0000   0.0000
    3885  -1.4140  -3.1125  11.9712   0.0000   0.0000   0.0000
    3886  -1.6300  -3.5162  11.7696   0.0000   0.0000   0.0000
    3887  -2.2370  -2.5084  12.1433   0.0000   0.0000   0.0000
    3888  -2.0187  -1.8179  12.5541   0.0000   0.0000   0.0000
    3889  -2.1122  -2.9537  12.0872   0.0000   0.0000   0.0000
    3890  -1.3201  -2.3190  11.6445   0.0000   0.0000   0.0000
    3891  -1.4489  -2.4125  12.6203   0.0000   0.0000   0.0000
    3892  -2.4088  -3.1565  12.1084   0.0000   0.0000   0.0000
    3893  -2.9686  -2.7946  12.0159   0.0000   0.0000   0.0000
    3894  -2.0997  -2.4181  12.6490   0.0000   0.0000   0.0000
    3895  -2.4655  -2.5626  12.1861   0.0000   0.0000   0.0000
    3896  -1.9934  -1.9728  12.0763   0.0000   0.0000   0.0000
    3897  -1.5018  -2.6383  13.1831   0.0000   0.0000   0.0000
    3898  -2.4124  -3.2676  12.4972   0.0000   0.0000   0.0000
    3899  -1.6777  -2.4482  12.5273   0.0000   0.0000   0.0000
    3900  -1.3427  -2.0102  12.0253   0.0000   0.0000   0.0000
    3901  -1.7030  -2.3408  12.0448   0.0000   0.0000   0.0000
    3902  -1.8143  -1.7314  11.5300   0.0000   0.0000   0.0000
    3903  -1.1444  -1.6095  12.0696   0.0000   0.0000   0.0000
    3904  -1.2462  -2.6367  11.7922   0.0000   0.0000   0.0000
    3905  -1.5165  -2.0731  11.6361   0.0000   0.0000   0.0000
    3906  -2.1868  -2.4986  12.0906   0.0000   0.0000   0.0000
    3907  -2.4350  -2.8226  12.1874   0.0000   0.0000   0.0000
    3908  -1.9107  -2.9104  10.9013   0.0000   0.0000   0.0000
    3909  -2.3975  -2.3309  11.3909   0.0000   0.0000   0.0000
    3910  -2.1707  -2.1958  11.7551   0.0000   0.0000   0.0000
    3911  -2.6629  -3.5434  11.6937   0.0000   0.0000   0.0000
    3912  -2.3518  -3.1236  11.6749   0.0000   0.0000   0.0000
    3913  -3.4102  -2.3758  11.4528   0.0000   0.0000   0.0000
    3914  -2.7207  -2.4490  11.3226   0.0000   0.0000   0.0000
    3915  -2.6149  -2.4092  11.3478   0.0000   0.0000   0.0000
    3916  -2.8353  -2.7423  11.0095   0.0000   0.0000   0.0000
    3917  -2.1203  -2.5727  10.8249   0.0000   0.0000   0.0000
    3918  -2.8218  -2.5891  11.7747   0.0000   0.0000   0.0000
    3919  -1.9091  -2.4005  11.3595   0.0000   0.0000   0.0000
    3920  -2.3947  -2.8611  11.7182   0.0000   0.0000   0.0000
    3921  -3.1338  -3.2276  11.8521   0.0000   0.0000   0.0000
    3922  -2.7835  -2.9348  11.8337   0.0000   0.0000   0.0000
    3923  -2.4932  -2.9567  11.8992   0.0000   0.0000   0.0000
    3924  -1.2863  -3.3886  11.9058   0.0000   0.0000   0.0000
    3925  -2.4853  -2.9121  11.4454   0.0000   0.0000   0.0000
    3926  -2.4507  -2.7426  12.1649   0.0000   0.0000   0.0000
    3927  -3.0189  -2.9387  11.5847   0.0000   0.0000   0.0000
    3928  -2.6705  -3.1303  11.4083   0.0000   0.0000   0.0000
    3929  -3.0047  -1.2472  10.7060   0.0000   0.0000   0.0000
    3930  -2.5668  -1.7242  11.6806   0.0000   0.0000   0.0000
    3931  -2.8724  -2.6275  12.0842   0.0000   0.0000   0.0000
    3932  -3.9572  -1.6016  12.0138   0.0000   0.0000   0.0000
    3933  -2.8239  -1.0849  12.0272   0.0000   0.0000   0.0000
    3934  -3.3363  -1.2421  12.6948   0.0000   0.0000   0.0000
    3935  -3.7615  -1.6093  13.2136   0.0000   0.0000   0.0000
    3936  -3.3115  -1.3668  12.4584   0.0000   0.0000   0.0000
    3937  -3.4994  -1.8523  13.1323   0.0000   0.0000   0.0000
    3938  -3.4018  -1.5076  12.1228   0.0000   0.0000   0.0000
    3939  -3.4483  -1.9792  12.8584   0.0000   0.0000   0.0000
    3940  -3.7775  -1.1455  12.5929   0.0000   0.0000   0.0000
    3941  -3.7189  -1.7567  11.6515   0.0000   0.0000   0.0000
    3942  -4.1930  -1.6684  11.4260   0.0000   0.0000   0.0000
    3943  -3.5813  -1.0859  12.0886   0.0000   0.0000   0.0000
    3944  -3.9405  -1.4683  12.0743   0.0000   0.0000   0.0000
    3945  -3.6511  -1.2854  11.5332   0.0000   0.0000   0.0000
    3946  -3.5282  -1.5987  12.0636   0.0000   0.0000   0.0000
    3947  -2.9592  -1.3433  12.0414   0.0000   0.0000   0.0000
    3948  -3.2103  -1.3489  11.9700   0.0000   0.0000   0.0000
    3949  -2.8593  -1.4716  12.2683   0.0000   0.0000   0.0000
    3950  -2.7722  -0.7690  12.2478   0.0000   0.0000   0.0000
    3951  -3.2765  -1.2503  12.2143   0.0000   0.0000   0.0000
    3952  -2.8947  -1.9962  12.8738   0.0000   0.0000   0.0000
    3953  -3.1981  -1.3852  13.1258   0.0000   0.0000   0.0000
    3954  -3.6063  -1.5324  12.9032   0.0000   0.0000   0.0000
    3955  -3.6700  -1.2855  12.2450   0.0000   0.0000   0.0000
    3956  -2.5525  -1.4217  11.8586   0.0000   0.0000   0.0000
    3957  -2.4699  -1.5287  12.9949   0.0000   0.0000   0.0000
    3958  -4.9205  -1.4399  12.2035   0.0000   0.0000   0.0000
    3959  -3.5842  -1.3394  11.7478   0.0000   0.0000   0.0000
    3960  -3.2082  -2.5430  11.7873   0.0000   0.0000   0.0000
    3961  -3.1394  -1.8749  13.1495   0.0000   0.0000   0.0000
    3962  -2.2850  -1.6615  12.9912   0.0000   0.0000   0.0000
    3963  -2.9037  -2.3263  14.2951   0.0000   0.0000   0.0000
    3964  -2.8768  -2.1546  13.0492   0.0000   0.0000   0.0000
    3965  -2.7480  -1.8121  13.7444   0.0000   0.0000   0.0000
    3966  -3.8129  -2.1988  13.9740   0.0000   0.0000   0.0000
    3967  -3.2137  -1.9262  13.6425   0.0000   0.0000   0.0000
    3968  -2.9186  -1.3542  13.9882   0.0000   0.0000   0.0000
    3969  -3.2283  -2.0790  13.5528   0.0000   0.0000   0.0000
    3970  -4.1447  -2.8880  12.9476   0.0000   0.0000   0.0000
    3971  -4.0178  -2.9890  13.7051   0.0000   0.0000   0.0000
    3972  -3.4467  -2.2993  13.7474   0.0000   0.0000   0.0000
    3973  -3.4692  -2.3413  13.2001   0.0000   0.0000   0.0000
    3974  -4.7401  -1.5521  12.6669   0.0000   0.0000   0.0000
    3975  -3.7506  -2.6070  12.9217   0.0000   0.0000   0.0000
    3976  -3.4013  -1.8545  12.2065   0.0000   0.0000   0.0000
    3977  -3.6245  -2.3203  13.2019   0.0000   0.0000   0.0000
    3978  -3.0535  -2.1126  12.6004   0.0000   0.0000   0.0000
    3979  -3.5223  -2.2125  12.4690   0.0000   0.0000   0.0000
    3980  -3.8984  -2.4188  12.2796   0.0000   0.0000   0.0000
    3981  -3.9968  -2.4975  11.9829   0.0000   0.0000   0.0000
    3982  -4.8816  -1.9435  12.3960   0.0000   0.0000   0.0000
    3983  -4.4404  -2.6371  13.1870   0.0000   0.0000   0.0000
    3984  -4.1062  -2.5031  13.1801   0.0000   0.0000   0.0000
    3985  -3.8559  -2.2629  12.7488   0.0000   0.0000   0.0000
    3986  -3.7277  -3.0363  12.4613   0.0000   0.0000   0.0000
    3987  -4.1078  -2.8826  12.0050   0.0000   0.0000   0.0000
    3988  -4.2357  -2.4064  11.4103   0.0000   0.0000   0.0000
    3989  -4.6301  -2.5726  11.0440   0.0000   0.0000   0.0000
    3990  -3.7076  -2.9045  11.8030   0.0000   0.0000   0.0000
    3991  -4.7503  -2.2716  12.2122   0.0000   0.0000   0.0000
    3992  -4.1585  -2.2463  12.0523   0.0000   0.0000   0.0000
    3993  -4.0923  -2.7624  11.8084   0.0000   0.0000   0.0000
    3994  -4.4810  -2.0499  12.3891   0.0000   0.0000   0.0000
    3995  -4.7567  -2.5106  12.3700   0.0000   0.0000   0.0000
    3996  -5.0789  -3.0564  12.6067   0.0000   0.0000   0.0000
    3997  -4.5055  -3.1447  12.2903   0.0000   0.0000   0.0000
    3998  -3.7407  -2.7029  12.5233   0.0000   0.0000   0.0000
    3999  -4.6759  -2.5800  12.9375   0.0000   0.0000   0.0000
    4000  -3.7606  -3.0991  12.1260   0.0000   0.0000   0.0000
